Date,Close,High,Low,Open,Volume
2008-01-02,17.793062210083008,18.057679499283743,17.69741774269078,17.90145910414288,11216132
2008-01-03,17.684654235839844,17.888695469451484,17.665525607823266,17.815368428362568,10902668
2008-01-04,17.78668212890625,18.041734408950845,17.534818588527592,17.569888387929876,12302209
2008-01-07,18.33185386657715,18.49763789972653,17.85363166894202,17.860007880418188,20668195
2008-01-08,18.813261032104492,19.128887872746134,18.386049879307226,18.386049879307226,21974156
2008-01-09,19.141645431518555,19.22134871408013,18.762256387054713,18.778196283136268,20584410
2008-01-10,19.163965225219727,19.47640345036806,18.912101654548334,18.96311135626165,17637974
2008-01-11,19.393152236938477,19.47649486101083,19.072603486771854,19.130302618598595,16646103
2008-01-14,19.210439682006836,19.55342585991056,19.04375442941089,19.508549747282345,15686744
2008-01-15,19.127098083496094,19.25852290323772,18.832194076127404,18.95720802229194,16968320
2008-01-16,19.393152236938477,19.575864030599643,19.002083883096414,19.002083883096414,20114006
2008-01-17,19.152742385864258,19.482906827007202,19.06619368326901,19.482906827007202,17356190
2008-01-18,19.050167083740234,19.508550266300055,18.83539963904889,19.245700633947916,20703418
2008-01-22,18.428300857543945,19.152739644629094,17.771178143156327,18.040437336850452,25084827
2008-01-23,18.582162857055664,18.643066778095054,17.524353687463304,18.35136764260366,27695498
2008-01-24,18.290470123291016,19.245703126834684,18.168662238579056,18.64627810321372,16851188
2008-01-25,17.78400230407715,18.425097287160273,17.771180557328385,18.367399426790847,18792830
2008-01-28,18.091720581054688,18.14300754687974,17.68141975735966,17.774378020054396,17430805
2008-01-29,18.03082275390625,18.258411927206254,17.88978100176582,18.168658432464365,15406003
2008-01-30,17.93465805053711,18.27123333094999,17.646164953040355,18.200712456199923,19456440
2008-01-31,18.008384704589844,18.175069954243526,16.953781422289577,17.70065897203436,21681117
2008-02-01,18.447542190551758,18.492419593552334,17.90902100019245,18.17187071983982,18739683
2008-02-04,18.607810974121094,18.752057541185422,18.386632649767613,18.453947459542793,14834306
2008-02-05,18.380224227905273,18.652689577279297,18.34816985570668,18.59819650740449,13832847
2008-02-06,18.5052433013916,18.72001084011943,18.242393553950066,18.46998284509825,18790329
2008-02-07,18.62384033203125,18.646277754291667,18.357784596356982,18.492415501291095,15662776
2008-02-08,18.207130432128906,18.559733669166487,18.11096602877998,18.559733669166487,11887036
2008-02-11,18.059673309326172,18.386631667495138,17.925042422694013,18.239179034378804,9318883
2008-02-12,17.93465805053711,18.181479837888286,17.886575867620984,17.95389066884875,19028970
2008-02-13,18.11737060546875,18.194302356257143,17.92504186563482,18.104548859383037,9042101
2008-02-14,17.751956939697266,18.133409860533206,17.713491677183097,18.104560276510124,11477282
2008-02-15,17.806446075439453,17.950692689228102,17.665405536618714,17.719898616876115,13655481
2008-02-19,17.812854766845703,18.053265760347013,17.764772568145442,18.04685488547194,10854106
2008-02-20,17.82567596435547,17.854524261200094,17.508333230595493,17.74233332524482,12340350
2008-02-21,17.58526611328125,17.915430616464217,17.479484770545906,17.851320595933,22594206
2008-02-22,17.482685089111328,17.7455347042071,17.22304154764375,17.65898728180927,12895165
2008-02-25,17.78079605102539,17.79361779764491,17.46024856271489,17.556412936635457,8253439
2008-02-26,17.812854766845703,17.95389656264619,17.62693684691973,17.729513393469794,8633597
2008-02-27,17.482685089111328,17.806438634675807,17.431398105253088,17.66860295414564,10911213
2008-02-28,17.38011360168457,17.501922763210082,17.25189484006623,17.392936624693338,10399958
2008-02-29,17.165348052978516,17.348059890816618,17.06277278492081,17.348059890816618,11230513
2008-03-03,17.062763214111328,17.11405018223519,16.931338446883373,17.107639311219707,11778241
2008-03-04,17.065969467163086,17.15572294330402,16.93775076165053,16.93775076165053,12527303
2008-03-05,16.982637405395508,17.12047314095622,16.78710378995855,17.02110393292094,10798875
2008-03-06,16.697338104248047,16.982625043886937,16.684516362497277,16.9345428751847,12585661
2008-03-07,16.360769271850586,16.722988076820638,16.30627621112786,16.722988076820638,14591288
2008-03-10,16.219736099243164,16.408860149297162,16.133188625870048,16.408860149297162,11292622
2008-03-11,16.303070068359375,16.559508824618018,16.129973939741646,16.267809627874822,17050021
2008-03-12,16.456937789916992,16.597978313687168,16.3479516410322,16.36718426596343,10652564
2008-03-13,16.844799041748047,16.985840830211952,16.39603272673877,16.428087099446746,17263652
2008-03-14,16.469755172729492,16.989042279550308,16.3319194858593,16.989042279550308,14712797
2008-03-17,16.848005294799805,16.985841010317213,16.056251449185194,16.110744520503758,15261776
2008-03-18,17.251895904541016,17.274334603347906,16.899292695491337,17.133292810018254,12747603
2008-03-19,17.434602737426758,17.80643846392985,17.261507894290908,17.299973131815744,14862860
2008-03-20,17.84170150756836,17.880168024984577,17.447428305403477,17.527564865752996,25449145
2008-03-24,17.767974853515625,17.915427492745376,17.604495667653257,17.883371850931752,11847853
2008-03-25,17.479476928710938,17.91862737778838,17.441011698213554,17.739120420252895,12756565
2008-03-26,17.319204330444336,17.424985636374945,17.2422725874288,17.277533022739004,12005836
2008-03-27,17.165348052978516,17.4249916604285,17.120470656423908,17.392937287371225,10788662
2008-03-28,17.011486053466797,17.376911036492093,16.973020802316572,17.21663660815041,10103793
2008-03-31,17.678224563598633,17.75836113415116,17.187785642587567,17.248690863394852,20083785
2008-04-01,17.703861236572266,17.758354287422108,17.373696858235473,17.694245565406963,15207378
2008-04-02,17.405752182006836,17.748738298608245,17.351259132132252,17.726299609167558,10671321
2008-04-03,17.479476928710938,17.684627373244677,17.34484734769625,17.34484734769625,7391622
2008-04-04,17.578847885131836,17.6589857016506,17.386519164325172,17.473067853252562,6138599
2008-04-07,17.588468551635742,17.72630424899058,17.479482423359684,17.67181118485255,5576907
2008-04-08,17.309589385986328,17.582054659907755,17.283944621054754,17.469862476869974,9174448
2008-04-09,17.267919540405273,17.418576972201226,17.155727347856487,17.283946086287855,17835348
2008-04-10,17.280742645263672,17.40255052006252,17.171756517888465,17.32561876124642,8805752
2008-04-11,17.03871726989746,17.36464737570785,17.03871726989746,17.36464737570785,14015215
2008-04-14,16.93222427368164,17.070986604362872,16.8612292945329,17.067758976746628,12708629
2008-04-15,16.751501083374023,17.067749401669644,16.63532836265728,16.909625242521834,16660900
2008-04-16,16.570796966552734,17.045171000925002,16.477213723882805,16.95804044791415,27555440
2008-04-17,16.435260772705078,16.732147329337703,16.393309313834322,16.63533646776531,29667153
2008-04-18,16.367494583129883,16.625656043677562,16.293271976594628,16.55143471998317,28168404
2008-04-21,16.306182861328125,16.40622137538683,16.16419416071055,16.312636834863422,21658816
2008-04-22,16.302946090698242,16.370713410904056,16.21258923614373,16.312626403390347,18677782
2008-04-23,16.315860748291016,16.42557955625157,16.283590887961676,16.396536040534766,24663610
2008-04-24,16.27713966369629,16.457853477729117,16.25455011623193,16.306181901475014,23896832
2008-04-25,16.548206329345703,16.6353368766067,16.35781222889976,16.386855744653428,17939350
2008-04-28,16.654695510864258,16.848317200612648,16.45784747713502,16.69019299169687,17441851
2008-04-29,17.258153915405273,17.36464638132697,17.09357569948697,17.20652085478968,33503335
2008-04-30,17.022579193115234,17.361417194268164,16.97094613713769,17.329147336057645,18378699
2008-05-01,17.28719711303711,17.40982386583169,16.94190511559287,16.96772100400419,24907253
2008-05-02,17.15811538696289,17.52277058954253,17.10325598176787,17.416278123836463,13741976
2008-05-05,17.10324478149414,17.219417488015807,17.00966160433057,17.183921305533065,7877032
2008-05-06,16.96771812438965,17.290420523287317,16.728917348589718,17.290420523287317,10995623
2008-05-07,16.551429748535156,16.999986466418495,16.544975778102046,16.945127076316815,13808253
2008-05-08,16.548206329345703,16.912861524313637,16.467531036999564,16.645017193297388,9808670
2008-05-09,16.709556579589844,16.78377789267817,16.29649727546616,16.532070440470598,13753647
2008-05-12,17.032258987426758,17.06775518627714,16.770868673673437,16.783776615590043,16798666
2008-05-13,17.55504035949707,17.74866209043738,17.109709865198028,17.109709865198028,28475823
2008-05-14,17.693798065185547,17.813198443510874,17.555035775390284,17.600213568820134,15325969
2008-05-15,17.706710815429688,17.803521681914344,17.513089082460375,17.738980676644296,15070654
2008-05-16,17.65508270263672,17.74866596100714,17.590541683968116,17.709942119510643,9899958
2008-05-19,17.764795303344727,17.81642707389096,17.60021582762698,17.645394909695586,8583576
2008-05-20,17.64539909362793,17.8454748176162,17.57440410945246,17.780933806289323,10568362
2008-05-21,17.542125701904297,17.893871540789878,17.506628227104418,17.709931479925416,10732805
2008-05-22,17.700258255004883,17.732528118793418,17.4259612057,17.506636506591803,9997916
2008-05-23,17.50985336303711,17.677657834351898,17.471128267472043,17.651841959201953,9536890
2008-05-27,17.616350173950195,17.73897690332216,17.509859013173696,17.519539328058524,9119425
2008-05-28,17.458232879638672,17.693806116822635,17.345286420406588,17.693806116822635,9727178
2008-05-29,18.05845832824707,18.184312721947556,17.484047052735907,17.484047052735907,15638183
2008-05-30,18.184314727783203,18.28435324135153,18.003600903998606,18.077822240711217,13974990
2008-06-02,17.96809959411621,18.135905435272377,17.832564896469034,18.019732654026114,12901626
2008-06-03,17.984237670898438,18.406978677318943,17.900334738633497,18.055232657098152,15108795
2008-06-04,18.071367263793945,18.103638412361462,17.816432117452027,17.984237984911875,12536682
2008-06-05,17.984237670898438,18.071366948259186,17.81643180636856,17.81643180636856,10091705
2008-06-06,17.67121696472168,17.95196930503136,17.651855044006798,17.93583372968174,12369112
2008-06-09,17.677663803100586,17.839015642947437,17.535675158994195,17.82288007411058,7176949
2008-06-10,17.500185012817383,17.661536920298182,17.41628207224101,17.587314298809165,8776990
2008-06-11,17.26460838317871,17.580856879649016,17.135527652195925,17.425960259037844,10951021
2008-06-12,17.40336799621582,17.458227394528887,17.27105965827235,17.345280970782852,8819925
2008-06-13,17.461463928222656,17.53568527859126,17.358197767482004,17.484052198220933,7725511
2008-06-16,17.532451629638672,17.56794911967161,17.219429474658096,17.313013999806916,10562318
2008-06-17,17.28719711303711,17.826110839247868,17.28396948556529,17.58731002292073,12349312
2008-06-18,17.138751983642578,17.38077912757925,17.103254498153103,17.21297329902563,10496040
2008-06-19,17.471139907836914,17.558270468780023,17.10325831048391,17.138755803885804,11890788
2008-06-20,17.216197967529297,17.529220028649572,17.132295067671873,17.303327211236354,13924760
2008-06-23,17.519540786743164,17.596989726473044,17.222654253479178,17.25492411051635,12855773
2008-06-24,17.34528350830078,17.519543327252265,17.22911072328008,17.422732459261535,12797832
2008-06-25,17.2742862701416,17.425956513368487,17.138750313043996,17.374323462369258,15658816
2008-06-26,17.01935386657715,17.380781458756154,16.98063003148978,17.380781458756154,13405377
2008-06-27,17.10324478149414,17.216191145444643,16.96125620304321,17.003207636348254,15937266
2008-06-30,17.09357452392578,17.26460670030369,16.97417412177181,17.09357452392578,17982910
2008-07-01,17.49373435974121,17.516323913301434,16.983863928670445,17.006452199389305,16509587
2008-07-02,17.50341033935547,17.72930325324754,17.458232526281684,17.542135461974045,10997916
2008-07-03,17.66798973083496,17.803524451864227,17.51631943526753,17.732529463305546,16898291
2008-07-07,17.487268447875977,17.74865745988186,17.332370590399645,17.706706010267037,13909337
2008-07-08,18.513465881347656,18.516692225524142,17.529221804496853,17.58408120106278,32350354
2008-07-09,18.365022659301758,18.690952706608318,18.28434737496949,18.345660745002892,17550438
2008-07-10,18.507017135620117,18.555422578015037,18.206904162476263,18.365028436587522,15486870
2008-07-11,18.325159072875977,18.455056484805336,18.045881315455635,18.448561743303312,15666111
2008-07-14,18.256956100463867,18.620666638121676,18.188760697389007,18.461543600632364,12992288
2008-07-15,18.786291122436523,18.877218789318448,18.156293486345835,18.318663305750118,26424760
2008-07-16,18.500520706176758,18.99737555896097,18.380366045277583,18.932426849377322,25375782
2008-07-17,18.672622680664062,18.82849897862178,17.886749034593453,18.542726626328488,20353689
2008-07-18,18.6986083984375,18.948659118530294,18.610927471063146,18.75706105907624,22540434
2008-07-21,18.438819885253906,18.82850955816702,18.211501339702757,18.610932479871998,16922051
2008-07-22,18.73433494567871,19.07206538929866,18.34464527714712,18.34464527714712,25117549
2008-07-23,18.50702476501465,18.831767185473154,18.448572058812637,18.783055951498895,16933931
2008-07-24,18.497264862060547,18.718088558462462,18.344636567083473,18.477779355130124,16197582
2008-07-25,18.646656036376953,18.675883022904312,18.455059197488048,18.601192839180218,10685286
2008-07-28,18.25371742248535,18.568715621428744,18.20825293976612,18.568715621428744,12824719
2008-07-29,18.166038513183594,18.53949201108916,18.075110828479552,18.48428605512006,18965611
2008-07-30,18.461549758911133,18.734332753147594,18.110828581900776,18.217993744582927,19925177
2008-07-31,18.295936584472656,18.727842779216644,18.224493124499073,18.37712151293239,16797416
2008-08-01,18.208255767822266,18.54598755152532,18.130317564587354,18.295936730565796,12198416
2008-08-04,18.59469223022461,18.792783749073664,18.162786183868196,18.208249366721606,16500625
2008-08-05,19.065567016601562,19.075309772837183,18.581703039431975,18.666134666048972,19496665
2008-08-06,19.088302612304688,19.205209252979813,18.94541571407828,18.97789071328127,14855356
2008-08-07,18.951915740966797,19.153255370207347,18.835009067689196,19.046091457596557,10640892
2008-08-08,19.16948699951172,19.221446222236192,18.883714501888218,18.883714501888218,15915590
2008-08-11,19.127275466918945,19.21495643582516,18.98114180968669,19.182481429143703,10456649
2008-08-12,19.120771408081055,19.257163529614086,19.003864797441416,19.003864797441416,10556482
2008-08-13,18.981136322021484,19.240929845640004,18.88046718686997,19.13376467827446,10503335
2008-08-14,19.062328338623047,19.257173218031635,18.711607039309666,18.886967688966358,11021467
2008-08-15,19.361082077026367,19.426029481609696,18.925928011596874,19.05582411170777,11544602
2008-08-18,19.146760940551758,19.400059812592055,19.023359521788727,19.400059812592055,9091913
2008-08-19,19.114269256591797,19.31885671409104,19.000609414542925,19.04607386773993,7046686
2008-08-20,18.94541358947754,19.15000115592424,18.796033257295903,19.04933073519565,9884118
2008-08-21,18.84798812866211,18.880463118957735,18.67587558568294,18.818762444717812,7952897
2008-08-22,18.990877151489258,19.13376273586018,18.83824881073075,18.88046527016985,7083160
2008-08-25,18.757061004638672,18.97463802374515,18.610927417049695,18.955153803588782,9139433
2008-08-26,18.695363998413086,18.828508132032884,18.54273564081233,18.78304494274399,5438099
2008-08-27,18.74407386779785,18.838249546743093,18.60768301870843,18.692115940885433,6652980
2008-08-28,19.07855224609375,19.117521971407857,18.75705814423618,18.82200682579705,8403918
2008-08-29,18.649904251098633,19.10129466588127,18.649904251098633,18.98763473526566,8286578
2008-09-02,19.16299057006836,19.270155731341703,18.688868029616415,18.873971372639065,16227386
2008-09-03,18.812265396118164,19.257162153356568,18.75381274044787,19.094791083495426,12567945
2008-09-04,18.370628356933594,18.731091122836563,18.331658606789222,18.679133177237105,16498124
2008-09-05,18.513507843017578,18.57196180332733,18.172529420080856,18.25371561950488,12934139
2008-09-08,18.971397399902344,19.107788275800843,18.617428143985627,18.886964461129153,14039391
2008-09-09,18.6661319732666,19.146749156319817,18.6434010302364,19.013606349620428,14741142
2008-09-10,18.802532196044922,19.039593520034394,18.56222285539646,18.666140024314963,13577741
2008-09-11,19.260408401489258,19.299378128583427,18.737574782949256,18.78628597360896,17807837
2008-09-12,19.1889705657959,19.257167285334877,18.87397238782199,19.159744875644215,13680283
2008-09-15,18.990877151489258,19.312371330004165,18.83175407012045,18.91293897322136,16234264
2008-09-16,19.422788619995117,19.46825181692739,18.67263489758331,18.67263489758331,25385577
2008-09-17,18.59144401550293,19.344844222275686,18.347888025463824,19.231184329942696,22637349
2008-09-18,18.860979080200195,19.175978506794895,18.3965993339877,18.75381521850574,21911630
2008-09-19,19.065567016601562,19.35133947183029,18.753815599336836,19.156494674671805,22835140
2008-09-22,18.555727005004883,19.13052006186533,18.48103682669882,18.95191142990143,11110671
2008-09-23,19.000619888305664,19.21819694067002,18.662889481138855,18.662889481138855,19099000
2008-09-24,19.111038208007812,19.227944869202886,18.94217231353454,19.0136157751878,15004377
2008-09-25,19.266910552978516,19.396807972006286,19.055828215266782,19.12402494118139,13849521
2008-09-26,19.289630889892578,19.3513315449257,19.059064468909618,19.117518400490322,12688829
2008-09-29,18.64015007019043,19.380560591987756,18.321904008603795,19.12076717731532,22588995
2008-09-30,18.6986083984375,19.14350390254775,18.523247834632954,19.111030202192893,26130888
2008-10-01,18.929183959960938,18.99737940882425,18.510267215593743,18.594700167879665,16503752
2008-10-02,19.127275466918945,19.461759257313535,18.786296933377017,18.79603969357041,25022718
2008-10-03,19.000619888305664,19.40330028780998,18.93891920290713,19.31561934728757,20423301
2008-10-06,18.31542205810547,19.081812069189596,17.724392692090554,18.70511180672826,26748854
2008-10-07,18.146556854248047,18.91294689481659,18.091350890465595,18.474545910749864,25050229
2008-10-08,17.9549503326416,18.474535974357874,17.16258045397613,17.834795709232676,31386619
2008-10-09,16.318256378173828,18.091345286107785,16.31500965298671,17.97443865142776,28418508
2008-10-10,16.174335479736328,17.08363023905533,14.964121701960492,15.690250228677861,42168195
2008-10-13,17.731266021728516,17.976579557713585,16.700949170591226,17.25372216497626,24680283
2008-10-14,17.917694091796875,18.69615537803168,17.250441374987158,18.503176107619726,29475823
2008-10-15,17.623329162597656,18.349458075886215,17.40418203694327,18.349458075886215,30019175
2008-10-16,18.113950729370117,18.316743122235135,16.697674132287542,17.67238645938441,36406836
2008-10-17,18.140117645263672,19.04941256949254,17.25044623851392,17.83265696631921,30024177
2008-10-20,18.823732376098633,18.967650371392523,18.11068790926301,18.290584103120214,19806378
2008-10-21,18.313472747802734,18.92184991904084,18.241513780161565,18.87932882909466,16692580
2008-10-22,17.61678123474121,18.234971440427188,17.188300199584578,17.98311636407506,22948312
2008-10-23,17.996198654174805,18.39197163975092,17.24717506933999,17.724718774138495,27764277
2008-10-24,17.760698318481445,18.182637727683193,16.746735155235164,16.972423797390473,20906211
2008-10-27,17.391094207763672,18.04853541034911,17.296240263760712,17.551365516766396,18434348
2008-10-28,17.989656448364258,18.09432343356978,17.047652281255086,17.74761445140756,27886828
2008-10-29,17.71817398071289,18.15319652118313,17.325672518650073,17.966757546547736,21084410
2008-10-30,17.845745086669922,18.31674600866939,17.39763783960515,18.18591256369841,16949979
2008-10-31,18.038721084594727,18.316742590878405,17.669115793842376,17.78359454923352,17948520
2008-11-03,18.316747665405273,18.401789867419357,17.90789262529289,18.02891302022682,13335140
2008-11-04,18.45084571838379,18.64382632820962,18.17609439098028,18.62420151202211,14427678
2008-11-05,18.048538208007812,18.774665740995705,17.934058126577874,18.270955463119794,19175907
2008-11-06,17.577531814575195,18.293847417219034,17.456510154250715,17.90461601247585,18032930
2008-11-07,18.08778953552246,18.228436059987832,17.52193328374271,17.662579808208083,13693622
2008-11-10,18.113950729370117,18.604577696020904,18.08778430455131,18.316743122235135,15453939
2008-11-11,18.045263290405273,18.47047419680728,17.796679653056074,17.901346653033574,14284494
2008-11-12,17.82611656188965,18.359264631152694,17.708366347261542,18.045263625391186,15492080
2008-11-13,18.689620971679688,18.745225277806473,17.521929242757537,17.88172150586973,23420592
2008-11-14,18.009286880493164,18.751769066568546,17.970037236398372,18.411601583634123,16764068
2008-11-17,18.094331741333008,18.548979370230242,17.692016978936724,17.767247424921916,16899541
2008-11-18,18.503185272216797,18.60458083563046,17.826119163824877,18.24805868640074,23398499
2008-11-19,17.832660675048828,18.73214402760728,17.79995263868192,18.48028889693249,21407878
2008-11-20,16.468713760375977,17.79667789823922,16.190690972005722,17.74761520620441,35685077
2008-11-21,16.85140609741211,16.91028186144127,15.788381293293055,16.56030133145857,36999166
2008-11-24,16.6093692779541,16.992057964170893,16.481805949128432,16.992057964170893,30187578
2008-11-25,16.753276824951172,17.09017406302185,16.436004403608404,16.8121525753944,32971655
2008-11-26,16.802339553833008,16.841590487634605,16.223400307659933,16.494880190308137,17021676
2008-11-28,17.135971069335938,17.22755487153317,16.517780729569573,16.697676880193498,7098166
2008-12-01,16.403295516967773,16.95933976337162,16.357504280333295,16.7140263164669,16918091
2008-12-02,16.99859046936035,17.050924614796134,16.507963544535293,16.65515162198281,16167987
2008-12-03,17.384557723999023,17.49249621301593,16.736930690677802,16.736930690677802,16493747
2008-12-04,17.01821517944336,17.469592467552,16.864485497314085,17.13269522793689,14828262
2008-12-05,17.253713607788086,17.400901656379432,16.498148551737692,16.85794069256592,17290955
2008-12-08,17.30931854248047,17.57752823223747,17.24717264856298,17.56444502301898,17954148
2008-12-09,16.99859046936035,17.669114800127605,16.8448607862658,17.31586289414976,17314714
2008-12-10,16.85140609741211,17.17195004564003,16.7336558696136,16.952802957626815,13961442
2008-12-11,16.69113540649414,17.028032735083805,16.612634818231136,16.851406736557013,16824719
2008-12-12,16.599544525146484,16.609357582092297,16.138355553619952,16.37058576558407,17198833
2008-12-15,16.890655517578125,17.018217494375897,16.53086195927086,16.648612176454787,14938308
2008-12-16,17.3878231048584,17.47940689075149,16.900466297738074,17.018216508097876,20119842
2008-12-17,17.028030395507812,17.342031405157616,16.96261303090006,17.211197976201785,15693414
2008-12-18,17.00513458251953,17.36819960063387,16.779447204028624,17.12288610204835,19165486
2008-12-19,17.096723556518555,17.417267578668557,17.054202450527026,17.335495520852483,26760734
2008-12-22,17.24063491821289,17.302780826095603,16.85794511140832,17.135967920685225,16605877
2008-12-23,17.15886116027832,17.427070883240656,17.13269473860184,17.38454979788664,14558358
2008-12-24,17.22101593017578,17.309328292273793,17.11307744293595,17.204661259310946,4198208
2008-12-26,17.175216674804688,17.312592995930686,17.070549682654164,17.273342061212027,4030013
2008-12-29,17.064008712768555,17.391092912894667,16.86121632665402,17.391092912894667,9389537
2008-12-30,17.3878231048584,17.420531135441784,17.158862989995857,17.171947502488823,10662151
2008-12-31,17.45651626586914,17.577537968563956,17.35839084211876,17.417266616473,11788454
2009-01-02,17.51865577697754,17.613511011995314,17.129425678800654,17.50884401835265,13163193
2009-01-05,17.21773338317871,17.492484655292074,17.031295716526362,17.400900897920952,13093372
2009-01-06,16.655153274536133,17.407448400665093,16.373860303024784,17.286426733797725,29167570
2009-01-07,16.563566207885742,16.805609493715497,16.43600295996947,16.475253890237227,22917674
2009-01-08,16.74673080444336,16.949523124355377,16.5831881076398,16.5831881076398,18202168
2009-01-09,16.736928939819336,17.047658557041085,16.651886739234456,16.74019909354802,14017716
2009-01-12,16.373865127563477,16.78599294694911,16.190697496783205,16.78599294694911,24832847
2009-01-13,16.492460250854492,16.60118053023436,16.195951826739677,16.304672106119543,17532305
2009-01-14,16.29808235168457,16.456219384643486,16.146532997518012,16.433158579837155,16723426
2009-01-15,16.215723037719727,16.3442103170713,15.869796452369073,16.30797021445844,21325552
2009-01-16,16.446346282958984,16.588011583360863,16.25526288496758,16.32774311067981,26773239
2009-01-20,16.209136962890625,16.848278324525083,16.18936998782198,16.617660996034246,20162359
2009-01-21,17.23703384399414,17.2963360780908,16.383748299264493,16.57153652444006,28385160
2009-01-22,17.464353561401367,17.53353861313872,16.93393264861827,17.01629568071721,25371613
2009-01-23,17.39846420288086,17.487417544312304,17.13160679794286,17.28315489791928,17841392
2009-01-26,17.80698585510254,17.951946265561304,17.24691511381576,17.510477353358443,23680700
2009-01-27,17.918994903564453,18.05736628413768,17.599425680843375,17.764151706256545,22438308
2009-01-28,18.106786727905273,18.162793793437977,17.760860195630027,18.024423704399037,29094831
2009-01-29,18.255041122436523,18.278103240712547,17.88275862879401,17.984888621711416,29034806
2009-01-30,18.264917373657227,18.393403269300077,18.027709923140566,18.126546033436505,25721134
2009-02-02,18.307758331298828,18.396711680502012,17.497301904513428,17.737803366933594,20108170
2009-02-03,18.77228546142578,18.907361722263673,18.23856940813864,18.413180919041142,31642768
2009-02-04,18.419776916503906,18.87771779374657,18.370358817381625,18.828299694624288,23438724
2009-02-05,18.62403106689453,18.680038136819412,18.152911077943134,18.39670763735096,17555023
2009-02-06,18.828290939331055,18.85794204695214,18.571316419518826,18.60755651664706,21686536
2009-02-09,18.86124038696289,18.897480492737632,18.54166973574763,18.84476725442577,23365777
2009-02-10,18.38023567199707,18.86123852159936,18.241865563340227,18.80193760775132,23895373
2009-02-11,18.350584030151367,18.52519554563301,18.215509075449177,18.48236645425201,16173406
2009-02-12,18.492252349853516,18.492252349853516,17.975010636947303,18.212216944160453,14070654
2009-02-13,18.100208282470703,18.54826506774243,18.037612190980013,18.472490989588298,15131513
2009-02-17,17.767454147338867,18.04419571238491,17.57307562880197,17.981599639876563,16305127
2009-02-18,17.856403350830078,17.942061534248612,17.66861516311271,17.84322537025462,13083785
2009-02-19,17.942060470581055,18.05407460850992,17.671907955765572,17.671907955765572,14768862
2009-02-20,17.800395965576172,18.00795243018549,17.658730712363692,17.790513135157365,18687995
2009-02-23,17.592838287353516,17.95194278408877,17.55000920254013,17.6060162658072,14229054
2009-02-24,18.034311294555664,18.096907366106063,17.665322546807793,17.727919928036435,18518758
2009-02-25,17.665321350097656,18.047488054421763,17.553307197050618,17.984891987111837,19330763
2009-02-26,16.663782119750977,17.8201650963997,16.65060413780967,17.67849982601338,27793664
2009-02-27,15.596354484558105,16.360688076720272,15.563409522716105,16.251967738123966,40436640
2009-03-02,15.49751091003418,15.616114025869603,14.953912095250468,15.382201633975324,33721134
2009-03-03,15.0955810546875,15.675420108218006,15.09228590441966,15.599646058517475,27979783
2009-03-04,15.543634414672852,15.767662657365314,15.000035625406989,15.319604862302608,24659233
2009-03-05,15.168062210083008,15.56011177443752,15.039574915828283,15.286665362595738,20373281
2009-03-06,15.448095321655273,15.566698456574661,15.158175819808962,15.2668961241306,21175490
2009-03-09,15.369028091430664,15.589762568572933,15.194417861895781,15.303138180103288,20769070
2009-03-10,15.477749824523926,15.6260041030804,15.266899469645162,15.583175001963307,24025636
2009-03-11,14.650815963745117,15.583170464734765,14.634342834364634,15.583170464734765,30730096
2009-03-12,15.369028091430664,15.576584586307456,14.52892058974172,14.614578784145532,27235098
2009-03-13,15.434914588928223,15.543634873864333,15.158173117009069,15.464565694790599,27657566
2009-03-16,15.764365196228027,15.948859478334441,15.56998808702731,15.57657707498271,24044810
2009-03-17,16.18936538696289,16.199249526527403,15.734719850876576,15.787431769412747,22476032
2009-03-18,16.02134895324707,16.32774165485474,15.925807917609294,16.113596147834414,17961025
2009-03-19,15.658950805664062,16.139953804283927,15.487635691794985,16.136659962888736,19328887
2009-03-20,15.662235260009766,15.892852458274124,15.573281957914123,15.813783292970529,19830763
2009-03-23,16.064180374145508,16.064180374145508,15.731431657375657,15.90604192925419,14928095
2009-03-24,15.306429862976074,16.1168861354729,15.20100471003657,15.932393100087294,32116715
2009-03-25,15.164762496948242,15.484333061198326,14.838602943412022,15.44479912548151,41004168
2009-03-26,15.303136825561523,15.30643066599723,14.7430647707837,15.299841675447711,34872238
2009-03-27,15.352559089660645,15.523874200271317,15.112057594925036,15.168064684684413,22966861
2009-03-30,15.777549743652344,15.853325101217067,15.369027081553178,15.382205062952746,29511463
2009-03-31,15.714957237243652,16.07735704654266,15.69189641940926,15.899451637989385,21521259
2009-04-01,15.385497093200684,15.527162329035729,15.154879846117575,15.523867179514975,25387453
2009-04-02,14.950615882873535,15.642470180361057,14.940733054568618,15.642470180361057,36582534
2009-04-03,14.535504341125488,15.204296522599268,14.420196383029603,15.006624240517466,29112964
2009-04-06,14.285122871398926,14.601398321069079,14.087450551645329,14.449848931408257,35521676
2009-04-07,14.140161514282227,14.390547046865557,14.041325361097897,14.202757570008583,27135473
2009-04-08,14.38725471496582,14.660702419427269,14.18958236988332,14.258767428726562,32478116
2009-04-09,14.505860328674316,14.64752562073713,14.120399714037356,14.64752562073713,31234681
2009-04-13,14.755212783813477,14.971321528431424,14.569026991786505,14.58232578811912,20969362
2009-04-14,14.8649263381958,14.931420304212072,14.682064627438871,14.805080447096284,28324510
2009-04-15,14.183356285095215,14.698691900396641,13.924027119205034,14.432712014807976,55736974
2009-04-16,14.193324089050293,14.329638664065037,14.05036011928004,14.296390368602973,30307003
2009-04-17,14.59229850769043,14.672092596224196,14.183354630008008,14.256499321304377,32104210
2009-04-20,14.658793449401855,14.775158559101781,14.53910165863569,14.602272913400041,25768237
2009-04-21,14.7518892288208,14.938073705261688,14.585651625847076,14.705342118446657,19551897
2009-04-22,14.13016414642334,14.67542150945997,14.080292989732195,14.67209747057946,28798875
2009-04-23,14.41609001159668,14.442687605183153,13.96724967224143,14.153434149031963,22041892
2009-04-24,14.326319694519043,14.595623606421814,14.25650035760871,14.485907883187032,19403085
2009-04-27,14.349595069885254,14.582326663039973,14.24985276972105,14.296398559677888,16169654
2009-04-28,14.299721717834473,14.432710990346395,14.263149370514556,14.31302051291716,14471863
2009-04-29,14.170059204101562,14.356245014379585,14.093590456850512,14.339620856491624,16898291
2009-04-30,13.914048194885254,14.319666638979609,13.754460046982496,14.296393092059464,35132555
2009-05-01,13.804340362548828,13.977227417524414,13.721222196127016,13.943980415292817,18498124
2009-05-04,14.356241226196289,14.386164173824719,13.997168498025054,14.086937340910346,24357232
2009-05-05,14.53911018371582,14.628879079426884,14.339625511049999,14.362899075310544,19547937
2009-05-06,14.273120880126953,14.628868193543854,14.09025918513362,14.505852384491023,20822426
2009-05-07,14.835014343261719,14.88156015383137,14.296404890840671,14.376199030645921,26699041
2009-05-08,14.93807315826416,15.1275843094855,14.844981584295128,15.011217859496437,20278033
2009-05-11,14.918130874633789,15.104316739711901,14.801765700224248,14.948053838965219,13486661
2009-05-12,15.097662925720215,15.237302944553305,14.934750671819375,14.981296463640193,19091288
2009-05-13,15.127584457397461,15.396888388939695,14.974645655296882,15.01121800627061,16314298
2009-05-14,14.838335990905762,15.147537737168747,14.83501195152962,15.117614774355292,20020217
2009-05-15,14.402786254882812,14.844977043563187,14.382836744877787,14.81172874134466,33178825
2009-05-18,14.362893104553223,14.572352452452884,14.256501411471623,14.492558352220385,21061901
2009-05-19,14.256503105163574,14.47926127595176,14.213281350806383,14.376193608889121,16563568
2009-05-20,14.32299518585205,14.565701498896601,14.29639627415802,14.37286632796141,20836599
2009-05-21,14.402786254882812,14.43935727262755,14.229899312737757,14.299718632701023,13163818
2009-05-22,14.608924865722656,14.811733494589168,14.402790876893237,14.475934257539986,15513756
2009-05-26,14.818382263183594,14.931423350156008,14.512505992056727,14.70866653603279,15573572
2009-05-27,14.758533477783203,14.874898569746987,14.721961138588378,14.795105816978026,12402251
2009-05-28,14.828356742858887,14.924773672285252,14.685392706913841,14.702016862339816,12396207
2009-05-29,14.981295585632324,15.001245102643098,14.652147058547918,14.858281053615581,15190288
2009-06-01,14.954704284667969,15.100993755316305,14.848312543144543,15.061096026191397,14323677
2009-06-02,15.011223793029785,15.137565051011709,14.881558495506228,14.901508019498854,11403293
2009-06-03,15.00124454498291,15.11428563597729,14.85495514133005,14.954697435935111,16699875
2009-06-04,14.878223419189453,15.061083787217648,14.745234180776649,15.021187412199222,16699041
2009-06-05,14.954704284667969,15.047797223711692,14.745246163083939,14.93143071948559,14827011
2009-06-08,14.87157917022705,14.981294900341368,14.718640369690041,14.841656217764898,12509170
2009-06-09,14.745240211486816,14.944724811536323,14.745240211486816,14.934750052859743,9975198
2009-06-10,14.678740501403809,14.861600889372422,14.595621061857733,14.82835390656491,20868904
2009-06-11,14.815062522888184,14.991273602423611,14.69204664244925,14.698696042336312,19195498
2009-06-12,15.100985527038574,15.29382070129317,14.785134514347325,14.785134514347325,21434348
2009-06-15,14.87157917022705,15.17745544961589,14.821708023351857,15.17745544961589,19175698
2009-06-16,14.87157917022705,15.034491407127991,14.702017535188428,14.86160441217794,16300750
2009-06-17,15.267224311828613,15.36696661424523,14.87822986107792,14.88487925979334,18319717
2009-06-18,15.845725059509277,15.932168537923982,15.317090754856215,15.317090754856215,31473947
2009-06-19,15.81913948059082,16.045221782403765,15.712747731403208,15.905583024621862,30234056
2009-06-22,15.529869079589844,15.745977705879495,15.486648676016374,15.686133155150065,19041892
2009-06-23,15.579748153686523,15.692790561703145,15.39356369023093,15.593048271212407,13477491
2009-06-24,15.622964859008789,15.70275892998645,15.483326226061415,15.692785497167186,12463943
2009-06-25,15.965423583984375,16.08179006702965,15.499960295174388,15.549831456238712,16172363
2009-06-26,15.769261360168457,16.00199296117714,15.722714246955535,15.918874815463749,17072530
2009-06-29,15.89892292022705,15.905572317469733,15.509927233947545,15.822452869408686,14043143
2009-06-30,15.639595031738281,15.842404985167123,15.380264531619806,15.70276497676286,29462068
2009-07-01,15.506601333618164,15.656214736135475,15.470028992333729,15.626291791295044,17754273
2009-07-02,15.386911392211914,15.50660185390472,15.210699076321372,15.393560788879022,15738224
2009-07-06,15.29382038116455,15.40353610038616,15.170804545302849,15.170804545302849,16522718
2009-07-07,15.07439136505127,15.323747158466109,15.034494966779093,15.100990285584881,17745102
2009-07-08,15.396889686584473,15.456735597164405,15.12758573234539,15.12758573234539,19459983
2009-07-09,15.270544052124023,15.48997677234733,15.107631861023616,15.430130884247879,15427261
2009-07-10,15.097662925720215,15.227328185463328,15.051117133899398,15.227328185463328,13398499
2009-07-13,15.480049133300781,15.513591582816263,15.094304963434551,15.154682705993126,15447270
2009-07-14,15.594088554382324,15.70477926020072,15.419665219844033,15.587380067163942,16593372
2009-07-15,15.188230514526367,15.362653980411894,14.83603000333584,15.329111519061286,54042935
2009-07-16,15.074180603027344,15.164745890099157,14.953426442454658,15.137911928512073,26617341
2009-07-17,14.916536331176758,15.027228476689697,14.825971000070869,14.933308232038813,25745102
2009-07-20,15.097664833068848,15.104373325174965,14.859510029723785,14.96349232408419,17642351
2009-07-21,15.094308853149414,15.22512644011678,14.92994880802287,15.161395102898819,17015632
2009-07-22,14.832671165466309,15.17816306190359,14.762230021455919,15.097659849770793,21022926
2009-07-23,14.705208778381348,14.909821075751253,14.574391211220016,14.89640409451894,35071071
2009-07-24,15.097664833068848,15.124498801493319,14.691795060208536,14.738755838382511,19027511
2009-07-27,15.10436725616455,15.221766487565594,14.923235375216764,15.137909703217618,13140058
2009-07-28,15.238539695739746,15.295562527376987,15.06076271083721,15.080888180809637,15297832
2009-07-29,15.32575511932373,15.386132877328226,15.134561108027908,15.22177149907844,13059608
2009-07-30,15.329106330871582,15.527008786006167,15.245248205730364,15.42302652429685,20062526
2009-07-31,15.09095573425293,15.433092818203274,15.067475346109935,15.342527511696153,20092747
2009-08-03,15.033928871154785,15.134557555252742,14.825963012914388,15.121139241733042,21023551
2009-08-04,14.85950756072998,15.023867590167217,14.836027175544395,14.980261732007245,21876198
2009-08-05,14.758877754211426,14.876278337893037,14.748814351764409,14.876278337893037,16416424
2009-08-06,14.634769439697266,14.819254937832426,14.587810003845567,14.815901359129896,20409546
2009-08-07,14.705208778381348,14.768940105950263,14.664957834684408,14.74546105550914,14732805
2009-08-10,14.933300018310547,14.946716998247897,14.59451660788491,14.658247929302686,17182159
2009-08-11,14.993681907653809,15.054059672868407,14.903116593263125,14.933305475870423,13569404
2009-08-12,14.762228965759277,14.943360846747046,14.675017269971441,14.903109910274482,25867653
2009-08-13,14.866217613220215,14.886343088308518,14.644834720386742,14.765588904347629,17061901
2009-08-14,14.879631996154785,14.997032580465495,14.735397449749343,14.926592763251403,14471863
2009-08-17,15.013805389404297,15.077538059073868,14.725336253375412,14.758880044450141,19072947
2009-08-18,14.869568824768066,15.03057526670062,14.802483918488548,15.027221688102072,14943935
2009-08-19,15.15132999420166,15.19158227289532,14.792421065267261,14.805838047021513,19022093
2009-08-20,15.188230514526367,15.23854487326787,15.037287438301854,15.158041632595229,10642559
2009-08-21,15.22513198852539,15.429744391439739,15.198298012219096,15.288863348968611,17650688
2009-08-24,15.456574440002441,15.47334633764766,15.178168672992797,15.339173823348322,19214256
2009-08-25,15.40290641784668,15.53372402986293,15.396197924930306,15.436450215859857,14439767
2009-08-26,15.453213691711426,15.560550862559882,15.34587652086297,15.369356902013454,13752814
2009-08-27,15.634346008300781,15.651117900067597,15.399546190719036,15.4867578944173,16263235
2009-08-28,15.40290641784668,15.647769742872589,15.32575808259273,15.644416163130057,13094831
2009-08-31,15.171460151672363,15.520307118727995,15.101020308995766,15.35259212814884,20529596
2009-09-01,15.134557723999023,15.342523584558183,15.040637528898362,15.121139410329711,15665069
2009-09-02,15.094308853149414,15.22512644011678,15.000388636872666,15.127852644739644,14121509
2009-09-03,15.1144380569458,15.171460916600104,15.01045574428323,15.171460916600104,11511046
2009-09-04,15.305631637573242,15.319048622558952,15.057413415043928,15.14462515088227,10668404
2009-09-08,15.399540901184082,15.399540901184084,15.178158139685495,15.319037715158158,15070446
2009-09-09,15.550484657287598,15.637696335417427,15.382769789081745,15.42637562814666,17529804
2009-09-10,15.721558570861816,15.721558570861816,15.366003246624324,15.553843644323662,20663610
2009-09-11,15.70814323425293,15.75845758413768,15.617576604401815,15.728268707520641,16682368
2009-09-14,15.875859260559082,15.919465122327084,15.667892022323352,15.70478939254482,21335765
2009-09-15,15.795356750488281,15.932882833624385,15.748395974085174,15.879213565368133,14999166
2009-09-16,15.671245574951172,15.85908598881654,15.530365931267607,15.85908598881654,15908295
2009-09-17,15.550484657287598,15.765158941870096,15.550484657287598,15.677947263740267,14515215
2009-09-18,15.419670104980469,15.58738500543447,15.362647278843616,15.58738500543447,31271988
2009-09-21,15.604161262512207,15.64776712589151,15.362652891050748,15.366006470232417,14861609
2009-09-22,15.674592018127441,15.741676891525431,15.563899976875454,15.654465222677842,17101292
2009-09-23,15.473340034484863,15.721556817992923,15.459921721776002,15.721556817992923,12867028
2009-09-24,15.74504280090332,15.771876769007884,15.433093254678793,15.527013476475902,24673614
2009-09-25,15.875859260559082,16.0268023205027,15.68466391790521,15.68466391790521,23838058
2009-09-28,16.29513931274414,16.66746647208344,16.26495177738634,16.486334592783624,38624844
2009-09-29,16.469575881958008,16.630582422049542,16.368947127758716,16.42932491365096,24744477
2009-09-30,16.593673706054688,16.61379917646876,16.328685012025836,16.486336530415542,21834306
2009-10-01,16.328689575195312,16.68759856488695,16.308562765725902,16.59032343055523,22585244
2009-10-02,16.717782974243164,16.771450895990974,16.23811858975287,16.23811858975287,26714048
2009-10-05,16.88214111328125,16.9156835606553,16.64398640334893,16.7479686569238,23621509
2009-10-06,16.831825256347656,17.009602211530794,16.72113318985787,16.939162411687523,18420383
2009-10-07,16.784868240356445,17.475852081856768,16.74797087663943,16.801640132981667,11910171
2009-10-08,16.808349609375,17.0230239804758,16.724492808191187,16.882144341138048,12311588
2009-10-09,16.798288345336914,16.922397440298408,16.741265499922644,16.788226274635015,11378074
2009-10-12,16.771455764770508,16.915690346485427,16.711079335276853,16.915690346485427,15206336
2009-10-13,16.78835678100586,16.893178954489564,16.676773360918798,16.828933669915514,16954773
2009-10-14,17.312469482421875,17.41052909073315,16.98786100727145,17.150165916938946,27761776
2009-10-15,17.55254364013672,17.637076713191014,17.31246826094329,17.386858117974374,20991038
2009-10-16,17.390241622924805,17.5424019861413,17.35642865693826,17.45448827457628,18110671
2009-10-19,17.660736083984375,17.704693578757116,17.380085317177887,17.40037308149215,17922885
2009-10-20,17.535634994506836,17.687795319557186,17.491677477657777,17.576211887697543,16214673
2009-10-21,17.295560836791992,17.569449150778848,17.26512850319693,17.55254200007396,14674239
2009-10-22,17.640459060668945,17.687797206225675,17.180596068623917,17.28541826434771,15557107
2009-10-23,17.349666595458984,17.640462144409415,17.23470116339667,17.576216834973696,12462901
2009-10-26,17.20764923095703,17.4883001922844,17.082539248029075,17.37333477063667,12666111
2009-10-27,17.319231033325195,17.41390866757283,17.082537619798348,17.082537619798348,12099833
2009-10-28,17.251602172851562,17.444338032493604,17.244839581856276,17.288795751233508,11977907
2009-10-29,17.19750213623047,17.25160421478063,17.001384285785814,17.25160421478063,14063360
2009-10-30,17.099449157714844,17.312472881267357,17.041965093442684,17.187362878177655,14583160
2009-11-02,17.21440887451172,17.295561318296365,17.07577372975136,17.187357163793916,11831388
2009-11-03,17.05210304260254,17.207645329924596,16.93037505575902,17.20426336220302,12898708
2009-11-04,17.21440887451172,17.413907343972273,17.07577372975136,17.07577372975136,11546061
2009-11-05,17.454486846923828,17.50520696384745,17.238079849756403,17.25836897187352,10392872
2009-11-06,17.424049377441406,17.444337149400226,17.268507104055402,17.396999014829646,8325761
2009-11-09,17.701318740844727,17.718224544538877,17.430811095712983,17.508581556421614,10869529
2009-11-10,17.85348892211914,17.917734237762243,17.633701254773108,17.64722644288904,11546895
2009-11-11,18.009016036987305,18.107075591459264,17.92448300438141,18.06311809190008,12811171
2009-11-12,17.998886108398438,18.191622048878784,17.924496232065046,18.052986859051945,9963110
2009-11-13,17.904207229614258,18.090180563580688,17.84672451387246,18.056367596728084,12412255
2009-11-16,18.134132385253906,18.22204741558605,17.96844688354498,18.100319429043196,14141100
2009-11-17,18.025930404663086,18.130751245796898,17.948159929733563,18.130751245796898,11656107
2009-11-18,17.981975555419922,18.025933079115923,17.75204472020057,18.025933079115923,10070654
2009-11-19,17.907590866088867,17.988743344368906,17.775718256906924,17.88392111321866,14050646
2009-11-20,18.13751220703125,18.171326505931535,17.867005880934457,18.00564101154658,13334306
2009-11-23,17.965070724487305,18.205146151667805,17.914350601679725,18.164570591095636,19443727
2009-11-24,18.340396881103516,18.42493130379319,17.75204461154737,17.99550063038546,18005627
2009-11-25,18.397878646850586,18.458741971902406,18.29643842757983,18.360683720560058,8726344
2009-11-27,18.286298751831055,18.374213811237063,18.019172948966123,18.086798883751708,6023135
2009-11-30,18.4249267578125,18.44521453034598,18.154419091480076,18.326867174291003,14685286
2009-12-01,18.421545028686523,18.553417568137018,18.333630002386197,18.54665497720501,21289912
2009-12-02,18.408023834228516,18.587234549022313,18.340396566075302,18.42493098731295,11586078
2009-12-03,18.340396881103516,18.49255722892346,18.303203294374146,18.39788093374108,11145060
2009-12-04,18.184852600097656,18.479028681345735,18.05636202154648,18.45197831621587,13122759
2009-12-07,18.14427375793457,18.34377353978437,18.130748576823425,18.20513841711889,11116507
2009-12-08,18.002254486083984,18.137507614888335,17.900814303434746,18.0969320795022,12060025
2009-12-09,18.12736701965332,18.14765479027474,17.968444133509376,18.090172101422,9618383
2009-12-10,18.282915115356445,18.374212135266617,18.100323763905358,18.1138489496288,13065444
2009-12-11,18.181467056274414,18.37758485326041,18.140891516560366,18.259238857002412,11144018
2009-12-14,18.184852600097656,18.364063285359492,18.1747080410818,18.184852600097656,9362026
2009-12-15,18.2558536529541,18.333624095708426,18.09693080097692,18.18484579895303,9195081
2009-12-16,18.21866798400879,18.41140522170064,18.181473054907126,18.343777955680842,11245727
2009-12-17,18.117229461669922,18.201763888194396,17.975213668269426,18.178094141232773,11269070
2009-12-18,18.036073684692383,18.174708828263977,17.92110828372676,18.174708828263977,19611088
2009-12-21,18.23219108581543,18.32686870975486,18.063124956354145,18.11722568764277,12256982
2009-12-22,18.29981803894043,18.357300737068172,18.26600508244891,18.272767673747214,10124844
2009-12-23,18.289676666259766,18.384354305114723,18.24910111140102,18.333634189449015,5747812
2009-12-24,18.309959411621094,18.401255050352788,18.272764493861043,18.282907706951185,3166736
2009-12-28,18.438459396362305,18.445221989941718,18.27953643096892,18.31334939886599,8517299
2009-12-29,18.34715461730957,18.57370340620978,18.3336280926703,18.47226320861192,9280325
2009-12-30,18.44183349609375,18.445215463779256,18.225427889750144,18.22880985743565,7483118
2009-12-31,18.2558536529541,18.4790217701791,18.238946508979062,18.418158471399813,6238850
2010-01-04,18.41478157043457,18.448595867686223,18.23218893550186,18.323485925060304,10829095
2010-01-05,18.266008377075195,18.418168725008556,18.17471136180444,18.418168725008556,10562109
2010-01-06,18.367443084716797,18.391111479319093,18.20852019206407,18.238951177150472,11401417
2010-01-07,18.519603729248047,18.52298435246052,18.282909025376213,18.364061456869866,12857232
2010-01-08,18.614276885986328,18.68190277588895,18.489166973390688,18.51621732935174,12148604
2010-01-11,18.708965301513672,18.75968542038051,18.62105024958654,18.698820740066452,10947270
2010-01-12,18.654857635498047,18.78334820642059,18.6075194993313,18.665002193911608,10939350
2010-01-13,18.831974029541016,18.91712446307222,18.682107750044644,18.685514417306514,10538975
2010-01-14,18.852405548095703,18.944367940573812,18.73319388591954,18.80812700808747,8982493
2010-01-15,18.900094985961914,18.92734290971135,18.787696623494796,18.855816432868387,16132555
2010-01-19,19.141923904418945,19.244104973602656,18.906907174496133,18.92053113652044,16663610
2010-01-20,19.155546188354492,19.34287903478125,18.940966774267395,19.152140875147428,14080659
2010-01-21,18.923931121826172,19.244098178347905,18.73319301283431,19.145323811549037,17317216
2010-01-22,18.566308975219727,18.958002726080213,18.52884239273713,18.845604332634174,14599208
2010-01-25,18.63102149963379,18.906910159181912,18.573118974889162,18.651457445896316,10109421
2010-01-26,18.55608558654785,18.620800083767993,18.481153794714817,18.58674017838934,13814506
2010-01-27,18.358539581298828,18.440284726705308,18.10308684815465,18.42666076147118,24107753
2010-01-28,18.375568389892578,18.545870646409217,18.269980638811855,18.426658931447413,13856398
2010-01-29,18.031566619873047,18.419855179987742,18.014535980411168,18.419855179987742,19832013
2010-02-01,18.167795181274414,18.28700686753252,18.07923943736979,18.089456730819695,18361192
2010-02-02,18.542457580566406,18.59695477128864,18.12010942997326,18.150764015129447,17214256
2010-02-03,18.61398696899414,18.65826552029027,18.426655469819007,18.518617885741033,14158816
2010-02-04,18.331283569335938,18.648045360388405,18.32106492291446,18.648045360388405,19169446
2010-02-05,18.38237190246582,18.436869086883057,18.15416722759526,18.26656690883027,22546061
2010-02-08,18.17120361328125,18.375565750142854,18.157579651357327,18.341505845333046,14861192
2010-02-09,18.17120361328125,18.385784398586487,18.167796945799576,18.26997801423038,23229471
2010-02-10,18.140544891357422,18.21888333158304,17.939589467734955,18.140544891357422,15479366
2010-02-11,18.23590850830078,18.29381099299276,18.028141167347414,18.14394613673137,13413297
2010-02-12,18.368755340576172,18.392597952983394,18.089460035238684,18.120114629190617,17566069
2010-02-16,18.593555450439453,18.624210047706665,18.314260114896296,18.474343729512135,15742184
2010-02-17,18.648046493530273,18.726384940851435,18.5867373192782,18.661670453586023,13285744
2010-02-18,18.722978591918945,18.73319723913496,18.620797535763682,18.627609515907285,11171113
2010-02-19,18.52202033996582,18.69572783830694,18.419839299294456,18.69232252575177,20116924
2010-02-22,18.528839111328125,18.56971100097897,18.378974161940178,18.559493705567014,11966236
2010-02-23,18.38237190246582,18.552674080518607,18.30743878164248,18.47092898089323,13961234
2010-02-24,18.504993438720703,18.576519910782853,18.3619404945964,18.457309575346365,14141309
2010-02-25,18.43346405029297,18.457306655208633,18.259756544481135,18.382373527760013,12305752
2010-02-26,18.48796272277832,18.573113149164325,18.341503122833636,18.453901469022973,14675281
2010-03-01,18.491369247436523,18.61398624858742,18.440278717456877,18.518617169025326,9501667
2010-03-02,18.590145111083984,18.631016993724177,18.436873520181347,18.46752675516085,10419341
2010-03-03,18.419845581054688,18.678703583567184,18.36534837557752,18.596959806353645,13975823
2010-03-04,18.419845581054688,18.56289854517986,18.361943061861023,18.559493231463367,13258858
2010-03-05,18.5015811920166,18.525422437768626,18.43346005872321,18.44027203665247,15291788
2010-03-08,18.535648345947266,18.57992689684101,18.43346728296191,18.51861771744927,8986453
2010-03-09,18.665077209472656,18.719574407909672,18.436873829896154,18.457309771559547,12287828
2010-03-10,18.743419647216797,18.920532520489378,18.637831902802947,18.66848649660061,17001042
2010-03-11,18.917129516601562,18.92053483077183,18.68211274079151,18.746827250043243,11900584
2010-03-12,18.569705963134766,18.750226811788945,18.297224064715394,18.74682014490816,33828679
2010-03-15,18.665077209472656,18.665077209472656,18.43346716261827,18.532242911659957,15406419
2010-03-16,18.624204635620117,18.729791007300157,18.552678165449564,18.6787004780353,12421426
2010-03-17,18.562896728515625,18.692327071106607,18.494776920837577,18.67870175556965,15366194
2010-03-18,18.314252853393555,18.576517452245838,18.259757016749504,18.542457554343304,32043351
2010-03-19,18.208675384521484,18.358540362475527,18.11671158427539,18.208675384521484,34032097
2010-03-22,18.348316192626953,18.470933193026262,18.154171367493554,18.188232623272054,15663610
2010-03-23,18.508403778076172,18.5254330556593,18.33128954240043,18.430065309989423,9704460
2010-03-24,18.348316192626953,18.504993094803496,18.310849623671363,18.477745173381706,13205711
2010-03-25,18.229103088378906,18.49817967650575,18.222291108552984,18.487962383767442,17738224
2010-03-26,18.017940521240234,18.317671887145977,17.861262177106813,18.290423950427822,25017716
2010-03-29,18.092859268188477,18.10307655930624,17.960023651650026,18.0792353106975,22003752
2010-03-30,17.885095596313477,18.14054825661309,17.87828361563891,18.062209801854895,27988954
2010-03-31,17.942995071411133,18.048582784993584,17.78291152165794,17.902123194283078,15870363
2010-04-01,18.038372039794922,18.041778708048316,17.90894301819642,17.983876179754162,12903501
2010-04-05,18.028148651123047,18.137141688376285,17.94980884778382,18.048584591732798,11130471
2010-04-06,17.997488021850586,18.09285706668405,17.90893095493374,18.007705311725125,15102334
2010-04-07,17.881685256958008,18.028144831297702,17.840812030397544,17.949805044557205,20577115
2010-04-08,17.806751251220703,17.946398839857,17.77950333753583,17.91233759375003,15111296
2010-04-09,17.96002769470215,18.00089957637591,17.806756107423666,17.83059871540065,11637557
2010-04-12,17.939592361450195,18.05199071686042,17.844223280313503,18.05199071686042,13458108
2010-04-13,17.956762313842773,18.025457331265258,17.91554475722628,17.91554475722628,14442059
2010-04-14,17.967073440551758,18.018594384523315,17.83655407993264,18.004855648185316,19029179
2010-04-15,17.98424530029297,18.0151581359014,17.88463879156349,17.96707119930874,15013756
2010-04-16,17.94989776611328,18.01859143656456,17.86746399616387,17.943028399068154,16562734
2010-04-19,18.173158645629883,18.24872306683961,17.88120706196714,17.949902114467637,18932472
2010-04-20,18.22467803955078,18.28993908483566,18.17659246268666,18.21437467006966,13302001
2010-04-21,17.7850284576416,18.186892534154996,17.67855259632632,18.135371603735926,26172572
2010-04-22,17.558332443237305,17.726633927021346,17.462159971731076,17.719764562300004,16797832
2010-04-23,17.5858097076416,17.58924507266799,17.26638083811314,17.52741942545221,19164444
2010-04-26,17.300735473632812,17.781598042983642,17.19425822543769,17.544601442181875,19657774
2010-04-27,17.094642639160156,17.365985934710633,17.06372981799714,17.26981347187419,21777199
2010-04-28,17.26637840270996,17.317899312987013,16.97099166840058,17.153031853937566,19404544
2010-04-29,17.431255340576172,17.561774697033997,17.29043124948933,17.348821559768258,19325135
2010-04-30,17.572072982788086,17.68885356048797,17.3900327508093,17.465595770527866,22310754
2010-05-03,17.47246551513672,17.719765387435643,17.359118943845345,17.671679832147095,18336182
2010-05-04,17.238908767700195,17.469035986994232,17.07747658717953,17.400340948220865,21711963
2010-05-05,17.22516441345215,17.541159304066085,17.08777574613533,17.249207873990027,22362860
2010-05-06,16.830167770385742,17.304159328660464,15.662359553183254,17.221726964026406,26043351
2010-05-07,16.73400115966797,16.88512857970734,16.486699883138506,16.83704301686999,25126928
2010-05-10,17.06717300415039,17.252647285311472,16.912610192910876,17.104953841322075,21408087
2010-05-11,16.96755599975586,17.08090254649679,16.912601091329122,16.960686636202517,17852647
2010-05-12,16.881696701049805,17.032824140082933,16.792393564863374,17.025954773099965,18435181
2010-05-13,16.696212768554688,16.86794958864156,16.5588241317295,16.86794958864156,19139642
2010-05-14,16.65843963623047,16.696221839099927,16.411139682513216,16.634396167966646,20860567
2010-05-17,16.63438606262207,16.75116660123402,16.445476528444754,16.68590696879835,15486453
2010-05-18,16.503877639770508,16.80613391226202,16.4867035379604,16.730569502787144,14520425
2010-05-19,16.466093063354492,16.60691712785312,16.421441497405958,16.44204959736502,19149854
2010-05-20,15.96462345123291,16.30466190037077,15.961189450399376,16.30466190037077,22637557
2010-05-21,16.12261962890625,16.136358361355402,15.545584673595588,15.621149067473638,34482701
2010-05-24,16.335575103759766,16.50044128268915,16.098578520802867,16.156968824962345,26966028
2010-05-25,16.22222900390625,16.22909837135124,15.906234005212971,16.15009996302991,26404960
2010-05-26,16.201618194580078,16.48670030943498,16.122619799457922,16.335572885487906,25537932
2010-05-27,16.442047119140625,16.531350237577502,16.232529419691307,16.43517775352299,16778033
2010-05-28,16.335575103759766,16.68591692871663,16.314967002069583,16.407704142379366,23084410
2010-06-01,16.12261962890625,16.390527642480137,16.108880896457098,16.29435514992836,18251355
2010-06-02,16.308094024658203,16.318397390518445,15.974925008827356,16.143226516818217,18735723
2010-06-03,16.393962860107422,16.424875690542443,16.304659734587453,16.400832226269905,9053564
2010-06-04,15.98179817199707,16.177577189344753,15.92684186785628,16.156969087319936,21442059
2010-06-07,15.878756523132324,16.01271123631774,15.865017788252993,15.916538726754466,19413506
2010-06-08,15.906222343444824,15.944004519395943,15.686400015553739,15.827223993041738,22759275
2010-06-09,15.751667022705078,15.9886635503829,15.70701546342063,15.933707259952966,18267612
2010-06-10,16.21192741394043,16.30466456732528,15.916540485177268,15.930279221574423,19143602
2010-06-11,16.21192741394043,16.280621095926204,16.081406687351237,16.1741452061442,12306586
2010-06-14,16.256576538085938,16.366487778094253,16.239402437475672,16.294357374775878,14164235
2010-06-15,16.545089721679688,16.558829818947785,16.294354451707505,16.328702646766263,19942684
2010-06-16,16.758045196533203,16.785522661950793,16.373355219055995,16.414571417182376,19606503
2010-06-17,16.703086853027344,16.778651239071685,16.57256754288354,16.77521587361168,16354731
2010-06-18,16.751178741455078,16.830178522811412,16.624094748749496,16.782091580645982,18738433
2010-06-21,16.589746475219727,16.909176869877687,16.507314058257233,16.88513339889292,15873281
2010-06-22,16.483266830444336,16.73056675578396,16.46952809741522,16.596612060638424,12384327
2010-06-23,16.335575103759766,16.541658851477433,16.2737494332813,16.50044128268915,13522926
2010-06-24,16.301219940185547,16.438608580010154,16.222220209284718,16.27374111989485,14688829
2010-06-25,16.2084903717041,16.36305318830747,16.177577535301836,16.356183820818963,28662776
2010-06-28,16.205053329467773,16.349311385061544,16.156966400664707,16.229095428461594,11372864
2010-06-29,16.023014068603516,16.143230042886874,15.885625358999613,16.143230042886874,17382659
2010-06-30,16.067663192749023,16.225661345343667,15.86157947700418,16.026446995763138,21387662
2010-07-01,15.957752227783203,16.026447255949304,15.700147578919987,15.988665058728333,17965402
2010-07-02,15.957752227783203,16.06079408732849,15.875318467065428,15.96462159405904,11833264
2010-07-06,16.036754608154297,16.132927125324784,15.906235251068658,16.067667446781964,20032305
2010-07-07,16.3870906829834,16.40769877793583,16.00240078224142,16.05392170232624,19011255
2010-07-08,16.52105140686035,16.538224142914537,16.376791958475767,16.452356366419693,15291997
2010-07-09,16.497005462646484,16.541657027422094,16.32183456948422,16.541657027422094,10837849
2010-07-12,16.42487144470215,16.521043911523954,16.349307071040585,16.521043911523954,11977282
2010-07-13,16.525409698486328,16.601674459766055,16.508076109151542,16.56354276817013,14423510
2010-07-14,16.58780288696289,16.59127015496708,16.352072761476162,16.47687098214046,11571697
2010-07-15,16.6467342376709,16.677934135145993,16.528869183287068,16.59126897823726,12081075
2010-07-16,16.31740951538086,16.688338345276303,16.300075928832886,16.60860632771342,19046269
2010-07-19,16.435274124145508,16.494206663009695,16.379807475638714,16.435274124145508,8753856
2010-07-20,16.456077575683594,16.483810217592282,16.244612735909975,16.33821246948372,16479992
2010-07-21,16.87553596496582,17.118199280022655,15.457685002944306,16.546206097462704,29586078
2010-07-22,16.98993682861328,17.173669015726194,16.764607059159584,16.993404097692938,22413089
2010-07-23,16.962202072143555,17.041934092061812,16.840869718898777,16.979535659203577,18181117
2010-07-26,17.06966781616211,17.114732661192555,16.924068719131387,16.924068719131387,12334514
2010-07-27,17.080062866210938,17.15979486610043,16.97259823646203,17.15979486610043,9663610
2010-07-28,17.062732696533203,17.152865139692686,16.93446856873329,17.093932600409584,14290746
2010-07-29,16.979530334472656,17.253393482464798,16.962196752848392,17.13899432430173,18437682
2010-07-30,17.014205932617188,17.11127156513882,16.743808518145194,16.889407655971674,16298041
2010-08-02,17.27420425415039,17.333136816521186,17.2014053686439,17.2326052847433,15648187
2010-08-03,17.3331356048584,17.544600463115863,17.24993629377205,17.30193569094001,18921217
2010-08-04,17.395530700683594,17.42673060611484,17.260332029206644,17.326197730623896,12857232
2010-08-05,17.326202392578125,17.36086819789164,17.236069920674918,17.308868800877335,12290538
2010-08-06,17.530733108520508,17.568864803188344,17.232603065236763,17.232603065236763,16663193
2010-08-09,17.63819694519043,17.662463695436923,17.482198770327994,17.551531751851716,9375573
2010-08-10,17.842729568481445,17.922461605712524,17.537666362892978,17.565399005740655,18687370
2010-08-11,17.46833038330078,17.71792688232058,17.426731426160067,17.69019424422677,13175490
2010-08-12,17.46833038330078,17.52032976877055,17.23953336285134,17.30193179856241,9210088
2010-08-13,17.35393714904785,17.42327014620175,17.301937745704485,17.374738012855786,10601917
2010-08-16,17.45099639892578,17.48219630511627,17.253399289865566,17.350464899076126,9995415
2010-08-17,17.57232666015625,17.64165962363793,17.419794416114065,17.506460964988058,12592330
2010-08-18,17.412864685058594,17.58273054792886,17.40939879415046,17.55153063931645,12794081
2010-08-19,17.097408294677734,17.405937460843315,17.00034264483151,17.38860524421641,21298041
2010-08-20,17.104331970214844,17.135531872162215,16.96220015541158,17.00033321578197,13354314
2010-08-23,17.25687026977539,17.39553625416354,17.17713822450949,17.17713822450949,15039600
2010-08-24,17.152864456176758,17.256863212895404,17.010732638249593,17.08699876066662,18669654
2010-08-25,17.270736694335938,17.350468733709448,17.03847235902559,17.048871411328896,15743018
2010-08-26,17.159805297851562,17.350470689262302,17.114739057889768,17.350470689262302,11410796
2010-08-27,17.277664184570312,17.29846366043841,16.989933278421717,17.180598585764926,9445394
2010-08-30,17.156333923339844,17.364331463435025,17.156333923339844,17.294998490707382,8679241
2010-08-31,17.104331970214844,17.142465030585235,16.99340005735895,17.05579848316615,14662985
2010-09-01,17.42673110961914,17.544596197464674,17.236065780968072,17.236065780968072,14708420
2010-09-02,17.544601440429688,17.551534601899085,17.40593545486543,17.40593545486543,10352230
2010-09-03,17.58966636657715,17.6763315675222,17.419800478031014,17.658997976097975,9947478
2010-09-07,17.502992630004883,17.606991379845716,17.457926413201356,17.506459898107067,9685702
2010-09-08,17.489133834838867,17.6381988655875,17.454468029346653,17.503000157035753,11613589
2010-09-09,17.711000442504883,17.79073387440778,17.662468307427204,17.662468307427204,10887245
2010-09-10,17.866992950439453,17.884326539331216,17.710994784677116,17.766461442278054,9255315
2010-09-13,17.835792541503906,17.95365762614492,17.759526412117,17.95365762614492,10166945
2010-09-14,17.82192611694336,17.898192251773352,17.717927343298022,17.825393385839174,11609421
2010-09-15,17.908588409423828,17.939788309694247,17.731790812008082,17.804589660580746,9559608
2010-09-16,17.891258239746094,17.950190783465104,17.679794811721326,17.821925267922897,11555857
2010-09-17,17.901657104492188,18.00218859567303,17.86352404222399,17.950189215868686,15078366
2010-09-20,18.116592407226562,18.161658639767204,17.863528602371566,17.887795353298365,11174031
2010-09-21,18.07845687866211,18.151255743462386,17.939792308657402,18.151255743462386,11983535
2010-09-22,18.022991180419922,18.175523455800104,17.977924951611037,18.099257318110013,10671530
2010-09-23,17.88779067993164,18.00218848796417,17.853123508211088,17.870457094071366,8975823
2010-09-24,18.005664825439453,18.140863555836063,17.93979909531789,18.022997041941995,13700500
2010-09-27,18.06112289428711,18.11658954792447,17.953658233865852,18.00912350941547,10238433
2010-09-28,18.15818977355957,18.19285695128852,17.99872571712264,18.09925722512577,9584202
2010-09-29,18.196317672729492,18.22405030456368,18.064586293429645,18.158184614913758,11276574
2010-09-30,18.10965919494629,18.324589927184498,18.06112569323136,18.175524908912585,13436223
2010-10-01,18.227514266967773,18.227514266967773,18.068048906665847,18.213647953565378,9918091
2010-10-04,18.20325469970703,18.341919266437948,18.08538961127259,18.224054178003506,11171947
2010-10-05,18.400854110717773,18.432052640681817,18.265655427884933,18.29338806700311,13040434
2010-10-06,18.366193771362305,18.44939309777929,18.25526179550243,18.362727879226107,10249062
2010-10-07,18.227514266967773,18.452845304974666,18.178980791972197,18.438977613485072,33616924
2010-10-08,18.307254791259766,18.348855128944457,18.16859021451576,18.217122334045417,31929137
2010-10-11,18.307254791259766,18.34538785993413,18.22752276298855,18.338454700001325,10334306
2010-10-12,18.549917221069336,18.588050287844208,18.272588081395735,18.303787988583153,34974364
2010-10-13,18.588359832763672,18.7072020892369,18.563891900691868,18.665258253839127,12724885
2010-10-14,18.598852157592773,18.61982547276669,18.462533946042694,18.598852157592773,12357441
2010-10-15,18.584875106811523,18.787606546731897,18.56390317637432,18.654782931115907,16524385
2010-10-18,18.759639739990234,18.759639739990234,18.54292706200962,18.588366929127606,12793247
2010-10-19,18.48000717163086,18.682738535927626,18.3506796207535,18.602345471150016,15452063
2010-10-20,18.322717666625977,18.368157532003774,18.0605651315669,18.238828577504403,22703210
2010-10-21,18.46952247619629,18.556906184547376,18.347184172894178,18.413595957982594,15314298
2010-10-22,18.371654510498047,18.507974113776406,18.298252074736904,18.507974113776406,7370571
2010-10-25,18.354177474975586,18.60584475915416,18.33670017496621,18.47301978020709,13040017
2010-10-26,18.41709327697754,18.41709327697754,18.287764323433034,18.31223226372812,8310129
2010-10-27,18.050077438354492,18.29475264169309,17.836859423385178,18.29475264169309,20438933
2010-10-28,18.088531494140625,18.221355092371375,17.95221187987108,18.11998869092215,13601709
2010-10-29,17.9382266998291,18.1269753975895,17.801907115158524,18.099012833404732,21343268
2010-11-01,17.68656349182129,18.050082467274784,17.58869310531562,18.029109149834355,20652980
2010-11-02,17.784435272216797,17.847352450442248,17.72501411034327,17.75297668310407,15725927
2010-11-03,17.84035301208496,17.892783504920427,17.686556158694014,17.777435864877216,12040850
2010-11-04,17.784435272216797,18.029110562901096,17.7285101266952,17.955708114647173,19313464
2010-11-05,17.798412322998047,17.847348203197523,17.69005668457919,17.777440398418268,13746978
2010-11-08,17.63413429260254,17.801912507559514,17.553741201462746,17.801912507559514,13792414
2010-11-09,17.494314193725586,17.672577619100913,17.438387677591052,17.64461505579024,17928303
2010-11-10,17.5362606048584,17.5362606048584,17.288089345377085,17.431399587585357,15562526
2010-11-11,17.399944305419922,17.529273288461727,17.36848710588102,17.399944305419922,18147770
2010-11-12,16.980499267578125,17.33702760898152,16.945546053524293,17.323046323359986,27260317
2010-11-15,16.83369255065918,17.214687405761985,16.805729982453247,17.08885445932187,28721967
2010-11-16,16.658926010131836,16.858162809767965,16.623972795070067,16.79174961688018,21728845
2010-11-17,16.70785903930664,16.816214682197703,16.676400456381906,16.71834430727263,15338474
2010-11-18,16.644947052001953,16.76728540609832,16.498142138697364,16.753304118118248,25482701
2010-11-19,16.568042755126953,16.686885050699736,16.49813633979786,16.65193184303519,23808462
2010-11-22,16.515615463256836,16.627467139066056,16.330361342309313,16.62047649617258,19252397
2010-11-23,16.410751342773438,16.498136446771394,16.375798134882256,16.48764978964737,18675490
2010-11-24,16.41424560546875,16.57153710845217,16.375796386137715,16.501629310621812,15429346
2010-11-26,16.358320236206055,16.435218680259585,16.344338953562374,16.435218680259585,6334306
2010-11-29,16.249967575073242,16.393277832669927,16.148601173084277,16.34434194494738,20689454
2010-11-30,16.2569580078125,16.277929935345632,16.089179808520402,16.110151736053535,18827011
2010-12-01,16.431720733642578,16.487645852915307,16.326858355980207,16.38977550467503,20241767
2010-12-02,16.641450881958008,16.655432168641898,16.452700732698148,16.480663306065924,18602543
2010-12-03,16.557559967041016,16.655430352670937,16.470174850523943,16.627466392838436,15885577
2010-12-06,16.400272369384766,16.603003831986122,16.358327114303943,16.603003831986122,22962276
2010-12-07,16.38978385925293,16.50862618779953,16.35832526886972,16.480663613909435,19987078
2010-12-08,16.333860397338867,16.43872144976344,16.218512683866297,16.40376683927935,22138599
2010-12-09,16.473665237426758,16.49813317285179,16.34084168428468,16.379289510578655,16280325
2010-12-10,16.644947052001953,16.66242435673395,16.46668354598529,16.508627409925513,18346394
2010-12-13,16.59600830078125,16.693878681131945,16.473669977964516,16.665914722807848,20677574
2010-12-14,16.795244216918945,16.795244216918945,16.55056895309106,16.599503450051238,18408712
2010-12-15,16.819713592529297,16.907097325013712,16.69388062868793,16.809226933245174,16467695
2010-12-16,16.9735050201416,16.994476944120137,16.7148485120464,16.837185430011182,15183618
2010-12-17,16.917583465576172,16.99448053641867,16.763786544864022,16.99448053641867,21597332
2010-12-20,16.872142791748047,17.04691024306277,16.823206904930196,16.973507802349506,12841392
2010-12-21,16.777769088745117,16.928070004570586,16.72883458544816,16.840686268212032,16193622
2010-12-22,16.721845626831055,16.844182592155633,16.70786433876618,16.819716032799008,14680492
2010-12-23,16.71135139465332,16.788249833683768,16.676398190327294,16.6833888311925,10838891
2010-12-27,16.561054229736328,16.70786049971272,16.533091660031683,16.704364483742886,13794706
2010-12-28,16.564544677734375,16.620469798345113,16.508618167610607,16.61347915826877,15750938
2010-12-29,16.575031280517578,16.620471139436823,16.515610140317513,16.547068717955934,9659025
2010-12-30,16.627464294433594,16.67290416022412,16.557557877458443,16.59251108594602,9403710
2010-12-31,16.746309280395508,16.840683645384,16.582025713986194,16.582025713986194,11564402
2011-01-03,16.714853286743164,16.879135489106485,16.69737598367858,16.879135489106485,19050229
2011-01-04,16.872142791748047,16.88961870317141,16.707860609384642,16.791748319049223,18826386
2011-01-05,16.872142791748047,17.064387543999647,16.80223497751405,16.85466549081117,28342643
2011-01-06,16.837186813354492,16.99447834038652,16.70086860153745,16.95253448898334,32471030
2011-01-07,16.90709114074707,16.935053702591773,16.78824886339397,16.826698080686995,21604419
2011-01-10,16.756792068481445,16.931560877621997,16.711352205895167,16.882624999676807,29427887
2011-01-11,16.721845626831055,16.840687964896322,16.65892844102529,16.840687964896322,15640475
2011-01-12,16.785335540771484,16.873530387377233,16.767696010485782,16.87000332276692,19803251
2011-01-13,16.711259841918945,16.862955949010896,16.67245369796379,16.862955949010896,14638599
2011-01-14,16.541921615600586,16.743007839053828,16.503115477698874,16.704201701152115,23048979
2011-01-18,16.651283264160156,16.675976929934794,16.45019705557529,16.527809325640035,23327845
2011-01-19,16.697147369384766,16.831203926397638,16.654812760256746,16.67597936361479,19433306
2011-01-20,16.91939926147461,16.91939926147461,16.690092282002237,16.707730417400434,23437266
2011-01-21,16.905282974243164,16.993477831248047,16.87000531192352,16.97231123385626,17318049
2011-01-24,16.99347686767578,17.00406086697731,16.88764248430638,16.898226483607907,15529179
2011-01-25,16.91939926147461,17.004067079586676,16.85942651581439,16.989956010303327,20015840
2011-01-26,16.492530822753906,17.00406328085201,16.492530822753906,16.986423746982535,43138183
2011-01-27,16.362001419067383,16.506641951071657,16.263222553367186,16.464307350107767,37021884
2011-01-28,16.048025131225586,16.40433445733283,15.995107932346524,16.35494572617114,36420800
2011-01-31,15.931611061096191,16.199724170038174,15.89986045545519,16.17503050112798,34672780
2011-02-01,15.956298828125,16.033911079337745,15.903381639100198,15.93866070005766,27734473
2011-02-02,16.13270378112793,16.153870394434357,15.913979305469656,15.970425010032725,26265527
2011-02-03,16.227943420410156,16.277332147588186,16.093885498960994,16.143275628550565,17199250
2011-02-04,16.27027702331543,16.298499153839472,16.13269203339337,16.238526425270095,20698416
2011-02-07,16.118589401245117,16.284396608440193,16.026866026641493,16.284396608440193,23649854
2011-02-08,16.090362548828125,16.136224222713416,16.02686133809099,16.083307014569765,20216132
2011-02-09,16.065662384033203,16.15033017070115,15.99863412862442,16.037440255947708,15826594
2011-02-10,16.048025131225586,16.115054798562497,16.00921899839272,16.033914065179392,16327428
2011-02-11,16.07271957397461,16.104470172551633,15.973940713074759,16.002162844071403,17146936
2011-02-14,16.220888137817383,16.245581800581004,16.086830214303237,16.129164812090913,17675698
2011-02-15,16.492530822753906,16.510168954211718,16.118581960638043,16.242055892901032,25261567
2011-02-16,16.319665908813477,16.52427916190538,16.28438824531887,16.49958549866495,19071697
2011-02-17,16.340831756591797,16.37610941543895,16.249108441177793,16.309081162423656,14300542
2011-02-18,16.538400650024414,16.541927717091802,16.326731748785967,16.354953894974468,20295540
2011-02-22,16.570148468017578,16.64070522996006,16.39375866677973,16.39375866677973,23800125
2011-02-23,16.39375114440918,16.577196397425105,16.351416545704282,16.5348632011318,21472072
2011-02-24,16.651283264160156,16.65833879758316,16.351418185241542,16.414919388460284,27052730
2011-02-25,16.806509017944336,16.838259624495944,16.584257576907,16.679507994149866,24082951
2011-02-28,16.968791961669922,17.131070685277585,16.817095840412392,16.887651197453906,25209045
2011-03-01,16.75712013244629,17.039344315697523,16.732425060627925,17.00053817495779,19163610
2011-03-02,16.820621490478516,16.820621490478516,16.644231710317545,16.665398315647412,15155481
2011-03-03,17.05698585510254,17.074625394530642,16.87706760161946,16.90528974277474,17471655
2011-03-04,17.176925659179688,17.26864898991831,17.02522959717529,17.028758064855225,23068153
2011-03-07,17.109899520874023,17.25101159978346,17.032287246388517,17.25101159978346,14466861
2011-03-08,17.18045425415039,17.229842985153923,17.092257988026613,17.10637045643927,11799500
2011-03-09,17.31098175048828,17.332149751210096,17.13106356123408,17.194564758576316,13483326
2011-03-10,17.109899520874023,17.265124069845033,17.074621851749615,17.2192623987774,19423510
2011-03-11,17.095792770385742,17.198098737887516,16.944096651225603,17.049931087736763,14923927
2011-03-14,17.01112174987793,17.04639942129381,16.922926870132276,17.042872355358174,12797624
2011-03-15,16.81003761291504,16.862954823428627,16.62659090915808,16.77123147155015,26149646
2011-03-16,16.478416442871094,16.771225939565245,16.404332653070984,16.76417040731816,21944560
2011-03-17,16.67245101928711,16.68656208711055,16.492532800920504,16.647755949390174,18798249
2011-03-18,16.901762008666992,17.053458115002346,16.75359296863067,16.781815108671093,19049604
2011-03-21,16.944089889526367,17.014646619848197,16.873533159204538,16.97936755348148,12221759
2011-03-22,16.91939926147461,16.989956010303327,16.810037773322673,16.91587219535976,13636307
2011-03-23,16.92997932434082,16.944090390339944,16.679504396827262,16.915868258341696,12868487
2011-03-24,16.972309112548828,16.982893111127638,16.838252610077877,16.982893111127638,14031888
2011-03-25,16.944089889526367,17.014646619848197,16.799449363692997,17.014646619848197,17943518
2011-03-28,16.961729049682617,17.00053377797403,16.93350551672762,16.97936718006647,9457065
2011-03-29,17.067569732666016,17.067569732666016,16.898234082165935,16.94056729358491,15344102
2011-03-30,17.27217674255371,17.342732069115115,17.120480686829325,17.145174349920026,19547103
2011-03-31,17.303926467895508,17.44503993016032,17.21926007343057,17.2933438697932,20532097
2011-04-01,17.416812896728516,17.42739689511582,17.303922991046424,17.339202050729874,13283035
2011-04-04,17.727266311645508,17.804878585552352,17.55087656492679,17.639071438286148,21573989
2011-04-05,17.635541915893555,17.808404572851472,17.632013448293048,17.762542908514515,14296582
2011-04-06,17.878963470458984,17.896603007160216,17.649656505402376,17.653183571295493,16846394
2011-04-07,17.811931610107422,17.86837727474578,17.688459085280606,17.833098208442454,12180492
2011-04-08,17.811931610107422,17.886015405485836,17.7519588802857,17.829571143259084,12129012
2011-04-11,17.960102081298828,18.00596374933804,17.780182474615604,17.81546154382221,15596915
2011-04-12,18.00244140625,18.150610462022097,17.850745283804294,17.92835757957005,21058358
2011-04-13,17.966819763183594,18.173375923902327,17.92052261945035,18.005994378321585,15226136
2011-04-14,18.162696838378906,18.216116522470653,17.90628150530142,17.959701189393165,16117549
2011-04-15,18.483217239379883,18.508145390185653,18.20187230790956,18.312273662755977,27354106
2011-04-18,18.262413024902344,18.37281437065192,18.112838469477577,18.36925239755677,21947061
2011-04-19,18.194744110107422,18.244603227647726,18.130641350634782,18.184061024726105,16817424
2011-04-20,18.091474533081055,18.511709578136383,17.824376047483554,18.454727907202113,27179033
2011-04-21,18.447593688964844,18.860705940417677,18.034481437512014,18.06297296279453,38577949
2011-04-25,18.27665901184082,18.40130399944547,18.055856326257963,18.34076178427873,16016465
2011-04-26,18.436918258666992,18.461846407010587,18.159135328022213,18.223239516856715,15214673
2011-04-27,18.58293342590332,18.607862993446403,18.376378601408124,18.433358852102316,14614423
2011-04-28,18.622102737426758,18.643471741062587,18.493895794253497,18.536632385796814,12604627
2011-04-29,18.53307342529297,18.654157858842485,18.48321571207258,18.63279026746232,11901000
2011-05-02,18.728944778442383,18.778803906438043,18.55444066191466,18.597177259586452,15979158
2011-05-03,18.82154083251953,18.839347867843614,18.572249416625745,18.625669106869317,21484785
2011-05-04,18.853591918945312,18.87495951075135,18.796611674129217,18.828662353973968,14542935
2011-05-05,18.721818923950195,18.853587835138335,18.6434711042987,18.8179751898422,13459983
2011-05-06,18.704017639160156,18.82866263441618,18.62922894313219,18.78592745016759,11868070
2011-05-09,18.753875732421875,18.785927829119185,18.61142369965774,18.700456043169243,12066486
2011-05-10,18.817974090576172,18.842902232963123,18.736062887587526,18.79304453246101,8197374
2011-05-11,18.892763137817383,18.999602493307723,18.817975872119813,18.83934346007221,15968112
2011-05-12,19.063705444335938,19.14205326177895,18.785922571671385,18.89276192027648,16783451
2011-05-13,19.049461364746094,19.31655976982382,18.960429034962996,19.028093775485562,16772197
2011-05-16,19.23109245300293,19.29875720422254,19.01741369516052,19.045903818678532,15205502
2011-05-17,19.053030014038086,19.19548207475469,18.914138511581704,19.19548207475469,14245727
2011-05-18,19.16698455810547,19.213281707746326,19.067267729319653,19.102880376840165,14587953
2011-05-19,19.024539947509766,19.231096214878008,18.917700547689257,19.22041170860438,12759900
2011-05-20,19.05657958984375,19.199032984192293,18.850024857921785,19.01740639291242,15512088
2011-05-23,18.9639949798584,19.049465354802948,18.817980965735025,18.8607161532073,12916424
2011-05-24,18.99247932434082,19.067266587519622,18.87139491429356,19.024531413054106,9291580
2011-05-25,18.864273071289062,19.006725073749905,18.77523933098873,18.985357485740032,12604419
2011-05-26,18.56868553161621,18.90701067357104,18.362129322890855,18.84646845857641,37938933
2011-05-27,18.358566284179688,18.607857640713167,18.29446210486017,18.561560492477593,19484785
2011-05-31,18.607860565185547,18.618545068660794,18.394181821509157,18.49033810560067,23704877
2011-06-01,18.490337371826172,18.686209073846992,18.429795157902337,18.59717673942453,13972697
2011-06-02,18.251726150512695,18.47608793710303,18.176938888315917,18.47608793710303,18527928
2011-06-03,18.19118881225586,18.265976094457535,18.02736777034531,18.134207149413033,13345352
2011-06-06,18.169815063476562,18.244602320339578,18.11995594841576,18.19474320527878,12280742
2011-06-07,18.298025131225586,18.436916583931634,18.212553359119678,18.26953501243309,14986870
2011-06-08,18.351444244384766,18.379934362296325,18.216114768576485,18.251727415965934,11992288
2011-06-09,18.351444244384766,18.558000430700325,18.29446259283327,18.36212733073741,14454356
2011-06-10,18.127086639404297,18.33008233170094,18.127086639404297,18.287345725872207,15587536
2011-06-13,18.305143356323242,18.390615108329786,18.219671604316698,18.248161716409516,16107962
2011-06-14,18.26597023010254,18.42266727508701,18.212550557719254,18.42266727508701,17939975
2011-06-15,18.273094177246094,18.397740561059464,18.17693932578296,18.20898999911846,14045436
2011-06-16,18.273094177246094,18.315829352178973,18.1947449408075,18.273094177246094,13556273
2011-06-17,18.404869079589844,18.597180260826985,18.39062401664321,18.447604268429753,18297207
2011-06-20,18.525951385498047,18.582931630687625,18.36213034912078,18.40842750620162,11616090
2011-06-21,18.611427307128906,18.68977657741359,18.536640010824854,18.59718224266422,11158816
2011-06-22,18.54731559753418,18.64347186736179,18.53663251137224,18.55087757007373,9505211
2011-06-23,18.490337371826172,18.52951057964753,18.23748401307959,18.43335571510041,14430388
2011-06-24,18.429800033569336,18.47609578376305,18.330083169715195,18.47609578376305,10831388
2011-06-27,18.483217239379883,18.568687611963142,18.390622920019325,18.461848230505375,9557107
2011-06-28,18.607860565185547,18.647035190290026,18.525950757637215,18.575808470488376,10601292
2011-06-29,18.575807571411133,18.632789227640227,18.511704800847955,18.625666697577653,11291163
2011-06-30,18.739625930786133,18.800168135577216,18.63278657930442,18.7823611050875,12069404
2011-07-01,18.910566329956055,18.910566329956055,18.657713051196684,18.7146932741689,11558566
2011-07-05,18.93193817138672,18.98179587770047,18.85002837457851,18.91057058296654,10492497
2011-07-06,18.974674224853516,19.03165587900158,18.931939046038803,18.971113667816514,7447895
2011-07-07,19.06726837158203,19.088635960814084,18.96042900969333,19.04946133935777,10280325
2011-07-08,18.99247932434082,19.035214498806337,18.850027327060804,18.963989208030476,10738850
2011-07-11,18.939056396484375,18.949739480402275,18.82153256329106,18.85358464650088,11195498
2011-07-12,18.978229522705078,19.07082379329868,18.78947901000522,18.89988030670619,15136098
2011-07-13,18.96385955810547,19.168698816701887,18.902767072457614,19.07166999496593,14600667
2011-07-14,19.10401725769043,19.16510975563719,18.942301569843757,18.95308175854234,13061901
2011-07-15,19.060884475708008,19.197445382064103,18.97463728676208,19.150727440420464,11707795
2011-07-18,18.881202697753906,19.057292863483017,18.784172460644672,19.021356532292163,11167778
2011-07-19,19.006982803344727,19.01776441826612,18.791361933685813,18.906359635597493,12320967
2011-07-20,18.830896377563477,19.132765941090092,18.654806155988716,19.11839140405498,18696957
2011-07-21,18.992612838745117,19.075268572971574,18.899176915599707,18.971051032310744,14571905
2011-07-22,19.02854347229004,19.057292536749824,18.92792031808486,19.021356206175092,10342643
2011-07-25,18.895584106445312,19.11839229810173,18.8632406823056,18.938707719567272,14621301
2011-07-26,18.751832962036133,18.931517512684902,18.737458426559634,18.931517512684902,12220717
2011-07-27,18.626056671142578,18.751834581724147,18.597307597706376,18.67277462977459,14421426
2011-07-28,18.55059242248535,18.730275587018422,18.529029185576388,18.629652386297405,10355148
2011-07-29,18.442773818969727,18.54339697531542,18.38527426023106,18.46433561777324,16997499
2011-08-01,18.13731575012207,18.550590120169087,18.022318024798516,18.550590120169087,19402251
2011-08-02,18.040285110473633,18.130126672625888,17.921693048411786,18.06903418178695,20054606
2011-08-03,18.072628021240234,18.09778274363313,17.738415076544317,17.993566648757977,20149854
2011-08-04,17.526391983032227,18.083413236197927,17.51561179289407,17.921697526755946,33477282
2011-08-05,18.051067352294922,18.230751925645457,17.41139187119502,17.709668520104266,35718633
2011-08-08,17.271244049072266,18.01513583929464,17.09155942754456,17.716860539008035,38377866
2011-08-09,17.450918197631836,17.57669751037266,16.635152695869728,17.432950744808913,40628804
2011-08-10,16.85078239440918,17.468896239061518,16.800471500089415,17.44014715659308,28365152
2011-08-11,17.745601654052734,17.914504579589586,16.75374590287111,16.85436907431819,29894956
2011-08-12,17.8354434967041,17.982784622568474,17.53716832554248,17.982784622568474,20827220
2011-08-15,17.936063766479492,18.01512512435963,17.731224534076553,17.972001526568263,14392664
2011-08-16,17.993568420410156,18.119347759143814,17.691698864607197,17.882163618343824,15011255
2011-08-17,18.02231788635254,18.155284496316476,17.83185312846673,18.00794334937207,10360984
2011-08-18,17.56232452392578,17.8534124284205,17.328734759283744,17.713258569635283,20759066
2011-08-19,17.637786865234375,17.803096830625506,17.4293533063999,17.44372783754768,19531263
2011-08-22,17.745601654052734,17.96840979898637,17.702478049973777,17.92528619490741,15758233
2011-08-23,18.151689529418945,18.18044003099687,17.745603873466987,17.756385490133255,16419341
2011-08-24,18.367311477661133,18.370905826286247,18.022318296489612,18.069036257037503,14460400
2011-08-25,17.94685173034668,18.41402991943833,17.882164882175562,18.41402991943833,13869737
2011-08-26,18.02231788635254,18.065442925890345,17.476078338112725,17.824665859976495,17198416
2011-08-29,18.403242111206055,18.414022295707074,18.12652880387644,18.176839664938242,9571905
2011-08-30,18.593708038330078,18.640425983869356,18.169653609602136,18.345743777944048,14993331
2011-08-31,18.870424270629883,18.909954955913097,18.611679785171262,18.687146807713678,22035431
2011-09-01,18.66558265686035,19.014168655906087,18.622457628979095,18.83089121604979,14314923
2011-09-02,18.34215545654297,18.593712698856407,18.327780920250355,18.564963626271176,10891622
2011-09-06,18.43199348449707,18.44996236571173,17.75638183685536,17.878566800484517,16495415
2011-09-07,18.794960021972656,18.852458170073334,18.53621406973039,18.62605706903231,13351188
2011-09-08,18.485897064208984,18.748235849474423,18.47511545071476,18.68354902570094,18484577
2011-09-09,18.122940063476562,18.3744973038035,18.05106595398473,18.367310035713952,18438308
2011-09-12,18.151689529418945,18.158876797664337,17.83544544083258,17.989973851003064,15190913
2011-09-13,18.17684555053711,18.255906929258476,18.069035099043006,18.184032818730294,12012505
2011-09-14,18.299026489257812,18.475116663920574,17.957627754134514,18.270277422846593,14342226
2011-09-15,18.43199348449707,18.503867580759657,18.277465106119948,18.457149632478384,13929762
2011-09-16,18.748241424560547,18.75183434439641,18.44277895167598,18.536213439161106,21048770
2011-09-19,18.683551788330078,18.737457006579987,18.43558892725741,18.475118182524017,14116924
2011-09-20,18.96385955810547,19.11838794617854,18.723082534824794,18.773394833944288,15588162
2011-09-21,18.593708038330078,19.14713468986065,18.586520771985263,19.003387934368387,15926428
2011-09-22,18.216381072998047,18.324191553096014,17.950447793504814,18.2415372326467,26280742
2011-09-23,18.31340217590332,18.40683807622072,18.108562921927874,18.230747890467203,21420800
2011-09-26,18.23792839050293,18.424800121800647,18.0438693948165,18.38167653546837,20730930
2011-09-27,18.399656295776367,18.568559264839735,18.122942860136526,18.180442442322363,16555857
2011-09-28,18.29543113708496,18.669173236513707,18.26668064590134,18.47870855397586,12245727
2011-09-29,18.633237838745117,18.791359119469703,18.410429735371984,18.48949109003223,15518133
2011-09-30,18.378093719482422,18.77699214341139,18.378093719482422,18.511060336990905,17204252
2011-10-03,18.02231788635254,18.582931971572823,18.00794334937207,18.288251106280413,23510838
2011-10-04,18.148099899291992,18.184036247033124,17.59467300109551,17.860604831573106,22509379
2011-10-05,18.367311477661133,18.392467632247637,18.022318296489612,18.202002870027385,15107753
2011-10-06,18.39246940612793,18.44278172015336,18.205597545913314,18.39246940612793,52921009
2011-10-07,18.518239974975586,18.687142867373527,18.46792768482528,18.53980177278462,59821175
2011-10-10,18.909957885742188,18.909957885742188,18.67636808587549,18.759023817272272,22854940
2011-10-11,18.938705444335938,19.003392284844097,18.80214592392571,18.888394568404493,48235723
2011-10-12,18.978599548339844,19.170815013627482,18.92419739441919,18.956838110080493,13444352
2011-10-13,18.913318634033203,19.05476077794685,18.79363648724602,19.051133390895224,10081075
2011-10-14,19.12367057800293,19.134549857079918,18.971347695373566,19.003988416060427,9486661
2011-10-17,18.873428344726562,19.130925299669645,18.83716167562474,19.00761718299539,13514798
2011-10-18,19.01850128173828,19.152690154007665,18.688470904968998,18.84079239551968,15050229
2011-10-19,19.312259674072266,20.168164516506916,19.207084181184936,20.139149742283706,78108378
2011-10-20,19.602388381958008,19.72207049529865,19.330384889572336,19.4029196347843,36511046
2011-10-21,19.53348731994629,19.81999756539342,19.442819940497703,19.794611621853623,27857024
2011-10-24,19.38479232788086,19.526234481444416,19.308631611878287,19.4283137668308,22367862
2011-10-25,19.217960357666016,19.526230546858162,19.199826308280276,19.39929508461313,20117757
2011-10-26,19.45732307434082,19.49358973119224,19.246973581147444,19.39566903682962,17623385
2011-10-27,19.631412506103516,19.693066564328173,19.46095555731576,19.627785118335925,21076907
2011-10-28,19.664051055908203,19.732959887104773,19.475462942209784,19.660425110003537,15620884
2011-10-31,19.537113189697266,19.73295604048461,19.421058433995082,19.421058433995082,16954148
2011-11-01,19.134550094604492,19.402927754996874,19.101910815240416,19.203458924344563,18391622
2011-11-02,19.178071975708008,19.395674865666233,19.112790532029344,19.326767476076526,13003960
2011-11-03,19.52622413635254,19.569745552244616,19.26147402253117,19.265101407908467,14446644
2011-11-04,19.341270446777344,19.45369781618098,19.167187591389343,19.431937819689413,10694664
2011-11-07,19.45006561279297,19.489959647721907,19.22520950460671,19.265103539535648,11951021
2011-11-08,19.678560256958008,19.700320258777754,19.399301854222976,19.482717357124123,13460609
2011-11-09,19.199825286865234,19.497216183987042,19.094651266169286,19.460948087144995,14403501
2011-11-10,19.566131591796875,19.61690492982651,19.27962129430942,19.312262018192513,11266986
2011-11-11,19.776472091674805,19.801859469910745,19.66041735910291,19.711190673847366,10284702
2011-11-14,19.671306610107422,19.798242123932127,19.569759929121446,19.772854732821557,9980409
2011-11-15,19.765607833862305,19.867155989639052,19.627792994496943,19.743847823709135,13053981
2011-11-16,19.500844955444336,19.722075188031,19.475459014047992,19.685808527659294,11433097
2011-11-17,19.370288848876953,19.569759139947344,19.18169927976607,19.435570297177826,11980200
2011-11-18,19.410181045532227,19.55524915462021,19.370286991144237,19.43919437900423,12601917
2011-11-21,19.1381778717041,19.326767426982975,19.080149761722915,19.134550484074282,13070238
2011-11-22,19.109159469604492,19.228840161999983,19.01486471697313,19.109159469604492,10992705
2011-11-23,18.98585319519043,19.185321995961296,18.971345088867828,19.040253908285006,12078158
2011-11-25,18.877052307128906,19.03662706394904,18.877052307128906,18.93145302177428,4614840
2011-11-28,19.29412269592285,19.308629359971675,19.094653902659957,19.109160566708784,11667570
2011-11-29,19.239723205566406,19.47183272852951,19.22158915349099,19.377537964501787,12504168
2011-11-30,19.783729553222656,19.80186360456723,19.613274084112373,19.64228741288151,20257816
2011-12-01,19.772844314575195,19.870766439380493,19.65316363989414,19.65316363989414,15006878
2011-12-02,19.638662338256836,19.881651140061983,19.5661275713907,19.794611149895967,13350563
2011-12-05,19.696691513061523,19.84901439875483,19.577010790439612,19.747466288868615,12370988
2011-12-06,19.780101776123047,19.87439653449062,19.61689964242402,19.761969166863842,11286161
2011-12-07,19.838134765625,19.90341621189178,19.60602519936453,19.72570592854956,18115048
2011-12-08,19.6495418548584,19.85626543833336,19.609647804683796,19.79461139035292,13015840
2011-12-09,19.79098129272461,19.85263533226125,19.580631792620885,19.68943320847703,10290746
2011-12-12,19.682174682617188,19.76558869496605,19.51171927220867,19.66766802322845,11226344
2011-12-13,19.711198806762695,19.88890764428276,19.645918803727906,19.711198806762695,13788870
2011-12-14,19.66767692565918,19.7510909757648,19.580635488200848,19.635036206396318,13358900
2011-12-15,19.907039642333984,19.92517369550054,19.79098487386936,19.81999820555355,17019800
2011-12-16,19.907039642333984,19.932427028421586,19.8127448726325,19.92517369550054,22562318
2011-12-19,19.711198806762695,19.921548366664165,19.64229141602863,19.88165431061223,12914756
2011-12-20,19.896163940429688,19.91792394310449,19.809122488002334,19.834508436925542,15898916
2011-12-21,20.106510162353516,20.11376349536849,19.84538584863075,19.852639181645728,21375365
2011-12-22,20.182666778564453,20.25520009397474,19.986823943501484,20.11013202142657,19157982
2011-12-23,20.316856384277344,20.32048377131361,20.142774966274846,20.255202338482828,10969154
2011-12-27,20.393016815185547,20.432910860578403,20.24432135207677,20.24432135207677,7303251
2011-12-28,20.247947692871094,20.44379053693347,20.22618769724809,20.309601734666774,8365777
2011-12-29,20.429285049438477,20.451045046314356,20.24069552639205,20.24069552639205,9254689
2011-12-30,20.393016815185547,20.469177519241164,20.334988719597494,20.334988719597494,8582326
2012-01-03,20.570724487304688,20.6142444753349,20.331361669683403,20.519949726208548,17693206
2012-01-04,20.49094009399414,20.614248190698127,20.39301938241386,20.574354140283106,13370154
2012-01-05,20.443790435791016,20.523578527741627,20.378510449244963,20.494565200387825,13119425
2012-01-06,20.258832931518555,20.494569874349153,20.23707293104065,20.48731654085652,11986244
2012-01-09,20.255207061767578,20.32411589770339,20.1427796633428,20.309607787902944,10789496
2012-01-10,20.34949493408203,20.407523028389786,20.29146828150188,20.382135647022167,12191955
2012-01-11,20.272676467895508,20.36046891970388,20.17756955378452,20.35681168855257,13866194
2012-01-12,20.177570343017578,20.44094625457702,20.1629370553376,20.356812484796574,15528762
2012-01-13,20.276336669921875,20.31657494060092,20.09709452174618,20.1300168754079,14115882
2012-01-17,20.37876319885254,20.572637202340083,20.375104512858563,20.451923831222512,15592747
2012-01-18,20.250730514526367,20.40436768235899,20.17025542621818,20.27999563716966,14803668
2012-01-19,20.276336669921875,20.276336669921875,20.137332792425223,20.22146656520819,13263652
2012-01-20,20.397056579589844,20.411688417281272,20.199523862419703,20.349502380008737,17691538
2012-01-23,20.382421493530273,20.43729160712705,20.29097178892491,20.43729160712705,12147770
2012-01-24,20.477523803710938,20.481182488809285,20.37509952513303,20.37509952513303,15769070
2012-01-25,20.20318031311035,20.28365687146755,19.99467445282256,20.20318031311035,25455190
2012-01-26,20.071483612060547,20.283648066615942,20.02027220435205,20.2799908360061,15182159
2012-01-27,20.12636375427246,20.203181631276408,20.00930759546455,20.075152320992483,13322009
2012-01-30,19.92516326904297,20.001981105448966,19.77884205723734,19.98369059043146,20086078
2012-01-31,19.808115005493164,20.027595455831,19.73861305677522,19.96175073906254,25874114
2012-02-01,19.848350524902344,19.93614152950862,19.76787398317902,19.848350524902344,29235515
2012-02-02,19.917856216430664,19.958094494873098,19.7386140336728,19.841036891676286,19152147
2012-02-03,20.119047164916992,20.17026005065865,19.994675091212844,20.038570603990337,16573364
2012-02-06,20.261707305908203,20.283655059635723,19.998329898674726,20.023936338440702,16874531
2012-02-07,20.37876319885254,20.433633309588085,20.18854642719124,20.206836948825664,12350563
2012-02-08,20.32754898071289,20.419000128692254,20.258047038915855,20.419000128692254,10981451
2012-02-09,20.214149475097656,20.338521511341952,20.11538241984426,20.29462601178543,11699041
2012-02-10,20.159284591674805,20.173916428647672,20.04588567388329,20.14099406837479,11477699
2012-02-13,20.177570343017578,20.228781760311215,20.155621138581367,20.184886259773812,8062734
2012-02-14,20.14830207824707,20.192199026103097,20.023930058628352,20.177567194873518,11748020
2012-02-15,20.287311553955078,20.38607716214275,20.122701237530563,20.228782762837046,15083576
2012-02-16,20.429973602294922,20.459238726280578,20.217809087779106,20.312917468855265,12493956
2012-02-17,20.616533279418945,20.660428784458112,20.499477145146837,20.561663171036155,16231972
2012-02-21,20.543378829956055,20.631171320611408,20.503140544482015,20.623855400904137,14088995
2012-02-22,20.568973541259766,20.62750086552765,20.473865185157184,20.51410344767499,12921634
2012-02-23,20.590930938720703,20.63116922009798,20.536060819418594,20.547033970778244,14109004
2012-02-24,20.740909576416016,20.75554141442389,20.572640530989492,20.6055628935912,9957482
2012-02-27,20.704326629638672,20.75919674422325,20.528743135468723,20.62385152797103,9876615
2012-02-28,20.865280151367188,20.89820251159851,20.69335388590123,20.737249396764422,12279283
2012-02-29,20.70798110961914,20.923802837868436,20.70798110961914,20.90551377283373,16880575
2012-03-01,20.967697143554688,21.004276723169287,20.697003891904597,20.704319807827517,13641100
2012-03-02,20.99329948425293,21.040853655566096,20.821373312325967,20.95306122743663,11347228
2012-03-05,20.953067779541016,21.029885632862886,20.909170824666006,20.945751862756435,11895998
2012-03-06,20.612871170043945,20.93477584936985,20.590923421169606,20.905512184204063,17748854
2012-03-07,20.579952239990234,20.64945418339375,20.451922956528033,20.64945418339375,15557107
2012-03-08,21.029891967773438,21.1213416822122,20.81406872219626,20.887229366248043,21693206
2012-03-09,21.198158264160156,21.21279010023967,21.000625568751204,21.033546472846222,16453939
2012-03-12,21.300580978393555,21.366425694491543,21.14328801447635,21.14328801447635,14106503
2012-03-13,21.5566463470459,21.57493541823147,21.33716585947491,21.3810613753219,17408712
2012-03-14,21.578582763671875,21.578582763671875,21.45421074663831,21.516396755155093,15118174
2012-03-15,21.62249183654785,21.721258938576614,21.494462508457183,21.538358028802296,16573364
2012-03-16,21.735883712768555,21.84562393212505,21.670038999487577,21.684672289013783,25447061
2012-03-19,22.028522491455078,22.152894533235276,21.830989826323428,21.830989826323428,22666111
2012-03-20,22.09436798095703,22.149238090484786,21.90415266765045,21.90415266765045,14102126
2012-03-21,22.090702056884766,22.138256230041552,21.951696767721096,22.03948919925417,13667153
2012-03-22,21.9882869720459,22.068763522383332,21.940732779043575,22.01755064338034,14070446
2012-03-23,22.09436798095703,22.145580858739038,21.966338694837393,21.96999592658314,13572113
2012-03-26,22.310190200805664,22.310190200805664,22.163868945756583,22.171186317259902,15347020
2012-03-27,22.434558868408203,22.493086198272664,22.288239089579644,22.288239089579644,13449354
2012-03-28,22.357746124267578,22.489434100689184,22.244347215519582,22.452854511174223,14784494
2012-03-29,22.306529998779297,22.328477749294482,22.16752612468225,22.215080311215587,11088787
2012-03-30,22.419937133789062,22.434568972845298,22.324828725755474,22.33580333213168,18351813
2012-04-02,22.401636123657227,22.423583871969775,22.32847550844801,22.365056543136312,16959775
2012-04-03,22.36505889892578,22.460167272465643,22.28092512778188,22.372374815800576,13714673
2012-04-04,22.48211669921875,22.888155205627942,22.22239799538168,22.357744648907296,29653397
2012-04-05,22.423585891723633,22.493087828057295,22.350426724092156,22.456508244241554,12295748
2012-04-09,22.302871704101562,22.44187557157127,22.13826140183455,22.244342918017367,12945394
2012-04-10,21.999256134033203,22.317503591695367,21.92243828362077,22.31384490635789,16635890
2012-04-11,22.010326385498047,22.2870233573821,21.98450094369429,22.080422756161383,14080242
2012-04-12,22.032470703125,22.106257080811517,21.940238830970806,22.065674646414198,13437474
2012-04-13,21.984498977661133,22.098867733560937,21.907024125782968,22.05459534205588,11921634
2012-04-16,22.080427169799805,22.187416002565364,22.021397786249686,22.032466253979386,12043143
2012-04-17,22.294404983520508,22.342365896504678,22.039843440236048,22.12100828784078,12614423
2012-04-18,22.30547523498535,22.526834342516942,22.043536630946758,22.323922193930926,15899541
2012-04-19,21.954984664916992,22.095177391389775,21.781588012015256,22.069351952322307,22913506
2012-04-20,22.091495513916016,22.216931303327538,21.877516382977248,21.907030341284674,18132972
2012-04-23,22.08780860900879,22.11363405942349,21.89596492010845,21.969751292748235,14942059
2012-04-24,22.405086517333984,22.427221987576033,22.098875512472986,22.098875512472986,18150271
2012-04-25,22.726041793823242,22.792449634018805,22.379248554144727,22.445656394340293,19044393
2012-04-26,22.82196807861328,22.903132906724743,22.641192937168327,22.71128930086294,14027720
2012-04-27,22.86993408203125,22.965855906360925,22.85148859269429,22.90313801608458,11533764
2012-04-30,22.8957576751709,22.965854048833457,22.762943416304747,22.77770039322268,12385786
2012-05-01,22.958480834960938,23.083916634186316,22.707609236510184,22.881005955039978,12816382
2012-05-02,23.113422393798828,23.150316298084046,22.90682327618256,22.90682327618256,14596707
2012-05-03,23.260997772216797,23.316337168450424,23.03595020978451,23.0839111176273,18093372
2012-05-04,23.024883270263672,23.220415413035415,22.89206754567445,23.190901459395466,17540225
2012-05-07,23.061777114868164,23.146630470045924,22.836729538164963,22.836729538164963,19780742
2012-05-08,23.094987869262695,23.12450183341471,22.79984382792682,22.958483585151765,13424552
2012-05-09,22.58954429626465,22.936337616170917,22.563718856146956,22.90313368839168,25997707
2012-05-10,22.95478057861328,23.021188426871564,22.707599069217277,22.722356042918133,14424343
2012-05-11,22.888381958007812,23.02857472230729,22.881003468655468,22.895760447360157,9041476
2012-05-14,22.75556182861328,22.88837606939057,22.66332853553095,22.674397000014284,11130888
2012-05-15,22.833044052124023,22.906830417091854,22.733432239426698,22.796150136337598,13527095
2012-05-16,23.076536178588867,23.13925407285983,22.847800070082116,22.96216885763797,13199250
2012-05-17,22.958480834960938,23.16877000426141,22.947412366427194,23.028577224727762,12340142
2012-05-18,22.714982986450195,23.03595090768746,22.670710588159167,22.973233021162883,14998958
2012-05-21,22.803529739379883,22.928965531257735,22.726053397392096,22.726053397392096,12592330
2012-05-22,22.86993408203125,23.002748351639703,22.766633768645818,22.799837702699147,16218216
2012-05-23,22.641191482543945,22.884684484630142,22.519444248198624,22.740801789477793,11987912
2012-05-24,23.028575897216797,23.080226791923344,22.707607927501815,22.722364906959402,14566903
2012-05-25,22.96586036682129,23.187218014696043,22.91421093339958,22.936346404866025,9987703
2012-05-29,22.92527198791504,23.07653320359906,22.82197168126753,23.039640760726652,10048979
2012-05-30,22.7961483001709,23.05070984553092,22.762945831884508,22.83304221298562,12696332
2012-05-31,22.7961483001709,22.921585550494093,22.655955537968673,22.82935223506219,11688620
2012-06-01,22.32761001586914,22.70022887098701,22.268580632907664,22.560034636430366,17083785
2012-06-04,22.216930389404297,22.357123152202515,22.11363007297274,22.33498768438252,17446436
2012-06-05,22.246444702148438,22.301784105885584,21.93654374789942,22.150522873456723,15802835
2012-06-06,22.519447326660156,22.530515791878976,22.098869114019255,22.320226685558524,13629012
2012-06-07,22.578474044799805,22.71866676588003,22.51575617133736,22.637503408025644,16439767
2012-06-08,22.829343795776367,22.83672228229074,22.52682291547842,22.55264688497654,11941226
2012-06-11,22.692852020263672,22.947412127842284,22.685472063581187,22.899451209036517,8332013
2012-06-12,22.858869552612305,22.86993655408976,22.578482538371418,22.696539842629416,8711546
2012-06-13,22.692852020263672,22.83673331007591,22.62644414296182,22.77032689937912,10736348
2012-06-14,22.92527198791504,22.976922874541174,22.64488648887521,22.722361352209646,12803668
2012-06-15,23.05809211730957,23.1650824287765,22.99168570323833,23.02488964357652,16113797
2012-06-18,23.131874084472656,23.19090346345836,23.05070923834414,23.05070923834414,8211755
2012-06-19,23.194591522216797,23.27944487791143,23.15032058879477,23.16507756660211,9409962
2012-06-20,23.17613983154297,23.238859174317245,23.032258594015314,23.187208295939495,10753022
2012-06-21,22.962169647216797,23.286826130721366,22.95478969083237,23.179837295617247,12525219
2012-06-22,22.991676330566406,23.146626033505086,22.914201479097066,22.976919355677442,14003126
2012-06-25,22.917890548706055,23.04701628204194,22.733425424884018,22.844104205856326,11633180
2012-06-26,23.002750396728516,23.091293739874498,22.88469309473554,22.925275521452654,7469154
2012-06-27,23.194591522216797,23.2868233668151,23.04333029978429,23.058087277591632,7436015
2012-06-28,23.2093505859375,23.220419053590188,22.914208070055402,23.117118733049963,8991872
2012-06-29,23.784883499145508,23.784883499145508,23.279448856535083,23.323721264128412,26008128
2012-07-02,23.84390640258789,23.85866337981175,23.61148034480023,23.69264518613621,11760108
2012-07-03,23.917688369750977,23.980406244754764,23.755358716843876,23.784874132484397,6650063
2012-07-05,23.8881778717041,23.96196275495343,23.755362148645887,23.8881778717041,41698416
2012-07-06,23.8881778717041,23.89186638256421,23.67788728793174,23.755362148645887,44201751
2012-07-09,24.20545196533203,24.21283045248717,23.906619569037627,23.921376543347908,48254898
2012-07-10,24.227590560913086,24.460015122203814,24.135357265218964,24.234969048576065,22907253
2012-07-11,24.235027313232422,24.35401008963821,24.142073589629266,24.26477374637569,15024802
2012-07-12,24.216442108154297,24.294523369229676,24.060278107919622,24.097460786971837,16757607
2012-07-13,24.33542251586914,24.354013854697392,24.216441199152825,24.25734125772466,9690288
2012-07-16,24.346574783325195,24.391193698415957,24.201567374010615,24.261057290019924,9152147
2012-07-17,24.71096420288086,24.766736755722093,24.335428816671993,24.346582440389692,12253022
2012-07-18,24.513896942138672,24.837377096223513,24.472996880710205,24.52133318257258,14898916
2012-07-19,24.465557098388672,24.610564504899052,24.383756987373967,24.59197464554753,11503752
2012-07-20,24.19040870666504,24.420935053356825,24.12719994118908,24.38747124149695,14294706
2012-07-23,24.034252166748047,24.108614569181118,23.766543083737215,23.766543083737215,11488537
2012-07-24,23.77397346496582,24.037963623753562,23.614092122011044,23.989627335042417,11446019
2012-07-25,23.840906143188477,23.94501498109326,23.703333486299325,23.870651103137305,11305336
2012-07-26,24.037965774536133,24.168102175492102,23.967320764272056,24.086302067572138,11808879
2012-07-27,24.684932708740234,24.833659000072505,24.112334787314385,24.112334787314385,19158399
2012-07-30,24.763010025024414,24.7853187434534,24.547356124043326,24.599411278461403,11190496
2012-07-31,24.65517807006836,24.86711306289842,24.64774183232433,24.785312969630635,14637140
2012-08-01,24.577106475830078,24.815067655070024,24.56223251642382,24.699805185780612,9149854
2012-08-02,24.66633415222168,24.96006926766857,24.413499087495282,24.763006730636732,14975406
2012-08-03,24.759294509887695,25.079057265714596,24.733266930717534,24.867120729460822,12233014
2012-08-06,24.677488327026367,24.848523283921804,24.670052088817155,24.800186996520154,6775323
2012-08-07,24.55107307434082,24.696081949982602,24.476709207274446,24.677490613695092,9502501
2012-08-08,24.50274085998535,24.610567080995583,24.43953207978958,24.51389595923092,8277616
2012-08-09,24.435810089111328,24.528765296021316,24.376320175649305,24.42093761074582,7844935
2012-08-10,24.580825805664062,24.591980906582027,24.391199436647543,24.424663261317313,6333055
2012-08-13,24.536209106445312,24.55108158940008,24.42094514641958,24.48787279780022,5512922
2012-08-14,24.60312843322754,24.64774734775955,24.502738462177092,24.60312843322754,5730721
2012-08-15,24.696086883544922,24.792759486618493,24.573386700086015,24.62915924200662,7341601
2012-08-16,24.699796676635742,24.725824249025113,24.53991534037512,24.662615486139146,5578783
2012-08-17,24.510168075561523,24.75928572359443,24.42465060644576,24.75928572359443,8464360
2012-08-20,24.439525604248047,24.577098227433662,24.4246531279172,24.532479320357606,6974781
2012-08-21,24.279645919799805,24.521327371841288,24.26105458407858,24.43952726836823,8775323
2012-08-22,24.36888313293457,24.439528141883155,24.194129300776577,24.209001778651682,6578158
2012-08-23,24.290803909301758,24.45812152664666,24.223877749214125,24.391195366559028,7297416
2012-08-24,24.480432510375977,24.50274123112111,24.201569805851985,24.201569805851985,7971863
2012-08-27,24.435810089111328,24.532482676570833,24.380037556198822,24.461837665292823,6196540
2012-08-28,24.439525604248047,24.502734367695908,24.190407930497557,24.372597982675718,5737807
2012-08-29,24.394912719726562,24.53992161687703,24.394912719726562,24.472995456865654,5656732
2012-08-30,24.31682777404785,24.398627879744094,24.227591429477737,24.301955296300108,6302418
2012-08-31,24.36888313293457,24.502736911894186,24.316827982288032,24.354010655059465,8617757
2012-09-04,24.339139938354492,24.417222674716196,24.008223566383144,24.264777539082203,9572530
2012-09-05,24.44696617126465,24.47671112919332,24.29452104475456,24.41350235455301,7666945
2012-09-06,24.881994247436523,24.88571310665191,24.472996594109507,24.52876913575264,12316382
2012-09-07,24.796466827392578,25.000967050352923,24.72582183330932,24.874549536931994,9034598
2012-09-10,24.982385635375977,25.027003077324977,24.785321571558026,24.837376731915803,11429554
2012-09-11,25.034435272216797,25.097644040073675,24.98609898172817,25.008406219696926,9660275
2012-09-12,25.224061965942383,25.238934443540675,24.96007031527994,25.034435659438685,12207586
2012-09-13,25.75575828552246,25.75575828552246,25.1608532675897,25.1608532675897,16552105
2012-09-14,25.383949279785156,25.72601930106335,25.26868533419812,25.72601930106335,14726136
2012-09-17,25.699983596801758,25.726009689947098,25.339322369858223,25.343038271616937,13707586
2012-09-18,25.621902465820312,25.69998370174203,25.510357420765445,25.577285039031743,10854940
2012-09-19,25.78550910949707,25.878462844287927,25.66652631877079,25.677679939218756,11461651
2012-09-20,25.975135803222656,25.975135803222656,25.64793534124988,25.70742525936578,11779491
2012-09-21,25.885892868041992,26.02346697178017,25.885892868041992,25.99000316039343,19436640
2012-09-24,25.88218116760254,25.945392905833184,25.781792661846822,25.878465264550773,8572322
2012-09-25,25.8673095703125,26.17963758824109,25.859874807787154,25.952828554445997,14805336
2012-09-26,25.726011276245117,25.937947760902308,25.688831563197354,25.867301280627558,11930179
2012-09-27,25.774356842041016,25.897058512153393,25.673968328890314,25.763203219728297,7479992
2012-09-28,25.491771697998047,25.781789470207343,25.435997685111243,25.781789470207343,25240725
2012-10-01,25.685115814208984,25.867304411847893,25.395098054027855,25.465744542854313,11205294
2012-10-02,25.48432731628418,25.878455293683352,25.435991033555986,25.81152767818789,14995415
2012-10-03,25.963977813720703,26.023470684767194,25.491771441075628,25.56613383467436,19096290
2012-10-04,26.317203521728516,26.417594967027643,25.986287185502675,26.004878522354446,14207586
2012-10-05,26.625818252563477,26.737363341109116,26.458499141661,26.469655719833188,13432889
2012-10-08,26.517988204956055,26.607223080475993,26.3432343566038,26.573759263114116,7843476
2012-10-09,26.361827850341797,26.58491803856846,26.309775640945574,26.428755498043433,13508962
2012-10-10,26.164764404296875,26.406445912819652,26.03090912075567,26.406445912819652,8959358
2012-10-11,25.999963760375977,26.359514937998025,25.992471746040952,26.277117669053467,10342018
2012-10-12,25.947528839111328,26.269625903606197,25.91382072978064,26.07112325482507,12070446
2012-10-15,26.984996795654297,27.0037208862599,25.95503483585644,26.029940131528182,32805544
2012-10-16,27.01494598388672,27.142286414455214,26.77150016728567,27.003707961602426,14045852
2012-10-17,25.857648849487305,26.94753472493363,25.59547592520164,26.887610506039387,44251563
2012-10-18,24.95876693725586,25.022438639803227,24.164760781133012,24.749030726192018,70934556
2012-10-19,24.77524185180664,25.24715232643305,24.70408112661665,25.235914306687594,24333681
2012-10-22,24.64790916442871,24.719069911890937,24.4456619675562,24.59172947023492,23650896
2012-10-23,24.4793701171875,24.66663626106192,24.243414805683212,24.389482308572806,20737182
2012-10-24,24.554275512695312,24.756522698659342,24.299593154245613,24.528057926452476,15727803
2012-10-25,24.636667251586914,24.831423879307707,24.516817362729654,24.696592940452536,17814298
2012-10-26,24.52431297302246,24.68161700836661,24.318321259526353,24.65165490215793,17067111
2012-10-31,24.53180503845215,24.756523813223872,24.42319016991286,24.647908944684584,14188203
2012-11-01,24.513076782226562,24.823937341801983,24.490605203620067,24.629180682797237,14941851
2012-11-02,24.329561233520508,24.704092080703283,24.30708965068695,24.67412997025854,13617132
2012-11-05,24.359516143798828,24.40820530331728,24.232175723173356,24.262137824761922,9482493
2012-11-06,24.277118682861328,24.456894268713924,24.258393113954135,24.370752482893494,11469571
2012-11-07,24.164762496948242,24.333301572557552,23.749033074886793,24.108582805078473,24128595
2012-11-08,23.77524757385254,24.29959030395971,23.77150156673972,24.209703999740686,17642559
2012-11-09,24.284608840942383,24.404458733406937,23.850152422430615,24.02992800556446,19119842
2012-11-12,24.295852661132812,24.464391762548942,24.277125598017307,24.33330529848935,13703627
2012-11-13,24.224681854248047,24.483108666966125,24.202210281158184,24.205954798902898,12303668
2012-11-14,23.87263298034668,24.370759764059695,23.808962751516784,24.24341781752541,14034181
2012-11-15,23.670385360717773,23.94753785411181,23.569261006832857,23.906339208700306,13172363
2012-11-16,23.5505313873291,23.752778571484107,23.509332748994357,23.6516542349695,17783243
2012-11-19,23.565513610839844,23.790232384652786,23.46438926929945,23.68910804311239,18098583
2012-11-20,23.62543487548828,23.8089564748961,23.453151297793,23.520566028201287,17339308
2012-11-21,23.719070434570312,23.775250125172864,23.59547451969501,23.69659885610413,9191121
2012-11-23,24.146041870117188,24.153532397975425,23.76027447435704,23.775255530073515,5827845
2012-11-26,24.104841232299805,24.116076278722293,23.790234621604945,23.999972362068185,11596915
2012-11-27,23.992483139038086,24.164766763793082,23.943793964895477,24.018699241365255,10685911
2012-11-28,24.183488845825195,24.19097937192921,23.83142965231389,23.913825439458055,8485619
2012-11-29,24.374502182006836,24.423191351487873,24.18349151198478,24.28836037787668,10914548
2012-11-30,24.34453773498535,24.494349748060536,24.21719730054031,24.38948089224564,13151938
2012-12-03,24.078617095947266,24.464384354973724,24.03741846289238,24.37824257069934,13778449
2012-12-04,24.116077423095703,24.333305701106816,23.99248297333691,24.04117214714325,12975198
2012-12-05,24.172250747680664,24.26962906960424,23.999967169565192,24.074872425757093,10307837
2012-12-06,24.187231063842773,24.265883813765083,24.05614612505371,24.157268962276596,8853897
2012-12-07,24.54303741455078,24.576745524875285,24.04865675937184,24.168506660290195,19290955
2012-12-10,24.4681339263916,24.70034472227149,24.243415146136265,24.370757078638707,15309712
2012-12-11,24.782737731933594,24.850153953985032,24.46064065124189,24.468131177150475,16099000
2012-12-12,24.72281265258789,25.037419196273518,24.67037748420323,24.797717909031533,19106294
2012-12-13,24.464387893676758,24.730305299041376,24.299593337620156,24.722814772754642,14284702
2012-12-14,24.475624084472656,24.546784827636287,24.32955659061741,24.340791635452913,13712797
2012-12-17,24.41944694519043,24.602967089129866,24.355775232681445,24.56176844638846,16745519
2012-12-18,24.69285774230957,24.756527973268977,24.23967410889305,24.3932321626406,21209879
2012-12-19,24.47187614440918,24.74153804340513,24.404459925223144,24.711575941044266,18059400
2012-12-20,24.550525665283203,24.56176219730816,24.381986618152805,24.494345982906403,11484368
2012-12-21,24.73779296875,24.74153748702385,24.34453517304783,24.423186434413452,31168404
2012-12-24,24.520559310913086,24.737787477674164,24.486851209560314,24.737787477674164,4894331
2012-12-26,24.367008209228516,24.55801885223889,24.307084002264077,24.550528326368337,9052730
2012-12-27,24.363256454467773,24.524303457288337,24.20595248015952,24.333292871011047,10701542
2012-12-28,24.12731170654297,24.35203049117091,24.104840125855045,24.262142679544862,11238850
2012-12-31,24.53180503845215,24.54304008386616,23.973752620369414,24.018695779774042,19018133
2013-01-02,25.0181941986084,25.33043495032131,24.69814876808948,25.213343923991847,20266400
2013-01-03,25.97052001953125,26.056386355990206,25.556803646863013,25.681699324144812,22148200
2013-01-04,25.814407348632812,26.095423450451104,25.642674624688585,26.01736474561212,15820100
2013-01-07,26.025161743164062,26.025161743164062,25.642667055756856,25.77537038811162,13120000
2013-01-08,26.032974243164062,26.196902288597787,25.82221514342549,25.98614021111048,15042300
2013-01-09,26.204694747924805,26.313978075419108,25.830007777481196,26.27494874099219,11313000
2013-01-10,26.42327117919922,26.49352519825973,26.27495846240412,26.306183132597333,9668400
2013-01-11,26.156766891479492,26.556527377500686,26.117575449153886,26.556527377500686,8554700
2013-01-14,26.148927688598633,26.31353352715019,25.976481768145494,26.242987740611646,6848700
2013-01-15,25.882421493530273,26.148927463704336,25.843230054704843,26.015672983559746,12815200
2013-01-16,25.631589889526367,25.99215587141232,25.55320403034586,25.984318780551664,17500300
2013-01-17,25.694297790527344,25.84322944068661,25.608074833090935,25.74916640160232,20270400
2013-01-18,25.66295051574707,25.76484767245499,25.561050368923627,25.70997905265364,14984300
2013-01-22,25.788360595703125,25.866743470780698,25.514014552701592,25.69429755747202,18077900
2013-01-23,25.717819213867188,25.98432522090627,25.56888753956811,25.87458499085386,14987600
2013-01-24,25.70998191833496,25.827559253937817,25.53753894693085,25.592407572847957,17422200
2013-01-25,25.7021427154541,25.80403987515755,25.63159691790485,25.733497067723906,15872000
2013-01-28,25.866743087768555,25.952966043146176,25.670782912861217,25.717814431280367,13671600
2013-01-29,26.12541389465332,26.21947394836399,25.83539066136302,25.843230743406107,14644400
2013-01-30,26.039188385009766,26.180279946827962,25.976479695261723,26.180279946827962,10418800
2013-01-31,26.556522369384766,26.556522369384766,25.952964703022065,25.992156137956822,33862200
2013-02-01,26.54868507385254,26.744645259201555,26.34488779674022,26.587876512899317,18334300
2013-02-04,26.2586727142334,26.384087150875843,26.156772550050153,26.156772550050153,14632500
2013-02-05,26.525175094604492,26.642752420859072,26.37624640611556,26.399760675320227,14138000
2013-02-06,26.72896385192871,26.838704050039,26.3919121473052,26.3919121473052,13351600
2013-02-07,26.95629119873047,26.95629119873047,26.674107963586867,26.83871684416469,11918500
2013-02-08,26.971965789794922,27.167926018721104,26.877905717142777,26.95628861266693,10237900
2013-02-11,26.854379653930664,27.034665636749615,26.838705472056233,26.97979403972984,7928300
2013-02-12,26.885738372802734,27.042507128090083,26.81519258242919,26.862224106049986,7069100
2013-02-13,27.011152267456055,27.105215312916226,26.846546423073626,26.877900771560352,6688100
2013-02-14,27.19927978515625,27.238471232071337,26.87006505281492,26.87006505281492,8561700
2013-02-15,27.49713706970215,27.5128112546118,27.261982434441816,27.30901395951696,10014100
2013-02-19,27.293336868286133,27.661743007217343,27.238468250587708,27.575520039372556,9585000
2013-02-20,27.05817222595215,27.33251518267303,27.05033214712357,27.19926374372688,7814000
2013-02-21,26.854379653930664,27.034665636749615,26.752482521172773,27.01898846476037,6572700
2013-02-22,27.081693649291992,27.081693649291992,26.65841898394954,26.79167344827502,7902900
2013-02-25,26.86222267150879,27.309011656642625,26.846545497805742,27.120888562321205,8702900
2013-02-26,26.6976261138916,26.99548354745043,26.603563038973483,26.940614915472953,7392400
2013-02-27,26.854379653930664,27.00331129277112,26.53300510343811,26.68977383321578,10667200
2013-02-28,26.485979080200195,26.932768058708252,26.485979080200195,26.893576620089405,16553600
2013-03-01,26.337045669555664,26.580037356959426,26.297854233552453,26.40759145040741,14586800
2013-03-04,26.89358139038086,26.909258566632182,26.180286316581675,26.266506300790503,6613700
2013-03-05,27.175756454467773,27.19927370945619,26.94060483538906,26.948444917090217,7653800
2013-03-06,26.86222267150879,27.19927443083644,26.768162619405654,27.175757175224295,6412100
2013-03-07,26.987632751464844,27.073855697973464,26.775995425520414,26.885732633762412,5666000
2013-03-08,27.183591842651367,27.183591842651367,26.924923013245984,27.042500297541984,5152100
2013-03-11,27.37956428527832,27.395241462899023,27.05818961934364,27.113058245958154,4903400
2013-03-12,27.41874885559082,27.434426029278512,27.27765728251675,27.301174538105855,4980100
2013-03-13,27.442262649536133,27.45793982295445,27.20711102849157,27.348202599141327,4442400
2013-03-14,27.544158935546875,27.54415893554687,27.37955312281205,27.457935988843488,6809800
2013-03-15,26.760324478149414,27.50497383741266,26.75248738578712,27.371719346330746,13695200
2013-03-18,26.227312088012695,26.658423924033332,26.21163491341545,26.60355530800063,8895900
2013-03-19,26.290023803710938,26.446792577560444,26.07838640753145,26.27434662731442,7540600
2013-03-20,26.501665115356445,26.50950220965476,26.25867333048331,26.384087770069033,6664900
2013-03-21,26.24298095703125,26.509486860607964,26.1175665900607,26.478132521336736,5889800
2013-03-22,26.407596588134766,26.407596588134766,26.125416399943152,26.258667906301792,5058700
2013-03-25,26.493824005126953,26.71330150849109,26.313540942085115,26.46246964891551,7022200
2013-03-26,26.924924850463867,26.924924850463867,26.533004529553974,26.533004529553974,5855400
2013-03-27,27.128726959228516,27.152241223265012,26.697615174574665,26.752483784069792,8637100
2013-03-28,27.685253143310547,27.70093031604423,27.066018275847437,27.120886885357844,11468200
2013-04-01,27.67742156982422,27.67742156982422,27.395238384591295,27.57552142179776,6024900
2013-04-02,28.31232452392578,28.335841777603548,27.700929750372097,27.787152703589133,10956900
2013-04-03,28.469085693359375,28.523954287170067,28.139874130495237,28.320157080175232,10143200
2013-04-04,28.727767944335938,28.915888071224312,28.570999178518623,28.62586779803736,7713000
2013-04-05,28.461252212524414,28.64937227512062,28.36718919111183,28.508280733116226,8250200
2013-04-08,28.649375915527344,28.649375915527344,28.163395536934576,28.46125582902718,5584300
2013-04-09,28.735607147216797,28.8061529475092,28.53180982976969,28.65722425361,5444700
2013-04-10,29.08048439025879,29.111838731159917,28.735595610689934,28.79046421220965,6689200
2013-04-11,29.324420928955078,29.544726857660393,29.111981782799308,29.12771834934157,6812200
2013-04-12,29.214256286621094,29.308672646689903,29.056893685545106,29.198519726369298,5373100
2013-04-15,28.427438735961914,29.182775418874712,28.41170217988775,28.986072970109433,8227700
2013-04-16,28.639881134033203,28.70282436434615,28.246476189892313,28.54546178640149,7866000
2013-04-17,29.3322696685791,29.48963223576136,28.687085844429035,28.986074421931193,14361800
2013-04-18,29.017541885375977,29.481759717378665,28.80510291126213,29.46602316358052,7750800
2013-04-19,29.26933479309082,29.34801459840858,29.04115915565027,29.151312083672003,6665900
2013-04-22,29.025405883789062,29.28505449444867,28.76576027456991,29.1119554206756,5354200
2013-04-23,29.27720069885254,29.379486843865187,29.001818387020894,29.198520895884094,5291200
2013-04-24,28.73429298400879,29.38734352834662,28.632006874133808,29.324400307882748,5434100
2013-04-25,28.710693359375,28.97033905466229,28.679220244357918,28.81297648101834,5321400
2013-04-26,28.687091827392578,28.875927547683023,28.52186244803966,28.6084120281127,6126800
2013-04-29,28.899517059326172,28.946726717170378,28.639871444784344,28.71068443083039,3111800
2013-04-30,29.04901695251465,29.09622662197154,28.702821714154553,28.875920834055226,6425500
2013-05-01,29.025405883789062,29.26931794215653,28.812966930005874,28.930989571476687,5458500
2013-05-02,29.1591796875,29.229992707574635,28.978213747629713,29.072630107248568,4202800
2013-05-03,28.954599380493164,29.30866438272029,28.805106602415545,29.30866438272029,5363500
2013-05-06,28.20712661743164,28.938859880440837,28.16778673261798,28.915256549840805,8604900
2013-05-07,28.37235450744629,28.38809105920367,27.994686269590144,28.12057568220886,8347700
2013-05-08,28.55331802368164,28.55331802368164,28.23072624254421,28.333009318471614,6767500
2013-05-09,28.466773986816406,28.608399966965,28.325148006667813,28.474640762851024,4861500
2013-05-10,28.45891571044922,28.647751427441797,28.293686333981903,28.521861949927377,6667100
2013-05-13,28.600542068481445,28.77364122754514,28.3566328913738,28.36449967067582,6217100
2013-05-14,29.15130043029785,29.19064031723042,28.498249903182483,28.655609450912753,6309000
2013-05-15,29.631256103515625,29.662729214964592,29.182774770411665,29.214247881860636,7853100
2013-05-16,28.97821617126465,29.48177413327029,28.97034638979707,29.466037571777335,6137600
2013-05-17,28.789382934570312,29.064765281002877,28.553340494564907,28.970348905289207,7049800
2013-05-20,29.749279022216797,29.843695355920758,29.009675904119224,29.072622127549288,8885200
2013-05-21,29.67845916748047,29.89876489572487,29.56043652652643,29.780742254770832,6986600
2013-05-22,29.67845916748047,30.50460864983741,29.584039854141064,29.709929270486498,9982400
2013-05-23,29.489625930786133,29.788614444363603,29.347999950746313,29.49749570825539,7067600
2013-05-24,29.709949493408203,29.772895745147295,29.198524704519247,29.245731391881083,5429900
2013-05-28,30.339378356933594,30.402321562318257,29.859424034934126,29.88302736177333,8425100
2013-05-29,29.67845916748047,30.26069659253794,29.3716039027285,30.103334071746037,8678100
2013-05-30,29.647001266479492,29.780757526808625,29.481771885563983,29.67847438706587,7569500
2013-05-31,28.852312088012695,29.62338828417934,28.812972200806072,29.497498844253542,11796200
2013-06-03,29.23786163330078,29.253598194632808,28.427448234075538,28.82085326304968,10555000
2013-06-04,28.954599380493164,29.277191271090963,28.74216037915689,29.159171604642673,6066400
2013-06-05,28.56119728088379,29.23785423984191,28.52972416617843,28.89165898240722,7084800
2013-06-06,28.828704833984375,28.828704833984375,28.348750471612203,28.513982777706648,6912400
2013-06-07,29.51323699951172,29.54471011476052,29.033285498454116,29.072625391794382,5996500
2013-06-10,29.49749755859375,29.568310553055664,29.18277247177617,29.481761004108787,5029900
2013-06-11,28.97821617126465,29.355884642768878,28.97034638979707,29.222125370799887,5128500
2013-06-12,28.67134666442871,29.269323764724177,28.65561010900609,29.17490743362949,5271200
2013-06-13,28.87592124938965,28.95460103150823,28.419570109066253,28.584802453821347,6472000
2013-06-14,28.962474822998047,29.190647423329104,28.789375676626747,28.860188690920303,4817800
2013-06-17,29.025405883789062,29.371604031335202,28.891649691466565,29.167031852977857,6356000
2013-06-18,29.51323699951172,29.615523123349586,29.00967916129678,29.096228727510248,5541500
2013-06-19,28.490385055541992,29.324404609478254,28.490385055541992,29.324404609478254,6741400
2013-06-20,27.672109603881836,28.39597645212141,27.593429794949024,28.380239890046386,8336800
2013-06-21,27.99469757080078,28.215003381458946,27.782258538476885,27.853071549251517,10122700
2013-06-24,27.514745712280273,27.837337681105804,27.29443687889177,27.766524663488404,7535800
2013-06-25,27.62489128112793,27.837330277479786,27.436055617223705,27.758647500252586,6003700
2013-06-26,28.010438919067383,28.159934761977382,27.6485069861822,27.860946077599777,6877400
2013-06-27,27.821592330932617,28.1520509744405,27.711439449763322,28.14418419783165,5625400
2013-06-28,27.44393539428711,28.183535761034285,27.436065612976673,27.774394174713887,20356100
2013-07-01,27.561948776245117,27.908147039849663,27.45966565421783,27.514742104983743,6346900
2013-07-02,27.428197860717773,27.782262971081316,27.262968476362133,27.51474744341131,5793200
2013-07-03,26.948238372802734,27.31803997662802,26.53123009713013,27.31803997662802,8381100
2013-07-05,27.47540283203125,27.483272612573145,27.137077304776113,27.207890322443898,4664300
2013-07-08,27.86094093322754,27.90815061197301,27.491139286659283,27.49900906717112,7545600
2013-07-09,27.33377456665039,27.978958381276982,27.325904787614714,27.900275598126616,10291400
2013-07-10,27.33377456665039,27.703573142412626,27.310168230984644,27.38098123509933,9108500
2013-07-11,27.942058563232422,28.076358973926652,27.46806384997196,27.665562149427966,9019200
2013-07-12,27.902570724487305,28.100069103348957,27.736672809504185,28.005270725299475,6218100
2013-07-15,28.028966903686523,28.060567364563035,27.76827063541985,27.831468543587054,6487200
2013-07-16,28.202760696411133,28.210659303232994,27.910464026638888,27.989462149198346,8492000
2013-07-17,28.297574996948242,28.81897073506203,28.22647544113332,28.344975705353825,7979400
2013-07-18,28.202760696411133,28.46345691172551,28.123759560266468,28.376557168758982,6896400
2013-07-19,28.33707046508789,28.3528706992072,28.06057390196626,28.22647183983924,7137500
2013-07-22,28.28176498413086,28.392363585257645,28.107968473896996,28.25016452278439,4782400
2013-07-23,28.976961135864258,29.071759509818452,28.360767184783022,28.384466024875078,9104400
2013-07-24,28.795259475708008,28.992757821887643,28.597761129528372,28.992757821887643,6060600
2013-07-25,28.897958755493164,28.91375597084734,28.629360890689203,28.771556923975506,7492500
2013-07-26,29.055957794189453,29.11125709396984,28.55826409616596,28.905860125297803,5387400
2013-07-29,29.02436065673828,29.19025855785056,28.83476090290578,28.929559273029106,5587300
2013-07-30,29.134963989257812,29.316662150497688,28.96116443781691,29.213962141592944,6193400
2013-07-31,28.937467575073242,29.356163235556902,28.897968496202687,29.12706435908652,7966200
2013-08-01,29.103364944458008,29.285063114573024,28.976966086395976,29.142864022554924,7479900
2013-08-02,29.032264709472656,29.206064265278375,28.976965398732002,29.06386517663486,7944100
2013-08-05,28.795259475708008,29.05595572560061,28.787357854252885,28.945357133913713,6511300
2013-08-06,28.518774032592773,28.708373864308673,28.447674472397697,28.637274304113596,9510400
2013-08-07,28.38446617126465,28.66886430817996,28.305468028159723,28.495064777045936,7220100
2013-08-08,28.376562118530273,28.716259529243306,28.171165155896823,28.59776232473445,4804500
2013-08-09,28.35286521911621,28.47136544531385,28.24226661524425,28.281765686114817,5030400
2013-08-12,28.360769271850586,28.46346626219761,28.218570193661883,28.2738695003368,4986900
2013-08-13,28.392370223999023,28.46346977186024,28.234373907495485,28.384471613608472,4600200
2013-08-14,28.131671905517578,28.39236822021913,28.060572362674183,28.368669377133447,4960600
2013-08-15,27.6734676361084,28.100064792262074,27.61026973163321,28.052664103716452,6521200
2013-08-16,27.626068115234375,27.64976695113086,27.294269344756376,27.58656603729298,10522400
2013-08-19,27.55497932434082,27.61817724920362,27.41278022641626,27.531277465628985,5603500
2013-08-20,27.42068099975586,27.610280816472304,27.40488076389725,27.57078173361921,4494900
2013-08-21,27.365371704101562,27.539171221595094,27.20737241670615,27.396972164297797,5413200
2013-08-22,27.38906478881836,27.452265695934173,27.199468094641155,27.38906478881836,4197500
2013-08-23,27.523378372192383,27.547077216901787,27.19948110228877,27.531276982566663,4017400
2013-08-26,27.27057647705078,27.57077485630853,27.27057647705078,27.5154755513908,3405700
2013-08-27,26.86767578125,27.12047645655147,26.851878564280383,27.11257483448082,5300700
2013-08-28,26.662281036376953,26.88347825544231,26.646480804502843,26.836080573406072,7262000
2013-08-29,26.646482467651367,26.962481097684535,26.48058454299778,26.567484316936213,5676100
2013-08-30,26.330488204956055,26.646483837649495,26.25148703659287,26.63858522760639,7336800
2013-09-03,26.014488220214844,26.68598154202779,25.832790062707648,26.60698339131554,14068300
2013-09-04,26.433170318603516,26.685967887839404,26.02237351519901,26.077672795120318,11838000
2013-09-05,26.654388427734375,26.662287038656537,26.456890005225805,26.46478861614797,6317400
2013-09-06,26.46478843688965,26.66228685806047,26.26729001571883,26.63858801186773,6664200
2013-09-09,26.701778411865234,26.701778411865234,26.433180514252037,26.46478097599145,5716200
2013-09-10,26.930879592895508,27.009877740562693,26.843979822309908,26.89138051906192,7285500
2013-09-11,27.4522762298584,27.610275544689948,26.930880600424683,26.946680833266466,9500200
2013-09-12,27.460182189941406,27.57868246118142,27.32588469521734,27.460182189941406,7105600
2013-09-13,27.547073364257812,27.570775219238914,27.310075909549788,27.570775219238914,4882300
2013-09-16,27.657663345336914,27.886762119288058,27.610265677336816,27.728762860922263,5714500
2013-09-17,27.626068115234375,27.66556717959033,27.507567908581066,27.64976695113086,4759700
2013-09-18,28.16326904296875,28.179066260767648,27.562872304686646,27.649772070510583,6753100
2013-09-19,27.918376922607422,28.218575366433903,27.878877841111326,28.17117466048654,6493500
2013-09-20,27.878873825073242,28.02107290884437,27.815672892914378,27.957871976685507,7915200
2013-09-23,27.74456024169922,27.855158807132995,27.705061184556428,27.847260201138393,5718700
2013-09-24,27.144174575805664,27.728768022926612,27.112574115532702,27.705069184514773,9829500
2013-09-25,26.599082946777344,27.136278833466964,26.346285236992394,27.11257998992038,26193500
2013-09-26,26.591176986694336,26.75707487283724,26.448977937547394,26.662276511267805,8040800
2013-09-27,26.180381774902344,26.425280822970457,26.10928224569455,26.425280822970457,11822900
2013-09-30,26.219886779785156,26.40158494809981,26.085589312869025,26.109288156775058,9418700
2013-10-01,26.68597984313965,26.701780074993476,26.164584246307676,26.204083319149202,7182000
2013-10-02,26.780786514282227,26.796583735664502,26.4410889964164,26.448987607107536,8420200
2013-10-03,26.298877716064453,26.70177297363544,26.283077488412708,26.693874366602213,8189800
2013-10-04,26.512189865112305,26.630687112890875,26.27518934238151,26.314691438561194,7477600
2013-10-07,26.46478843688965,26.614886152088243,26.164589992905718,26.243591169526095,5543300
2013-10-08,26.077686309814453,26.535884025004755,26.06188909043699,26.504283559077223,8158500
2013-10-09,26.204086303710938,26.37788586031217,25.872290437748322,26.0934876817234,8165400
2013-10-10,26.688026428222656,26.711825721600043,26.39449071324897,26.450024415369402,7731400
2013-10-11,26.783218383789062,26.894288780200473,26.52934924470927,26.68008612665961,5039200
2013-10-14,26.973623275756836,26.997422563153496,26.481752169285325,26.58488443224354,6817400
2013-10-15,26.743558883666992,27.116430603116523,26.664225891867353,26.90222789362592,11037300
2013-10-16,28.480972290039062,28.615838945562704,27.16402500184655,27.251290059113046,16953000
2013-10-17,29.4885196685791,29.567855681653942,28.473042912096815,28.473042912096815,17370200
2013-10-18,29.583711624145508,29.583711624145508,29.27430885681686,29.488508444691846,11752300
2013-10-21,29.24258041381836,29.488514444886153,29.179111614601563,29.488514444886153,7663800
2013-10-22,29.369535446166992,29.48853498806109,29.131533336017775,29.306066602734653,9726300
2013-10-23,29.53611946105957,29.55991875033953,29.20291730570306,29.28225028754244,7571500
2013-10-24,29.52025032043457,29.845520366786065,29.512318233315344,29.528185433912867,6311200
2013-10-25,29.551986694335938,29.647186877916962,29.337784011509182,29.544054606687215,6310200
2013-10-28,29.575786590576172,29.718588382057828,29.48851849285301,29.61545610871167,4799700
2013-10-29,29.575786590576172,29.718588382057828,29.55991938859384,29.6392553985055,5263700
2013-10-30,29.30605697631836,29.655129447811287,29.194989563156074,29.615462946876193,4969200
2013-10-31,28.99665069580078,29.464722616243208,28.996650695800778,29.361587304590554,8172100
2013-11-01,29.321910858154297,29.385379651898404,29.044242451420484,29.107708218805932,5557400
2013-11-04,29.33777618408203,29.369510578928608,29.10770636098204,29.33777618408203,5645300
2013-11-05,29.63925552368164,29.69478921767467,29.091847645236975,29.23464943732173,9035800
2013-11-06,29.797910690307617,29.98831097382716,29.385372707538014,29.710642632712016,7082400
2013-11-07,29.86138916015625,30.250128029632716,29.80585546828236,29.837589871170078,9474200
2013-11-08,30.24220085144043,30.258068057047925,29.52819475726329,29.75826167267191,8753900
2013-11-11,30.067646026611328,30.51191535879239,29.893109916764285,30.28184558242271,6867600
2013-11-12,29.726520538330078,30.123191469340153,29.583718761057728,30.012124092874778,6015600
2013-11-13,29.964523315429688,29.97245540266998,29.488516369316102,29.647185351353965,6144600
2013-11-14,29.956584930419922,30.21045708977185,29.88518404761818,30.059720211435508,4353100
2013-11-15,30.1866512298584,30.265987216068016,29.948649323946405,29.964516521188326,6520500
2013-11-18,30.099390029907227,30.265994125803974,30.051791453673115,30.17872603422928,4580900
2013-11-19,30.71026611328125,30.726133315421176,30.043858755201033,30.091460361620822,9906100
2013-11-20,30.289791107177734,30.789597304086602,30.075588451359646,30.74199570511851,6413400
2013-11-21,30.2025203704834,30.51985828302414,30.139054603790424,30.448457404020402,5049100
2013-11-22,30.3453311920166,30.44053138366971,30.17873010003378,30.250131000363492,4463500
2013-11-25,30.265989303588867,30.670592268909893,30.170786113570927,30.448457544918636,4592400
2013-11-26,30.2025203704834,30.37705652501667,30.06765372478669,30.37705652501667,4831200
2013-11-27,30.40085220336914,30.734057274651132,30.146983113991556,30.734057274651132,4510100
2013-11-29,30.297719955444336,30.543656984287423,30.210454906201853,30.496055390407243,3512700
2013-12-02,30.258054733276367,30.392924408371822,30.170786654042608,30.33739072637919,5641200
2013-12-03,29.829652786254883,30.131123541049867,29.55991643225075,30.107324253636246,7798700
2013-12-04,29.63925552368164,30.027991381632866,29.417120747709514,29.631320409477297,5092700
2013-12-05,29.290189743041992,29.607527802943476,29.266390447775393,29.583728507676877,5289800
2013-12-06,29.77412223815918,29.78205735237328,29.48851865363862,29.56785466398286,4055000
2013-12-09,29.5123233795166,29.813794190720216,29.480588972787885,29.80585907585824,4972400
2013-12-10,29.4409236907959,29.623391997466012,29.321921173839,29.4409236907959,5381300
2013-12-11,29.020444869995117,29.432979948106567,28.972843271893563,29.35364697762948,6185600
2013-12-12,28.790369033813477,29.06010531426559,28.77450183774474,29.012503726059382,6417800
2013-12-13,28.877649307250977,29.04425039686724,28.798313293367407,28.861782104474262,4665200
2013-12-16,28.980783462524414,29.202921289424324,28.814182362119244,28.91731767366707,6704900
2013-12-17,29.04424285888672,29.068042143695315,28.806240931724677,28.917308295976383,6911800
2013-12-18,30.24220085144043,30.289802468262916,29.075989989709758,29.083922079333494,11548800
2013-12-19,30.170793533325195,30.329462529350476,29.972458044883435,30.21046305210105,7756400
2013-12-20,30.020057678222656,30.337395649412926,29.9962583896091,30.258059643435768,8140800
2013-12-23,30.49606704711914,30.58333515607725,30.107331140763563,30.12319834478865,6313200
2013-12-24,30.297719955444336,30.503990502566555,30.234254189962662,30.432589624925566,2207600
2013-12-26,30.424644470214844,30.53571481927322,30.305645064331504,30.321512257054128,3655800
2013-12-27,30.440521240234375,30.56745579559438,30.32945388258919,30.55952370991623,2705600
2013-12-30,30.47225570678711,30.54365658349117,30.281852360123438,30.527789385739318,3081600
2013-12-31,30.408788681030273,30.59918899343917,30.32152061019353,30.448455160585596,4594200
2014-01-02,30.329463958740234,30.46433367094375,30.14699566393744,30.21839656419588,4967500
2014-01-03,30.654726028442383,30.765793393908535,30.361190415944872,30.440523383746772,4301600
2014-01-06,31.059337615966797,31.487739956008546,31.02760321259799,31.091068992976325,10130400
2014-01-07,30.821332931518555,31.218003898597864,30.734067860902925,31.122803713879435,8329300
2014-01-08,31.099014282226562,31.114881489102526,30.71821039628423,30.821342701437594,6140700
2014-01-09,31.15453338623047,31.2100670710791,30.916531447399354,31.15453338623047,4996800
2014-01-10,31.392528533935547,31.440130121947686,31.02759210491705,31.154526646591233,6360500
2014-01-13,31.201065063476562,31.64781832321563,31.161176814325334,31.201065063476562,12136000
2014-01-14,31.56804084777832,31.58399675560059,31.169152282056302,31.352640657095044,6570300
2014-01-15,31.5361270904541,31.607927149594467,31.31275048125211,31.591971242754603,5279000
2014-01-16,31.54412269592285,31.66378749349657,31.440410770068603,31.5361432167835,3716100
2014-01-17,31.432411193847656,31.79938783882167,31.28083163458816,31.79938783882167,7216400
2014-01-21,31.209047317504883,31.56804771338792,31.00162655726074,31.528159456796228,8229600
2014-01-22,30.37137794494629,31.009599100165733,29.469888851354657,30.331489693359796,12970000
2014-01-23,29.860801696777344,30.25969030822959,29.693269210354263,30.235757965391606,10207300
2014-01-24,29.182695388793945,29.67731646765924,29.174715911477374,29.67731646765924,9167400
2014-01-27,28.959321975708008,29.382146110419466,28.823701264599507,29.262478270858196,9128900
2014-01-28,29.015161514282227,29.41405019130175,28.943361430687546,29.150785246973992,7608200
2014-01-29,28.60031509399414,29.11887155823314,28.4407620680242,28.927403666478753,10404300
2014-01-30,29.142812728881836,29.214612829623317,28.83167997342869,28.91145955385246,9579800
2014-01-31,29.246505737304688,29.429994088630117,28.69604068332839,28.74390535733112,10845500
2014-02-03,28.60031509399414,29.4778719532233,28.560426837501655,29.182695203244233,12231900
2014-02-04,28.91944122314453,29.07101788845732,28.60032893026665,28.64022024933666,8237400
2014-02-05,28.99921417236328,29.198658569816345,28.70403731625115,28.815725691900063,7597300
2014-02-06,29.238548278808594,29.46192501784361,29.023147976190618,29.047080328721563,9982300
2014-02-07,29.661359786987305,29.685292131758455,29.23853879854314,29.33427122090659,12028000
2014-02-10,29.64540672302246,29.773050979524893,29.485850641574633,29.653383157619242,11207300
2014-02-11,30.275657653808594,30.31554592136497,29.557656664674898,29.557656664674898,8643000
2014-02-12,30.52295684814453,30.618692311193957,30.227780111939026,30.2596919329555,8793500
2014-02-13,30.889944076538086,30.96174416932407,30.36341107720071,30.371387512719384,7253200
2014-02-14,30.961746215820312,31.097366931558323,30.754322359270823,30.858034287545568,7253400
2014-02-18,31.057470321655273,31.264891079204666,30.953758421241147,31.081402666643587,6794100
2014-02-19,30.921865463256836,31.408510396760782,30.85804482326064,30.905912585718326,7093200
2014-02-20,31.07343101501465,31.18511936652103,30.738362917216183,30.969719098639015,8611900
2014-02-21,30.969709396362305,31.47230986396427,30.94577705518834,31.01757712198862,8335100
2014-02-24,31.097347259521484,31.392523898967195,30.969703060576496,31.009591302132225,8104600
2014-02-25,31.312747955322266,31.5281481153675,31.041503647481356,31.105327269692303,7952100
2014-02-26,31.424449920654297,31.639850174399363,31.137249582327545,31.34467340146537,8752600
2014-02-27,31.743558883666992,31.775470705436952,31.37658206314894,31.392534930755094,9189600
2014-02-28,31.735586166381836,31.89514226593884,31.448385795835115,31.607941895392123,8695700
2014-03-03,31.376571655273438,31.62388058375908,30.97768314530013,31.512192287891008,11006300
2014-03-04,32.00682067871094,32.1663767286968,31.647820327062384,31.703667531344184,9460200
2014-03-05,31.743558883666992,32.30200359152598,31.719623495700112,32.30200359152598,8285200
2014-03-06,31.695697784423828,32.09458651019298,31.695697784423828,31.8472744046355,6442000
2014-03-07,31.56804084777832,31.871197009844963,31.36859656491731,31.7834410384616,8630700
2014-03-10,31.76749038696289,31.823334551941823,31.440401830681125,31.512201906122428,5576300
2014-03-11,31.679725646972656,32.0387259249763,31.63186097209077,31.79141394606759,5117600
2014-03-12,31.63985824584961,31.823346721416073,31.46434620692521,31.46434620692521,6933000
2014-03-13,31.29680061340332,31.767489304529626,31.193088720571115,31.70366870813348,6964500
2014-03-14,31.089385986328125,31.528162943924865,31.041518247156407,31.264894943399277,7736000
2014-03-17,31.52018928527832,31.57603651292926,31.1452359106835,31.153212347045177,5768900
2014-03-18,31.695697784423828,31.823342054938777,31.496253421539247,31.51220933576355,5534300
2014-03-19,31.472318649291992,32.08660760488575,31.36860673645688,31.69569534467909,8679100
2014-03-20,31.009613037109375,31.62390212611838,30.937812934672483,31.480301921244596,11396600
2014-03-21,30.626680374145508,31.59199050184364,30.60274802093511,31.28085773698886,21663000
2014-03-24,30.658586502075195,30.84207494352963,30.419253884668514,30.84207494352963,11078000
2014-03-25,30.634658813476562,30.873991467290637,30.379370243637574,30.706458913948765,8209600
2014-03-26,30.762290954589844,31.22500016353273,30.62666724355718,30.754311478087487,8174800
2014-03-27,30.674545288085938,30.86601018262862,30.419256733175935,30.75432182026545,7404100
2014-03-28,30.56285285949707,31.105341727325456,30.483073294652176,30.77825311965945,6251400
2014-03-31,30.722400665283203,30.77824787279379,30.395312113377024,30.69846832154917,8038000
2014-04-01,30.690492630004883,30.977692934871154,30.49902474566777,30.70644854063954,5631200
2014-04-02,30.77825164794922,30.826116341288206,30.371383494893355,30.411271753768872,6340700
2014-04-03,30.834081649780273,30.913858130871454,30.554857879405795,30.905881700073405,6029600
2014-04-04,30.818130493164062,31.512195724082947,30.794195110526758,31.009595294593616,7367600
2014-04-07,30.45115852355957,30.98567090484647,30.387337921135437,30.762294231443605,5892800
2014-04-08,30.01238441467285,30.475096759411223,29.98845206693784,30.475096759411223,9560100
2014-04-09,30.020374298095703,30.18790687686749,29.796994483119715,30.09217440946651,13694800
2014-04-10,29.72516632080078,30.23574609943773,29.621457513684085,30.17192248587909,9788100
2014-04-11,29.709142684936523,29.89372099755878,29.412212622140338,29.65296680984956,10490300
2014-04-14,30.286935806274414,30.31903409910435,29.781350192620952,29.83752603176538,12726800
2014-04-15,30.471525192260742,30.54375173502403,29.88568903933841,30.311021423747352,10725400
2014-04-16,30.800552368164062,31.217860885232476,30.14248976161312,31.09748230981404,10953300
2014-04-17,31.24193572998047,31.30613539260498,30.607947606783622,30.70424863139758,9824900
2014-04-21,31.065391540527344,31.290098087169458,30.856738741526147,31.19379396945624,6920300
2014-04-22,30.977102279663086,31.21785941919363,30.96907847031069,31.097480849428358,6220000
2014-04-23,30.977102279663086,31.153656698957697,30.91290262078135,31.081430169369373,3557500
2014-04-24,30.84067726135254,31.017231687345994,30.575845622362355,31.017231687345994,4421300
2014-04-25,30.51967430114746,30.8487056502978,30.407322581148044,30.808580473348687,4232000
2014-04-28,30.79252052307129,30.83264568794445,30.319036230318787,30.720294001758067,4433600
2014-04-29,30.928966522216797,31.07341964314362,30.70425996668868,30.79253721407235,4415600
2014-04-30,31.089452743530273,31.249953399230602,30.88882386255109,30.94499970431696,5339700
2014-05-01,31.033283233642578,31.209837681977415,30.8085797985653,31.017235612298233,3652400
2014-05-02,30.945003509521484,31.169706904215996,30.888827660847856,31.033277656469934,4774500
2014-05-05,31.16971206665039,31.402442370474812,30.696227648442452,30.712278330915307,7593500
2014-05-06,30.96105194091797,31.153653961996582,30.920923713618823,31.105501926049964,4776500
2014-05-07,31.04934310913086,31.129596546386765,30.72833854417406,31.017244795584105,4990200
2014-05-08,31.081430435180664,31.2660086654062,30.93697737476864,31.049329074788165,3962800
2014-05-09,31.29009437561035,31.3141688715053,30.985137495069228,31.041313359727457,4409000
2014-05-12,31.51478385925293,31.60306105352859,31.322178793437512,31.354280147965692,4013200
2014-05-13,31.827775955200195,31.916053181490536,31.514795288428832,31.60307251471917,6265300
2014-05-14,32.04444885253906,32.19692571778065,31.916046476189802,31.988273004220893,7183100
2014-05-15,31.490707397460938,32.044441952224375,31.338227503699596,31.506755012364103,8821600
2014-05-16,31.346256256103516,31.932092198583163,31.169701868024788,31.787639164946686,11024400
2014-05-19,31.803709030151367,32.05248702378874,31.63517834832754,31.795682156021158,6464500
2014-05-20,31.731475830078125,31.96420614946825,31.578995867065007,31.96420614946825,5438900
2014-05-21,31.747528076171875,31.83580224798931,31.587024294163342,31.739501203326192,4352500
2014-05-22,31.819738388061523,31.91603938358426,31.49070718045152,31.6752853641007,3800900
2014-05-23,31.77962875366211,31.883956678951844,31.707402199439255,31.82778081026243,3521800
2014-05-27,31.763582229614258,31.819758100249324,31.58702774398671,31.715430171346195,4711800
2014-05-28,31.835796356201172,31.916049763030607,31.7394953293603,31.835796356201172,3681300
2014-05-29,31.77962875366211,32.012359101864114,31.73950357050613,31.843831495795865,3225200
2014-05-30,32.10865783691406,32.20496194316589,31.755551964722425,31.787653333473035,5898500
2014-06-02,31.940134048461914,32.132739222558186,31.843832992091475,32.116688536270544,3364200
2014-06-03,31.95618438720703,32.0845868147563,31.843832645770846,31.843832645770846,3774900
2014-06-04,31.899993896484375,31.940119062699733,31.779615336484365,31.940119062699733,3664300
2014-06-05,32.221012115478516,32.29323866334204,31.77962595555979,31.908028367166608,3824200
2014-06-06,32.14075469970703,32.301258459603304,32.06852816082144,32.156805381832115,3536400
2014-06-09,32.204959869384766,32.26915954139694,32.03642922497381,32.05247990831556,3444900
2014-06-10,32.525962829589844,32.550040384152794,32.12470494889378,32.12470494889378,5057600
2014-06-11,32.10062026977539,32.49385421507577,32.04444442921158,32.293225338389675,5940000
2014-06-12,31.948148727416992,32.13272695723675,31.827770156886874,32.08457491675385,6510800
2014-06-13,31.932119369506836,31.980268380786374,31.827791409474063,31.916068678628232,3966300
2014-06-16,32.02037811279297,32.39755841546986,31.771597140145005,31.964202257897377,5499800
2014-06-17,31.988279342651367,32.08458037865669,31.811724892179324,31.940127293971337,4593200
2014-06-18,32.39756393432617,32.429665302979046,31.891981154140904,31.972231514418088,5223200
2014-06-19,32.903141021728516,32.91919170178455,32.4136059947593,32.50990701374128,6380800
2014-06-20,32.78276824951172,33.143900961252044,32.75066994507738,33.07167441890398,12626700
2014-06-23,32.68647384643555,32.999454573004186,32.63832178798062,32.87907901889991,4922700
2014-06-24,32.46177291870117,32.83092954518616,32.44572223128588,32.590175356667935,4398200
2014-06-25,32.662384033203125,32.88708741125687,32.45372827242128,32.606208188689685,4394100
2014-06-26,32.59818649291992,32.72658888095358,32.437682742539245,32.69449057996097,5691700
2014-06-27,32.533992767333984,32.65436830607333,32.269161071668485,32.50991521050214,8432800
2014-06-30,32.82289123535156,33.02352014739808,32.58213409181235,32.63830994227703,6711200
2014-07-01,33.0475959777832,33.14389700229278,32.88709222936432,33.0475959777832,5472200
2014-07-02,33.53714370727539,33.58529270704956,32.99945640607144,33.087733654131455,5766000
2014-07-03,33.61738586425781,33.673561724500665,33.40873310640647,33.55318619313232,3000000
2014-07-07,33.31242370605469,33.5612046627904,33.29637608684336,33.448852960185334,4043400
2014-07-08,32.94327163696289,33.248228485730735,32.85499441273893,33.16797813353879,4789500
2014-07-09,33.11982345581055,33.2081006730256,32.86301867556011,33.07167141150567,3562400
2014-07-10,33.095760345458984,33.143909344967106,32.83895241554178,32.927229663114026,4839200
2014-07-11,33.321651458740234,33.37006174650738,33.06346941286098,33.15222006821437,5077900
2014-07-14,33.7412109375,33.84609839549583,33.48302879302869,33.84609839549583,6699800
2014-07-15,33.21677017211914,33.725067515293624,33.21677017211914,33.67666029636399,10954200
2014-07-16,33.11996078491211,33.547577482968954,33.07962039997915,33.539507559317904,5564800
2014-07-17,33.80577087402344,34.685205100016915,33.07963139282695,33.09576816771744,12228300
2014-07-18,34.475406646728516,34.53188378152994,33.70892728871526,33.80574787218029,9538000
2014-07-21,34.66097640991211,34.71745354731224,34.096201958137634,34.289840056204625,8027300
2014-07-22,34.765865325927734,34.87881960555164,34.596433906491875,34.69325142077332,8315800
2014-07-23,34.669036865234375,34.911082113401214,34.588353063997225,34.88687851191622,4315900
2014-07-24,34.60449981689453,34.83040837004895,34.483478696750325,34.644840190275936,4890700
2014-07-25,34.72553634643555,34.782013504780146,34.49962463528286,34.60451210554039,3979100
2014-07-28,34.63677978515625,34.73359731482316,34.38666449926182,34.65291655306303,3449200
2014-07-29,34.491539001464844,34.677107146058134,34.33017446075726,34.669040304020434,4575300
2014-07-30,34.5803108215332,34.76587907972454,34.418946182044145,34.660991602390474,3564000
2014-07-31,33.98326110839844,34.5964460963712,33.95099064411648,34.30599037341298,4658700
2014-08-01,33.9106330871582,34.17688508182869,33.73313483515097,33.88642947956019,3905900
2014-08-04,34.20108413696289,34.28983479003956,33.75733394935221,33.983242464258154,3639100
2014-08-05,33.70892333984375,34.18494704724358,33.61210584549353,33.99937890066706,4190500
2014-08-06,33.70085525512695,33.86221979160937,33.43460330826508,33.620171447999475,3726900
2014-08-07,33.50722122192383,33.87029070319151,33.46688085239918,33.684722541159786,4013800
2014-08-08,33.63631820678711,33.66052489500632,33.20063782989627,33.46688677811993,4417600
2014-08-11,33.926761627197266,34.015512270573126,33.58789889187744,33.82187422341013,2630400
2014-08-12,33.53950881958008,33.97519237988488,33.41848458245956,33.8138277563156,3337500
2014-08-13,34.0155143737793,34.0155143737793,33.74926550496168,33.78960586959798,3441500
2014-08-14,34.152687072753906,34.249504596789976,34.007459247812996,34.007459247812996,4679900
2014-08-15,33.934844970703125,34.410868818944735,33.652456168453,34.176890317079256,5031600
2014-08-18,34.071998596191406,34.38665781477196,33.96711116407349,34.38665781477196,3234800
2014-08-19,34.322113037109375,34.38665701691831,33.95904353264315,34.12847494213635,2963300
2014-08-20,33.99938201904297,34.28177076364266,33.85415422531123,34.063929073045045,4953600
2014-08-21,34.144615173339844,34.30597975590569,34.0477976549097,34.12041156317566,3060800
2014-08-22,33.975189208984375,34.15269058612182,33.88643852041565,34.0639398975531,2462400
2014-08-25,34.28178405761719,34.45121552341629,34.104282668051965,34.217236978584694,2424000
2014-08-26,34.531883239746094,34.63677066463442,34.18495051553876,34.289837940427084,3229100
2014-08-27,34.37053298950195,34.596444696984015,34.28985221539895,34.47542045805526,2805100
2014-08-28,34.16881561279297,34.370520552839615,34.10427163242007,34.233362670939,2525300
2014-08-29,34.080074310302734,34.21723221750105,33.93484648046117,34.21723221750105,4384400
2014-09-02,34.071998596191406,34.20915955784916,33.83802012368729,34.02358830188164,4300900
2014-09-03,34.49961853027344,34.523825220833466,34.168822485174786,34.209165943516915,4143500
2014-09-04,34.61257553100586,34.75780336170285,34.427004242402376,34.53189169296658,4123200
2014-09-05,34.65290069580078,34.66096753717588,34.24949091605403,34.59642357285802,3484300
2014-09-08,34.53996658325195,34.7578083606278,34.37053203788797,34.59644373911523,2602900
2014-09-09,34.556095123291016,34.67711625227239,34.40279738436514,34.556095123291016,3586800
2014-09-10,34.61257553100586,34.73359667140421,34.39473378496038,34.67711952366357,3503000
2014-09-11,34.338253021240234,34.717456247884954,34.19302520583642,34.4431373829859,7754900
2014-09-12,34.3301887512207,34.58837089271602,34.24950798616863,34.38666590231193,4259600
2014-09-15,34.467342376708984,34.51574959428217,34.241430742865546,34.37859170746048,3067500
2014-09-16,34.61257553100586,34.669052678746496,34.281779489479106,34.459277777618084,3179500
2014-09-17,34.99985885620117,35.15315357620924,34.49962814881242,34.644856021567264,4788700
2014-09-18,35.24997329711914,35.39520117879366,35.04826824787951,35.088611719947274,5032900
2014-09-19,35.169288635253906,35.661449393639714,35.14508501689869,35.4678112134746,6139300
2014-09-22,35.01598358154297,35.233822237955174,34.870755758752466,35.169278248811366,3402000
2014-09-23,34.28983688354492,34.822337756743174,34.281770040851214,34.45926828006871,6585900
2014-09-24,34.39472579956055,34.62063433807407,34.2414280817638,34.249498002581,6268300
2014-09-25,33.88642883300781,34.27370193605228,33.862225225871605,34.22529164400683,4316700
2014-09-26,33.894500732421875,34.0800720073926,33.81381997808342,33.99132133095621,6349900
2014-09-29,33.80577087402344,33.89451851925847,33.62019950167036,33.62019950167036,4881100
2014-09-30,33.55563735961914,33.87836652760285,33.55563735961914,33.72506878781254,4874800
2014-10-01,33.22483825683594,33.934840513691114,33.08767729598097,33.926770592466795,5573800
2014-10-02,33.249053955078125,33.44269212382195,33.00700855247906,33.25712387923685,4707100
2014-10-03,33.717002868652344,33.77348001293295,33.30552301429531,33.41041045843367,3430900
2014-10-06,34.176883697509766,34.26563435880512,33.87836126405781,33.91870163434489,6713300
2014-10-07,33.45074462890625,34.03165580831004,33.442677785980294,33.959041910884565,5178200
2014-10-08,33.99938201904297,34.02358562540728,33.36199371075064,33.43460760761651,6067400
2014-10-09,33.58790588378906,34.322111707592185,33.57176912001863,34.039722958269145,5503700
2014-10-10,33.6933479309082,34.30167750219465,33.62034825858886,33.63657075178474,4990100
2014-10-13,33.190460205078125,33.879902248178254,33.14990551880735,33.63657103642936,4494600
2014-10-14,33.30402374267578,34.01779501498717,33.20668876489485,33.255356253785315,7129200
2014-10-15,32.45236587524414,32.874141576783195,31.92514856891436,32.75247747261112,8971800
2014-10-16,32.4361457824707,32.69569957882009,31.86025789607801,31.908925393190515,8828700
2014-10-17,33.141807556152344,33.287806953731234,32.58214216739149,32.72814156497038,7215400
2014-10-20,33.62845230102539,33.669006980130725,32.98767785114058,33.133677171218736,5014400
2014-10-21,34.382789611816406,34.41523460079163,33.863682164710696,33.99345902648712,5352600
2014-10-22,33.73390197753906,34.901893618389515,33.64467981371471,34.47200838628033,6986500
2014-10-23,34.41524887084961,34.69102520323893,34.02591812408688,34.06647283005942,4599300
2014-10-24,34.43956756591797,34.60989912066173,34.163791341708034,34.342235690939326,4676900
2014-10-27,34.26113510131836,34.45579890122127,34.098913205315725,34.415244200751935,3943900
2014-10-28,34.472007751464844,34.48011745069765,34.02590003468247,34.24489904345725,6106200
2014-10-29,34.66668701171875,35.33179397601019,34.3909107269546,34.72346420910032,4253200
2014-10-30,35.27501678466797,35.29934898522846,34.49635233135487,34.63424202082315,3828800
2014-10-31,35.35612487792969,35.737345841310955,35.234457691366494,35.72923304534003,6124900
2014-11-03,35.11279296875,35.43723363688723,34.926238888392966,35.33179204415827,4404100
2014-11-04,35.372337341308594,35.396669534068636,34.89378462090784,34.89378462090784,4187100
2014-11-05,35.412899017333984,35.680565567025184,35.15334526291363,35.63189807777456,4193200
2014-11-06,35.437232971191406,35.558900153285464,35.23445639711795,35.36423328075996,3770600
2014-11-07,35.177677154541016,35.5345658843588,35.01545528590791,35.502120891807216,3992700
2014-11-10,35.76167297363281,35.76978267432953,35.01545365042448,35.16145301596253,5318900
2014-11-11,35.891456604003906,36.19967788865324,35.769789411763966,35.78601191033764,3192600
2014-11-12,35.8752326965332,35.932009892248686,35.64001111764044,35.84278770066004,3486000
2014-11-13,36.16722106933594,36.313220414650196,35.85899988543648,35.91577706482267,3488800
2014-11-14,35.5345573425293,36.16721907458132,35.429112689145946,36.16721907458132,4206000
2014-11-17,35.45344924926758,35.64811608764517,35.37233987151617,35.45344924926758,3871700
2014-11-18,35.445350646972656,35.59135004793671,35.22635154552658,35.52646005011918,6724900
2014-11-19,35.226341247558594,35.51833996412462,35.16145126871081,35.51833996412462,3768000
2014-11-20,35.510231018066406,35.55889850747649,34.918123820472026,35.12090038516016,4862100
2014-11-21,35.5345573425293,35.84277541530518,35.45344488064824,35.8103335246768,6495800
2014-11-24,35.94822692871094,36.01311691059878,35.356119767545245,35.356119767545245,3798700
2014-11-25,35.81846237182617,35.99690678923422,35.66435325305376,35.940129582627236,4651800
2014-11-26,35.891456604003906,36.03745599704173,35.68057031079661,35.818456907484986,2876700
2014-11-28,36.102333068847656,36.30510960462761,36.02122369218543,36.053668680500074,2440100
2014-12-01,35.94822692871094,36.151003480923485,35.850895050003814,35.90767223709336,5340400
2014-12-02,36.67822265625,37.00266327360217,36.24022457399381,36.24022457399381,10949300
2014-12-03,37.051334381103516,37.156779061761554,36.58089126287909,36.678226242313364,4993000
2014-12-04,36.897216796875,37.2703248496317,36.70254997701874,37.03510334475825,6377200
2014-12-05,36.74310302734375,36.92965704542235,36.66199366091792,36.848547678996525,4179500
2014-12-08,37.075660705566406,37.39199160330417,36.77555230183114,36.78366200177021,4220000
2014-12-09,36.85667037963867,36.8810056734502,36.40245281682474,36.76745128274671,3554000
2014-12-10,35.98878479003906,36.87289075931836,35.956342890362464,36.76744917065081,5489800
2014-12-11,36.06178665161133,36.597116705088176,35.93200976271164,36.10234134924402,3954300
2014-12-12,35.437232971191406,36.13478488106408,35.42101047397053,35.78600892612774,5191400
2014-12-15,35.25067138671875,35.98066813555986,35.1614492180688,35.818446292025804,4993800
2014-12-16,35.20201873779297,36.029344536855426,34.95868434428894,35.06412904186566,6186500
2014-12-17,35.89958190917969,35.98069443730181,35.21014243783786,35.25880995471113,5045700
2014-12-18,37.12432861328125,37.14055110746977,36.04555595567764,36.26455498603607,6703700
2014-12-19,37.3514289855957,37.675872608517025,37.132430004242366,37.23787464581035,11329200
2014-12-22,37.611000061035156,37.71644475142644,37.23789188780462,37.25411438587445,4831400
2014-12-23,37.083770751953125,37.71643250055235,36.88099423313295,37.41632411905325,4078900
2014-12-24,37.06754684448242,37.2703233555637,37.01887936793827,37.09999182884519,2527200
2014-12-26,37.18922805786133,37.45689466119898,37.07567365430915,37.156786152650305,2057700
2014-12-29,36.986454010009766,37.16489842457044,36.86478989527575,36.97834430667776,2580900
2014-12-30,37.0594482421875,37.24600233252296,36.99456134273939,36.99456134273939,2950400
2014-12-31,36.515995025634766,37.35143327349753,36.49166283406566,37.06754739144437,3418600
2015-01-02,36.41867446899414,36.8647823195954,36.207785096191714,36.70256043916085,3216600
2015-01-05,36.42677688598633,36.8242202588635,36.19966815527045,36.33755471488384,5735900
2015-01-06,36.01310348510742,36.58898793611453,35.63188271894499,36.491656093692185,6584300
2015-01-07,36.30511474609375,36.45111412006144,35.996896595828474,36.28078254847408,4609500
2015-01-08,37.051334381103516,37.14055656518917,36.50789157536582,36.65389095039237,4883000
2015-01-09,36.66199493408203,37.20543451507995,36.588995264114125,37.1081026531641,4742200
2015-01-12,36.97022247314453,37.11621874409777,36.45111190057616,36.808000612599706,6178800
2015-01-13,36.37499237060547,37.12515883369652,36.0814478900902,36.97023396253744,6745000
2015-01-14,36.10589599609375,36.41574873823493,35.82050735892612,36.114051734585885,5865900
2015-01-15,35.83681106567383,36.42389663015384,35.79604171002281,36.2852801988399,3916200
2015-01-16,36.27714157104492,36.32606357250387,35.64928329812465,35.7145136702378,4564200
2015-01-20,36.05698013305664,36.48914103147617,35.78789670615162,36.42390755446766,5159900
2015-01-21,35.92650604248047,36.081430840432496,35.56772824227208,35.844964219477426,5328200
2015-01-22,36.27714157104492,36.34237194315807,35.7145136702378,36.15483034639025,5329100
2015-01-23,35.763431549072266,36.26897849509135,35.73081481436058,36.26897849509135,6664000
2015-01-26,35.999900817871094,36.0406701839626,35.40465625302282,35.665587039115586,4376200
2015-01-27,35.616661071777344,35.89389710919652,35.41281113574863,35.779741642700955,4847400
2015-01-28,35.396507263183594,36.04067388936828,35.35573789290052,35.82866818709059,7641000
2015-01-29,36.90499496459961,37.02730618339189,35.63297321957671,35.70635932875138,10054600
2015-01-30,36.497291564941406,37.20669158940541,36.448369570497825,37.01915001953086,9613300
2015-02-02,36.880523681640625,36.888679419554585,36.10589343645463,36.63590442276679,7312900
2015-02-03,37.36976623535156,37.41053559442308,36.97021905124418,37.02729677604485,8380300
2015-02-04,36.83159255981445,37.50022298674853,36.733745494373764,37.14144522929579,8231200
2015-02-05,37.22300338745117,37.40238923444494,36.90499484175053,36.90499484175053,6374400
2015-02-06,37.100685119628906,37.679618140909014,36.96206866826729,37.174071214615324,5601600
2015-02-09,36.30158615112305,36.864210686929056,36.122197265575224,36.864210686929056,6585900
2015-02-10,36.62775421142578,36.70114031121105,36.20374909100327,36.43206001900048,5210500
2015-02-11,36.63592529296875,36.8560836845225,36.33422813884149,36.595155911682,4302900
2015-02-12,36.87238311767578,36.89684411841522,36.52991355480539,36.72561089223185,4683700
2015-02-13,37.58177185058594,37.64700220834881,36.70929443079963,36.73375542614784,6524900
2015-02-17,37.84270095825195,37.94054805391141,37.508387196787666,37.54915656077051,6366400
2015-02-18,37.84270095825195,37.94054805391141,37.63069839923929,37.720389755800326,4051400
2015-02-19,38.00578689575195,38.054708895243905,37.581778607301715,37.80193693652608,6590300
2015-02-20,38.715171813964844,38.78855790082914,37.83454188209586,37.94054158828674,6512400
2015-02-23,38.5847053527832,38.731477516422466,38.34008611688522,38.592861089931134,5608100
2015-02-24,38.70701217651367,38.804859237777414,38.42977624418139,38.5439316674061,4789000
2015-02-25,38.649940490722656,38.92717646627814,38.51947668519669,38.7722485587456,4777400
2015-02-26,38.82117462158203,38.90271333563327,38.405319092614064,38.58470799612986,5112300
2015-02-27,38.625484466552734,39.041340072106046,38.625484466552734,38.71517893482906,5805800
2015-03-02,38.50316619873047,38.83747987637267,38.42978011776012,38.601013269856836,7016300
2015-03-03,38.397178649902344,38.43794801986522,38.054709099106404,38.43794801986522,6018900
2015-03-04,38.331947326660156,38.71518626898545,38.17702246788154,38.21779184013868,5558500
2015-03-05,38.682559967041016,38.731485067960556,38.177013032884254,38.225938133803794,4842600
2015-03-06,37.91608428955078,38.53578666415659,37.7937730960285,38.470556308646806,7264900
2015-03-09,38.18515396118164,38.307462000287835,37.83453198350741,37.91607067624487,4465200
2015-03-10,37.647003173828125,38.00578103748537,37.6388505453373,37.85085310163227,5106100
2015-03-11,37.75300979614258,38.038401590012306,37.67962369034789,37.82639590193727,5030800
2015-03-12,38.52764129638672,38.57656640511575,37.79378021796845,37.891630435426514,5209700
2015-03-13,38.2259521484375,38.511340898841745,38.005793779338184,38.49503252588949,4744100
2015-03-16,39.00056457519531,39.01686983004253,38.42162849203435,38.42162849203435,4763600
2015-03-17,38.397178649902344,38.97611179068437,38.380870279816484,38.67441472035485,5609100
2015-03-18,38.64179611206055,38.85380180242383,37.82639631020908,38.21778784183738,6656700
2015-03-19,38.682559967041016,38.76410180190692,38.42978805521411,38.69886833401419,4013600
2015-03-20,38.70701217651367,38.951631384924035,38.59285675328897,38.86193694938977,7563000
2015-03-23,38.70701217651367,38.91901466100212,38.5031623177547,38.70701217651367,3931100
2015-03-24,38.32378005981445,38.837482663471825,38.31562743267816,38.576555048074994,4595800
2015-03-25,37.9405517578125,38.73149056040716,37.916090759135436,38.35640739834298,5061100
2015-03-26,37.91608428955078,38.15255093809232,37.58992318049329,37.842698195537984,4367400
2015-03-27,38.14440155029297,38.34825149976739,37.85085712536926,38.00578507769198,3444400
2015-03-30,38.38901901245117,38.49501873290439,38.234091080168355,38.32378554401567,2967200
2015-03-31,37.7774658203125,38.307473706066276,37.7774658203125,38.18516562958588,5358100
2015-04-01,37.41868209838867,37.810073480328086,37.14144614736881,37.77745986470978,6369000
2015-04-02,37.6143913269043,37.82639389321787,37.288230182803055,37.59808295864892,3974000
2015-04-06,37.75300979614258,37.97316811352665,37.2230017969617,37.34530989961728,4083500
2015-04-07,37.663307189941406,37.99762090849567,37.638846196791945,37.75300164549301,3161100
2015-04-08,38.00578689575195,38.119942375237876,37.426853758071324,37.67962571678915,6011800
2015-04-09,38.32378005981445,38.42162713796263,37.87531091525756,37.91608027194409,4337300
2015-04-10,38.44609832763672,38.48686769183878,38.0791678288119,38.30747875674596,3759900
2015-04-13,38.1346549987793,38.61000789596811,38.110068858033905,38.339547842102064,3064500
2015-04-14,38.273990631103516,38.31496858184343,37.97894438350855,38.11827004130771,3244000
2015-04-15,38.38051223754883,38.47885988422011,38.18381381779095,38.36412044203439,4046600
2015-04-16,38.12645721435547,38.42969771966607,38.01171773269288,38.2002187563409,3769000
2015-04-17,37.90516662597656,38.06908148531802,37.54455643655808,37.937950223128034,4312000
2015-04-20,38.21661376953125,38.282177853241954,38.00352346303398,38.04450140615525,3371900
2015-04-21,38.618202209472656,38.74933350405901,38.29037553621511,38.470679112260925,8616000
2015-04-22,39.62627410888672,39.66725517812701,38.61820170862491,38.724746861099725,7638400
2015-04-23,39.716434478759766,39.84756579482268,39.200106680371704,39.62628111276329,6401900
2015-04-24,39.60169219970703,39.76560711493174,39.413191141444564,39.63447580803537,3451000
2015-04-27,38.92144775390625,39.66725761419886,38.83129439830766,39.56890679368213,5254500
2015-04-28,39.0034065246582,39.118146030650095,38.528053569643724,39.027992668394454,3788400
2015-04-29,38.65918731689453,39.0443869339319,38.42151395082416,38.749340684832404,3566600
2015-04-30,38.044525146484375,38.68379333847206,37.913393770818445,38.462508555832315,5963600
2015-05-01,38.26578903198242,38.46248755127256,38.02811569279534,38.28218083579134,3410100
2015-05-04,38.51984405517578,38.79849837126986,38.33953740169849,38.33953740169849,3126900
2015-05-05,38.39692306518555,38.69196930188338,38.33955331098509,38.53625184425602,4377700
2015-05-06,38.14285659790039,38.50346691572775,37.888788319129766,38.396921750254,3832700
2015-05-07,38.11007308959961,38.2903798121974,38.00352792384482,38.06089767623193,4488900
2015-05-08,38.98701095581055,39.09355611240905,38.544441652786084,38.601811400242944,4296400
2015-05-11,38.79031753540039,39.12634169883379,38.70835851601608,38.74933646249978,3551400
2015-05-12,38.62640380859375,38.7575351172165,38.429705282451124,38.5444447866939,3520500
2015-05-13,38.54444885253906,38.823103303558284,38.42151499634718,38.68377764125734,2651400
2015-05-14,39.888545989990234,39.98689682738593,38.75753949769606,38.831301062534145,8225900
2015-05-15,39.92132568359375,40.027870850438106,39.724630280945625,39.79839183854293,5179000
2015-05-18,40.027870178222656,40.23276304295016,39.97050042621231,39.978694765177934,4221400
2015-05-19,40.167179107666016,40.28192169034695,39.888524802558,39.97867812574232,4137800
2015-05-20,40.27374267578125,40.45404940473945,40.10163341254868,40.22457038709602,3682300
2015-05-21,40.437652587890625,40.51141413819365,40.07704230108515,40.20817359868867,4193700
2015-05-22,40.18358612060547,40.51141594242296,40.08523842462698,40.240955870461,3454700
2015-05-26,39.831180572509766,40.34751158265031,39.65907127793549,40.24096639373484,3879600
2015-05-27,40.167179107666016,40.208160164688486,39.822960738870314,40.05243965140078,4348600
2015-05-28,40.37209701538086,40.47044786175115,40.02787843233778,40.060662047794544,5980600
2015-05-29,39.831180572509766,40.37209773147015,39.77381080765167,40.30653362581135,8667200
2015-06-01,40.109825134277344,40.32291545939744,39.80658457697851,39.97049949020545,5055100
2015-06-02,40.109825134277344,40.31471799420678,39.601691717049064,39.87215179283606,5138100
2015-06-03,40.04426956176758,40.26555427272598,39.94592184348082,40.12622547260361,3309600
2015-06-04,39.896732330322266,40.298320528569754,39.77379538106973,40.14260310241084,4687000
2015-06-05,39.7082405090332,39.8557636317797,39.347627041689655,39.82298002085444,3542400
2015-06-08,39.70002746582031,39.80657259631326,39.50333213028132,39.64265773242011,4353000
2015-06-09,39.48695373535156,39.77380249972524,39.347624959500735,39.765608160636155,3402000
2015-06-10,39.74920654296875,39.90492395855505,39.58529166390005,39.63446706554554,5614900
2015-06-11,40.20818328857422,40.363900764999954,39.75741641341484,39.91313701625808,7101200
2015-06-12,39.888545989990234,40.126222490737106,39.86395984384999,40.08524453836425,3692100
2015-06-15,39.396793365478516,39.634469800206276,39.1099446521288,39.58529439516783,4807100
2015-06-16,39.73281478881836,39.78199019052127,39.25746507802196,39.396790693222464,3919700
2015-06-17,39.80657958984375,39.94590834287688,39.609884219747784,39.74920984636438,3724400
2015-06-18,40.929386138916016,41.109692810137574,39.87214162730487,39.904922100459224,7971800
2015-06-19,40.888427734375,41.06873449172606,40.76549386688642,40.89662520139148,9367200
2015-06-22,41.0031623840332,41.28181682751335,40.84744491983619,40.945792627412345,4627000
2015-06-23,40.88022232055664,41.36376957176897,40.724501753599775,41.15887672170302,3258300
2015-06-24,40.568782806396484,40.855631535268984,40.55239100382996,40.64254435473751,4572400
2015-06-25,40.42945098876953,40.87201708468935,40.388469925414725,40.69171353687616,3607900
2015-06-26,40.953983306884766,40.96217764515102,40.380282709328014,40.544197612403764,6780500
2015-06-29,40.167179107666016,40.85561897167312,40.126201177059244,40.601553926061726,5364300
2015-06-30,40.224578857421875,40.609775414376855,40.08525004850112,40.57699179740517,4514700
2015-07-01,40.58517837524414,40.67533173451787,40.224568064566185,40.48683067713505,3378200
2015-07-02,40.49502182006836,40.831045961303964,40.290128974768194,40.814654158509946,2740300
2015-07-06,40.7654914855957,41.076926432841915,40.09343991829493,40.17539895158402,5783800
2015-07-07,41.15068435668945,41.175273627708115,40.24095948942819,40.945791481231225,6069400
2015-07-08,40.3638916015625,41.052331705204196,40.298324388636246,40.76548296469382,5839600
2015-07-09,40.314727783203125,40.92121217148086,40.306533442439694,40.81466698305011,5604800
2015-07-10,40.92120361328125,41.07692106656146,40.47863427058965,40.675332798369375,5028200
2015-07-13,40.945919036865234,41.267095284671164,40.8306253213983,41.17650646779911,5519900
2015-07-14,41.341209411621094,41.48944507292254,40.929444383898804,41.02003319264056,4253700
2015-07-15,40.6082649230957,41.1682655674137,40.46826319125741,41.04473481235153,6612000
2015-07-16,40.98708724975586,41.0447340967084,40.797675732409296,41.02826312021946,3830400
2015-07-17,41.09414291381836,41.151789755002085,40.72355383369637,40.7812006748801,5408700
2015-07-20,41.22590255737305,41.448255978404916,41.16001866602278,41.18472355452071,5416600
2015-07-21,40.97885513305664,41.398857230385765,40.97885513305664,41.10238590086354,6399800
2015-07-22,41.983558654785156,42.07414745663344,40.56708606192323,41.06943986015996,10392300
2015-07-23,42.16472625732422,42.609433101906845,41.9506067507399,42.27178601061638,6098500
2015-07-24,42.04120635986328,42.387090597468735,41.86826581181939,41.87649972964724,5982700
2015-07-27,41.74473190307617,41.87649656900047,41.34943790530327,41.703556034009345,5484200
2015-07-28,41.95060348510742,42.19766491832103,41.711782249993085,42.07413420171423,5734900
2015-07-29,42.049434661865234,42.14002030517662,41.80237319723611,41.983550766892925,3530700
2015-07-30,41.81061553955078,42.041202918065075,41.62120402984012,41.958851180457806,3665000
2015-07-31,41.74473190307617,42.10708709050608,41.670614082148916,42.05767416271543,5573500
2015-08-03,41.588253021240234,41.92590009832627,41.291781803990695,41.90942912608832,3506600
2015-08-04,41.59648132324219,41.8435427319542,41.41530693610737,41.79412982190854,3487700
2015-08-05,41.57179260253906,42.00002856488866,41.497674779410914,41.983557588469345,5032800
2015-08-06,41.44002151489258,42.00825597652767,41.23413905381242,41.604728112060116,6213200
2015-08-07,41.267086029052734,41.53884927719816,40.65767248774409,41.50591046696541,4351800
2015-08-10,41.72002029418945,42.140019117490965,41.49766686720032,41.52237175636014,3729300
2015-08-11,41.49767303466797,41.60473280613349,41.1682629446841,41.32473250181263,4033300
2015-08-12,41.250614166259766,41.5800273936441,40.53414400944379,41.53061446708124,5395100
2015-08-13,41.04474639892578,41.267099935895594,40.855334824807464,41.19298209023899,4130000
2015-08-14,41.36591339111328,41.43179730201708,40.94591445441378,41.02826620152575,3776400
2015-08-17,41.489444732666016,41.51414962884103,40.97061992236584,41.1847363527576,3216600
2015-08-18,41.53884506225586,41.670609714369014,41.38237551959559,41.43178844220694,3288200
2015-08-19,41.04474639892578,41.31650973865434,40.69062815206851,41.29180483727497,6000600
2015-08-20,39.96590042114258,40.77295925285413,39.94942944806476,40.68237361320149,5977400
2015-08-21,38.81297302246094,39.88356148360541,38.81297302246094,39.55414819947577,9305900
2015-08-24,35.988258361816406,37.72590700674093,35.189433329036405,36.65531559069943,18430700
2015-08-25,35.329444885253906,37.14120871196992,35.31297390518144,36.95179715341391,14575400
2015-08-26,36.218841552734375,36.334135226311766,34.83531118677173,36.1200188527419,12675400
2015-08-27,37.58590316772461,37.92355029238931,36.78707817996198,37.55296121860679,14260400
2015-08-28,37.898841857910156,37.97295966573692,37.23178158746926,37.56119476481419,9191600
2015-08-31,37.29766082763672,38.4011907501338,37.15765914519576,37.80824836147373,7470200
2015-09-01,35.881202697753906,36.647085867198804,35.716496065552846,36.41649846702794,9000500
2015-09-02,36.43297576904297,36.597679288318304,35.922384806431005,36.49062262909299,7517600
2015-09-03,36.350608825683594,36.87766745240488,36.19413927759984,36.66355106336832,6426200
2015-09-04,35.46943664550781,35.99649533984597,35.18120240376589,35.82355479480081,7057100
2015-09-08,36.26826095581055,36.284731932339355,35.823554014085275,35.95531868479822,5452400
2015-09-09,35.6011962890625,36.65531352880446,35.51060749973771,36.53178593187562,5251200
2015-09-10,35.5106201171875,35.80709148158489,35.148267972656406,35.4282683566408,6952400
2015-09-11,35.749446868896484,35.77415177031033,35.197683127197315,35.51885941165128,5699500
2015-09-14,35.55178451538086,35.91413968440121,35.32943420541309,35.90590262609587,4461300
2015-09-15,36.07884216308594,36.16942780345243,35.502370666887145,35.642369226876475,5105600
2015-09-16,36.120018005371094,36.30942948487852,35.872959690427365,36.054134112577074,4982300
2015-09-17,36.43297576904297,37.18238809121147,36.06238656763695,36.11179636681224,7323700
2015-09-18,35.68355941772461,36.32591186661937,35.6094415858123,35.93885172868642,9063900
2015-09-21,35.65884780883789,36.0870837790605,35.41178944104112,35.94708518919878,5052100
2015-09-22,34.98354721069336,35.28825237173337,34.547077400972505,35.27178453947567,7283400
2015-09-23,34.75297164916992,35.14826572929713,34.67061675236128,35.000030056559666,6280300
2015-09-24,34.538848876953125,34.71179257355908,34.12708385539972,34.58826181048594,7322100
2015-09-25,33.649436950683594,34.991791756160396,33.28708173313385,34.77767219278687,10025100
2015-09-28,32.16707992553711,33.55061044759359,32.11766699920747,33.55061044759359,17219300
2015-09-29,32.52943801879883,33.064733825082435,32.142377877593205,32.33178941818887,12287500
2015-09-30,33.122371673583984,33.29531218864879,32.570605038807635,32.809429450002135,10750300
2015-10-01,33.56707000732422,33.60001195009054,33.089424403278805,33.229422947760824,7897000
2015-10-02,34.077667236328125,34.1023721273863,33.08119369624701,33.14707759442505,8457500
2015-10-05,34.085906982421875,34.40708318717637,33.78120175502886,34.275318509802275,8789300
2015-10-06,32.85061264038086,34.04473182113827,32.34825881567122,33.97061399222181,11689300
2015-10-07,33.460025787353516,33.69061318901256,32.94943491008315,33.37767089996262,9158500
2015-10-08,33.8964958190918,33.945908751706924,32.98237698557735,33.22943536561748,9859100
2015-10-09,34.49767303466797,34.57179086427612,33.71531886469706,33.82237865002389,10400200
2015-10-12,34.234130859375,34.38236646311214,34.011777453769284,34.28354377445959,6067700
2015-10-13,33.894527435302734,34.2838351083866,33.803415764361134,33.935945565446744,5527100
2015-10-14,33.72887420654297,34.24242689207433,33.67917433642303,33.93595225906888,6417200
2015-10-15,34.68144226074219,34.81397212965329,33.88626304727558,34.01879291618668,7822000
2015-10-16,34.97133255004883,35.01274751679297,34.50747670713993,34.95476593139929,6163500
2015-10-19,34.91335678100586,35.095583296989794,34.65657888879947,34.88022353818698,5531200
2015-10-20,34.57374572753906,34.97133512512587,34.43293103852893,34.855371945799675,5882700
2015-10-21,34.954769134521484,35.49317007105121,34.474346628938946,35.236395357852004,8858800
2015-10-22,36.03157424926758,36.08955584010631,34.5903098890026,35.12871398651623,12440000
2015-10-23,36.114410400390625,36.32977334033152,35.7748025271856,36.04814706793514,9582700
2015-10-26,36.1226921081543,36.29663689524975,35.965310782892715,36.09784375564352,5716400
2015-10-27,36.34632873535156,36.42915866527333,36.031569314082155,36.064702549954575,5743600
2015-10-28,37.07524490356445,37.083529793292094,36.14753631892445,36.41259591453588,6158300
2015-10-29,37.47282791137695,37.5556578289966,37.10836869042935,37.216050111141946,6887700
2015-10-30,37.10837936401367,37.555668631235946,37.07524612353208,37.43142055930985,8442300
2015-11-02,37.630210876464844,37.688192458235235,36.94271046438843,37.17463995122923,5477800
2015-11-03,37.69649124145508,37.80417272478458,37.30718661055107,37.57224629277703,3933800
2015-11-04,37.42313766479492,37.87042691810155,37.31545621645971,37.87042691810155,6506600
2015-11-05,37.42313766479492,37.696478990864776,37.18292641841622,37.348589455910485,5107000
2015-11-06,37.795867919921875,37.82899799015564,36.98412274365822,37.18291580409571,6586300
2015-11-09,37.31545639038086,37.663349086716245,37.16635997191707,37.663349086716245,5946000
2015-11-10,37.903560638427734,37.978108854472524,37.32374469114596,37.34859304324092,5520600
2015-11-11,37.332027435302734,37.994676507155184,37.307179082533274,37.98639477615204,4298600
2015-11-12,36.60311508178711,37.24091585672349,36.57826672684163,37.116670922235805,6013900
2015-11-13,36.41259765625,36.74392374649233,35.990159892962815,35.990159892962815,6797500
2015-11-16,37.174644470214844,37.18292620014911,36.28006596885285,36.36289906699356,6362900
2015-11-17,37.08353042602539,37.41485334631302,36.95100062595841,37.18292698613571,5794300
2015-11-18,37.93669128417969,37.99467287493885,37.240909035310025,37.24919392528117,5691000
2015-11-19,37.87872314453125,38.16034946812393,37.66336332520077,37.87044141137889,6830300
2015-11-20,38.110633850097656,38.41711156609268,37.9698223263374,38.12720046932113,7140700
2015-11-23,37.63850402832031,38.185189936468866,37.489407584301595,38.12720833710161,4593800
2015-11-24,37.64677810668945,37.75445954305496,37.29888545064676,37.365151922182235,4638600
2015-11-25,37.61366271972656,37.81245906890851,37.505981232262975,37.588814360989105,3080700
2015-11-27,37.62192916870117,37.77102558007659,37.530817503757966,37.62192916870117,1678000
2015-11-30,37.207767486572266,37.721323118277716,37.207767486572266,37.63849003586119,7827000
2015-12-01,37.65505599975586,37.70475584834445,37.224333457931664,37.456262924919436,5593200
2015-12-02,37.45627975463867,37.870435866353795,37.373446636439425,37.63022456321654,4840400
2015-12-03,36.56998825073242,37.66336020231427,36.454021877889005,37.572245346389025,6857400
2015-12-04,37.52253723144531,37.572237094605754,36.6776585162771,36.78533997324478,6438500
2015-12-07,37.73789978027344,37.878711318225875,37.514255137854995,37.74618151084012,5559900
2015-12-08,37.7296028137207,37.89526580986862,37.406561709099634,37.5390914740662,5199000
2015-12-09,37.240901947021484,37.853854138071036,37.11665705894002,37.59707631375476,5544400
2015-12-10,37.53081512451172,37.804156421532,37.274037285696906,37.34030375755594,4953200
2015-12-11,36.74391555786133,37.166353227005416,36.68593397895448,37.08352330278393,5236400
2015-12-14,37.11666488647461,37.133231506997696,36.412597733162436,36.81847203657861,6173500
2015-12-15,37.76274871826172,38.036090067845436,37.39829253223013,37.439707505226465,5828000
2015-12-16,38.14377212524414,38.21832034171375,37.48112306760315,37.91184574500978,7576500
2015-12-17,37.48939895629883,38.28458086131145,37.48111722676387,38.176899418800254,5792200
2015-12-18,36.19723129272461,37.30716938445675,36.19723129272461,37.24090291461761,13044400
2015-12-21,36.47886657714844,36.60311149947639,36.08955886904888,36.4871483080663,5453300
2015-12-22,36.843326568603516,36.90959306181324,36.420888733552616,36.6362485169636,4367300
2015-12-23,37.35688400268555,37.423150504322514,36.967579364730874,37.05040933201637,4353000
2015-12-24,37.35688400268555,37.522547097017245,37.22435415917233,37.22435415917233,1462900
2015-12-28,37.29889678955078,37.38172990415148,37.124951988529666,37.20778194337013,2742900
2015-12-29,37.95327377319336,38.0609552695235,37.414869451303716,37.50598432052452,4071200
2015-12-30,37.49768829345703,38.12720408484721,37.44798843107366,37.97810765745693,4912000
2015-12-31,37.199493408203125,37.68819763580505,37.191211678137854,37.365156447345406,4192400
2016-01-04,35.5594367980957,36.48714541559342,35.20326236142288,36.39603058391994,12227500
2016-01-05,35.551143646240234,35.7830731165357,35.294368990934586,35.58427687910516,8245200
2016-01-06,35.25297164916992,35.60086128884987,34.96306045634272,35.04589357990502,5906000
2016-01-07,34.4080810546875,34.93820022629644,34.292117880867984,34.524044228507016,7151400
2016-01-08,33.68744659423828,34.706273106728105,33.57976831223483,34.67313986929962,7477700
2016-01-11,33.73714065551758,33.87795531052191,33.215303314810285,33.77027388725494,7839700
2016-01-12,34.34182357788086,34.466071673681604,33.85311924603044,33.95251898657517,7328900
2016-01-13,33.574951171875,34.750241079121594,33.47492737840908,34.57519864563146,5754400
2016-01-14,34.25846481323242,34.441844481313716,33.45826782838703,33.624976328488195,7326800
2016-01-15,33.79169464111328,34.10843738561193,33.13319762333262,33.2165503077373,10464800
2016-01-19,33.70000457763672,34.441854275357514,33.4499433462265,34.25847455512952,7997300
2016-01-20,33.3082160949707,33.57494830792692,32.574704099190505,33.116502515639596,11279900
2016-01-21,32.908138275146484,33.49161654684392,32.70809058066214,33.49161654684392,10089500
2016-01-22,33.36656951904297,33.50827282103055,33.124845593980744,33.50827282103055,8854600
2016-01-25,33.05816650390625,33.47493612860487,32.99148501739842,33.36657513586726,5304600
2016-01-26,33.474937438964844,33.70832742042804,33.049833804199736,33.22487629029713,5360400
2016-01-27,33.73333740234375,34.583547892940054,33.258220242848786,33.299896573037785,10530700
2016-01-28,30.59922981262207,32.09126606282706,30.00741761718894,32.01624739159607,23544400
2016-01-29,31.54945945739746,31.566130624023153,30.574220057543652,30.582554051006543,16124300
2016-02-01,32.04959487915039,32.26631375324805,30.14912262918995,30.14912262918995,14252500
2016-02-02,31.574478149414062,32.28298547495272,31.5244646331392,31.674502002262837,9632400
2016-02-03,31.691162109375,32.016241902407515,30.924304359413824,31.866204585669454,6914000
2016-02-04,31.682830810546875,31.857876498995527,31.282732284965036,31.49111713243685,5103800
2016-02-05,31.18271255493164,31.96623853991569,30.94098533690328,31.866214690273242,5750200
2016-02-08,31.224388122558594,31.374425483165933,30.582562342116262,30.999332081647587,7802000
2016-02-09,30.840944290161133,31.491103719855417,30.73258332531239,30.807601965638582,8691600
2016-02-10,31.01600456237793,31.82453890871159,30.940985878906755,31.324416472037704,7909400
2016-02-11,30.29081916809082,30.71592282435737,30.02408683872746,30.374171828629304,7724000
2016-02-12,30.949317932128906,30.96598910121884,30.340834568998005,30.590895745946263,6424800
2016-02-16,31.666154861450195,31.682822846921987,30.940973485141676,30.9493106575772,7960200
2016-02-17,32.04959487915039,32.14128473424202,31.874552344721412,31.98291019191979,6358900
2016-02-18,31.93288803100586,32.41633911559547,31.857869375502332,31.95789318960713,5617800
2016-02-19,32.11626052856445,32.21628751001982,31.79118078808285,31.941218080566564,5735000
2016-02-22,32.64139938354492,32.70808405486888,32.11626872581924,32.11626872581924,4946300
2016-02-23,31.999576568603516,32.54971243701473,31.92455789656106,32.433017431548784,6144300
2016-02-24,32.674747467041016,32.774771311922066,31.649494312833312,31.824536836300325,7054800
2016-02-25,33.033164978027344,33.04149897237021,32.483029140090714,32.6914139753652,7608300
2016-02-26,32.94147872924805,33.241553433475,32.69141753562579,32.90813638884492,8741400
2016-02-29,32.291316986083984,33.20820903236896,32.291316986083984,32.7914393422939,8463400
2016-03-01,32.78310012817383,32.891457940957444,32.34132216483332,32.43301199080399,9693900
2016-03-02,32.791439056396484,32.98315273059548,32.59138820783646,32.79977305105715,7498100
2016-03-03,32.35799026489258,32.41633775230818,31.749507053487285,32.141271480163134,13516200
2016-03-04,32.6580696105957,32.8164409308777,32.34132379033167,32.383000118858504,7419200
2016-03-07,32.6580696105957,32.83311209822844,32.44134761473608,32.508032284139055,5955800
2016-03-08,32.64973831176758,32.9164738576734,32.40801429093829,32.46636179731439,7704200
2016-03-09,32.741424560546875,32.83311439754702,32.516368555101124,32.72475339202864,6196000
2016-03-10,32.53303909301758,33.241549432657926,32.357996596519456,32.84978492932385,8716900
2016-03-11,33.64997482299805,33.71665948170528,32.574711728790035,32.716411858993595,11786400
2016-03-14,33.75833511352539,33.90837241285035,33.33323155190432,33.59996382188214,5707800
2016-03-15,33.25822830200195,33.62498454811797,32.96648756058383,33.474947179320296,5309200
2016-03-16,33.491607666015625,33.60830265347144,33.15819069068478,33.45826533254255,5393000
2016-03-17,33.58328628540039,33.683310072738536,32.949794879628115,33.50826764997206,6089900
2016-03-18,34.00006866455078,34.1250976511954,33.458266849990565,33.64164651270942,10143900
2016-03-21,33.97505569458008,33.98339286704054,33.708323410438695,33.825021566987736,4054800
2016-03-22,34.200111389160156,34.30847237240479,33.62497050215331,33.75833664318532,6652300
2016-03-23,33.99174118041992,34.45852446417155,33.916722495168784,34.04175469715434,4087600
2016-03-24,33.96672439575195,34.09175655497823,33.641644597403484,33.875034569612666,4261000
2016-03-28,34.07508850097656,34.17511232967419,33.85003250163176,33.983398666461994,3328000
2016-03-29,34.5668830871582,34.61689342070962,33.933391304766985,33.966733646935104,4127000
2016-03-30,34.7169189453125,34.958642966322145,34.583552762110386,34.675239429555084,3433000
2016-03-31,34.86695098876953,35.00865114572235,34.60021548328752,34.716913658054715,5168400
2016-04-01,35.16701889038086,35.22536638197442,34.47518298447159,34.61688312699886,3972900
2016-04-04,35.27538299560547,35.567120479337284,35.14201683451377,35.29205416320444,4407800
2016-04-05,35.041996002197266,35.22537250205133,34.916963824373724,35.01698765881233,6582700
2016-04-06,35.88386154174805,35.975551361523124,34.99197486162632,34.99197486162632,6261000
2016-04-07,35.517112731933594,35.7671739046524,35.20870405823708,35.56712305865716,4901300
2016-04-08,35.31706619262695,35.783849437070174,35.108681326666705,35.65881724561373,4920300
2016-04-11,35.40874481201172,35.74216176368045,35.392073646458314,35.40041081908487,3948800
2016-04-12,35.69214630126953,35.90053108966073,35.3087190537576,35.3087190537576,5100200
2016-04-13,36.354671478271484,36.4133754228733,35.792789951618346,35.95212877280542,4140700
2016-04-14,36.48884963989258,36.61464562552104,36.2959648079538,36.379829864747705,3118700
2016-04-15,36.404991149902344,36.52239904114994,36.21210630012057,36.505626028239554,3620400
2016-04-18,36.85784149169922,36.90815731572992,36.21209509060425,36.21209509060425,4268800
2016-04-19,36.773983001708984,36.90816388822558,36.47207840639015,36.899778982435336,7786600
2016-04-20,36.87462615966797,37.3861918599048,36.488853258409385,37.30232679479418,8693500
2016-04-21,36.79914474487305,37.1681413893051,36.55594088418784,36.71527968991708,6171500
2016-04-22,36.96686935424805,37.04234310032262,36.66496157345163,36.66496157345163,4691800
2016-04-25,36.90816879272461,37.067510816035266,36.7404450616346,36.90816879272461,4136800
2016-04-26,36.79914474487305,37.10943745039829,36.69850667892589,37.033960500500285,3372700
2016-04-27,36.75721740722656,36.89978321588975,36.63980631882006,36.84107927124902,5035100
2016-04-28,33.8974723815918,34.96253441503662,33.53686390013532,33.612340837910914,54527700
2016-04-29,32.62275314331055,33.86392686631074,32.35439143018207,33.85553876326824,30646800
2016-05-02,32.58081817626953,32.80724896564955,32.22020653382623,32.58081817626953,21292300
2016-05-03,32.32925033569336,32.564069379403676,32.04411543907265,32.538908253822534,18241600
2016-05-04,31.951854705810547,32.25376251832055,31.867992846391047,32.16151255348417,13975300
2016-05-05,32.28730773925781,32.480192570428535,31.951853911667556,32.10280781417069,16531000
2016-05-06,31.84284782409668,32.2034597240658,31.624801782701965,32.05250575667751,11399900
2016-05-09,31.851219177246094,32.354399920751646,31.767357319557572,31.960242151541017,11156200
2016-05-10,31.951854705810547,32.11958162377442,31.683492916718297,32.11958162377442,11228200
2016-05-11,31.87637710571289,32.11119606574633,31.784130341873652,32.03571911415072,10598300
2016-05-12,31.86798858642578,32.01055436820638,31.465445956597442,31.985396453568494,10395400
2016-05-13,31.532550811767578,31.918323827200524,31.42353099354568,31.750596846463512,9337900
2016-05-16,32.07765579223633,32.211836708108116,31.532544021999154,31.532544021999154,10178500
2016-05-17,31.62479591369629,32.11958867072726,31.490614989711222,32.05249980829752,8357100
2016-05-18,31.6583251953125,31.951844811513528,31.440282508866577,31.6583251953125,10603000
2016-05-19,31.230632781982422,31.599629423120344,30.93710989094399,31.498994557196312,8221300
2016-05-20,31.532550811767578,31.68350477451828,31.4319159029758,31.490619866364842,7807600
2016-05-23,31.33965301513672,31.65833382756649,31.255791158819555,31.63317591049629,7126700
2016-05-24,31.851219177246094,31.926696128815685,31.389972561709612,31.44029159579761,8678000
2016-05-25,32.43825912475586,32.51373607015089,31.893147497000125,31.918308611548166,16141100
2016-05-26,32.61437225341797,32.66469128542984,32.32085256449373,32.41310252361982,12446000
2016-05-27,32.958213806152344,33.04207886671122,32.63953297427849,32.74017104694915,12339400
2016-05-31,33.234962463378906,33.268505287222055,32.824031679833226,32.98337368936872,15887000
2016-06-01,33.125938415527344,33.22657328204744,32.95821150524403,33.01691544397448,11554800
2016-06-02,33.15108108520508,33.24333100338865,33.00012725529074,33.125923179927106,12758500
2016-06-03,32.85757064819336,33.15947839183512,32.72338978425526,33.14270538395234,10841200
2016-06-06,32.84919357299805,33.02530861533146,32.748558691039825,32.916285627053675,9157100
2016-06-07,32.64792251586914,32.941442242922896,32.63953440988184,32.80726133925188,10202700
2016-06-08,32.63114547729492,32.756941458584194,32.413102735401495,32.62276057146716,9134000
2016-06-09,32.597599029541016,32.77371404086835,32.51373717586107,32.597599029541016,10093100
2016-06-10,32.203460693359375,32.45504958020372,32.06089163136761,32.4298884521309,7926100
2016-06-13,31.75058364868164,32.329238132612346,31.74219554361214,32.13635330463544,11065900
2016-06-14,31.582870483398438,31.77575539532416,31.398370481066816,31.75898237700982,9613200
2016-06-15,31.389976501464844,31.758973200381835,31.364818580825677,31.658338318699965,7716300
2016-06-16,31.44866943359375,31.482215448779364,30.928718994713076,31.33126157956819,10267500
2016-06-17,31.356426239013672,31.524153151910966,31.222245348520794,31.364814344177162,9900000
2016-06-20,31.6583251953125,31.92668690130312,31.6583251953125,31.767348138097404,7707300
2016-06-21,31.641569137573242,32.01895398849459,31.616411213887016,31.86800004812605,8841100
2016-06-22,32.48858642578125,32.580833205526744,31.633181893240636,31.633181893240636,10868100
2016-06-23,33.234962463378906,33.234962463378906,32.69823889239055,32.74016982153811,10755500
2016-06-24,31.79252052307129,32.33763228605494,31.79252052307129,32.17829025117877,16525000
2016-06-27,30.987428665161133,31.515767305326378,30.828086663057903,31.4570601683083,12802100
2016-06-28,31.498987197875977,31.515760204798646,31.079671622181205,31.264168300082613,8379700
2016-06-29,32.346012115478516,32.49696602001762,31.82606155491319,31.82606155491319,8366500
2016-06-30,32.966609954833984,32.966609954833984,32.34602115178926,32.41311321660522,10425000
2016-07-01,33.15949249267578,33.30205832161832,32.840811605634435,32.966607618687085,6904600
2016-07-05,33.075618743896484,33.176256807597625,32.88273392048963,32.96659897357391,10029300
2016-07-06,34.24131774902344,34.28324867448563,32.91627875037138,32.93305176038117,13177200
2016-07-07,34.685794830322266,34.86190665457478,34.21616009985736,34.24132121698263,17624400
2016-07-08,35.1302604675293,35.44894121938737,34.85351383498413,34.88705665166066,11071800
2016-07-11,35.32316207885742,35.48250413021942,35.22252718266214,35.247685106929545,9052300
2016-07-12,35.61667251586914,35.76762640656687,35.3399226498818,35.507649550559776,8266200
2016-07-13,35.41415786743164,35.87824553104174,35.312899919173944,35.64198342276674,7920200
2016-07-14,35.675750732421875,35.79388184576133,35.45636483891025,35.72637973192368,9011900
2016-07-15,35.523860931396484,35.88669398591339,35.464795384738466,35.777002667166144,7693500
2016-07-18,35.515419006347656,35.63355008180434,35.27915685543429,35.48166635083706,7524200
2016-07-19,35.27071762084961,35.43104112755844,35.101957559549476,35.38884869811057,8462800
2016-07-20,35.987937927246094,36.21576025042568,35.523847071951614,36.11450552692035,13686500
2016-07-21,36.31703186035156,36.63767247526028,36.12295889274971,36.18202443859241,11456400
2016-07-22,36.426727294921875,36.502669179422085,36.12296297575222,36.32547252186532,10204500
2016-07-25,36.62922668457031,36.65453956388356,36.34233558331009,36.35077535563452,11525900
2016-07-26,36.789554595947266,36.806430925272764,36.587045081702655,36.61235796627556,8664800
2016-07-27,36.8486213684082,37.04269755271031,36.485791541713716,36.76424293779661,15188200
2016-07-28,37.50678634643555,38.10588158851446,37.06801141427285,37.14395329135545,18284700
2016-07-29,37.75992965698242,38.07213376069476,37.34646755841908,37.447725553270075,13423200
2016-08-01,38.2155647277832,38.46026661637716,37.73460072265986,37.75991360119375,12152400
2016-08-02,38.02993392944336,38.63746885373587,37.85273731613484,38.57840331596636,10352700
2016-08-03,37.928688049316406,38.046819152474214,37.82743327787131,38.029942820761505,7783100
2016-08-04,37.810546875,38.0468090183852,37.785230774758524,38.02149613697401,6583500
2016-08-05,38.19026565551758,38.316836542271744,37.86118521255439,37.97087976648591,6555300
2016-08-08,37.98775100708008,38.3168314059303,37.8696199119883,38.02150366820085,7657900
2016-08-09,38.03837966918945,38.12275810242939,37.96243779174115,38.029939894566915,6486200
2016-08-10,37.810546875,38.215569071730464,37.700852357501034,38.03837246419157,6026000
2016-08-11,38.0130615234375,38.0890033968089,37.75992301847643,37.844301447186545,5756200
2016-08-12,38.004615783691406,38.05524154115068,37.59115385773761,37.8189794227942,6686300
2016-08-15,38.09744644165039,38.1649485466474,37.84430469612633,38.1396356596274,6525600
2016-08-16,37.903350830078125,38.03836140857858,37.81897243734469,37.98773244164091,7584400
2016-08-17,37.70085144042969,38.088997300500964,37.49833873757542,38.088997300500964,8630300
2016-08-18,37.43083953857422,37.75148333499899,37.3380213433857,37.700854350669665,6548800
2016-08-19,37.32958221435547,37.38864774925106,36.831741835356745,37.27051346062964,9439100
2016-08-22,37.27052688598633,37.43085044030817,36.949886215005435,37.194588215620904,6518400
2016-08-23,37.042694091796875,37.48146575257952,37.042694091796875,37.43927654121547,7400600
2016-08-24,36.426727294921875,37.21145902848034,36.342348853846616,37.0933279234425,7578500
2016-08-25,36.14827346801758,37.12707812622855,35.66730930434337,36.42672488017218,38568600
2016-08-26,36.26640701293945,36.51954555530071,35.51542794244088,36.04702113458136,18670500
2016-08-29,36.494232177734375,36.76424704847933,36.24109363876488,36.283282858787935,9223200
2016-08-30,36.13982009887695,36.587031392772474,35.911994566469005,36.29170056831943,12176200
2016-08-31,35.45635223388672,36.2663966249496,35.38041037104768,36.17357843494297,12445800
2016-09-01,35.692626953125,35.72637961935318,35.220102501256086,35.371983061620085,10739200
2016-09-02,35.515419006347656,35.81918646828221,35.34665894762508,35.74324460279857,7208200
2016-09-06,35.57447814941406,35.7094855283579,35.270710742082976,35.52384917524894,7079100
2016-09-07,35.355106353759766,35.6841867689575,35.24541180908349,35.566055667997404,11063600
2016-09-08,35.31291198730469,35.54073762049883,35.14415512019576,35.54073762049883,7694300
2016-09-09,34.60410690307617,35.08507406196175,34.59567035098286,35.06819773894563,10977900
2016-09-12,34.9500732421875,35.03445488084263,34.401607075665915,34.469109167759626,7759600
2016-09-13,34.29191970825195,34.79819998930352,34.15691227707108,34.78976021426224,6930000
2016-09-14,34.435367584228516,34.62944056914872,34.21597849252315,34.33410959475014,7707800
2016-09-15,34.69694137573242,34.81507247353028,34.300358864386915,34.418489962184765,6099900
2016-09-16,35.32978820800781,35.46479563257402,34.45224155774295,34.553496321459875,15790200
2016-09-19,35.16947555541992,35.743258039475904,35.09353366138806,35.47324313154739,7552700
2016-09-20,35.08510208129883,35.43949549117115,35.08510208129883,35.39730625935284,4866700
2016-09-21,35.371971130371094,35.447912994353004,34.81506520078055,35.11883265670818,5461300
2016-09-22,35.625118255615234,35.852943882303855,35.47323450448949,35.57448926562971,5829700
2016-09-23,35.59980010986328,35.79387306543313,35.48166902550169,35.650429096945665,6912300
2016-09-26,35.16947555541992,35.45636679744791,35.11040999548754,35.44792702098237,6378200
2016-09-27,35.71794128417969,35.72637784090105,35.068216976371666,35.19478464017972,5964900
2016-09-28,35.68418502807617,35.8866945573193,35.36354118480513,35.650432366925344,5228300
2016-09-29,34.96695327758789,35.650430138429144,34.81506953073428,35.532299050616494,6785700
2016-09-30,35.68418502807617,35.836068784423986,35.17790476730649,35.22009720316049,7451000
2016-10-03,35.90357208251953,35.928888188640464,35.338229474171555,35.49011323557302,5947400
2016-10-04,35.523860931396484,36.10608306106965,35.32135140537781,35.84450476956207,5870700
2016-10-05,36.06389236450195,36.12295790873567,35.71793565449129,35.726372209882925,7218700
2016-10-06,36.257957458496094,36.32545954347286,35.709488130970925,36.021692114002306,7250200
2016-10-07,36.257957458496094,36.44359060630473,35.920437377122134,36.28327033800863,7249800
2016-10-10,36.705169677734375,36.94143180885277,36.333900154715444,36.409842013836375,8285100
2016-10-11,34.730690002441406,36.70517543019841,34.61255891836861,36.70517543019841,23896100
2016-10-12,34.79862976074219,35.17225956740678,34.66276408201931,34.85807079272762,6403900
2016-10-13,34.79862976074219,35.01941351322518,34.3146080778361,34.594832862304514,6544700
2016-10-14,34.63728332519531,35.26566074839041,34.6202997138532,34.959962222817595,8819000
2016-10-17,34.467437744140625,34.773136157013234,34.433470533978905,34.586319740415206,7252700
2016-10-18,34.95996856689453,35.16376870069026,34.391032060507385,34.46745670576913,9604900
2016-10-19,33.974945068359375,35.1382984802883,33.91550403146299,34.40801918208286,19299600
2016-10-20,34.59483337402344,34.654274406888106,33.96645257607694,33.97494276393189,8725900
2016-10-21,34.391029357910156,34.484437610255554,34.10231441397573,34.31460471865419,7276400
2016-10-24,34.31460189819336,34.74767265885261,34.229687079018674,34.637284041784056,6998800
2016-10-25,34.12778091430664,34.48443023431439,34.09381693468537,34.323087564121145,6598400
2016-10-26,33.9324836730957,34.20421502116367,33.76265077072993,33.96645090142749,7196700
2016-10-27,34.21269989013672,34.4164967305646,34.017393235021515,34.042867030251905,6583200
2016-10-28,33.57582473754883,34.475933271324735,33.55034770633249,34.178728234567025,12519600
2016-10-31,33.321075439453125,33.57582306387432,33.30409183258614,33.48241484575179,8241700
2016-11-01,33.15973663330078,33.414484287218215,32.811580750445444,33.32107929757248,8078500
2016-11-02,32.8625373840332,33.30410157385455,32.8625373840332,33.15974249290683,6323200
2016-11-03,32.59079360961914,33.244647838381425,32.522859188260796,32.99839041989468,7529400
2016-11-04,33.1937141418457,33.49091929034168,32.61628421965936,32.65025144785695,8748100
2016-11-07,33.84756851196289,33.93248334267231,33.57583716654096,33.66075199725038,6458800
2016-11-08,33.82209014892578,34.03438043636029,33.32108494100864,33.64376384561833,6654400
2016-11-09,34.025875091552734,35.2656491584456,33.26162902878777,35.240175369450625,13102900
2016-11-10,34.48443603515625,34.69672633013821,34.2381785155469,34.408011399391036,9716400
2016-11-11,34.08533477783203,34.3740497554526,33.881537875566536,34.289134919390875,5729000
2016-11-14,33.28712463378906,34.1108089174561,33.20220655759586,34.059861311033565,11193400
2016-11-15,33.80510330200195,33.915491908612736,33.15973907595974,33.3635391576816,9264700
2016-11-16,33.92399215698242,34.17873988090697,33.66924443305788,33.79661667537362,8894100
2016-11-17,34.2976188659668,34.39102711221273,33.96644653058048,33.96644653058048,6582600
2016-11-18,33.83057403564453,34.323085726351245,33.79660681854969,34.22968073827861,7015100
2016-11-21,33.762638092041016,34.07682997718365,33.660739684604145,33.83906270744166,8614700
2016-11-22,32.3530387878418,33.63527394898941,32.10678451416013,33.47393125600278,16242500
2016-11-23,33.10029602050781,33.22767146864602,32.18320380750619,32.30208583147934,9568900
2016-11-25,33.253143310546875,33.295600711003225,33.06632686138849,33.18521211767511,2733000
2016-11-28,32.896507263183594,33.30410426223791,32.86254003677249,33.30410426223791,5727800
2016-11-29,32.88801574707031,33.134273293914,32.828574717045036,32.99840761967148,7338500
2016-11-30,32.32756423950195,32.904994072038555,32.32756423950195,32.904994072038555,14916800
2016-12-01,31.928464889526367,32.522878471684805,31.74165159860883,32.370029172292824,9008500
2016-12-02,32.18320846557617,32.33605772974794,31.92845753242811,31.996391978412305,7252800
2016-12-05,32.63326644897461,32.65025006235271,32.259636672535514,32.36153511351108,9514700
2016-12-06,32.624755859375,32.82006569082784,32.454926293524174,32.64173946381835,6136100
2016-12-07,32.67572021484375,32.68421364023111,31.775608242051497,32.378515112139674,10888600
2016-12-08,32.84556198120117,32.93897024999037,32.27662218007311,32.54835679804785,7046900
2016-12-09,33.28712463378906,33.406006701166156,32.93047519236439,32.96444242284167,7802500
2016-12-12,33.28712463378906,33.55036257175452,33.16824256641197,33.28712463378906,7771700
2016-12-13,33.49092483520508,33.68623157073706,33.26165086585178,33.38053618422637,7483300
2016-12-14,32.96443557739258,33.788122929304734,32.83706010920047,33.473930971575584,11284100
2016-12-15,33.05784225463867,33.15974068078495,32.49739605189527,32.91348318157992,9229400
2016-12-16,32.3530387878418,33.39750986158943,32.25114035599791,33.13426873675891,15107500
2016-12-19,32.55685043334961,32.803108033630835,32.31908626165402,32.46344215467094,10153500
2016-12-20,32.429466247558594,32.70119758235035,32.285110393141174,32.60779256794127,6992900
2016-12-21,32.47191619873047,32.505880174916115,32.18320134575475,32.429455559737484,9190600
2016-12-22,32.514381408691406,32.5568388185911,32.19169926272681,32.39549936525517,7980900
2016-12-23,32.624755859375,32.82006569082784,32.454926293524174,32.548334498316926,4625600
2016-12-27,32.77762985229492,33.06634486762637,32.667241198854796,32.67573138785258,6633700
2016-12-28,32.45494079589844,32.921978789265125,32.33605875096431,32.80309674433099,6828500
2016-12-29,32.53135681152344,32.70118640826729,32.361523975487664,32.52286338811109,7050800
2016-12-30,32.616275787353516,33.00688909276079,32.48041014898176,32.5483445878138,10445600
2017-01-03,33.15973663330078,33.18521366619704,32.556833096528,32.8030905656748,9677300
2017-01-04,33.4229850769043,33.73717381133238,33.16823736684658,33.16823736684658,22644500
2017-01-05,33.71169662475586,33.754154032283864,33.100299590616345,33.321083292630085,12080100
2017-01-06,34.62879943847656,34.807125787042956,33.67773961639448,33.711706848435085,14628900
2017-01-09,34.59483337402344,34.86656473548859,34.492931684004,34.637290791884865,10992500
2017-01-10,35.06185531616211,35.34207673654463,34.62878143108206,34.654258461510906,9256300
2017-01-11,35.10887145996094,35.39944807125105,34.60463001411693,35.08322985409301,10699400
2017-01-12,34.80119323730469,34.86101820864805,34.45078843648656,34.86101820864805,8633400
2017-01-13,34.980674743652344,35.34817292842815,34.77555818880795,34.82683814257331,9533300
2017-01-17,34.95503616333008,35.074686127766114,34.638814674215396,34.75846463865143,8272700
2017-01-18,34.83538055419922,35.12596041660387,34.621718986555116,35.083228755118405,7195100
2017-01-19,34.527713775634766,34.80974537526274,34.390970490314544,34.73282707350655,7160200
2017-01-20,34.579002380371094,34.84394401328038,34.48499072804141,34.62173406046144,5908000
2017-01-23,34.476436614990234,34.65591158022677,34.35678663816588,34.45934329541285,7351900
2017-01-24,34.45079040527344,34.61317201388281,34.288405536447456,34.45933543300378,7773700
2017-01-25,34.45079040527344,34.587533670475175,33.54486423567655,33.980732374689396,16890200
2017-01-26,35.00630569458008,35.14304894884733,34.57043759042082,34.57898261746787,9410200
2017-01-27,35.040496826171875,35.305438341706335,34.95503350385329,35.134508436852386,7033600
2017-01-30,35.04903030395508,35.16013519452819,34.84391709389854,34.920835362723665,13811600
2017-01-31,35.698570251464844,35.71566356577447,34.69863255575781,34.80973746866223,12318200
2017-02-01,36.177188873291016,36.21137225643588,35.41655072945264,35.476375725228344,11948800
2017-02-02,36.5361328125,36.57031945021529,35.76694976499206,36.1771828971411,11836900
2017-02-03,36.561771392822266,36.8608995844045,36.356658085662616,36.69851468433444,11642200
2017-02-06,36.26264572143555,36.53613229887879,36.09171579547923,36.38229569153982,8735200
2017-02-07,36.6557731628418,36.732691447403,36.322461683148695,36.38228665333893,8697300
2017-02-08,36.23700714111328,36.519038745947036,36.13444723006724,36.45921376127875,6731400
2017-02-09,36.35664749145508,36.5617607388454,36.16862429783371,36.23699755377468,5138400
2017-02-10,36.527587890625,36.57886458713155,36.3053780050392,36.527587890625,3692400
2017-02-13,36.93780517578125,36.93780517578125,36.63013206072455,36.74978199208746,5672400
2017-02-14,37.30531311035156,37.37368312052559,36.71560506398858,36.75833672787447,8458800
2017-02-15,37.60443878173828,37.67281205351835,37.10874234198391,37.17711561376398,7946400
2017-02-16,37.77537155151367,37.78391658102247,37.38223498976319,37.604441619382115,8975500
2017-02-17,38.19414520263672,38.20269349208094,37.681358683367385,37.74972869783527,9632000
2017-02-21,38.467628479003906,38.58728169943213,38.06594693546829,38.15995854998202,11387800
2017-02-22,38.467628479003906,38.553095065024074,38.296701827397385,38.356526807503045,7534600
2017-02-23,38.800933837890625,38.89494216932492,38.33087587963861,38.484712436845435,9459400
2017-02-24,39.04023742675781,39.04023742675781,38.65564599702904,38.706925941065016,7608600
2017-02-27,38.85222244262695,38.93768903409615,38.62146753598578,38.894954108252996,6142600
2017-02-28,38.5274543762207,38.82657925855729,38.313792814489794,38.80948594239281,14211400
2017-03-01,38.96332550048828,39.05733711645747,38.62146567154886,38.77530226854991,8886300
2017-03-02,39.04879379272461,39.17699205993172,38.758213879243534,38.88641214645065,11164100
2017-03-03,38.67274475097656,38.93768627543481,38.553094791613766,38.81803305585514,6789600
2017-03-06,38.570194244384766,38.783855851583546,38.339439317384,38.450544265988235,6001300
2017-03-07,38.45908737182617,38.595830663183975,38.17705249952851,38.29670573215667,6476300
2017-03-08,38.766746520996094,38.85220982449204,38.39070016109541,38.484711751070584,6398500
2017-03-09,38.99751663208008,39.09152825888938,38.75821342014257,38.76676170997104,5691000
2017-03-10,39.07443618774414,39.176992847440935,38.89495795800296,39.11716785759968,6105900
2017-03-13,38.91204071044922,39.12570226191923,38.65564750072851,39.01460060251073,7040500
2017-03-14,38.28814697265625,38.67273839325119,38.26250863135537,38.62145845043308,7504500
2017-03-15,38.73257064819336,38.8009439181443,38.339434126626344,38.42489745384806,6844400
2017-03-16,38.44198989868164,38.775301431583706,38.134316711320686,38.604371520803525,6704200
2017-03-17,38.621463775634766,38.68983704215301,38.26251390706435,38.54454548091014,12277400
2017-03-20,38.44198989868164,38.65565147210265,38.34797828474169,38.62146483790323,3521600
2017-03-21,38.28814697265625,38.783843305915575,38.11721709014557,38.587275082104014,5567100
2017-03-22,38.29671096801758,38.51891762427226,38.108687694112916,38.40781266603608,5198900
2017-03-23,38.262516021728516,38.45053925482843,38.10867942377713,38.211236069005736,3952800
2017-03-24,38.22832107543945,38.58727414602576,38.117216165470325,38.253959416118384,4753200
2017-03-27,38.20268630981445,38.28814962688615,37.93774481054568,38.05739475853269,6914700
2017-03-28,38.20268630981445,38.271056311428495,37.82663989017922,38.23687294072976,5377400
2017-03-29,38.177059173583984,38.3223507799235,37.92066586499296,38.177059173583984,4186900
2017-03-30,38.074493408203125,38.1685050262829,37.91211177893071,38.14286667961279,4411600
2017-03-31,37.954837799072266,38.30524261239445,37.886467798047136,37.886467798047136,7146500
2017-04-03,38.006126403808594,38.12577637802441,37.67281482985959,37.963391475688134,7955000
2017-04-04,37.75827407836914,38.0744922988831,37.61298251096526,38.057398981528706,5399200
2017-04-05,37.433509826660156,38.06594956604703,37.34804649495088,37.749728066245034,7762300
2017-04-06,37.32240676879883,37.44206000352787,37.04892018128132,37.44206000352787,6067300
2017-04-07,37.45914840698242,37.56170504878858,37.2369385461494,37.27967020855056,5327800
2017-04-10,37.2540168762207,37.57023496303804,37.211285231010066,37.4591333375335,4321300
2017-04-11,37.47330093383789,37.49049552291108,37.10355494575921,37.16374584798986,4871900
2017-04-12,37.38731002807617,37.481896664823864,37.13794585486098,37.24973036012262,4778900
2017-04-13,36.690799713134766,36.9401638088657,36.45003618906739,36.45863676073094,11427000
2017-04-17,37.24112319946289,37.301314083236015,36.38124968252439,36.69080139329024,8068500
2017-04-18,37.344322204589844,37.48190189172908,36.94018043854901,37.05196495939916,10131200
2017-04-19,37.48188400268555,37.83443198772856,37.07774242953005,37.645258778139706,13454600
2017-04-20,37.81725311279297,37.96343337909593,37.42171191246965,37.567888898614044,5871900
2017-04-21,37.4303092956543,37.817253201292885,37.3443232189162,37.78285745853422,7519800
2017-04-24,37.94621658325195,38.057997770970765,37.69685249343568,37.8946229949654,6727000
2017-04-25,37.62807083129883,38.16979216868675,37.62807083129883,38.01501464371877,6793100
2017-04-26,37.6624755859375,37.96343341441367,37.585086804918895,37.77426010966628,5591200
2017-04-27,37.53349304199219,37.84304485762773,37.490496727453284,37.800051823247095,7487300
2017-04-28,37.5248908996582,37.619477539439806,37.404509096357295,37.5506860631775,6014100
2017-05-01,37.38731002807617,37.54208756454367,37.24973036012262,37.46469879630992,5119100
2017-05-02,37.49049758911133,37.63667784555513,37.3271227426467,37.542091199648844,6166100
2017-05-03,37.593685150146484,37.619480315569334,37.395914561535065,37.49909850338486,4579700
2017-05-04,38.341766357421875,38.341766357421875,37.593677196996154,37.6194723569619,6551400
2017-05-05,38.384769439697266,38.42776247762224,38.247189750242235,38.33317910625071,5893200
2017-05-08,38.41915512084961,38.608328374368824,38.3761620941837,38.43635298754751,6320100
2017-05-09,38.41057205200195,38.49656142467878,38.3159886622962,38.39337745762575,4943100
2017-05-10,38.26438522338867,38.436360644469275,38.15260070766253,38.436360644469275,5253300
2017-05-11,37.71406936645508,38.16980147882129,37.64527788073112,38.16980147882129,7071600
2017-05-12,37.800052642822266,37.98062535923105,37.722663867195884,37.748462312510235,5775800
2017-05-15,37.868831634521484,38.03220642689339,37.748449863283525,37.7656444476113,4223500
2017-05-16,37.56788635253906,38.34177410955677,37.327122730426154,38.34177410955677,7159300
2017-05-17,37.04336166381836,37.567881880967086,37.01756322154957,37.567881880967086,5989300
2017-05-18,36.957359313964844,37.21532068474305,36.871373283757706,37.12073408342112,5225100
2017-05-19,37.112144470214844,37.24972411510279,36.983162118063504,37.10354717747824,5883000
2017-05-22,37.60228729248047,37.72266912018316,37.06056578765954,37.2067460642691,5802200
2017-05-23,37.55928421020508,37.98062049452585,37.50769060634302,37.58507937205715,4672400
2017-05-24,37.4303092956543,37.65387834342707,37.318528051926485,37.65387834342707,4585400
2017-05-25,37.79145431518555,37.83444734932358,37.35291683856613,37.645274062926326,4473400
2017-05-26,38.44495391845703,38.565335716575106,37.68826739309828,37.76565288032448,8624100
2017-05-30,38.6943244934082,38.78031056910792,38.01502334284144,38.22999181224926,8119700
2017-05-31,39.261837005615234,39.33922577769572,38.84909798123872,38.866295850607514,10449800
2017-06-01,39.640193939208984,39.640193939208984,39.09847562829241,39.14146867643764,7385500
2017-06-02,39.984134674072266,40.0271277112385,39.68318013375017,39.837957691675385,6885700
2017-06-05,40.08731460571289,40.19909911527987,39.88094673591338,40.044321572851175,7810600
2017-06-06,39.86375045776367,40.15610768511321,39.82935471803825,40.052923746095225,6048300
2017-06-07,40.03572463989258,40.07011709839765,39.75196471615802,39.88094709606612,4358400
2017-06-08,40.173301696777344,40.39686742320504,39.485400088967296,40.03572203124693,8364400
2017-06-09,40.663429260253906,40.68062712838037,40.121707894823004,40.25069026569253,9117300
2017-06-12,40.56024169921875,41.03317486819418,40.56024169921875,40.66342890708135,7365500
2017-06-13,40.809593200683594,40.99016583817126,40.58602754667367,40.620423271954245,7163700
2017-06-14,40.964385986328125,41.162156560332264,40.80101115045291,40.809608444906075,6076900
2017-06-15,41.37712478637695,41.56629806493571,40.73221946055368,40.912795444704365,9366700
2017-06-16,41.454505920410156,41.600686139684676,41.10195787177543,41.428710761779506,9902200
2017-06-19,42.03921890258789,42.27998245591718,41.40291428874407,41.56628908848075,7409500
2017-06-20,41.9360466003418,42.39177867534898,41.91884873032061,42.03923054031056,8500700
2017-06-21,41.76406478881836,42.073619841509434,41.52330120568433,41.95323804994242,8271800
2017-06-22,42.36598205566406,42.6411414062381,41.71247613793207,41.78986491029091,8714100
2017-06-23,42.20261001586914,42.44337364355321,42.10802336780514,42.28859608856819,9343900
2017-06-26,42.056427001953125,42.520759636500564,42.03922913250786,42.31438848331563,5302600
2017-06-27,41.850059509277344,42.245603980799125,41.83286491848632,42.090826422412015,3893200
2017-06-28,41.686683654785156,42.151016318799954,41.57489913637602,42.07362754146415,8366300
2017-06-29,41.90164566040039,42.30578735534928,41.703875099937164,41.90164566040039,6048500
2017-06-30,41.798465728759766,42.17680901796516,41.798465728759766,41.94464269953519,4723300
2017-07-03,41.88444519042969,42.16820507269907,41.841452163462186,41.90164305724823,2454800
2017-07-05,42.13379669189453,42.21978272001939,41.84143960405063,41.89303318901957,5637200
2017-07-06,41.22234344482422,42.013428943906916,41.187950990204996,41.987633782903046,5665300
2017-07-07,41.652278900146484,41.68667463377657,41.25673780387356,41.42011261837994,4354300
2017-07-10,41.47170639038086,41.729667833358235,41.39431762947188,41.63508120556306,3479900
2017-07-11,41.40291976928711,41.643683354486505,41.30833313791368,41.445912798050166,4084400
2017-07-12,41.874141693115234,42.09894463524303,41.502349547883945,41.649335452677036,3906900
2017-07-13,41.571529388427734,41.960611348621626,41.35537127795956,41.874149423758766,7016600
2017-07-14,42.28916931152344,42.46209644611283,41.63205015805667,41.67528111712633,4111000
2017-07-17,42.15946960449219,42.392920721886085,42.12488681911976,42.28916576914785,3358400
2017-07-18,42.14218521118164,42.237292005918334,41.74445179495437,42.0989509519339,4163600
2017-07-19,42.73878479003906,42.77337088167517,42.15947929922358,42.194065390859684,6485000
2017-07-20,43.9665641784668,44.20866353713729,42.669615343723684,42.95494567055667,12331200
2017-07-21,43.957908630371094,44.03572567349273,43.65528862840398,43.86279854452124,7980300
2017-07-24,43.92333221435547,44.087614507283874,43.638005192303645,43.93198038677874,8584300
2017-07-25,43.94926452636719,44.09625044466025,43.76768922370245,44.078957401629765,5692800
2017-07-26,43.57747268676758,43.93197182587983,43.46506955534836,43.871447823956565,6057100
2017-07-27,43.32673263549805,43.54289074818897,43.1538054856831,43.508304658563766,7370900
2017-07-28,42.8944091796875,43.40454237158072,42.807943970199375,43.36995628778546,5688300
2017-07-31,42.52262496948242,43.093282265482216,42.50533192435381,42.89441719396983,6036200
2017-08-01,42.49668884277344,42.63502991132424,42.1248966026098,42.54856468203546,5098000
2017-08-02,42.56584548950195,42.591783401675386,42.185408484947054,42.48802845467137,4841500
2017-08-03,42.50534439086914,42.61774756801662,42.30647926103102,42.591806343559774,4365700
2017-08-04,42.5917854309082,42.67825063945632,42.444799523842086,42.574495687509035,3334700
2017-08-07,42.626380920410156,42.69555310251242,42.45345376346568,42.591794829359024,2898300
2017-08-08,42.26322937011719,42.57449753779722,42.20270537065836,42.57449753779722,3390700
2017-08-09,42.16812515258789,42.25458707861264,41.87414998646827,42.15947698099878,4102900
2017-08-10,41.554229736328125,42.237286750079484,41.54558156623037,42.1421799671775,4652200
2017-08-11,41.96925354003906,42.16811857753686,41.55423042287272,41.70986450409892,3978900
2017-08-14,42.436161041259766,42.58314697045584,42.1075997959302,42.14218588455667,3248400
2017-08-15,42.21135330200195,42.54855940865747,42.202708429300124,42.41886652826503,2922100
2017-08-16,43.06733322143555,43.110564173933746,42.34104200521089,42.40156599837042,6492100
2017-08-17,42.61773681640625,43.36132129587754,42.58315072473055,42.9117119990272,6633100
2017-08-18,42.14218521118164,42.51397411388719,42.09030607907089,42.45345010891343,4810800
2017-08-21,42.26322937011719,42.35833945449837,42.00384032982069,42.17676415781129,4282000
2017-08-22,42.98088836669922,43.101936410326424,42.263244980204306,42.323769002017904,4018800
2017-08-23,42.920352935791016,43.02410790298963,42.6955499571422,42.84253588581432,4559000
2017-08-24,42.6955451965332,43.093275275039574,42.65231423988,43.00681336173317,3871800
2017-08-25,42.66960525512695,43.05869047321873,42.66960525512695,42.87711847087946,4852400
2017-08-28,43.4564208984375,43.534237942655494,42.816594800032405,42.833887843004256,6126900
2017-08-29,43.3613166809082,43.47371651942458,42.790659422239536,43.15380345125101,4117300
2017-08-30,43.32673263549805,43.413194561249995,43.1192193960579,43.24891558299687,2926200
2017-08-31,44.044368743896484,44.13947882585549,43.326725640742154,43.49100459247374,6207800
2017-09-01,44.251888275146484,44.450753339345155,43.931975197810445,44.122192090607314,4599400
2017-09-05,44.1221923828125,44.2518885682106,43.78498625875065,43.95791340651111,4027200
2017-09-06,44.260528564453125,44.459393608056594,44.1481287343581,44.26917673495929,7719500
2017-09-07,44.51993179321289,44.63233165079327,44.208663545088726,44.44211473118185,4631700
2017-09-08,44.978179931640625,45.09058307238531,44.346998646139106,44.346998646139106,6221800
2017-09-11,45.349971771240234,45.47966465720573,44.9695313897951,45.26350654895226,3668800
2017-09-12,45.177059173583984,45.42780345150116,44.85714599387258,45.38457247559076,3759600
2017-09-13,44.96088790893555,45.246218203854646,44.865777810629176,45.16840115054136,4214100
2017-09-14,44.692848205566406,45.04734736268626,44.58909323961474,44.90036143578064,5568300
2017-09-15,44.75337600708008,44.85713428014466,44.51992813846271,44.744731133480286,6699700
2017-09-18,45.03006362915039,45.038708503171044,44.61503711330958,44.86578133795593,3371000
2017-09-19,44.450748443603516,45.168394868607336,44.416162358427535,45.090577826116686,3790900
2017-09-20,44.86576843261719,44.89170634552962,44.433452293087925,44.433452293087925,4967000
2017-09-21,44.46804428100586,44.94359143797654,44.42481332097413,44.85712951791309,5737600
2017-09-22,45.401851654052734,45.46237896420605,44.52857427010949,44.53721914395352,7979000
2017-09-25,45.488311767578125,45.63529769457278,45.22892270338639,45.358615586326806,9778100
2017-09-26,45.69581604003906,46.08490123729271,45.47101309179834,45.496951005511754,6960100
2017-09-27,45.090576171875,45.89468448200777,44.57179480819972,45.695816148697084,8025600
2017-09-28,46.37888717651367,47.38186075332325,46.35294925674719,47.33862978760869,14861100
2017-09-29,46.13678741455078,46.50857962671651,46.076263407762035,46.37888344170577,8459000
2017-10-02,46.41347122192383,46.43076426710941,45.998448032403196,46.378885131552664,8681900
2017-10-03,46.47399139404297,46.690149493550145,46.430760433803705,46.47399139404297,4464900
2017-10-04,46.9841194152832,46.9841194152832,46.35293823071892,46.40481405791212,5629700
2017-10-05,47.48562240600586,47.64990471645098,46.99278207129393,47.01007511967298,5143100
2017-10-06,47.554779052734375,47.60665818091101,47.13110775173515,47.4683171374173,4302100
2017-10-09,47.260807037353516,47.598013146945796,47.2175760768462,47.598013146945796,3985600
2017-10-10,47.90064239501953,47.92658031487167,47.14840973619472,47.35592298994566,4943100
2017-10-11,47.07058334350586,47.857398639992184,46.966828386362224,47.779581597556806,6940000
2017-10-12,47.535423278808594,47.55280091071274,47.01410757946178,47.12706052961653,4405000
2017-10-13,47.48330307006836,47.60494320296302,47.30953003117097,47.47461259517872,4951800
2017-10-16,47.46592712402344,47.70920739847099,47.37035178350614,47.457236648824505,3725500
2017-10-17,47.839534759521484,47.9872396834131,47.2660860698368,47.43116862850007,5433000
2017-10-18,48.456417083740234,49.17757056642222,47.71788265499643,47.94378855157946,9043700
2017-10-19,48.6562614440918,48.812656835317675,48.14363284272804,48.56937658871954,4864800
2017-10-20,48.93429183959961,49.03855431802837,48.60412345772337,48.803961255730336,5528700
2017-10-23,48.725765228271484,49.25576807571415,48.71707475527158,48.838714861715616,4709000
2017-10-24,48.1175651550293,48.71707857570826,47.94379214029139,48.65625851771668,7201000
2017-10-25,48.21314239501953,48.551997964281256,47.952481205330784,48.117567067392955,6113200
2017-10-26,48.20445251464844,48.386912698121854,47.8569097815245,48.08281239233282,5032600
2017-10-27,48.10888671875,48.326102212911074,47.943804136387925,48.213152542348006,4724300
2017-10-30,47.170501708984375,48.056741026072785,46.97066391901998,47.94378807889489,7542500
2017-10-31,47.11836624145508,47.387714542494685,46.94459325092772,47.335581651003245,7676200
2017-11-01,46.91853713989258,47.413788100102536,46.579681568637845,46.82296181170386,7641900
2017-11-02,47.24001693725586,47.48330050434458,46.88378371826527,46.96198141582149,6953200
2017-11-03,48.19576644897461,48.221831243078256,47.326904624775004,47.413789481417034,4567100
2017-11-06,47.796085357666016,48.134944238113825,47.796085357666016,48.06543370434668,3133500
2017-11-07,47.92641830444336,48.01330316147366,47.50067455032729,47.917731144518264,4844000
2017-11-08,48.004615783691406,48.091500640327396,47.54412007751997,47.77002269344044,3712600
2017-11-09,48.178382873535156,48.22182529649898,47.70919675085932,47.83952733419519,3644000
2017-11-10,47.61363983154297,48.065448496741865,47.24002888367553,47.98725077941041,5032600
2017-11-13,48.04804611206055,48.108866159278385,47.4050903802023,47.518040002496,3854500
2017-11-14,47.796085357666016,47.9698583776392,47.57886991131071,47.83084062454959,6180400
2017-11-15,47.639686584472656,47.85690200027395,47.38771590667655,47.59624084975703,4999800
2017-11-16,48.25658416748047,48.517242039190094,47.66575789056815,47.882973336066954,6866900
2017-11-17,48.27396774291992,48.40429503759445,47.97855456810121,48.039374635171676,6284200
2017-11-20,48.039371490478516,48.37822707467366,47.90035372992551,48.36084944029893,3699400
2017-11-21,48.76052474975586,48.93429777785438,48.16969844288779,48.17838891723738,4613000
2017-11-22,48.48248291015625,48.7865864982954,48.28264511395051,48.682320706362,3552100
2017-11-24,48.76921463012695,48.82134421781022,48.430359052406544,48.525931067974135,2148300
2017-11-27,48.78657531738281,49.10805314939013,48.664931921338756,48.80394963094546,4518300
2017-11-28,48.67363739013672,48.91691762829831,48.291339399533555,48.91691762829831,6841700
2017-11-29,48.29135513305664,48.91693356563743,48.117582057277524,48.73447332756994,7277900
2017-11-30,48.97773361206055,49.05593129845435,48.05674232169397,48.36952975282479,10086300
2017-12-01,48.638885498046875,49.24708945009352,48.02199438593944,48.91692102222051,5322300
2017-12-04,47.535423278808594,48.83002868289014,47.518045646904454,48.7778957871777,4589100
2017-12-05,47.604942321777344,48.06543804905319,47.21395382010682,47.47461171640551,4321100
2017-12-06,47.49198532104492,47.88297378953449,47.196572179791104,47.69182313506299,7828600
2017-12-07,47.51803970336914,47.73525510333517,47.22262662683758,47.57885975020411,4421900
2017-12-08,47.474613189697266,47.65707339132419,47.205268124756124,47.49199082524913,5103900
2017-12-11,47.73526382446289,47.89165920616704,47.33558821097209,47.587558916433736,4273000
2017-12-12,48.39561080932617,48.543315748462355,47.92642456540193,48.17839532392924,9860700
2017-12-13,47.839534759521484,48.44773540430453,47.61362882193498,48.369537705054576,9962300
2017-12-14,47.55281066894531,47.97855445185208,47.46592580603948,47.83084620757808,5935200
2017-12-15,48.221824645996094,48.27395754151606,47.648376053053916,47.81345858386726,14655500
2017-12-18,49.00381088256836,49.10807337911267,48.15232333171394,48.23921150753837,6053900
2017-12-19,49.35134506225586,49.481675646110595,49.04724478585404,49.0993743678404,7116800
2017-12-20,49.54249954223633,49.78577978221839,49.00380616179975,49.299219302254265,11948400
2017-12-21,49.46431350708008,49.759726717161044,49.29923092167574,49.64677373007099,6154700
2017-12-22,49.46431350708008,49.80316915390477,49.316605244816856,49.473000668650634,5449300
2017-12-26,49.52511978149414,49.74233521913227,49.43823493221671,49.53380694064407,3187900
2017-12-27,49.93349075317383,50.046440405402926,49.568567058705966,49.60332232759717,5243900
2017-12-28,49.924808502197266,50.12464635957107,49.846610791534,49.90743086488927,3387100
2017-12-29,49.5859489440918,50.19415294404887,49.5859489440918,50.04644469582087,3995200
2018-01-02,51.08038330078125,51.43661648725737,50.23758633898268,50.56775473346736,10112800
2018-01-03,51.19332504272461,51.28021319336262,50.663322238830936,51.25414840539324,5683700
2018-01-04,51.106449127197266,51.78416024824848,51.05431622771462,51.697275396888706,6240000
2018-01-05,51.2541618347168,51.34104669367584,50.95005819947033,51.29760426419632,5836900
2018-01-08,51.106449127197266,51.245466878039686,50.854478418031434,51.132513919716274,5411500
2018-01-09,51.19332504272461,51.34972039942898,50.72414228705552,51.34972039942898,7466900
2018-01-10,51.11513900756836,51.1846462249603,50.64595286100557,51.04562847573183,4340800
2018-01-11,51.4643440246582,51.47307272783707,50.8881530362979,51.202439635457154,4240900
2018-01-12,51.36831283569336,51.71752091629868,51.324662658191464,51.47307392775693,6320900
2018-01-16,51.019107818603516,51.63022033121043,50.83577506391003,51.41196610030048,7175000
2018-01-17,51.49927520751953,51.595304281772194,51.18498854910539,51.29847836330279,5037500
2018-01-18,51.56910705566406,51.74371109846962,51.097677139177605,51.31593136011077,5658600
2018-01-19,51.77864074707031,52.101656112561244,51.47308279135023,51.70879778680436,7362300
2018-01-22,52.005615234375,52.005615234375,51.027837262024754,51.40323478655384,6841900
2018-01-23,51.708797454833984,52.00562337346738,51.49054320084754,51.96197318872922,8122100
2018-01-24,53.882606506347656,56.012769967535654,53.02705030630973,53.25403324497476,11704900
2018-01-25,55.192134857177734,56.39689589866024,54.40641823856262,55.15721337850695,15261900
2018-01-26,55.366729736328125,55.38419047381749,54.711967066805066,55.13101810595956,10242800
2018-01-29,55.270694732666016,55.410377287266606,54.86910447418139,55.07862997122967,8638500
2018-01-30,54.51118087768555,55.10483271060635,54.38023032442971,54.51118087768555,6497600
2018-01-31,54.2667236328125,54.79053237565622,53.996087228509545,54.703232028613854,7804400
2018-02-01,54.284183502197266,54.598470075007086,53.830214378171384,53.90878602137384,8101600
2018-02-02,53.856407165527344,54.49370905323247,53.81275698998766,54.30164761479889,12346500
2018-02-05,51.27228546142578,54.01355817229948,51.11514214281432,53.77784319438229,11548200
2018-02-06,51.38577651977539,51.73498129011286,50.050061695901405,50.56513848237704,15214700
2018-02-07,51.21990203857422,52.250062289517984,51.07149075799019,51.15879111947546,6872700
2018-02-08,49.124671936035156,51.359596879977815,49.0810217476991,51.307214655797004,6874500
2018-02-09,49.910362243652344,50.364331319130606,48.522268912676715,49.43893576514685,8028400
2018-02-12,50.119895935058594,50.61751526032485,49.65719808216416,50.373071614311925,8234200
2018-02-13,50.32068634033203,50.45164018860149,49.596084149379884,49.88417795316011,5816600
2018-02-14,50.879417419433594,50.98418183197155,49.892910845245225,50.041322100898526,3728900
2018-02-15,51.94450378417969,51.95323248755308,50.92307564444417,51.26355169102268,3871900
2018-02-16,52.5294303894043,52.852449071670115,51.79609931908106,51.89212838998374,7849200
2018-02-20,51.612754821777344,52.26751745397787,51.3683111714502,52.101645452726586,8182500
2018-02-21,51.49927520751953,52.37229222298299,51.35086058313702,51.569114837002886,4793800
2018-02-22,51.49927520751953,51.857212050647725,51.333399843192275,51.69133668632047,5539900
2018-02-23,52.127845764160156,52.154038539511546,51.49054373553731,51.70006928687013,5190400
2018-02-26,52.843711853027344,52.89609406589567,52.145298999592285,52.258792128992724,5364200
2018-02-27,52.861175537109375,53.463559362638556,52.72149295863652,53.03577959277429,6747700
2018-02-28,52.66911315917969,53.358794005130285,52.538159287129595,52.96593571927532,8325700
2018-03-01,51.32467269897461,52.53816585451967,51.09768640308668,52.520705114044006,9711900
2018-03-02,51.909584045410156,51.97069496195203,51.010377704612495,51.0540278835288,7979200
2018-03-05,52.70402145385742,52.931007678942514,51.42068906700975,51.42941776937701,9000400
2018-03-06,53.149269104003906,53.271490935545856,52.477045700228025,52.89609340706978,6620000
2018-03-07,53.5072135925293,53.62070340654748,52.54689287885863,52.61673583852731,7726500
2018-03-08,54.013553619384766,54.083396568567274,53.51593426249232,53.55085573708357,5245800
2018-03-09,55.52387237548828,55.611176061884855,54.14450743337353,54.170696874144944,8184400
2018-03-12,55.54133605957031,55.82943324452163,55.36673200780847,55.515146617409385,8858500
2018-03-13,55.17466354370117,55.82942615696433,55.00878821695246,55.777043948997125,6428500
2018-03-14,54.87784194946289,55.541333317041534,54.76434882187749,55.36672927390132,5162100
2018-03-15,54.64213180541992,55.11356176434879,54.58102088448048,55.04371880882062,3364900
2018-03-16,55.15719985961914,55.279421674715124,54.74688091154431,54.8079918190923,11840900
2018-03-19,54.354034423828125,55.20959397465151,53.85641502342201,55.1135615762757,5286200
2018-03-20,54.69450759887695,54.79053665600763,54.25799916897464,54.54609300095675,3943000
2018-03-21,54.493717193603516,55.0611795512727,54.423877568366244,54.78181438973276,3478300
2018-03-22,53.19291687011719,54.21434498479275,53.123073923663306,53.96990133279415,5345300
2018-03-23,51.94450378417969,53.34132944457741,51.822281955181765,53.28021853007846,6000800
2018-03-26,53.31513977050781,53.384982718369145,52.10164685892511,52.62545564670489,5694700
2018-03-27,52.62546157836914,53.79530444454455,52.37228918957319,53.48974983894835,6365300
2018-03-28,51.708797454833984,53.00086223879829,51.66514727009582,52.843718909504396,8128800
2018-03-29,52.3111686706543,52.712758957416675,51.7698991497507,52.00561410166719,6656600
2018-04-02,50.81831359863281,52.45958632407302,50.311965521920705,52.223871358427736,6686500
2018-04-03,51.50798416137695,51.5690950626025,50.63496748067565,50.98417548507391,6113500
2018-04-04,51.909584045410156,52.04053791245426,50.15482154273114,50.93180605044506,7405200
2018-04-05,52.25878143310547,52.511957081375066,51.98814505078682,52.29370290120359,6644500
2018-04-06,50.25959014892578,52.03181365406944,49.75324200329717,51.89213106248613,7447100
2018-04-09,50.8270378112793,51.60402220978856,50.154814493504105,50.51275123878235,5712300
2018-04-10,51.630218505859375,52.04053751115802,51.254820975542565,51.52545741120903,5178400
2018-04-11,51.027835845947266,51.55164462688201,50.81831033539636,51.19370784950777,4044900
2018-04-12,51.606807708740234,51.91383309358027,51.282234191822795,51.31732376332615,4572300
2018-04-13,51.30854034423828,52.08926471215937,51.29099556282911,51.913820244392575,8223700
2018-04-16,51.99277877807617,52.220854281868014,51.68575007158374,51.75592920895074,6807500
2018-04-17,52.457706451416016,52.598061386782206,51.79979206445095,52.326125581818374,5604600
2018-04-18,52.21208572387695,52.299806302890936,50.39624229841771,51.75593135108796,12648500
2018-04-19,52.52788162231445,52.65946248196749,51.931372355509666,52.21208220502658,7675500
2018-04-20,51.9225959777832,52.58928435043575,51.59802585617156,52.50156043491556,5867500
2018-04-23,51.61557388305664,52.15944880816075,51.39626909996179,52.00154909662643,4516100
2018-04-24,51.15065383911133,51.90505955616225,50.58923072831709,51.834883758766566,7480300
2018-04-25,51.44889831542969,51.46643975155939,50.61553955361472,50.91379416269612,5910000
2018-04-26,52.19453811645508,52.21208290057428,51.317318988447425,51.48398941809173,7372800
2018-04-27,52.247161865234375,52.36119791937742,51.87872816615568,52.18575680644204,4135400
2018-04-30,50.99274826049805,52.45770258115487,50.9664294114598,52.422613013320785,6096100
2018-05-01,51.59803009033203,51.641890378528714,50.48396136924376,50.61554558015929,6406400
2018-05-02,50.74712371826172,51.36995182396372,50.589224012176736,51.308546754522375,4519900
2018-05-03,50.81730270385742,50.826073422469655,49.83481824934759,50.69449256533436,5641000
2018-05-04,51.52785873413086,51.8261134043985,50.42256063700487,50.56291557911166,5833200
2018-05-07,52.036643981933594,52.42261923494077,51.70329974059854,51.74716337875966,5656100
2018-05-08,51.50152587890625,51.86995959321508,51.089235230875374,51.861185529410776,6778500
2018-05-09,52.106815338134766,52.26471504220323,51.24713768428414,51.589255940649316,4103400
2018-05-10,53.1243896484375,53.16824993396419,52.07172606417059,52.308575621605044,4791100
2018-05-11,53.73844528198242,53.77353485216185,52.82613988159633,52.82613988159633,5768100
2018-05-14,54.4051399230957,54.536720806758204,53.85249084200047,53.94898549781522,7705700
2018-05-15,53.106849670410156,54.019158415748045,52.913860381039484,53.89634492030497,5333500
2018-05-16,53.30860900878906,53.64195322814869,52.984038855013544,53.13316450668791,3588600
2018-05-17,53.56301498413086,53.65073558104,52.95773148794842,53.33493607804505,4157900
2018-05-18,54.13319396972656,54.27354890253462,53.45773480986106,53.52791394942786,6357700
2018-05-21,54.48408508300781,54.81742931619679,54.203375206530474,54.38759043553266,4610100
2018-05-22,53.85248565673828,54.641984267999206,53.47528113650536,54.47531047988543,6802200
2018-05-23,54.24723434448242,54.36127377510466,53.70335938865621,53.70335938865621,4318000
2018-05-24,54.83497619628906,55.019194789895515,54.29110117494045,54.29110117494045,5783900
2018-05-25,54.71216583251953,54.89638442545622,54.4402299959969,54.81743455600507,3839100
2018-05-29,53.773529052734375,54.273543661725576,53.378779796603105,54.01915267117452,4967400
2018-05-30,54.44899368286133,54.95778240833925,53.89634466809321,54.194599320122364,5954100
2018-05-31,53.97528839111328,54.58934241034348,53.957743608126684,54.29986185687758,6322200
2018-06-01,54.74724578857422,54.81742492523494,54.256001870925445,54.35249651067122,3595800
2018-06-04,55.2823486328125,55.36129848644992,54.633205019979854,54.66829458744655,4063300
2018-06-05,55.29111099243164,55.52796051753622,54.922680628707745,55.34374533567427,4469400
2018-06-06,55.73849868774414,55.74726940577417,55.07181034240902,55.36129423227626,4064400
2018-06-07,55.422698974609375,56.01043412262509,55.1507598687114,55.75604314533511,3834300
2018-06-08,55.50166702270508,55.62447719263445,55.124462445735624,55.273588124556674,4674900
2018-06-11,55.37883758544922,55.68586290345284,55.1770776127147,55.510418430454344,5339300
2018-06-12,55.19463348388672,55.633243107934106,54.92269765862589,55.50166222851541,4869100
2018-06-13,54.94023513793945,55.413930925700086,54.79988021076493,55.31743963215701,6189100
2018-06-14,55.22971725463867,55.46656682830057,55.03673131583401,55.14199667757524,3980800
2018-06-15,55.18584442138672,55.33497338408552,54.61565076111296,55.141984142825216,11859400
2018-06-18,55.106910705566406,55.1507709969613,54.63321152731981,54.905150688089314,3672700
2018-06-19,54.68585205078125,54.74725713492285,54.317418199605534,54.59813145810071,5302300
2018-06-20,54.51040267944336,54.826202139177155,54.42268209455101,54.571807758133176,5121300
2018-06-21,54.16827392578125,54.47529924108161,53.9051088917631,54.36126317901288,4065600
2018-06-22,54.33495330810547,54.72970259749896,54.089333015294194,54.58934766641744,4389700
2018-06-25,53.30860900878906,54.18582817296925,52.913859715642865,54.12442309918268,6012600
2018-06-26,53.34368896484375,53.58930921572421,53.06297915060183,53.19455999371995,4303800
2018-06-27,53.062992095947266,54.51040180130903,53.062992095947266,53.69458765891435,6665200
2018-06-28,53.74721145629883,53.931426653205214,53.03666282295623,53.03666282295623,4237200
2018-06-29,53.50159454345703,54.273544944441305,53.44018612765173,53.94020409478572,5807300
2018-07-02,53.5103645324707,53.52790931584366,52.91385528309124,53.18579440588417,4365200
2018-07-03,53.34368896484375,53.71211934116443,53.18578927604205,53.484043871964715,2245200
2018-07-05,53.799861907958984,53.870037712694746,53.299843822458456,53.67704839360072,4065200
2018-07-06,54.52793502807617,54.73846906865197,53.73843655882324,54.010375664082595,3647900
2018-07-09,54.77356719970703,54.94024099409149,54.510402101494364,54.589351965590744,3654900
2018-07-10,55.098140716552734,55.37007653460303,54.799886046255864,54.87883591034402,3963600
2018-07-11,54.887611389160156,55.159550577114324,54.67708063088847,54.87884066853469,3414100
2018-07-12,55.28412628173828,55.33699387047205,54.96690730386552,55.072645842700595,3736500
2018-07-13,55.56609344482422,55.900932684157674,55.266498141327205,55.29293193354635,5326800
2018-07-16,54.438194274902344,55.513213128585306,54.37651319589103,55.469155695201046,5764400
2018-07-17,55.33698272705078,55.74231651210122,54.23553003200054,54.49106786398024,7946200
2018-07-18,57.05526351928711,57.716135297502795,56.57062152616813,56.66754992479193,10650600
2018-07-19,56.20052719116211,57.249112419224396,55.96261298045976,56.993574560169954,6761100
2018-07-20,55.795204162597656,56.42964218060248,55.759956859071195,56.050742071112694,5763700
2018-07-23,55.6894645690918,55.768769319855274,55.39867936250313,55.742332162022244,4790900
2018-07-24,56.74686050415039,56.93190380337734,55.8833183850223,55.99787043941568,6545400
2018-07-25,57.47821807861328,57.59276675402408,56.50012741686569,56.53537471454623,5863900
2018-07-26,57.85712432861328,58.06860141463618,57.1610052509386,57.59277292903315,5517000
2018-07-27,57.504661560058594,57.980490074815606,57.24031014428167,57.72495216562744,4299000
2018-07-30,57.42533874511719,57.72493738781498,57.24910899487193,57.24910899487193,5108300
2018-07-31,57.751380920410156,57.954044495107006,57.50465653935217,57.60158493515855,5399400
2018-08-01,57.081695556640625,57.93642410577794,57.02001446148304,57.58395782370526,4162900
2018-08-02,56.90545654296875,57.08168629404084,56.31507612050271,56.83496195344628,4706200
2018-08-03,57.47821807861328,57.487024860982444,56.782099075575424,57.072877516654316,3945000
2018-08-06,57.487030029296875,57.71613412345049,57.24030564608618,57.354854331795366,3690700
2018-08-07,57.046451568603516,57.55752737114813,57.037644785023325,57.434165173669854,3329000
2018-08-08,57.134559631347656,57.54870698310154,56.887835265894644,57.04644474693369,4103100
2018-08-09,56.958335876464844,57.33723596991235,56.905468284781385,57.09051157840894,2578500
2018-08-10,56.42082214355469,56.92308439588439,56.279836307135255,56.78210192083244,3841200
2018-08-13,55.892127990722656,56.676361942457895,55.830446895285114,56.412010549019755,4407400
2018-08-14,56.068359375,56.323893893216386,55.856878939152224,55.90974988845604,3246400
2018-08-15,55.927371978759766,56.00667671982043,55.57490571596404,55.909748329483236,3724900
2018-08-16,56.53538513183594,56.69398791652082,56.04192959611811,56.20935261026665,3714900
2018-08-17,57.028812408447266,57.205042140036284,56.42080840581847,56.60585164080695,4768200
2018-08-20,56.958335876464844,57.3901035615958,56.72923177461077,57.275554872036494,5075400
2018-08-21,57.05526351928711,57.337235209083055,56.83497292654855,57.19625272555277,4045500
2018-08-22,57.86592102050781,57.99809669724735,56.81734255657164,56.84377634737271,5203300
2018-08-23,58.00693893432617,58.30653100878077,57.83951587934418,57.8659496832387,4428500
2018-08-24,58.24482727050781,58.38581646683673,57.97166910603915,58.06859749783156,3831200
2018-08-27,58.89689636230469,58.940957174969775,58.44750834225428,58.55324353627266,3498900
2018-08-28,58.85283279418945,59.1348044707208,58.747090894464556,59.064309870904204,4089300
2018-08-29,59.15241622924805,59.355086493810994,58.71183512803076,58.791143222071604,4446000
2018-08-30,59.05550003051758,59.3110379286614,58.81758914478945,58.98501214906121,4140500
2018-08-31,58.89689636230469,59.249362695416956,58.676605744451535,59.002638279059205,5893900
2018-09-04,59.13480758666992,59.13480758666992,58.658979096937955,58.80877508739003,4898900
2018-09-05,58.156715393066406,59.00263044660096,57.751381516752055,59.00263044660096,6545100
2018-09-06,58.00693893432617,58.33296481267529,57.46942917934584,58.165548480430814,7269700
2018-09-07,58.34175491333008,58.56204548771483,57.88355347661311,57.97166836182004,4060700
2018-09-10,58.6413459777832,58.97618518719631,58.54441759981789,58.55322438128096,3483300
2018-09-11,58.6854133605957,58.8792701604846,58.25364567531118,58.491556560706805,3185100
2018-09-12,59.01144790649414,59.143623613063504,58.68541539332113,58.68541539332113,3233600
2018-09-13,60.359615325927734,60.394862623357156,59.17004760930673,59.24054220416558,6052400
2018-09-14,60.289127349853516,60.641593640108326,60.236259759272656,60.36843545846013,4217000
2018-09-17,59.628257751464844,60.28912954877075,59.48727526386208,60.28912954877075,4255500
2018-09-18,60.28031921386719,60.42130169316422,59.70756234539792,59.70756234539792,5018000
2018-09-19,60.359615325927734,60.76494916226421,60.26268693868047,60.377235613275154,3424200
2018-09-20,60.61515808105469,60.80901487119081,60.271505306807974,60.4741688799611,5036700
2018-09-21,60.84426498413086,61.020494770909345,60.69446227036016,60.71208928267927,9331100
2018-09-24,62.95023727416992,63.16171434518454,61.963333071543566,62.3774804308844,10111900
2018-09-25,63.61991500854492,63.64635552449159,62.92380271151644,63.21458115958177,8257300
2018-09-26,64.183837890625,64.58036483067441,63.426044743289154,63.49653259515186,8854900
2018-09-27,64.34248352050781,64.48347274901761,64.05170500149514,64.34248352050781,5493900
2018-09-28,64.64208221435547,64.83593904202218,64.12219283809146,64.13100634554989,6572100
2018-10-01,65.31175994873047,65.33819374527107,64.80068413982657,65.03859503142769,7208800
2018-10-02,65.0385971069336,65.25008093147859,64.69494429546779,65.20602012068109,6251200
2018-10-03,63.47892761230469,65.11788989163333,63.35556543839688,65.03858179541585,7477900
2018-10-04,63.285072326660156,63.32913312811509,62.62420064124276,63.241011525205224,6166700
2018-10-05,63.073585510253906,63.84900574764438,62.60657066712479,63.28506253449978,5426200
2018-10-08,62.95023727416992,63.78733877553999,62.21005744151643,63.073599459156355,5520500
2018-10-09,62.81805419921875,63.08239882622841,62.44796768776476,62.77399340001676,4812300
2018-10-10,60.729713439941406,62.74757622392278,60.60635123679284,62.60659373006836,10559200
2018-10-11,60.25387191772461,61.21434226099197,59.61062724334103,60.72970033694865,11932300
2018-10-12,61.34217071533203,61.917282550217784,60.69627443145615,61.377562939827094,10431300
2018-10-15,60.78475570678711,61.386410062926174,60.36006248502839,61.351017836050104,6674700
2018-10-16,62.7755126953125,62.979016279163,61.315622388742035,61.53681870796495,7638700
2018-10-17,62.138465881347656,62.54546625226724,61.20058900452193,62.28887774117931,11014700
2018-10-18,60.28926086425781,61.68722305110415,59.69645642122966,61.56335366749752,10959400
2018-10-19,59.802635192871094,60.74051220122177,59.484118695184904,60.28042006496458,7351600
2018-10-22,60.625492095947266,60.91747289542791,59.59029480729059,59.93536057017615,6924900
2018-10-23,60.669742584228516,61.0855928569606,59.27177984834807,59.793806813174875,7446400
2018-10-24,59.2275390625,61.22714928139453,59.12136238037311,60.81130579807945,8126500
2018-10-25,59.8734245300293,60.45738611599227,58.696658364650595,59.45757432494234,9062300
2018-10-26,59.271759033203125,59.891112727350084,58.201169744469205,59.05941247396365,8379000
2018-10-29,59.55489730834961,60.49277433117978,58.74089643979048,60.16540133495707,7530600
2018-10-30,60.16539001464844,60.466213724541696,59.475258679834525,59.96188646061038,7994400
2018-10-31,60.997100830078125,61.85534365237589,60.6254858732564,60.7847474975011,7795000
2018-11-01,62.06768798828125,62.2446423419818,60.820137518451915,61.129811012615825,6250800
2018-11-02,62.103092193603516,63.15598227694503,61.57221552930275,62.59856987988187,5314600
2018-11-05,62.28002166748047,62.819741110004834,61.92610628298301,62.359655835420284,8558700
2018-11-06,62.78435516357422,62.81974738059422,62.12961602464209,62.2269429338533,3676400
2018-11-07,64.14694213867188,64.24426907367105,63.33294118265782,63.43026811765699,6404500
2018-11-08,64.55393981933594,64.66011649392776,63.66030470505729,63.704546673731386,4676100
2018-11-09,64.40351867675781,64.64240772230912,63.79301469869513,64.48314610848301,4247600
2018-11-12,62.43044662475586,64.50084767118447,62.288884491448215,64.35043579505263,6272700
2018-11-13,61.483734130859375,62.979023582323016,61.27138752988655,62.70474227480076,6570300
2018-11-14,61.41294860839844,62.35081883108051,61.01479118811531,62.02344585223116,5400800
2018-11-15,62.58087921142578,62.59857195064505,60.11232694212537,60.98826266659409,6849000
2018-11-16,63.73992919921875,63.99651772765444,62.25348973300978,62.35966639144458,9860800
2018-11-19,62.41274642944336,64.0672971202571,62.182700396142366,63.70453196196032,7224400
2018-11-20,61.10327911376953,62.59856863781829,60.926324729431826,62.280045345708764,8222500
2018-11-21,60.634342193603516,61.68723897645373,60.38660336243332,61.359865949334896,5789400
2018-11-23,60.262718200683594,60.76704547532536,60.01497943424555,60.11230634254265,3262200
2018-11-26,60.882076263427734,61.28907670428843,60.563553005297386,60.81129856746926,6129400
2018-11-27,61.678375244140625,61.713767462049205,60.50160931258781,60.7935900475521,6759000
2018-11-28,64.43892669677734,64.44776969110907,62.02345941987844,62.02345941987844,7915900
2018-11-29,64.81938171386719,65.2086827081379,64.03192323064935,64.08500819569149,6447700
2018-11-30,65.51835632324219,65.6776179525031,64.65126373051575,65.41217965360946,8030500
2018-12-03,65.71300506591797,66.2881168942948,65.08480827658764,65.73070455315349,6430400
2018-12-04,63.262142181396484,65.69530149606558,63.20020748703811,65.68645175390712,7620100
2018-12-06,63.29756546020508,63.29756546020508,61.86421029407128,62.45701505244847,10269100
2018-12-07,61.8907356262207,63.554136487613825,61.21830358687742,63.483352035985,7945500
2018-12-10,62.74898147583008,63.08520426161644,60.864390928042695,61.97037272259854,5828600
2018-12-11,63.562992095947266,64.1823460450507,63.08521382857532,63.40373717374207,7567000
2018-12-12,64.17345428466797,65.35021994219167,64.13806207500105,64.42119300196269,6883600
2018-12-13,63.863807678222656,64.71320081541879,63.33293781127214,64.33274283986854,6264900
2018-12-14,62.60740280151367,63.26214196107564,62.26233711266511,63.10288035465512,5670300
2018-12-17,61.713768005371094,62.695880122260796,61.191747974968216,62.27118025399414,7257500
2018-12-18,62.005775451660156,62.73129936175186,61.324486770616275,62.687057382325726,8392400
2018-12-19,61.05018615722656,63.23560694465414,60.3335122189795,62.23579522792547,7339700
2018-12-20,60.50161361694336,60.96170573211259,59.27176264621824,60.466221396516815,11689700
2018-12-21,59.51952362060547,61.165225356693945,59.29832722328582,60.22735479217969,14240800
2018-12-24,58.00652313232422,59.32485811287795,57.900353214689886,59.1213545201184,4026200
2018-12-26,61.59877395629883,61.61646669757343,58.30737054821009,58.30737054821009,7576500
2018-12-27,62.49238204956055,62.49238204956055,59.97959508837707,60.52816439345808,6713000
2018-12-28,62.89939880371094,63.748798835506804,62.20042418960989,62.86401332356571,6209600
2018-12-31,63.996524810791016,64.37698277432192,63.24445862717218,63.32408606702971,6094300
2019-01-02,61.492584228515625,62.78437007996153,61.11212624312988,62.28004268076432,8737200
2019-01-03,58.590492248535156,60.94401798189301,57.95344565894142,60.82014856173613,10570700
2019-01-04,60.262718200683594,60.67856830879393,59.271756384556305,59.38678277638476,8299100
2019-01-07,61.16520309448242,61.81109930973635,60.324659790750424,60.333509533528115,9503000
2019-01-08,60.43084716796875,61.61645639611683,59.28062341645389,61.53682894812647,8905100
2019-01-09,61.43948745727539,61.80224588503857,60.873225460004456,60.988245107758544,6091000
2019-01-10,61.1209831237793,61.43950643945119,60.563563946164706,60.76706757854635,8051200
2019-01-11,61.34217071533203,61.368713196109184,60.563555277193814,60.69627443145615,6583000
2019-01-14,60.68438720703125,61.15550359356624,60.55994341637762,60.80883777936285,5122900
2019-01-15,62.63994216918945,62.68438250282521,60.76438783514828,60.80883495046169,6306900
2019-01-16,62.062156677246094,62.897713524145836,61.99104401332337,62.666600757235436,6357300
2019-01-17,62.684383392333984,63.08438709079784,62.01771734323863,62.10661157512688,5427800
2019-01-18,63.4843864440918,63.768830364688895,62.915498602897614,63.10216429000714,9404500
2019-01-22,63.5466194152832,63.70661957236024,62.8355128806913,63.084400506882425,6541600
2019-01-23,62.14216995239258,63.59994588508917,61.57327533267097,62.666610673032395,10196300
2019-01-24,62.98662567138672,63.11106949122942,61.61773687143737,62.22218118853605,6437600
2019-01-25,63.244384765625,63.79549100460313,62.92438453191239,63.35104698907755,4824100
2019-01-28,61.37773132324219,62.782169488568364,61.235505959742596,62.684391246582045,5942500
2019-01-29,61.946617126464844,62.16883916318578,61.15550721827259,61.41327881299191,5981600
2019-01-30,63.71549987792969,63.822168892336016,61.94661444117931,62.14217091008521,8145000
2019-01-31,64.87105560302734,64.95105227568872,63.23549799572277,63.38660734297955,10421900
2019-02-01,64.3199462890625,65.10216541008154,63.97328045734101,64.9066089344072,5016500
2019-02-04,64.44438934326172,64.61328025788454,63.742166907651,64.34661110655148,5278300
2019-02-05,64.98661041259766,65.14661054402907,64.60438825316028,64.79994472287402,4302400
2019-02-06,65.32437133789062,65.38659322101971,64.55992718420377,64.79993072032785,4851900
2019-02-07,64.65773010253906,64.94217407433555,63.555510559537545,64.87995216743255,6863600
2019-02-08,65.18214416503906,65.31547869170853,64.10659073814332,64.14214706403357,6063700
2019-02-11,65.36882019042969,65.63548250452108,65.14659820451513,65.31548908394677,4782700
2019-02-12,66.7199478149414,66.87106396685198,65.5288408519218,65.76883768807328,7039700
2019-02-13,66.11549377441406,66.90660363295643,65.83104985653004,66.7021631697437,5696300
2019-02-14,65.75106048583984,66.09772633733422,65.54661321824328,65.84883872925403,4864500
2019-02-15,66.88882446289062,67.02215902413553,66.07104910038214,66.2754895501705,8083200
2019-02-19,66.6666030883789,67.17326900058347,66.41771552191736,66.80882843017267,4503500
2019-02-20,67.14659118652344,67.17325673782247,66.31103441021335,66.5154816062998,6316700
2019-02-21,66.7910385131836,67.08437315766632,66.36437610455118,66.76437296035365,5607000
2019-02-22,67.6710433959961,67.95548729480608,66.97771181650161,66.97771181650161,5296600
2019-02-25,68.3199691772461,68.48886015873704,67.76885587774156,67.90219050619856,5709600
2019-02-26,68.22216033935547,68.55105137132057,67.89326930739037,68.0710509929166,5295400
2019-02-27,68.64884185791016,68.73772932570223,67.84884108442331,67.95550333310216,5706500
2019-02-28,68.99549865722656,69.3866048204208,68.45327635880913,68.45327635880913,6762700
2019-03-01,69.85772705078125,69.99106164984393,69.04884223804538,69.32439543621,5390100
2019-03-04,69.8843765258789,70.19548596742654,68.86215397649913,70.0799261879394,5962800
2019-03-05,69.5288314819336,70.14216646942985,69.44882802276183,69.8310501947021,6547500
2019-03-06,69.06661224365234,69.52883791754813,68.90661209217748,69.43105967044245,4182100
2019-03-07,68.26661682128906,69.2888328311662,68.09772589228938,69.05772678079472,5292600
2019-03-08,68.1155014038086,68.15994852718433,67.43106046290306,67.86661378893386,3895400
2019-03-11,69.16439056396484,69.19994690673899,68.17772409243871,68.37328058685706,4254600
2019-03-12,69.54659271240234,69.7599307075143,69.00437050942753,69.32437072041847,4241200
2019-03-13,69.8843765258789,70.35548607760491,69.39548541653464,69.92881685657017,6479200
2019-03-14,70.20437622070312,70.28437288435488,69.457706784901,69.77770700286233,5734500
2019-03-15,70.98660278320312,71.2443811408286,70.1510458158432,70.24882404741417,11989400
2019-03-18,70.0710678100586,71.0666183870023,69.30662331323128,71.0666183870023,7671100
2019-03-19,71.07549285888672,71.33327122602826,70.2399358606816,70.38216121428168,6048600
2019-03-20,71.0577163696289,71.49326963660535,70.31993762436822,70.99549447434656,5388800
2019-03-21,71.16438293457031,71.54660510934762,70.5066076041437,70.62216062194022,5899100
2019-03-22,69.30659484863281,71.11103630992896,69.05770730661636,70.94214542855627,7532900
2019-03-25,69.53770446777344,69.92881053823372,68.99548229792065,69.16436638997162,3844500
2019-03-26,70.22217559814453,70.67551052935725,69.9377316138243,70.12439734275199,3596400
2019-03-27,69.9821548461914,70.49770472933389,69.23548540374958,70.22215162095797,4101900
2019-03-28,70.61327362060547,70.808830089852,69.97327309640886,70.36438603490191,5675900
2019-03-29,71.0577163696289,71.10215670530032,70.31993762436822,70.98660369454109,5891200
2019-04-01,70.808837890625,71.76883200100117,70.408834128096,71.7066100977205,4842000
2019-04-02,70.77326202392578,70.95992768227137,70.28437093182286,70.95992768227137,3717900
2019-04-03,70.66659545898438,71.11103945558176,70.35548601770164,71.08437390085426,3973700
2019-04-04,69.8843765258789,70.67548629796165,69.33326352822512,70.63992996440233,4671200
2019-04-05,70.22217559814453,70.54217592821475,69.67995319339666,70.13328812460936,3434500
2019-04-08,69.79549407958984,70.14216669487728,69.28882810880131,70.14216669487728,5178900
2019-04-09,69.92882537841797,70.18660374187925,69.38660309349561,69.54660322317234,4836700
2019-04-10,70.19548034667969,70.59547719925817,69.83103304313678,69.97325836598571,5604600
2019-04-11,69.78660583496094,70.42660634473945,69.64438048537552,70.3910500073431,4432100
2019-04-12,69.62596893310547,70.3756876528122,69.45638678055708,69.9472789013896,5482000
2019-04-15,69.1707534790039,70.0275774791604,69.13505162781841,69.71519479307707,6095100
2019-04-16,68.17112731933594,70.24178718139302,67.88551929730849,69.56347238497307,6227800
2019-04-17,65.04727935791016,68.09079567486944,64.58316892731969,67.99261728984291,11212400
2019-04-18,65.97549438476562,66.85017251753086,64.93124100898746,65.72558829238422,9712200
2019-04-22,66.50212097167969,66.58244505137127,65.15440466712914,65.27043060760599,5810700
2019-04-23,67.92122650146484,68.19791418887841,66.43070973189435,66.60921220618519,6823500
2019-04-24,68.5013656616211,68.60847122545191,67.53743601544133,67.87660022952264,6238400
2019-04-25,69.7151870727539,69.77766360305186,68.16219417003961,68.38532560816533,6011700
2019-04-26,70.11685180664062,70.12577897473656,69.19755096634829,70.02760055398358,4286500
2019-04-29,69.85799407958984,70.17930392480774,69.24215588411533,70.11682738876158,4355000
2019-04-30,71.00935363769531,71.12538635490928,69.55453897017115,69.85799448718542,5514100
2019-05-01,70.27749633789062,70.92904332335421,69.87586235592295,70.8219377504274,6702300
2019-05-02,70.31319427490234,70.39352515247651,69.53670104513732,69.99188438347106,5112200
2019-05-03,70.23287200927734,70.62557881265779,69.84908556296418,70.35782510254833,5452700
2019-05-06,70.5720443725586,70.66129562815615,69.03689826231697,69.09937482217869,4006700
2019-05-07,68.6441879272461,70.39353832492466,68.01048838264033,70.06330120542643,5322500
2019-05-08,68.02833557128906,68.6977300984648,67.95693185412632,68.66202823988344,4362800
2019-05-09,68.20682525634766,68.26038143888698,66.83233460132598,67.52851049888136,3736700
2019-05-10,68.23360443115234,68.42104086822116,66.52888345059341,68.01940011520111,3993500
2019-05-13,67.38569641113281,67.64452970454575,66.90373167264991,67.09116126937693,5166700
2019-05-14,67.85873413085938,68.51920130304372,67.50172245609468,67.5106496205574,5319300
2019-05-15,68.28716278076172,68.74234611540064,67.13580348071756,67.38570965881719,4385500
2019-05-16,68.36749267578125,69.05474153356784,67.98370620971988,68.29608895897141,6098100
2019-05-17,67.8051986694336,68.9119289597005,67.79627150313995,68.09080670593579,5169300
2019-05-20,67.6266860961914,67.79626820034564,67.1179465931611,67.47495832375466,4493100
2019-05-21,67.85873413085938,68.56383031592604,67.84980696639664,68.33177170591429,3819700
2019-05-22,68.06404113769531,68.35856957052795,67.69810217437656,67.95693555611659,3062700
2019-05-23,67.50173950195312,67.95692967246067,67.2250586186216,67.95692967246067,5507000
2019-05-24,68.70664978027344,68.7959010122868,67.79626950921252,67.84981888653404,4866300
2019-05-28,67.57312774658203,69.59916513323085,67.5463530619937,68.75126153448878,5418600
2019-05-29,67.53741455078125,67.80517497054272,66.88587463715484,67.26966094045011,4013100
2019-05-30,68.29610443115234,68.35858099515644,67.71596782658636,67.84092095459455,3600300
2019-05-31,67.947998046875,68.296082622235,67.47496038340795,67.80519743593806,6570800
2019-06-03,67.57312774658203,68.53705724835068,67.3321487758556,68.05509249746635,6286500
2019-06-04,69.13504791259766,69.2689281449908,67.97476845386399,68.05509250764096,5836000
2019-06-05,70.23287200927734,70.37567262611581,69.46529911665102,69.47421947371834,5286200
2019-06-06,71.48239135742188,71.7858536843524,70.1882316113778,70.37566122090911,5966700
2019-06-07,72.06253051757812,72.43739652527226,71.6698237996306,71.83939906964581,5136400
2019-06-10,72.53557586669922,72.74085981693396,71.79478455538843,72.29459687327179,3927100
2019-06-11,72.40171813964844,73.18713863950558,71.96437545718115,72.999708979634,3905500
2019-06-12,73.14249420166016,73.16034853280073,72.52665596595385,72.55343065323254,3332300
2019-06-13,73.44598388671875,73.48168575285789,72.96401890799251,73.16930293593386,5220400
2019-06-14,73.38349151611328,73.9547076324268,73.20498222386952,73.33886249069403,4771100
2019-06-17,73.23177337646484,73.70481114674729,72.8926090812177,73.53522899912372,4095900
2019-06-18,74.45449829101562,74.60622603804315,73.11570963256538,73.58874720237547,6253000
2019-06-19,75.26670837402344,75.41843613790702,74.12427634807077,74.43665904119345,4113400
2019-06-20,75.81116485595703,76.150322303516,75.25779625363445,75.72190680342219,6436400
2019-06-21,75.86471557617188,76.18602550454328,75.33812846599476,76.18602550454328,8855400
2019-06-24,75.60586547851562,76.15923396819825,75.54338894011855,75.66834201691269,4531600
2019-06-25,75.18638610839844,76.26634171930779,75.18638610839844,75.81115837556959,4915300
2019-06-26,74.0439682006836,75.30243333414832,73.74943293845558,75.01682524001531,5731400
2019-06-27,74.69548034667969,74.9543136249014,74.14211194398871,74.42771990453836,4111600
2019-06-28,75.0614242553711,75.20423166300381,74.18675271663264,74.81151810144583,16436700
2019-07-01,75.4095230102539,75.84686567147027,74.7490556490706,75.63265451965411,4527600
2019-07-02,75.820068359375,75.82899552453071,75.10605176385084,75.64156591285192,4023300
2019-07-03,76.4359130859375,76.44484025105935,75.79329338580139,75.90932610408986,2437500
2019-07-05,76.23957061767578,76.31097433318715,75.54340141502267,76.00751875641348,3784700
2019-07-08,75.94503021240234,76.11461232280375,75.58802527808957,76.11461232280375,3591100
2019-07-09,76.1056900024414,76.1949480511355,75.70405602105025,75.8290091179023,3126000
2019-07-10,76.20387268066406,76.65013571142103,75.99859549979858,76.47163322289163,4315900
2019-07-11,76.55196380615234,76.74832064588338,76.03430382164707,76.44486502770562,3653600
2019-07-12,75.18125915527344,76.54298267312852,74.4108119416025,76.39964047759342,5667200
2019-07-15,75.08273315429688,75.46795686400057,74.72439123963345,75.08273315429688,5177700
2019-07-16,74.50041961669922,75.46795229664238,74.26749191831776,75.3514918649184,3886700
2019-07-17,76.82967376708984,77.71658154471216,76.53403556290465,76.94613419528403,9381400
2019-07-18,78.62141418457031,78.6930784633761,76.43549306005421,77.25969036325637,8311600
2019-07-19,78.37950897216797,79.13204183418725,78.34367342303065,79.09620628504994,5824000
2019-07-22,78.89913940429688,79.47249470391662,78.18244186230504,78.26307358237291,6566100
2019-07-23,79.49935913085938,79.51728032624824,78.41535919756913,78.92600390721715,4049100
2019-07-24,79.36498260498047,79.45457491781494,78.46911415610646,79.23956156893281,3879100
2019-07-25,78.83641815185547,79.25747738784676,78.60349045717092,79.07829960926888,4671200
2019-07-26,78.61243438720703,79.39184218016851,78.20929643201464,79.14995393910753,4177700
2019-07-29,79.32913970947266,79.39185021629314,78.28096861699801,78.89015932679666,3623900
2019-07-30,79.11414337158203,79.49041332815979,78.70204469050553,78.99768292962588,2864700
2019-07-31,78.03012084960938,79.19475227338216,77.37614087443755,78.99766017074995,6197200
2019-08-01,77.1163330078125,78.89014814060752,76.72214882944398,78.10178661880214,7022000
2019-08-02,76.88343811035156,77.22386569621912,75.91589844323167,76.9998985604007,4756400
2019-08-05,74.50041961669922,76.0413075273248,73.8374720778392,75.90693273492539,6253800
2019-08-06,76.02338409423828,76.05025904951098,74.96625923227175,75.08271965009769,4422500
2019-08-07,75.79045867919922,76.14880737500937,73.73891940149231,75.0737681225118,5502600
2019-08-08,76.6504898071289,77.2865554819809,76.15776634150522,76.24735180480656,6439300
2019-08-09,77.60011291503906,77.98533654903922,76.53402747409926,76.71319839622059,5102700
2019-08-12,75.84423828125,77.5015938095015,75.54860000549876,77.39408711788242,3650800
2019-08-13,77.84201049804688,78.03014205579721,76.13090528140293,76.43549727920805,4808300
2019-08-14,75.19918823242188,77.32239175569686,75.17231327667402,76.93716810846757,4106200
2019-08-15,75.19918823242188,75.90692501849114,74.82291834715336,75.3962803544833,4952600
2019-08-16,75.95173645019531,76.22049975580329,75.49484156463566,75.9159008871186,5786300
2019-08-19,76.6504898071289,77.16113446637249,76.44444392502912,76.85654252416143,4579800
2019-08-20,75.7367172241211,77.05364489819043,75.68296730597415,76.99988814510985,3322400
2019-08-21,76.05924224853516,76.28320938894018,75.51276187915211,76.19362389976511,3894300
2019-08-22,75.58441162109375,76.42652318302166,74.93042474875737,76.077135089629,3207000
2019-08-23,73.39850616455078,75.47692080226626,72.88786139513162,75.10961143806841,6228400
2019-08-26,74.46456146240234,74.51831136305044,73.47910105097779,74.00766680209927,3521200
2019-08-27,74.93939208984375,75.43211560272199,74.55416840926377,75.0916880755552,4845200
2019-08-28,75.45003509521484,75.48587065014995,74.4108245068966,74.53624553170285,3889500
2019-08-29,75.98754119873047,76.24734379948016,75.6739886926298,76.14879774971538,3758600
2019-08-30,76.43547821044922,76.70424141729079,75.81732693567298,76.56985981387,3627900
2019-09-03,75.3066635131836,75.82626860474716,74.58997319872094,75.6381371408908,4060600
2019-09-04,75.45003509521484,75.8800480845696,75.05585082586197,75.70087714482732,3673100
2019-09-05,76.95509338378906,77.18802107084589,75.75462622889606,76.14881049392558,4356400
2019-09-06,77.08050537109375,77.42989344325375,76.68632115227435,77.25072252648074,4451300
2019-09-09,75.45003509521484,77.42990336957988,75.13648253319924,77.3492716622426,4444600
2019-09-10,74.54519653320312,74.78708478914425,72.5832428713951,74.75124923882214,5613100
2019-09-11,75.71878051757812,75.75461606731326,73.68516262336723,73.86433353711072,4458900
2019-09-12,76.33692932128906,77.03570543120135,76.06817295936312,76.17567277016069,3517500
2019-09-13,75.49481201171875,76.47131192723157,75.1543845481546,76.41756202112462,3633200
2019-09-16,74.67960357666016,75.17233401776485,74.38396531199733,75.17233401776485,3991200
2019-09-17,74.87669372558594,75.70089113663005,74.54521990736984,74.71543711603952,3578300
2019-09-18,74.930419921875,75.39627523967752,74.22268318381788,74.8766700140256,2767500
2019-09-19,74.56311798095703,75.47690059503408,74.44665073327859,75.10063756776309,3392900
2019-09-20,74.87669372558594,75.14545018487362,74.24062788652355,74.81398320159202,7130100
2019-09-23,74.50041961669922,75.00210373481296,74.47353782328584,74.74230107795164,2279900
2019-09-24,73.8553695678711,75.27979658957013,73.65827748903521,74.9483297614655,3525400
2019-09-25,74.23165893554688,74.40187612506531,73.55079701240685,73.8195602763903,2795100
2019-09-26,74.05247497558594,74.69749439296835,73.54182349672617,74.60790893235406,3265200
2019-09-27,73.31787109375,74.66167377656741,72.94160798294526,74.39291734096427,3396600
2019-09-30,74.9572982788086,75.60232454201439,73.63141703549236,73.63141703549236,4340900
2019-10-01,73.31787109375,75.94276594091738,73.25516057528255,75.27982519784227,4436700
2019-10-02,71.24840545654297,73.05806326664357,70.56754362853948,72.92368165342893,5547100
2019-10-03,72.6280517578125,72.68180167525782,70.56755167991676,70.99757152428,3956000
2019-10-04,73.45223999023438,73.74787816956596,72.82513491431831,72.83409551109789,3390100
2019-10-07,72.60118103027344,73.44329957230764,72.53847051128794,72.92369422360849,2673200
2019-10-08,70.3346176147461,72.1711434104493,70.3346176147461,72.1711434104493,5924200
2019-10-09,71.22152709960938,71.4992440747062,70.66608631448328,71.05130994200425,4008500
2019-10-10,71.79488372802734,72.08156130549033,70.83630493761058,70.85421929591901,5085000
2019-10-11,71.62397766113281,73.15306335863671,71.55202609626596,72.613388879302,4423000
2019-10-14,71.79488372802734,72.12768633729158,71.43509842169676,71.67795641996183,4228500
2019-10-15,73.73773193359375,74.43031309645357,72.58641739867691,72.58641739867691,6429100
2019-10-16,73.55781555175781,75.27578692835057,71.6419687991123,73.18004411247556,10707400
2019-10-17,74.09751892089844,74.6551866409464,73.27901381650268,73.32398270310176,4172800
2019-10-18,74.46627044677734,74.94298299659181,73.78267914359073,74.12447822635055,5219800
2019-10-21,73.4408950805664,74.9070121048501,73.32396091301996,74.78108828005684,5487900
2019-10-22,72.44248962402344,74.00754767914007,72.40651041027746,73.58480049554151,4764000
2019-10-23,73.09910583496094,73.39592926021521,72.32557660487619,72.57742428848537,4308300
2019-10-24,73.1800537109375,73.83665555643043,73.0451333614022,73.3869256328688,4470900
2019-10-25,73.4408950805664,73.72872194614153,72.92820326181277,73.26099900062333,4872800
2019-10-28,74.3493423461914,74.55621423498134,73.53982724099987,73.57580645260093,4768800
2019-10-29,75.05992126464844,75.43769961464211,74.01655141363594,74.16046142031553,4614900
2019-10-30,75.5636215209961,75.63557309133792,74.56522057020612,74.94299204825263,3534800
2019-10-31,75.20384216308594,75.86944056210154,74.58321264129599,75.34775217747621,4614000
2019-11-01,74.3493423461914,75.81545919168674,74.30436661610685,75.63556313368143,5119100
2019-11-04,73.95360565185547,74.84406917078516,73.95360565185547,74.69116261081112,5508000
2019-11-05,74.0615234375,74.56522563813066,72.76630587297592,74.53824293962683,8238800
2019-11-06,74.76309967041016,75.05092652661929,74.0974944897805,74.20543213423402,4489000
2019-11-07,75.00595092773438,75.17685048284382,74.5742140738091,74.7720894621636,6020400
2019-11-08,75.32078552246094,75.45570590754558,74.81709007130317,74.95201045638782,3462800
2019-11-11,75.33876037597656,75.46468420836081,74.93399931845505,74.93399931845505,3139100
2019-11-12,75.8604507446289,76.25621532825646,75.24882455150993,75.24882455150993,3701400
2019-11-13,75.75251770019531,75.9324069443429,74.8980266346573,75.51865619293562,3976900
2019-11-14,75.66256713867188,75.90541828544097,75.26680259781261,75.63557757806709,4474200
2019-11-15,77.09269714355469,77.09269714355469,75.91440702428947,76.15725814616594,5453500
2019-11-18,75.78849792480469,77.26361170581428,75.57262259416801,77.0927121179773,5812300
2019-11-19,75.81547546386719,76.13028505502749,75.46468665338364,76.11229887653307,4152100
2019-11-20,75.45568084716797,76.21123063530689,74.83505139930386,75.8604350056589,5416200
2019-11-21,75.26679229736328,75.37472993800814,74.07950569960293,75.30277151091157,5211400
2019-11-22,75.32078552246094,75.57263324803982,74.46630118748462,75.5096713166451,3964600
2019-11-25,75.99536895751953,76.28319586590307,75.4466978411736,75.47368740392955,5704000
2019-11-26,76.83186340332031,76.96678376147607,75.84245888073559,76.13928229621136,8764100
2019-11-27,76.83186340332031,77.32656909577992,76.59800876900712,77.32656909577992,2865400
2019-11-29,76.85884857177734,77.03874467587613,76.31017746336173,76.72393507162161,2410900
2019-12-02,76.01335144042969,77.10169700102206,75.53663883298294,76.96677665532316,3801100
2019-12-03,75.8784408569336,75.93240625722258,74.89802595689719,75.18585286232963,2912400
2019-12-04,76.6159896850586,76.75989969149452,75.95039132283263,76.00435671745436,3953400
2019-12-05,76.66995239257812,76.83185543310299,75.85144753272128,76.5620216071174,3279900
2019-12-06,76.88583374023438,77.27260176402521,76.79588226215823,77.05672645144361,4104600
2019-12-09,75.43773651123047,76.83189583442925,75.40175727637964,76.56206186655402,4227000
2019-12-10,76.0583267211914,76.12128863951023,75.33876292073833,75.44669371652236,3904900
2019-12-11,76.3731460571289,76.49007337775211,75.74351998784675,76.11230185358362,2937500
2019-12-12,77.3265609741211,77.60539131931196,76.13027777969936,76.25620160412967,4155200
2019-12-13,77.66836547851562,77.99217161020482,77.15567358039685,77.15567358039685,3872000
2019-12-16,77.71334075927734,78.34295997696805,77.62339613708365,78.20803961251009,3843700
2019-12-17,78.30697631835938,78.52285163419343,77.35355102492935,77.87523941136006,5368500
2019-12-18,78.1900405883789,78.49585362606719,77.90221372724079,78.32496093067289,5831100
2019-12-19,78.56783294677734,78.56783294677734,77.79429676511104,78.0191617746109,4643700
2019-12-20,77.94718933105469,80.26779039280788,77.92019977277434,80.04292544347389,11606500
2019-12-23,78.56783294677734,78.6667740999441,77.60541098061144,77.63239368377774,4067800
2019-12-24,78.50486755371094,78.6847636707722,78.23503367162185,78.5858225219723,1067700
2019-12-26,78.50486755371094,78.72073603184926,78.14508218192363,78.4419056283233,2033100
2019-12-27,78.61280822753906,78.92761786650533,78.27100902323102,78.69375633655805,2508100
2019-12-30,78.07312774658203,78.96359119093046,77.90222815719807,78.72073315734956,2706100
2019-12-31,78.12709045410156,78.24401777513775,77.59640552437024,77.80328432871781,3261100
2020-01-02,78.20804595947266,78.21704248112258,77.17367242679848,77.40752709101358,4969000
2020-01-03,77.25462341308594,77.95620115654218,76.9847826522171,77.12869955463665,4747000
2020-01-06,77.65937042236328,77.6773634646492,76.64298312792779,77.0117650091045,5631700
2020-01-07,77.22763061523438,77.6233951828231,76.93980371035205,77.14667565262091,3408100
2020-01-08,77.54243469238281,77.94719575192624,77.29058702635628,77.5694173905522,5693900
2020-01-09,77.74933624267578,77.96520475355868,77.12870655375916,77.6234123727994,6432500
2020-01-10,76.77790069580078,78.24401792122845,76.60700111199174,78.06412867893924,4680400
2020-01-13,76.56202697753906,77.1106980498967,76.22022783338132,76.90381925936258,5571500
2020-01-14,77.44723510742188,77.68208986686643,75.88456436816624,75.99295357138652,8751400
2020-01-15,78.92861938476562,79.35316217058954,77.78145659223536,77.78145659223536,5389700
2020-01-16,79.74156951904297,79.76866682055935,78.9647480486642,79.43445757988327,5023300
2020-01-17,80.39192199707031,80.57257524496625,79.76865657631392,79.895115228137,5879700
2020-01-21,81.05133056640625,81.33134520650844,80.03965432153416,80.26547435812769,7458100
2020-01-22,82.97532653808594,83.5082585919448,81.32232198236916,81.999782188009,9841200
2020-01-23,81.95462036132812,82.96628983382384,81.4397508929383,82.93015779673736,7418400
2020-01-24,81.65650939941406,82.67721326874555,81.48488400250342,82.06298262301601,4218700
2020-01-27,80.92486572265625,81.29521389386123,80.29257237118516,80.49129510778484,4482200
2020-01-28,80.87971496582031,81.32232036173637,80.74422154909621,81.02423622323963,4983700
2020-01-29,80.51839447021484,81.5029734472499,80.45516513344971,80.94293725627247,3914300
2020-01-30,80.53646850585938,80.58162838240959,79.4615628283382,79.75061222588828,5248100
2020-01-31,78.71182250976562,80.5996813859409,78.49503722874583,80.50934786832613,5914100
2020-02-03,78.63956451416016,79.84996345040673,78.35954988411312,79.28992729883231,4675900
2020-02-04,79.69639587402344,80.61773842375834,79.62413182148127,79.62413182148127,3904600
2020-02-05,80.89778137207031,80.94294814361241,79.98547323195955,80.27452265197635,3565700
2020-02-06,80.81646728515625,81.36746866771793,80.6177445712514,81.29520460966528,4270700
2020-02-07,79.3712158203125,80.85259446412995,79.1995904156026,80.59967716759714,4472300
2020-02-10,79.75963592529297,79.75963592529297,78.77505702854221,78.77505702854221,4219400
2020-02-11,80.54550170898438,80.76229394019184,79.96740287539451,80.06676425849417,2661900
2020-02-12,80.20225524902344,80.92487532336573,80.01256722107803,80.8977780181566,3389400
2020-02-13,80.1028823852539,80.42806378410792,79.21766482360012,79.9402916858269,4448800
2020-02-14,80.98809051513672,81.03325038159132,79.76865696570763,80.27449846694893,3919800
2020-02-18,80.28352355957031,80.83452490842137,79.76865423753499,80.77129558436368,4492300
2020-02-19,80.71712493896484,81.23199441376394,80.11192881606586,80.23838750170201,3464900
2020-02-20,79.90415954589844,80.89776631151103,79.5247835449068,80.48225827830869,3657500
2020-02-21,78.99183654785156,79.7144633346728,78.72989140139563,79.52477535371519,5570900
2020-02-24,76.4446029663086,77.38401522735383,75.93876824554624,77.18529247520256,5667200
2020-02-25,73.28312683105469,77.11304019034326,72.96698011050724,76.71559466080838,7021800
2020-02-26,73.49085235595703,74.8638347556515,73.26503238359764,74.18637483857334,7380100
2020-02-27,71.53071594238281,74.09602677784304,71.50361865618066,72.62368346522129,8657200
2020-02-28,69.57965850830078,70.6003693366117,66.86078373136827,69.66095729328501,16671900
2020-03-02,73.71669006347656,73.7799193952901,69.77838824671261,70.34745223303445,11483600
2020-03-03,70.44683074951172,75.4239072792291,69.78743997025256,73.68961070592586,9510600
2020-03-04,74.15026092529297,74.36705311356847,71.77463671682005,72.85857698375654,8660000
2020-03-05,72.73210144042969,73.59022156201685,71.47654281120872,72.52435090287825,9288700
2020-03-06,73.8341293334961,74.33997098455983,70.53715488069088,70.99782976044261,10647600
2020-03-09,69.57062530517578,71.66623471197349,67.83632929089073,69.20028407417313,10285000
2020-03-10,73.05728149414062,73.16567757147534,68.58604839914217,71.56687505679398,9417400
2020-03-11,70.53714752197266,71.42236515037344,68.96544190332256,70.93459301531354,11534200
2020-03-12,67.51116943359375,70.59135864394744,65.04521801022317,66.19238098855814,13876300
2020-03-13,73.75281524658203,74.67415783767025,67.59244576618842,70.374549890619,18316900
2020-03-16,66.5356216430664,71.58495456232798,63.22961286262409,63.81674636035892,14358900
2020-03-17,71.80171966552734,72.07270640096586,66.2465467208695,68.21569724281635,13315300
2020-03-18,71.59398651123047,74.05993745780262,67.19500970639548,67.72794857766606,17541100
2020-03-19,67.29434967041016,73.89732325158938,66.43623655872113,73.49085007057425,14476000
2020-03-20,61.42303466796875,67.6195354813792,61.3778679152978,66.88788095016635,15131400
2020-03-23,56.744056701660156,60.96237319613023,55.65108858654044,60.58299720076247,13037100
2020-03-24,62.9495849609375,63.20250225651554,58.261559588754956,58.63190769405097,10903700
2020-03-25,63.9070930480957,65.60525784533029,61.558565211903996,62.28118545070288,9351000
2020-03-26,68.47765350341797,68.62218160902482,64.13287897793283,64.20514303073625,10530500
2020-03-27,67.34854888916016,70.00419406945532,66.49043571844872,70.00419406945532,8360600
2020-03-30,71.66624450683594,76.23684679756283,70.88039517905702,74.81869722359826,47540200
2020-03-31,71.27783966064453,73.6082972008414,70.96168609621867,73.55410259733095,23792300
2020-04-01,69.16415405273438,69.89580869748036,68.06215127475946,69.55256475494717,12208300
2020-04-02,71.7565689086914,71.9552916210305,68.64928335170893,68.75767943793383,10167900
2020-04-03,71.7656021118164,72.25337419907021,70.61843940230716,71.16944082171533,9139400
2020-04-06,74.7283706665039,75.08064937757344,71.91013408646693,73.23795702425858,12373800
2020-04-07,74.00575256347656,76.30912000130846,73.861224412821,75.37873553729673,10872100
2020-04-08,76.73363494873047,77.1310803628367,73.21084838362393,74.52060165613999,9266400
2020-04-09,77.7182388305664,78.13374694688996,74.92709908438438,76.77882647960286,10466800
2020-04-13,77.54660034179688,78.1156712530278,75.44195591547323,77.9711431195467,6665800
2020-04-14,80.85746002197266,81.22029497383421,78.46275902838796,78.91630098808962,9861300
2020-04-15,82.4902114868164,83.36101119408849,80.28599734886174,81.64662318906831,14128000
2020-04-16,87.08007049560547,87.97808178485079,82.67164137312527,83.99598328145234,27036500
2020-04-17,87.08912658691406,88.66745062448433,85.48358421930735,88.39532268812698,16074800
2020-04-20,88.89421844482422,90.70838616818799,85.85548889229005,86.00969148785582,17251400
2020-04-21,85.31123352050781,87.95991653578915,84.92118721260336,87.17075114430801,12030300
2020-04-22,86.60836029052734,87.06190216969318,84.1683027660552,85.51985562822942,8369000
2020-04-23,85.21145629882812,88.39531552551838,84.67627324615775,86.96212834893574,10567500
2020-04-24,85.32029724121094,85.79198467736497,84.15923112221635,85.71941631480281,9016100
2020-04-27,86.12761688232422,86.98935077309781,85.284028545736,86.60837718121958,6838200
2020-04-28,82.96192169189453,86.30906466861929,82.8530690944267,86.0641480544425,7805500
2020-04-29,83.70569610595703,84.40415454205927,82.6081254840112,83.53334796085379,7068300
2020-04-30,83.5333480834961,85.05724922209225,83.31564989812536,83.31564989812536,7978300
2020-05-01,81.50150299072266,82.87120188568069,80.50371188943296,82.54465106409464,6839800
2020-05-04,81.48333740234375,81.78267670987034,80.46740108005653,81.44705322077992,5036800
2020-05-05,84.38601684570312,84.95748415035197,81.99131582570165,82.49928061161069,6747900
2020-05-06,82.61720275878906,84.74884852642353,82.57184579587094,84.49486614328423,4248400
2020-05-07,85.25679779052734,85.75569660990868,83.27935498356987,83.57869427519867,7255000
2020-05-08,84.99374389648438,86.11853271984407,84.26808105484882,86.02781880920234,6167600
2020-05-11,87.1435317993164,87.52450529684324,84.4857762504752,84.55834460824207,7239100
2020-05-12,85.08448028564453,87.6968796626034,85.02098468372024,87.49732007926944,5384200
2020-05-13,83.59685516357422,85.87363075940245,82.39949777736851,84.60371192110925,11622500
2020-05-14,83.25216674804688,83.25216674804688,81.03887961774223,82.09110035854331,8189200
2020-05-15,81.53777313232422,82.68977358786019,80.53998220299069,81.60126872999541,13609400
2020-05-18,81.88245391845703,84.35879580816861,81.65568296198346,83.36100498378497,7646500
2020-05-19,80.0229263305664,82.09107609053986,79.9231465684186,81.93687352012945,7693100
2020-05-20,81.71918487548828,82.018524222113,79.85059426413564,81.25657707125107,7488800
2020-05-21,81.99131774902344,82.19087732545495,80.16807707040073,81.31100478600764,6148300
2020-05-22,82.97096252441406,83.03445811836258,81.37449297877886,82.0185216946855,5184500
2020-05-26,81.1658706665039,84.62185812156645,80.88466995069892,84.31344599595796,6243800
2020-05-27,82.32695007324219,82.34508870916784,79.97759879200125,80.98446263817564,5420600
2020-05-28,83.54242706298828,84.65814332179723,82.73512293348061,83.4063630918407,5316300
2020-05-29,86.10041046142578,86.70815507233401,82.3178718932039,84.26810385108261,10138500
2020-06-01,84.36788177490234,85.2296087760309,83.48800921893867,84.31345203089846,5451600
2020-06-02,84.01410675048828,84.49486007267623,83.23401410374922,84.28622774694352,6394100
2020-06-03,82.90745544433594,84.08666015722544,82.14550150201525,83.95966898692195,8056300
2020-06-04,80.05013275146484,82.8530179304981,80.0410599771527,82.58996975993759,9113600
2020-06-05,81.51056671142578,81.6012737250083,79.20657257982187,80.24972053727465,11874500
2020-06-08,83.95968627929688,84.00504324396118,80.64883547383762,80.71233107206695,5426800
2020-06-09,81.88245391845703,84.19552044268761,81.85524251096027,83.74197852974048,4857400
2020-06-10,83.59685516357422,84.13203134028655,82.21808376639844,82.40857055406728,5829100
2020-06-11,79.62381744384766,83.90525422623962,78.86187034893065,83.60591490159348,8168300
2020-06-12,80.74861145019531,81.80990494791843,79.451481104535,80.95724380698746,5590400
2020-06-15,81.22938537597656,81.95504851665346,78.9616750854189,79.38799880682156,5666000
2020-06-16,81.40170288085938,83.23401613603181,80.85745395415985,82.19994109915255,6143400
2020-06-17,82.45392608642578,83.1523776290929,81.72825621413459,82.01852277895091,4359100
2020-06-18,81.89153289794922,82.85303961167364,81.2475041632375,82.09109246204316,6022900
2020-06-19,82.25437927246094,83.81456489531801,82.19088366783312,83.15239051519775,9473300
2020-06-22,81.94595336914062,82.2271540743528,80.87560104785166,81.93688751321496,5072800
2020-06-23,82.81676483154297,83.72384875337585,82.35415009366788,82.64441667183436,4156900
2020-06-24,79.18843078613281,82.29972897935043,78.75302744960473,82.20901504888536,6141900
2020-06-25,81.2928466796875,81.46518788309585,78.15433779254488,79.13398296504917,5781100
2020-06-26,80.46742248535156,81.59220473103576,79.76897083582638,81.47428629996061,8522500
2020-06-29,80.73954010009766,81.36542328688844,79.90501765020832,81.25657764770794,4669300
2020-06-30,82.93467712402344,83.36100764307413,80.22249833581874,80.50369211625619,5220900
2020-07-01,83.12517547607422,83.43358762831538,82.02760468938082,83.43358762831538,3389600
2020-07-02,83.66034698486328,84.41322132487157,83.38821906018518,83.9052565806731,3845300
2020-07-06,84.33158874511719,85.23867261774102,83.85990125587239,84.14110196232627,5919100
2020-07-07,83.86898803710938,84.7216492343167,83.53336445681457,83.86898803710938,3389200
2020-07-08,83.97782135009766,84.9665393877434,82.99816916785211,84.21365815950838,3815300
2020-07-09,84.966552734375,86.06412349373342,83.31566020667454,84.12296437612413,4576800
2020-07-10,84.39508819580078,85.08447390823646,83.74198667038814,84.78513455567216,2923200
2020-07-13,84.44042205810547,86.73534973415971,84.16830108833007,84.4857790133179,4297300
2020-07-14,86.34358978271484,86.48928995788219,83.51160689104177,84.35847005394346,4122800
2020-07-15,88.0828628540039,88.44709945385662,87.20867556172749,87.32705870931066,6205000
2020-07-16,87.78236389160156,89.23022317489794,85.86098589930289,89.10273897186687,7582200
2020-07-17,90.37759399414062,91.06054810492759,88.947943666788,89.12096093134528,8315500
2020-07-20,90.22279357910156,91.7070780261325,89.89497504704822,91.06054896218522,5677900
2020-07-21,89.41236114501953,90.58704313777501,89.0208004807677,90.04067425007925,5063500
2020-07-22,91.23355102539062,91.5795785527329,89.23932311227507,89.33949025523131,4662000
2020-07-23,91.80723571777344,92.86354131153574,91.12428167098956,91.31550797040491,5905800
2020-07-24,90.10438537597656,91.25174991927058,89.56713162115817,91.25174991927058,4534400
2020-07-27,91.05142211914062,91.31549849016518,89.61267102328446,89.74015520965948,3717900
2020-07-28,90.93306732177734,91.77993072897681,90.39580645507057,91.18803575450514,4114200
2020-07-29,93.35525512695312,93.69218159921103,91.14248390303209,91.22444199514554,4744200
2020-07-30,92.45376586914062,92.49929891844174,91.2790840603247,91.95293706366799,3176900
2020-07-31,91.6433334350586,92.30807848130169,90.25921618520265,92.16237827217562,4604000
2020-08-03,91.67974853515625,92.47197770470102,91.2517629015183,92.04399207106307,3670900
2020-08-04,90.99678802490234,91.67974200078802,90.40489318966134,91.20623030101548,2730600
2020-08-05,93.0092544555664,93.20958879705051,90.9512838758242,91.0332419915992,4415300
2020-08-06,92.65409851074219,92.69963155922775,90.9876889782667,92.4446562140235,3943000
2020-08-07,92.18059539794922,93.15494297943395,91.57048444899196,92.60857413590585,3141900
2020-08-10,91.09698486328125,92.20792480448958,91.08787686203726,91.9165312910062,2776300
2020-08-11,90.20455932617188,91.45209109557234,89.8494238128694,91.45209109557234,4823000
2020-08-12,91.65242767333984,92.06219729208532,90.44132091945859,90.65076320178744,2668900
2020-08-13,92.06220245361328,92.21700370071906,91.0605379259019,91.37014042011347,2951700
2020-08-14,91.05142211914062,92.17146969642636,90.67807755829011,91.9073933254018,2739900
2020-08-17,91.70707702636719,92.35360608326619,91.25177428651985,91.33373239232397,4657400
2020-08-18,91.93470764160156,92.62676959519648,91.45208795789598,92.05308382618526,3777600
2020-08-19,91.49761962890625,92.53570907005314,91.36102745036233,92.04398139571512,2716800
2020-08-20,92.54483032226562,92.89996589558267,90.83289455993301,91.05143792488927,3548600
2020-08-21,93.24598693847656,93.37347112855495,91.8254379031687,92.5448169456781,3585000
2020-08-24,92.32628631591797,94.00180396192496,91.69796633024431,93.51917723608724,3212700
2020-08-25,93.30973052978516,93.70129110483833,92.44465128624715,92.86353585735583,2626400
2020-08-26,93.96537017822266,94.05642932557932,92.20790153950543,92.8726395678399,2968800
2020-08-27,101.34127807617188,103.809017931922,99.72950259143963,101.08630967002323,36319000
2020-08-28,100.88597869873047,103.99113967243176,99.62934567804133,103.3901436877085,17204000
2020-08-31,99.68397521972656,101.75104644100192,99.49274891754965,100.80401598210106,6943200
2020-09-01,97.02500915527344,99.31973173023205,96.14172079653328,99.19224752869923,7963100
2020-09-02,99.6566390991211,100.0846246709675,96.41487973969222,96.93392444552654,5843700
2020-09-03,96.09617614746094,99.20134355358276,94.97613551956881,98.98279327959209,6096900
2020-09-04,94.84867095947266,96.56060677576352,93.26421240833659,96.02334592524215,5027700
2020-09-08,93.64666748046875,94.53906393870054,93.27332283333547,93.9471689666725,5217700
2020-09-09,96.35116577148438,97.37104643295669,94.8213482529602,94.93973141432483,4365100
2020-09-10,94.70295715332031,96.15992433543636,94.45709676370629,96.15992433543636,4271200
2020-09-11,95.34038543701172,96.25099086409824,94.99435787577134,95.86853825209025,4111000
2020-09-14,96.24189758300781,97.12518603018196,95.72285272555281,96.15083147505155,3824100
2020-09-15,97.05232238769531,97.91739471368642,96.67897084977498,97.4347749772471,3654900
2020-09-16,96.25098419189453,97.77170042971136,96.2145660910195,97.38924089684772,4242500
2020-09-17,97.12518310546875,97.20713426331925,95.05810479079503,95.57714963262013,4283500
2020-09-18,97.30729675292969,98.33627838722032,96.6516597321056,97.03411234513028,7622400
2020-09-21,96.4786376953125,96.94304838660541,95.12183761786054,96.34205244555082,4559800
2020-09-22,95.43145751953125,96.08708763234114,94.31140971716508,96.0324535264491,4180300
2020-09-23,93.54647827148438,95.60444108778884,93.09117565679226,95.60444108778884,4040100
2020-09-24,91.89828491210938,94.27496529323005,91.48851530737839,93.56469427310059,7604000
2020-09-25,94.20213317871094,94.34783338878103,91.37014960863131,91.57048392379347,5060300
2020-09-28,95.1036376953125,95.84122590429214,94.53905980175952,94.9215124325365,5515500
2020-09-29,95.78658294677734,96.8975226312511,95.54071560159433,96.53327908673003,4464300
2020-09-30,99.10118103027344,99.69307589200538,96.28740691105985,96.51505824654387,9487000
2020-10-01,98.92816925048828,100.46709458642772,98.69140990325887,99.41989699594883,7242100
2020-10-02,96.97948455810547,98.94639574866872,96.82468329237646,98.05399931279423,5590500
2020-10-05,98.8553237915039,98.93728189327793,97.59869079237006,97.59869079237006,3603400
2020-10-06,96.7518081665039,99.04653034805868,96.56968989478423,98.855304078543,3992600
2020-10-07,98.1086196899414,98.50928827210673,97.3710315703803,97.77170015254562,4162400
2020-10-08,98.83709716796875,99.37435094431822,97.81721676112711,98.47285366928482,4168400
2020-10-09,99.8478775024414,100.1392709350451,99.07386434840352,99.56558512118622,3060700
2020-10-12,101.12272644042969,101.59623816345268,99.94804471054287,100.39423938476784,4201800
2020-10-13,98.68231964111328,101.06810158316097,98.57304448105158,100.62190683747068,4773600
2020-10-14,98.44477844238281,100.34515263651672,98.07018243610047,99.23050994629347,4191600
2020-10-15,98.05189514160156,98.43562246678042,97.12911631346074,97.62248300462939,3518500
2020-10-16,100.1989517211914,100.84763563816908,98.39907882523457,98.39907882523457,4363500
2020-10-19,98.70970153808594,101.45062251277004,98.5086995513255,100.40907310003188,4228500
2020-10-20,99.00206756591797,100.39993616752862,98.77365748145812,98.99292921079325,3873500
2020-10-21,96.78192901611328,99.58680479906417,95.70383305231167,98.68230274392006,5716000
2020-10-22,100.02535247802734,100.54612721897504,97.0651526100397,97.22960815826124,4953800
2020-10-23,98.48130798339844,100.50045260379363,98.28030596290706,100.17154147399387,3573000
2020-10-26,99.5867919921875,99.73297778499919,97.80519620805912,98.28028609365259,7298000
2020-10-27,99.20307159423828,100.27202913855298,98.9746615050844,99.48629787422182,4518000
2020-10-28,97.22962188720703,98.13413101540479,96.27943491559533,97.58594113024593,7104700
2020-10-29,95.93224334716797,97.3757968723652,95.53937769083007,97.19306460748527,4237600
2020-10-30,96.03274536132812,96.43474937777343,94.22373425784752,95.71297260757538,4433200
2020-11-02,98.19807434082031,99.3127097858602,96.94638446964288,97.84174816801365,5907100
2020-11-03,100.09844207763672,101.23136121600245,99.00207636301792,99.34925721285846,3870100
2020-11-04,101.89832305908203,104.36515657225605,100.6009552320741,100.65577143108115,7421200
2020-11-05,103.72560119628906,104.92246797856535,102.98555464792264,103.70733145396305,5139900
2020-11-06,104.53872680664062,105.19654897161213,103.095173385789,104.04536018291199,5644100
2020-11-09,99.94312286376953,103.43322891523285,97.01947637006528,102.1449995750617,13990700
2020-11-10,101.24049377441406,101.9531321942254,99.0386239637283,99.81521693479135,5243500
2020-11-11,102.9216079711914,103.19569595020073,101.84351185783017,102.27292402585465,3994000
2020-11-12,102.28203582763672,103.11345190363879,101.68817516823272,102.70231652858637,2816800
2020-11-13,102.87591552734375,103.32359740589473,101.79781949392859,103.24137310944651,3918900
2020-11-16,103.85352325439453,103.92661617386025,101.95314917143236,102.37342997309807,4144900
2020-11-17,103.29618835449219,104.72147221449677,102.6383661068783,103.44237417419463,3793000
2020-11-18,100.29033660888672,103.89008319877993,100.27206686191116,103.85353673430343,4545700
2020-11-19,101.4140853881836,101.59681068175485,99.82435302843963,100.50044497928104,3548100
2020-11-20,101.31359100341797,102.10846072047282,100.56440609800167,101.17654353902596,4075300
2020-11-23,99.83349609375,101.88918725428589,99.45890710694704,101.80696295371595,4105500
2020-11-24,98.31685638427734,100.12586070062166,97.98794524121038,99.87004247168602,7316300
2020-11-25,97.22049713134766,99.03863992758632,96.50785162614298,97.80522654290706,6224100
2020-11-27,98.32600402832031,98.44477479710893,96.72713297593107,97.45804127470852,1979000
2020-11-30,98.8741683959961,99.17567141065736,97.84175024952386,98.46302602040619,5702300
2020-12-01,99.12083435058594,100.13497564281698,98.73710709690995,99.80606457665976,4265200
2020-12-02,98.81023406982422,99.24877766225589,98.08845714631717,98.9564129437932,3444700
2020-12-03,98.2437515258789,99.25789293195088,97.83261613229216,98.8102110857417,3846300
2020-12-04,98.58180236816406,98.91984486124981,97.6955700485723,97.83261750519881,4686800
2020-12-07,97.92398071289062,98.94726049496194,97.43061404852713,98.41734737725412,6928000
2020-12-08,97.57681274414062,97.97880984295395,97.03776119929952,97.57681274414062,6643500
2020-12-09,97.13825988769531,98.38994991051631,96.4073446828829,97.85089837859924,5742400
2020-12-10,97.32098388671875,97.84175869768035,96.88244034618472,97.54026262750966,4828500
2020-12-11,97.77779388427734,98.07929689334503,96.22460797114833,96.93724637765513,4719000
2020-12-14,97.56767272949219,99.74213467469113,97.54939601545597,98.21635666729702,6250000
2020-12-15,98.17066955566406,99.04777057525433,97.21135120693076,97.70471791650384,5256600
2020-12-16,98.07017517089844,98.86504497402274,97.40322146010823,98.17067619096672,4458700
2020-12-17,99.38580322265625,99.53198903489891,98.31684561009376,98.51784761666583,3924300
2020-12-18,99.55941772460938,100.14414715347716,98.20722656377473,99.44977834274994,10669800
2020-12-21,98.75537872314453,98.83760997651645,96.27028291099818,98.27115046941556,4544000
2020-12-22,98.92900085449219,99.62336964681005,97.72299556811086,98.51786538183754,3426400
2020-12-23,98.17066955566406,100.20809095053858,98.15239981257938,99.4680443714409,3149500
2020-12-24,98.9929428100586,99.54112569396493,98.10671044532361,98.16153361308073,1451500
2020-12-28,98.48130798339844,99.67817477929422,97.99707964522759,99.55026566998583,2034200
2020-12-29,98.97469329833984,99.5320146525433,98.80109934425272,99.13001053593098,2834400
2020-12-30,99.07518005371094,99.6964558850931,98.52699016620834,99.30359018332904,2415800
2020-12-31,100.03448486328125,100.17153231658993,98.5361151736252,98.82847982110631,2982200
2021-01-04,99.68731689453125,100.72886652132755,97.99708334020559,100.07104423692485,6192000
2021-01-05,100.92071533203125,101.33185768450453,98.94725573993739,99.44975376559641,4322800
2021-01-06,100.7105941772461,101.44150238618806,99.21221736228901,99.5411284959962,5539600
2021-01-07,101.68817138671875,101.98053601312267,99.81520592441319,100.756254347822,5568800
2021-01-08,101.97139739990234,102.83022153739299,100.81107028173659,102.026213588926,4242200
2021-01-11,101.26789855957031,102.30945502813704,100.71058432861983,101.60594801685654,3177400
2021-01-12,99.44062042236328,101.15826888096457,98.98380021027116,100.97553661381376,5777100
2021-01-13,102.46478271484375,103.15001308479964,98.9015833969683,99.6690380654675,6047100
2021-01-14,100.94202423095703,102.42808707300692,100.67600024696387,102.01528833980156,4391000
2021-01-15,102.09784698486328,102.39138947346656,100.3457602257651,100.90532668819715,4480100
2021-01-19,103.26283264160156,103.77653020160459,101.38232164735508,102.50145447330826,6820300
2021-01-20,103.55638885498047,104.14347385825545,102.7399735535948,103.33623372840367,2952100
2021-01-21,103.6114273071289,104.15265045736322,101.1438380246872,102.96930526305977,5028100
2021-01-22,103.51050567626953,104.125116109121,102.50145390389575,103.65728040608609,4163900
2021-01-25,105.2350845336914,105.85886320207234,103.66646619083753,103.71232804964778,4689300
2021-01-26,105.2442626953125,105.60201739778103,104.38197854136006,104.80394544687151,4142400
2021-01-27,104.84063720703125,108.04208612607721,104.11595264395001,105.67539583124554,9104900
2021-01-28,110.43629455566406,113.81203672467906,107.46417593902638,108.16134198442215,11296300
2021-01-29,113.3717041015625,114.408281357033,109.81250098186375,110.30785518385242,10995100
2021-02-01,112.40853118896484,114.50002222845055,112.37183750423293,113.05065317526142,8337100
2021-02-02,110.29869842529297,113.49097926033016,110.28953025234726,113.19743675814556,7277000
2021-02-03,110.28035736083984,110.8949608939637,109.06949363946812,109.84004009915674,4991900
2021-02-04,109.84003448486328,110.87661188181131,108.96858217638608,109.9225970290987,4377900
2021-02-05,113.77532958984375,114.04135353622944,110.11522053170413,110.47297518407696,5803400
2021-02-08,114.20648193359375,115.39900221507322,113.53683442198653,114.66514250360818,3456000
2021-02-09,114.80274200439453,114.92199123302787,113.3900666097781,114.50919951970832,3424500
2021-02-10,114.93116760253906,115.76592620888714,114.44498851332683,115.389828177057,4195400
2021-02-11,116.35301971435547,116.38054522967263,114.84861347953526,115.29810591451123,3697400
2021-02-12,117.62808227539062,117.91244958056402,115.81179039280525,115.95856513005904,3658700
2021-02-16,117.4354476928711,117.87575788872336,116.36217671844689,117.86658971698787,5174000
2021-02-17,116.71995544433594,117.41712156322723,115.9402337711763,116.83921168753132,3161800
2021-02-18,115.04125213623047,116.18790360717476,113.81203812010348,115.09628916728214,5427900
2021-02-19,112.86719512939453,115.02289843205057,112.5277837844161,114.8944740309463,6204200
2021-02-22,112.41771697998047,112.78463986475354,110.56472421829153,112.78463986475354,4842000
2021-02-23,110.81240844726562,112.99563047612703,110.27118527709487,112.14252144409278,5565900
2021-02-24,112.26176452636719,112.74795063508863,110.68397796101446,110.81240236751287,4127400
2021-02-25,111.52790832519531,112.61034757406307,110.78487342645907,111.6012956976689,3468900
2021-02-26,109.8767318725586,112.24342224082152,109.76665780801031,112.08747931697455,5197500
2021-03-01,112.10582733154297,112.78464308608787,110.63811475471388,110.98669430464653,3858600
2021-03-02,112.39938354492188,112.92225643284571,111.17017629908938,112.10584099378228,4908100
2021-03-03,109.32633972167969,111.81227930714579,109.21625865936414,111.62881786855847,5239500
2021-03-04,106.41844940185547,109.90426625501935,105.25344739409483,109.16123821762984,6699600
2021-03-05,107.55591583251953,107.85863352263037,105.30848158471512,107.32658552157599,4859500
2021-03-08,106.0698471069336,108.50074966993446,106.00563490331947,107.32657966178748,3931600
2021-03-09,107.05137634277344,109.47310364008682,106.85873973941953,107.08807002892728,5176100
2021-03-10,106.29916381835938,109.34466951219571,105.78546625510644,107.54672104220602,7640200
2021-03-11,107.8035888671875,108.12465689954121,106.26248890659109,107.04221755818652,4915700
2021-03-12,107.0605697631836,107.57426745969069,106.51935354702165,107.40914934315538,3714000
2021-03-15,108.33563995361328,108.44572102486752,106.90462102033733,107.50088124207093,4651800
2021-03-16,108.44571685791016,109.56484987753922,107.81276297007933,108.65669682145005,3870500
2021-03-17,107.89530944824219,108.44570070416867,107.25318048415751,107.94117130371674,3797200
2021-03-18,108.34480285644531,109.29881770346122,107.61094312840076,107.78523638849748,4253000
2021-03-19,110.30786895751953,110.98668465303332,107.84944798064267,108.5924758771023,11275200
2021-03-22,111.42700958251953,112.1150004967128,110.08772144272261,110.3170517474537,5173100
2021-03-23,110.52804565429688,112.0508024291735,109.95931090591203,111.70221584289233,3788500
2021-03-24,108.26225280761719,110.49134376545855,108.19804059889772,110.07855199491995,6521300
2021-03-25,109.20709228515625,109.61988402807926,107.54673614459142,108.91354977941859,5320100
2021-03-26,111.97740173339844,112.18838869468107,109.10618881665687,109.41807467404233,4857000
2021-03-29,112.12416076660156,112.59198948708006,110.12440049518123,110.99585273789644,4810100
2021-03-30,109.84921264648438,112.36267075076941,109.5098012862416,111.45452473108854,5054400
2021-03-31,109.9317626953125,111.40865029915929,109.84920715156444,110.07853743789339,5792800
2021-04-01,109.10619354248047,110.87662386458587,108.95941878069071,110.33540067874343,4015100
2021-04-05,109.95011138916016,110.39959678401722,109.23460202631695,109.75747479136429,6314600
2021-04-06,110.05101776123047,111.92235371774694,109.71160642154986,110.08771144648823,5146400
2021-04-07,110.179443359375,110.88577756211026,109.71160761550338,109.91341938731486,4313000
2021-04-08,109.8767318725586,111.51873765525549,109.65657674485668,111.0050400244159,3768800
2021-04-09,110.90414428710938,110.93166280576602,109.48229350193125,109.75749268570958,4102500
2021-04-12,111.03255462646484,111.335272290512,110.51885701373399,110.59223738797763,2915900
2021-04-13,112.83966827392578,113.41757803617779,110.91329540114798,111.04171979275954,4944600
2021-04-14,111.86376190185547,113.08828048751913,111.67041797111426,112.83048857986418,4726500
2021-04-15,114.11023712158203,114.79154525487922,112.23203005676353,112.69237471899447,4510900
2021-04-16,114.48770904541016,114.72709022184124,113.19874266563724,114.52453745903814,6243100
2021-04-19,114.65342712402344,115.47283996560171,113.78797701185262,113.79718587083138,6853100
2021-04-20,110.48271942138672,112.32409807840982,109.57123895296486,110.94306408564249,9908200
2021-04-21,112.87650299072266,113.10667530800566,110.35381636010545,110.87860896253862,7040300
2021-04-22,113.70513916015625,114.92044886858825,112.7936586349079,113.06986123610002,6366900
2021-04-23,113.53018188476562,114.26673604722333,112.92253067139393,113.81560031047606,5227000
2021-04-26,112.85809326171875,113.61305818789488,112.27805452164934,113.6038493283203,4377500
2021-04-27,112.0478744506836,112.83046590144212,111.40339481108377,112.32408402439852,3384900
2021-04-28,111.8177261352539,112.25045128223118,110.9799024240385,111.88217411303971,3755900
2021-04-29,111.41262817382812,111.87297288173254,110.49193875801933,111.86376402076966,3889200
2021-04-30,110.55635833740234,111.54149547829223,109.88425214581346,110.9430461068804,4773500
2021-05-03,110.04998779296875,111.09037116810059,109.72774795194186,110.98909478602047,4917600
2021-05-04,108.21781158447266,109.82901771683375,107.19584599000237,109.7461520345328,9221800
2021-05-05,109.11087799072266,109.44232666142221,107.88635968087713,108.45718950803771,5632400
2021-05-06,109.36868286132812,109.4515415267173,107.4444385704347,108.6873747456878,4305300
2021-05-07,109.51598358154297,110.86939790421354,109.34105740040228,110.27094848628622,4076600
2021-05-10,109.50676727294922,110.43665823592886,109.33183409062802,109.74614138904069,3923200
2021-05-11,109.0003890991211,109.80139119713307,108.60449247931759,109.43311412824363,5520800
2021-05-12,107.12218475341797,108.27304622911927,107.03011724022205,107.87714960050599,4745500
2021-05-13,108.13495635986328,108.66895784406407,107.41681982387696,107.72064898119486,4519500
2021-05-14,108.9267349243164,109.3962883741548,108.02446345915351,108.63211466691409,3800500
2021-05-17,107.48124694824219,108.96355700781537,107.41679899018686,108.64131721753873,3732400
2021-05-18,107.70223999023438,108.64134000808593,107.46285879968316,107.46285879968316,3398400
2021-05-19,107.14981079101562,107.19584806255084,106.02657582315152,106.94726505944439,3430800
2021-05-20,108.45718383789062,108.61369930634359,107.17742649126798,107.30632240932346,2858200
2021-05-21,107.84032440185547,109.51597847940556,107.70222664009955,108.85308815007355,4629300
2021-05-24,107.9876480102539,108.8807177482808,107.94161073588684,108.6781649799487,3096000
2021-05-25,109.00961303710938,109.78298866688952,108.23623038302742,108.6413359172752,4704500
2021-05-26,107.490478515625,108.89913205665235,106.84599879891383,108.1994062040073,6692900
2021-05-27,106.51454162597656,108.24543488797065,106.4408848001126,107.72064229621755,10358900
2021-05-28,107.39839172363281,108.47559635304249,107.06694306469126,107.23266739416204,4813000
2021-06-01,97.39971160888672,102.47271108321064,97.30764409346529,101.41391709511129,25124100
2021-06-02,98.42167663574219,99.36998538545372,97.00381442841484,97.39971106438482,19215100
2021-06-03,100.53926086425781,100.97198592520436,98.09944003007213,98.51374737285425,12118000
2021-06-04,100.62213897705078,101.19296889753866,99.81193488526671,100.63134783727055,7197200
2021-06-07,101.27581787109375,102.08602188531394,101.0180260040374,101.25740717671896,7933600
2021-06-08,99.34236907958984,101.73615966689174,99.27792111461908,101.73615966689174,8173900
2021-06-09,100.40116119384766,100.84308808118699,99.0661576243198,99.2595015155684,13780400
2021-06-10,101.41393280029297,101.50600032997217,100.34592978796786,100.40117592521719,8012600
2021-06-11,101.1929702758789,101.57965811874956,100.82469312939634,101.57965811874956,6517500
2021-06-14,101.71774291992188,101.7913927152904,100.93515150346043,101.34946584587549,4888700
2021-06-15,101.65328979492188,102.56477006305137,101.36787138927684,102.14125390791746,5398800
2021-06-16,101.33104705810547,102.29777348922482,101.09167293316042,101.45074114487885,7051500
2021-06-17,102.77653503417969,103.10798371511201,101.0272311367385,101.04564183043416,5967400
2021-06-18,101.57964324951172,102.51874316248953,101.27581412131546,101.27581412131546,8831800
2021-06-21,102.60160827636719,103.27370746911231,101.02723056302983,101.50598586371261,4743300
2021-06-22,102.15966796875,103.0435287161295,101.73615179964945,102.80415459292102,6519400
2021-06-23,102.04920196533203,102.43589682240089,101.82823849293707,101.82823849293707,4356100
2021-06-24,102.84098815917969,104.48902278754201,102.57399445353755,102.65685311577788,9718600
2021-06-25,103.78010559082031,104.2772786872155,102.6660723102005,103.00672287721588,8750400
2021-06-28,106.52376556396484,107.13142396697542,103.79852566024239,104.0286980206004,9567200
2021-06-29,107.91397857666016,109.41469942009768,106.30277250222744,106.56056435024851,8150200
2021-06-30,106.73551177978516,107.88637341502638,106.10944276924184,107.72064905857957,5844600
2021-07-01,107.86796569824219,107.98765278286363,106.3212073367934,106.44089442141485,4739600
2021-07-02,108.67815399169922,108.8714978807489,107.3983965658696,107.64697955913314,4787000
2021-07-06,109.39630126953125,109.62647359226838,108.4203728689024,108.64133633192553,5040400
2021-07-07,110.36302185058594,110.46429822904295,109.33184737188782,109.63567650725888,4068700
2021-07-08,109.8013916015625,109.95790707351922,108.6044928793385,109.43311453131658,3908900
2021-07-09,110.24333953857422,110.7036842082977,109.78299486885074,110.16048086968905,4353600
2021-07-12,109.38709259033203,110.19730366325695,109.0464420476721,109.38709259033203,3905200
2021-07-13,109.23978424072266,109.80140526225277,108.74261118768115,109.16612741264944,3877100
2021-07-14,108.28784942626953,109.3321935460374,108.00135143640776,109.1658382823337,4660300
2021-07-15,107.81652069091797,108.27861788492798,107.45607839263003,107.85348226152038,5761200
2021-07-16,108.60209655761719,108.87935067415248,107.60396481558361,108.16772401889641,3977600
2021-07-19,109.78506469726562,110.28413056973675,108.06606237576881,108.11227492084822,6739700
2021-07-20,109.7296142578125,110.90333815078209,109.14736721985251,109.55401504940623,4678400
2021-07-21,109.96064758300781,110.2471455770435,108.34330745995385,110.18245225416307,4285300
2021-07-22,109.28599548339844,109.74809271588639,107.0771712761896,109.05494686715447,6958000
2021-07-23,111.64268493652344,111.91993902241077,110.22866159942791,110.56137214332762,4736100
2021-07-26,110.459716796875,111.35618653533618,109.40613569525202,111.12513792443563,4954800
2021-07-27,110.72772979736328,112.04009121588652,110.53364981775381,110.53364981775381,5630800
2021-07-28,111.3838882446289,111.89219790408426,110.23788934545261,110.72771117126818,3796100
2021-07-29,111.91069793701172,112.19720299937093,111.29148937337476,111.90146106964552,3925500
2021-07-30,111.80903625488281,112.21567697668074,111.27300183632718,111.82751703953771,4688800
2021-08-02,111.75358581542969,112.54839356820493,111.06968392968486,112.28962026284438,3646100
2021-08-03,112.86262512207031,113.26002900475888,111.89221816053846,112.17871617443818,3696200
2021-08-04,112.35433197021484,113.35246378365042,111.83678527482375,112.17873274811647,3513400
2021-08-05,112.94580078125,113.0844313563725,111.67041500241955,113.0844313563725,3258100
2021-08-06,112.90882873535156,112.94579735766658,112.03084687126204,112.75171737879555,3550300
2021-08-09,113.82377624511719,113.91619426724098,112.77943214709317,113.11214266757335,4271200
2021-08-10,113.39865112304688,114.19345887858417,112.84413588805532,113.9993788988893,4356900
2021-08-11,112.2526626586914,114.04560223759556,112.15100070002914,113.52804852503012,3683100
2021-08-12,113.50031280517578,113.90696060036709,111.82752318575592,111.99387846096656,3023600
2021-08-13,113.73135375976562,113.88847215709855,113.06593270366442,113.41713106718632,3476600
2021-08-16,115.21006774902344,115.24702931704454,113.98088760654996,114.31359812708477,4601900
2021-08-17,116.1619873046875,116.79967659608974,114.94205107416795,115.19158044018741,4609700
2021-08-18,114.53541564941406,116.52243507818051,114.47072232154929,116.27289863424217,3585200
2021-08-19,116.1897201538086,116.80892870453602,114.21194471793287,114.34133136879998,4283800
2021-08-20,116.7442398071289,117.3542115138185,115.63520931447646,116.36532375837281,5485800
2021-08-23,116.30062866210938,117.64995879255318,116.25442316925903,117.0677117640762,3906700
2021-08-24,115.98638153076172,116.36530456807189,115.37640992466515,116.07879954806772,3945700
2021-08-25,115.28401947021484,116.36533238945493,114.75722888947509,116.30063200572472,4379000
2021-08-26,115.95867919921875,116.69803053133111,115.2008400294532,115.23780865371545,3991900
2021-08-27,115.14537048339844,116.68878040402932,114.87736032727882,116.15274598970346,4094300
2021-08-30,116.39303588867188,116.62408447060045,114.93280715863294,115.08991850209402,3151800
2021-08-31,116.79045104980469,117.56677097581722,116.36532246398204,116.81817575415602,6190300
2021-09-01,117.74237060546875,117.79782001437582,115.94943117300595,116.18972369667631,3484200
2021-09-02,118.74974822998047,119.08245879122457,117.68691616668697,117.83479066103723,3402700
2021-09-03,119.16561126708984,119.59073273354035,118.43548989762097,119.2210606668803,2463300
2021-09-07,118.6573257446289,118.74975083114434,117.41890855701641,118.40778929270785,2765500
2021-09-08,119.27652740478516,119.70166303511905,118.29688359385752,118.81443020324664,3121200
2021-09-09,118.27838897705078,119.35968755891209,117.6776612750897,119.35968755891209,4546900
2021-09-10,119.03624725341797,119.62773113372202,118.29688887751588,118.29688887751588,4127400
2021-09-13,117.02149963378906,119.86801307971754,115.34870294409666,119.84028837537103,5811000
2021-09-14,117.41889953613281,118.28763746407388,117.10466977841861,117.69615362124625,4197400
2021-09-15,117.8255386352539,118.46322795789148,116.70726429008921,117.26177950366063,4803200
2021-09-16,117.7793197631836,118.26914159702737,116.72573886181026,118.17672358044145,3317100
2021-09-17,117.17860412597656,118.11204240685954,116.87361829394895,117.1693602080548,10045200
2021-09-20,115.40415954589844,116.97528723651467,114.42450866783814,116.07881752264015,5262200
2021-09-21,115.64445495605469,117.16937728743206,115.61673024929146,116.05110279136717,4918600
2021-09-22,115.2008285522461,116.20819702161465,114.76645607424555,115.98639234918328,6553400
2021-09-23,115.80155181884766,116.35606700400261,115.34869152254966,115.91245062525276,4161500
2021-09-24,114.94205474853516,115.967911049157,114.84962967197629,115.34869547101205,3045700
2021-09-27,111.43936920166016,114.13801532104894,111.3192194097066,113.98090395577259,6481200
2021-09-28,109.73884582519531,110.68152810252745,109.02721920889431,110.53365360763456,5855200
2021-09-29,110.40425872802734,110.95877394049144,109.76656235561973,109.90519292149662,4511300
2021-09-30,109.17507934570312,111.52253391218355,109.1473546425273,110.77393872226247,4786200
2021-10-01,108.3248291015625,109.45234744273337,106.37477827564449,109.23977961978969,8173200
2021-10-04,106.77218627929688,108.65754384931404,106.15297767497516,107.77031800184318,5903500
2021-10-05,107.09565734863281,108.08454519292086,106.77219068013571,107.3082251885278,4238400
2021-10-06,107.659423828125,107.73336108621145,105.72786055517058,106.97552181843797,5498900
2021-10-07,108.97175598144531,109.71110720902956,108.54662038805655,108.6390454611673,4505800
2021-10-08,109.41536712646484,110.28411206063562,108.88857663577566,109.13810600461024,7193200
2021-10-11,108.01984405517578,109.92368940415264,107.99211935002826,109.19357494741043,3873200
2021-10-12,108.4264907836914,109.34144129964011,107.5854775147602,108.96252524800235,4599200
2021-10-13,108.13075256347656,109.26751485955205,107.61320591865218,108.59284979665381,3935100
2021-10-14,109.07707977294922,109.1791342543776,108.21426002522584,108.23281924635951,4977400
2021-10-15,109.0028305053711,109.78215480305293,108.6688353889742,109.5502141432366,6012400
2021-10-18,108.38124084472656,109.00284016936006,107.8988073439745,108.81729045636338,5275800
2021-10-19,110.71920013427734,111.49852450348635,108.60390225513095,108.60390225513095,5880000
2021-10-20,114.40242004394531,115.78479160887655,113.36333031577652,114.60652897719787,8401900
2021-10-21,116.01673126220703,116.52699651254336,114.19831009750915,114.58797582038318,4984000
2021-10-22,117.56609344482422,117.67742044154369,115.85900635302461,116.44350139887321,5742300
2021-10-25,117.43621063232422,117.68670346046848,116.34145030383422,117.35270830409742,4426900
2021-10-26,118.8742446899414,119.47728480976596,117.6310389346756,117.82586826114833,3994000
2021-10-27,118.48457336425781,120.05248751134485,118.16913744436766,119.68138809459589,4128600
2021-10-28,118.48457336425781,119.62572459773708,117.86297405510888,118.78145714461758,3645300
2021-10-29,119.57936096191406,119.69068798107598,117.66817163142883,118.06710996605402,4692200
2021-11-01,119.62572479248047,120.17310138786365,119.02267054361253,119.34739315119799,3494700
2021-11-02,118.48457336425781,120.17310119222915,118.09491472971081,119.98755148385467,8069600
2021-11-03,119.40306091308594,119.44017935006828,117.79803534872794,118.17841438858184,5110600
2021-11-04,119.76490783691406,120.1360214861069,118.92992690017203,119.63502159883112,4675900
2021-11-05,115.3858642578125,118.12276174043468,114.97764635272281,117.90010064596238,7989800
2021-11-08,117.64031219482422,118.0392504355757,114.86629664896905,115.04257382552153,4930000
2021-11-09,117.29703521728516,118.28974099584508,117.13003765274856,117.5475280249563,5130300
2021-11-10,118.58662414550781,118.85567616908473,116.9444873347484,117.07437354223141,5358900
2021-11-11,118.05780029296875,119.6442806947398,118.04852068431177,118.7257905509213,5054800
2021-11-12,119.17111206054688,119.54222562225091,117.93719308965126,118.69795819547595,6462200
2021-11-15,120.08960723876953,120.79470180079153,118.99483988147341,119.46800792293392,4565800
2021-11-16,121.43486022949219,122.09357798075288,120.2751568450114,120.2751568450114,4141300
2021-11-17,119.32884216308594,121.25859041078812,119.25461944318936,121.17509515960558,4759900
2021-11-18,118.41963195800781,120.08032098311558,118.26191399579923,119.96899398780025,4466100
2021-11-19,117.67742919921875,119.2453505835375,117.32488188625709,119.13402357853296,6867700
2021-11-22,116.21157836914062,117.64033402961645,115.6734742090389,117.62177480849905,4205400
2021-11-23,115.48793029785156,115.86830941073444,114.31894704785213,115.51576205266382,4873700
2021-11-24,116.03529357910156,116.23012291849219,115.04258766224359,115.10753077537379,3729500
2021-11-26,116.78679656982422,120.3772417028969,116.37858568864074,118.57737933069366,4671400
2021-11-29,118.78146362304688,119.62573112221335,116.30433878197827,117.22282192158173,5648200
2021-11-30,116.6847152709961,119.48655559715623,116.2857770145352,118.93917898480666,7269900
2021-12-01,117.58465576171875,119.1989610582786,116.08168454978211,117.34344252910452,4816700
2021-12-02,119.10618591308594,120.46999828281868,117.16715809240792,117.16715809240792,5090800
2021-12-03,120.85964965820312,121.03592683444803,118.78145613507994,119.57006008463819,5254500
2021-12-06,122.9007339477539,123.65221951829608,121.1750946479201,121.31425339930338,6601600
2021-12-07,122.85433959960938,124.39442913639662,122.27913123433002,124.3202064188548,5143600
2021-12-08,122.80795288085938,123.80993836753998,121.64824942264612,123.20689823188364,5389400
2021-12-09,122.95640563964844,123.4945097750726,121.98225184545879,122.92857388751764,2663300
2021-12-10,124.66349029541016,124.7841039966514,123.27184601291962,123.78211841447369,4371800
2021-12-13,126.13863372802734,127.1035007898185,124.78409384109918,124.78409384109918,5094800
2021-12-14,123.33677673339844,126.17572835637111,122.4646775223602,126.1107781716389,8193300
2021-12-15,125.76752471923828,125.86957919497358,123.29967223802969,123.89343987234317,6422300
2021-12-16,126.25923156738281,126.74167217006797,124.87687410469314,125.65619143142862,6984100
2021-12-17,127.20557403564453,129.20954533266584,127.00146506151059,127.60450529456357,12146000
2021-12-20,125.22940826416016,127.85497846646504,124.52431369172301,126.36127991763536,6501200
2021-12-21,125.49845886230469,127.2704747822478,123.76353306331619,126.19428085664087,7153800
2021-12-22,128.94973754882812,128.97756929617853,125.98088570379369,126.06439510237968,6768900
2021-12-23,129.10745239257812,130.10015105607718,128.69923456589274,129.5620470260405,3491800
2021-12-27,131.2413330078125,132.2989820423427,129.35796148414317,129.71980256942635,3801700
2021-12-28,130.32286071777344,131.4732918544614,130.0074247171867,131.35267814272103,3296000
2021-12-29,130.99081420898438,131.42686379829343,129.26517506905824,130.322823951172,2848900
2021-12-30,130.8145294189453,131.5103513839397,130.4341433471802,131.19491549071043,2809100
2021-12-31,130.57333374023438,131.52892823442173,130.55477452151672,130.8145469574199,3271800
2022-01-03,128.9961395263672,129.72908010036483,127.29834598058098,129.3579664690567,6688100
2022-01-04,125.96234130859375,129.56205083142962,125.02529195439796,129.42289209394252,8241200
2022-01-05,125.39640045166016,127.13131203943803,125.3129052125395,125.38711376517946,5948200
2022-01-06,125.37786865234375,126.37058167853029,124.20889257942501,125.24798242201945,5710200
2022-01-07,125.76752471923828,126.34273313345341,124.67277139456598,125.13665280126517,4367500
2022-01-10,125.48918151855469,125.71184966967304,124.24598286034939,125.05313190378278,5975600
2022-01-11,125.89738464355469,126.14788451466657,124.35729529750994,125.46133507983679,5709400
2022-01-12,124.06044006347656,125.89740640388868,122.95640009032546,125.14592081719901,8416000
2022-01-13,120.70870971679688,123.66940908233359,120.5038808333617,123.25975131546322,7174500
2022-01-14,119.32146453857422,121.58387306391005,118.26007796546601,121.49077807567426,9256900
2022-01-18,117.84112548828125,119.10733393400294,116.89147270560743,118.6138864123916,5850100
2022-01-19,117.35698699951172,118.78146968498602,117.15215812388423,118.00870878265856,3996400
2022-01-20,116.1093978881836,119.08871476314532,116.01629578967365,117.53388059476661,8652600
2022-01-21,117.15216064453125,118.32525987943598,116.2490553661432,118.06457116056825,10132700
2022-01-24,115.28077697753906,115.91388119106543,112.35732704828824,115.45767593672923,10864500
2022-01-25,114.7686996459961,116.02560277923197,113.20456031217105,114.59180779795615,9126600
2022-01-26,111.78938293457031,113.28834999722487,110.79317567273475,110.97007461281014,14753100
2022-01-27,112.13388061523438,114.67560270745116,111.48215171995292,112.63664047048529,9179500
2022-01-28,116.70526123046875,116.87284785107362,111.36112115621214,112.44111829759417,8286500
2022-01-31,118.66975402832031,119.13527166083526,116.50044015602421,116.86354334112703,7210000
2022-02-01,118.42765808105469,118.85594046416685,117.53386526610427,118.58593944143695,5602000
2022-02-02,121.07178497314453,121.7235208373704,119.04213549519918,119.40523857641264,7450500
2022-02-03,121.13699340820312,121.90975434791271,119.41457256341468,119.75906525625442,5613300
2022-02-04,120.76457214355469,121.51870832070162,119.73112258800965,120.62490835112135,4149700
2022-02-07,119.21906280517578,120.98802404122405,118.87457721648727,120.91353951882085,4035200
2022-02-08,119.77767944335938,120.04768762196402,118.3904460105284,118.7349245075717,3890900
2022-02-09,121.49076080322266,121.77005993469034,120.4945465460996,120.58765572756649,3434200
2022-02-10,118.94904327392578,120.96007534398588,118.3997288855184,119.703186515528,5917700
2022-02-11,116.83561706542969,120.02906840825997,116.51906847499492,118.96768874126548,4803200
2022-02-14,114.3125,116.91008904403897,113.56767610662884,116.37939926750852,7433900
2022-02-15,115.42974090576172,116.77042669020727,114.89905115492745,115.62525743467597,5298000
2022-02-16,115.15043640136719,115.55078183047081,113.17663917595756,114.93629517514361,5078100
2022-02-17,112.26422119140625,114.68491118447005,112.16180675564435,114.5080122312023,3688300
2022-02-18,108.73560333251953,112.01284415546554,106.92008040599892,111.72422551259321,12376100
2022-02-22,109.40594482421875,111.10042854962276,108.09318182486277,108.50283957273011,8372800
2022-02-23,109.16387939453125,110.64422198273797,108.92180824875912,109.86215580856877,5184200
2022-02-24,110.53250122070312,110.71870542132994,106.53835931911382,107.0690491044587,6252600
2022-02-25,113.968017578125,114.45215273689145,110.32766668553083,110.53249555766708,5837700
2022-02-28,112.30146026611328,112.71111089431169,110.93283748449419,112.7018056573132,6828400
2022-03-01,110.02043151855469,112.80423197296824,109.28491283383651,112.01284634420236,6697700
2022-03-02,112.05940246582031,112.70181905681268,110.10422987529356,110.43940313118216,6419800
2022-03-03,112.62732696533203,113.65146424363273,112.18042695309525,112.46905268936192,5223100
2022-03-04,113.03697967529297,113.36284055341068,110.80249392026032,111.65904454366527,5911400
2022-03-07,110.66283416748047,112.55283431151507,109.17317940641138,112.22697344241156,6632000
2022-03-08,108.10250091552734,110.81180973593132,107.73008540359699,109.77836716759636,6694000
2022-03-09,110.22525024414062,110.9793864385272,108.40973455275277,109.76904501201345,5004700
2022-03-10,108.93109130859375,109.68522736000328,107.74868002408543,109.09867788704399,4377600
2022-03-11,106.15663146972656,109.9180145687768,106.02628710864559,109.34077728491387,8012400
2022-03-14,107.55316925048828,109.12662080776215,106.67800110602188,106.97593204731056,5527500
2022-03-15,109.37800598144531,109.66662458758447,108.2048997739614,109.39662355790453,5041200
2022-03-16,111.2400894165039,111.29594925576757,108.89387672214129,110.05767072836701,4441800
2022-03-17,112.8414535522461,112.87869580938455,110.54180277562917,110.79317913227092,3998900
2022-03-18,114.00525665283203,114.21008553200953,112.35732748503688,113.344222517545,7823800
2022-03-21,113.36284637451172,114.61043011572046,112.80422668287743,113.52112065154839,4135100
2022-03-22,113.48387908935547,114.0797410445266,112.89732947501867,113.48387908935547,4479600
2022-03-23,108.85663604736328,112.87870790734304,108.689049423896,112.75767588609695,5656000
2022-03-24,109.69456481933594,109.75042465720057,108.56801310191258,109.28490706636936,4505800
2022-03-25,110.74662017822266,111.08179337604864,109.62006858123188,110.46731391552365,2896300
2022-03-28,111.71489715576172,111.72420949545851,110.52317339099426,111.14696518923442,5350900
2022-03-29,111.901123046875,113.65146666705314,111.08180752417618,113.4280202077875,5126100
2022-03-30,112.07801055908203,112.41318378660188,111.23077225296518,111.60318773945775,4064800
2022-03-31,110.19731903076172,112.18042130905808,109.95524790701113,111.91973260805023,5432600
2022-04-01,110.40214538574219,110.76524851149236,109.17317932091831,110.64420940075284,4314000
2022-04-04,110.68145751953125,110.77456671833417,109.46180373014647,109.74111712008606,4037200
2022-04-05,111.2400894165039,112.83215876463252,109.99249854814776,110.10422532991001,6113400
2022-04-06,111.66835021972656,111.90110899066764,109.63869345299099,110.79317496795323,5485100
2022-04-07,114.86180877685547,115.64387489169735,111.0631836678777,111.35180229075013,5863500
2022-04-08,114.7500991821289,115.78354891949252,113.68871952265852,114.90837347622428,5093900
2022-04-11,111.761474609375,114.98285578963565,111.51940345038564,114.9642382096682,4071100
2022-04-12,110.22525024414062,112.2921494024803,109.60145840179038,111.52870086773842,4432300
2022-04-13,111.6834487915039,111.99190953377979,109.59896219356708,109.88873115479876,4407900
2022-04-14,110.01024627685547,112.40319347752579,109.8887247467449,112.21624715180288,3140000
2022-04-18,108.70162200927734,110.6085048596723,108.00056245243566,109.38398265093714,4115900
2022-04-19,112.15083312988281,112.38451964011786,109.0381271019809,109.06616834216169,5120900
2022-04-20,114.63725280761719,115.95524813603646,109.83265877308834,111.68345905454926,8334200
2022-04-21,115.31961822509766,116.23566532444137,114.64659995449226,115.14201420048065,7321100
2022-04-22,111.83300018310547,115.14200156269438,111.75821879868028,114.99243879384399,6710100
2022-04-25,112.17887878417969,112.45929832856814,110.1504743755488,111.38434604442581,4503500
2022-04-26,109.3372573852539,111.83302787315282,109.3372573852539,110.87024048781296,3366300
2022-04-27,109.10355377197266,110.84218189470265,108.55204992604094,109.63635870432243,4178700
2022-04-28,110.30937957763672,110.99174017709,109.20637899116863,109.87939726515542,4960000
2022-04-29,106.09368133544922,110.08504400640011,105.74782271439975,109.42137513753224,6815900
2022-05-02,105.46739959716797,106.57974255843924,103.0837942930004,106.09367774541558,4905000
2022-05-03,105.09349822998047,106.8788594693164,104.52330257143507,105.67304334581821,4491500
2022-05-04,108.15010833740234,108.7390028760923,103.87831944255706,105.15892401795446,5347400
2022-05-05,105.63565063476562,107.49579323389308,104.39243670579384,107.36492936047986,5703300
2022-05-06,104.94393920898438,106.25258514661117,103.72877358454615,105.20567410174704,4966800
2022-05-09,100.38238525390625,103.94376568892716,99.96175235253496,103.46705030245221,6478200
2022-05-10,99.78414916992188,102.47621545136472,99.27938540498627,101.80320422966425,6248300
2022-05-11,98.93351745605469,100.97126410863181,98.76527001512964,99.70001605518252,6636100
2022-05-12,100.9245376586914,100.97127068480994,97.8024819731737,98.61571364834151,8516100
2022-05-13,102.70988464355469,103.29877916900058,101.28907390665704,101.28907390665704,6159300
2022-05-16,102.55097961425781,103.30812156861138,100.77496084319355,102.2612106453661,7459000
2022-05-17,107.0658187866211,107.89774224227548,104.30831352204642,104.30831352204642,9172000
2022-05-18,105.38324737548828,107.21534842470331,104.90653211655263,106.01887485228085,6933900
2022-05-19,105.10284423828125,105.63564918171939,103.30812646900097,104.71959494888121,6304800
2022-05-20,105.85063934326172,106.29932057936927,103.58855564293748,106.00020213247967,4509600
2022-05-23,107.52384948730469,107.8323174312272,105.57023343888989,106.42084873484767,4357000
2022-05-24,106.34605407714844,107.64535763675498,104.53265160483538,107.64535763675498,5272600
2022-05-25,105.80390167236328,107.43970716695618,105.01871132655478,105.81324399761927,3921700
2022-05-26,107.374267578125,107.9725044029778,105.82258591072552,106.35539080572084,4027800
2022-05-27,109.07551574707031,109.29050333877547,107.94447391459961,108.50532010230174,3884800
2022-05-31,109.7952651977539,110.38415261518985,106.93494469657068,108.01924635699105,10563500
2022-06-01,107.57056427001953,110.30002069774883,107.05645115143723,110.15980738072224,4890200
2022-06-02,109.84200286865234,109.93547604099163,105.84129118754508,107.76686563760892,3856600
2022-06-03,108.96334075927734,109.8793949756825,108.73900371647147,109.15963656317574,3778200
2022-06-06,108.8231201171875,110.51501511017095,108.46791922899563,109.72047535962922,4205600
2022-06-07,109.25312042236328,109.58028725907225,107.7014456215022,108.52401961327402,3285600
2022-06-08,107.20601654052734,108.57074478769165,106.87884974896718,108.18749552057065,3683400
2022-06-09,105.35523223876953,107.90709223361166,105.32719099677348,107.15929249983206,3424700
2022-06-10,102.4761962890625,104.2054820078389,101.98078207487947,103.57919679917678,4805600
2022-06-13,98.99895477294922,101.04604371498188,98.46614269326491,100.6534520966793,5215300
2022-06-14,96.22274780273438,98.52222192247616,95.29734420226069,98.24179529235467,5890100
2022-06-15,97.96138763427734,99.15786142186089,95.96103168349619,97.51270639816036,5278100
2022-06-16,95.40951538085938,96.04514288913444,94.63367455884584,95.71798324477493,4793600
2022-06-17,95.83950805664062,96.92381686034767,94.63368483798551,94.63368483798551,10249200
2022-06-21,97.59683227539062,98.10158883441818,96.58730489424362,98.0174651184289,5338300
2022-06-22,98.55960845947266,99.62521819852995,96.54990337912946,96.79293930621739,5511600
2022-06-23,99.27936553955078,99.81217044066823,98.2137557373159,99.0363295980538,5064800
2022-06-24,102.3079605102539,102.48556455606703,99.48503035114165,100.01783535703406,14301600
2022-06-27,101.96210479736328,102.91554266743569,101.2330039911526,102.72859630280868,3804100
2022-06-28,99.98979187011719,102.75663948173407,99.9243599281094,102.1210118458527,4185500
2022-06-29,101.98078918457031,102.51359412981444,99.7747880105482,100.4478062848663,4552100
2022-06-30,101.56015014648438,101.96209119520387,100.35432700032588,101.02734523367441,6070900
2022-07-01,103.02771759033203,103.26140411829721,100.62542036811195,101.14887590865894,3291700
2022-07-05,102.16773223876953,102.34532911469256,100.20476009518993,101.6442696724271,4752300
2022-07-06,101.59754943847656,102.35469144929432,101.07408680627067,101.72841331364145,3975300
2022-07-07,102.34534454345703,102.4668660959584,101.13952126519474,101.40125615359574,4149000
2022-07-08,102.1303482055664,102.74727684658377,101.46667941273209,101.63493397510881,3115500
2022-07-11,101.78450775146484,102.26123028502515,101.02736565169924,101.51343051205005,4041100
2022-07-12,101.23298645019531,103.16791022815589,100.67213319040174,101.41993278242954,5756300
2022-07-13,99.27936553955078,99.98977445155589,98.78395133185946,99.86825291503462,5087700
2022-07-14,99.25119018554688,99.44835846908012,97.4203367218498,98.23717573030984,4993600
2022-07-15,102.17118072509766,102.32140828550843,100.70649782731435,100.84733437438837,4617900
2022-07-18,100.48115539550781,102.30262514786399,100.18070744119338,101.92706341415987,4499900
2022-07-19,103.21336364746094,103.27908641592312,101.36372795371119,101.80501246906199,5788400
2022-07-20,101.61723327636719,102.17118129115114,100.34971150892304,100.45299116646655,7300200
2022-07-21,103.92693328857422,103.95509916684651,101.78624058094285,101.98340889209365,5698000
2022-07-22,102.5279541015625,105.1568789403693,101.7111150728411,105.1568789403693,4733900
2022-07-25,101.87074279785156,102.65003222691256,100.90367606303263,102.42469086410898,3905600
2022-07-26,102.4246826171875,103.16641509272587,101.68295730489359,102.06790289967623,4824000
2022-07-27,103.26969909667969,103.87998606180025,101.98340955887002,102.69696902391598,3303500
2022-07-28,103.61710357666016,104.54661345907726,101.90830423047383,103.37298733770629,4736100
2022-07-29,102.18994903564453,103.15702277647596,101.92705798502779,103.11946588878158,4922900
2022-08-01,102.82841491699219,103.18520181397938,101.504568482301,101.75806855252023,3871900
2022-08-02,102.00218963623047,104.1241076017421,101.90830098216256,102.92231563788441,3093800
2022-08-03,102.91292572021484,103.25093060905746,101.65479481991278,102.44347528162733,3866200
2022-08-04,103.01620483398438,103.86121705153205,102.88475928494864,103.66404872797845,2794000
2022-08-05,102.57490539550781,102.64062816049004,101.76745018958661,102.10545502756499,2789600
2022-08-08,102.34017944335938,103.26030530944817,101.95522670617858,103.08191187873082,2283800
2022-08-09,101.31678009033203,102.152401157716,100.97877525821671,101.48577534314568,3943500
2022-08-10,103.53257751464844,103.63585716518426,102.52795404754502,103.05374331297571,3960900
2022-08-11,103.7391357421875,105.27893230829488,103.64524710537488,104.06774955265362,3281400
2022-08-12,104.66866302490234,104.71560376636765,103.69220534554266,104.08654195742507,2813300
2022-08-15,105.06301879882812,105.44796446732843,104.2367813700055,104.50906350784516,2949500
2022-08-16,105.18505096435547,105.6545013442112,104.62171194117745,104.64987781784971,2897400
2022-08-17,103.79549407958984,105.27895201063507,103.62649163640177,104.80950157547318,3053500
2022-08-18,103.24154663085938,104.15228168990825,102.14303424887586,104.15228168990825,4143600
2022-08-19,103.33541870117188,104.0302104436173,102.71574790438312,103.72976247721331,5092700
2022-08-22,100.8848876953125,102.63124374945848,100.35910554163227,102.31202091707966,3496800
2022-08-23,99.53288269042969,100.3403380072763,99.07281610910758,100.29339009873482,4203000
2022-08-24,98.9977035522461,99.68309713111553,98.69725558002017,99.42959706461806,4278200
2022-08-25,99.42019653320312,99.48591929698443,98.16207300846277,98.80990963338017,5249200
2022-08-26,95.67400360107422,99.80516901351791,95.42049634544212,99.46716411483872,5440700
2022-08-29,95.6176528930664,96.3406105118596,95.02614797489025,95.29843006323168,4229900
2022-08-30,95.95565795898438,96.44389038164033,95.61765310122088,96.17160829270615,4629700
2022-08-31,96.37816619873047,97.69262871927526,96.33121829457926,96.67861416086261,7600700
2022-09-01,98.43436431884766,98.4907032423671,95.79605515174096,96.1058941597397,4397900
2022-09-02,96.23733520507812,99.19487425622462,95.74910992464596,99.00708979202389,4103200
2022-09-06,96.43449401855469,97.5799540659622,95.99320952521795,96.23732572300418,4670400
2022-09-07,98.30292510986328,98.55643237393886,96.46268013534277,96.59412569329096,5100800
2022-09-08,100.45299530029297,100.99755948734234,97.26073112495402,97.29828801681032,8700700
2022-09-09,101.85196685791016,102.40591491832275,100.49055633417207,100.58444498606039,5781200
2022-09-12,102.61246490478516,102.96924461476434,101.88012345821276,102.1336235115477,4358100
2022-09-13,99.37326049804688,101.00695310124969,99.12915143956405,100.6689482290867,5300800
2022-09-14,99.31693267822266,100.26522456068102,98.59398216163737,99.45776924108205,3264200
2022-09-15,98.64092254638672,100.53750630436808,98.45314523875763,99.5798234110224,4237000
2022-09-16,97.64569091796875,98.58459179217999,97.09174284054181,98.38742346818506,8898200
2022-09-19,97.73017120361328,97.74895322917955,96.0025973402005,96.94149804768412,3816000
2022-09-20,96.0589370727539,96.73494678443646,95.0449296684746,96.50961260162379,4617100
2022-09-21,94.50038146972656,97.5705844055412,94.47221558751887,96.5847427120437,4720500
2022-09-22,94.89469909667969,95.60826567675475,93.74923902855095,93.93702347764665,5567500
2022-09-23,94.52852630615234,94.7256946009544,92.77277935256627,94.25624423335596,6214600
2022-09-26,93.73985290527344,94.50036742810614,93.19529588259954,94.05908290376678,6037800
2022-09-27,92.3221206665039,94.57548409929099,91.9277840356585,94.12480854743562,6377800
2022-09-28,92.68830108642578,93.20469230070661,91.60856358275404,92.07801404841605,7206900
2022-09-29,92.28456115722656,93.12018230219422,91.58977656592367,92.81034331678069,6698800
2022-09-30,90.84803771972656,93.42062374477894,90.76353292813576,92.67889129967833,6728400
2022-10-03,93.43940734863281,94.068476348118,91.44894217566402,91.82450393990648,4817600
2022-10-04,96.78189849853516,96.90395302668705,94.39708954989295,94.58486684908738,5710800
2022-10-05,97.0635757446289,97.6081400042177,95.69278124387634,95.92750647681162,3803400
2022-10-06,96.19039154052734,96.903958209471,95.65521832963088,96.57534433668286,6348100
2022-10-07,95.57071685791016,98.66908531558222,94.86654123163311,96.23733559119637,8485900
2022-10-10,94.95103454589844,96.06832878096625,94.19052719637877,95.88055148780533,4044600
2022-10-11,95.53315734863281,96.47205815795598,93.9745785667989,94.68814518759302,5304800
2022-10-12,93.96520233154297,95.68339267103185,93.94642030241731,95.06371464830002,4106200
2022-10-13,96.66312408447266,97.23855654263197,92.14456794758829,92.38040068627508,6250900
2022-10-14,95.19153594970703,98.03095711616847,95.07833363724278,97.33289418191674,6087200
2022-10-17,97.65361022949219,98.05924279867573,96.09712002399218,96.33295274567926,7315800
2022-10-18,99.03089141845703,100.62511591240238,98.72902578672972,99.8138506776894,8943900
2022-10-19,92.55018615722656,95.43677612692053,90.86162314710481,95.27641161683596,18525200
2022-10-20,89.81452941894531,92.20115531935573,89.62586612764898,91.05029053013571,12651200
2022-10-21,89.67305755615234,90.10698902508877,87.96563046361294,89.00329329776923,9859000
2022-10-24,92.7199935913086,92.90865688957464,90.4654333509248,90.60693442314609,8118000
2022-10-25,92.39926147460938,93.29543017400724,92.12570183901872,92.51246377685104,7114400
2022-10-26,92.84263610839844,93.88029877810618,92.33323650027768,92.53133514837279,8290100
2022-10-27,91.43707275390625,93.078466654249,91.28613634157648,93.078466654249,6610000
2022-10-28,93.85199737548828,94.35196164437582,91.69176856325906,91.80497087202471,5768100
2022-10-31,93.33316802978516,93.86143106741196,92.58793570339357,93.51239601924047,5885600
2022-11-01,93.68218994140625,94.63495617132929,93.05015996188182,93.97462741616104,5249400
2022-11-02,92.48416900634766,95.49339709862272,92.46529835663479,93.13506967760317,5196700
2022-11-03,90.9842758178711,91.51254609361519,89.9466131145495,91.3238755676192,4873400
2022-11-04,92.512451171875,92.66338755429854,90.70125776504952,92.28605379528253,4902800
2022-11-07,93.86143493652344,94.37083454253784,92.56906886957702,93.18223546183756,4903700
2022-11-08,93.99349212646484,94.57835988676412,93.34259148976435,94.23876018040245,5708200
2022-11-09,93.82369995117188,95.53112675001613,93.62560130575716,94.24820321738427,5339600
2022-11-10,98.3233871459961,98.52148577995854,96.35182173686599,97.19138569858279,5907400
2022-11-11,98.19131469726562,99.90818392784546,98.04038548839506,98.71014959629183,7106900
2022-11-14,96.22919464111328,98.39885156236981,96.21032399129477,97.79512031497285,5661600
2022-11-15,97.29515075683594,98.55921793526615,96.57821724066721,97.58758103971469,5262900
2022-11-16,97.7385025024414,99.33273382061026,97.4083381694888,98.33279830175609,3292800
2022-11-17,96.7480239868164,97.24798825975921,95.79526486922683,96.8517909714322,3332900
2022-11-18,97.98380279541016,98.28566845597769,97.1065045948475,97.65363115665767,3931800
2022-11-21,97.99321746826172,98.95541907716225,97.79511883043963,97.8517235819917,4148800
2022-11-22,98.9271240234375,99.04975446183525,97.04046203368826,98.08756001376264,4511700
2022-11-23,100.0119400024414,100.43644323055362,98.48374853295978,99.02144686426696,4617500
2022-11-25,100.89868927001953,101.26658780749575,100.47419317202231,100.62512239909327,2558100
2022-11-28,99.41764831542969,101.64390993477625,99.17238025308296,100.67228020711238,4149700
2022-11-29,99.04975128173828,99.40821445734584,98.55922234685193,99.04975128173828,4832300
2022-11-30,101.48355102539062,101.59674613963703,97.57816124891274,99.17238574991966,12737300
2022-12-01,101.81371307373047,102.49291253162103,101.26657937742482,102.10614337480504,5076200
2022-12-02,101.96463012695312,102.01179954919796,100.18173536115772,100.70057021767738,4944100
2022-12-05,99.43651580810547,100.99300606966517,99.10634422821703,100.83264154043259,4687100
2022-12-06,97.9743423461914,99.43650803787374,97.28570766117531,99.04030361237682,4175700
2022-12-07,98.87049865722656,99.51196388789036,98.12526646299635,98.12526646299635,3592400
2022-12-08,100.8609390258789,101.02130355305943,98.32338377559228,98.72901635419477,4607700
2022-12-09,101.41751861572266,102.33255084438244,100.41758285393797,100.68172158151421,5346400
2022-12-12,103.2853012084961,103.37963286181147,101.62504395842265,101.62504395842265,4752500
2022-12-13,105.20970916748047,106.3134047509872,104.76634242956462,105.95494154867282,6246000
2022-12-14,104.95499420166016,106.51149157049275,104.26635950254929,105.05876117271856,5614900
2022-12-15,102.37026977539062,103.7664027241973,102.26650999394678,103.62490164471008,4947800
2022-12-16,100.85152435302734,101.73825063146744,99.78555567793325,101.59674953688344,7976100
2022-12-19,100.54964447021484,101.10621348405061,99.83271811608094,100.69114555488794,4352000
2022-12-20,100.45531463623047,100.92698012900634,99.6346212849088,100.5685169454326,3673000
2022-12-21,102.01181030273438,102.24764304473202,100.99301113001398,101.02130990752664,3228600
2022-12-22,101.90804290771484,102.03068053916512,100.20061616562198,101.60617728706234,3311100
2022-12-23,102.04955291748047,102.25708689927673,101.03075365977776,101.56845206850228,2618400
2022-12-27,102.41744232177734,102.87024435052552,101.2948761732273,102.20990835847793,2927400
2022-12-28,101.71937561035156,103.86073364846122,101.6344720844382,102.84193451976381,3265200
2022-12-29,104.05883026123047,104.48333348847606,102.31366951911508,102.5872363463506,3047800
2022-12-30,103.56829833984375,103.8795992580181,102.50233703472233,103.57773366383059,3471000
2023-01-03,103.37019348144531,105.02102242440726,102.58722716977874,104.24749143615824,4171900
2023-01-04,104.90782928466797,105.59646401335144,104.09656412903263,104.71916598211989,4395500
2023-01-05,104.52107238769531,105.37949981177645,104.1060044656529,104.80406735514276,4896900
2023-01-06,105.96435546875,106.35111737245506,103.96449148787504,105.65305456283699,3800400
2023-01-09,105.79456329345703,107.22842311399056,105.67192566870415,107.08692203768385,7277700
2023-01-10,107.39820861816406,107.61517786578726,105.9549136661504,106.12471349562512,5591700
2023-01-11,106.73789978027344,109.13396128718692,105.78513349356533,108.36043018629707,5350300
2023-01-12,105.52497100830078,106.50100001986837,105.07959686213762,106.12195773188077,4697700
2023-01-13,107.56231689453125,107.92240309153563,105.36388030151274,105.43968297534555,5348700
2023-01-17,107.44859313964844,108.29195836433863,107.13588273598677,107.552829940869,5711000
2023-01-18,105.66710662841797,107.62864258289282,105.36387426157842,107.27802722169744,4288500
2023-01-19,105.9419174194336,106.43466732922224,104.79531251909087,105.24068666177055,6157700
2023-01-20,106.90846252441406,107.1169361312434,105.7997698658724,106.3209466533159,5078300
2023-01-23,108.03611755371094,108.68995808721847,106.52942645379122,106.53890449909721,6115300
2023-01-24,106.63365173339844,107.70444661865562,106.3967512337758,106.9463621280114,4662000
2023-01-25,105.18383026123047,106.35885480922167,103.84770786606808,104.23622818680496,6070800
2023-01-26,105.25015258789062,105.77133657348861,104.34045554636185,105.4207212350291,4159500
2023-01-27,104.18885040283203,105.43021409857178,104.05618668414694,104.85217622588796,4860600
2023-01-30,104.05618286132812,104.87112123452904,103.87614338094433,104.05618286132812,4434800
2023-01-31,104.7574234008789,104.86166021856184,103.16545145673967,104.0372437231507,5698300
2023-02-01,105.96085357666016,106.21670293133936,103.92350786484653,104.97534664560544,4532300
2023-02-02,106.36833190917969,106.48204675976721,105.07959252104105,105.44915674841302,5051800
2023-02-03,105.93243408203125,106.4441400568041,104.86164636774339,105.95138294200214,3754500
2023-02-06,104.94692993164062,105.83767819668653,104.67212446200668,105.72396334488383,4145600
2023-02-07,106.12195587158203,106.51995424328884,104.12251488638687,104.27413469077617,3401600
2023-02-08,104.42574310302734,106.00824402233235,103.9993250720327,105.56286990172956,4222300
2023-02-09,102.40736389160156,105.43968787472402,101.8767090019628,104.89008412315414,3912700
2023-02-10,102.49263763427734,103.19386110259754,102.15150032976922,102.58739639005634,4186300
2023-02-13,102.83378601074219,103.42130196854113,102.12308437146984,102.64426846545527,3711000
2023-02-14,101.6397933959961,102.66319807005337,100.78695014292371,102.52106355256596,4244000
2023-02-15,101.65874481201172,101.68717171622419,100.71114278023737,101.16599493652615,4060300
2023-02-16,100.5216293334961,101.76298573187236,100.13310901452425,100.22786777561029,3299000
2023-02-17,101.14703369140625,101.3555072845106,99.9625312120674,100.00991420309272,3564100
2023-02-21,98.21895599365234,100.57848312346918,97.93467248082283,100.30367765563533,5204300
2023-02-22,97.30925750732422,98.40847213359059,95.23400668985477,97.83043430068476,8900900
2023-02-23,97.17659759521484,98.34214412180607,96.33323231024062,97.83043812368179,4611100
2023-02-24,95.19610595703125,96.46589652855273,94.65597305001882,96.1342300103412,5476800
2023-02-27,94.5422592163086,96.00156733145282,94.4380296355979,95.97314042492896,4489800
2023-02-28,96.39008331298828,97.05340186735505,94.46645227569466,94.60858680189466,7877000
2023-03-01,95.54671478271484,96.0489427037806,95.12976757445057,95.42352189138415,3963500
2023-03-02,97.25240325927734,97.58406978595823,95.01606167112236,95.01606167112236,5209900
2023-03-03,98.97703552246094,99.03389656407487,97.375592904668,97.50825661905013,4982400
2023-03-06,97.36610412597656,99.11916635531158,97.25238928491467,99.03388564673722,5005100
2023-03-07,94.74125671386719,97.6977705008111,94.5896369147265,97.47034803173001,6349000
2023-03-08,94.19164276123047,95.01605189628269,94.05897905605816,94.68439263335193,6252600
2023-03-09,92.7228775024414,94.73179684880353,92.3912181652105,94.65598693468465,5146000
2023-03-10,91.8794937133789,93.24404297608227,91.50045144822465,92.63757824368741,7042400
2023-03-13,93.04505157470703,94.00212448072716,91.33936492004605,91.5383604914848,6553000
2023-03-14,93.38619232177734,94.28641144878289,92.23958738831533,94.07793782451706,5093900
2023-03-15,92.67549133300781,92.80815505301939,91.63312320487323,92.39120780176556,5712100
2023-03-16,93.84102630615234,94.07792680969393,91.91739537413541,91.97424918150391,5289100
2023-03-17,91.9268798828125,94.00212352361845,91.45307884241194,93.82208404441474,10848100
2023-03-20,92.7418212890625,93.0545244914527,92.08797351840686,92.16378342246584,6075700
2023-03-21,93.17771911621094,93.25352902167198,92.19221203410892,93.02609930528885,4475000
2023-03-22,91.78473663330078,94.10635880168603,91.76578054339991,93.44304024775596,3606700
2023-03-23,91.955322265625,92.68497280961311,91.38676236737525,91.82265853035445,4525000
2023-03-24,92.91238403320312,92.94081093800483,91.7373522841136,91.95530393697646,5269100
2023-03-27,93.30089569091797,94.26745381720356,93.12084899041521,93.81260165842862,4627700
2023-03-28,92.02164459228516,93.09243241012811,91.54784352126305,92.95976868861237,4815400
2023-03-29,93.4525375366211,93.56624518092111,92.1543198370209,92.87449957932427,6780200
2023-03-30,93.88842010498047,94.26746240019953,93.3482871839232,94.17269640417193,5199300
2023-03-31,95.95418548583984,96.09632723908591,94.50435550791579,94.68439498103957,6442400
2023-04-03,96.26689910888672,96.33323819994283,94.79812011171464,95.51829977121275,5432400
2023-04-04,97.41349029541016,97.92518902281,96.4943151816514,96.56064703369431,7979000
2023-04-05,98.7496109008789,98.82542080163137,97.12921222785278,97.25239789435298,7298300
2023-04-06,99.431884765625,100.01940064738636,98.7211832183332,99.01493754439888,5065000
2023-04-10,98.26632690429688,99.41293171432993,97.65986218787907,98.94860151767435,4900200
2023-04-11,97.87781524658203,99.2139303590346,97.69776854611226,98.74012934064451,4658000
2023-04-12,97.1860580444336,98.39898743818168,96.94915754629126,97.97256943337725,4560700
2023-04-13,98.67169952392578,98.76693183097339,96.94797078935845,97.85268860494965,4778700
2023-04-14,99.0050277709961,99.37643889780307,98.52885891449895,98.67171102460013,5043700
2023-04-17,99.5383529663086,99.85262621347702,99.04314046093896,99.04314046093896,4806400
2023-04-18,99.18598175048828,100.66210095762689,98.97646627528857,100.41449836490058,6552100
2023-04-19,106.9380111694336,107.32846588462115,102.99533330531351,103.32865007822014,12425400
2023-04-20,105.09046936035156,106.93800692217059,104.7571526006833,106.89991254024272,7413200
2023-04-21,106.33802032470703,106.77609475055087,105.59519089052732,105.59519089052732,6301100
2023-04-24,105.13809967041016,106.42375430958852,104.89048979599262,106.42375430958852,5341900
2023-04-25,104.72859954833984,105.2619064448662,104.44289527333699,105.1285797207346,5636700
2023-04-26,103.56673431396484,104.20479888733499,103.1096089793685,104.10956656180761,4240000
2023-04-27,104.2809829711914,104.31907735284382,102.53820315583559,103.52863528151714,4257200
2023-04-28,105.20475006103516,105.5666357822985,104.15718001252735,104.22384336291165,4835900
2023-05-01,105.81424713134766,106.25232162092738,104.69048830476996,105.19522614568224,3722900
2023-05-02,106.18565368652344,106.6046846001054,105.1666526368437,105.76662277294147,4998000
2023-05-03,106.43327331542969,107.56655034343476,106.11900010132916,106.48088584541537,5602000
2023-05-04,105.576171875,106.17614208915695,105.29046762115706,106.1380477042605,4070700
2023-05-05,105.95709991455078,106.42374337682372,105.75710985929096,106.06185764812885,4025000
2023-05-08,105.6142578125,106.26184777242128,105.0333312043753,105.19522687791552,2445500
2023-05-09,104.9952392578125,105.73806155670661,104.08099586949969,104.88095610961318,3274300
2023-05-10,105.41426849365234,105.68092190270181,104.4047855319873,105.61425855043944,3129100
2023-05-11,104.80477142333984,105.20475153123527,104.05242373519728,104.81428956941329,3879400
2023-05-12,105.22378540039062,105.2809306003713,104.26192960079226,104.52858298150308,3325000
2023-05-15,104.60477447509766,105.69044618943548,104.31907751091224,105.36664757777955,3020000
2023-05-16,104.17622375488281,105.1952248358556,104.05242246559537,104.3190758676054,3393800
2023-05-17,103.6333999633789,104.73811530809034,102.82391427982913,104.538117974565,3801000
2023-05-18,103.30007934570312,103.65243967144171,102.72867813535466,103.54768920096635,3481600
2023-05-19,103.73815155029297,104.73810909556387,103.23341370457429,103.78577134416699,4487700
2023-05-22,103.09056854248047,104.1095697145794,102.91914744503575,103.50007409383392,2809500
2023-05-23,100.70018768310547,102.35726053416604,100.49067222383849,102.18583945528944,4337800
2023-05-24,99.08122253417969,100.6144869262468,99.03360273934109,100.6144869262468,4507600
2023-05-25,97.27178192138672,98.59553087682724,96.50990877813196,98.34792101540533,6734500
2023-05-26,97.96697235107422,98.5193226417396,97.16700498215576,97.28128811078965,4911800
2023-05-30,96.8622817993164,97.63367313235638,96.72895508164927,97.37654510993012,5168700
2023-05-31,97.1384506225586,97.39557861844843,95.59566084993833,96.66228174695782,7063400
2023-06-01,97.91937255859375,97.99556132657337,96.10041113408545,97.05274893654824,4603900
2023-06-02,99.23359680175781,99.5193010507917,97.94794221262703,98.38601673292102,6024300
2023-06-05,98.81456756591797,100.00498976054385,98.41458018654572,99.1002645331719,3565900
2023-06-06,97.72888946533203,99.08120714589701,97.34795296306824,98.91931149380673,4044300
2023-06-07,96.81466674804688,97.6051016205816,96.42420475234863,97.53843826348202,6231200
2023-06-08,95.97659301757812,96.54799418903475,95.7766029708563,96.42419290270985,5159000
2023-06-09,96.84323120117188,97.1194100293428,95.7480413007039,96.15754683685243,4276000
2023-06-12,96.56706237792969,97.05275673060359,95.9861356905138,96.98608610394666,3629100
2023-06-13,97.005126953125,97.20511701524208,96.12897793839474,96.65275935848405,4642200
2023-06-14,98.32887268066406,99.18597810875656,97.91936715756212,98.38601062061676,5020600
2023-06-15,100.01451873779297,100.30022300174761,98.19555720561623,98.33840933759355,6378600
2023-06-16,101.13825988769531,101.49062744907305,100.34782512606631,100.41448847381237,10020900
2023-06-20,101.61443328857422,102.53820205286748,99.90022972721708,100.18592668789645,6573100
2023-06-21,101.18587493896484,101.67156917308458,100.57637942647561,101.53824248383754,4428600
2023-06-22,103.09056854248047,103.19532628346118,101.36683942122475,101.60492387513348,5480300
2023-06-23,102.90009307861328,103.32864214433643,102.25250314136399,103.04293792334755,5647000
2023-06-26,103.33816528320312,104.00479876316908,101.70966869720628,102.94770334082305,6134700
2023-06-27,102.65248107910156,103.74767088217742,101.68109256077828,103.70005109109411,4849700
2023-06-28,102.4810562133789,102.99531942186837,102.24297179828709,102.81437294135549,3900000
2023-06-29,102.52867889404297,102.71914352518368,101.8715635648156,101.92870150100582,3417400
2023-06-30,103.82386779785156,104.12861561507593,102.56678214358091,102.85248640099923,4449200
2023-07-03,102.1096420288086,103.30958947910935,101.92869555375067,103.090548626894,2268000
2023-07-05,102.25250244140625,102.69057691569961,101.37634622705943,101.63348147734125,4968600
2023-07-06,102.0905990600586,102.32868348628611,101.0811234178971,101.66204999915307,5325000
2023-07-07,101.2811279296875,102.78582346213858,101.01447449674905,101.23351539709769,5053700
2023-07-10,101.91918182373047,102.61439157145072,101.22397934177057,101.50015815849449,5259500
2023-07-11,102.37631225585938,102.5477333484066,101.68110247337324,101.9191869204799,3899700
2023-07-12,101.75729370117188,103.05247370601609,101.5763544577122,102.90962158114516,4845300
2023-07-13,103.09696960449219,103.14481778724159,101.86256095575568,102.09222347222365,4936800
2023-07-14,103.27877807617188,103.79550775798403,102.56109917931178,103.34576114785453,4016000
2023-07-17,102.38884735107422,103.06824910695715,102.11134399152655,102.90557698947954,4580800
2023-07-18,102.34099578857422,102.57065826511477,101.39366179981528,102.20702966089543,3913900
2023-07-19,102.65677642822266,103.4318672114639,102.44625614126666,102.45582723629369,6225900
2023-07-20,107.01069641113281,107.7188041232686,103.13522793273148,103.44143726505557,8768600
2023-07-21,109.36467742919922,109.84312994714972,107.48914443490597,107.98673184130783,7062700
2023-07-24,109.68045806884766,110.83831228859731,108.30251247812129,108.93406600680017,5665900
2023-07-25,108.06329345703125,108.60872907312753,107.66139506635115,108.23553666740938,4732500
2023-07-26,109.16374206542969,109.37426236807205,107.53699891812491,107.65183016518628,3682500
2023-07-27,107.79536437988281,109.65175536810524,107.66139824569996,109.52736032939453,4762900
2023-07-28,107.87191772460938,108.62786634722131,107.4795831199007,108.30252210970293,3409200
2023-07-31,106.53223419189453,108.02500363874219,105.92937937635551,107.98672656310434,3930800
2023-08-01,105.76671600341797,106.45568882051063,105.54663192610609,105.93895920769113,3733700
2023-08-02,103.93903350830078,105.45093800210216,103.40316169346632,105.27869479387081,4699400
2023-08-03,102.90556335449219,103.64237698347901,102.52279989891477,103.06823545041573,4947700
2023-08-04,103.01083374023438,104.09213385680499,102.65677623097898,102.6950533104071,3231100
2023-08-07,103.7763442993164,103.91031041522864,102.9916824915708,103.33616887551821,3632500
2023-08-08,101.03003692626953,102.96298191490953,99.20234477656679,102.96298191490953,7544300
2023-08-09,100.76211547851562,102.29316226239459,100.6472842319971,100.9534935887729,5135200
2023-08-10,100.22622680664062,102.38883413248706,100.1114028800012,100.93434175707712,4708200
2023-08-11,100.77166748046875,100.86736382500514,99.22148598722191,99.72864449059803,3478600
2023-08-14,101.52762603759766,101.6424572737304,100.60899805035457,100.60899805035457,3076100
2023-08-15,100.4176025390625,101.5754565919538,100.04441021212254,101.5754565919538,3150600
2023-08-16,100.02528381347656,100.83865164670975,99.93916586317705,99.95830075193045,4086400
2023-08-17,100.40804290771484,101.34581302900054,99.97743857381575,100.66640404793313,4175200
2023-08-18,99.2406234741211,100.53244385251841,98.82915400390203,100.05399131973375,4809700
2023-08-21,99.39374542236328,99.9104751047213,98.90572172781283,99.30762015833331,2954700
2023-08-22,100.61857604980469,100.98219737160127,99.250201419566,99.40330244430942,4840100
2023-08-23,100.59942626953125,101.5371964400382,100.28365314838048,101.14486186138141,3403300
2023-08-24,99.27890014648438,101.28839931583414,99.16406891086778,100.3889135222927,3529500
2023-08-25,99.71908569335938,100.26452134169183,98.83873469966609,99.53727137704622,3000800
2023-08-28,98.36028289794922,100.68556274356003,97.49906678835131,100.54202550852587,5862500
2023-08-29,99.39374542236328,99.4607284941167,98.5421003812382,98.79089047597529,4515600
2023-08-30,99.91046142578125,100.55158606773016,99.59468100191759,99.59468100191759,3711300
2023-08-31,98.46553039550781,100.07313115994653,98.42725331771092,100.01571189294815,4042300
2023-09-01,98.41767883300781,99.31717187873538,98.14017550399386,98.94397950882838,2641100
2023-09-05,96.53257751464844,98.41768160583668,96.52301372071378,98.35069854526377,4284000
2023-09-06,97.18327331542969,97.661725834392,95.4704124214719,96.65697992493479,5094400
2023-09-07,96.33162689208984,97.87224456282968,96.17852588475859,97.59474123014796,3863200
2023-09-08,96.38905334472656,96.47517129890781,95.53740109438631,96.26465101010055,3521300
2023-09-11,98.03491973876953,98.68561546669547,96.21680597894093,96.45603224214007,4891100
2023-09-12,97.98707580566406,98.48466320530841,97.22154886709713,97.95836982307384,3531400
2023-09-13,98.26457977294922,98.9822585447631,97.66172493223773,97.67129602669826,3192500
2023-09-14,98.2262954711914,99.15449444923215,98.10189315417226,98.77173100562905,4086600
2023-09-15,97.35552215576172,98.4559644732638,97.106732087921,98.41768739345605,8303300
2023-09-18,96.64742279052734,97.67131103697696,96.40819649649139,97.67131103697696,3652600
2023-09-19,96.33162689208984,97.56603524756122,95.82446839810827,97.01102858219778,4090800
2023-09-20,95.95844268798828,96.98233085753174,95.94887159277576,96.82922983716414,3966000
2023-09-21,94.6666259765625,95.88189229446189,94.5900718130678,95.69051418633198,3943700
2023-09-22,93.92021942138672,94.66660409139267,93.79581710931562,94.63789811187016,4357800
2023-09-25,93.26953887939453,93.9776465911123,92.97290064217621,93.7479914171564,4096300
2023-09-26,92.08297729492188,93.32694949470415,91.89159190222797,92.86763915345128,3967700
2023-09-27,91.41313171386719,92.7623712420621,90.67631809038456,92.42744865805528,5391000
2023-09-28,93.89152526855469,94.04462627882792,91.97771518619967,92.13081619647292,6092800
2023-09-29,92.6762466430664,94.26471242770087,92.32219646983526,94.20729316399948,5150500
2023-10-02,91.60452270507812,91.75762371518572,90.45623227654386,91.63322868818541,4349200
2023-10-03,91.66194152832031,92.02556284255786,90.50408721920446,91.40357305981453,4597500
2023-10-04,91.52796936035156,92.18822887948521,90.74330751250974,91.75762452784996,4336100
2023-10-05,92.05426025390625,92.52314897141669,91.00166618916711,91.63322700837416,5708300
2023-10-06,92.70494842529297,93.30780321291276,91.33657406218576,91.68106042636697,4790500
2023-10-09,92.59014129638672,92.82936757597595,91.66194216348343,92.25522596508313,3958300
2023-10-10,93.35565185546875,94.24557382029174,92.42745281359245,92.64754418149748,4352200
2023-10-11,88.64769744873047,92.97291305594105,88.08312688308092,92.97291305594105,9269300
2023-10-12,86.78102111816406,89.56178496421782,86.28067184963749,88.76315535473681,7387000
2023-10-13,87.4353256225586,88.19546632029672,86.41538619291174,86.48274006025456,5623600
2023-10-16,88.69580078125,89.3500985833696,87.4353182243365,87.65662062358588,6452300
2023-10-17,88.65731048583984,89.49442904605466,87.81057518911997,88.47448971796047,8288600
2023-10-18,91.94804382324219,92.85251627912918,88.18583687734596,92.37141515851192,16482600
2023-10-19,91.83258056640625,92.8910015210753,90.21608057237745,92.8910015210753,8537800
2023-10-20,93.12193298339844,94.44015271437011,91.64976470909129,91.64976470909129,11517800
2023-10-23,92.15972900390625,94.44015094634968,92.04426943382133,93.21814999546741,6178800
2023-10-24,91.22640228271484,92.20785278884003,90.77416600450239,91.79410548547771,6677000
2023-10-25,90.03325653076172,91.06281255647659,89.28274001457964,90.98583462122204,8157700
2023-10-26,90.42777252197266,91.16866503947386,89.53292411765413,89.54254085481467,6838100
2023-10-27,89.34048461914062,91.71712554206957,88.8882483507587,91.16867050916453,5934100
2023-10-30,89.48479461669922,90.30266492725012,88.17619918341002,89.99476055124204,7168900
2023-10-31,90.97622680664062,91.31299613012958,89.60027727836805,90.35079386814934,7452300
2023-11-01,91.41883850097656,92.3617926019467,90.98584308067667,91.26488261615332,6985000
2023-11-02,92.33292388916016,92.53498547386629,90.87037974894518,91.38996982719823,4683100
2023-11-03,92.21744537353516,93.49717592328996,92.04425604360264,93.3336033287852,5652600
2023-11-06,91.40921020507812,92.1885916482265,90.8415144232837,91.93842435846301,6137400
2023-11-07,91.2167739868164,91.83258282434765,90.92811038252721,91.34185763346419,4466500
2023-11-08,91.1590347290039,92.11162019626367,90.24494557183732,91.62089501685897,4416000
2023-11-09,90.0140151977539,91.59202615626181,89.86005932813366,91.29373849412757,5007900
2023-11-10,90.41815185546875,90.65870243193173,88.93635942353427,90.15835312191697,5479100
2023-11-13,92.16934967041016,93.09306290200374,90.92810795079436,92.05388276357839,6894800
2023-11-14,93.41059112548828,94.14185951029128,92.56384849316031,92.67931539966509,5527100
2023-11-15,94.29580688476562,94.61333534326309,93.25662684296638,93.68962219755916,5370500
2023-11-16,96.47040557861328,96.55700026275365,93.94943288567023,94.02641083225346,7603200
2023-11-17,95.7872314453125,96.94187114286412,95.49856785041452,96.63396673411567,6069100
2023-11-20,97.3748550415039,97.480697865718,95.20990019515705,95.20990019515705,6869100
2023-11-21,98.05803680419922,98.7027105628914,97.1728051371217,97.63466545651087,7111600
2023-11-22,98.81816864013672,99.31851792364773,98.22160794036209,98.41404545493056,6470600
2023-11-24,98.98174285888672,99.28002319146529,98.32744506989293,98.79892209194104,2166800
2023-11-27,98.82777404785156,99.55904967889792,98.38516197514485,98.7219312325283,4572500
2023-11-28,98.20235443115234,98.6161016718392,97.51919174834758,98.58723678032946,3607600
2023-11-29,99.71299743652344,99.91505898942002,98.36592041721288,98.45251507944606,5458700
2023-11-30,100.34806060791016,100.76180781575752,99.21266180551642,99.8284705789144,16766200
2023-12-01,100.91576385498047,101.01198994756945,99.972809812178,100.28071422181026,4682300
2023-12-04,101.21405029296875,101.52195469884339,100.35769093472302,100.46353376246307,4717700
2023-12-05,100.40579223632812,101.27177563394348,100.020909910608,101.03122509799586,4315500
2023-12-06,100.97349548339844,101.28139987627344,99.95355621742142,100.67520782644281,4296000
2023-12-07,100.11713409423828,101.23328474248312,100.03053208561346,101.21404393002184,5199000
2023-12-08,100.55975341796875,100.89652271789092,100.18449514933832,100.18449514933832,3426800
2023-12-11,102.20511627197266,102.23398116267892,100.27108784343308,100.27108784343308,5208200
2023-12-12,102.64773559570312,103.16732568794086,101.57006644057812,102.349455249445,5354500
2023-12-13,103.19618225097656,103.22504714137868,101.89721079574169,102.0030536212294,6534800
2023-12-14,104.49515533447266,104.5625091934671,102.64772890975081,103.7542628855338,6611600
2023-12-15,103.23467254638672,103.88897032099047,102.48415602219829,103.78312749414133,13316300
2023-12-18,103.97557067871094,104.51440891968487,103.10959454407723,103.5714475037458,5142800
2023-12-19,104.32196044921875,104.61062404476093,103.36938232956187,104.06216908604694,4675100
2023-12-20,103.34051513671875,104.70684046434593,103.2442963873543,103.77350317936876,5666200
2023-12-21,104.37969970703125,104.57213721398038,103.12883388880087,103.3597603653439,3555600
2023-12-22,104.90890502929688,105.20718536313102,104.39893903621775,104.74533241661493,2565700
2023-12-26,105.1013412475586,105.58244230961806,104.40855454362983,104.40855454362983,2513400
2023-12-27,105.64018249511719,105.64980657279199,104.91853083093424,104.91853083093424,2471800
2023-12-28,106.22712707519531,106.52540741572611,105.57282926875781,105.6979129152016,3206100
2023-12-29,105.90958404541016,106.54464095025484,105.67865759865727,106.22711249783251,3550200
2024-01-02,105.69792175292969,106.80445587206064,105.4188822035126,105.4188822035126,5058600
2024-01-03,105.38038635253906,106.08279721950636,105.15908394776919,105.9769543855658,4239600
2024-01-04,106.78520202636719,106.83330773114254,105.3707636358138,105.53433624588621,5296100
2024-01-05,106.61200714111328,106.85255769211668,105.87110733305148,106.52540512542153,4127700
2024-01-08,108.15151977539062,108.26697933155857,106.72745740748937,106.92951897180286,5030400
2024-01-09,108.46906280517578,109.2484442780651,107.82438171890057,107.91098373867749,3802100
2024-01-10,110.07593536376953,110.0855594414489,108.54603001764569,108.77696383582838,4672100
2024-01-11,109.73753356933594,109.95991243367568,108.85769605903685,109.50549151090442,5163900
2024-01-12,110.14360809326172,111.12979974218344,109.68918717429624,110.38532072024474,3884800
2024-01-16,109.9889144897461,110.28863578302953,109.16709304344758,109.74720186574748,5876000
2024-01-17,110.15327453613281,110.70437900994393,109.679519870414,109.8535532503798,4672000
2024-01-18,110.24030303955078,110.77207382435677,109.65053095524515,110.41433644398867,5098000
2024-01-19,110.8880844116211,111.05244722360604,109.69885507020652,109.86321788219145,6843100
2024-01-22,110.4046630859375,111.80659338739677,110.35631760941101,111.12013040432826,5062500
2024-01-23,110.22095489501953,111.67123061732242,109.12841650641886,110.65603466111689,5037300
2024-01-24,107.0980224609375,109.59249842397212,106.10216766502802,107.07868869734473,8710800
2024-01-25,108.72233581542969,108.83836053100768,107.11736782059575,107.71681778635613,5648600
2024-01-26,108.29692840576172,109.6505206039983,107.84250748282307,109.47648721598955,5176600
2024-01-29,109.68919372558594,109.70853486773078,108.3162676926793,108.43229241609507,6480600
2024-01-30,109.71820068359375,110.14360989804538,108.65465920625442,110.1242761332229,4768400
2024-01-31,109.3991470336914,110.74306877964129,108.88671739514018,110.22096856965948,8325200
2024-02-01,110.69471740722656,110.74306288532165,108.28726160307383,109.01239951559441,4520300
2024-02-02,108.39360809326172,110.27896358197897,108.26792018617516,109.21542952740812,7575700
2024-02-05,107.94886016845703,108.73200671565311,107.4654349168083,108.30659013372737,5670000
2024-02-06,110.22095489501953,110.71405070601797,108.01653697735655,108.11322055021333,4734600
2024-02-07,109.55381774902344,110.80105566483643,109.14774234661452,110.80105566483643,4757500
2024-02-08,108.70301818847656,109.59251901050604,107.82318056181687,109.59251901050604,6980500
2024-02-09,108.10356140136719,108.89637858492966,107.50411876043248,108.52897801866374,5947500
2024-02-12,108.79969787597656,108.89638146160222,107.52345536685749,107.80384292871123,4232100
2024-02-13,107.64913177490234,109.36046130099686,106.91433070156387,108.74167756740448,4263400
2024-02-14,108.34526824951172,108.65466012467542,107.43643376549072,107.93919279645016,3991100
2024-02-15,109.87288665771484,110.48199979737727,108.54829886024538,108.54829886024538,5450700
2024-02-16,110.23063659667969,111.66157132302115,109.68919525633456,109.73754073588691,7161100
2024-02-20,112.77344512939453,113.30521587101812,110.18228541622562,110.5400227675437,9601100
2024-02-21,113.9626693725586,114.06902351607403,112.11598140468494,112.11598140468494,6144600
2024-02-22,115.07453918457031,115.29691803733915,112.92813734691391,114.18503852646222,4916100
2024-02-23,115.49995422363281,116.1670833966396,114.91984542716251,115.42260441704116,4261300
2024-02-26,114.75548553466797,115.97371182524668,114.46542744082518,115.53863206096625,3483100
2024-02-27,115.44195556640625,115.53863914478706,113.92400051872657,114.24306296621901,3203300
2024-02-28,116.0704116821289,116.1284203547559,115.31626205555641,115.52897035716781,3383800
2024-02-29,114.70714569091797,116.45714278061733,114.60079154305384,116.33145486790706,6135200
2024-03-01,114.68781280517578,115.49996371165355,113.92399999942596,114.63946732796364,3899400
2024-03-04,116.06075286865234,116.2927949591515,114.25273949828019,114.37843480368457,3164000
2024-03-05,114.55244445800781,116.60216268920381,114.16570280306102,116.44747045311522,3502300
2024-03-06,115.3839340209961,115.61598344983562,114.4944333398961,114.66846672328383,3388700
2024-03-07,116.91156005859375,117.47233511592302,115.97371389841851,116.11874294793247,4200800
2024-03-08,116.95023345947266,117.60769208252773,116.61183726594808,116.95990402971158,3357400
2024-03-11,116.20578002929688,117.39500217796153,115.65467546312632,116.9212474328463,3886000
2024-03-12,116.75687408447266,117.06626596435613,115.11322372919822,115.97372012563928,3079700
2024-03-13,116.17676544189453,116.9212371185443,115.65466526055599,116.52482485296929,3421700
2024-03-14,114.91018676757812,116.35079202636852,113.94333621441973,116.03173694995434,4952200
2024-03-15,111.66157531738281,111.66157531738281,108.53865196577911,109.2734531211654,22415700
2024-03-18,108.71267700195312,111.92262049744612,108.56764794575783,111.52620823561126,12991000
2024-03-19,109.40880584716797,110.62703216305374,108.32593063434116,108.71267230867102,8299200
2024-03-20,107.8038330078125,109.486150847631,107.05936135287342,109.25410878818667,8317300
2024-03-21,107.8134994506836,108.42261259958597,107.33007420906729,108.23890864729697,9722700
2024-03-22,106.90465545654297,108.26791815082082,106.8756511228747,107.82316044629519,5387700
2024-03-25,106.36323547363281,107.12704832492761,105.49306846731695,106.78864471723256,6622400
2024-03-26,107.8038330078125,108.1905746912091,106.28587798608025,106.82731191694504,7770600
2024-03-27,109.71820068359375,109.93090160257752,108.22924999180279,108.28725866275435,7533400
2024-03-28,109.8922348022461,110.24029420674951,109.18643066955347,109.52482687982358,5278000
2024-04-01,108.374267578125,109.89222992457377,108.11322119221319,109.89222992457377,3964000
2024-04-02,108.30659484863281,108.6933365420846,107.49444393121992,108.1809069332668,4560700
2024-04-03,107.59111785888672,108.81902207220934,107.3687463842269,108.42260984344867,4409900
2024-04-04,106.45991516113281,108.28726211927686,106.19886138054976,108.13256248982256,4799700
2024-04-05,107.51377868652344,107.57179473579022,105.90881060217286,106.0635028550875,5591200
2024-04-08,106.85631561279297,107.78449859798336,106.4889150728313,107.61046521032067,5810500
2024-04-09,108.71267700195312,108.8383649165308,106.9143344086936,106.9239976030182,4235700
2024-04-10,107.48477935791016,107.96820465757853,106.6919621615134,107.53312483847085,3965500
2024-04-11,107.75548553466797,108.26792249715214,106.65327655212451,107.94886006102537,4321500
2024-04-12,106.01625061035156,107.36683738348758,105.41382767759511,107.14335563668627,4041500
2024-04-15,105.80248260498047,107.74577369136169,105.74418624457053,106.96845429158232,4595600
2024-04-16,106.11341857910156,107.20166435562497,105.07375804940436,105.75390702656408,7283900
2024-04-17,102.89727783203125,105.63731832215024,101.29406099553151,104.48105760383238,12002900
2024-04-18,102.28512573242188,103.99522400861026,101.50781372547617,103.48025304340523,7306400
2024-04-19,104.2381362915039,104.71424054847013,102.39200821299715,102.97500148952267,10533600
2024-04-22,104.03408813476562,104.84055571569469,103.25676873407568,104.43246636621271,4948300
2024-04-23,104.5393295288086,105.04458930988024,104.26726999118527,104.61706294329137,3849600
2024-04-24,103.85919189453125,104.07295510089769,102.566901538274,103.6842953996012,5052700
2024-04-25,103.83004760742188,104.41303347469257,103.13046160147003,103.6260029245305,3112300
2024-04-26,104.48104858398438,104.80169340621669,103.37337320997048,103.48997334889155,3575600
2024-04-29,104.2284164428711,105.12233599614834,103.57741569378786,104.34501657931614,3305100
2024-04-30,102.96528625488281,103.83976878460321,102.89727135885278,103.49968689138528,5074000
2024-05-01,103.27621459960938,104.12154896393649,102.90699192999584,102.92642158078904,4096800
2024-05-02,102.91670227050781,103.6357253665716,102.16853840500852,103.6357253665716,3708500
2024-05-03,102.89727783203125,103.61629355144836,102.48918843017842,103.10132253295767,3610300
2024-05-06,102.64463806152344,103.15960903074239,102.15881527349538,103.1013126683606,3789500
2024-05-07,103.15961456298828,103.57742247962133,102.79039189299056,103.49968905023196,6556400
2024-05-08,101.96448516845703,103.32478299171767,101.32319555486231,103.32478299171767,6234700
2024-05-09,101.70214080810547,102.03250415921909,101.53696283908238,101.76044458363579,5902000
2024-05-10,101.77015686035156,102.67378755414838,101.45923056856489,101.53696399477845,7349600
2024-05-13,101.79930877685547,102.50861334420979,101.43980464029605,102.01307200025178,5459200
2024-05-14,101.06085968017578,102.14909799433634,100.42928856538329,101.8770384157962,7035100
2024-05-15,101.62440490722656,101.85760517753221,101.14830066155358,101.14830066155358,5443200
2024-05-16,101.89646911621094,102.2073953884229,101.206601681399,101.48837236081573,8708300
2024-05-17,101.13858795166016,101.82846285802123,100.9928470406647,101.44952166329765,7004600
2024-05-20,100.2835464477539,100.85682123491067,100.09893140243882,100.83738417063118,7165900
2024-05-21,100.04061126708984,100.91509362519834,99.50621073546026,100.58473032855014,4391600
2024-05-22,101.84788513183594,102.15881140788599,100.02119418667526,100.0309053046598,5933400
2024-05-23,101.27461242675781,101.93533165479928,100.50701160204294,101.01226399380795,5862200
2024-05-24,101.00255584716797,101.41065262781605,100.64305172418548,101.19688941249265,4455600
2024-05-28,99.05926513671875,100.65276331451386,98.68032394889354,100.63333366442407,4771100
2024-05-29,97.87386322021484,98.88436810698846,97.78641126260764,98.22364881144108,4960900
2024-05-30,98.855224609375,99.70055897864931,98.00017912118116,98.40826850783724,5124000
2024-05-31,99.29246520996094,99.3993468179017,98.51514577276775,98.97182038613869,7915700
2024-06-03,99.95318603515625,101.17745415980382,99.03011826274941,99.27302966395105,4915100
2024-06-04,100.49730682373047,100.55560318877814,99.63254281454043,99.88517275152662,3880400
2024-06-05,100.302978515625,100.4875861386762,99.08842151603821,100.01148187049712,3302300
2024-06-06,101.3134765625,102.02278106402801,99.89487497251109,100.36126809055332,9835500
2024-06-07,104.52962493896484,105.0640255175042,100.43899826297348,100.91510248354375,8666600
2024-06-10,104.44218444824219,105.88994174323408,104.00494688936696,104.57821424047303,8555900
2024-06-11,102.80982208251953,104.27700906439344,102.53776249129902,104.27700906439344,7536000
2024-06-12,101.42037200927734,102.90699610612728,101.33292745755755,102.90699610612728,4569000
2024-06-13,100.5167236328125,100.75963500690152,99.69082644352318,100.70133864930155,4719500
2024-06-14,100.7402114868164,100.77907819860296,99.525654542489,100.36127031323164,3683100
2024-06-17,100.5167236328125,100.99283526343511,99.6325300859232,99.99204158827902,3936200
2024-06-18,101.04141998291016,101.13858305656034,100.32240434221801,100.33212287350322,4501000
2024-06-20,103.54826354980469,103.81060458043116,100.5361638977309,100.59446025718854,9154900
2024-06-21,102.72238159179688,103.89807196491223,102.25598840766001,103.63573089531963,10324700
2024-06-24,102.31427764892578,103.2762046514898,101.9644846637994,103.2762046514898,5201300
2024-06-25,102.49888610839844,102.97499776119393,101.84788537465828,102.4114415679261,4637400
2024-06-26,101.90618896484375,102.6543602362783,101.36206979512241,102.11023365348925,5406600
2024-06-27,101.6827163696289,102.33371716072006,100.97341180001932,102.26570226333841,4137600
2024-06-28,100.96370697021484,102.17826407987636,100.59447686451404,101.73130054002081,8283600
2024-07-01,100.27381896972656,102.51832525741219,99.7005516467816,101.20660523215561,4588900
2024-07-02,100.27381896972656,100.4584339985713,99.78799618903396,99.78799618903396,3650500
2024-07-03,99.42848205566406,100.7207723012105,99.28273375353078,100.42927569694392,2017800
2024-07-05,101.07057189941406,101.1191571445686,98.8746581840999,99.13699923395863,6582700
2024-07-08,99.22445678710938,100.90539961605802,99.04956027298664,100.83738471684741,4542000
2024-07-09,98.75804138183594,99.68110157949937,97.89327753806853,99.48677545780171,6268500
2024-07-10,100.12808990478516,100.15723808898233,98.3985543740484,98.54430270810244,6598900
2024-07-11,101.22602844238281,101.6729844826199,100.13778281415327,100.44870907749501,5025300
2024-07-12,101.26490020751953,101.95476765709188,101.15801860418479,101.70213773893093,4277600
2024-07-15,100.57135772705078,101.74352255537976,100.20017629689711,101.5188552079217,4970800
2024-07-16,100.3369369506836,101.46025888627608,100.13180976368949,100.5322940471364,7656900
2024-07-17,102.25146484375,103.19896241184291,100.12203970127582,100.26856124985436,13438300
2024-07-18,97.74842071533203,101.73376833917025,97.39677195720537,100.01459746081721,13078800
2024-07-19,99.66294860839844,100.02436745735224,97.7581907140111,98.27589375954223,11963600
2024-07-22,101.3137435913086,101.42119223670854,99.93645138339797,100.12204585316078,7880300
2024-07-23,101.50910186767578,101.90959363284614,100.97186608689115,101.59701778419448,5894500
2024-07-24,104.77161407470703,104.82044962377493,101.13791535672708,101.80213993369541,8680900
2024-07-25,103.50177001953125,106.18797113328174,103.46269710904376,104.53717606406482,6356600
2024-07-26,102.79847717285156,104.65439951655286,102.23193857621526,103.99017491309331,8611600
2024-07-29,102.3393783569336,102.73987011267249,97.60189773483722,98.25635223810254,19452700
2024-07-30,102.87661743164062,103.22826617047095,100.39554353095807,102.32961159452483,9126300
2024-07-31,103.48223876953125,104.35159054621518,101.1476863644053,103.05244420042162,8238400
2024-08-01,107.59457397460938,108.1122770347597,103.86319645255654,104.17577230693388,9069200
2024-08-02,108.7276611328125,109.44072877596567,105.88517555665123,107.62387925207027,9885700
2024-08-05,106.10983276367188,109.40165304254685,105.85587000626265,108.75696115282453,7121400
2024-08-06,106.95964813232422,108.07320003723619,106.10982906704048,106.4224049096053,5634800
2024-08-07,107.38944244384766,109.7435276221072,106.861969313505,107.06709651101671,6365100
2024-08-08,107.21361541748047,108.63974312617204,106.68614230017333,107.39920242832125,5476600
2024-08-09,106.18797302246094,106.74474896512075,105.19163987068919,106.74474896512075,5435000
2024-08-12,105.2990951538086,105.88517395371626,104.62510043509683,105.88517395371626,4795900
2024-08-13,105.72886657714844,106.0414423874453,105.10371495655473,105.29907949573723,4920400
2024-08-14,107.34059143066406,107.62386443058249,105.21116633851469,105.56281506583443,5822900
2024-08-15,108.36624145507812,108.74719302435808,107.21361665632458,107.90714406328028,7458500
2024-08-16,108.42484283447266,109.01092157553124,108.00481837044148,108.77649156958691,4643300
2024-08-19,109.30397033691406,109.64584899921641,108.2685568065751,108.42484845356812,3495800
2024-08-20,108.20018005371094,109.48955631965997,107.77039293332516,109.22582348334133,5822400
2024-08-21,108.80579376220703,108.86439940025674,108.112266386502,108.39553939106807,4081400
2024-08-22,109.49932861328125,109.54817161658744,108.4736926154151,109.19652285949162,3690400
2024-08-23,110.07564544677734,110.16355391040798,109.29420210332351,109.79237242108523,4511600
2024-08-26,110.08540344238281,110.63241674068688,109.4602517749459,110.12447635314707,3212700
2024-08-27,110.47612762451172,110.54450335681419,109.53840010190805,110.43705471285374,2705300
2024-08-28,110.28076934814453,110.7887022895154,109.76306631586388,110.47612645196506,3836700
2024-08-29,110.1440200805664,110.86685032198602,109.9095826084336,110.67149321427131,3375800
2024-08-30,110.6421890258789,110.83755359673394,109.29420702276289,110.37845617072009,4320100
2024-09-03,111.99993896484375,112.16599324652788,110.73009544661002,110.73009544661002,4436900
2024-09-04,111.7459716796875,112.90835913413132,110.93522552697748,112.0292447012029,3659200
2024-09-05,110.47612762451172,111.82411699332614,109.90958158406495,111.60921970540524,2928000
2024-09-06,111.21849822998047,111.6873582658801,110.38821934992812,110.9938308506648,3802200
2024-09-09,113.72887420654297,114.02191731609818,111.6678247058866,111.80457616970682,5101000
2024-09-10,114.3930892944336,114.52984074689498,112.75206441250167,113.45536185510038,4963700
2024-09-11,113.89492797851562,114.0121467122896,112.05854586376482,113.68980078370802,6535600
2024-09-12,114.11959838867188,114.58845843143939,112.90836046466445,113.79725245152171,4349300
2024-09-13,113.69956970214844,114.33449146185083,113.25024240590871,113.32838077522312,3350100
2024-09-16,114.90103149414062,114.94987449642727,113.7191038722828,114.28564990826631,3637100
2024-09-17,115.3894271850586,115.78991892140466,114.53961561678517,115.06708872074567,4982500
2024-09-18,112.21482849121094,114.7740482499445,111.86317974718966,114.7740482499445,5990200
2024-09-19,111.50177001953125,112.9767407481545,110.62264814643143,112.81067901206089,8144100
2024-09-20,111.06220245361328,111.51153719553764,110.57380225381304,111.11104545455154,8403400
2024-09-23,112.14645385742188,112.23436977048492,110.33937457054672,111.15012070788067,5005200
2024-09-24,110.71055603027344,111.75573963401703,110.55427183831272,111.5603750785714,5029800
2024-09-25,109.99749755859375,111.54084403414679,109.25512714147777,111.17942519040966,5159100
2024-09-26,110.11471557617188,110.3100726808999,109.4993265367265,109.70445373240968,3508700
2024-09-27,109.8216781616211,110.74963563579334,109.71422951273004,110.31007840116358,3566400
2024-09-30,111.3650131225586,111.44315148893602,109.49932082443215,109.95841819422851,5035600
2024-10-01,110.92545318603516,111.57014503966214,110.18309023339265,111.56037494880228,4264000
2024-10-02,111.00359344482422,111.15011499079567,109.43094425301453,110.74962326196675,3454000
2024-10-03,109.62631225585938,110.87661557644329,109.19651769476029,110.87661557644329,3472100
2024-10-04,110.02680206298828,110.13425070865182,109.08907452552143,109.52863174694788,4366300
2024-10-07,110.73009490966797,110.97429501180602,109.20628865709318,109.69468886136927,6912900
2024-10-08,111.97062683105469,112.62508876089929,111.11104516451253,111.11104516451253,4341500
2024-10-09,113.26000213623047,113.57257796264952,111.9022501915606,112.31251201880698,4256900
2024-10-10,112.93766784667969,114.13912819635735,112.77160611057164,113.5237466113319,4068300
2024-10-11,113.42606353759766,114.5591481104358,113.2600018081096,113.51397199521293,3471300
2024-10-14,114.52985382080078,114.85219976085442,113.289320516892,113.56282345303592,3674100
2024-10-15,113.8919448852539,116.15898588232388,113.65640251833636,114.57892473663304,6544900
2024-10-16,115.6290283203125,117.29741226006713,114.47097120727092,115.81549749138021,7356200
2024-10-17,115.69772338867188,116.55154761161332,115.01074354551352,116.5024744138797,5046900
2024-10-18,117.1698226928711,117.62126763333582,115.48180661873096,115.70753283272248,6741800
2024-10-21,114.81444549560547,116.70855541005425,114.43169855583501,116.67911448969004,8303300
2024-10-22,113.96063995361328,115.02055062753898,113.6858405325762,114.6966929844743,5360000
2024-10-23,114.8340835571289,114.97147951743423,113.77416544547215,113.99989165884134,3655600
2024-10-24,114.3728256225586,115.22664981720656,114.04896049829367,115.03036452029518,3768000
2024-10-25,112.09596252441406,114.22560733989714,111.09492628313797,113.99007248386903,5989600
2024-10-28,111.9487533569336,112.69462248928416,111.43842657428422,112.63573315809973,4104700
2024-10-29,111.29121398925781,112.60629174215337,111.24214079473916,112.01745084552076,4543600
2024-10-30,112.32168579101562,112.60629385201626,110.40795096922311,110.54534693142779,5188000
2024-10-31,111.26177978515625,112.3413227420815,111.16363339019321,111.45805760004495,5323200
2024-11-01,116.39451599121094,117.68996900608713,114.91259381538065,117.52313211866424,10149300
2024-11-04,115.4621810913086,118.32787894933108,115.2953442097669,117.37591587962403,5604000
2024-11-05,115.54069519042969,116.05102197139843,114.16672810510399,115.4032917431307,4059200
2024-11-06,114.62799072265625,118.7498845466226,113.35216252177611,118.7498845466226,5256100
2024-11-07,113.15589141845703,115.30516122414595,112.4100222343384,115.30516122414595,5519000
2024-11-08,114.4218978881836,115.06962817383214,112.5572361295396,113.18533414061274,5685700
2024-11-11,114.62799072265625,115.64864429833835,114.16672964253007,114.76538668428724,5301100
2024-11-12,114.2746810913086,115.11868910767487,114.25504881882485,114.51021594848672,4598900
2024-11-13,113.58769989013672,114.63780189861686,113.40123821668074,113.92138115253746,4760800
2024-11-14,112.89089965820312,113.93118549055144,112.79276075680544,113.82323794027674,3812300
2024-11-15,113.7447280883789,114.18635690498405,112.30206297244163,112.73388313980205,6898600
2024-11-18,115.17757415771484,115.74679027530593,113.36197825334716,113.43067623391724,6086500
2024-11-19,114.95185852050781,115.3640539293756,113.30309934759372,114.37283370063963,4542800
2024-11-20,113.774169921875,114.59854571614171,113.3816068109067,114.52003908396291,5624400
2024-11-21,115.07943725585938,115.45236808722085,112.9988580420359,113.52881711029806,5561900
2024-11-22,115.57013702392578,115.80567188719121,114.21579471323335,115.04017796593983,5349500
2024-11-25,115.9332504272461,116.44358469410572,115.39348272626246,116.08046252297554,6879000
2024-11-26,115.76641845703125,116.78707954652835,114.83408762372605,116.43377349679787,4056800
2024-11-27,116.73799896240234,118.28861902836597,115.90380708736457,116.14915807928851,3510300
2024-11-29,116.56134796142578,116.97354332548926,115.668274228911,116.50246611835308,2523200
2024-12-02,114.63780212402344,116.60061018018352,114.42189203984287,116.54172833450464,5338900
2024-12-03,114.1274642944336,115.25608031515773,113.91155423111898,114.92239908434848,4794900
2024-12-04,113.81342315673828,114.83408421594656,113.14606813677588,114.83408421594656,3557100
2024-12-05,113.44048309326172,114.12747037564277,112.75350329839885,113.11662546855106,3269800
2024-12-06,113.45030212402344,114.03914303285987,112.95960011874001,112.98904104105408,5300300
2024-12-09,112.76331329345703,113.71527630557715,111.73283616976627,113.51899102665054,4868000
2024-12-10,113.35216522216797,114.22561420799532,112.14503497334583,112.93997732745544,4072100
2024-12-11,112.01744842529297,113.44048118536921,111.88986860482648,113.16568927204564,4747700
2024-12-12,111.74266052246094,112.64555040936294,111.193076676089,112.27261958325603,3764700
2024-12-13,111.27159118652344,112.16467248764705,110.05465223157593,111.73285229919001,4550500
2024-12-16,110.5257339477539,111.53657898656326,110.30000770716114,110.60424058631214,5047200
2024-12-17,111.18325805664062,111.7230257544111,110.11352382239174,110.12333995872012,5805600
2024-12-18,109.84855651855469,112.02727472545878,109.7700423969051,110.92809948492085,6454600
2024-12-19,110.32942962646484,111.1930698895015,109.2106297289109,109.46579685094609,7738700
2024-12-20,112.10578918457031,112.96942206275921,110.42758165121337,110.54535283404226,12311900
2024-12-23,112.18428802490234,112.3805733159802,110.85939413207946,111.8800551831295,4028200
2024-12-24,112.62592315673828,112.69462113602997,111.47767480640857,112.01744999192759,1480000
2024-12-26,113.1264419555664,113.65640104297331,111.70340907295953,112.0763399177931,2960500
2024-12-27,112.85164642333984,113.79379338620863,112.38057668566469,112.87127869679543,2829500
2024-12-30,110.70237731933594,112.50815713629127,110.42757790206495,112.00763898566014,3475800
2024-12-31,111.00660705566406,111.66414593875837,110.45702321158743,110.95753386064938,3519900
2025-01-02,111.3304672241211,111.84079398700582,110.66311223418387,111.57581821325218,3569100
2025-01-03,111.71322631835938,112.10578944116878,111.17345108855659,111.82118136431994,4416700
2025-01-06,110.93790435791016,112.13521838518123,110.69255336830601,111.39916541636882,6037200
2025-01-07,111.29121398925781,112.55722603515296,111.06548777699754,111.26177306755392,5300100
2025-01-08,112.12540435791016,112.18428620051682,110.172412540435,111.42860843283144,4455800
2025-01-10,110.22148132324219,111.72302825176806,109.71115453553132,111.65433027097008,5108700
2025-01-13,111.08512878417969,111.28140660265068,109.89763076113684,110.50609649090823,4409700
2025-01-14,110.91828155517578,111.69359164701768,110.20186079737866,111.44824063646716,3972400
2025-01-15,109.60616302490234,111.24384650384025,109.36939213972471,110.64204787862192,6543700
2025-01-16,112.37838745117188,112.41784299379314,109.52723901748388,109.52723901748388,5598700
2025-01-17,111.95417022705078,113.2465537777503,111.86537643804411,112.09228720834031,6459800
2025-01-21,115.21965789794922,115.32817945453726,112.60528794463742,112.71380950122548,8486300
2025-01-22,116.19634246826172,118.32730296967479,111.9738920600661,112.5954184429063,13200700
2025-01-23,121.56320190429688,121.57306955316892,116.19634499313636,116.54163743555058,13089400
2025-01-24,123.34886932373047,123.98026340396527,120.53719138412062,120.94167468857832,9960200
2025-01-27,127.68968963623047,128.01525429489746,123.78294383946842,125.02600411004481,11845100
2025-01-28,125.67713165283203,128.10406146778467,124.96681146570548,128.00540003205316,11948500
2025-01-29,126.14080810546875,127.5614484211714,125.91389735017327,126.43677734684363,7609800
2025-01-30,127.07803344726562,127.45292882901738,125.47982059431752,126.2690593721111,6340400
2025-01-31,126.20986938476562,127.02870358731195,125.9632308537649,126.64394808109567,7129400
2025-02-03,126.72286987304688,127.21614691813747,124.31568301123589,124.94707702680701,5720600
2025-02-04,127.36414337158203,127.46278975176413,124.30581956713264,124.73990579007346,6957400
2025-02-05,130.28433227539062,130.71841848876284,127.21614841664162,127.68969017049271,8680100
2025-02-06,126.49596405029297,130.12647580188545,126.41703791826437,130.02782942706506,6469200
2025-02-07,127.33455657958984,127.74890753311966,126.34800238919819,126.34800238919819,6455200
2025-02-10,129.54443359375,129.66281528424645,126.87088005921927,127.33456175182755,5503600
2025-02-11,129.67266845703125,130.27446703764195,128.71570981157456,129.4358900625938,5314100
2025-02-12,128.73545837402344,129.0412877565081,127.50226566811953,128.73545837402344,4703700
2025-02-13,130.01795959472656,130.26459812234307,128.79464213206617,129.16952245758094,4168400
2025-02-14,128.8538360595703,130.86639986958187,128.76504980036864,130.5408502525091,3733900
2025-02-18,128.42962646484375,129.06103564333074,126.5255839669478,128.0152754816792,5116200
2025-02-19,130.3533935546875,130.48163534680262,128.25202857699816,128.5085272148488,3806800
2025-02-20,131.37940979003906,131.4879313449181,129.5838891272291,129.95876945475754,5046900
2025-02-21,133.1058807373047,133.58929767785378,130.6296353028818,130.6296353028818,7160100
2025-02-24,133.13548278808594,134.75343103151386,132.4942285963504,132.6816762980146,5947200
2025-02-25,133.99378967285156,134.615308540657,132.55341401397035,133.55970344541828,6385700
2025-02-26,134.1319122314453,134.47719716045734,132.46463326742838,133.33279070480262,5388000
2025-02-27,134.04310607910156,135.1480569514942,133.40185191005506,133.89512897966668,4890700
2025-02-28,136.15432739257812,136.5094874745598,132.93816641113733,134.56597467227425,8756100
2025-03-03,138.33460998535156,138.946268678707,136.1543189129914,136.3121711737348,7589800
2025-03-04,135.7301025390625,139.33101865509173,135.68077182782523,139.10411544774365,8356300
2025-03-05,135.85836791992188,136.63773901344527,134.2108093719961,135.05924647631826,8156700
2025-03-06,133.26373291015625,135.86823519603203,131.66552004602968,135.21710586115776,9184200
2025-03-07,135.29603576660156,135.6314605653218,132.15880078982713,132.70139353038323,8254800
2025-03-10,135.51307678222656,137.27900206284355,134.5955736074631,134.5955736074631,7028000
2025-03-11,130.8762664794922,135.217098364068,130.5309665337012,135.217098364068,9313500
2025-03-12,128.52825927734375,130.82693199966857,127.69955749564261,130.51122748076148,6771000
2025-03-13,128.1435089111328,129.09060745198468,127.26547638165229,128.52826440037438,9012900
2025-03-14,125.00627899169922,126.76235175106804,122.82599516152719,123.3192722505293,9537900
2025-03-17,125.92376708984375,126.15067784890739,124.50312675054934,125.01613910721036,6662800
2025-03-18,124.6017837524414,126.89058139819907,123.22060653022737,126.22959196871153,7959600
2025-03-19,125.70672607421875,126.06188616496064,124.08877789497707,124.63138567994685,5098500
2025-03-20,125.07533264160156,126.04215901041813,124.68070948031296,125.61794042922476,5158500
2025-03-21,124.6412353515625,125.10491696042139,123.80266591249072,124.63137523034301,8857100
2025-03-24,125.49954986572266,126.12107625743415,124.8977512447974,125.49954986572266,5283000
2025-03-25,123.91120147705078,127.0583041415733,122.82599340215299,125.96323594434067,6726800
2025-03-26,124.9076156616211,125.62779594225067,123.44751227646515,124.0493108818189,6053700
2025-03-27,129.58389282226562,130.15608097853865,124.95695147881118,125.46008867289467,8441400
2025-03-28,129.06101989746094,131.6655222264684,128.99195388188144,129.49509107427758,6708300
2025-03-31,130.8664093017578,131.40901712535654,128.883440768558,129.05115317701168,9669600
2025-04-01,129.9193115234375,130.84667478377452,129.3175129217478,130.6986826369598,4228800
2025-04-02,130.1560821533203,130.35340502677792,128.01526144817637,128.88343391980035,4236200
2025-04-03,129.86012268066406,131.8430910280219,129.71213053157635,130.13635662794908,6239200
2025-04-04,122.76679992675781,130.61976247265952,122.33271369538828,129.46549593212953,10776900
2025-04-07,123.18114471435547,124.79909282552174,118.85017284611263,120.64570099517815,10371300
2025-04-08,122.28337860107422,126.2394626792412,120.41879194023964,125.36143012580314,9880100
2025-04-09,125.33183288574219,126.04215303703609,119.22506064111256,119.99457162941081,10179200
2025-04-10,122.82598114013672,125.114786270752,120.37932374619133,124.30581223821065,11089400
2025-04-11,125.17398834228516,126.79194407941314,122.3721781579641,124.3650142371266,7357000
2025-04-14,126.23946380615234,126.77220393211937,125.13452048635288,125.29237275781448,6988500
2025-04-15,125.09967803955078,127.34953385389765,124.48517841008693,126.48725321344172,8639400
2025-04-16,128.5487823486328,132.96920213139614,127.86490435520653,128.5487823486328,13483200
2025-04-17,129.81741333007812,131.53206868664807,128.5091375540828,129.2227480222081,10474500
2025-04-21,128.73709106445312,130.7887249289096,127.36933515481546,129.80750676025414,6046700
2025-04-22,130.56077575683594,130.85811601674098,128.77674932075945,128.77674932075945,5837100
2025-04-23,128.68753051757812,131.7104616010046,126.00158551047778,131.03650457170366,8777100
2025-04-24,128.23162841796875,129.04434223673155,126.89360496384379,128.8659471753027,6595500
2025-04-25,127.70633697509766,128.3802940544955,126.11061912443246,128.12260725178794,4849100
2025-04-28,128.3802947998047,128.96505434973923,127.37926497076323,128.18207301785176,3843300
2025-04-29,129.34169006347656,130.104859825593,127.6567821831057,127.745979719062,4315300
2025-04-30,129.5894775390625,130.10486631142422,127.53784336967404,129.7579668231636,8510500
2025-05-01,129.71832275390625,130.4616658043022,126.86388060091272,128.35056670170468,6769100
2025-05-02,131.64109802246094,135.58576734038238,130.16431780590202,130.73917154543463,9801400
2025-05-05,131.4230499267578,131.87895850280583,130.28324823993327,131.710469235714,5752000
2025-05-06,131.8789520263672,132.4141674351772,129.53989887000668,130.77880382309272,6290500
2025-05-07,132.76104736328125,133.23678261501558,131.25453475554636,132.31504461957087,4924900
2025-05-08,132.8106231689453,134.01979572408305,131.89879085452802,132.0771859249486,5994500
2025-05-09,132.05735778808594,133.77199795128533,132.00779856694933,132.79077981684412,4976100
2025-05-12,130.81845092773438,132.4736260502545,128.94522733414206,130.62021404614094,5958300
2025-05-13,127.90454864501953,130.580580282689,127.77569769217521,130.580580282689,6344700
2025-05-14,127.41889953613281,128.9848772772751,127.0521884941208,128.15233674350895,5266900
2025-05-15,132.16639709472656,132.245673709563,127.70633890421861,127.70633890421861,8406400
2025-05-16,133.60353088378906,134.0891720108589,131.59155018301928,131.96816705482485,7128700
2025-05-19,134.34686279296875,134.48561954965444,133.33591206662885,133.80174156193488,8012800
2025-05-20,133.9999542236328,134.62436714791608,133.3458087908933,133.8017324594742,6455300
2025-05-21,131.86904907226562,134.96135106231952,131.8393165626191,133.90085626377228,7209100
2025-05-22,130.3328094482422,131.70056544390184,130.0057367047865,131.28429516769074,6277100
2025-05-23,130.1345977783203,130.99687090865427,129.27230952463273,130.51121465366595,6145000
2025-05-27,131.76002502441406,132.65203056183586,130.36253657554835,130.67970351005056,5591000
2025-05-28,130.84820556640625,132.41418343108253,130.66979536746678,131.9186213899832,3622100
2025-05-29,131.67083740234375,131.87896498583763,130.18415131254696,130.56076817141545,3078200
2025-05-30,132.39434814453125,132.9394693791235,130.57068358094295,131.700564356574,14236800
2025-06-02,132.3844451904297,132.55293446231082,130.70944314425196,131.6807404682413,4464000
2025-06-03,132.52320861816406,132.78089543694293,130.44184198155048,131.9384339118009,5914900
2025-06-04,131.77984619140625,133.67288142987897,131.7600194779965,133.21697288491322,4057000
2025-06-05,132.7511444091797,133.18724136733127,131.01667749502764,132.20602321149022,5581500
2025-06-06,132.39434814453125,134.01979092918208,131.9186128504109,133.59359973728186,3867700
2025-06-09,132.2159423828125,133.09804218346022,129.65885563922689,131.83932552723053,6630100
2025-06-10,132.93946838378906,133.65307888130286,132.1465661506235,132.3745204385272,3579400
2025-06-11,134.07925415039062,134.14864008993095,131.7501066899276,132.9097350840149,4100500
2025-06-12,135.23886108398438,135.67495804536816,134.2576580442223,134.33693465233623,5089100
2025-06-13,134.41622924804688,135.84345019813287,134.0495182151379,134.57481271435682,3928900
2025-06-16,132.82052612304688,135.19923287455924,132.12674232511296,134.35677139777002,5084100
2025-06-17,131.10589599609375,132.82053647100673,130.9770450223843,132.5132904167953,5010800
2025-06-18,131.23472595214844,132.1861964758188,130.4319179717543,131.7699262312941,4950400
2025-06-20,131.80960083007812,132.49346376234425,130.8184767201024,132.4736521689594,11338200
2025-06-23,132.0771942138672,132.28533693244,130.9374075301529,131.88889333550125,4887200
2025-06-24,136.85440063476562,137.82569789822514,131.20499698740676,132.13665594603907,9894700
2025-06-25,136.18043518066406,137.60765619844418,135.4271863649923,136.6462646829493,5507500
2025-06-26,132.48353576660156,136.3191805900306,131.53206524953214,136.10114723585522,9452900
2025-06-27,133.187255859375,133.7125504006643,131.70056977119333,132.10691914154808,9513500
2025-06-30,134.80276489257812,135.0505458835659,132.810611169443,132.810611169443,5749700
2025-07-01,135.05055236816406,135.86328131683672,133.61342557610013,134.3369418699864,5337600
2025-07-02,132.91964721679688,135.1298496181872,132.65203948822182,134.0693547467055,4319600
2025-07-03,133.24671936035156,134.03962162299067,132.0177200970933,133.47467365672875,3114300
2025-07-07,132.51329040527344,133.7125572319517,131.67084398627554,133.31609851417,8927400
2025-07-08,132.17630004882812,133.5341351181596,131.67083224251223,132.05737000577787,4782600
2025-07-09,132.03753662109375,132.5826578297918,130.3030696719146,132.28531761383363,4613700
2025-07-10,132.41416931152344,133.85129605279747,131.82939467163328,132.54300514459104,4857100
2025-07-11,130.84820556640625,132.39435671489963,130.09494158498916,132.08711066915458,4661200
2025-07-14,130.8581085205078,131.90869760508247,130.5409566852367,130.84820272430818,4881700
2025-07-15,130.9078826904297,131.85367388262202,129.72314853959696,131.3160560234902,5084800
2025-07-16,131.1567840576172,132.44106646091402,129.7331068596923,131.5350914432561,9893000
2025-07-17,119.97649383544922,126.2983803119283,119.23976441121079,125.9897551395913,27560600
2025-07-18,123.12250518798828,125.07382726302195,121.72870153564456,122.08710840612206,19571900
2025-07-21,123.86917877197266,125.47205175349951,121.06166348925441,123.70989105720955,10308000
2025-07-22,125.17338562011719,125.82050193669266,123.6800262514934,123.77958202361128,7098400
2025-07-23,125.27294158935547,126.47758390379995,122.70436164833238,125.76077019043365,6439600
2025-07-24,125.08377838134766,125.42227711661731,124.14793742599923,124.7253715301767,4708000
2025-07-25,125.97979736328125,126.16895864741042,124.89461893803826,125.21320196647667,4741200
2025-07-28,125.79063415527344,126.42780020240525,125.07382045334556,125.59152261390166,8168400
2025-07-29,127.44328308105469,127.53289618853448,124.91453456703678,125.45214485134865,5834100
2025-07-30,127.98090362548828,129.12580642239143,126.51741019810649,127.4034695011738,5359700
2025-07-31,125.63134765625,128.5782349560194,125.25302509011915,126.97536956255327,6722600
2025-08-01,126.72647857666016,127.20434932727187,124.91453615638531,124.91453615638531,5453300
2025-08-04,129.3547821044922,129.55390884132905,126.88576551833422,126.88576551833422,5671400
2025-08-05,130.11143493652344,130.8979309050658,128.67780741748297,129.3348892289162,5355400
2025-08-06,130.35035705566406,131.13686818121337,129.23532022993456,129.50412917586485,5170100
2025-08-07,131.47535705566406,131.91341156996603,130.1512432524284,130.57934750640067,4690600
2025-08-08,133.68553161621094,134.11363587488543,131.16673332254567,131.21651500721535,4985400
2025-08-11,130.77845764160156,133.75522610170384,129.9720460177118,133.48641716332827,7125600
2025-08-12,130.43997192382812,131.30611552754695,129.04616068163637,131.1567856618153,5657500
2025-08-13,128.82713317871094,131.06717230795525,127.76187802558053,130.53951986169892,6723700
2025-08-14,128.70767211914062,129.563865479479,127.96099239295846,128.5284762766511,9688300
2025-08-15,131.16673278808594,131.7640826192135,129.09593928241094,129.3448325135079,6784500
2025-08-18,129.6932830810547,131.7142948082586,129.58376945681638,131.04726280289321,3831400
2025-08-19,130.6689453125,131.1368657986323,128.11031562487284,129.3448315103849,4845700
2025-08-20,131.8536834716797,133.21761354725714,131.1368697348647,131.4654106301747,3639800
2025-08-21,131.41561889648438,132.6103033027506,131.1667256788774,131.53508277974007,3980000
2025-08-22,132.0030059814453,133.02844484395135,130.7585398676043,132.18221700128151,4130200
2025-08-25,131.28619384765625,132.37137985718567,130.9078864745855,132.13243689163812,4705800
2025-08-26,131.00743103027344,131.764076137982,130.79836923352823,131.27623996018235,6076500
2025-08-27,130.87802124023438,131.16673069956542,129.98199650781012,130.8879715004744,4759200
2025-08-28,130.7884063720703,131.0572153073018,129.56385596460635,130.34040160750902,4674700
2025-08-29,132.0727081298828,132.26186941659384,130.5892989999403,131.42557661264843,4430700
2025-09-02,130.87802124023438,132.80941992215435,130.26075570690114,132.1025716641868,5779200
2025-09-03,131.59481811523438,131.60478356658697,129.63355348584733,130.56937924754618,4806500
2025-09-04,132.22203063964844,133.2474694820436,131.11694414458105,131.59481486937773,5073800
2025-09-05,132.35147094726562,133.7253664851053,131.86363473091615,131.9233666775635,3286900
2025-09-08,131.61473083496094,132.50079008470297,131.02734648550828,131.67446277677152,5070200
2025-09-09,131.3658447265625,132.58044491323753,131.06716981010783,131.7143013276325,4641400
2025-09-10,128.7873077392578,131.26628966726886,126.885759901792,131.26628966726886,7397200
2025-09-11,132.062744140625,132.09261011346408,128.82713209233523,129.11585675142945,5578300
2025-09-12,133.13796997070312,134.36253567019685,130.81828311116962,131.23643712983065,5700300
2025-09-15,130.74859619140625,133.75523072739196,130.38023906435637,133.2873102297266,4057700
2025-09-16,132.17225646972656,133.06828121978617,130.61916513244134,131.1766835415963,5401600
2025-09-17,133.57601928710938,133.6258009722638,132.12249130451997,132.12249130451997,5113300
2025-09-18,133.97425842285156,134.18332023408746,131.51519203482675,133.4963724718373,5891700
2025-09-19,135.43772888183594,136.12467660455764,133.1280076831235,134.10366485897052,11547400
2025-09-22,136.01516723632812,136.88132600528644,134.3525622857232,134.73088485587135,4837000
2025-09-23,135.2884063720703,136.2740290527042,134.442163295555,135.67667921148896,5136400
2025-09-24,133.29725646972656,136.2242432591824,133.19769310211413,134.71096818064825,3932400
2025-09-25,132.71981811523438,133.834854878908,130.59924302102823,133.834854878908,4963400
2025-09-26,132.95877075195312,133.60588709413204,132.51076596188793,133.38685982943568,4182100
2025-09-29,132.5207061767578,132.90897899087946,131.12691022638177,132.41119255271138,4351900
2025-09-30,133.3470458984375,133.90456433047936,131.5948277506055,132.2718252689691,7538300
2025-10-01,132.87911987304688,134.85035001631127,128.50855532817135,134.20323368981272,10613900
2025-10-02,132.4012451171875,132.7994681997223,129.9322133935139,131.83376127377673,5916700
2025-10-03,133.99415588378906,134.77070154740497,132.20212158650727,132.6600918146271,5362200
2025-10-06,133.14793395996094,134.6412934091659,132.8592092926881,133.72536810326872,6745900
2025-10-07,132.43112182617188,133.49637701350233,131.34593573449084,133.49637701350233,4816100
2025-10-08,133.6755828857422,134.1235876704223,131.5848736355851,132.2220397094326,6654800
2025-10-09,132.71981811523438,134.5317680474406,132.41119295323446,133.9841999255521,3237600
2025-10-10,131.9831085205078,133.9045569530213,131.45544090007078,133.5959317802331,5654100
2025-10-13,130.79837036132812,132.17225061120945,130.29061846809586,131.4156206882134,4008100
2025-10-14,132.6800079345703,132.74969013985924,130.6490306609937,130.87802337137632,8147900
2025-10-15,129.4499969482422,131.47999572753906,125.73999786376953,128.00999450683594,14906400
2025-10-16,127.62999725341797,131.16000366210938,126.87000274658203,129.52999877929688,9768100
2025-10-17,128.5399932861328,129.25999450683594,127.20999908447266,127.86000061035156,6806800
2025-10-20,129.50999450683594,129.82000732421875,128.1300048828125,128.44000244140625,5810000
2025-10-21,127.54000091552734,129.3000030517578,127.51000213623047,129.0,4934700
2025-10-22,127.94999694824219,128.94000244140625,127.11000061035156,127.62000274658203,6186800
2025-10-23,126.33999633789062,128.77000427246094,126.06999969482422,128.24000549316406,6700600
2025-10-24,126.8499984741211,128.11000061035156,125.0,126.97000122070312,5071100
2025-10-27,127.18000030517578,127.66000366210938,125.1500015258789,126.05999755859375,6254200
2025-10-28,126.61000061035156,128.4499969482422,126.19000244140625,126.97000122070312,4763000
2025-10-29,124.43000030517578,126.55000305175781,124.12000274658203,126.18000030517578,5182000
2025-10-30,124.66999816894531,126.43000030517578,124.33000183105469,125.13999938964844,4877400
2025-10-31,123.62000274658203,124.33000183105469,122.61000061035156,123.83999633789062,7044900
2025-11-03,123.83999633789062,124.05999755859375,122.44000244140625,123.70999908447266,5833000
2025-11-04,125.80000305175781,125.8499984741211,123.83999633789062,124.30000305175781,5607700
2025-11-05,124.54000091552734,126.70999908447266,123.91999816894531,125.88999938964844,4597100
2025-11-06,124.94999694824219,125.0,123.3499984741211,123.8499984741211,4714700
2025-11-07,126.36000061035156,126.62000274658203,124.6500015258789,125.63999938964844,5458500
2025-11-10,125.88999938964844,126.1500015258789,124.55000305175781,125.41999816894531,4251600
2025-11-11,127.0,127.1500015258789,125.7699966430664,126.5999984741211,5293900
2025-11-12,128.82000732421875,129.0800018310547,126.55000305175781,126.94000244140625,4979700
2025-11-13,129.25999450683594,129.58999633789062,128.0,128.50999450683594,5182400
2025-11-14,130.58999633789062,130.9600067138672,128.77000427246094,129.2899932861328,6998900
2025-11-17,130.02999877929688,131.92999267578125,129.9499969482422,130.67999267578125,5816600
2025-11-18,130.0,132.02999877929688,129.2899932861328,130.74000549316406,6775000
2025-11-19,126.1500015258789,131.49000549316406,124.58000183105469,129.88999938964844,10296100
2025-11-20,123.97000122070312,125.72000122070312,122.0999984741211,122.5,11654000
2025-11-21,128.11000061035156,128.72000122070312,123.88999938964844,124.68000030517578,9401000
2025-11-24,127.19000244140625,129.52000427246094,126.72000122070312,127.45999908447266,14041300
2025-11-25,128.0500030517578,128.80999755859375,126.2300033569336,127.29000091552734,8035500
2025-11-26,128.5399932861328,129.02000427246094,127.0199966430664,128.0800018310547,5473800
2025-11-28,128.89999389648438,129.38999938964844,128.0,128.16000366210938,2572400
2025-12-01,128.00999450683594,129.85000610351562,127.95999908447266,128.64999389648438,5766900
2025-12-02,126.31999969482422,128.99000549316406,125.63999938964844,128.4499969482422,5479700
2025-12-03,125.29000091552734,127.56999969482422,125.20999908447266,126.27999877929688,4918800
2025-12-04,125.4000015258789,125.56999969482422,124.05999755859375,125.19000244140625,5226900
2025-12-05,125.08000183105469,126.05000305175781,124.63999938964844,125.66000366210938,4361100
2025-12-08,122.08999633789062,124.62000274658203,121.70999908447266,124.62000274658203,6391900
2025-12-09,121.25,123.2300033569336,121.05999755859375,122.83000183105469,5229100
2025-12-10,122.55000305175781,123.08999633789062,120.69999694824219,121.26000213623047,6716200
2025-12-11,123.27999877929688,124.23999786376953,122.62999725341797,123.02999877929688,5390000
2025-12-12,125.45999908447266,125.58000183105469,122.91000366210938,123.47000122070312,4765300
2025-12-15,128.47000122070312,129.63999938964844,125.19999694824219,125.72000122070312,7716000
2025-12-16,126.86000061035156,128.60000610351562,126.30000305175781,128.41000366210938,5764200
2025-12-17,126.70999908447266,127.66999816894531,125.94000244140625,126.75,8048900
2025-12-18,125.12000274658203,127.58000183105469,124.93000030517578,126.58000183105469,5891700
2025-12-19,125.44999694824219,126.12999725341797,123.76000213623047,125.04000091552734,14795700
2025-12-22,125.19999694824219,127.23999786376953,124.7699966430664,125.16000366210938,5058000
2025-12-23,124.54000091552734,125.18000030517578,123.8499984741211,125.0,7534900
2025-12-24,124.80999755859375,125.33000183105469,124.0,124.01000213623047,1632200
2025-12-26,124.83999633789062,125.19000244140625,124.26000213623047,124.58000183105469,2120700
2025-12-29,124.56999969482422,125.48999786376953,124.48999786376953,125.02999877929688,4468700
2025-12-30,125.77999877929688,126.19999694824219,124.36000061035156,124.43000030517578,5271100
2025-12-31,125.29000091552734,126.23999786376953,125.23999786376953,125.87999725341797,3157100
2026-01-02,124.19000244140625,125.25,123.63999938964844,124.69999694824219,5014200
2026-01-05,126.44999694824219,126.55999755859375,122.5,123.62999725341797,6548500
2026-01-06,127.77999877929688,129.4600067138672,126.55000305175781,126.83999633789062,8327500
2026-01-07,127.04000091552734,128.60000610351562,126.2699966430664,128.4499969482422,6632300
2026-01-08,126.18000030517578,128.10000610351562,126.05999755859375,127.0999984741211,4344600
