Date,Close,High,Low,Open,Volume
2008-01-02,44.217811584472656,45.49495132144998,43.85470702088222,45.4260855922719,6337800
2008-01-03,44.06131362915039,44.75622819195074,43.78585540005383,44.455727437232056,4385900
2008-01-04,42.90311813354492,43.785849123793895,42.633916992161126,43.60429442133759,7697200
2008-01-07,43.0283203125,43.27873591937249,42.446094951415546,43.19735132477608,8790400
2008-01-08,42.039180755615234,43.50413275532815,41.97031500078699,43.15980875756055,7662300
2008-01-09,42.089263916015625,42.108044616237834,40.84968516124259,42.02039816428527,9845500
2008-01-10,42.201942443847656,42.696516681812625,41.03122973069213,41.69483978154779,6914600
2008-01-11,41.32547378540039,42.77790649965375,41.31921196135535,42.44610147085031,9247500
2008-01-14,42.11430358886719,42.25829692443633,41.21905355185752,41.776241416680485,8106700
2008-01-15,40.94359588623047,41.77624200592668,40.83090690178757,41.5446022111347,9353400
2008-01-16,40.23616027832031,41.44443483367051,40.0045252446353,40.824647766572184,13079600
2008-01-17,39.32957458496094,40.81537285951923,39.12181355768345,40.5005851708972,11011400
2008-01-18,39.54362487792969,40.95387458597841,39.22254013471845,39.68212980878474,9225400
2008-01-22,40.179481506347656,40.576112078484904,37.522673894081926,37.522673894081926,9870200
2008-01-23,40.97276306152344,41.04201673112624,38.523713044377175,39.38623296370755,10896500
2008-01-24,41.079776763916016,41.533071620869755,40.42501805979139,41.11125744136775,8160300
2008-01-25,41.50790023803711,42.65372710617518,40.99164867773926,42.59077053604684,9286700
2008-01-28,42.943336486816406,43.20775699605185,40.90351358184741,41.986384013892376,10984100
2008-01-29,43.43439483642578,43.831030315136594,43.1196072137171,43.30218461128149,8283600
2008-01-30,43.088138580322266,44.366175774945596,42.993701316970856,43.33367258306868,7904500
2008-01-31,44.69354248046875,45.10276732457971,42.49632635883347,42.50262345580436,8826800
2008-02-01,45.178321838378906,45.43644519633653,44.44801223385876,44.79428054691194,6526400
2008-02-04,44.66836166381836,45.316828200230496,44.44801128895886,45.19091026939798,4565300
2008-02-05,42.50892639160156,44.13323198074829,42.50892639160156,43.969541041468375,11709400
2008-02-06,42.79853439331055,43.4721798254727,42.527816800762466,42.886674558021205,7305000
2008-02-07,43.012569427490234,43.3777241279842,42.38299434523582,42.527798727596085,6506000
2008-02-08,42.81740951538086,43.24552083169833,42.57187557841852,42.867771879500154,4496000
2008-02-11,43.70510482788086,43.71140192416414,42.53409468959908,42.88666003230653,4979000
2008-02-12,44.07027053833008,44.86353675293795,43.8247365581645,44.05768114590444,6703400
2008-02-13,45.10906982421875,45.27276074212376,44.164706903139276,44.45431095587693,7502000
2008-02-14,44.34727478027344,45.323113373704615,44.189880993919004,45.03350938320572,5418800
2008-02-15,44.03877258300781,44.28430646688986,43.55400191062635,44.070253256644556,5355800
2008-02-19,44.32210159301758,44.769099474706245,43.982130358364586,44.45431182816958,5415300
2008-02-20,44.85724639892578,45.01464024593956,43.73030587791367,44.026207078824214,4717500
2008-02-21,44.56761932373047,45.442728277776,44.416522653400534,45.323107478656674,5371200
2008-02-22,44.81315612792969,45.1090571955524,43.95693360159552,44.668351740460984,5231500
2008-02-25,45.48680114746094,45.537168308438346,44.46688775241434,44.857226045073936,5190100
2008-02-26,46.14784622192383,46.437450125452735,45.19088959843413,45.329396857355725,6203900
2008-02-27,46.727081298828125,47.33777013141082,45.66309746460555,45.95899863530261,7163300
2008-02-28,46.83409881591797,47.02926559116993,46.05342691163253,46.48153824042343,6024500
2008-02-29,45.53718185424805,46.80262472811411,45.329420855871845,46.44376700513625,8823500
2008-03-03,46.08488082885742,46.34300884382259,45.39234939845806,45.39234939845806,6104700
2008-03-04,45.16572570800781,45.883441086783435,44.36616727841666,45.75123086472243,7998400
2008-03-05,45.2349853515625,45.81419348767255,44.6305936264983,45.34201200215879,7258800
2008-03-06,44.542442321777344,45.228676936780055,44.4731886703011,45.102763826792646,5442600
2008-03-07,43.969547271728516,44.76911078578002,43.37774961294907,44.09546524412378,6961000
2008-03-10,43.2644157409668,44.26543817064031,42.99999526557512,44.07027136308146,7146000
2008-03-11,45.71345138549805,45.789002131619675,43.76806170154109,43.76806170154109,7690800
2008-03-12,47.37553024291992,48.25063932095222,46.43116751382517,46.462648192772555,14346200
2008-03-13,47.63997268676758,47.87921442954662,46.166768453626794,46.758566104658314,8559700
2008-03-14,47.085941314697266,48.351389121495124,46.261199137785006,48.1625145939329,8571100
2008-03-17,46.8781852722168,47.35666393710469,45.650515122553614,45.877162658380556,8913600
2008-03-18,48.39545440673828,48.39545440673828,46.98520229483648,47.67144186055912,9404400
2008-03-19,46.4185791015625,48.477287780893484,46.4185791015625,48.23805094699878,7377400
2008-03-20,46.475257873535156,46.7648619938391,45.83309305082282,46.6578353239336,9254000
2008-03-24,47.866600036621094,48.16250113894028,46.6263361668717,46.6263361668717,5374000
2008-03-25,48.25065231323242,48.43952683121982,47.419613079989176,48.09325848266909,5211600
2008-03-26,48.70393753051758,48.86133132946489,47.76587183370933,47.87289846420689,7498900
2008-03-27,48.496177673339844,49.106866395760264,48.294713798206296,48.90540252062671,7068200
2008-03-28,48.53394317626953,49.10685883491649,48.124723195266775,48.71022824273724,4421300
2008-03-31,49.2894401550293,49.50349340516875,48.47728761725602,48.47728761725602,6068700
2008-04-01,50.35340881347656,50.35970110489287,49.604213053209456,49.66716959030376,9342800
2008-04-02,49.427940368652344,50.35341649528246,49.163515187274726,50.27156866162504,8160000
2008-04-03,48.52137756347656,49.333530433949925,48.33880011477053,49.226503765036504,7971500
2008-04-04,48.99982452392578,49.46570868966813,48.38283889636738,48.38913599142876,4885200
2008-04-07,48.63469314575195,49.390181603403704,48.458412825851774,49.264268461554565,5320900
2008-04-08,48.848731994628906,49.05649294016017,48.143610923653064,48.382847743694576,4019000
2008-04-09,47.94845199584961,48.94317721235736,47.627367282470146,48.94317721235736,4582900
2008-04-10,47.665138244628906,48.43322076406665,47.53292802783223,47.86030502133673,6994500
2008-04-11,47.09223175048828,47.75328289687218,46.82780648865664,47.29369564318787,9044900
2008-04-14,47.55810546875,47.86029883859625,47.029259866603546,47.08592412549785,4447000
2008-04-15,47.81624984741211,48.31991209018497,47.161495656398166,47.90439001940549,5458400
2008-04-16,49.7490234375,49.84346066533637,48.17508565115028,48.319890040936315,7640200
2008-04-17,49.70476150512695,50.59652762056463,49.08495674392113,49.236744975709776,9966100
2008-04-18,53.93589401245117,54.04341046828831,51.2289807404306,51.24795366495944,20117900
2008-04-21,52.70259475708008,53.41094286093244,51.89305130967192,53.05676880900626,9813300
2008-04-22,51.86777114868164,52.7089348248658,51.45034744411064,52.58244542513833,5720100
2008-04-23,51.66539764404297,52.34844732227079,51.46301166063056,52.17768610902945,4773400
2008-04-24,51.747596740722656,52.17766740446076,50.92540126363898,51.65905320629958,5305700
2008-04-25,52.01955795288086,52.42432981111338,51.36180247693771,52.196645037699945,4084500
2008-04-28,52.51285934448242,52.87335933533832,52.05116882869392,52.24090287241499,4683900
2008-04-29,51.551536560058594,52.5508142771102,51.48196595108364,52.342107275446054,4509500
2008-04-30,51.78555679321289,52.68997013593441,51.64009444330822,52.08281223683817,6032000
2008-05-01,52.08279800415039,52.28518391520972,50.94437906391443,51.810841483796224,5369900
2008-05-02,52.36739730834961,52.89865842359836,51.93732671851304,52.677299625578044,4511400
2008-05-05,52.33577346801758,52.51286050952335,51.8614311103014,52.51286050952335,3944500
2008-05-06,52.639366149902344,52.803801395490495,51.7223011636867,51.7223011636867,4163100
2008-05-07,51.6274299621582,52.89866906547303,51.52623941638903,52.335783083585845,4932000
2008-05-08,52.12706756591797,52.32313237711738,51.551534615955866,51.92468166342155,3065500
2008-05-09,51.70967483520508,52.10812092461485,51.4377181891836,51.84249019834167,3818900
2008-05-12,53.01251983642578,53.265503478783934,51.67803582761661,52.0069160102607,5167200
2008-05-13,53.17063903808594,53.44259563491909,52.30417154927751,53.2591825974956,4592000
2008-05-14,52.33577346801758,53.18958874685468,51.968947553321335,52.51918642536569,6859800
2008-05-15,52.810123443603516,53.21489526122226,52.1144221836501,52.34210693421822,4633300
2008-05-16,52.93661880493164,53.107384799771594,52.234591548947904,52.980890576693625,5242000
2008-05-19,53.30344009399414,54.365967347457115,52.89234234960023,53.063108329319,6906700
2008-05-20,53.02516174316406,53.157981882195074,52.335786329988075,53.075759431817666,5570300
2008-05-21,52.74687576293945,54.22682173251057,52.51919102527306,53.01883226485984,7220200
2008-05-22,52.00057601928711,52.949260802440456,51.823488965140136,52.90498903890371,5026900
2008-05-23,51.57683563232422,52.48756981934063,50.97599899078999,51.83614031899379,5674900
2008-05-27,51.829811096191406,52.00690297915224,51.12778395655022,51.500935821213574,4871400
2008-05-28,52.61406707763672,52.72790946076664,51.93101277885719,52.07015400548943,4773700
2008-05-29,52.354774475097656,53.069453765600414,52.234606135930804,52.62040517984931,4195900
2008-05-30,52.26621627807617,52.61406935974472,52.00691156513699,52.61406935974472,4921700
2008-06-02,52.07014465332031,52.569785865914675,51.72861756527124,52.13971525414105,5882900
2008-06-03,52.12706756591797,52.68363241672852,51.646404063276805,52.316806460559846,4960200
2008-06-04,52.152366638183594,52.904991478270915,51.8614372036335,52.08279603152373,5724100
2008-06-05,52.32313537597656,52.36740714389566,51.22898336131762,51.77922232710714,6968200
2008-06-06,50.59019470214844,52.02587367683838,50.59019470214844,51.78553711573492,9444800
2008-06-09,51.10881805419922,51.26693220962022,50.38149679947151,50.64080150522618,5828900
2008-06-10,50.65977096557617,51.25428169336487,50.489009812520244,50.786265176414595,5986000
2008-06-11,49.9197883605957,50.666087173113894,49.66047889701488,50.501647143166544,9400100
2008-06-12,50.91276168823242,51.72863136760938,50.30560386700661,50.30560386700661,8053500
2008-06-13,51.54521942138672,52.08280663434887,51.00763220842456,51.14677345007015,5732500
2008-06-16,51.17207717895508,51.55155025812092,50.94439236640318,51.46932779370596,4537700
2008-06-17,51.03292465209961,51.59581064067452,50.98232696598343,51.53256594565977,4516000
2008-06-18,50.40679931640625,51.0708808112392,50.261336971041025,50.81157123650534,5739200
2008-06-19,50.267662048339844,50.81157038634725,49.79331951004193,50.32458083680992,6049100
2008-06-20,50.014671325683594,50.36884549345976,49.66049233264628,49.96407363735524,9064400
2008-06-23,50.596534729003906,50.74832298211768,50.033648666164666,50.22970869415585,6140900
2008-06-24,48.47148513793945,50.394154245061195,48.43353927686365,50.30561068570958,13075000
2008-06-25,48.43354034423828,48.964801712055845,48.06671426154775,48.74976872753793,8075200
2008-06-26,46.97888946533203,47.952873498396315,46.73223170390316,47.5417756209274,14485800
2008-06-27,46.643672943115234,47.33937421857056,45.973270509982385,46.91562946650586,11011800
2008-06-30,46.687957763671875,46.96624028175928,45.89106089613384,46.650011902209826,6650600
2008-07-01,46.858707427978516,46.934603957477535,45.593794221227164,46.15668503747159,9203000
2008-07-02,44.53757858276367,46.92194191573702,44.4869809126414,46.80809957059162,11513100
2008-07-03,44.46800994873047,44.7462923213847,43.59522181439622,44.29092292077218,7280100
2008-07-07,44.78425598144531,45.37876680492453,44.271967614560516,44.72733719635213,11684900
2008-07-08,43.96205139160156,45.182692594225266,43.487709030352875,44.91705720472838,10497600
2008-07-09,43.27901077270508,44.765283004529614,43.21576606980518,44.47435351098085,7059100
2008-07-10,43.27267837524414,43.63317843558046,42.17220526873234,43.335923068673864,9874200
2008-07-11,44.151790618896484,44.65775779367031,42.37458924107794,42.69714343562777,11521800
2008-07-14,44.06324768066406,44.77160076983733,43.60787818228558,44.77160076983733,6405900
2008-07-15,42.3998908996582,43.79761940190054,41.647266004119665,43.6205323265411,11041700
2008-07-16,44.607147216796875,44.73996247609919,42.077321724731746,42.4441475791434,10684300
2008-07-17,45.70151138305664,45.90510973086096,44.50536684230972,44.50536684230972,9091200
2008-07-18,45.10343551635742,45.89237844442178,44.772590047868206,45.854205274179556,7693400
2008-07-21,46.59224319458008,46.853101230758966,44.88710567913196,45.41518556334762,10184800
2008-07-22,47.70566940307617,48.2719272685152,46.923085635625306,47.801102304087124,12434000
2008-07-23,46.07689666748047,47.24122706519877,45.59971255571079,47.05035147882378,9295800
2008-07-24,44.39720153808594,46.26776449591024,44.276313363373845,46.216863700855995,8108600
2008-07-25,44.842567443847656,45.22431362376372,44.409920478831836,44.511717194865305,4727300
2008-07-28,44.02181625366211,45.0270801931487,43.970915461894855,44.778944900991675,5740500
2008-07-29,45.16705322265625,45.3642925696983,44.168148279571724,44.28267262960158,5234700
2008-07-30,45.85419845581055,45.98144557380814,44.931644714912004,45.504261600067565,4820500
2008-07-31,44.23177719116211,45.57425534675613,44.13634426639667,45.57425534675613,7185500
2008-08-01,43.35377502441406,44.53719223499162,43.18834980837399,44.32723002088331,6723700
2008-08-04,42.90203857421875,43.73551870971576,42.74934099802758,43.3919455226593,7415700
2008-08-05,43.37922286987305,43.506470041364096,42.84477407044008,43.17562448298631,6008700
2008-08-06,44.86166000366211,45.52971469400879,42.8574862242887,43.12470810042737,7390800
2008-08-07,43.85639190673828,44.92528428249672,43.710053341282226,44.581711213056494,7077800
2008-08-08,45.10979080200195,45.77148646806206,43.51281380847387,43.97727499334442,6544300
2008-08-11,45.046180725097656,45.408840444865355,44.56899662781556,44.938015307212964,3746900
2008-08-12,45.68877029418945,45.8605592316957,44.817117399865545,45.03980226870136,5705300
2008-08-13,44.429012298583984,44.56898704703051,43.086534271816426,44.257223342157204,9399200
2008-08-14,44.72168731689453,45.40246966371238,43.430110001786865,43.85639323160889,5671200
2008-08-15,44.759864807128906,45.402474047400844,44.409932734869145,44.925289977273316,5060800
2008-08-18,44.04091262817383,45.20524301432777,43.703703302539324,44.81713288560979,5527400
2008-08-19,43.70369338989258,44.09816238889875,43.42374389059788,43.86911368114248,4299800
2008-08-20,43.773685455322266,44.104530927440756,43.20106362457183,43.830945211313725,6401900
2008-08-21,43.710060119628906,44.059997055964224,43.016554914741214,43.36649185107653,5100700
2008-08-22,44.708953857421875,44.925279777599535,43.9581842300399,44.040899223416474,4257500
2008-08-25,43.6209716796875,44.632604125681404,43.353749846468695,44.54353018127514,4549800
2008-08-26,43.69733428955078,43.926383022006725,43.22015023929542,43.678247704207315,3391400
2008-08-27,44.257232666015625,44.44810824577648,43.65916523415571,43.6718880075282,3145100
2008-08-28,45.6060905456543,45.688800736569824,44.62627161575874,44.696259028906226,5520700
2008-08-29,45.00162887573242,45.790571630201946,44.82983993910772,45.38973401418834,4905300
2008-09-02,43.951839447021484,45.80967510575458,43.6782536931954,45.491552361964615,6906600
2008-09-03,43.09291458129883,43.97093172018148,42.749341391083405,43.875493913871345,8432000
2008-09-04,40.681514739990234,41.99218064602503,40.0834451621148,41.99218064602503,13684600
2008-09-05,40.76423645019531,40.99964896027388,40.032553379455415,40.586088541667294,9263500
2008-09-08,41.088714599609375,42.67296372746965,40.26159392977669,42.11306972051805,7218000
2008-09-09,39.05274200439453,41.35594959453771,39.05274200439453,41.285962214582824,10056300
2008-09-10,39.968929290771484,40.713337548992556,39.26269662405102,39.415396562970244,7916800
2008-09-11,41.23505783081055,41.23505783081055,38.94457563881532,39.7080705118415,9008200
2008-09-12,41.64862823486328,41.78860301611032,40.1852641269416,40.70698522257381,6967900
2008-09-15,40.21708297729492,41.260525351784786,40.09619718949867,40.27434517721616,7801200
2008-09-16,41.184173583984375,41.55955610110887,39.35178342694343,39.36450862826555,10035200
2008-09-17,40.17890548706055,41.64226726794564,39.956218099207916,40.38886524620179,9294000
2008-09-18,41.55955505371094,41.67407943563972,38.20017965602394,40.63699861132198,12983300
2008-09-19,42.30394744873047,47.40027351764669,41.96673822587556,45.103427660874395,15758600
2008-09-22,41.10145950317383,42.526648104715385,41.10145950317383,42.25306719190214,5921200
2008-09-23,40.427032470703125,41.82041142150535,40.08982076519114,41.139629051611955,6573900
2008-09-24,39.28179931640625,40.92967530373236,38.96367655767213,40.65608953705429,6657400
2008-09-25,39.42177200317383,40.223442720926265,38.65191550322297,39.68899638478599,7755400
2008-09-26,40.80242156982422,40.84695856000512,38.60101275457068,38.76643794131455,8264000
2008-09-29,38.10472869873047,40.325225751182884,36.972212898756986,39.79714101392949,12504600
2008-09-30,37.920223236083984,39.10364001745201,37.02948117069507,39.03365263813273,10165500
2008-10-01,36.234188079833984,37.55757769038202,34.923521245688534,37.35397928875924,15614000
2008-10-02,33.224735260009766,35.78880342183158,33.027498314068254,35.636103459314995,15011700
2008-10-03,32.58211135864258,35.407041188067375,32.43577527523005,34.16636274355641,11596500
2008-10-06,31.303281784057617,32.308548498637506,29.12095933675393,31.926802136560926,17852500
2008-10-07,30.113496780395508,33.568307165090985,29.954435425993463,32.25127934480874,13518900
2008-10-08,30.317092895507812,31.94587949174766,29.15276270171122,29.509060983180426,15858800
2008-10-09,28.50379180908203,31.341445548757545,28.1602187301751,30.915162320067555,11223300
2008-10-10,27.441259384155273,29.146396914938038,23.585612144773396,26.735026740730977,19740000
2008-10-13,31.481426239013672,31.49415143993644,28.541972784203097,28.63104676357858,10573100
2008-10-14,30.215299606323242,33.721011213635165,29.65540289149447,32.95115474767308,12060500
2008-10-15,26.760482788085938,29.458161964268225,26.70958199034336,29.133677873451987,12907900
2008-10-16,27.229629516601562,27.673068537575997,25.43660168268238,27.12037798779404,16082300
2008-10-17,25.26950454711914,27.576664411922483,25.070278169377797,26.599816528474044,18277600
2008-10-20,26.284915924072266,26.7347780327573,25.063855325046703,25.622971411244265,13386100
2008-10-21,24.954591751098633,26.574099463600668,24.755365448034947,25.96357191041334,14320400
2008-10-22,23.470046997070312,24.639693159084455,22.93021011832808,24.472601900895643,13842100
2008-10-23,22.72455596923828,23.727108322751555,21.76056181297465,23.637135927083843,17648000
2008-10-24,21.400671005249023,22.165441315382708,20.53307719551403,20.578063395926122,13391800
2008-10-27,21.066482543945312,22.428929234522784,20.790137386525785,21.085764092029137,12798100
2008-10-28,22.46106719970703,22.724558871339788,20.565211293293675,21.940509406282413,12818200
2008-10-29,23.225833892822266,24.703957886617548,22.17186726162153,22.833809180873775,16072900
2008-10-30,24.01630401611328,24.382621552941206,23.296522490432885,23.990599371725967,8689300
2008-10-31,24.549726486206055,25.185961467673632,23.20013274847728,23.91348905317375,9869200
2008-11-03,25.070274353027344,25.32734044958952,24.421186013975618,24.948169305520498,7617800
2008-11-04,27.15250587463379,27.268185385727786,25.597262927914485,25.957152561038686,11411400
2008-11-05,25.96357536315918,28.007243047810448,25.770774582235887,27.403138510503158,14047600
2008-11-06,24.164127349853516,26.092116312391767,23.997036051788687,25.590839966632537,13289300
2008-11-07,24.71038055419922,25.32091059095386,24.00345013474937,24.736087649793085,9256600
2008-11-10,24.042007446289062,26.27204742295449,23.662836419299307,25.86716930393348,13844100
2008-11-11,23.694976806640625,24.613984808979534,23.502178456489,23.70140480753196,12705800
2008-11-12,22.54462242126465,23.592161495036176,22.525340861459892,23.489335498482987,10751000
2008-11-13,25.32733917236328,25.410886017267423,22.107599836313156,22.8787931839814,17357500
2008-11-14,23.752817153930664,25.314487997074288,23.592151449504893,24.748944031057626,11991200
2008-11-17,22.943069458007812,24.260528110097503,22.686003278864312,23.592158005576227,9379100
2008-11-18,23.257970809936523,23.328664125264357,22.319683510192377,22.705282743372056,12275800
2008-11-19,21.766979217529297,23.405768179685424,21.721993036527746,23.200116366088896,10596400
2008-11-20,21.105039596557617,22.85308262941067,20.71301502361073,21.445649985449663,19824100
2008-11-21,22.281118392944336,22.396797894594272,20.629475171298584,21.632030035076653,16836200
2008-11-24,23.3543758392334,23.739972696931616,22.23614102940452,23.45077627944047,16864600
2008-11-25,23.95203971862793,24.176970688594185,22.917352353655737,23.69497365161189,12915500
2008-11-26,25.275928497314453,25.288779595631304,22.94306190257127,23.135860247655604,11110900
2008-11-28,26.34274673461914,26.464851772393498,25.192379844118516,25.192379844118516,5429800
2008-12-01,23.508607864379883,25.01243655650572,23.373646804788642,25.01243655650572,13152700
2008-12-02,24.421188354492188,24.575428517524607,23.47647317838365,23.97132386817554,10440200
2008-12-03,25.481578826904297,25.745070454364427,23.7335353755217,24.02915964992793,14289200
2008-12-04,24.112720489501953,25.31449983412012,23.7206955951422,25.128126941462984,11379200
2008-12-05,24.588287353515625,24.838928003749185,23.579306555428577,23.810665646988788,14260300
2008-12-08,27.261762619018555,28.302878418778512,25.963585548025534,26.23993082741759,25502000
2008-12-09,27.236040115356445,28.379978693373364,26.516256279433712,27.02396029274623,15381700
2008-12-10,28.065092086791992,28.88770239542544,27.570243733224924,27.79517480302814,15423400
2008-12-11,27.120372772216797,28.849134956912486,26.799041347075757,27.640928111944188,12132100
2008-12-12,27.043254852294922,27.29389298032653,25.706514900707276,25.7386475540203,10389000
2008-12-15,27.126794815063477,27.673059638120343,26.670504838728043,27.358153803505076,8065200
2008-12-16,28.14863395690918,28.21290171654008,26.42629722383072,27.460984864026848,11652300
2008-12-17,28.69489860534668,29.369694139803286,27.640929421630794,27.85943489914253,9688000
2008-12-18,27.094669342041016,29.234738100280257,26.998268920807615,29.196177441473985,12694700
2008-12-19,27.43528175354004,27.743759689976063,26.934005413277088,27.45456331001803,13271200
2008-12-22,26.850448608398438,27.94940376172233,26.23349296371528,27.71161678177177,9148600
2008-12-23,26.432716369628906,27.165351423010584,26.124238581445223,27.04324639796815,6449900
2008-12-24,26.933998107910156,27.068956708827418,26.349175052371308,26.52269430422095,2110200
2008-12-26,27.454557418823242,27.57666247634724,26.927574084046114,26.978985836637836,2855200
2008-12-29,27.210346221923828,27.82730199346589,26.805467924289964,27.448130799204023,4973200
2008-12-30,28.058658599853516,28.11649835166808,26.99826396710782,27.35815602857225,5060400
2008-12-31,28.70774269104004,28.98408785835721,28.084361516111954,28.084361516111954,6277400
2009-01-02,30.147314071655273,30.192300274845426,28.73345531714761,28.861988376932704,7117200
2009-01-05,29.6138973236084,30.282264644290155,29.44037810668528,30.140880522457785,11098700
2009-01-06,29.433942794799805,30.076605311941996,29.183304805364422,30.07017976545827,10863400
2009-01-07,28.065092086791992,29.305431875283517,27.763042143279794,29.06122169994426,9026500
2009-01-08,28.290008544921875,28.347848278208534,27.326014624519754,27.5895061980338,9384200
2009-01-09,27.763046264648438,28.315736919999058,27.152515832538676,28.219336474878773,8872300
2009-01-12,26.471271514892578,27.698756978353227,26.111382029205636,27.634491699212916,9583700
2009-01-13,26.606237411499023,26.921140769326925,26.059972632197457,26.419864635564476,9281600
2009-01-14,25.28879165649414,25.925029195430554,24.581863236844917,25.70652364637377,17261700
2009-01-15,25.587589263916016,25.970851051272987,24.223438483431817,25.438182462473453,15448300
2009-01-16,25.6915340423584,26.367114812036824,24.723636910158064,26.367114812036824,12890100
2009-01-20,24.892532348632812,25.743504473400456,24.68466171140939,25.431698517565323,11889900
2009-01-21,25.6915340423584,25.795469354769438,24.502774061532936,25.5096478651424,10287000
2009-01-22,24.184471130371094,25.334256934772366,23.599835918684356,25.262800941807537,19268200
2009-01-23,23.16460609436035,24.184472181137924,22.74236746923005,23.378974082568693,22677400
2009-01-26,21.222301483154297,22.242169547926547,20.592195008042776,21.826425999899048,47390400
2009-01-27,20.994945526123047,21.70950023717056,20.85203359270857,21.592575220209778,20354500
2009-01-28,21.436677932739258,21.767970955919406,21.189830644518555,21.60557188067138,13466700
2009-01-29,20.689645767211914,21.215818508852724,20.546733765008298,21.1833391841738,14575000
2009-01-30,20.04004669189453,20.61169090753556,19.52686500508597,20.51425170747258,20956900
2009-02-02,19.67626953125,20.007562503573034,19.228047805450565,19.552845906086535,16966700
2009-02-03,19.48138999938965,20.156970645929782,19.364462484487976,19.364462484487976,18880200
2009-02-04,19.877647399902344,20.50775537665531,19.617809122839606,19.773712089077247,17419200
2009-02-05,20.53374671936035,20.8455527565441,19.617815710753675,19.715254942497715,17793300
2009-02-06,21.618560791015625,21.988830427596366,20.923493053714033,21.033925696525806,17010100
2009-02-09,21.254789352416992,21.82643224833075,21.046918757900546,21.741986522942348,9063700
2009-02-10,20.08552360534668,21.638060065540557,19.884149039516572,21.345741148200897,17205600
2009-02-11,20.221933364868164,20.741611176310236,19.910127421406933,20.364845351542908,10544900
2009-02-12,20.150480270385742,20.195951819343616,19.507379994395574,19.975088948113846,13662000
2009-02-13,20.0985164642334,20.683153078280096,20.040052678928028,20.403826379378213,10182000
2009-02-17,18.825298309326172,19.812684869012273,18.526484640451063,19.68276512836698,22207000
2009-02-18,18.474515914916992,18.98120014807935,18.03928641983786,18.942224723760642,17863600
2009-02-19,17.552093505859375,18.825301744913197,17.4481581899777,18.80581464756457,17837600
2009-02-20,17.318235397338867,17.71448949422755,16.902494206509086,16.98044506028643,19735100
2009-02-23,16.31786346435547,17.707999478982803,16.278886785043124,17.707999478982803,16294800
2009-02-24,16.91548728942871,17.097373450171034,15.863140797821014,16.402305646747912,22352400
2009-02-25,16.2593994140625,16.921986844266264,15.824169747699452,16.915491970162435,17736700
2009-02-26,15.739724159240723,16.70762287314087,15.687756484635583,16.499752174720314,14299600
2009-02-27,15.98656177520752,16.38931069756916,15.26550964648716,15.427908685279577,16872900
2009-03-02,14.401543617248535,15.72022396597034,14.310600572166363,15.635775790674554,21017600
2009-03-03,14.59642505645752,15.129094940660746,14.102731833370893,14.71335256179466,22397200
2009-03-04,16.52573013305664,17.14284587144623,15.369448279022127,15.466887475714524,37251600
2009-03-05,15.259015083312988,16.0450271550426,15.05764060171551,16.0450271550426,21400000
2009-03-06,15.090121269226074,16.181443216578934,14.628908505693646,15.525350825872593,19993500
2009-03-09,15.538337707519531,16.14895834701992,14.75882194479537,14.862757214624438,19510700
2009-03-10,17.220796585083008,17.51961026273804,15.93459631872988,16.084003157557397,22468000
2009-03-11,17.090871810913086,17.62354037623822,16.6686346241802,17.519605106858005,15780700
2009-03-12,17.552093505859375,17.649532709622605,16.415299904272732,17.025919575325876,13783900
2009-03-13,17.39618492126465,17.935349663132126,16.902491710553683,17.824918270749325,10861300
2009-03-16,17.162338256835938,17.79894248041032,17.071395150327284,17.584575701492135,13215200
2009-03-17,17.428674697875977,17.441666925724014,16.67514282878834,17.22080400833553,14259900
2009-03-18,17.84441375732422,18.143228763950304,16.69462900039067,17.0454104336396,17978500
2009-03-19,18.455034255981445,18.740857028677556,18.039292942246625,18.169211483285334,17542700
2009-03-20,17.584569931030273,18.773330994752854,17.363707111409116,18.59793971346432,16531300
2009-03-23,19.24753761291504,19.260529836134253,17.883386389069234,18.279639285202443,14463000
2009-03-24,19.098134994506836,19.702259878984215,18.539482901372157,19.18907933818536,13690200
2009-03-25,18.77982521057129,20.130985197128602,17.98731832773693,19.578828203798516,20700600
2009-03-26,19.994569778442383,20.124488263969067,19.130606955614976,19.20855779912972,16161100
2009-03-27,19.71524429321289,19.968586406704837,19.325486337759326,19.617805114101095,11277500
2009-03-30,17.88338851928711,19.16309292265594,17.57158131991741,19.059157602534956,15827700
2009-03-31,18.162715911865234,18.4810192585657,17.82492670388865,18.29263569578407,13405900
2009-04-01,18.831790924072266,19.176077305559808,17.824917457523426,17.863892876878506,15308300
2009-04-02,20.4882755279541,20.77409711432879,19.487896258621472,19.67627985051154,21643000
2009-04-03,20.884525299072266,21.241802824288417,20.085520783595797,20.527246534849308,13674000
2009-04-06,20.338863372802734,20.78708524532701,19.63729929533322,20.605197803387938,11067500
2009-04-07,19.130615234375,19.81269098582526,19.085142443805708,19.741234982508942,13156900
2009-04-08,19.20856285095215,19.7152484230808,18.7603410463386,19.33848260965385,12817200
2009-04-09,21.12486457824707,21.241792069555693,19.819176323644434,19.819176323644434,18171400
2009-04-13,21.540616989135742,21.800456545941405,20.449294815373822,20.94948435151584,12458400
2009-04-14,21.24180030822754,22.047298362976004,21.05341677938626,21.222310733442125,11034600
2009-04-15,21.449668884277344,21.566596409763843,20.832551939323725,21.17683716547115,11224800
2009-04-16,21.522048950195312,21.791814680325363,20.614057194752373,21.383876810115304,16226000
2009-04-17,21.24570083618164,21.52862612525583,20.535097084105484,21.502306910007412,14723000
2009-04-20,20.05478286743164,20.80486419365299,19.85081396743611,20.80486419365299,14373800
2009-04-21,20.653526306152344,20.857496412641762,18.752007364468266,19.0678303452036,29526100
2009-04-22,21.35097312927246,22.97614561016909,20.660108855223214,20.765383196131246,29665400
2009-04-23,21.35097312927246,21.541783656523982,20.706166222499338,21.53520259837695,16288600
2009-04-24,22.12737464904785,22.495833625794788,21.212803246138808,21.482568929802184,15805800
2009-04-27,21.969453811645508,22.436608420143894,21.50887774963208,21.53519695544716,9647500
2009-04-28,21.568103790283203,22.074737420852504,21.318078759564848,21.71285697328548,8480400
2009-04-29,22.166847229003906,22.469513135992536,21.71285213342813,21.8247050154058,11981200
2009-04-30,23.410409927368164,23.949941349747036,22.60111028386107,22.647167660653988,20103300
2009-05-01,24.515777587890625,24.811862373601123,23.456455925584837,23.60120653531408,14113400
2009-05-04,25.318506240844727,25.608010089826507,24.739496032942558,24.95662580213285,14399700
2009-05-05,25.93040657043457,26.042261951573877,25.167167093613987,25.23296260491626,13609800
2009-05-06,26.318613052368164,26.73971045961589,25.27244808313899,26.279134229211742,14755200
2009-05-07,24.95003890991211,26.95025369870637,24.482884225339838,26.673909522459567,16972200
2009-05-08,26.081735610961914,26.265965031886687,25.186902692291408,25.325077267922598,15556000
2009-05-11,25.285600662231445,25.713279009426294,25.048732809012012,25.4961493073292,9486400
2009-05-12,25.042158126831055,25.660644553517564,24.43025024822135,25.489574694200265,11919800
2009-05-13,23.73938751220703,24.36445249405867,23.54199592852941,24.324976185273748,13415600
2009-05-14,23.732807159423828,24.19996190014247,23.27881202533733,23.601213603040716,12056100
2009-05-15,23.51569175720215,24.31182953450111,23.127491951008007,23.726240549381387,14010000
2009-05-18,24.85793113708496,24.884250354547298,23.75913016238908,24.035474415927425,11012400
2009-05-19,24.78555679321289,25.331669310389383,24.700023093606582,25.1934971710817,10539200
2009-05-20,24.54210662841797,25.858037305651518,24.45657043161499,25.061899848310482,13806100
2009-05-21,23.38408851623535,24.35129584811978,23.272233104557607,24.18680451501729,14108000
2009-05-22,22.574796676635742,23.752552986329835,22.489260460868305,23.71965521409286,14292900
2009-05-26,23.028785705566406,23.58147666289754,22.390558555688976,22.62084791870771,13792600
2009-05-27,23.061681747436523,23.416983588471894,22.93008819409695,23.357766614966,13517600
2009-05-28,22.759010314941406,22.897182367805183,22.002349532223306,22.89060382192769,15118800
2009-05-29,23.331445693969727,23.43672002694549,22.89061020898936,23.0024630896782,11076700
2009-06-01,24.70659637451172,24.825030328642875,23.917037516950153,23.930197124068993,14336900
2009-06-02,24.640798568725586,24.969781186439043,24.469726201949204,24.680274876490763,7734900
2009-06-03,24.121004104614258,24.48288446222175,23.83807886813577,24.34471237276148,9236400
2009-06-04,25.015846252441406,25.147439842021246,23.870985286017426,24.25260644480507,11317900
2009-06-05,25.31191635131836,25.50272430882852,24.56841513984347,25.34481410192787,15819100
2009-06-08,25.377723693847656,25.581693858699598,24.278922749174253,25.0224217976302,13725300
2009-06-09,25.16059684753418,25.59485389123931,24.93688852138677,25.331666739322813,10475400
2009-06-10,24.752656936645508,25.496158520144835,24.298661727219585,25.48957997070623,14923900
2009-06-11,24.74607276916504,25.193489327576444,24.509204884130984,24.86450671168207,10273800
2009-06-12,24.825031280517578,24.851350495764425,24.357876504609308,24.65396140129008,8567400
2009-06-15,23.76570701599121,24.403934189249362,23.601215683496928,24.351295758080692,10456700
2009-06-16,23.397241592407227,24.324972351718646,23.285386211955483,23.98940872030128,12501500
2009-06-17,22.89719009399414,23.206434563269532,22.20632708662027,23.160377196773823,15381900
2009-06-18,22.423460006713867,22.98272954210615,22.074736669526345,22.976148483136217,16245700
2009-06-19,22.140535354614258,22.765600438286118,22.00894178070594,22.666907140308872,14484700
2009-06-22,21.291757583618164,22.03525907798596,21.061468221854426,22.015518412159192,14197900
2009-06-23,21.71285629272461,21.81155209803061,21.147005696839187,21.364135464536957,10935700
2009-06-24,21.976041793823242,22.607687872822876,21.798390863491147,22.054996926213597,10348300
2009-06-25,22.693225860595703,22.89061496217037,21.83129035479537,22.318183304683647,11633400
2009-06-26,22.73927879333496,23.16037613044407,22.43661288609194,22.726119187808038,12586700
2009-06-29,22.857717514038086,23.22617650610604,22.46951785458175,22.936672653775698,6831400
2009-06-30,21.739173889160156,22.85771538955938,21.706276126488675,22.824815116949495,16878900
2009-07-01,21.837865829467773,22.469514379495195,21.811549126917743,22.028676355100412,11585100
2009-07-02,20.883819580078125,21.574683934736072,20.883819580078125,21.574683934736072,13560800
2009-07-06,20.857501983642578,20.94303692649126,20.3706065229155,20.771965785824587,10887100
2009-07-07,19.929767608642578,20.90355585711196,19.896868593848215,20.804861322667065,14612100
2009-07-08,20.120580673217773,20.206115617893406,19.74554061854042,20.06136369037721,15867800
2009-07-09,20.16663932800293,20.620635806947636,20.120581950640457,20.495622029128487,10181900
2009-07-10,20.08768081665039,20.166635948908038,19.758698170648728,20.002144625907206,10456100
2009-07-13,20.923297882080078,20.923297882080078,19.903452079184,20.271912328266737,11100500
2009-07-14,21.008834838867188,21.028572997138156,20.541678765267417,20.725909523935822,10124900
2009-07-15,22.265544891357422,22.351081079448214,21.311494745549076,21.311494745549076,18065800
2009-07-16,22.75189781188965,22.825181435390085,22.078999880219218,22.38546698697919,10224700
2009-07-17,22.645305633544922,22.851836646000137,22.512058261375028,22.638641867121198,8814500
2009-07-20,24.41748046875,24.484102861303857,23.48475172410778,23.531387907191757,21979800
2009-07-21,26.28960609436035,27.615413531456674,25.34355456414187,27.189023966204275,62789300
2009-07-22,25.75661277770996,26.242963414323977,25.383520729500656,25.630029200996173,16656500
2009-07-23,27.488815307617188,27.648712595093535,25.716632867036704,25.823230211527214,19367900
2009-07-24,27.981842041015625,28.03514200767192,26.81593195597331,27.26897150662262,17007900
2009-07-27,28.554798126220703,28.64140928355529,27.68203041211194,27.881900163168712,14323100
2009-07-28,28.58146095275879,29.034500614273053,27.91522645541227,28.208368719310887,16693600
2009-07-29,27.868581771850586,28.348268735906565,27.51547586739296,28.341607511210597,12387200
2009-07-30,28.92122459411621,29.227691695749122,28.388237777910796,28.41488775409147,14918100
2009-07-31,29.35426902770996,29.627424848116966,28.648060119142187,28.821279829517984,11731800
2009-08-03,30.06048583984375,30.306994319179566,29.540823986669817,29.767343712165435,12258800
2009-08-04,31.905948638916016,31.9459235973392,30.213713521219766,30.280338451925076,25328500
2009-08-05,31.073171615600586,32.03255076599207,30.93326300332933,31.819353422529783,15593200
2009-08-06,31.406282424926758,31.845996932279615,31.019867877971578,31.392957434827338,12246500
2009-08-07,31.832664489746094,32.12580912034042,31.592819807071248,31.945925608334285,15352200
2009-08-10,31.412944793701172,32.1124902231771,31.039852711955806,31.706086938405612,11555300
2009-08-11,30.833314895629883,31.17975695014591,30.000522228470636,31.15977073940818,13091100
2009-08-12,31.69943618774414,32.01256464942411,30.380289747029423,30.580162114186802,11464600
2009-08-13,31.4262752532959,32.01922600084325,31.073171836534268,31.992576015035667,9605800
2009-08-14,30.64677619934082,31.479569030844644,30.273684095893575,31.426269069717026,9107200
2009-08-17,29.2810001373291,29.813987108059393,28.834621802073368,29.813987108059393,11384300
2009-08-18,30.053836822509766,30.16709546051642,29.35429114954571,29.447563567076546,8892000
2009-08-19,30.093793869018555,30.480210877098337,29.04780650781151,29.31430117141698,9045000
2009-08-20,30.313657760620117,30.40693014709261,29.75402090030324,29.933904449135298,6887900
2009-08-21,31.512868881225586,31.5328576301872,30.393595515657697,30.66675136430932,12327500
2009-08-24,31.686100006103516,32.598840164019784,31.53952766633527,31.91261973961724,9772600
2009-08-25,31.865976333618164,32.19909336386808,31.55284551190924,31.83932636124267,9574900
2009-08-26,31.47956085205078,31.819339120773495,31.146443805997336,31.786027924464427,7900100
2009-08-27,31.366308212280273,31.552852980099182,30.593474079357694,31.31300825491381,8307200
2009-08-28,31.119800567626953,31.97924334240988,30.81999465299548,31.699426183075115,7568400
2009-08-31,30.187070846557617,30.580149104466237,29.913914941331736,30.493537951643894,10475100
2009-09-01,29.20771598815918,30.98656060348832,29.141093565230065,29.91392536202742,13899800
2009-09-02,28.987836837768555,29.34094254475482,28.774642185974937,29.20769525201363,8886000
2009-09-03,30.007183074951172,30.060480478895997,29.067793139406962,29.520832509603732,8784300
2009-09-04,30.720064163208008,30.859972757088325,29.873946292174082,30.00052989499692,7398500
2009-09-08,31.29302978515625,31.492899591774904,30.88662640485825,31.246393581661316,7448100
2009-09-09,32.252403259277344,32.47892302924315,30.97989581250885,31.33966295448082,12361900
2009-09-10,32.43894577026367,32.478920741494434,31.732739068894567,32.065856204704765,8196200
2009-09-11,32.332340240478516,32.718757240549834,31.8526534140042,32.45892634673429,9760200
2009-09-14,32.49223709106445,32.71209302066101,31.8126780097527,31.992561520230637,6909200
2009-09-15,34.44430923461914,34.724126383471024,32.41229539832586,32.718762525587024,20593500
2009-09-16,35.0572395324707,35.270434252719404,34.60420011657183,34.85070857681314,12789100
2009-09-17,35.903350830078125,36.28976778050111,34.98394717345198,35.037247114812835,15284900
2009-09-18,35.5902214050293,36.303094170161025,35.27042936893682,36.0499245218657,12397800
2009-09-21,34.950645446777344,35.596893432659805,34.52425596633267,35.097217783735864,10109400
2009-09-22,36.20317077636719,36.26313196306003,35.21714434968203,35.3037555174566,11179500
2009-09-23,35.4036865234375,36.44967405967893,35.38370030984113,36.263129288827784,9615400
2009-09-24,34.544246673583984,35.84340403811656,34.044570959647,35.49696190480907,11799300
2009-09-25,34.11119842529297,35.123874918431675,34.0112622585526,34.75744400137186,10786700
2009-09-28,34.764102935791016,34.91067528224163,34.144504887681364,34.47762200853679,6040400
2009-09-29,34.377685546875,35.23712832091736,34.30440191578994,34.79741382699739,7536500
2009-09-30,34.19780349731445,34.95731009625381,33.558216718987026,34.77742655311315,10647200
2009-10-01,32.94528579711914,34.037909614418695,32.84534963809307,33.858026053061025,12845600
2009-10-02,32.53221130371094,32.94527572115527,31.646118758560217,32.432275175249266,10681200
2009-10-05,33.81139373779297,33.844704947464756,32.67879481857535,32.77873098907311,8668000
2009-10-06,34.44430923461914,34.90400992551088,33.77141125793504,34.24443947951325,9776300
2009-10-07,34.57756042480469,34.69748279948122,34.14450712275254,34.14450712275254,7437300
2009-10-08,35.3703727722168,35.48363136307964,34.48428009154382,34.997280715910016,11193400
2009-10-09,35.736812591552734,35.7767875702428,34.85072216652423,34.983967012526094,8049900
2009-10-12,35.343719482421875,35.97664240337005,35.183824717192074,35.969981180436086,6686100
2009-10-13,35.137203216552734,35.43700666202115,34.697488616185524,35.24380061841501,6511700
2009-10-14,36.31642150878906,36.31642150878906,35.34372028356797,35.6568511396729,9191300
2009-10-15,36.48964309692383,36.50296808431605,35.65018668158444,35.97664251899008,7367400
2009-10-16,36.35639572143555,36.47631806634204,35.723472799202725,36.049928636221836,8837900
2009-10-19,38.541648864746094,38.774832368174,36.54960995703034,36.56959617048803,18786400
2009-10-20,39.71421813964844,40.826827951680386,38.888086674325,40.753541788448274,33896900
2009-10-21,38.9080810546875,40.05400223171132,38.79481991108818,39.3411317904963,17064300
2009-10-22,39.41808319091797,39.525452736638236,37.780694418819024,38.78728486990599,11376500
2009-10-23,38.653076171875,39.9884874305141,38.53899713806609,39.33084857707763,8775700
2009-10-26,38.297393798828125,39.64622582545043,38.13634083319279,38.914770326805545,9793200
2009-10-27,38.04241943359375,38.65308439599238,37.84110179234338,38.18334408637243,10948800
2009-10-28,36.52582931518555,38.2907194414786,36.51911727552556,37.727028425014694,12086300
2009-10-29,38.41819381713867,38.47858933339533,36.921729980880755,37.10962600483865,9873200
2009-10-30,36.94858169555664,38.85439308378863,36.66673503340887,38.310833309577035,12047400
2009-11-02,37.237144470214844,38.06254849377114,36.411737886766154,37.37806654645539,9967300
2009-11-03,37.8880615234375,38.06924810014645,36.66673205959942,36.89489264954124,7770500
2009-11-04,37.72701644897461,38.80742410089093,37.64648735797638,38.20346871786557,8643700
2009-11-05,38.914794921875,38.98189993998656,37.97530930895908,38.07596939601877,6843500
2009-11-06,38.653076171875,39.055713928600206,37.941753820143795,38.50544463164536,6160600
2009-11-09,40.26362228393555,40.32401781975714,39.082557156625995,39.1765051990391,12250500
2009-11-10,40.236793518066406,40.48508778662309,39.63954998538992,40.14955748198299,8872900
2009-11-11,40.30388259887695,40.8138873012751,39.90795691889859,40.773622761654764,7496100
2009-11-12,39.30399703979492,40.34413987302932,39.04228396251761,40.14953435395875,7588100
2009-11-13,39.444923400878906,39.76032255933354,39.05570976013385,39.491897416832764,6442100
2009-11-16,40.532047271728516,40.86757745589881,39.76032682417998,39.928091916265124,8333600
2009-11-17,40.1830940246582,40.377699578460344,39.626112711649036,40.297173054132145,7096000
2009-11-18,39.86769485473633,40.35756859768741,39.59256021664347,40.23677753121815,6626100
2009-11-19,39.33084487915039,39.418083435555744,38.65307253767263,39.40466192227093,8235500
2009-11-20,38.88794708251953,39.08255519483075,38.27728227759524,38.98860459724145,8698100
2009-11-23,39.015445709228516,40.14953926260562,38.89465464958016,39.565714954341274,9476000
2009-11-24,38.92148971557617,39.169781260785264,38.41148511462083,38.99530674358489,6625800
2009-11-25,39.61939239501953,39.82070993070714,38.5524066399947,38.93491072576857,6236500
2009-11-27,38.55241012573242,39.14294383571536,38.082667460061714,38.277275538108256,5189600
2009-11-30,39.18320083618164,39.26372733553628,38.45845722220734,38.80069676438302,9718500
2009-12-01,40.04886245727539,40.43136646635671,39.626093925173095,39.75359696812743,9823800
2009-12-02,39.55229568481445,40.317306625949506,39.29058256069364,40.16296049439369,7872000
2009-12-03,39.05571746826172,40.26362572812705,38.92150487052282,39.67309183401132,7593300
2009-12-04,39.12282180786133,40.008621353707824,38.42491835965126,39.679803182844076,10448100
2009-12-07,38.62623596191406,39.20334573194348,38.45847086879231,39.20334573194348,6834500
2009-12-08,37.83437728881836,38.37793444834791,37.747138740293344,38.344381948112655,6480000
2009-12-09,37.70017623901367,37.97531092077659,37.17674990782872,37.82096732465519,8552300
2009-12-10,38.21017837524414,38.431629536692576,37.921622197540465,38.19004738234602,6303900
2009-12-11,38.5926628112793,38.6866133697127,38.008841277557735,38.41147884831371,5364700
2009-12-14,39.12282180786133,39.22348189439075,38.75373909040734,38.92150419469482,4585300
2009-12-15,39.05571746826172,39.216770537634495,38.78729227278392,39.069138984024846,4950100
2009-12-16,39.07583236694336,39.49188894466049,38.9214888390788,39.210044909401205,6738800
2009-12-17,38.60609436035156,38.91478401284952,38.25714273223029,38.87451947733458,5700400
2009-12-18,38.37794494628906,38.98860983322269,38.06254828593371,38.96847883955322,7236400
2009-12-21,38.653076171875,38.87452732205769,38.45175857345847,38.6262357026737,5339700
2009-12-22,38.84769058227539,38.9080861275674,38.465186315390184,38.626241956133065,4280000
2009-12-23,39.13623809814453,39.30400318003297,38.84768195250505,38.955051502517975,4047700
2009-12-24,39.142948150634766,39.34426572671684,39.04899755923072,39.15636710380062,1507800
2009-12-28,39.26373291015625,39.37781448033949,39.03557232968141,39.25702343421212,3789800
2009-12-29,39.04228591918945,39.41808058430604,39.00873341835034,39.303999009582974,2879300
2009-12-30,38.955039978027344,39.069121531105345,38.753722451297556,38.90806597378677,3479800
2009-12-31,38.24372482299805,38.894651525608175,38.24372482299805,38.65306942571505,3859700
2010-01-04,39.29059600830078,39.72007436512233,38.59269239851929,38.68664302898032,7325600
2010-01-05,39.760318756103516,39.88781927865492,39.07583701210258,39.29057608160582,5697200
2010-01-06,39.88111877441406,40.2166489659808,39.62611511205352,39.713353678630696,4718800
2010-01-07,40.04216384887695,40.19650995892795,39.35768464726327,39.79387227339388,5432900
2010-01-08,40.49177932739258,40.51191031758662,39.760323484936464,39.760323484936464,6651300
2010-01-11,43.03509521484375,43.22970331630357,40.834018249039126,40.90112581500384,21958800
2010-01-12,41.766788482666016,42.384162645431715,41.05546374044805,42.283502590250045,13561900
2010-01-13,41.827186584472656,42.12916164886599,41.18967883540241,41.67284047436676,8398700
2010-01-14,41.59231948852539,42.16943178943294,41.43797591779998,41.6728460124056,6224100
2010-01-15,40.61939239501953,41.66663172204407,40.54507173575564,41.51799298087305,9397000
2010-01-19,41.16667556762695,41.349098367433236,40.09916494150671,40.376176768466394,8056500
2010-01-20,40.376163482666016,40.8288427059771,40.07212816038957,40.65317521847483,6953500
2010-01-21,38.41006851196289,40.470769115728814,38.308724228449016,40.20051253830969,13874900
2010-01-22,36.653404235839844,38.87625646612753,36.498007623938534,38.22764384844619,14757600
2010-01-25,37.25471878051758,37.964138924323244,37.045272425858656,37.26823186426286,9777300
2010-01-26,37.73440933227539,38.47085540306718,36.889861204181884,37.15336238512639,15218300
2010-01-27,36.10614013671875,36.37639671455232,34.477850569797944,35.781833789733106,34041000
2010-01-28,35.03861618041992,36.36962497013825,34.59269483332312,36.36286714120961,15623100
2010-01-29,35.29536056518555,36.33584201994674,35.13320617189373,35.66020343971801,13962000
2010-02-01,35.76829528808594,36.146653712740324,35.47101532558629,35.68721940328711,7159100
2010-02-02,36.18043518066406,36.29529504690861,35.55209127331022,36.13314069966805,7665400
2010-02-03,36.07234191894531,36.48448184849986,35.876406120082244,35.94397152177117,6340800
2010-02-04,34.72783660888672,35.71426867405237,34.71432352311434,35.67372941673523,11640200
2010-02-05,34.964298248291016,35.11969482011172,34.24812039013942,34.599452778438874,15988800
2010-02-08,34.308929443359375,35.23455623933431,34.11975144820275,34.889979088319734,8668700
2010-02-09,36.16694641113281,36.65340720244505,35.50482065482318,35.60616751213244,15494200
2010-02-10,35.910213470458984,36.518287017093236,35.43726566039353,36.24803296659742,8581500
2010-02-11,37.93711853027344,38.01819446221835,35.58589330765449,35.876418189260924,16405500
2010-02-12,37.970882415771484,38.2073548486209,36.89661714859401,37.22092330394016,13447700
2010-02-16,38.592491149902344,38.67356966919563,37.964146800846905,38.356018578691256,7364200
2010-02-17,38.84922409057617,39.42351593749405,38.66004608497631,39.220824849014626,8450800
2010-02-18,39.05868148803711,39.22083336307779,38.41006625580163,38.61275996563886,6844000
2010-02-19,39.35594940185547,39.51134597433106,38.7208500303435,38.910028018164766,8005800
2010-02-22,39.20732116699219,39.84242332782698,39.18705282649155,39.680268871748964,6994800
2010-02-23,38.28169250488281,39.443792010994756,37.984412374709756,39.11272788052425,10311000
2010-02-24,38.484378814697266,38.82219815663251,38.14655947276202,38.28844297780914,5810100
2010-02-25,38.36952209472656,38.52491868524151,36.626373025080724,37.38309021892363,9965600
2010-02-26,38.545188903808594,38.67356191159351,37.903331596955624,38.470868231376734,6108500
2010-03-01,39.08570098876953,39.45054653543632,38.680318766266865,38.73437110385779,8398500
2010-03-02,39.28840255737305,39.74107937738158,39.20056877984981,39.37623375753845,6583600
2010-03-03,39.57216262817383,40.49103176950325,39.450547443153326,39.491086697279286,8833800
2010-03-04,39.4910774230957,39.86267814456521,39.05866912339614,39.720794654480684,6195600
2010-03-05,40.01808547973633,40.25456060417135,39.79512601782856,40.13970066890692,6626900
2010-03-08,39.8018684387207,40.19374005022385,39.57215121961528,40.18022696941099,4755100
2010-03-09,39.98429489135742,40.34914037524904,39.457297577307436,39.49783424616859,7692500
2010-03-10,39.71404266357422,40.20050336093137,39.47757014533513,39.93700467564863,6529900
2010-03-11,39.79512023925781,39.84916999473103,39.132992048872055,39.720799570294695,6166500
2010-03-12,40.78154373168945,40.869377465799765,40.09914734548533,40.220762491989895,9688800
2010-03-15,40.180233001708984,40.70723034574614,39.44378673966261,40.56534684194491,7906700
2010-03-16,40.166717529296875,40.32211410669496,39.7545775478965,40.30184577231687,7281000
2010-03-17,40.68696594238281,40.876143965734364,40.193749969103926,40.30185206492728,7925400
2010-03-18,40.38292694091797,40.80182222915613,40.092402082703245,40.27482484790951,7204200
2010-03-19,40.112674713134766,40.74777683272452,39.82890765512379,40.112674713134766,9425500
2010-03-22,40.504539489746094,40.72074366173548,39.63296497165056,39.65999113748849,7512500
2010-03-23,42.166603088378906,42.234165914496785,40.54506948798368,40.60587706243241,14315300
2010-03-24,41.930145263671875,42.25445158154326,41.49773426248585,41.862579836600226,11447400
2010-03-25,41.98418045043945,43.044932802259,41.92337287586702,42.34902589787406,11361900
2010-03-26,42.18688201904297,42.6868558209325,41.88284664777533,42.15985842822084,7887300
2010-03-29,42.889549255371094,42.97062518695234,42.40308851116886,42.40308851116886,6986500
2010-03-30,42.673343658447266,42.99089469801992,42.43687112516379,42.82198500928678,6183200
2010-03-31,42.46390151977539,42.90306781178399,42.31526272247955,42.40309391899509,6660800
2010-04-01,43.23412322998047,43.37600416658056,42.76117560609896,42.76117560609896,7829300
2010-04-05,43.909751892089844,43.91650972152063,43.375996770754966,43.48410142279351,6695600
2010-04-06,44.11246109008789,44.234076289152505,43.62600029382944,43.78815217434381,6389000
2010-04-07,43.55842590332031,44.1732544129031,43.24087490349355,44.0854232414524,6973000
2010-04-08,43.565185546875,43.68004288848733,42.936838773731246,43.27466070033463,5418000
2010-04-09,44.09892272949219,44.267832354885044,43.79488746567013,43.84893978292689,6022900
2010-04-12,45.08536911010742,45.26778927643091,44.42999879881384,44.5448561314884,11837000
2010-04-13,44.72053146362305,45.436706904353976,44.700263125446085,45.06510352206074,7001400
2010-04-14,45.456974029541016,45.51778419716391,44.727282946353654,44.842145450815885,5497400
2010-04-15,46.09207534790039,46.42313688488438,45.37589993797579,45.37589993797579,7129500
2010-04-16,45.186729431152344,46.0988461033289,44.821883793224906,45.97723089068642,10385300
2010-04-19,45.26105499267578,45.740758062265606,44.43677459109004,44.99755619606611,7969400
2010-04-20,45.60560607910156,46.14611902785039,45.53804324918633,45.74748956833759,7695400
2010-04-21,45.774513244628906,45.88937056471673,45.06509068227335,45.767755415590436,6357500
2010-04-22,45.89689254760742,45.99207158389983,44.84991796152245,45.3258131429845,8718700
2010-04-23,46.76029586791992,46.875869651257645,45.543358184008525,45.68612671404941,9044500
2010-04-26,48.71149826049805,49.51372549830482,48.03164484496247,48.18800822588849,20131900
2010-04-27,46.59033966064453,48.66389402630327,46.42037635811081,48.43954122211035,14323100
2010-04-28,46.88948440551758,47.7732906111908,46.637936809333844,47.202216310928335,8232800
2010-04-29,48.0996208190918,48.10642080439309,47.33138845985477,47.5625360914084,7916800
2010-04-30,46.29120635986328,48.51432944277478,46.107648260393944,48.26278186725797,9428100
2010-05-03,47.54893493652344,47.69850347189678,46.2912023546304,46.48156560947631,7885900
2010-05-04,45.34621047973633,46.61073796142256,45.040278586724945,46.61073796142256,12558100
2010-05-05,44.843135833740234,45.849321286902075,43.56501313252379,44.775151521726585,11419500
2010-05-06,43.170684814453125,45.509381840577504,39.97537376619252,44.768339041866156,19363500
2010-05-07,42.21889114379883,43.81654544661427,41.22630589529703,42.864752331923995,15724700
2010-05-10,45.33942413330078,45.550177023911615,44.3196440506759,44.78873936161193,11852100
2010-05-11,44.91790008544922,45.53656897845398,44.190457379144185,44.31283116089962,7481300
2010-05-12,46.331993103027344,46.43397211266575,45.27821864821029,45.31901336418639,7791600
2010-05-13,45.48898696899414,46.50196693759671,45.325818441816054,46.332003611938,6531000
2010-05-14,44.10887908935547,44.99949041625961,43.449423169044884,44.84312187910473,9938400
2010-05-17,43.36103439331055,44.69354598533433,42.144099188880695,44.19725607541565,11881200
2010-05-18,42.95992660522461,44.55078333882327,42.72877639287491,44.12927763683209,9594300
2010-05-19,41.77018356323242,42.946329397521325,40.30170061825176,42.78996345817551,18582700
2010-05-20,39.88699722290039,41.069943264879015,39.431496695576094,40.15893961679556,22798500
2010-05-21,40.852386474609375,41.131126234610676,38.88761077686429,38.95559507210963,15889900
2010-05-24,40.26090621948242,41.545828316966485,40.17252457976725,40.83198299541245,11176700
2010-05-25,40.254112243652344,40.35609127342457,37.89502311637059,38.30973144030595,13793600
2010-05-26,40.607627868652344,41.742983964607376,40.28129867163848,40.53964359181218,11566900
2010-05-27,42.19169235229492,42.232481886263024,41.348673206685994,41.715794573004445,9555100
2010-05-28,41.30788803100586,42.436444478053765,40.82519277929912,42.436444478053765,7704900
2010-06-01,40.29488754272461,41.90613842342483,40.2608954114775,40.81837466291695,8340800
2010-06-02,41.37586975097656,41.4030645037564,40.30170035708234,40.723211244866704,9453500
2010-06-03,41.54582977294922,42.395646279208414,41.07672940169628,42.34805676233263,8982700
2010-06-04,39.26831817626953,40.92716158008409,38.99637846281901,40.44446644912633,10279600
2010-06-07,37.95620346069336,39.62184164080591,37.935806102200765,39.438280974976635,8904600
2010-06-08,38.48649597167969,38.874012147659016,37.3171474583753,38.078582433035706,11604900
2010-06-09,38.622474670410156,40.00937371019019,38.47290608444528,39.08477521481518,9749300
2010-06-10,40.75720977783203,40.79120192741792,39.431495196503995,39.64225067343217,9704700
2010-06-11,40.94755935668945,40.95435934125037,40.104542811533,40.26090874178889,7341400
2010-06-14,41.47105026245117,42.53162231755354,41.3894685946539,41.75658739645885,9783000
2010-06-15,43.14348602294922,43.21147290306491,41.810974293893274,42.01492974737175,11870300
2010-06-16,43.7757568359375,43.86413590425412,42.647200377530574,42.76957418812943,10561900
2010-06-17,44.156463623046875,44.18365837369142,43.28625234989459,43.9389108047588,10574600
2010-06-18,44.768341064453125,44.802335805944836,43.898129625706225,44.27884583344066,11005600
2010-06-21,44.91790008544922,46.467964529772594,44.564378708638074,45.93087988689419,11652400
2010-06-22,43.58538055419922,45.19663419077454,43.429014659951456,45.07426043120088,8659600
2010-06-23,43.73495864868164,44.10208000790159,42.586005053356345,43.55139537563746,9037100
2010-06-24,43.0822868347168,43.81652677642247,42.864734067290414,43.381423835003254,8658200
2010-06-25,43.99330520629883,43.99330520629883,42.77636721046374,43.19787811210231,12068800
2010-06-28,43.78255081176758,44.394419780771045,43.51740845634419,43.81654036251466,6836700
2010-06-29,41.36907196044922,42.73557853562586,40.96116102085188,42.65399686639329,13057100
2010-06-30,40.83879470825195,42.1101198767532,40.730018264852404,41.48465597556456,9630300
2010-07-01,40.77079391479492,41.267086399180215,39.472274512243274,40.5668358966516,11598200
2010-07-02,40.23372268676758,41.239905364223084,39.853003865527064,40.99515773581381,7878200
2010-07-06,40.662017822265625,41.91294772160703,40.25410437633437,41.19909983958582,9357300
2010-07-07,42.27328109741211,42.33446800205162,40.56684775326265,40.68922156254168,7592900
2010-07-08,42.94631576538086,43.06868952140456,42.27326270068408,42.88513148080257,6058800
2010-07-09,44.00010299682617,44.08848205170582,42.830754581526776,42.912336245044266,6456900
2010-07-12,43.700965881347656,44.25844533633747,43.42222615385275,43.8505344255664,4915400
2010-07-13,45.407405853271484,45.79492205516312,44.401220613395786,44.78873681528742,10081500
2010-07-14,45.34621047973633,45.48898422913498,44.54398342347161,45.108262875519834,6851200
2010-07-15,45.217044830322266,45.27142915277687,44.43521249111867,45.128660580953984,8101700
2010-07-16,43.759307861328125,45.02541392074784,43.629276447847374,45.00488333196287,8504100
2010-07-19,44.34788131713867,44.64216529248104,43.49924791158505,44.04675207127814,6826400
2010-07-20,45.46342086791992,45.696107854703946,43.49924852513293,43.49924852513293,9468600
2010-07-21,45.76456069946289,46.572130512137406,45.29918139688075,45.84668308018086,11432400
2010-07-22,46.53790283203125,46.96222088461988,45.483955582501096,46.13412059314878,15905800
2010-07-23,47.434444427490234,47.66029140581252,46.079373000381594,46.195716514761244,8865900
2010-07-26,47.89982223510742,47.961419237036246,47.27703827265415,47.50288524403922,8878400
2010-07-27,47.345462799072266,48.029843582394264,46.59948503011756,48.029843582394264,11948000
2010-07-28,47.71504592895508,47.804013582553374,47.01697435901724,47.01697435901724,7609900
2010-07-29,47.49603271484375,48.10513126235848,46.68161782082247,47.797156742598666,7671300
2010-07-30,47.735565185546875,48.07775561698449,46.804806794323646,46.804806794323646,7218100
2010-08-02,48.625247955322266,49.070091206954146,47.9545526114638,48.41308640027792,6304100
2010-08-03,48.15987777709961,48.61156638059993,47.824527432637176,48.29675184569703,5878900
2010-08-04,48.673160552978516,48.91269276988373,48.09827801099529,48.09827801099529,6204800
2010-08-05,49.24803161621094,49.44650263397534,48.460992813741086,48.46783808232884,7415000
2010-08-06,48.97428512573242,49.227507884628906,48.11196913439783,48.597878843568814,5463400
2010-08-09,49.32331466674805,49.398596958143614,48.87846618706789,49.31646939805477,3625400
2010-08-10,48.87846755981445,49.26856434372454,48.30359028727761,48.50890136115064,6082400
2010-08-11,47.02379608154297,48.01615120429979,46.77741861805922,47.91349305761319,9221200
2010-08-12,46.195701599121094,46.537891981336806,45.70294661330473,46.195701599121094,7639900
2010-08-13,46.54473876953125,46.85270803500876,45.997232051558974,46.35995303311592,6659300
2010-08-16,46.87324905395508,47.20859947350934,45.89458410224841,46.277840978680096,5432500
2010-08-17,47.72869873046875,48.426769824752085,47.42757483501784,47.52338769558076,5946900
2010-08-18,47.735565185546875,48.2077896517825,47.26334071931126,47.78347163709168,4988000
2010-08-19,47.420745849609375,48.24884598389844,46.82533267903625,47.817687963324786,9625400
2010-08-20,47.1264762878418,47.59185557877335,46.16834183928711,47.496042656059146,8022000
2010-08-23,45.743995666503906,47.73554566953077,45.66187333823689,47.016943968737486,8878600
2010-08-24,44.51212692260742,45.05962841824836,44.01252665169168,44.888533221846,9669800
2010-08-25,44.279449462890625,44.471080532562155,43.3486934779863,43.998855962629634,8679500
2010-08-26,43.76615524291992,45.045946682803574,43.64296648285564,44.36841111315576,7075100
2010-08-27,45.10068893432617,45.27178410841587,43.36236133900561,44.32049535818998,7486300
2010-08-30,44.12203598022461,45.27864133332717,44.115190709458616,45.26495079179518,5133900
2010-08-31,44.59424591064453,45.06646501123694,43.7456101404648,43.89617471973572,6760700
2010-09-01,46.64738082885742,46.90744355834289,45.408648481880846,45.88771800008153,9071200
2010-09-02,46.907470703125,47.07856593976257,46.366809128780815,46.77743665242853,5293400
2010-09-03,47.96139907836914,48.31042946408604,47.59183288636577,47.87242624869173,7837700
2010-09-07,47.70133972167969,47.940877179060905,47.08540117815983,47.756091438876034,6841700
2010-09-08,48.4130973815918,48.91954294400838,47.872435911278686,47.8929717217101,6323200
2010-09-09,48.34467315673828,49.159088213116895,47.91351500881512,48.9743024201408,5355900
2010-09-10,48.76898193359375,48.97429306038022,48.15988338106078,48.543134994858164,5018300
2010-09-13,49.439674377441406,49.6039295516069,49.07695333863002,49.24804856232685,7694600
2010-09-14,49.159080505371094,49.52864681196564,48.981140012252574,49.46704981682731,6040400
2010-09-15,49.3643798828125,49.46019276673216,48.4541574855757,48.85109433835263,5506100
2010-09-16,49.27541732788086,49.51494956227584,48.782662319176275,49.220665611044545,6233000
2010-09-17,50.083003997802734,50.17197165201816,48.65264492958116,49.42599883539458,11341800
2010-09-20,51.15746307373047,51.191684201140156,49.87766914120813,50.13773717813546,8886300
2010-09-21,52.27985763549805,52.77261272931266,51.13694276154094,51.184849216694474,14968300
2010-09-22,52.13613510131836,52.355136771768635,51.67075589893506,52.18404155356024,8386100
2010-09-23,52.190879821777344,53.03951052823401,51.32855857571033,51.61599725059567,8745800
2010-09-24,54.56568908691406,54.702563172410585,53.12164503285559,53.244833798367125,14218600
2010-09-27,54.4356575012207,54.736786768562915,53.99765414222035,54.545155730264845,8361900
2010-09-28,54.52460861206055,54.709394323342956,53.675978013896696,54.367203976504754,7784800
2010-09-29,54.74363327026367,54.75047854207694,54.353536319507874,54.47672510508405,7939900
2010-09-30,53.84707260131836,54.805206606320375,53.525412843365295,54.777830752302,11940800
2010-10-01,53.53225326538086,53.98394176226222,53.060028963787346,53.58015970022297,8540800
2010-10-04,52.882118225097656,53.55965918287504,52.361992418096875,53.39540398143116,6418700
2010-10-05,54.33984375,54.586221288293025,53.51858354855264,53.71021458387863,7140300
2010-10-06,54.12083053588867,54.68202253760199,53.71020313341247,54.47670622565853,6252200
2010-10-07,53.888153076171875,54.60675514270315,53.279054464941886,54.38090818220336,8978100
2010-10-08,55.003692626953125,55.434850697111344,54.01818249926385,54.34668761563084,14296600
2010-10-11,54.736778259277344,55.26374917379232,54.41511845033229,54.77099416616679,4593700
2010-10-12,54.29877471923828,54.57937337704673,53.587023222392325,54.57937337704673,10034200
2010-10-13,54.94894027709961,55.564884099878356,54.80522092201984,54.99684672879287,8493200
2010-10-14,54.688873291015625,55.31850238604311,54.250864766853866,55.08581019441307,5663900
2010-10-15,54.57937240600586,55.072127449987484,54.06608677209358,54.9420934185447,6522900
2010-10-18,54.91470718383789,55.099492901127554,54.517770336873284,54.71623614965034,6542700
2010-10-19,53.75812911987305,54.55200835707862,53.22430755903706,54.04556788396062,9857200
2010-10-20,54.9694938659668,55.28430856900893,53.936076865462674,53.997673884217555,9662300
2010-10-21,54.2882080078125,55.87783443611403,53.33856193703823,55.733323419920545,17736900
2010-10-22,53.9028434753418,54.30197212571746,53.57941181900886,54.19874847473438,6445800
2010-10-25,54.3983039855957,55.05204491893926,54.01981907670915,54.164330064600705,6484700
2010-10-26,54.123046875,54.40518589682682,53.58629023577175,53.75144491318678,6240500
2010-10-27,53.827125549316406,53.95787580639444,53.07016115342605,53.813359601112964,6782800
2010-10-28,53.496826171875,54.363897397889616,52.83620222592133,54.27443970995517,7055800
2010-10-29,54.08863067626953,54.19185430593426,53.38671944485878,53.407363120757346,4563900
2010-11-01,54.54970169067383,55.17592132493225,54.0267109578607,54.34325963830222,7470500
2010-11-02,54.880001068115234,55.34794360697875,54.72172414680883,55.04515571413426,4941400
2010-11-03,54.96946716308594,55.017637494312396,54.054230869783176,54.92817980779821,5771800
2010-11-04,57.24037551879883,57.30918953886373,55.57505208243169,55.61633944443599,13044100
2010-11-05,57.48809051513672,57.69453250467399,57.06831831118811,57.28852625013071,6271600
2010-11-08,57.199073791503906,57.494978728623636,56.70360457119443,57.28853147010406,4283800
2010-11-09,56.36642837524414,57.43994182562513,56.022353012924754,57.25413818987557,6030100
2010-11-10,56.74491500854492,57.00641042557244,55.94666280120227,56.53847291620973,5944000
2010-11-11,56.73112106323242,56.88251499234637,56.09801870055856,56.24253490574619,5006000
2010-11-12,55.76773452758789,56.79307762204301,55.07958381315592,56.318251949029495,6156900
2010-11-15,56.30446243286133,57.51560854054596,54.91440101110318,54.97633202362772,15814200
2010-11-16,55.306663513183594,56.552214371859975,54.84559863854989,56.34576709962565,12510000
2010-11-17,55.85717010498047,56.04985138867127,55.058918322522686,55.43739791543784,5402900
2010-11-18,57.19219207763672,57.41240004150109,56.61414289113526,56.7724198261809,6638700
2010-11-19,57.78401184082031,57.79089481747832,56.779312505839776,57.17843589906506,5740500
2010-11-22,57.8046760559082,58.04552782277287,56.972014090361924,57.722096057193994,6411200
2010-11-23,56.861881256103516,57.37799419764562,56.43523125120567,57.30918018880781,5739200
2010-11-24,58.27947998046875,58.34829399514126,57.28854136863172,57.28854136863172,5865900
2010-11-26,57.894100189208984,57.97668014000434,57.426157635045406,57.68765818747817,2520700
2010-11-29,57.577545166015625,57.72893910050616,56.80682004522179,57.605071813211275,5085700
2010-11-30,58.217525482177734,58.43773341035419,56.95133120770586,56.99950152792661,7768400
2010-12-01,60.17874526977539,60.41960208945944,58.49277903300976,58.51342270322943,8858600
2010-12-02,60.9838981628418,61.169696484606185,60.17875810140523,60.17875810140523,6349200
2010-12-03,61.50688934326172,61.582586317713414,60.44025922628423,60.804978148548805,4996600
2010-12-06,61.383026123046875,61.71334069261913,60.94949317251952,61.43807942633758,4341500
2010-12-07,62.17440414428711,63.30985365664177,61.8991428609629,61.8991428609629,11247700
2010-12-08,61.672061920166016,62.55289389467234,61.444970950127534,62.112477907419176,5246500
2010-12-09,61.706478118896484,62.09872384672822,61.25917906957202,62.02302684221914,3832300
2010-12-10,61.892276763916016,62.04367076069769,61.513791771961856,61.789053107003674,3313200
2010-12-13,63.055233001708984,63.56446818879466,62.07117750527591,62.38084840285591,6637100
2010-12-14,63.371768951416016,63.93605732969102,62.97264570239439,63.44058819278584,4944100
2010-12-15,64.08058166503906,64.91324320778176,63.76403303929845,63.82596406925609,8314300
2010-12-16,64.13558959960938,64.44526030620051,63.681413246845366,64.12871187847558,4863400
2010-12-17,63.7158317565918,64.28012002503958,63.481863182018785,64.27323705220803,6467000
2010-12-20,64.20445251464844,64.37649016313338,63.67457361721829,64.25262284621733,3523200
2010-12-21,65.11968994140625,65.29861056897522,64.16316101929027,64.47970966796,4108200
2010-12-22,65.07837677001953,65.22288770990292,64.76182824691729,65.22288770990292,2611800
2010-12-23,64.9958267211914,65.19539103949342,64.68616102909995,64.88572534740194,2206200
2010-12-27,64.73432159423828,64.82377927507623,64.14251170519454,64.58292763422635,2620200
2010-12-28,64.47282409667969,64.97517103772485,64.04616888290872,64.87883038464298,2991800
2010-12-29,64.53475952148438,64.83754745190272,64.34207820218985,64.5141158444417,2779400
2010-12-30,64.59671020507812,64.78250859005942,64.35585325208703,64.38337991100525,2325500
2010-12-31,64.45217895507812,64.61733360658032,64.21132207767994,64.56916328113503,2542700
2011-01-03,64.78938293457031,65.24355962077149,64.76185627931984,64.94765463954472,5231500
2011-01-04,64.48658752441406,65.12656774705167,63.51629797728923,65.12656774705167,6119300
2011-01-05,65.04401397705078,65.16100360798733,63.99114404984097,64.18382544172589,4118100
2011-01-06,64.36962127685547,65.17475638795769,64.20446656820788,65.17475638795769,4106300
2011-01-07,64.5003662109375,65.1885168980266,63.860385861937715,64.58982391019677,4547800
2011-01-10,64.26639556884766,64.66552424802985,63.66082482297262,64.14252822876261,4154500
2011-01-11,64.65174865722656,65.16786162229279,64.17004532323378,64.74121159794849,5302800
2011-01-12,64.3351821899414,65.11279553545886,64.2938948442223,65.09214661242818,5699000
2011-01-13,64.7824935913086,65.05087189090833,64.47970566348441,64.74808396308416,4539900
2011-01-14,64.69303131103516,64.86506893958794,64.0736947982108,64.64486098504725,4572500
2011-01-18,66.53213500976562,66.69806631723054,64.94885905871709,65.10096495508542,8819200
2011-01-19,66.05506134033203,66.92620973472279,65.78542104978298,66.60816732933986,6478100
2011-01-20,64.72069549560547,65.87530977042448,64.51327742025057,65.61258477985429,7160800
2011-01-21,64.12610626220703,65.68172609067027,63.863381256794334,65.50887944306325,6189000
2011-01-24,65.38440704345703,65.4673753045776,63.96015284747237,64.09842800781406,4615000
2011-01-25,65.25997924804688,65.43974123686526,64.27821156463911,65.25997924804688,5436900
2011-01-26,66.20026397705078,66.4837350022539,65.26689316393922,65.63332720150547,6090700
2011-01-27,66.8086929321289,67.61070401217444,66.04125329599842,67.13364551542799,11534600
2011-01-28,66.15187072753906,67.20277604858538,65.61259001839285,67.07141618024284,7240800
2011-01-31,67.07141876220703,67.20277863560636,66.26940773577932,66.46299514909322,6012900
2011-02-01,67.76280212402344,67.7973682890971,66.71880688135408,67.30648443621762,7553400
2011-02-02,68.50947570800781,68.63392547075503,67.53462362887086,67.5761051248334,6527600
2011-02-03,68.39885711669922,68.61318521385247,67.85957656588803,68.61318521385247,5032400
2011-02-04,68.85516357421875,68.94504717498856,68.23983014908956,68.45416350296748,6027100
2011-02-07,69.46359252929688,69.69866137362591,68.78603153560445,68.87591514361466,5697900
2011-02-08,69.56039428710938,69.62261653847693,68.66158975171396,69.53273819488149,5044700
2011-02-09,68.99345397949219,69.44976629026473,68.57862316746443,69.21469743089766,4800800
2011-02-10,69.55345916748047,69.66408350493545,68.27439559609499,68.64082948291183,5634800
2011-02-11,71.58616638183594,71.5930817245251,69.27693248571946,69.33916002020013,6445100
2011-02-14,71.39254760742188,71.65527249066893,71.07451055669377,71.59996032318789,4057400
2011-02-15,71.21282958984375,71.28888254828787,70.5283582387085,71.18517348905844,4421900
2011-02-16,71.59306335449219,72.18765607653225,71.15057648341953,71.83504753791324,4852100
2011-02-17,71.46170043945312,71.73825606105612,71.18514481785012,71.43404434980685,2993500
2011-02-18,73.190185546875,73.190185546875,71.5239413169351,71.80741235350855,8745400
2011-02-22,70.52832794189453,72.80298982445746,70.19646014989299,72.49877812136101,8241900
2011-02-23,69.1524658203125,70.61129155501912,67.78352369405319,70.45919097699226,8907600
2011-02-24,69.53274536132812,70.45920608443781,68.28824745710936,69.09025838979719,6350900
2011-02-25,70.52142333984375,70.96391027998727,69.92683052498957,70.1411586530671,4623200
2011-02-28,71.1644287109375,71.46172518400303,70.19648633759425,71.01923814616525,4010800
2011-03-01,69.04183197021484,71.65527117482846,68.68922350257155,71.46859920658113,7283700
2011-03-02,69.80928802490234,70.60438346690079,68.74455229972719,69.03493333163138,5420000
2011-03-03,72.07701873779297,72.20146847754322,70.46608746070883,70.47991814004699,7413400
2011-03-04,71.24044799804688,72.0424533970405,70.53523098829926,71.91109358138876,5677000
2011-03-07,70.61129760742188,72.04246737565188,69.86460423585063,71.50318677818261,6002100
2011-03-08,71.99408721923828,72.21533072780419,69.95449878948575,70.44538265927694,6165000
2011-03-09,70.77032470703125,71.62072717388506,70.38314994325134,71.62072717388506,6402200
2011-03-10,68.0255126953125,69.65718514654036,67.82500999093975,69.51890996587089,11824400
2011-03-11,69.1524658203125,69.48433361523396,67.07139654177509,67.57610566286982,8172400
2011-03-14,70.5905532836914,70.92933115664196,69.40828312412694,70.92933115664196,7985500
2011-03-15,69.65718078613281,70.09275232534972,68.13613279454327,68.46107997626144,11762200
2011-03-16,69.41521453857422,70.94317826613631,68.47492835624969,70.3140139386843,13046600
2011-03-17,71.29578399658203,71.42714385613273,70.02362998271138,70.44537620648026,9854900
2011-03-18,72.63704681396484,73.03805215504158,72.36049649929316,72.58864998141138,11512900
2011-03-21,74.38629150390625,74.44851904898354,73.7156508449606,73.90923827433559,7688600
2011-03-22,73.83316040039062,74.31021874383336,73.30770521593632,74.01983242290385,7012000
2011-03-23,73.81242370605469,74.46232342465123,73.03806893246478,73.34228067831445,7096400
2011-03-24,74.92555236816406,75.2919863470035,73.94377958870398,74.60059988885813,8360800
2011-03-25,75.42333984375,76.15621301465146,75.1536995697399,75.18827099968361,7659000
2011-03-28,75.6376953125,76.39130417673397,75.630779969519,75.73448901478949,5445700
2011-03-29,76.42583465576172,76.59868121362037,75.09145901809865,75.80358599249892,5767700
2011-03-30,77.11031341552734,77.24167850085783,76.43275779351077,77.23476316087758,5616900
2011-03-31,76.9858627319336,77.42143947278038,76.61942884032896,76.61942884032896,5168600
2011-04-01,78.20966339111328,78.53461070087046,77.29703318158393,77.49753067754793,6092600
2011-04-04,78.3893814086914,78.76964600601559,77.80170407407518,78.64519625369668,3883600
2011-04-05,77.64962768554688,78.23731051791447,77.37307726426938,78.10594537540484,5338700
2011-04-06,76.743896484375,78.33408744039164,76.64710280268982,78.02296037080924,5715400
2011-04-07,75.94879913330078,76.67475700289596,75.41643389716158,76.5503072331042,8402700
2011-04-08,75.92807006835938,76.74390640145941,75.27816502889608,76.42586922413034,5394700
2011-04-11,75.40953063964844,76.25993841530699,74.89099072823392,76.0663457508292,5004400
2011-04-12,73.68106842041016,75.3749634498759,73.522047184343,75.09149769192277,8736300
2011-04-13,74.41393280029297,74.64900697124011,73.54969960904468,74.5038164280937,5835000
2011-04-14,74.37935638427734,74.51071622433363,72.83756226268979,73.85390119947198,5770700
2011-04-15,74.12354278564453,74.74579166336412,73.84007707598681,74.72505091325016,5319100
2011-04-18,71.83505249023438,73.10720101355552,70.63204155624851,72.99658192559104,11445300
2011-04-19,73.35611724853516,73.57736074967193,72.34669344491981,72.72004284212457,7152000
2011-04-20,75.1750717163086,75.32781098238249,74.53634869165928,74.93902397552216,5317800
2011-04-21,75.966552734375,76.02209526242622,75.26534818082972,75.67496240734664,4051200
2011-04-25,75.57079315185547,76.00818377520032,74.94595318766642,75.84155625353323,3708600
2011-04-26,77.71610260009766,77.89660786477549,76.2650845617412,76.47336638631019,6700000
2011-04-27,78.18125915527344,78.24374052440155,76.19565887385774,78.21597455822915,6070600
2011-04-28,78.20207977294922,78.24373401556954,77.30647647882742,77.95214372357447,6262600
2011-04-29,80.1252212524414,80.70840200184836,79.51426393764037,80.11827711109288,11800000
2011-05-02,79.40318298339844,80.91668266844509,79.09076018927969,80.70145666445366,7623600
2011-05-03,78.63945770263672,79.41009289849276,78.27149780308535,79.22958766648793,6302000
2011-05-04,76.90380859375,79.08380774599,76.32757209331864,78.60476272214555,8966500
2011-05-05,75.94571685791016,77.38284650043904,75.25145122776429,76.42476183769524,8779100
2011-05-06,76.60527801513672,78.25068970014878,76.4872541124148,77.42451178744105,7987300
2011-05-09,77.52169799804688,78.09099556759573,76.62609475506893,76.92462916939492,5075800
2011-05-10,78.36177062988281,78.43119613977679,77.66056079725189,78.28540097995138,4923900
2011-05-11,76.35533142089844,78.00073746850022,75.67494881653165,77.9937933295342,9670400
2011-05-12,75.4181137084961,76.0984967194199,74.28646203482411,75.81384511680844,9274800
2011-05-13,73.82125854492188,76.09150460409508,73.6060326186672,76.00125198781143,9250400
2011-05-16,73.65463256835938,75.16813173905626,72.94648400997184,73.50189859065594,8290800
2011-05-17,70.87061309814453,73.05755016118066,70.44711078162415,72.9534092921171,19186700
2011-05-18,73.07146453857422,73.24503096265634,70.66236172482203,71.40522580802045,9472200
2011-05-19,73.1061782836914,74.19617519032724,72.83541509201176,74.01566463026522,8613400
2011-05-20,72.43274688720703,73.24503654255415,71.92593055967349,73.06452596464568,8656800
2011-05-23,70.73873901367188,71.1691856987337,69.68345737190502,70.3360635950812,10095100
2011-05-24,70.50269317626953,71.47466104595223,70.16944326607288,71.07199091286695,7273300
2011-05-25,71.68292999267578,72.15503085728513,69.96809295068562,70.14165936713276,6193100
2011-05-26,72.33554077148438,72.67572946158997,70.83592440421404,71.55796132584494,6640000
2011-05-27,72.62019348144531,73.14783691341938,72.39108452188493,72.70350727496556,4511300
2011-05-31,73.45330810546875,74.00871744901166,72.41884847020125,73.8768105769645,6641900
2011-06-01,70.28742980957031,73.23111901128269,70.1208075914738,72.87704216310588,10597600
2011-06-02,70.94702911376953,72.00925501988053,70.33607177401454,70.6901488416609,9125300
2011-06-03,70.19026947021484,71.15529848302765,68.83645331463646,69.76676691963338,9508600
2011-06-06,69.3293228149414,70.54428690651554,69.05855981256502,69.60008581731779,8092800
2011-06-07,69.34325408935547,70.36382548464945,69.29465570371418,70.28745583623788,6772200
2011-06-08,68.0657730102539,69.32933568824055,67.87831840652578,68.87806216821159,9761100
2011-06-09,68.91279602050781,69.2252133813447,68.19075925433373,68.23935762817113,6167600
2011-06-10,67.19798278808594,68.66288394890934,66.94110255292546,68.59345843305788,9603600
2011-06-13,66.26070404052734,67.71171645930612,65.76083201021052,67.29515819965064,9767400
2011-06-14,67.94081115722656,68.35042519284963,66.73972970779154,67.23960163364139,8479700
2011-06-15,66.40652465820312,67.59371853752381,66.30932787019987,67.05219206241203,8143600
2011-06-16,66.27462005615234,67.24659334439376,65.40678770894183,66.2260216565817,8886500
2011-06-17,66.61479187011719,67.30211872759453,66.17046224537076,66.96886886062124,8314800
2011-06-20,68.16300201416016,68.29491418319675,66.68421808032846,66.98969136576493,7484700
2011-06-21,70.39160919189453,70.78734048688517,68.77396860312513,69.02390471541688,9638100
2011-06-22,69.53068542480469,71.16220816233218,69.4751429179278,70.23883384859758,7445100
2011-06-23,69.80840301513672,69.87782851061633,67.30904280326473,67.96859825238542,10640900
2011-06-24,69.43348693847656,70.19023371253246,69.03775585638337,70.15552361922683,8496400
2011-06-27,69.98200225830078,70.46798625164982,68.7809199649835,69.39881616945367,5614400
2011-06-28,72.092529296875,72.25221269761549,70.398525024217,70.4262962807295,7884300
2011-06-29,71.75929260253906,72.54381082108834,71.09279826436136,72.516039561561,8642000
2011-06-30,73.9115219116211,74.23782762100706,71.73152815165189,71.75929941381524,10598400
2011-07-01,75.4111557006836,75.79299872574103,73.4186108791848,73.69631826811704,9153800
2011-07-05,75.27923583984375,75.5222277941257,74.52248341442014,74.92515882256014,6880200
2011-07-06,76.42477416992188,76.45254543522817,75.0362426855708,75.0570698103437,6933200
2011-07-07,77.50086212158203,78.2090159550356,77.23704311711793,77.45920788319975,7403800
2011-07-08,76.65386199951172,76.65386199951172,74.84182848833824,75.34169523553626,8293100
2011-07-11,75.09176635742188,76.00819669506555,74.45998214823315,75.2653327493758,7568600
2011-07-12,74.23783874511719,75.30006452210682,74.05732816242032,74.72382266373093,7892700
2011-07-13,75.4250259399414,76.6608180501752,75.2167441092343,75.3139461812374,6819200
2011-07-14,74.68909454345703,76.7163488248761,74.28641922408818,75.55692654373844,7394300
2011-07-15,75.92486572265625,75.92486572265625,74.3835956637197,75.51524637607662,6660700
2011-07-18,75.15797424316406,75.62509579881356,74.01456952705452,75.6181223268664,6878600
2011-07-19,76.44080352783203,76.67088019029012,75.43683650561472,75.91790492362713,6674600
2011-07-20,76.9079360961914,77.37506295924322,76.41989945622736,77.18681645582821,5761600
2011-07-21,77.80730438232422,78.38598006323593,76.77545420641337,77.42384863123272,9340700
2011-07-22,73.31041717529297,74.2376923789412,71.8114394624785,72.94090285243215,25775600
2011-07-25,73.6659927368164,74.11219933113168,72.36920315983697,72.62019503403958,8662500
2011-07-26,73.34526824951172,73.90302908728506,72.99666905570378,73.84028378561638,7155500
2011-07-27,70.6540756225586,72.93391712148866,70.41703074554259,72.80842121036223,10684500
2011-07-28,69.46881103515625,71.17694407486628,69.3363417077865,70.77257326150394,9438000
2011-07-29,68.87621307373047,69.69890718946237,67.82344226784974,68.54852905791856,12283000
2011-08-01,70.2218017578125,71.68591687649986,68.8831825246812,71.41401001099507,12865200
2011-08-02,67.75373840332031,70.80049722184175,67.71190820289807,69.406100469618,12058300
2011-08-03,67.12625885009766,68.52762907648437,65.21593678752969,68.26966376222168,16922200
2011-08-04,62.43409729003906,66.03163702587284,62.399235254395784,65.81550729864401,18655000
2011-08-05,63.438072204589844,64.49084313322194,60.29371168272986,64.23287784577673,22791500
2011-08-08,57.58856964111328,61.464995208769096,57.34455133755943,60.11940248437204,21293000
2011-08-09,60.99092102050781,61.07458142785105,56.36151854984628,59.54074700893682,20473600
2011-08-10,58.22303009033203,60.79568813699874,58.139364381477534,60.461035939982295,15335900
2011-08-11,60.83055114746094,61.904237158453746,58.52282649661844,59.35946232168255,14157600
2011-08-12,62.61538314819336,63.65421253672009,61.91818478664857,63.48688110012435,11463400
2011-08-15,63.703025817871094,64.70001983802925,63.22195717369903,63.75879765261396,10460200
2011-08-16,62.294639587402344,63.005784518747454,61.71596397682121,62.761760965929916,10816200
2011-08-17,61.10246276855469,63.305612100563245,60.76083706754874,62.824543538492755,10620900
2011-08-18,58.09751892089844,59.12240097846389,56.82164512192107,58.878377388224976,16793000
2011-08-19,55.75492477416992,59.26182985448721,55.650344010586984,57.11445874315225,13740200
2011-08-22,55.699161529541016,57.89533683494431,55.46908485619783,57.825618081591806,9459400
2011-08-23,57.853519439697266,57.867461065770655,55.636428549951496,56.152353821884475,11696900
2011-08-24,59.540748596191406,59.7568784131923,57.30971036832917,58.034797393444244,10137700
2011-08-25,58.041770935058594,60.558657763904804,57.72803376038774,60.126392810196435,8204700
2011-08-26,59.37340545654297,59.89630414345579,56.50792022672472,57.302725805296156,9456900
2011-08-29,61.45802688598633,61.736907250210535,60.203067906577665,60.732940066683604,7643500
2011-08-30,62.62932586669922,63.354412752066615,60.90724517885176,61.353451674585386,9851600
2011-08-31,63.44504928588867,65.41114840263937,62.67115869873349,63.967948043739405,12664700
2011-09-01,61.736881256103516,64.72088766273542,61.548634828852485,63.57748343812316,10690900
2011-09-02,59.526763916015625,60.44706507238358,58.8225977588483,59.43613009002739,11950700
2011-09-06,59.74991226196289,59.973015580171285,57.24697207703757,57.337605971583805,8647900
2011-09-07,61.83452224731445,61.84846387361419,60.251879042633995,61.214016152552865,9318700
2011-09-08,60.68415069580078,62.036717323399664,60.23794413562004,60.87936540097964,9947800
2011-09-09,58.53676223754883,60.13334680850773,57.9650599067461,59.979962348185,11669500
2011-09-12,58.47400665283203,58.662247799677,56.64734571308001,57.12144063458515,10842300
2011-09-13,59.27578353881836,60.13333959170444,58.13237901443671,58.46006299139968,9802300
2011-09-14,59.57560348510742,60.628374599707,57.53978535399976,59.687157786692325,10622100
2011-09-15,60.377357482910156,61.13730621674568,59.798681753717915,60.4122195173722,8298500
2011-09-16,59.88933563232422,60.976963289048776,59.40826709837254,60.976963289048776,10488600
2011-09-19,58.98296356201172,59.37339815058626,57.40032607148231,58.50886859811395,8936500
2011-09-20,58.3276252746582,59.79870912044055,58.21607096868684,59.708075236240376,8999300
2011-09-21,55.32966995239258,58.13937888198092,55.28086627318889,57.944164165166164,16459600
2011-09-22,51.522972106933594,53.37751741908934,50.6166118959505,53.18927615762191,20947300
2011-09-23,51.49508285522461,52.63848799677057,50.90943333536793,51.20226075489754,12104700
2011-09-26,53.579673767089844,53.68425454758086,51.06278816081665,52.08767023506965,10016400
2011-09-27,54.151371002197266,55.671262956535905,53.76791526809101,55.25294519242046,10814900
2011-09-28,52.345645904541016,55.18324257024511,52.20620306297293,54.472097376249195,9380700
2011-09-29,52.56179428100586,53.8794990152437,51.03492786991657,53.60759202685826,10260900
2011-09-30,51.481109619140625,52.91036797587434,51.055823634890906,51.21617623305723,10537000
2011-10-03,49.18732452392578,51.30680191368395,49.15246249376834,50.74207319568646,10783200
2011-10-04,50.574764251708984,50.728148725540265,47.08877282536456,47.932382112235814,14700000
2011-10-05,51.77394104003906,52.01795935194278,49.84269900182912,50.78391553014359,9672300
2011-10-06,53.74702072143555,53.8167448150049,51.313799857348016,51.990083139039186,15808200
2011-10-07,52.65241622924805,54.235059437783704,52.080713803944704,54.22111249224881,14024700
2011-10-10,55.169281005859375,55.60154572136347,53.82368852673115,53.872492178546196,10302400
2011-10-11,56.236019134521484,56.5706713499051,54.34660700339722,54.43724618943112,17854600
2011-10-12,56.96109390258789,57.728016219555265,56.514887455916195,57.1772289733698,10423700
2011-10-13,56.77983093261719,57.107514982833756,56.01290855159932,56.62644645641361,7952500
2011-10-14,58.62741470336914,58.718053905533985,57.44217947421564,57.762890120701854,7353700
2011-10-17,56.835594177246094,59.526779619444255,56.703130138041566,59.14332380599948,10196700
2011-10-18,59.06664276123047,59.659260271795766,56.30573804112777,56.786801266823744,13574600
2011-10-19,58.257877349853516,59.554666370850434,57.91625173612419,59.031767743648444,8731100
2011-10-20,59.07111740112305,59.58989854969976,57.837254474708594,58.8187362264327,9446500
2011-10-21,61.265419006347656,61.34253576491512,59.80021129085512,59.88433477391442,11480300
2011-10-24,64.33605194091797,65.12825043163905,63.65603057930117,64.32904521612292,16383300
2011-10-25,63.018062591552734,64.84081114748356,62.408140598992986,64.04861804338196,10711700
2011-10-26,64.19583129882812,64.67255058483555,63.10919009805353,64.37109566355667,9747800
2011-10-27,67.53288269042969,68.50735236692289,66.32706271267388,66.60047476011324,13928100
2011-10-28,67.89743041992188,68.66859274346712,67.05616340308073,67.09121307540605,8699300
2011-10-31,66.22190856933594,67.04214478065433,65.79426295174689,66.62852331206744,9273900
2011-11-01,64.23792266845703,65.19837375574797,62.39414262646848,63.09520040878835,13543700
2011-11-02,65.85733795166016,66.06765197551654,64.63749414898913,65.21937311074836,9303400
2011-11-03,67.30152130126953,67.54689036128488,65.80827072290958,66.92294960211257,11159000
2011-11-04,67.1192626953125,67.29452712029928,65.75921439449431,66.81080094441492,6818800
2011-11-07,66.6004867553711,67.47680894952072,65.47178334141469,67.02112033883367,7285300
2011-11-08,67.22440338134766,67.30152013439319,65.8573433930755,67.27347719249988,7316700
2011-11-09,64.24493408203125,65.88541205705519,63.90141726985451,65.54890197160407,11208500
2011-11-10,64.63749694824219,65.47876912603209,63.936439474405965,65.18432627069545,7323000
2011-11-11,67.39266204833984,67.44173586412639,65.45774701277476,65.59795638683782,9818400
2011-11-14,67.673095703125,68.75272515155854,67.21740715009236,68.33209162131514,8584900
2011-11-15,68.0516586303711,68.52136592221598,67.16131786301369,67.44874868763338,8760700
2011-11-16,67.12628173828125,68.84387114199545,67.02112200264345,67.46979854929482,8117500
2011-11-17,65.76620483398438,67.34358426823967,65.05814058340934,67.09120313086726,10084000
2011-11-18,65.85033416748047,66.45324407264276,65.30351014852967,66.27797968971522,6065700
2011-11-21,63.88037872314453,64.5674122650153,62.723632463379246,64.54638139007069,9853100
2011-11-22,63.088157653808594,63.95046066013172,62.09966944273183,63.65601781841897,7490600
2011-11-23,61.52482223510742,62.81476577255447,61.29347192176784,62.66754430460533,7643800
2011-11-25,60.79571533203125,61.97349230243573,60.73261736735415,61.202330019721536,3078700
2011-11-28,64.13275909423828,64.42018996252433,63.08817929717229,63.34056049055039,8339500
2011-11-29,63.47372055053711,64.37107292518442,63.41062262022863,64.24488241320951,6054600
2011-11-30,68.6195068359375,68.64054305400145,66.35509408435075,66.35509408435075,13076500
2011-12-01,67.87640380859375,68.70365207817474,67.13328438543722,68.16384002239315,7491800
2011-12-02,67.50483703613281,68.70364489189895,67.30854176365345,68.5283804916645,7897900
2011-12-05,67.89743041992188,68.68261689131344,67.53288280559612,68.51436455767427,7484800
2011-12-06,67.27347564697266,67.95350226349088,66.52334435165386,67.73617615461586,6443200
2011-12-07,66.52335357666016,66.7967656059482,65.75920337907175,66.58645154038156,8146300
2011-12-08,65.14230346679688,66.97206514521315,64.91796513661718,66.1378044726788,7842300
2011-12-09,67.28050231933594,67.50484054936571,65.50682735243723,65.64002466646892,7139000
2011-12-12,65.3666000366211,66.24993398740692,64.71461634533894,66.15178636494674,6326700
2011-12-13,63.782249450683594,66.376161515005,63.16531508178539,65.92748489143207,8464700
2011-12-14,60.99200439453125,62.95496759496244,60.494254195907466,62.80774080858234,13564500
2011-12-15,61.48276901245117,62.310017458543605,61.05512331200909,62.24692482174726,7645200
2011-12-16,61.132232666015625,62.75167967924914,61.132232666015625,62.26794812805193,11556900
2011-12-19,61.16727828979492,62.89889149372479,60.94995213580454,61.75616413234122,7919100
2011-12-20,64.30802154541016,64.42720006400975,62.555377394314384,62.57640826834425,7844300
2011-12-21,64.23792266845703,64.50432804887228,63.02509570028565,64.3430824055343,7177300
2011-12-22,64.36412048339844,64.84785211887929,63.81028413157254,64.51835406854579,4766000
2011-12-23,64.67255401611328,64.79173250677731,64.25192058817635,64.63749900185012,3368600
2011-12-27,64.18184661865234,64.76372055387446,64.15380366355238,64.28700101446871,3216200
2011-12-28,62.65351486206055,64.35708491416021,62.513300143560706,64.32904197046025,5248800
2011-12-29,63.50179672241211,63.69809198854156,62.716610309249425,62.716610309249425,3570800
2011-12-30,63.51582336425781,64.0906904354761,63.37561397074916,63.59995220955031,3279800
2012-01-03,65.88539123535156,66.6775843453428,65.03710688875752,65.03710688875752,8177000
2012-01-04,66.49531555175781,66.95801615780213,65.48579619532114,65.48579619532114,7335200
2012-01-05,66.96501922607422,67.41370100833166,65.82930934352491,66.48829984678038,5555900
2012-01-06,67.13329315185547,67.44175493173364,66.82482602333103,67.32257639522057,5474100
2012-01-09,68.07270050048828,68.2900320210562,67.30153811267634,67.36463073730704,6536300
2012-01-10,70.07772064208984,70.09174479004908,68.89994359984273,69.01912211426978,9545000
2012-01-11,69.85337829589844,70.42123323594053,69.68512597082022,69.98658095043473,7226500
2012-01-12,71.46580505371094,71.5359097357401,69.16633725183037,70.09873968524255,10471800
2012-01-13,71.84439849853516,71.99862670621826,70.4913568661652,70.61053539654824,9914300
2012-01-17,72.46832275390625,73.47083529042729,72.43326773603661,72.78379652015384,8864700
2012-01-18,73.41899108886719,73.58799550724825,72.17961281811432,72.29228601207076,6794400
2012-01-19,74.46821594238281,74.47525935837048,72.97532873357983,73.69360673285901,9464800
2012-01-20,74.39075469970703,74.58792736751502,73.82739961521085,74.18653861589097,6601100
2012-01-23,74.90482330322266,75.51746623680282,74.39076133979351,74.58089598111702,7003800
2012-01-24,74.8484878540039,75.20762689220469,74.04571026688652,74.2428829552939,5577300
2012-01-25,76.79206848144531,76.95402948250312,74.6372393079143,74.644282725694,10649400
2012-01-26,78.38356018066406,80.27783718072516,77.95400290278735,79.0173336539703,18539000
2012-01-27,78.36241912841797,78.85535633821586,77.22867053020312,77.83427557170499,7835100
2012-01-30,77.74974060058594,77.98916299166785,73.55275698849364,77.4751011335337,5968400
2012-01-31,76.84136199951172,78.86943115216229,76.5526409673611,78.36945593867199,7608300
2012-02-01,77.82721710205078,78.43986544347533,77.41879024698747,77.98918345871004,6737900
2012-02-02,77.69342803955078,78.17931638709912,77.36245726629625,78.02439881280533,5125400
2012-02-03,80.23555755615234,80.73553272893082,78.7990066752923,78.98913596027158,10225500
2012-02-06,80.12285614013672,80.45382679048039,79.43275192552983,79.74259233160686,5029600
2012-02-07,80.14400482177734,80.34822092994814,79.21447258228959,79.60882333748793,5139200
2012-02-08,80.30596160888672,80.51017769273375,79.72852506483908,80.15103869199916,4123800
2012-02-09,79.45390319824219,80.72848769239914,79.28489342325825,80.55243987287234,7566200
2012-02-10,78.69336700439453,78.71449188089468,77.69341678466851,78.17226701803136,6351700
2012-02-13,80.0665512084961,80.17922439890664,78.64408710116028,79.36235988609049,5702400
2012-02-14,80.59468841552734,80.61581866649665,79.72149274815115,79.79895421737959,6425000
2012-02-15,79.2426528930664,80.7707468550825,78.82718256942992,80.6228673141668,8201900
2012-02-16,80.24962615966797,80.31300615954115,79.14404622291275,79.37643060152716,5456900
2012-02-17,80.24258422851562,80.62989153337377,79.59472962089148,80.54538665616313,4296000
2012-02-21,80.98198699951172,81.99602403420064,80.55242994301446,80.62989140386166,7520200
2012-02-22,81.55239868164062,82.00308071670594,80.62990973057782,80.81300098624611,5004800
2012-02-23,81.82701873779297,82.00306654520867,80.98199141121873,81.601677759203,5064900
2012-02-24,81.68618774414062,82.35516730509296,81.45380333442128,81.89040385820734,4473500
2012-02-27,81.42562103271484,82.03826926953312,80.66509867112403,80.86930937751131,4909600
2012-02-28,81.5171890258789,81.84111638963759,81.12283823180246,81.55239536848437,4013200
2012-02-29,80.4256820678711,81.96786262554826,80.05246156474716,81.77772797930027,6780300
2012-03-01,79.84825134277344,81.24959053011942,79.5806605820026,80.74961535016288,7465000
2012-03-02,79.21444702148438,80.23552723285762,78.72855886681134,79.68625909210913,5404800
2012-03-05,77.52442932128906,78.79901941970901,77.12304043470094,78.55255350207666,8392200
2012-03-06,74.59497833251953,75.46113592239074,74.08091636295238,75.0456602967045,12630800
2012-03-07,76.24982452392578,76.48925233271044,74.869610375949,75.10903818473365,7385800
2012-03-08,77.65819549560547,77.85536814868723,76.51740932490331,77.17230190583123,6171200
2012-03-09,77.61597442626953,78.22861748577552,77.32021533736638,78.08073794132393,6526500
2012-03-12,76.71460723876953,78.13002798127353,76.53151598381119,77.53850982725162,6499200
2012-03-13,79.7848892211914,79.84122045107564,76.9751616158125,77.27092609233677,8077600
2012-03-14,79.05953216552734,79.89047787561736,78.3483030251715,79.72147351650379,6181000
2012-03-15,79.89047241210938,79.91160265653627,78.43984056944015,79.48908372881976,5316700
2012-03-16,79.98204040527344,80.45384723531517,79.60177650011136,80.29188089008676,5776000
2012-03-19,80.0876693725586,80.3411732676112,79.4186844937188,79.92570302892923,4736500
2012-03-20,77.99620819091797,78.86940365564816,77.8201604149009,78.86236024029299,8086900
2012-03-21,76.7568588256836,78.41170745979997,76.7568588256836,78.05961177711335,7925000
2012-03-22,74.94709014892578,76.01042065634505,74.43302806826956,75.54565175828156,9449700
2012-03-23,75.9329605102539,76.4822289466877,74.50345281734185,75.05975929958855,6025000
2012-03-26,76.58079528808594,77.24977479905274,76.13715675294976,76.61600699815898,4570800
2012-03-27,76.09488677978516,77.15821682040807,75.96813216982645,76.53148718576549,4211400
2012-03-28,73.41899108886719,76.03154033250422,72.91901587893108,76.02449691474354,10244900
2012-03-29,74.65834045410156,74.8343882347515,72.8696997305439,72.96828605790371,8316800
2012-03-30,75.0104751586914,75.29919624844776,74.34853881135965,75.1372298418068,4780300
2012-04-02,75.52452850341797,76.01042229412579,73.96826613653887,74.63724582507666,5211700
2012-04-03,74.79212951660156,76.11600673419443,74.51749544152938,75.79912291604998,5828000
2012-04-04,74.82737731933594,75.23580423537356,73.47532579063845,73.77812829803504,5583200
2012-04-05,74.55270385742188,75.44702407253594,74.22877663885494,74.44003071745894,4576600
2012-04-09,72.93307495117188,73.4400934232121,72.39085014624393,72.93307495117188,6335700
2012-04-10,70.72190856933594,72.99644806344698,70.27827013440842,72.91194320189112,9162300
2012-04-11,71.65148162841797,72.17962522764464,70.77124229637353,71.6655630938067,6178100
2012-04-12,74.95413970947266,74.99638947728471,71.91907090451973,71.9472392072459,8973200
2012-04-13,74.56681823730469,75.29213443527591,74.1090928060689,74.75695290180501,6321600
2012-04-16,75.16536712646484,76.72867244888316,74.75694031391565,75.99631295673437,6813500
2012-04-17,76.34137725830078,76.89768362718682,75.151292306833,75.98223821052565,5321000
2012-04-18,76.90472412109375,77.27090657188258,75.80618751383277,75.80618751383277,4871700
2012-04-19,75.9217758178711,77.62605280629813,75.22167898994657,77.23003931095161,5628500
2012-04-20,76.18340301513672,76.81278368971226,76.09854069896754,76.2116850585825,4014600
2012-04-23,75.59647369384766,75.69547706172087,74.33771196350642,75.19338701171279,5462600
2012-04-24,76.65721130371094,76.93300710813683,75.73788835877282,75.84396491323147,5703200
2012-04-25,73.149658203125,75.74497051294937,72.34348492647807,75.5611048231925,15948300
2012-04-26,73.82146453857422,73.93461431094237,72.83849882105791,73.524454479025,7317200
2012-04-27,73.94168090820312,74.28819803391843,73.62345662039226,74.24576417233978,4687200
2012-04-30,72.67584228515625,73.63052588803559,72.52026945195652,73.53859035560197,5325600
2012-05-01,72.20911407470703,73.19207973811848,71.9474592869664,72.70413081337546,5732800
2012-05-02,72.57682800292969,72.64047608466066,71.176634948171,71.8343030179143,5620200
2012-05-03,71.19081115722656,73.10724144001229,71.07059353765186,72.767802820592,6102000
2012-05-04,69.61380767822266,70.80892115752802,69.30265119128296,70.71699101151322,9055000
2012-05-07,68.7298355102539,69.44407313323312,68.61668575100325,69.0692739974509,7245700
2012-05-08,68.23480224609375,68.56009965781814,66.4173763487853,68.48231055987571,10411600
2012-05-09,67.88121795654297,68.8076139318428,66.53052663579876,67.0679717229163,7733500
2012-05-10,67.49229431152344,68.87127340383994,67.30842863412192,68.70155414523435,4982000
2012-05-11,67.53475189208984,68.37628612906735,66.68614983794534,66.82758171520932,4531900
2012-05-14,66.19110870361328,67.01849628102974,66.08503212811094,66.70734516024264,5213300
2012-05-15,65.54051971435547,66.94071877156618,65.26472382957263,66.367907368704,5304800
2012-05-16,64.96062469482422,66.53054266958956,64.85454813526046,66.07088117499859,5803400
2012-05-17,62.08955001831055,64.8050811846482,61.948112731346605,64.36663368798123,12695100
2012-05-18,62.71184158325195,63.51094181444265,62.245106750593706,62.41483145080366,8655900
2012-05-21,65.04548645019531,65.27178059081393,63.16441202263972,63.31291704661339,6811300
2012-05-22,64.69898223876953,65.75266943069006,64.27468131487781,65.59709116636468,7210500
2012-05-23,65.39199829101562,65.61829243204333,63.54628451142667,64.00594600281113,6668600
2012-05-24,64.64947509765625,65.73851746073707,63.765512666124266,65.73144425060683,6421600
2012-05-25,63.60286331176758,64.82626423240123,63.383636971292404,64.62825752121971,4637400
2012-05-29,65.42735290527344,66.42446499504642,64.27466797873333,64.4938889082815,8238800
2012-05-30,63.772579193115234,64.35245827161981,63.29170346494476,64.34538506223082,6350800
2012-05-31,61.962249755859375,62.584557538232524,60.82370539614031,62.527982632031325,12370400
2012-06-01,60.47718048095703,61.38236267966901,59.91144767645129,60.16602932682664,9572500
2012-06-04,58.87896728515625,60.78125064415171,58.50416810203427,60.77418282976394,9812600
2012-06-05,59.15475845336914,59.96800485197593,58.709237999245936,58.709237999245936,9212900
2012-06-06,61.28336715698242,61.28336715698242,59.77001808792542,59.91145535363543,8464000
2012-06-07,61.6227912902832,63.55336769910145,61.467213032285116,62.8108370660301,7773300
2012-06-08,61.94807815551758,61.99757982950578,60.342804960233416,61.40355974164734,4399100
2012-06-11,60.243797302246094,63.263409990050555,60.173076005655844,63.07954433041529,6436400
2012-06-12,61.559165954589844,61.55916595458984,59.93974560475605,60.68934426453019,5270100
2012-06-13,60.31451416015625,61.52377389619998,59.88314014144575,60.993396535025845,8308300
2012-06-14,60.73883056640625,60.99341219676288,59.75586470291552,60.32867067357848,6124300
2012-06-15,61.47427749633789,61.48841851992634,60.597388361348486,61.099478325547175,6571800
2012-06-18,61.33992385864258,61.58743227784898,60.58325217976647,61.06412799220131,4722600
2012-06-19,62.8249626159668,63.49677716499068,61.66520457238246,61.92685934140575,6254700
2012-06-20,61.64400100708008,62.74011654786914,61.17019845266038,62.32995669690358,9413700
2012-06-21,60.09528732299805,61.841992061666936,59.99627859501196,61.58741052176439,8578400
2012-06-22,60.08116149902344,60.85197959105193,60.00337236876518,60.46303393976065,6408200
2012-06-25,58.617313385009766,59.38813139214848,58.07279492844834,59.36691176282318,7390700
2012-06-26,58.50418472290039,59.06284435382487,57.846516314359256,58.91433928031941,5590300
2012-06-27,58.164730072021484,58.60317739601973,57.78285764052856,58.43345271850374,7407600
2012-06-28,58.433448791503906,58.48295047029965,57.2524763150352,57.747498498270986,9716100
2012-06-29,60.0457763671875,60.066990593017906,59.26788545156485,59.628543476510245,7053400
2012-07-02,59.175987243652344,60.44889543247757,58.72339886435428,60.356959877280765,6420600
2012-07-03,61.14192199707031,61.31164129872938,59.31742196957755,59.33156839196208,4357800
2012-07-05,61.375274658203125,61.919793092994844,60.55495500599136,61.262124887438176,5547600
2012-07-06,59.83366012573242,60.28624853945022,59.282068333718826,60.28624853945022,6952000
2012-07-09,58.794132232666016,59.64980755977875,58.666841376013174,59.35987057229657,6291200
2012-07-10,56.7645263671875,59.61442563980517,55.95128528597299,59.09111602120182,15154700
2012-07-11,56.38972091674805,57.09689074904583,56.04320920959987,56.941312522695895,8184100
2012-07-12,56.31901168823242,56.80696065684478,55.33604593644688,55.852282349137454,8743600
2012-07-13,58.03742980957031,58.08693148363098,56.255364148108605,56.53822777401078,7619500
2012-07-16,57.3868408203125,57.88185761252622,56.715026150561435,57.88185761252622,4989800
2012-07-17,57.92428970336914,58.19301232587403,56.53823193705616,57.91014328386571,6462700
2012-07-18,58.72846603393555,59.319168122231076,56.999064722853944,57.31220904527493,7457800
2012-07-19,58.80677032470703,59.35477305863888,58.39399546157729,59.041628639249254,5616100
2012-07-20,57.61116027832031,58.764097170267696,57.40477546897046,58.30861713561571,5897000
2012-07-23,58.05950927734375,58.78542865993477,56.07389907382455,56.69306959849676,7567700
2012-07-24,57.952762603759766,59.28362131473731,57.12720179573108,58.89219068511176,8780500
2012-07-25,58.78543472290039,60.81374467878135,57.141436984409914,60.58600470881838,19877300
2012-07-26,59.28362274169922,60.244400620566,58.429593737345826,59.667929549446356,10138200
2012-07-27,61.319034576416016,61.632173572985664,58.37975995424794,59.198202158647604,11229000
2012-07-30,60.984554290771484,61.895514179021326,60.49348777017619,61.646424432976325,6504600
2012-07-31,59.931251525878906,61.461381957292616,59.88143357833283,61.04148317390511,9192500
2012-08-01,58.821014404296875,60.543298064622434,58.71426011813237,60.493480121712146,9366200
2012-08-02,59.15550994873047,59.99530202627827,58.429585130473754,58.68579325106452,8097300
2012-08-03,60.50770950317383,61.20516611073427,59.831608095942975,60.15898391426779,6941300
2012-08-06,61.454246520996094,61.91684472268983,60.83508154880762,61.01300351640156,6384800
2012-08-07,62.073429107666016,62.85628483280087,61.7389348741701,61.91685687668932,6049800
2012-08-08,62.073429107666016,62.54314037084748,61.454258584189624,61.553894471220495,6139600
2012-08-09,62.913211822509766,63.190769670791234,62.09476964666152,62.208642317622015,6700600
2012-08-10,63.29752731323242,63.311758682986465,62.37233081652515,62.81357929537368,5500300
2012-08-13,63.06269073486328,63.532402115188795,62.343884145088666,63.226375977344155,5403400
2012-08-14,62.53603744506836,63.802841437726876,62.45775131700523,63.68896873154434,5485600
2012-08-15,62.35097122192383,62.436375716234544,61.319026040302134,62.09476316873894,6345200
2012-08-16,63.04844284057617,63.219251884968315,62.08055207109907,62.443509073497104,4979200
2012-08-17,64.05903625488281,64.12308556645839,63.411397590294044,63.95228197250849,7848500
2012-08-20,64.36509704589844,64.39356523188185,63.50395478146751,63.86691193581564,5296000
2012-08-21,64.25830841064453,65.53223054730398,64.01633167380639,64.76360622522759,7159700
2012-08-22,63.1409797668457,64.25121165287177,62.365236783333735,64.08040800034858,8843500
2012-08-23,62.36520767211914,63.1409502935252,62.01648212732073,63.084013959344496,5469400
2012-08-24,62.2513313293457,62.45060304008734,61.489825617727675,61.85990087628401,4979000
2012-08-27,61.65353012084961,62.62854464561008,61.58948080646865,62.37945492899203,4273400
2012-08-28,61.2122917175293,61.90974297745415,61.119768794453236,61.46849985416467,4697200
2012-08-29,61.269222259521484,61.44003130272855,60.10205427968473,60.90626525964166,8731900
2012-08-30,60.116310119628906,61.07708821550276,60.109191716470384,60.89204774163609,5170100
2012-08-31,60.72832489013672,61.1624549083448,59.959700717268575,60.62157062783603,5481300
2012-09-04,58.8281364440918,60.58600135539159,58.50787356578498,60.51483363679525,11287600
2012-09-05,58.89217758178711,59.127035907307196,58.20183940481794,58.78542330384633,6234700
2012-09-06,60.344051361083984,60.44368728829529,59.31921847576682,59.46155939303354,6982600
2012-09-07,62.69975280761719,62.94172970967866,61.73897446387049,62.10193710208665,10698000
2012-09-10,61.988037109375,63.07691911591753,61.973805735389014,62.585857982030525,5591600
2012-09-11,63.05554962158203,63.425630386483775,62.20864467563955,62.41502939751981,5877800
2012-09-12,63.4256477355957,64.22273496157254,63.09827184924814,63.68896886714184,6016400
2012-09-13,64.53585052490234,64.7422406404027,62.84203549976616,63.07688834935541,7836600
2012-09-14,66.3079833984375,67.09795767653058,65.46107819515501,65.62476342841774,11375700
2012-09-17,65.46818542480469,66.5428359535827,65.28315043210719,66.14429236346601,7996500
2012-09-18,66.2367935180664,66.2367935180664,65.31159706384393,65.31159706384393,6596500
2012-09-19,66.8559799194336,67.062370114039,66.05176891463512,66.40049998297656,6785200
2012-09-20,65.85960388183594,66.17986128907671,64.9415257700647,66.17986128907671,7094100
2012-09-21,65.2760238647461,66.48589128609981,65.02693415208485,66.48589128609981,10786300
2012-09-24,64.67111206054688,65.31874553284331,64.37219887435202,64.37219887435202,8604700
2012-09-25,61.92395782470703,63.73164551240034,61.91683942628288,63.09824379632733,13936300
2012-09-26,61.88127899169922,62.57873572857879,61.06284200901064,61.84569784404936,8864800
2012-09-27,61.85992431640625,62.592962142861936,61.73893865043276,62.51467602258521,7585300
2012-09-28,61.2336540222168,61.625079278474765,60.7995237812806,61.46139403141692,7519300
2012-10-01,60.82798385620117,62.02362010262832,60.66429320120397,61.71759399700264,7385000
2012-10-02,60.82798385620117,61.15535973644619,60.03089121533327,60.941851130754074,8819000
2012-10-03,60.69276809692383,60.94897628022088,60.173238757835364,60.85645877004417,5584500
2012-10-04,61.17673873901367,61.56105115501987,60.63585399466213,60.86359408232299,5076900
2012-10-05,60.79951477050781,62.158836221846045,60.50060707081031,61.810110572198965,6547700
2012-10-08,60.80663299560547,61.0699541175403,60.08782649434558,60.45078894564008,4532600
2012-10-09,60.31556701660156,61.31193145149824,60.13764499000391,61.00590534856032,5810600
2012-10-10,59.1839714050293,60.045113156615955,58.785422468364594,59.70350055801021,10634900
2012-10-11,58.96335983276367,59.56829365062677,58.536348045433805,59.34767207028539,7643800
2012-10-12,58.94199752807617,59.85295726199624,58.68578942419262,59.070101580017955,6012400
2012-10-15,58.93486022949219,59.21241801473732,58.429562583796006,59.006033347552226,6357300
2012-10-16,60.46501541137695,60.52195175789045,59.21956133757567,59.490000838891504,6943000
2012-10-17,61.65353012084961,61.75316600749683,60.64293445357148,60.93472914285876,7339000
2012-10-18,62.01868438720703,62.670228545103974,61.45305501879157,61.84684388316912,6813600
2012-10-19,60.04255294799805,61.20245158834634,59.77763630906573,61.09505265566909,9874300
2012-10-22,60.91606903076172,61.60341469649558,58.9184681291581,59.38385996000415,17158300
2012-10-23,59.84208297729492,60.24303320024644,59.412492672341564,60.07119817077251,7496100
2012-10-24,59.23353576660156,60.243073383495435,59.08317387016346,60.19295457219632,5509000
2012-10-25,59.80629348754883,59.81345487511789,58.96859140572884,59.706055911734715,5983300
2012-10-26,60.32181167602539,60.371930470192346,59.59866439229747,59.770504940188914,7165300
2012-10-31,60.722740173339844,61.517484668032935,60.464984906815765,61.238250706388,5914600
2012-11-01,62.75613784790039,62.90649416579741,60.85877494818497,61.01629265146847,8550000
2012-11-02,61.42440414428711,63.36472442892262,61.35996260095905,63.35756304354472,6982000
2012-11-05,62.126075744628906,62.13323713101939,61.28121241428217,61.46737022267377,4044600
2012-11-06,63.06401443481445,63.43632455201104,62.50554652775121,62.541342531066924,7048900
2012-11-07,60.873111724853516,62.45544518660019,60.74423405936179,62.09745227829408,8209200
2012-11-08,59.899375915527344,61.03062935189862,59.799132875874385,60.97335463821756,6240600
2012-11-09,60.8229866027832,61.06642459560242,59.35521910908763,59.426816590785855,7282200
2012-11-12,60.98766326904297,61.26689726018873,60.30747902651612,60.457835370784025,5800500
2012-11-13,59.61298370361328,60.98767523159366,59.548542136265596,60.65832239442369,7695300
2012-11-14,58.06645965576172,60.071222507795376,57.90894187220402,60.071222507795376,8497000
2012-11-15,58.209651947021484,59.11895157545714,57.63686108046111,58.245447962094914,7794600
2012-11-16,58.660709381103516,58.861184505700336,57.39341707916649,58.259759131909874,8050900
2012-11-19,59.8707389831543,60.0282512822524,59.53422475830119,59.69174251993784,5674800
2012-11-20,59.663082122802734,59.97811207631078,59.13324883899356,59.927993302170634,5535900
2012-11-21,59.462623596191406,59.95665008965713,59.17622818021031,59.39102064529247,4517100
2012-11-23,60.257354736328125,60.27883343175459,59.60580517486144,59.870721831040804,2663700
2012-11-26,60.60820007324219,60.722754962632735,60.00676915069257,60.00676915069257,4240800
2012-11-27,60.14995574951172,60.944700254889895,60.07119689131843,60.50078718712196,4195600
2012-11-28,60.8158073425293,60.923200792599445,59.42679378790895,59.877862665810376,4884700
2012-11-29,61.753761291503906,61.918440391797496,61.20245475363513,61.25257352980502,7846300
2012-11-30,61.0306282043457,61.82537288119602,60.8802718415008,61.81105556867953,5663400
2012-12-03,60.49365234375,61.517512486961756,60.45069493408245,61.517512486961756,4714100
2012-12-04,60.257354736328125,60.8301399770028,59.96379799873448,60.1785958780731,4468400
2012-12-05,61.610572814941406,61.982882982343696,60.550911555732974,60.586713026413236,8604400
2012-12-06,61.53898239135742,61.81106051378144,60.91607819009946,61.45306758430865,4132300
2012-12-07,62.283607482910156,62.684563272927285,61.947093259831256,62.07597093116917,7337200
2012-12-10,62.455440521240234,62.61295280059676,61.84684825255047,62.154722349197364,4336600
2012-12-11,62.52702331542969,63.12129267022261,62.319386837398305,62.72033702254216,5371600
2012-12-12,62.97095489501953,63.55806308817949,62.62012334926922,62.927997490959115,7093300
2012-12-13,63.26446533203125,63.94464922273351,62.87783259138318,62.899311277663415,6100000
2012-12-14,63.72273635864258,64.08072925953384,63.235865794928955,63.25734449497632,5866400
2012-12-17,64.18096160888672,64.216763081076,63.651133688219254,63.90172760593105,6092800
2012-12-18,64.99002838134766,65.21914361785502,64.20244509726223,64.20244509726223,6653300
2012-12-19,65.00433349609375,65.74895917807918,64.96853203095982,65.09025373489321,7065800
2012-12-20,64.44986724853516,64.9035347273031,63.83057199522994,64.73791244677099,6893600
2012-12-21,63.29768371582031,63.49931368015577,62.27512861440224,63.00963855505346,10727800
2012-12-24,62.99525451660156,63.247292035024145,62.7648194291858,63.016856947608375,2326700
2012-12-26,63.13205337524414,63.85936614021918,63.060043461505,63.13205337524414,3236100
2012-12-27,63.124874114990234,63.664956862063015,62.325551209802036,63.27609662488992,3953800
2012-12-28,62.512752532958984,63.08164013947963,62.426342841945655,62.71438247066174,3309200
2012-12-31,64.52906799316406,64.66589067341025,62.41194249211082,62.51275746892247,7213000
2013-01-02,67.3302993774414,68.0072046800661,66.93423659526643,66.93423659526643,11590000
2013-01-03,67.97842407226562,68.40328657872668,66.89105581053353,67.12869356533706,9329000
2013-01-04,68.35285949707031,68.35285949707031,67.71916449305623,68.10082202354226,5658600
2013-01-07,68.56168365478516,68.89293364968458,67.97839621746273,68.10081361892473,5368800
2013-01-08,67.69033813476562,68.54727076923356,67.38069062353796,68.17281050291012,5616100
2013-01-09,68.00720977783203,68.24484197094527,67.76236945031508,67.76236945031508,3546100
2013-01-10,68.46808624267578,68.54729881241974,67.85599360793145,68.4896886718777,4596400
2013-01-11,68.54730224609375,68.6913221106577,67.77678443326471,68.09362923410653,4288500
2013-01-14,68.14401245117188,68.75611039244545,67.79836270179761,68.64089014665156,3685800
2013-01-15,68.89293670654297,69.00815696762263,67.81997412175974,67.84157654721106,4789800
2013-01-16,68.54730224609375,68.8929521186495,68.2880620946741,68.482489461236,3809700
2013-01-17,68.91455841064453,69.33942637472582,68.4752906569022,68.92176105247803,4824100
2013-01-18,70.29716491699219,70.29716491699219,69.19539161429066,69.44023195733718,8330900
2013-01-22,70.36915588378906,70.37635852270412,69.16657340314887,69.4114081862237,8330100
2013-01-23,69.74268341064453,70.36918136704331,69.5626558305995,70.19635642852168,4971000
2013-01-24,69.5626449584961,70.38357015567672,69.13057993271758,69.13057993271758,5816300
2013-01-25,68.82811737060547,69.33219218949739,68.16561746748937,69.07295214149484,8902700
2013-01-28,70.17473602294922,71.10367883004416,69.44022604436506,70.61400367965314,15997500
2013-01-29,71.00288391113281,71.43494904971452,70.3691887408134,70.51320862233852,6961900
2013-01-30,71.03887939453125,71.26211182065303,70.75083418708049,71.16849946318382,5681000
2013-01-31,70.85162353515625,71.08205851889136,70.49877116812512,70.56357843198653,7154500
2013-02-01,71.64376831054688,71.7949908060382,71.25490811042405,71.29091582106712,6138500
2013-02-04,70.7580337524414,71.19730143855872,70.50599626712945,71.11808887260281,5765000
2013-02-05,70.88764190673828,71.36291172862603,70.80122671457495,70.98845688392672,4178000
2013-02-06,70.3547592163086,71.11087706881932,70.10992440326972,70.47718211683245,4489600
2013-02-07,69.20977783203125,70.68600564252056,68.56167768367001,70.15312024608812,6210100
2013-02-08,69.74268341064453,70.21075621756276,69.20260067050943,69.20260067050943,3934200
2013-02-11,69.5626449584961,69.84348749995236,69.34661519260928,69.82188507276418,2739200
2013-02-12,70.00912475585938,70.14594747193948,69.61306189036729,69.61306189036729,4149000
2013-02-13,69.40424346923828,70.21076915428895,69.14500326668652,69.91552123149127,3718500
2013-02-14,69.18099212646484,69.62025982247737,68.90014956593292,69.17378948557793,3586300
2013-02-15,68.8497543334961,69.43304198712961,68.61931923010947,69.31782718243942,4377200
2013-02-19,68.84252166748047,69.3970094986209,68.50406905517467,68.94333663786894,4368800
2013-02-20,67.12867736816406,68.48248263983469,67.00625994607789,68.41047271472547,8570800
2013-02-21,65.91168212890625,66.81902246969679,65.22037703392448,66.79742004391682,7193400
2013-02-22,65.91887664794922,66.60297901872474,65.56602425100213,66.24292398273681,5851800
2013-02-25,64.20502471923828,66.40856005818773,64.14741458768292,66.1133122544699,7540300
2013-02-26,64.77391052246094,64.95393807310036,63.729752926354244,64.51467041001979,7114200
2013-02-27,66.43016052246094,66.50937307750942,64.85311755522844,64.85311755522844,6147300
2013-02-28,66.51657104492188,67.08545867576231,66.41575607176068,66.60298073962919,5446500
2013-03-01,65.78926086425781,66.22132583654763,64.90352300116012,65.91888090534518,4924400
2013-03-04,64.62989807128906,65.35000835620593,64.22663806981737,65.249193355838,6350500
2013-03-05,64.96115112304688,65.73166894349383,64.80272597405681,65.16278113303214,5352500
2013-03-06,64.5506591796875,65.56601690452752,64.38503695833268,65.50840678666357,7135900
2013-03-07,64.55787658691406,65.09795920393675,64.28423121145968,64.73790412592163,4738200
2013-03-08,65.17719268798828,65.32841521002926,64.8171374943651,65.11958253844706,5084900
2013-03-11,65.65965270996094,65.90448755744765,64.881932322641,65.16277488017234,4846300
2013-03-12,64.62266540527344,65.64522571019977,64.37783065927893,65.64522571019977,6593300
2013-03-13,64.29141235351562,64.74508511627802,64.18339476742922,64.66587258608149,5836100
2013-03-14,63.8737907409668,64.48588898056632,63.492133105267776,64.42827882959119,7328500
2013-03-15,63.96738815307617,64.2698331079643,63.44890794812244,63.808963035562016,7379400
2013-03-18,64.34906005859375,64.82433002342722,63.132071832783204,63.290496985729646,7159800
2013-03-19,63.564090728759766,64.3778183330043,62.96640375985678,64.3778183330043,7509300
2013-03-20,62.60639572143555,63.28329571596412,62.23193526198861,63.088868338409505,9389000
2013-03-21,62.527164459228516,62.88001688772669,62.23911930588122,62.23911930588122,5449600
2013-03-22,62.99525451660156,63.10326667163563,62.62799670746818,62.65680178014588,5115500
2013-03-25,62.39034652709961,63.34089175973944,61.96548415140673,63.31928933304384,6685300
2013-03-26,62.64958190917969,62.930424423045324,62.40474709976015,62.69278675931153,4173000
2013-03-27,62.57759475708008,62.76482499909751,61.785474417168956,62.239141990589225,4838700
2013-03-28,62.62800216674805,63.355315206743775,62.39756705924526,62.68561231712532,6213400
2013-04-01,61.67022705078125,62.606372356012336,61.5046048083813,62.54876223082804,5666900
2013-04-02,61.12297058105469,61.94389602180211,60.82772816521013,61.94389602180211,6514300
2013-04-03,60.575679779052734,60.93573492527961,60.20121935033368,60.424457276918105,9222400
2013-04-04,60.94292449951172,61.0149399150126,60.37403677988482,60.611674465426084,7646200
2013-04-05,60.921329498291016,61.46861485757935,59.80516184403838,60.064401988227296,8985600
2013-04-08,60.626075744628906,61.46140066805771,60.28042045265542,60.986130822349224,6722000
2013-04-09,61.85746765136719,62.3975503046201,60.52526487214433,60.76289706413191,10533700
2013-04-10,62.3399543762207,62.56318683235561,61.85748174792636,62.20313164813486,6258700
2013-04-11,61.71345520019531,62.64960085890783,61.425415453520074,62.57038828037034,6920000
2013-04-12,61.24536895751953,61.446998915548534,60.70528635822573,61.202158613653104,4934500
2013-04-15,59.24348449707031,60.726915764825854,58.984249788712276,60.662102967231284,10345400
2013-04-16,59.488304138183594,60.294829541064715,59.135451678050224,60.222814125768046,6566500
2013-04-17,58.6673698425293,58.7753874547034,58.05527736554802,58.71777732901002,9405300
2013-04-18,58.312255859375,58.950021526548106,58.015116984989774,58.950021526548106,6886900
2013-04-19,58.290504455566406,58.81956405731277,57.986116726543095,58.667364663505396,7009500
2013-04-22,59.942909240722656,60.24729701004963,57.60925861728964,58.877546518781806,18449600
2013-04-23,60.9503059387207,61.399644318895,59.96466438364646,60.81260983730582,12932500
2013-04-24,60.718387603759766,61.348909980854344,60.363268474482275,61.08075564200545,7022000
2013-04-25,61.247440338134766,61.617051713600816,60.89231572034639,61.38513641693127,6556100
2013-04-26,61.37064743041992,61.6605429491714,61.05901071538907,61.13148321275266,6160700
2013-04-29,61.45761489868164,61.9649278860298,60.92855518676409,61.682281288893414,6065100
2013-04-30,61.3634033203125,61.87796527991731,60.41400081322592,61.464865930414994,6954300
2013-05-01,60.211082458496094,61.131494963459495,59.90669459348126,60.92856972011627,11607000
2013-05-02,61.06626510620117,61.28368261781082,60.2255685792772,60.399503694424446,5798600
2013-05-03,63.03752136230469,63.3998892568173,61.95041767876684,62.03013352860797,11890000
2013-05-06,63.479610443115234,63.74051579144113,62.965048653165766,63.14623261565343,6381000
2013-05-07,65.07402801513672,65.08852029821773,63.711526704412876,63.85647165240433,10406900
2013-05-08,65.45089721679688,65.51612632288851,64.63194764213061,65.05229579024439,7431000
2013-05-09,65.18999481201172,65.7263033822942,64.90010486291415,65.21174153456076,5166100
2013-05-10,64.2260971069336,65.40741462710366,63.70428637702168,65.19724055370602,6967500
2013-05-13,63.8275146484375,64.13190251460719,63.595599293837026,63.9144849798995,5483600
2013-05-14,63.45064926147461,63.77677830243842,62.95057957131883,63.64632558019334,6856900
2013-05-15,63.05203628540039,63.182488995438625,62.64618586719132,63.030295088610224,6925400
2013-05-16,62.8925895690918,63.52311188338596,62.399768864991024,62.72590338450741,8192200
2013-05-17,63.537593841552734,63.675295429360574,63.12449460742524,63.33466867802288,6690800
2013-05-20,64.01593780517578,64.32032562476302,63.247713818073315,63.465136848805535,5603200
2013-05-21,63.849239349365234,64.4870105566804,63.58109057292296,64.24784635393722,4730000
2013-05-22,63.55934143066406,64.56672397193392,63.16073997055317,63.84198801249969,6479100
2013-05-23,63.015811920166016,63.327448714963154,62.16787187245004,62.349055926883295,6026800
2013-05-24,62.479496002197266,62.849112946520634,62.16061036165965,62.515735017457416,4637400
2013-05-28,62.465003967285156,63.33468504408563,62.254829842377255,63.08102852412694,5800400
2013-05-29,62.68242645263672,62.80563579723335,61.84173541550054,62.13163097390186,5110500
2013-05-30,62.62443923950195,63.0520308174197,62.32004592294541,62.66792162931141,3568000
2013-05-31,62.182350158691406,63.01579212382062,62.182350158691406,62.493986855588204,5522300
2013-06-03,62.421504974365234,62.54471428732409,62.13885839805906,62.26206771101791,6092700
2013-06-04,62.269309997558594,62.66791697217896,61.921439846341144,62.29105119084764,5105500
2013-06-05,61.18220901489258,62.13161689170507,61.04451294106676,61.94318399205804,7359000
2013-06-06,60.87782287597656,61.10248926245341,60.370509897062135,61.0952458836809,7009400
2013-06-07,61.348915100097656,61.87072600340141,60.616930053557795,61.348915100097656,5474100
2013-06-10,60.73288345336914,61.435872780172325,60.609674122092706,61.392390386367275,4965200
2013-06-11,60.529972076416016,60.85610672217059,59.88495722525798,60.17485284505125,5275900
2013-06-12,60.305301666259766,61.15324173720714,60.16035663046145,61.001047790829304,4748100
2013-06-13,61.70404052734375,61.80550315448256,60.29080712841138,60.38502084524071,6352100
2013-06-14,60.78361511230469,61.70402747212441,60.4429882807085,61.60981377522863,5147500
2013-06-17,60.81983947753906,61.18945635951628,60.45747150325063,60.551690715315374,4389500
2013-06-18,61.27644348144531,61.5083588274681,60.848846279195115,60.94305998782069,3723900
2013-06-19,61.05900573730469,61.8127318128891,61.05900573730469,61.24018973059046,4711700
2013-06-20,60.29804229736328,60.64591806396052,59.68201770811802,60.29079891733876,7628100
2013-06-21,60.24005126953125,60.892309169856134,59.377613760960216,60.892309169856134,9736500
2013-06-24,59.08048629760742,59.609546100141046,58.60216333179556,59.47184446743411,7525600
2013-06-25,59.66753005981445,59.92118661284555,59.406624596897274,59.67477344040237,6249000
2013-06-26,59.500823974609375,60.46472417322433,59.21092847128122,60.09510726824852,6950600
2013-06-27,60.12411117553711,60.27630510563514,59.82697222514517,59.82697222514517,4658000
2013-06-28,59.7834587097168,60.29077712222143,59.65300603556369,59.97914048559433,8448800
2013-07-01,59.95014572143555,60.33425480729323,59.62401129679191,60.18206095417765,4676300
2013-07-02,59.77622604370117,60.58067789428456,59.45734044323073,59.986394612051186,3659900
2013-07-03,59.31965637207031,59.79073600402228,59.10948221229794,59.537079441986094,2928200
2013-07-05,59.52982711791992,59.88494628440517,58.993523913328204,59.812473775022184,4819500
2013-07-08,60.29804229736328,60.298042297363274,59.60954520278876,59.71825672543151,4879100
2013-07-09,61.84172821044922,62.508484046581415,60.67490273256925,60.928559243130714,7882100
2013-07-10,61.573585510253906,62.16062004973855,61.45038168604325,61.906963491275945,4216800
2013-07-11,62.83462142944336,62.97232306608308,62.39978084920494,62.660686303207584,5434500
2013-07-12,63.175228118896484,63.24770060423368,62.71864648490561,62.78387006292022,4876100
2013-07-15,63.3419303894043,63.79851209964261,63.189736485991524,63.22596997006287,4161800
2013-07-16,63.89998245239258,64.16088789825906,63.35643036172038,63.57385340970838,5432100
2013-07-17,62.81285858154297,64.5014945409379,62.2403165619899,64.10288758767436,15077400
2013-07-18,62.557430267333984,63.19964172361246,62.33849163314048,62.674193455820635,7045900
2013-07-19,62.50635528564453,62.68150288019584,62.141461215755,62.36039431698374,5086200
2013-07-22,62.76181411743164,63.16320003950657,62.30934322053305,62.30934322053305,4835000
2013-07-23,62.411460876464844,63.039078937194084,62.11955016082892,62.389568129576155,6891800
2013-07-24,60.89352798461914,62.23633557348061,60.30969520903643,61.72548607072722,16602100
2013-07-25,59.944801330566406,60.265909915069095,59.368267993773856,59.87912306619559,9941300
2013-07-26,59.88641357421875,59.9010124551533,59.42664904593113,59.75505148501633,5727000
2013-07-29,60.587013244628906,60.82784468424969,59.842631738705265,60.14914144303606,9068800
2013-07-30,60.71108627319336,61.11976591130863,60.32429939171391,60.915426092250996,5266000
2013-07-31,60.50672912597656,61.22921772726188,60.455638618001174,60.99568577695547,7012900
2013-08-01,61.62331771850586,61.893335790527615,60.65269807104493,61.02489161402659,6570400
2013-08-02,61.52116012573242,61.79847769427999,60.93732721865591,61.51386068323708,4864700
2013-08-05,60.98110580444336,61.51385368916596,60.937320290136135,61.38249157840166,3758400
2013-08-06,60.22941207885742,60.80594535630498,59.952094600322745,60.79864591617891,7223600
2013-08-07,60.15644073486328,60.404566046942215,59.696676179506554,60.11994909822014,4292400
2013-08-08,61.273006439208984,61.732770924514966,60.514026168976045,60.5359189204895,6400600
2013-08-09,61.67440414428711,61.87874395540704,60.93731648173969,61.156255175278055,5478600
2013-08-12,62.995296478271484,63.09016690863963,61.34597412983893,61.440850128047344,8608300
2013-08-13,63.17778778076172,63.80540631193477,63.090211159722166,63.214279431489246,6710300
2013-08-14,62.63042449951172,63.491574817450605,62.550147350292164,63.38940491259702,4462900
2013-08-15,62.659603118896484,63.14855978158068,61.94440837205133,62.00279275298583,5138900
2013-08-16,62.14877700805664,63.053712980483894,62.13417812342864,62.6523271708605,4706500
2013-08-19,61.448177337646484,62.39690442742298,61.265730248677414,62.14147961643494,3766000
2013-08-20,61.20004653930664,61.637918400414065,60.76946855226368,61.156261023548744,4690000
2013-08-21,60.52864074707031,61.19274517586351,60.44836359213978,60.95191371107189,5562600
2013-08-22,61.42627716064453,61.65980918361238,60.61621173800922,60.79865880494794,4739900
2013-08-23,61.22193145751953,61.59412499732951,60.864336799654616,61.579526115384446,4487200
2013-08-26,60.98110580444336,61.87144838097442,60.95191360562434,61.2876211081218,4123300
2013-08-27,60.35346984863281,60.96649470937139,60.192921153712724,60.48483192108815,5569900
2013-08-28,60.17106246948242,60.32432296149973,59.44857337899858,59.70399825261967,6762900
2013-08-29,60.22941207885742,60.616198887917335,59.857218582208205,60.207519326320664,3706400
2013-08-30,60.23670196533203,60.39725621559265,59.9958705899411,60.273188024492725,4425700
2013-09-03,60.21481704711914,60.9664978912393,59.63828378613347,60.68188098070529,7544200
2013-09-04,60.96650695800781,61.11246237101908,60.0615711480853,60.38997361128171,4482200
2013-09-05,60.53594207763672,60.951921219042596,60.36079443068775,60.84245741960155,3728400
2013-09-06,60.85704040527344,61.4627659759492,60.13455161240225,60.73297774174005,5566500
2013-09-09,62.46257019042969,62.78367878438031,61.3168029240103,61.33140180619469,6702200
2013-09-10,63.206966400146484,63.411306237467585,62.89315720201966,63.352921835992134,6298400
2013-09-11,63.586429595947266,63.586429595947266,62.951517567808864,63.12666513751868,4382900
2013-09-12,63.37481689453125,63.65214002768253,63.21426813641172,63.4478001829457,3980600
2013-09-13,63.49886703491211,63.63752299410133,63.03909694753271,63.564545294342544,3276000
2013-09-16,63.62295150756836,64.38193209468467,63.513482136455174,64.19218555594472,4866600
2013-09-17,63.54265213012695,63.81996961455296,63.25073576513868,63.754291355547416,3415400
2013-09-18,64.10459899902344,64.22866723655116,62.90774668100134,62.98802383617232,5564700
2013-09-19,64.03888702392578,64.40378096708206,63.71777857223956,64.25052617909719,4765200
2013-09-20,61.84955978393555,63.96594701400459,61.84955978393554,63.936754813222045,13435200
2013-09-23,62.05387878417969,62.31660293515811,61.579515424477485,62.03198603290501,6048400
2013-09-24,62.112266540527344,62.35309795331478,61.688988100084224,62.126859852889574,3720900
2013-09-25,61.6671028137207,62.43338264978543,61.616017862505856,62.13416681563986,3824700
2013-09-26,61.448177337646484,61.92254088253473,61.22924417158958,61.732794351010774,3475100
2013-09-27,61.15625,61.24382101573094,60.84973474141634,61.0248879085618,3017600
2013-09-30,60.86429214477539,61.17810106225413,60.44831340000943,60.535884356062475,5401500
2013-10-01,61.12705612182617,61.52114238528628,60.630799964266224,60.981095153225226,3866000
2013-10-02,61.353294372558594,61.484656472602474,60.813252658085844,60.95190863135726,3324900
2013-10-03,61.28030014038086,61.499233202854484,60.87891450741824,61.22191576325163,4223500
2013-10-04,61.448177337646484,61.55764670459659,60.96651991804664,61.280329133787184,3212000
2013-10-07,60.959205627441406,61.41897574307533,60.79135746446547,60.90812067768674,3364300
2013-10-08,60.462955474853516,61.22193592394765,60.30240116879711,60.96651114969541,5671300
2013-10-09,60.95191192626953,61.22193558202381,60.17103872486388,60.60891612724215,4577500
2013-10-10,61.834957122802734,61.99550585107969,61.353294234445414,61.62331787499502,4317100
2013-10-11,62.47715759277344,62.652305171908544,61.55762305859212,61.7692622686409,4110300
2013-10-14,62.93693161010742,63.06829370631877,61.929825917715114,62.07578132779794,4689600
2013-10-15,62.579341888427734,63.30913013202456,62.53555637552151,62.9369365687943,4896500
2013-10-16,62.958831787109375,63.119386097833576,62.46987498106214,62.80557691810245,3549500
2013-10-17,63.09110641479492,63.19399187253874,62.429695895844,62.70896122986602,3850700
2013-10-18,64.18611145019531,64.4947734620149,63.39976930978618,63.4291659588565,6752700
2013-10-21,64.45065307617188,64.52414747648513,64.0758585473849,64.46535419896874,3883500
2013-10-22,65.5309829711914,65.5309829711914,64.33309887956628,64.58296200265802,9152900
2013-10-23,61.55518341064453,62.209243514130065,61.033405440832375,61.84179376579715,20968800
2013-10-24,62.12104797363281,62.46645160312057,61.09218764939035,61.23182033539715,8368700
2013-10-25,62.297420501708984,62.304771065721496,61.4449401018969,61.96671801003416,4886400
2013-10-28,61.937313079833984,62.268021134130855,61.84177818779451,62.09899182546755,3979200
2013-10-29,61.782997131347656,61.8050432179656,61.20977645192947,61.665416133772645,5324100
2013-10-30,61.35675811767578,61.988772140678805,61.15098715331913,61.85649000547263,4657000
2013-10-31,61.261207580566406,61.92996304421156,61.261207580566406,61.32000087163145,4651300
2013-11-01,61.43024444580078,61.58457826962311,60.849678794361914,61.56987714028858,5880200
2013-11-04,61.65070724487305,61.72419605996218,61.32734973027622,61.59191395006686,3892500
2013-11-05,61.768287658691406,61.871173110896805,61.261205353652876,61.444930176424904,4010900
2013-11-06,61.89321517944336,61.99610062497778,61.62130044091023,61.9520084645591,3664100
2013-11-07,61.47431564331055,62.04753608903951,61.36407964832368,61.694782026448664,5431600
2013-11-08,61.90791320800781,61.96670649550795,61.364089315722815,61.3787848341796,4557300
2013-11-11,61.841793060302734,62.07696067227946,61.5992748835285,61.87118971265459,2522500
2013-11-12,61.6213264465332,61.937333478847265,61.39350937911096,61.71686697687567,3483000
2013-11-13,61.87852478027344,61.91527199154932,60.996647778024844,61.33470081578138,3952800
2013-11-14,61.55518341064453,61.87853537652752,61.40820014720845,61.73155771992963,4496300
2013-11-15,61.540470123291016,61.81238490180117,61.36409584884943,61.73154552459104,4743900
2013-11-18,61.76093673706055,62.44439329807537,61.54046470828031,61.76828729984299,4803100
2013-11-19,61.48902130126953,62.09898904821227,61.34939425096974,61.812378778075136,5010300
2013-11-20,60.761470794677734,61.51841613231439,60.59979206103954,61.12892042318767,7443000
2013-11-21,60.34995651245117,61.062804406934056,60.16623161445437,61.03341335727283,6208500
2013-11-22,60.9084587097168,60.9599014421394,60.261749272570164,60.423428033566154,4403800
2013-11-25,62.0255012512207,62.42234754098566,61.63600552427639,62.02550125122071,8111400
2013-11-26,61.996116638183594,62.34152026890884,61.73890295791087,62.319474183005134,3834900
2013-11-27,62.22394561767578,62.41502107693117,61.974082453666945,62.047571289737846,3053600
2013-11-29,62.1724967956543,62.59873985278333,62.12105405474826,62.2018934485775,2284400
2013-12-02,61.91524887084961,62.53256142053626,61.753570172550205,62.24595122149101,4834700
2013-12-03,61.63602066040039,61.69480835689225,61.1950764922644,61.584577921696265,3924300
2013-12-04,61.7094841003418,62.0107898439909,61.077470366636035,61.54780538611441,5246700
2013-12-05,62.0328483581543,62.157779884961975,61.5110649568539,61.67274368888092,5291900
2013-12-06,62.83386993408203,62.89266320480693,62.41497769212822,62.51051255193,5759300
2013-12-09,63.26750564575195,63.59086327300234,62.8780097439308,62.98089524226698,6023400
2013-12-10,63.5099983215332,63.84070638188884,63.1425486590293,63.17929586801445,4987000
2013-12-11,62.672218322753906,63.36302553517187,62.554637337333986,63.223392858575735,5624100
2013-12-12,62.885337829589844,62.98087272765298,62.34885883132849,62.73836020074853,4551700
2013-12-13,63.23807907104492,63.37036115271634,62.88532498430914,62.9588137837186,4226200
2013-12-16,64.2154769897461,64.56088044044297,63.52467569518714,63.568767844013195,6976200
2013-12-17,63.87745666503906,64.41393571221096,63.48061030278266,64.0979287352385,4764400
2013-12-18,64.79608917236328,65.00921070545633,63.679044371737284,63.94360864682945,6963200
2013-12-19,64.3331069946289,64.5535734945484,64.12733601863528,64.30371033993859,4299700
2013-12-20,65.3545913696289,65.48687346060835,64.53150218055274,64.56089882375221,7389700
2013-12-23,66.11154174804688,66.19238112129698,65.6044594261757,65.63385607161544,5733300
2013-12-24,66.80970001220703,66.86114274044115,66.13358837519701,66.1409389383267,2675700
2013-12-26,66.98605346679688,67.36819852825484,66.65534551075456,66.86846692060358,4790800
2013-12-27,66.78030395507812,67.19184578457806,66.55248135074474,66.97872430663362,3373800
2013-12-30,66.78030395507812,66.89788493200514,66.34671043599477,66.76560282868918,2625000
2013-12-31,66.7362060546875,67.00812082399213,66.4789924117436,66.87583872092999,3098900
2014-01-02,66.04542541503906,66.47166289825041,65.64857898018268,66.44227184989543,4898000
2014-01-03,66.00865173339844,66.32465864150399,65.83962243550347,66.14093382532255,3722000
2014-01-06,65.14144897460938,66.3613840445276,64.95037365864401,66.2805447034205,5233900
2014-01-07,65.3545913696289,65.57506339020678,65.22230927864946,65.237004796831,3512100
2014-01-08,65.50891876220703,66.00865047698208,65.16351521726652,65.24435458339457,4421600
2014-01-09,65.92781829833984,65.99396215367216,65.17822344787419,65.59711584218907,4466400
2014-01-10,66.5157241821289,66.58186241489045,65.61914631467943,65.70733623186376,5416000
2014-01-13,66.06009674072266,67.06691078665408,66.00865401468742,66.33201149652982,5213600
2014-01-14,66.55247497558594,66.66271098559572,66.03804773798875,66.03804773798875,3712100
2014-01-15,67.91204833984375,68.49261386424489,66.78764767898839,66.78764767898839,10121900
2014-01-16,68.06000518798828,68.68875096796131,67.83069365431886,67.97123888687622,4771000
2014-01-17,67.63836669921875,68.2449222391457,67.32029454758148,68.16355455080968,6833400
2014-01-21,67.01700592041016,67.94163350110973,66.30689261565034,67.75670798496982,5544900
2014-01-22,66.306884765625,67.17973332420864,66.09237051508143,67.00959938637124,4787300
2014-01-23,65.44881439208984,65.89263432064335,65.13074240865579,65.61154403922743,5014800
2014-01-24,63.74013900756836,65.08639682359365,63.52562468633333,65.07900386469181,8087400
2014-01-27,67.52739715576172,68.2818907226708,65.88525779095427,67.8824509601383,22202300
2014-01-28,68.40026092529297,68.54819910268499,67.57179245885042,67.6087798249383,9409600
2014-01-29,67.03181457519531,68.02301280219287,66.7877114977479,67.54220524938188,8145900
2014-01-30,68.94023895263672,69.42104648462147,67.11317936066204,67.704937701699,14764700
2014-01-31,69.46540832519531,70.04237490579479,68.05997358270977,68.17092999670452,9697300
2014-02-03,68.36326599121094,69.48761633144866,68.015605104999,69.3396725269547,9084100
2014-02-04,68.42243957519531,68.5333960113103,67.67533892506506,68.40764801733674,6839700
2014-02-05,68.02298736572266,68.42982567600215,67.35725451411882,68.23010299878213,5134500
2014-02-06,69.40624237060547,69.7021243093456,67.89724956216148,68.00820599462386,6844200
2014-02-07,70.17552947998047,70.44921560311674,69.44322045015512,69.65773470342411,9140200
2014-02-10,69.9018325805664,70.25689199109003,69.25828986801392,70.24949339159552,5933400
2014-02-11,70.24211883544922,70.52320363419679,69.73912112373053,69.99062280132978,6006100
2014-02-12,71.13714599609375,71.4848068684249,70.39744393359474,70.5010017708663,8002000
2014-02-13,71.09275817871094,71.31467103144269,70.3530561942428,70.4862027771862,4387000
2014-02-14,71.41824340820312,71.51440265412283,70.89304992596945,70.90784712902135,4145300
2014-02-18,71.4256362915039,71.70672671440177,70.90044845329925,70.90044845329925,4871700
2014-02-19,71.16671752929688,72.2466816019134,71.0927484696476,71.15192597475803,5865200
2014-02-20,71.69193267822266,72.13575284977016,70.49361877939234,71.38865772433239,7718400
2014-02-21,72.12096405029297,72.45382778082543,71.69193542253298,71.83248064557019,5554600
2014-02-24,71.9878158569336,72.66834050739014,71.88425800331976,72.15794984128762,4887800
2014-02-25,71.31466674804688,71.73629662813009,70.87823966881523,71.6327331645249,5989200
2014-02-26,71.89905548095703,72.42424903769522,71.26291110298705,71.49962123756214,4753900
2014-02-27,71.5291976928711,72.22451953966616,71.3960510763248,71.90644738033222,4337700
2014-02-28,71.72891998291016,72.13575278836588,71.23332088582863,71.4774183117102,5411100
2014-03-03,71.24073028564453,71.5070235784994,70.71554230348102,71.24812888919077,4859200
2014-03-04,71.76588439941406,72.09135508007789,71.4256221621193,71.89903098300579,6261300
2014-03-05,71.28508758544922,71.67712876346712,70.92262952275304,71.41083557774199,5384800
2014-03-06,72.19493103027344,72.60176948323328,71.49961482450531,71.71412348863353,6714300
2014-03-07,71.7880859375,72.39464139045934,71.38124755415218,72.328065271603,5259200
2014-03-10,71.56617736816406,71.60316473013873,70.90784295806445,71.48480968660307,4640300
2014-03-11,71.63273620605469,72.42422273324199,71.47000651285802,71.81766169891642,5731200
2014-03-12,71.61792755126953,71.92860095067049,71.23328510107932,71.23328510107932,4448600
2014-03-13,70.7229232788086,72.2910938743556,70.31608483738758,71.89904699285918,8434600
2014-03-14,70.56018829345703,71.19633259985358,70.41964307773607,70.60456861695646,5002000
2014-03-17,70.76729583740234,71.34426255030891,70.67853520063453,71.00400027458141,4697200
2014-03-18,71.31466674804688,71.49219363348246,70.78947340435847,71.10015250821816,4921300
2014-03-19,71.04097747802734,71.54397504054855,70.45661224778372,71.07795919023326,5109200
2014-03-20,71.16671752929688,71.18890768284392,70.34564798719161,70.79686658757298,4396000
2014-03-21,72.0395736694336,72.21710056024256,71.50698735352857,71.80286926719559,8339700
2014-03-24,71.64012908935547,72.19490552367182,71.32205704127499,72.19490552367182,4808600
2014-03-25,72.9272232055664,73.48199974918977,71.86205607937517,72.01739283437225,9070400
2014-03-26,72.3428726196289,73.6743331052388,72.3428726196289,73.43762864267617,5610200
2014-03-27,72.82368469238281,73.14915549025082,71.96563301184034,72.35767430373753,4947700
2014-03-28,73.51899719238281,73.68913117222466,73.06777842354097,73.16394331611751,5821500
2014-03-31,73.50420379638672,74.43622443091348,73.26749933696222,73.9702141136501,5772600
2014-04-01,73.82967376708984,74.02939651870908,73.18613647371193,73.18613647371193,4814300
2014-04-02,75.91561889648438,76.01178377422383,73.88143827140033,73.99979330754773,9358300
2014-04-03,75.85647583007812,76.33727782745574,75.1611538373449,75.39045975261612,8230200
2014-04-04,75.57534790039062,76.4703865947925,75.38302945409072,76.10793421455858,4889200
2014-04-07,74.7912826538086,75.50139601985323,74.27349342132169,75.16113371800763,5215100
2014-04-08,75.73809814453125,76.37424240685604,74.68032390773345,74.6951211101945,6626900
2014-04-09,76.1819076538086,76.33724439710906,75.33864782247552,75.93041168183976,4062000
2014-04-10,75.64192962646484,76.72189389103879,75.44220692208697,76.12273706486218,4538900
2014-04-11,75.04280090332031,75.52360855793533,74.68774693683736,74.78390621036793,5363900
2014-04-14,76.02655792236328,76.06354527355914,74.67290213466994,75.58273792540017,4114100
2014-04-15,75.81945037841797,76.25587182294622,74.90222153450169,75.91560960090435,6317900
2014-04-16,76.58583068847656,76.74952422962173,76.05010843625878,76.35517470415799,3801400
2014-04-17,76.51142120361328,76.96529665632163,76.34028550967929,76.67511473432216,3556800
2014-04-21,76.37006378173828,76.62304629169562,75.5590438056902,76.56352032738701,3821400
2014-04-22,77.15133666992188,77.48616032926057,76.45936285414062,76.47424150883404,4528500
2014-04-23,76.92068481445312,77.84332047165914,76.77187554159273,77.05461543071142,6427400
2014-04-24,78.33439636230469,79.91180078256946,77.96980966661457,78.88499748920346,8849200
2014-04-25,77.8953857421875,78.33437696632268,76.85370405000276,78.14836258117214,5731800
2014-04-28,77.57543182373047,78.43853551937481,76.82393220493522,78.11859058675569,4036200
2014-04-29,78.3492660522461,78.49807529871651,77.25550049289103,77.969795094025,4975800
2014-04-30,78.42367553710938,79.04868122308102,78.11860918321186,78.29718710209738,5199300
2014-05-01,78.17814636230469,78.71386884233378,77.85075914079579,78.27487182470048,2970800
2014-05-02,78.13348388671875,78.55759645756896,77.92514868373388,78.07395792109206,2677000
2014-05-05,77.76891326904297,77.97725420677436,77.24063294953612,77.87308657626372,3166400
2014-05-06,77.2852554321289,77.73168880177529,77.08435672592765,77.53823226013549,2836300
2014-05-07,77.84329986572266,77.87306284775815,76.95786959946935,77.45638677596979,3399800
2014-05-08,78.08141326904297,78.14093356801038,77.4936070318299,77.79123123350493,3118400
2014-05-09,78.17066955566406,78.3492474210139,77.60519001217884,78.09626495012206,2761800
2014-05-12,79.01887512207031,79.2420945605289,78.60964705383773,78.65428867084701,3664200
2014-05-13,79.72576904296875,80.51446824352028,78.73617112136927,79.24213049148182,3951500
2014-05-14,79.26446533203125,79.64393634592145,79.09333524115605,79.5025635673387,3082300
2014-05-15,78.11861419677734,79.42071513616156,77.41176167179547,79.23470071624953,5151000
2014-05-16,78.89241790771484,78.90730223706595,77.50847046689763,78.16324471734522,4403300
2014-05-19,78.41622924804688,78.52039685689816,77.91771202330014,78.43855006755659,3924300
2014-05-20,75.56647491455078,77.98466169454356,74.94146936392634,77.96978304287974,9277600
2014-05-21,76.54862213134766,76.63791106163606,75.50694632818646,75.50694632818646,5460200
2014-05-22,76.69743347167969,77.29267594931292,76.27332100664199,76.56350292078847,3112300
2014-05-23,77.40430450439453,77.49359345226337,76.74953591681525,76.74953591681525,2888600
2014-05-27,77.14389038085938,77.73913871754439,76.98019680443555,77.53079782600844,3443400
2014-05-28,76.57095336914062,77.27780566178573,76.52630606287443,77.0322653457987,3353300
2014-05-29,77.08434295654297,77.13642674575298,76.31052260491764,76.8462448234819,3071200
2014-05-30,76.06500244140625,76.62304557901498,75.55904310290599,76.56351961526005,5939300
2014-06-02,77.20341491699219,77.33734550642515,75.90131417178065,76.20637482305595,3747000
2014-06-03,77.74656677246094,77.80609273501403,76.67512783004629,76.95042547261497,3643600
2014-06-04,77.61261749267578,78.2004234586499,77.43404532475543,77.69446425228654,2879900
2014-06-05,79.58438873291016,79.70344065655449,77.9549010074545,77.97722750066893,5389200
2014-06-06,80.49217224121094,80.62610287096511,79.59930516065671,79.67370980458449,4299600
2014-06-09,80.91626739501953,81.32550136287342,80.10524730181172,80.16476759801019,3900400
2014-06-10,81.33293151855469,81.47430427402446,80.65584207875958,80.7302467007457,4752700
2014-06-11,80.87161254882812,81.0873899078541,80.60375139118956,81.0501847616844,2738800
2014-06-12,79.35374450683594,80.7302499372444,79.1974930913883,80.70792911742458,3408600
2014-06-13,79.44303131103516,79.7853028191556,78.92219323643319,79.27934339952401,2009100
2014-06-16,79.47278594970703,79.52486975169624,78.66920810140329,79.24212992328461,2137200
2014-06-17,79.36860656738281,79.61414688748306,78.87008943993649,79.24956032766343,2138400
2014-06-18,79.97130584716797,80.06058911770249,78.90730335186679,79.33885240510337,2218700
2014-06-19,79.80017852783203,79.92666695889254,79.3835080835343,79.60672196010421,2592400
2014-06-20,81.38501739501953,81.49662716919653,80.0903587740096,80.39542511164612,7762900
2014-06-23,80.93859100341797,81.73473246917466,80.57400434104214,81.28829901040903,2839500
2014-06-24,80.21684265136719,81.35524979462807,79.6141578523958,80.77488581388398,2864200
2014-06-25,80.68560028076172,81.01298173343892,79.87457462206778,79.97130573395451,2176200
2014-06-26,80.74515533447266,80.95349630078138,80.24663793769058,80.76748183839604,1522900
2014-06-27,80.93859100341797,81.01299563376068,80.15733386975548,80.61120381785878,3632100
2014-06-30,80.85674285888672,81.12460406502187,80.33590477846244,80.86418502480973,2249200
2014-07-01,81.22875213623047,81.66030682857728,81.10970589365326,81.16178968916353,2346300
2014-07-02,81.5189437866211,81.80912577849787,81.32549290984232,81.34037156316815,1849000
2014-07-03,82.64990234375,82.7094283017532,81.6156629494525,81.77191433168005,2876200
2014-07-07,81.96537780761719,82.18114948943789,81.52638092600075,81.98025646002581,2697100
2014-07-08,81.44452667236328,82.12905815451109,81.39988504252557,82.00256975216573,2450600
2014-07-09,81.95052337646484,82.06213317872711,81.41480086697425,81.69010428899313,2270600
2014-07-10,81.37010955810547,81.52636091523124,80.20938194705299,80.46235871286417,2303600
2014-07-11,81.81658935546875,81.8389101796533,80.84187552134263,81.47432347231538,1992300
2014-07-14,81.91329193115234,82.62015000084514,81.91329193115234,82.16627444687974,2375100
2014-07-15,81.7347183227539,82.15883088668342,81.3998947058074,82.03234246932216,3212900
2014-07-16,82.88802337646484,82.9326650189346,81.78681555629923,81.9802721348505,3974100
2014-07-17,81.66751098632812,82.86552962875041,81.5626847121539,82.66336630358683,3164700
2014-07-18,82.49118041992188,82.49118041992188,81.65256990147867,81.93709765414965,2424900
2014-07-21,82.53610229492188,82.77570609372458,81.95206267977295,82.36388438674877,2075900
2014-07-22,82.40879821777344,83.32228937398426,82.2141240825122,82.99283204876608,2879400
2014-07-23,81.1509017944336,82.34892672031812,81.0236135026554,82.20665997503293,4471400
2014-07-24,78.65000915527344,79.54103830698362,77.9386813936832,79.06931430308802,8690300
2014-07-25,78.50772857666016,78.88210973888802,77.94615683331838,77.97610801180899,4126200
2014-07-28,77.98361206054688,78.54518391065268,77.24982232952941,78.45533035809821,4474300
2014-07-29,78.38796997070312,79.6983047137509,78.38796997070312,78.6200845828662,7947100
2014-07-30,77.40706634521484,78.85966744486178,77.14500060883643,78.67996604171725,5856900
2014-07-31,75.43780517578125,76.8904059322611,75.43031595290982,76.55345945428623,6711400
2014-08-01,75.2656021118164,75.51269510168716,74.20984998366633,75.2656021118164,6011900
2014-08-04,76.23152160644531,76.41122875089614,74.95113819341206,75.14581807693105,5183900
2014-08-05,75.99940490722656,76.72570555286913,75.58009967370316,75.70738794636486,5685400
2014-08-06,75.99193572998047,76.26149079767602,75.3330265159507,75.44534207959167,5526900
2014-08-07,76.32884979248047,77.47445548416911,76.2839201586661,76.86795969741735,5752800
2014-08-08,77.3321762084961,77.45198092904695,76.20903266004751,76.3812505176885,4690200
2014-08-11,78.24565887451172,78.50772453204931,77.81886460006395,78.3280231829668,5197900
2014-08-12,78.11840057373047,78.73987488004032,77.96864463164101,78.31307472953917,4200900
2014-08-13,78.73986053466797,78.99443702093193,78.11838634158258,78.11838634158258,4664900
2014-08-14,79.11425018310547,79.36882669649684,78.6125749558028,79.00193466318385,4178800
2014-08-15,79.17415618896484,79.68331498845616,78.71741054327681,79.37632529120988,4099200
2014-08-18,80.10263061523438,80.19247847694767,79.57849333394897,79.88548876175115,3478600
2014-08-19,80.34222412109375,80.64172457183386,80.0202559952037,80.31227293349875,3639200
2014-08-20,80.6417236328125,80.97867020487898,80.26734236114187,80.40960907241026,5341600
2014-08-21,80.84391021728516,81.29316669801078,80.52194202545402,80.99366047332501,4118100
2014-08-22,80.34967041015625,80.73154073432822,79.77312602571033,80.55183940461293,4603700
2014-08-25,80.84391021728516,81.11346524824175,80.66420876751613,80.83642099070134,3014100
2014-08-26,80.91128540039062,81.34556908302507,80.85138873347286,80.90380188740424,2865800
2014-08-27,81.27816772460938,81.55520618012848,80.92624845263234,80.96368314825706,3281900
2014-08-28,81.35306549072266,81.48035377399265,80.71661836176686,80.88134135108965,3227800
2014-08-29,81.66751098632812,81.68997294327924,81.05352607504898,81.54022275520278,4437200
2014-09-02,81.55522918701172,82.16173083831167,81.48784328831498,81.6375935382672,4040200
2014-09-03,81.2107925415039,82.10931110711269,80.90380283989316,81.95206593086198,4669000
2014-09-04,81.48033142089844,81.9820009027047,80.9861511632905,81.09097745164989,4604000
2014-09-05,81.27072143554688,81.7499292084998,81.00865557730812,81.61515166531883,4305000
2014-09-08,80.79895782470703,81.21077374007352,80.50693521685258,81.03856157754335,3496900
2014-09-09,80.41710662841797,81.01611329758391,80.2598671635392,80.7315855581755,3578500
2014-09-10,79.31644439697266,79.45871115837804,78.9046225679607,79.07684052716758,8154700
2014-09-11,79.06182861328125,79.11424747170554,78.31306612293811,79.11424747170554,5460100
2014-09-12,78.63504028320312,78.68745343306279,78.17081115947607,78.5976055833633,6904200
2014-09-15,78.51522827148438,78.54517945396977,77.2872583526035,78.11089587683766,7051900
2014-09-16,78.51522827148438,79.24152873709401,77.6990742584186,78.02853155315385,5289700
2014-09-17,77.86384582519531,78.92709339538628,77.78148145611135,78.75487542931789,5122200
2014-09-18,78.12586975097656,78.28311488946868,77.42203694642093,78.09592428065848,3915800
2014-09-19,76.75564575195312,78.62006278416257,76.43367764728524,78.50774726623571,8285400
2014-09-22,75.55013275146484,76.56845014591782,75.49023038411957,76.44864541122728,5093200
2014-09-23,74.86876678466797,75.69240445825476,74.7864024460488,75.52019226849102,5710300
2014-09-24,75.7747802734375,75.991922134266,74.79390299918275,74.90621854272933,5797000
2014-09-25,74.50934600830078,75.77475054550527,74.26974227528541,75.625000354597,4960800
2014-09-26,75.16079711914062,75.35547701898587,74.3072081055347,74.45696407180257,2935900
2014-09-29,74.74897766113281,74.95114106563025,73.57342051434435,74.38956907106368,3156400
2014-09-30,74.14995574951172,74.95113146395384,73.97774355896523,74.89871831301296,3746100
2014-10-01,73.08671569824219,74.12749522469157,72.83213345115828,73.85794023959338,4827300
2014-10-02,72.93695068359375,73.3637450380552,71.99350842698277,73.11665206636594,4460800
2014-10-03,72.92196655273438,73.6332885171976,72.65241164328224,73.40866323438982,3921900
2014-10-06,73.37871551513672,73.47605257101739,72.56256723768144,73.23644883049252,3982400
2014-10-07,70.9078140258789,73.01184075980296,70.90033051315619,72.69735613468994,6479500
2014-10-08,72.3678970336914,72.52513647375719,70.1141203008727,70.81795888149489,6214200
2014-10-09,70.00930786132812,72.27056855356997,69.81462797255847,72.03845395981757,6414500
2014-10-10,69.73224639892578,70.81046617795096,68.59412996420252,69.81461072719044,6179100
2014-10-13,68.64654541015625,70.42859808237445,68.60162148872524,69.85205347779353,5852400
2014-10-14,69.48515319824219,71.13991742133074,69.1781578713388,69.26801141612597,6791300
2014-10-15,69.32791137695312,69.44771610905643,67.42605981194762,68.45934991962038,9377600
2014-10-16,70.3464584350586,71.03302574800362,68.10569189482844,68.10569189482844,7439400
2014-10-17,71.71205139160156,72.12700456074754,70.904772373815,71.07075018779945,7442600
2014-10-20,70.94248962402344,71.9006653774125,70.36909342745093,71.31972290353531,4270800
2014-10-21,72.34578704833984,72.6702078503732,71.70449172044754,71.70449172044754,3990500
2014-10-22,71.34989929199219,72.41369985895307,70.95757923029515,72.07418646782557,6211300
2014-10-23,74.8958969116211,75.40139390869543,73.43977614216463,73.63593907004238,11670100
2014-10-24,75.02413177490234,75.20520207774904,74.21685305273117,75.07694418640435,4133800
2014-10-27,74.34512329101562,74.51864734785988,73.29641540550996,74.45074813156137,4346100
2014-10-28,76.32183074951172,76.32183074951172,74.71481348699119,75.02414750214913,5069600
2014-10-29,75.5899887084961,76.83485363478734,75.32592086971025,76.60097089815933,4426400
2014-10-30,75.56736755371094,75.88424210287374,74.73744979715701,75.16749547277013,2650900
2014-10-31,76.51044464111328,77.23473173465086,76.08039324332438,76.4651727404332,5367700
2014-11-03,75.61262512207031,76.77450409328469,75.27311178124398,76.66133297967592,4434300
2014-11-04,74.39793395996094,75.44664182078003,73.96788833182737,75.25802521622808,4849000
2014-11-05,75.00152587890625,75.17504996979847,74.27723289287272,75.03169947687802,3515600
2014-11-06,76.1332015991211,76.19355453203889,74.87323842894385,75.07694756542078,3427700
2014-11-07,76.77449035644531,76.82730276586372,76.12564889437871,76.3972572159936,2708200
2014-11-10,77.11400604248047,77.37052759832184,76.84994396743899,76.84994396743899,3308100
2014-11-11,77.35543823242188,77.55914738164171,76.65378425778353,77.18945470524179,2464400
2014-11-12,77.7025146484375,77.87604450164676,76.59344780938392,77.08385225771609,2808700
2014-11-13,76.28410339355469,77.84584871836314,75.95968258907166,77.75531067195315,3924100
2014-11-14,76.45760345458984,76.72921175244191,75.93702568047371,76.2010877044631,2660500
2014-11-17,76.72920989990234,77.0159107385577,75.78612715405241,76.38970241384447,2477000
2014-11-18,76.98575592041016,77.2950841663894,76.43499288871934,76.72923433865267,2761200
2014-11-19,76.42743682861328,77.18190311218845,76.11810288940941,76.84993610545668,4679100
2014-11-20,77.0234603881836,77.06118600493853,75.49944102289204,75.69560386899998,3052600
2014-11-21,80.3129653930664,80.81846237792197,78.6154155826868,78.69086684582446,8738000
2014-11-24,79.9432601928711,80.32803967407031,79.294418619132,80.27522725556233,4108600
2014-11-25,80.15451049804688,80.44875194006848,79.46794905203711,80.04888566019922,3321500
2014-11-26,79.81498718261719,80.30539140804235,79.55846565831384,80.19222031661795,2463800
2014-11-28,75.89930725097656,78.9247186707702,75.53716665697829,78.75873516680393,5780900
2014-12-01,74.6921615600586,75.80122791026305,73.77925805394794,75.62769813354144,7431800
2014-12-02,75.07693481445312,75.41644230942464,74.480905812693,75.05430174893775,3900400
2014-12-03,75.58245849609375,76.54817475000215,75.4164749356802,75.4768336405802,6930700
2014-12-04,75.19766998291016,76.10303318010968,75.07695834362356,75.21276253539737,3390100
2014-12-05,74.52619171142578,75.4164623132665,74.4733792925082,75.30329119955113,3605000
2014-12-08,71.8629379272461,74.51111709407476,71.825212297801,74.43567159130748,7192100
2014-12-09,72.01380920410156,72.55702588500466,70.7689443591735,71.04809321854998,6562900
2014-12-10,70.18045043945312,71.68938299099358,69.97674707768836,71.60639699629006,6749600
2014-12-11,69.93151092529297,71.13865633284847,69.81079350647575,70.67843124682366,4664900
2014-12-12,68.27922058105469,69.41092036969096,67.8718079664109,69.41092036969096,10327200
2014-12-15,67.71334075927734,68.87521938615983,67.44173246955832,68.84504004773324,6924100
2014-12-16,67.4040298461914,69.59952997752686,67.26068513492655,67.32104383236555,7649500
2014-12-17,67.71334075927734,68.00758211378626,66.41565798753535,67.44927874319502,8671600
2014-12-18,69.17704010009766,69.32793110827807,68.3169486899988,69.32793110827807,8344400
2014-12-19,69.19210815429688,69.39581729189082,68.56589970335465,69.09402960116144,9689200
2014-12-22,69.65235900878906,70.02204604554854,69.29775877192598,69.75798387643462,4577200
2014-12-23,70.5426254272461,70.87459256533373,69.90132998367758,70.1578458586557,3554200
2014-12-24,70.7085952758789,70.90475816087813,70.3690819261354,70.64823657955267,1654200
2014-12-26,71.09337615966797,71.41779696361125,70.70859665821845,70.88212071839614,3127800
2014-12-29,70.70104217529297,71.13108777189301,70.61050413954291,71.07072908139297,2390500
2014-12-30,69.85602569580078,70.64067126824048,69.79567277185969,70.6180382022475,3197400
2014-12-31,69.05632019042969,70.59543259390642,68.9959614868919,70.08239512608084,3251100
2015-01-02,69.32038116455078,69.69007390044813,68.39993685353754,69.23738938760425,3767900
2015-01-05,65.66120147705078,68.21884178559846,65.33678073627907,68.16602937459474,11301400
2015-01-06,65.23873138427734,66.15163532937679,64.25792244828692,65.84984752167792,8660600
2015-01-07,66.24969482421875,66.4986701255131,65.2009869557484,65.9177335119483,6511100
2015-01-08,66.9287109375,67.35875653780518,66.27232312393038,67.28331105209088,7617800
2015-01-09,66.12898254394531,67.06451928850012,65.65366501772932,66.96644072657905,4857100
2015-01-12,65.55557250976562,66.21950074270458,64.93691041021866,66.18932715785706,4351600
2015-01-13,65.16326141357422,66.31759402035091,64.28053140004954,66.15161050060915,5078100
2015-01-14,64.93690490722656,65.05007598723672,63.57886345934512,64.046634570531,10366700
2015-01-15,64.13823699951172,65.54544336824226,64.12302649860055,65.43895245190501,6683900
2015-01-16,63.7883415222168,64.13824109873346,63.17221463784182,64.0773874845601,10424800
2015-01-20,63.871986389160156,64.27513125429535,63.27867841380517,64.21427766622878,5937300
2015-01-21,64.93693542480469,64.95975408160861,63.582968486791906,63.582968486791906,6613100
2015-01-22,66.03987121582031,66.45062439530894,64.98256436250176,65.45417115450425,5567800
2015-01-23,65.1195068359375,66.1768140910576,64.80763630577584,66.01707764999507,5027500
2015-01-26,65.43898010253906,65.61393285520046,64.57944425653673,64.92934395853739,8140500
2015-01-27,60.738128662109375,61.8791079324182,60.16763902695496,60.654456384687734,27489500
2015-01-28,60.859825134277344,61.76499791563058,60.82179017733559,61.15647922780012,14269300
2015-01-29,60.852230072021484,60.98914782181637,59.947051292637475,60.783774098784484,9157000
2015-01-30,60.829402923583984,61.475956617187755,60.41104157890621,60.479503345908064,8150700
2015-02-02,61.49116516113281,61.52159196735145,60.46428511536333,60.913073252938375,7149000
2015-02-03,63.833980560302734,63.97850644704929,61.72697489152714,61.78022035454111,10895300
2015-02-04,62.335506439208984,63.377603061680304,62.11492219237275,62.966849775523464,8806500
2015-02-05,63.56775665283203,63.61339396548464,62.274649165563375,62.677794236182876,6640200
2015-02-06,63.293914794921875,64.00132208638563,62.98205018434106,63.5905689039241,5581500
2015-02-09,64.40446472167969,64.55659874840867,63.09614110840896,63.17221102343332,7693800
2015-02-10,63.818782806396484,64.65549987946648,63.484093655839935,64.65549987946648,6569100
2015-02-11,63.44606399536133,63.643829579762674,62.556095652269946,63.56015729277698,5722600
2015-02-12,63.53733444213867,64.08500544689272,63.36998987920593,63.9556958494705,4623000
2015-02-13,64.7543716430664,65.02820711900377,63.917654712511315,63.97850833012415,5645500
2015-02-17,64.94453430175781,65.09666834451589,64.04696376110631,64.54899739722748,3924400
2015-02-18,64.50337219238281,65.27162749004992,64.33602761560101,64.59464683184821,3568600
2015-02-19,63.36239242553711,63.894847163907784,62.533277700564035,63.75032124778372,5733500
2015-02-20,64.22950744628906,64.36642514651822,62.67777544479816,63.36236394594397,6029400
2015-02-23,63.506900787353516,63.879624838567466,63.240673467429495,63.81877122163617,5180000
2015-02-24,64.27513885498047,64.41966469289966,63.59055041657146,63.71985995401587,3678700
2015-02-25,64.76957702636719,64.92931339317259,64.02413484462257,64.29036212263158,3449500
2015-02-26,63.742698669433594,64.73154369880865,63.56013784279118,64.73154369880865,4457000
2015-02-27,63.05812072753906,64.03175542078823,63.050512574314155,64.03175542078823,4370500
2015-03-02,63.134185791015625,63.18743125774269,62.556088007035584,63.058121667594186,4155000
2015-03-03,63.01246643066406,63.73508997247523,62.86794636495743,62.913583669568,4331700
2015-03-04,62.168155670166016,62.83752804252339,61.4835669920049,62.8071012342362,6863600
2015-03-05,62.00083541870117,62.16818002818763,60.897884948596136,62.16818002818763,7123500
2015-03-06,60.89786148071289,61.77261336381565,60.50993273002202,61.13366779562811,7913800
2015-03-09,61.46834945678711,61.8714945027187,60.92828667796175,60.98153214056932,4740500
2015-03-10,60.78377151489258,61.4303252712589,60.65445612096279,60.86743798862976,4850500
2015-03-11,60.6240119934082,60.96630915722684,60.289328784100704,60.96630915722684,4612200
2015-03-12,60.996742248535156,61.21733222930222,60.70008815796004,61.05759005438985,3612500
2015-03-13,60.26649856567383,60.78374248439376,59.47541928978934,60.776134334662004,7272700
2015-03-16,60.829402923583984,60.85222157814457,60.13720611753895,60.52514065502925,3598500
2015-03-17,59.673194885253906,60.35778339436794,59.52106668470361,60.35778339436794,6979900
2015-03-18,61.8639030456543,61.947575330672656,59.521090671782574,59.521090671782574,12154300
2015-03-19,60.92068099975586,61.23255143863962,60.517535937448876,61.23255143863962,5236200
2015-03-20,61.75739669799805,61.80303400450829,60.99674397178872,61.323824876191516,8216600
2015-03-23,61.68132400512695,62.3126671322472,61.628078548822806,61.75739391697815,4704000
2015-03-24,61.21732711791992,61.76499214480199,61.00433950359349,61.72696299473302,3978700
2015-03-25,60.74573516845703,61.643305735562876,60.72291651220087,61.63569758237065,4803000
2015-03-26,60.76092529296875,61.460730068933906,60.47948755577315,60.578370300825846,4238500
2015-03-27,60.601200103759766,60.7609364767009,59.909009154348205,60.44146373081864,6336900
2015-03-30,61.89432907104492,62.00842236432605,60.85223250028199,60.85984065427444,4621200
2015-03-31,60.875038146972656,61.346644937240065,60.70769361483519,61.24015401739257,4848600
2015-04-01,60.578392028808594,61.247764442299065,60.38822881781829,60.875046173687835,4446200
2015-04-02,61.0347900390625,61.2325614276096,60.39584435758604,60.54797262365529,3555300
2015-04-06,61.98558807373047,62.37352258301777,60.837006653335784,61.11844444354921,4495400
2015-04-07,61.26298141479492,61.93996198901167,61.232554604307346,61.7802255864424,3526300
2015-04-08,61.18691635131836,61.7954351417701,60.79137362437014,61.49117284488392,4196200
2015-04-09,61.36946105957031,61.772606068552086,61.06519881399098,61.23254333922559,4291900
2015-04-10,62.829917907714844,62.982051944351895,61.41510328525087,61.68893874787746,6831900
2015-04-13,62.48001480102539,62.83752251278868,62.06926163027521,62.82991436055633,5293900
2015-04-14,63.134185791015625,63.3167408478912,62.023633339764906,62.79189433395885,5898700
2015-04-15,64.77718353271484,65.21075531826477,63.13417099590292,63.354760964455586,9643800
2015-04-16,64.68515014648438,65.11465004262746,64.42438757687741,64.73117154514604,5692300
2015-04-17,63.872169494628906,64.10992426042681,63.39665996303311,64.04090094832422,5314000
2015-04-20,64.88455963134766,64.99960434915175,64.33234966702187,64.39370763003973,3914600
2015-04-21,64.36302947998047,65.16833666359484,64.12527468448674,64.93058186810111,5620900
2015-04-22,65.09163665771484,65.14532340867743,63.72644840917775,64.52408431734818,6520700
2015-04-23,65.0302963256836,67.10874946405731,64.3093547447015,66.61022615489775,18917600
2015-04-24,64.88455963134766,65.32172487786931,64.4397231765944,64.96125415941125,5848100
2015-04-27,65.44444274902344,65.91228699095915,64.73117249913929,65.01494284655048,5912000
2015-04-28,66.11168670654297,66.12702912232662,64.80786223295569,65.51346122215782,5736500
2015-04-29,67.10874938964844,67.4308699823783,65.54415613027955,65.72055884615651,7021800
2015-04-30,66.63323974609375,66.95536621870282,66.13472224486033,66.61023196621149,5460100
2015-05-01,67.009033203125,67.70696100962591,66.54118897892903,67.25445920176736,4850100
2015-05-04,66.9553451538086,67.46153370622328,66.85563700379592,67.28513688167621,2754500
2015-05-05,66.72528076171875,67.6609695431102,66.49519124611056,67.16244616023874,4623700
2015-05-06,66.71760559082031,67.4462184460534,66.2804402182481,67.30049470472295,4464700
2015-05-07,66.28812408447266,66.63325255187272,65.87396641274046,66.45685563792877,3892800
2015-05-08,66.96302032470703,67.36950663810212,66.49517604099093,67.3234910860704,3577100
2015-05-11,68.082763671875,68.59662925880944,67.56123272870917,67.79899335447247,6882600
2015-05-12,67.61494445800781,67.75299112622758,66.9246818598158,67.63795223604444,4066400
2015-05-13,67.8296890258789,68.31286990112606,67.65328631505753,67.94472791182936,3178300
2015-05-14,68.05976867675781,68.71168101524005,67.99074534921621,68.09044766169343,3228400
2015-05-15,67.82199096679688,67.921693245623,67.18541540992761,67.87567770945958,3205000
2015-05-18,67.71463775634766,67.87569803255987,67.2237857189149,67.79133229005568,3074400
2015-05-19,66.90930938720703,67.42317488869807,66.34943420172706,67.40783247595243,5676800
2015-05-20,67.43855285644531,67.59194196958472,66.8249847010485,67.20846333531662,3841500
2015-05-21,68.51227569580078,68.7346939457659,67.44620584862115,67.66862409858628,8155500
2015-05-22,67.97538757324219,68.64264217914727,67.97538757324219,68.3972162065299,3483800
2015-05-26,67.36949920654297,67.60725985245492,66.94767637280815,67.59191743585804,3149600
2015-05-27,67.43085479736328,68.12111723449766,67.2237789919316,67.48454155072832,4517100
2015-05-28,65.96597290039062,67.07038699627,65.75122587762012,66.97835590160693,5899100
2015-05-29,65.43678283691406,66.21141118536379,65.27572253996446,65.75890343081326,4685700
2015-06-01,65.59782409667969,66.24207094892941,64.96124845198756,66.004310325979,3976900
2015-06-02,66.08868408203125,66.47983379514153,65.24503254214872,65.35240605532917,2817800
2015-06-03,66.13468933105469,66.77125904619383,65.81256301876093,66.41845961026847,2841800
2015-06-04,65.55181884765625,66.26508912567728,65.43677412189457,65.57482662252502,3775200
2015-06-05,65.99665832519531,66.34178666670923,65.12232773203652,65.19902226888205,3937600
2015-06-08,66.07333374023438,66.32643090485386,65.78955759947164,65.80490001325145,3355800
2015-06-09,66.5181655883789,67.2007566696977,66.28040500231049,66.31108397636498,3984900
2015-06-10,67.8603744506836,68.03677132682176,67.00138029510873,67.07040363322741,4717100
2015-06-11,67.62260437011719,68.07511209026111,67.43086510002969,67.96773856712556,2872900
2015-06-12,67.3771743774414,67.80667429615197,67.16242734379503,67.453868910684,2212800
2015-06-15,66.82496643066406,67.02437690436084,66.22674086099175,66.83263763964955,2721000
2015-06-16,66.41080474853516,66.74059649719635,66.14237096507084,66.56419966152735,2895000
2015-06-17,66.9170150756836,67.14710457410456,66.20374465228144,66.64091001814606,3402800
2015-06-18,67.0627212524414,67.29280483918923,66.59487701921144,66.59487701921144,3372600
2015-06-19,67.12408447265625,67.46154747743195,66.84031408356618,66.93234519292795,3910900
2015-06-22,67.6993179321289,67.7376681374905,67.26982371889409,67.46923425421875,3648600
2015-06-23,67.83737182617188,67.9677590161379,67.49991458825369,67.81436404306608,2539000
2015-06-24,67.62260437011719,68.11345643342771,67.54590983236582,68.0981198664447,3413600
2015-06-25,66.51050567626953,67.74530679742105,66.4644901330818,67.66094106729886,3239100
2015-06-26,66.58720397949219,66.68690627919896,65.8125758004862,66.34177798286083,4387300
2015-06-29,65.42142486572266,66.52583880512069,65.26802997732246,66.12702379811353,4747300
2015-06-30,65.05328369140625,66.1500322868566,65.03794712810803,66.02731637480385,4077900
2015-07-01,64.38603210449219,65.53646750255756,64.07158280509117,65.49045195908839,5296200
2015-07-02,64.71581268310547,65.02259657341529,64.30932651529676,64.83085737339866,2582200
2015-07-06,63.77247619628906,64.53943320201373,63.45035565822492,64.1559546991514,4896600
2015-07-07,64.4167251586914,64.51643332654973,62.77543743361795,63.64976805907135,5192000
2015-07-08,63.09757614135742,63.833860317802134,62.7064321211824,63.695807766146245,4325100
2015-07-09,62.652713775634766,64.19429299908646,62.476311106290595,63.98721720164655,4570700
2015-07-10,63.005523681640625,63.58841268593701,62.79077664095722,63.38133100283658,3495000
2015-07-13,64.14828491210938,64.44739768285639,63.41200687246919,63.55773057923948,4228500
2015-07-14,64.77717590332031,64.94590734929366,64.05623458013105,64.06390578715252,3797700
2015-07-15,64.54710388183594,65.0839714408793,64.23264870338373,64.84621664350546,3661700
2015-07-16,64.83349609375,65.70815787320252,64.5625836758176,65.59979290602956,3686000
2015-07-17,64.36906433105469,64.74834165941093,64.05944765455193,64.67093896664697,2931500
2015-07-20,63.6646842956543,64.46968526774232,63.57953956458607,64.29165376493238,4291400
2015-07-21,63.641475677490234,64.16008029364001,62.89065704238944,63.31638077531705,4691900
2015-07-22,61.737342834472656,62.790036185620735,61.26517864437912,62.697149393890726,10180700
2015-07-23,59.50810241699219,61.180029104530774,59.33007679525927,60.142814013828676,13909900
2015-07-24,58.904354095458984,59.67065088771266,58.71084438692893,59.531329566800764,9175900
2015-07-27,58.30062484741211,58.61024166888245,57.87490097970918,58.19225984571494,10269600
2015-07-28,60.204750061035156,60.491146605512824,58.66441416632532,58.765037106328926,15699000
2015-07-29,59.8564453125,59.95706827002931,59.22173348361961,59.83322508425859,13794800
2015-07-30,60.64595413208008,60.661438219045465,59.35331042656721,59.58552448745705,7386200
2015-07-31,60.86268997192383,61.18004882536359,60.49115452523032,60.83946974468667,6203600
2015-08-03,59.8022575378418,60.70788179209301,59.40749597620056,60.70013974821204,6443300
2015-08-04,59.29136276245117,60.266653170138895,59.07463287306425,59.856413607307,5822300
2015-08-05,59.50810241699219,60.313103499275854,59.384259276497225,59.98800861184809,4581900
2015-08-06,59.957061767578125,60.104131071090016,58.96629276706427,59.58552634510996,5609500
2015-08-07,59.82545471191406,60.491128498398254,59.55454233496047,60.00348031443489,7851300
2015-08-10,62.04697799682617,62.163079139162114,60.297647951750896,60.40601295489762,9041600
2015-08-11,60.405975341796875,61.094869249467514,59.779005941779936,60.94006388577936,8992500
2015-08-12,61.087162017822266,61.24197337516981,59.5390838770435,59.840958642059405,7236800
2015-08-13,60.18927764892578,60.8239894280914,60.14283129063125,60.80076920166876,5662500
2015-08-14,60.75431823730469,60.94009184549995,60.06542401356479,60.111870368338,3811500
2015-08-17,60.79302978515625,60.87043251172678,59.76355639596464,60.475670929132725,5226800
2015-08-18,61.009735107421875,61.149062321080194,60.51435077118054,60.76978498046198,5146400
2015-08-19,59.918365478515625,60.793027475892046,59.63971094908699,60.56855544354958,5862700
2015-08-20,59.144325256347656,60.24345926423106,59.144325256347656,59.817735434547764,7767300
2015-08-21,58.05292510986328,59.059178173947146,58.02196284115082,58.78052366098389,11805500
2015-08-24,56.365509033203125,57.960027180469,54.36075123876285,55.59147018028605,15209300
2015-08-25,55.7772331237793,58.432186400468765,55.75401290503158,58.22319852629201,9427200
2015-08-26,57.178260803222656,57.34080827816466,56.14104551325397,57.13955649256798,8288100
2015-08-27,58.56376647949219,58.99722622920396,57.456890985381456,58.08386039556402,8537700
2015-08-28,58.78826141357422,58.84244390894681,57.766530139798824,58.19999600822866,6649500
2015-08-31,59.167537689208984,59.42296604792619,57.975517028551295,58.300611961790196,7019600
2015-09-01,57.975521087646484,58.78052233972916,57.63494204491375,57.66590431293025,9053100
2015-09-02,58.904354095458984,58.950800441210596,58.01420825513121,58.749548690814,5325900
2015-09-03,57.62718963623047,58.83469424988682,57.10858502749448,58.78824790349191,11077100
2015-09-04,56.582237243652344,57.01570300378703,56.00170812164747,56.50483454180788,12007300
2015-09-08,57.511112213134766,57.758804509249266,56.93831898019172,57.72784223405368,5647800
2015-09-09,56.473873138427734,58.207718488979445,56.33454591081078,58.05291308293736,5859200
2015-09-10,56.0558967590332,56.74479092035795,55.75402205487734,56.41969599364367,6109100
2015-09-11,56.21845245361328,56.44292448029109,55.63792318286178,55.90884156690512,4413800
2015-09-14,56.326805114746094,56.41969190369449,55.738539834416386,56.001710211598436,4231800
2015-09-15,57.72783279418945,57.85167596927034,56.233937216628206,56.52032788081793,5109400
2015-09-16,58.548282623291016,58.72631411000064,57.727803549502994,57.93679138521357,5225800
2015-09-17,57.32530975341797,58.5792546941497,57.20920866159325,58.3625247821473,7745000
2015-09-18,55.6224365234375,56.89185986290872,55.42892679601264,56.76027466556739,9260100
2015-09-21,55.85464096069336,56.38098165961445,55.661131266520414,55.96300591699443,7594900
2015-09-22,55.48311996459961,55.57600677760666,54.67811863488657,55.04965998146542,5717300
2015-09-23,54.33755111694336,55.58375473897185,54.306594744805935,55.47538972013899,4754300
2015-09-24,50.9317626953125,51.628392990708015,50.041616766759276,51.24137353528907,22589600
2015-09-25,50.29705047607422,50.90853601217249,50.11127688757656,50.31252865572494,12365100
2015-09-28,49.37594223022461,49.78618190310541,48.75671169963356,49.72425737368427,12572000
2015-09-29,49.778446197509766,50.61440973477138,49.22887921619396,49.26758352837139,8784400
2015-09-30,50.59117889404297,50.80790882368251,49.65459260927342,50.273820136036726,7850300
2015-10-01,49.84035110473633,51.16395656469532,49.23660186743362,50.80015743312918,7933000
2015-10-02,50.854339599609375,50.87756572089762,48.841840185559434,49.37592877170467,8782700
2015-10-05,53.54800033569336,53.78021432015954,51.48905445013051,51.62064552423305,10661900
2015-10-06,54.81742858886719,55.07286281487662,53.470602705599944,53.826659851500594,9664100
2015-10-07,54.476844787597656,56.28035648209435,53.524780437590884,55.23540535665769,8307700
2015-10-08,55.60694122314453,55.870117470196895,54.066605757029656,54.430404916087525,6091600
2015-10-09,55.1889762878418,56.110078569073046,54.848397279903544,55.606952099741044,5573500
2015-10-12,54.569732666015625,55.36699164520077,54.430405452778125,55.35151346837309,4643500
2015-10-13,54.31431579589844,54.9799898154821,53.60994336916859,54.15176831280693,4724800
2015-10-14,54.7322998046875,55.003212287572616,53.84989577160499,54.26787756182027,4042700
2015-10-15,54.825172424316406,54.89483308526315,53.9969511021904,54.54651796963404,4547900
2015-10-16,53.93502426147461,54.82517006984661,53.49382237808292,54.66262262917045,8310000
2015-10-19,53.61767578125,53.772487115423274,53.25388243320208,53.602197600556956,5712000
2015-10-20,54.39170837402344,55.10382861703257,53.02940422532744,53.30031664663358,6385800
2015-10-21,53.927268981933594,55.65337769473067,53.85760834107858,54.63938309164395,8679400
2015-10-22,55.477020263671875,57.00326811440227,53.074164142355976,53.16026045056648,13909200
2015-10-23,56.1579704284668,56.6901995159847,55.30484175793859,56.12666213256023,7942500
2015-10-26,55.977935791015625,56.58843845756659,55.899668055748705,56.18926524482627,6254500
2015-10-27,55.09349822998047,55.63355574687097,53.488982809000326,54.929134196893216,8280500
2015-10-28,56.330142974853516,56.43971898571261,55.16393773274189,55.375261190414506,5486900
2015-10-29,56.330142974853516,56.79975530302745,55.79008551315889,55.95444952944754,4321300
2015-10-30,57.12849807739258,57.35547872172781,56.06404000741519,56.56496074958734,7388700
2015-11-02,58.18511962890625,58.41992880721486,57.003263086703825,57.13631883440416,5876500
2015-11-03,58.50602722167969,58.95215989942865,58.07554570304224,58.2633954410544,5006100
2015-11-04,58.3494873046875,59.429596344561205,58.17729471033549,58.967806571394874,5477800
2015-11-05,58.09121322631836,59.14001424634821,57.30069519223303,58.42776993616089,6238900
2015-11-06,57.793766021728516,57.801594585510884,56.61190966270551,57.46503800020336,5538600
2015-11-09,56.26752853393555,57.613754971353664,55.94662905326446,57.47287067042746,5914800
2015-11-10,56.69017791748047,56.80758248953818,56.06402418080243,56.18925731671587,4373800
2015-11-11,56.28318405151367,57.01890784956154,56.21273891734459,56.77627610491813,4190700
2015-11-12,53.73945236206055,55.56311396598634,53.54378002920384,55.43005821279075,8731700
2015-11-13,54.4986572265625,54.890001901101364,53.61422041182515,53.770755893062365,6429600
2015-11-16,55.09349822998047,55.273519392759084,54.185581765577744,54.38125408660238,5167600
2015-11-17,54.310813903808594,55.07002353412217,54.04470238921606,54.89000235490978,4812000
2015-11-18,55.03871154785156,55.140459007520725,54.30298169217235,54.709983473739975,3788300
2015-11-19,54.80390167236328,54.87434681388996,53.69248430937029,54.396905867410005,6296000
2015-11-20,55.68051528930664,55.73530330043043,54.91348313357353,55.16394346606021,6495100
2015-11-23,55.586585998535156,56.275356336605334,55.48483854924974,55.55528368448186,3847600
2015-11-24,55.8840217590332,56.12665355090258,55.13264068650091,55.398752203848495,3846500
2015-11-25,55.9544563293457,56.26753324332343,55.351788196381094,56.150128654151096,3493000
2015-11-27,55.743125915527344,55.985757657257416,55.336124186524614,55.71181763087754,1642100
2015-11-30,56.86238098144531,56.9719570098577,55.68834698721635,55.829231305381654,5632900
2015-12-01,56.00925827026367,56.854564356787364,55.453549446191694,56.6119325245516,6578400
2015-12-02,55.59442901611328,56.45538619108626,55.273529456358574,55.727484785488485,5068200
2015-12-03,54.50647735595703,55.743127769247444,54.29515389184926,55.68833976214951,8130800
2015-12-04,54.77260208129883,54.81173296503176,53.849028430672526,54.28733254573392,5252000
2015-12-07,53.504634857177734,53.79423201451051,53.003714240644406,53.7550951654444,6805900
2015-12-08,52.08015060424805,52.56542015598779,51.798381957618,52.43235842681266,6866300
2015-12-09,51.58705139160156,52.45583096634563,51.00003445344375,51.89229972172801,8578000
2015-12-10,51.954917907714844,52.510626640384764,51.5870589221176,51.64184693881897,5768700
2015-12-11,51.21134948730469,51.73574976585701,50.4677972100406,51.172212642630114,7572600
2015-12-14,51.75141525268555,51.79837469672599,50.66347767515128,51.3678932215383,7371100
2015-12-15,52.2445182800293,52.408882340067066,51.062655595247634,51.23484822141472,6061200
2015-12-16,53.00371551513672,53.128942686558794,51.76706510082729,51.82968167226079,6747600
2015-12-17,50.79654312133789,52.83936292770686,50.78088598936898,52.58107399323579,6800000
2015-12-18,50.96089553833008,51.55574101690915,50.170377754956746,50.56172236454525,13490900
2015-12-21,51.062652587890625,51.51661385351374,50.389539255124205,51.33659267181975,5311500
2015-12-22,53.54377365112305,53.84119341191644,51.743586014699595,51.853162030331106,9697200
2015-12-23,54.702152252197266,55.171764616900184,53.9977307194203,54.46734308412321,7586300
2015-12-24,54.302978515625,54.709980273384346,54.05251819217507,54.59257569051357,2322100
2015-12-28,53.676822662353516,54.14643495213472,53.2463412467116,54.09947551458987,3884000
2015-12-29,54.15428161621094,54.451701439145765,53.708148896085575,54.17776134283129,3539500
2015-12-30,53.76292419433594,54.49864799729203,53.66899933863215,53.73944447327119,3158500
2015-12-31,53.19155502319336,54.08382019502657,53.1759038673035,53.57507104266163,4356400
2016-01-04,53.21505355834961,53.28549871337286,51.4383511501499,52.34626779889108,8586900
2016-01-05,52.659339904785156,53.567262441082974,51.98622656827361,53.52029701825812,6139100
2016-01-06,51.82967758178711,52.32276960715929,51.360065275988205,51.64183385375644,6639300
2016-01-07,50.04514694213867,51.28179433962337,49.82599491907813,50.93741514829027,8601500
2016-01-08,49.536407470703125,50.50694054945078,49.254638839543226,50.35040507500443,8278500
2016-01-11,48.111915588378906,49.85731249105641,47.626646038749044,49.83382978012404,9669400
2016-01-12,48.21366500854492,48.91808665060283,47.266611567562784,48.871124212557945,8593100
2016-01-13,47.6579475402832,49.121575589051105,47.26660291868689,48.5815210861083,7237300
2016-01-14,48.73805618286133,49.28593921259294,47.25877409259157,47.93188727319993,9241800
2016-01-15,47.44630813598633,47.62065665601302,46.55872144177847,47.16893823876673,12674500
2016-01-19,46.78060531616211,47.97726490319116,46.344737151412225,47.7553660194369,8501100
2016-01-20,46.60626983642578,47.05798823403362,44.66467157098409,46.02775334515793,10857700
2016-01-21,47.303653717041016,47.88217015788567,46.16247097356585,46.75683755262464,8798300
2016-01-22,48.32596206665039,49.57809570269447,48.02481550481245,48.52408424781398,7815600
2016-01-25,45.89302444458008,47.03420718244656,45.774149920110666,46.725137046551765,10971500
2016-01-26,46.88363265991211,47.27987702080491,46.03566996944988,46.28134256152106,8141900
2016-01-27,46.21794509887695,47.46215223331353,45.53640426893493,46.305119347791134,11013800
2016-01-28,48.40522384643555,49.490932801564355,46.416074998743554,49.142235748015494,13567000
2016-01-29,49.32450485229492,49.36412868816409,48.15161875345441,48.888633588419445,8221000
2016-02-01,49.689056396484375,49.99020303563183,48.642971253240944,49.11053984174409,5955700
2016-02-02,48.08030319213867,48.777694315285984,47.929731379810285,48.563721935805376,6282300
2016-02-03,50.140769958496094,50.40228970727471,47.39083267851893,48.71429063151757,8332100
2016-02-04,52.27255630493164,53.088818735679325,50.402282404134766,50.402282404134766,12598000
2016-02-05,52.39936065673828,52.90655299559544,51.654419263825126,52.04273707565429,7463700
2016-02-08,51.1789436340332,52.018980081313,50.44985214550679,51.84463152518817,6315500
2016-02-09,50.66381072998047,51.04420802560617,50.02189369460517,50.64003703266822,5638500
2016-02-10,49.245243072509766,51.02041591394383,49.13429514780816,50.93324168079136,5955400
2016-02-11,48.66673278808594,49.37997385432353,47.95349172184835,48.2704884230883,7055000
2016-02-12,50.04567337036133,50.299269567017404,48.991661721736605,49.12638640170678,4297400
2016-02-16,51.678192138671875,51.94764146540031,50.33096062055347,50.84608255511974,4819400
2016-02-17,53.302799224853516,53.72281732810988,52.082365727985874,52.30426162810548,7373800
2016-02-18,52.39936065673828,53.572240673016864,51.62271898687035,53.215623138142476,6175500
2016-02-19,51.84462356567383,51.923871248233546,50.78269131771026,51.448379106664625,4994900
2016-02-22,53.342437744140625,53.508859724472124,51.844633874945366,51.844633874945366,5787700
2016-02-23,52.12991714477539,53.28695017483622,52.066516583788705,53.18392879789056,5599400
2016-02-24,52.20915222167969,52.280479347126736,49.98226095884561,51.27401533456704,6439200
2016-02-25,52.67673110961914,52.67673110961914,51.38497050570122,52.217086157964786,4277200
2016-02-26,52.99372863769531,53.88923881190468,52.66087874403177,53.405820156512874,4149800
2016-02-29,53.651493072509766,54.34888713458166,52.692582283371046,53.20770124843502,8643200
2016-03-01,54.75306701660156,55.070063854263566,53.36621114226561,54.23795395738907,4451600
2016-03-02,54.98286437988281,55.418735587730566,54.05565404268923,54.483598670519115,4801300
2016-03-03,56.86109161376953,57.122614461829635,54.990816897201555,55.173092046331526,7172700
2016-03-04,57.724884033203125,58.61247370802146,56.694652171967036,57.13051740495576,9521500
2016-03-07,59.25438690185547,60.015181496021604,57.69318899234078,57.69318899234078,10740400
2016-03-08,56.84524154663086,58.7313632867574,56.678813527426804,58.46984045224995,8748400
2016-03-09,56.9561767578125,57.613937918952345,56.472758067708035,57.320720909230424,4907900
2016-03-10,56.552005767822266,57.08297185513378,55.86253828012733,57.08297185513378,6352400
2016-03-11,57.69319534301758,57.930938389430786,57.28109772196441,57.34449828615883,4787000
2016-03-14,57.637725830078125,58.20039227695847,57.16222760796083,57.637725830078125,5060000
2016-03-15,57.40789031982422,57.43166401631183,56.155756570992885,56.61540152378561,4674400
2016-03-16,58.91361618041992,59.048343875405486,57.21769058344997,57.52676074062235,6641200
2016-03-17,60.149906158447266,60.46690291419369,58.263778787171695,58.80267145807754,13316000
2016-03-18,59.80913543701172,60.97409503260647,59.151368229862136,60.29255412696887,13750200
2016-03-21,60.1419792175293,60.50652336828614,59.46836489447403,59.85668274368303,4315700
2016-03-22,59.87253189086914,60.292549991911905,59.62685624885167,59.904226122539356,3625600
2016-03-23,58.39057922363281,59.53176511246145,58.303404965668946,59.41289057467344,5352900
2016-03-24,59.666481018066406,59.714028410116256,57.63771167447846,57.796207012117684,7036100
2016-03-28,59.69027328491211,59.87254842149521,59.008732237845386,59.55555160138324,3425400
2016-03-29,60.2370719909668,60.268772266727964,58.7947426979854,59.41288295980466,4085000
2016-03-30,60.63331604003906,61.2197560229187,60.237071664486194,60.97408644486291,4886800
2016-03-31,60.65709686279297,61.124662378706944,60.41934779104041,60.46690123311695,4348700
2016-04-01,60.855224609375,60.91862517377074,59.17514593015136,59.95178772847273,4878300
2016-04-04,60.00725555419922,61.053340574561375,59.76950648521282,60.67294327342515,4349500
2016-04-05,59.6268424987793,60.11026104410473,59.119650262078586,59.69024303991898,4386800
2016-04-06,59.611019134521484,59.888389054746156,58.40643255781608,59.84876218919515,4929800
2016-04-07,58.77888870239258,59.183059654846836,58.453971461320585,59.03248485867168,4800800
2016-04-08,58.92155075073242,59.63479199714978,58.64418083440643,59.46044346511324,4911000
2016-04-11,59.143436431884766,60.0547997528753,59.12758931636052,59.12758931636052,3904800
2016-04-12,60.30839920043945,60.81559157169924,59.0166445746075,59.4842100855898,5129600
2016-04-13,62.709632873535156,62.7334126149506,60.67293701935246,60.91861264430386,9365700
2016-04-14,62.646240234375,63.1772062638242,62.10734762421787,62.955310373678834,5372300
2016-04-15,62.741336822509766,63.224755474033955,62.39264586205686,62.90775874490518,5508500
2016-04-18,62.80473327636719,63.29607847674195,61.92507028242731,62.18659302034659,4822200
2016-04-19,63.708152770996094,64.1043970380361,62.97113819245337,63.39115614812255,6283500
2016-04-20,63.19303894042969,63.87457961656046,62.84434806967565,63.59720981725332,5356800
2016-04-21,62.94501495361328,63.68121245940433,62.56891232854278,63.01703148769113,6509100
2016-04-22,62.67292785644531,63.361114225432544,61.77668358155935,63.161060190381946,10099600
2016-04-25,61.448585510253906,63.105032335844264,60.97645490987805,62.81695409616217,8079800
2016-04-26,62.13676071166992,62.208777206229456,61.19250578363919,61.73665279479524,6085900
2016-04-27,62.96098709106445,63.129031697004145,62.0967524560922,62.40083840459881,4459300
2016-04-28,62.216796875,63.353102182268714,62.09676324842061,62.440856388527486,4844600
2016-04-29,62.19277572631836,63.21705101917008,61.87268817101162,62.43283681392668,7702700
2016-05-02,62.2888069152832,62.47285927093484,61.31254857995344,61.89670280735451,3330100
2016-05-03,61.104488372802734,61.69664644641693,60.48032092964684,61.49659246565347,4790900
2016-05-04,59.40803146362305,61.06447826505569,59.13596096631529,60.96045238758449,6938100
2016-05-05,58.24773406982422,59.696123342168775,58.1757114419122,59.33602851810274,8071200
2016-05-06,58.70383834838867,58.75184934827528,57.311464405212135,57.7435817196799,6942800
2016-05-09,56.63928985595703,58.11968829641973,56.47124522159613,57.87962714954579,9405000
2016-05-10,58.02366256713867,58.18370332148122,56.48724324169839,56.639286231938215,6507300
2016-05-11,57.95963668823242,58.903891675003486,57.90362182059188,58.29572589407568,4691900
2016-05-12,57.37548065185547,58.60781393628311,56.959371047906345,58.35174507881523,4526500
2016-05-13,56.07114028930664,57.43950904879922,56.06313641908809,57.31947541617759,6417200
2016-05-16,56.57526779174805,57.37548377808204,56.095139420980345,56.32720278963682,4515900
2016-05-17,56.8553466796875,57.759588521075905,56.37521221719552,56.575266208179414,4841900
2016-05-18,56.48724365234375,57.511525245137975,56.07913789425441,56.51125526031678,5166000
2016-05-19,55.558998107910156,56.11114911133864,55.24691435079762,55.95910611499429,6137100
2016-05-20,55.91108703613281,56.63928032921443,55.8150589304369,56.01511290509796,5731600
2016-05-23,56.33518600463867,56.77530097266386,55.68700714184038,55.855057809901545,4002000
2016-05-24,56.887351989746094,57.01538947905475,56.215173486366254,56.639286985664995,3872400
2016-05-25,58.07166290283203,58.17568876352554,57.02338211261432,57.31945806426599,5035400
2016-05-26,57.679561614990234,58.88788318800407,57.663553878632534,58.607808853370486,4146400
2016-05-27,57.58353042602539,57.77558051588616,57.2154318766413,57.7355733874614,3002100
2016-05-31,58.02366256713867,58.55180194059983,57.57553746568534,57.63955620948774,4072600
2016-06-01,57.83160400390625,58.00765248968268,57.031388054132094,57.59954675101535,2699900
2016-06-02,58.911895751953125,58.927897383408805,57.839603289541174,58.095672128971046,4615300
2016-06-03,60.04821014404297,60.12823052403825,58.495789130447086,58.93591037816664,6619300
2016-06-06,61.15250778198242,61.240532034033244,60.10422673231293,60.304280740580474,4775100
2016-06-07,61.464576721191406,61.84067914284457,61.16850076767391,61.240517262801184,4235200
2016-06-08,62.50486755371094,62.976992027771445,61.82468522583173,62.01673534196116,5987800
2016-06-09,61.74467468261719,62.01674521501721,61.328558908734216,61.928720959202124,3784600
2016-06-10,60.84041213989258,61.26452557779576,60.320270598909154,61.072475476797884,4879500
2016-06-13,60.20026779174805,61.088502162595184,60.20026779174805,60.5763642797801,4086700
2016-06-14,59.9041748046875,60.456325840336106,59.175975258822575,60.06421557479467,4058400
2016-06-15,60.07220458984375,60.77639235140931,59.48804432359546,60.16823269126009,3802000
2016-06-16,60.008182525634766,60.12821611945373,58.695829071581656,59.54406199078344,4064800
2016-06-17,60.76039123535156,61.34455150655048,60.2082403315627,60.29626456564969,5442000
2016-06-20,61.160499572753906,61.89669671254253,61.12849020513319,61.544605879039885,4090800
2016-06-21,61.20852279663086,61.53661430140015,60.8244225187921,61.17651342261699,3292100
2016-06-22,61.160499572753906,61.68863887558918,60.96044560399639,61.528598142648214,3056800
2016-06-23,62.5929069519043,62.616912459087835,61.79269081824183,62.14478787070599,3600800
2016-06-24,58.439762115478516,60.50432045841358,58.4077527490963,60.17622903186765,12179500
2016-06-27,57.119415283203125,58.18370401728256,56.439232911368045,58.01565939166425,7337400
2016-06-28,58.031654357910156,58.335740307089544,57.2234406949591,57.80759488282817,4743700
2016-06-29,59.4000358581543,59.536071111751376,58.247722874359035,58.61582149859063,4015400
2016-06-30,60.66436004638672,60.69636941216807,59.19196585141848,59.35200657516294,4695500
2016-07-01,61.17652130126953,61.60863874836151,60.27227926328879,60.32029027791079,4630100
2016-07-05,59.520076751708984,60.77641589915098,58.97592950984567,60.544358581518956,4776300
2016-07-06,59.88016891479492,59.91217828964342,58.78387072059897,59.688112665703954,3740500
2016-07-07,60.05622482299805,60.600372052135135,59.520075359685436,60.07222645981175,3080900
2016-07-08,61.912696838378906,61.96070783132697,60.640350578798426,60.752380299118485,5491500
2016-07-11,62.256797790527344,62.848955831182856,61.872691482568605,62.41683852416527,4511300
2016-07-12,63.85722732543945,63.9692570561201,62.65690354943617,62.99299274147811,5545800
2016-07-13,63.76921081542969,64.28134853346083,63.273074730078136,64.00127417284429,5162500
2016-07-14,64.0652847290039,64.81748964895255,63.99326822653885,64.41738168815654,5441700
2016-07-15,64.5774154663086,64.65744193396803,64.14530428779169,64.40937087351595,4642100
2016-07-18,64.4885482788086,64.54510276034746,63.721022291641624,64.53702178756299,4136700
2016-07-19,64.42393493652344,64.44817169921936,63.947262166228285,64.10076371796185,3308400
2016-07-20,64.38353729248047,64.52088304620901,63.76951264219467,64.18963087829897,4185500
2016-07-21,64.64207458496094,65.74892778058366,64.42393140470004,64.99755735831008,6472300
2016-07-22,64.13308715820312,64.46433938177398,63.712968851505714,64.45625840549744,4133800
2016-07-25,63.57560729980469,63.97956971769344,63.292828676100704,63.94725198458506,5798100
2016-07-26,66.85578155517578,67.05776276833342,63.6160011702137,63.858381091593834,11007600
2016-07-27,67.94647216796875,68.09997984729205,66.83153820040047,66.83153820040047,8460900
2016-07-28,66.99311828613281,67.63137957350338,66.61339267025619,67.62329860015078,5065600
2016-07-29,66.86384582519531,67.17085497346373,66.35484935025377,66.89616355090398,4274200
2016-08-01,66.20944213867188,66.96081253144166,65.87011516489913,66.86386548977957,3377100
2016-08-02,65.63583374023438,66.403366287623,65.37729795344585,66.2498585453494,3909500
2016-08-03,66.2740707397461,66.49221388883055,65.38535468741922,65.56309913068002,3101700
2016-08-04,66.06401824951172,66.68612389212427,65.76508997291165,66.10441696125778,2407500
2016-08-05,66.7022705078125,67.02544166541551,66.24983458555457,66.42757903043508,3286100
2016-08-08,67.41325378417969,67.69602625864803,66.89618235544397,67.05776486543226,3544800
2016-08-09,66.92041778564453,67.66370717918365,66.81538360865959,67.4778817488101,2314900
2016-08-10,66.77497100830078,67.30819805169446,66.63762530239377,67.30819805169446,2290300
2016-08-11,67.25167083740234,67.5829230242589,67.04968960072732,67.0577705761082,2229300
2016-08-12,67.05777740478516,67.68795794114773,66.71845037197127,67.26783963823227,4342800
2016-08-15,67.98690032958984,68.09192837654157,67.0254674607981,67.0577852053939,4056000
2016-08-16,68.09999084472656,68.15654534140334,67.57483842474056,68.03535537310229,3161800
2016-08-17,68.19695281982422,68.45548857558182,67.73642964827803,68.19695281982422,2983400
2016-08-18,67.36477661132812,67.55060205232203,66.66188588630018,67.38901953631002,5003100
2016-08-19,67.73643493652344,68.17271521417119,66.86388054520705,67.10625436791418,3823900
2016-08-22,67.53443908691406,67.68794678960191,67.05776635706115,67.55868201153145,2885000
2016-08-23,67.8737564086914,68.41506448340756,67.82527673473342,67.84951965370058,3178400
2016-08-24,67.17896270751953,67.94648896593284,67.03353596588583,67.38902492631895,2200600
2016-08-25,66.92849731445312,67.19511401701092,66.72651608475383,67.11432275792679,3082900
2016-08-26,66.78307342529297,67.78489854886584,66.47605802647234,67.2274284101464,3596800
2016-08-29,67.13854217529297,67.3405233528143,66.58107831683805,66.6618695550513,2253600
2016-08-30,66.63763427734375,67.17894236574739,66.50028238896212,66.94464345495108,3468700
2016-08-31,66.20944213867188,66.5245323520291,65.93475063532567,66.29831436951393,4041700
2016-09-01,65.80548095703125,66.24984211976717,65.09450926063163,65.91858995045897,4102200
2016-09-02,65.9993896484375,66.54877884859751,65.82164517721249,66.4033521143205,2449400
2016-09-06,66.31446075439453,66.43565069200528,65.82970716792781,66.25790627203969,3071000
2016-09-07,67.63948059082031,67.6475615665676,66.58110083512805,66.6538111249183,3996700
2016-09-08,67.4940414428711,67.83336839415266,67.12239675851833,67.4617237097999,3400500
2016-09-09,65.27225494384766,67.05776827510998,65.24801818251481,66.96889604090424,5311600
2016-09-12,66.18517303466797,66.34676163176867,64.71475070291251,64.85209638746707,4110800
2016-09-13,64.81981658935547,65.65197823920928,64.57743665694197,65.52270729819469,4740600
2016-09-14,65.45806121826172,65.94282100451898,64.81980608337801,64.94098986596559,5324800
2016-09-15,66.2740707397461,66.53260643067713,65.23184700206181,65.30456343974899,3499400
2016-09-16,66.29022979736328,66.31446655420991,65.61156978577372,65.9428218999491,6715400
2016-09-19,66.15287780761719,66.5326034349444,65.72467866666584,66.39525770369147,4351200
2016-09-20,66.00743865966797,66.79112652340102,65.9751270993275,66.62146309372308,2774600
2016-09-21,67.43748474121094,67.45364052522848,66.2579152606622,66.49221419476791,4264300
2016-09-22,67.46173095703125,68.2292571669991,67.3082232494465,67.84145665643905,3925200
2016-09-23,66.6053237915039,67.52635758845967,66.56492508512032,67.46980309790895,3031500
2016-09-26,66.54878234863281,66.79923711817959,66.2579288647818,66.41143041838545,3340800
2016-09-27,66.9607925415039,66.9607925415039,65.98320445806026,66.40332872643452,4295600
2016-09-28,69.95820617675781,70.01476683074452,67.17086805432047,67.2597402763323,9497100
2016-09-29,70.669189453125,71.78412355608124,69.70775688415512,69.70775688415512,10616400
2016-09-30,71.71949005126953,71.8891597031279,70.94388289353915,71.08930962086221,6379100
2016-10-03,71.3236083984375,72.05882300803097,71.23473616730031,71.28321585227008,4294600
2016-10-04,70.70149230957031,71.8648996874924,70.43487567888921,71.5013360376373,4743300
2016-10-05,72.24462890625,72.60819873831436,71.12969498200117,71.19433044067615,5189500
2016-10-06,72.1396255493164,72.43856002481158,71.67102755983059,71.87300881419738,3786900
2016-10-07,71.47712707519531,72.50318913226565,71.04892780341056,72.32544464269944,3774200
2016-10-10,71.2751235961914,72.30926630685767,71.21048813578058,71.98609516878027,3785700
2016-10-11,70.669189453125,72.16384923169045,70.49952596989107,71.98610477383272,6471900
2016-10-12,70.75804138183594,70.89538709114835,70.30559939237178,70.69340593134451,3950000
2016-10-13,70.26521301269531,70.34600425089747,69.69158720829077,70.20865852955617,5677000
2016-10-14,70.83077239990234,71.43671605690523,70.7419001704237,70.96004333877222,3601000
2016-10-17,70.52376556396484,70.87117351901799,70.20867534472802,70.59647584656818,4479700
2016-10-18,70.46721649169922,71.25897950622488,70.10364655876215,71.18626921802445,3715700
2016-10-19,71.09734344482422,71.32356127864014,70.1763101705887,70.53987366579663,5943900
2016-10-20,70.60836029052734,71.12999608554904,70.28234258243066,70.95883492328153,4576600
2016-10-21,70.36383819580078,70.60835144624598,69.573232294079,69.87480547652198,3592500
2016-10-24,70.08670043945312,71.01586426906537,69.71992753453826,70.19266175476541,5096500
2016-10-25,68.85597229003906,71.43969976881476,68.36693344065631,69.98074796316737,11639200
2016-10-26,68.57068634033203,68.78260272584637,67.55186593472537,68.30986856523218,6582100
2016-10-27,67.65784454345703,68.74186500633988,67.41332509620919,68.69296360424545,5003200
2016-10-28,68.366943359375,68.60331051263235,67.64969581108207,67.91051366667843,4974000
2016-10-31,68.02462005615234,68.77447060229863,67.98387095900263,68.61961408370874,4679400
2016-11-01,67.0302505493164,68.1794832973912,66.54937015803164,68.0327728661133,5139600
2016-11-02,66.10924530029297,66.95690496149079,65.47350210899178,66.95690496149079,5228600
2016-11-03,66.23963165283203,66.56565546025458,65.75875135613364,66.54120476291558,3859000
2016-11-04,67.0873031616211,67.56818976341745,65.68540488979177,66.29669730703911,5745800
2016-11-07,68.2610092163086,68.59518549998583,67.62526588660957,68.25285690689473,3786400
2016-11-08,69.01898956298828,69.2798074127478,67.69859570073739,68.27728511056671,3407700
2016-11-09,74.3331527709961,75.96326582490731,72.83345174622393,73.17577399513222,19281900
2016-11-10,76.1670150756836,77.38959962725724,74.85477382619028,75.0177888307654,14174400
2016-11-11,75.80839538574219,76.8924156414618,74.83847630697483,76.11811457046397,7369900
2016-11-14,76.75387573242188,77.83790246332957,75.8165594329031,76.00402518016212,7552800
2016-11-15,76.97396087646484,76.99025927524993,75.50685625022888,76.1752025314276,4645400
2016-11-16,76.08552551269531,76.9413373529609,75.66984494299022,76.42784776144643,3297200
2016-11-17,75.62095642089844,76.20779821492887,75.31123712666631,76.20779821492887,3942200
2016-11-18,75.26231384277344,76.1262779568873,74.90369321309912,75.80840642097337,4715900
2016-11-21,75.71875762939453,76.49305889409986,75.62094860104081,75.90621716075391,3783200
2016-11-22,76.30561065673828,76.37896277506927,75.63726441003637,76.12629718741036,3172800
2016-11-23,78.39215087890625,78.58776273883076,76.79464054968004,77.2755210008255,6535900
2016-11-25,78.090576171875,78.60406584459768,77.60154342226338,78.21283591387511,2006900
2016-11-28,77.34888458251953,78.13133829369202,76.99840994141618,77.84606968311705,4916000
2016-11-29,76.64791107177734,77.07989000529722,76.31373493474507,76.61530806681903,3806000
2016-11-30,77.88682556152344,78.16394810617322,76.90060758297923,78.04168834289801,4641900
2016-12-01,78.44104766845703,79.37836402872915,76.65607789231622,78.24543582005569,9361600
2016-12-02,77.5444564819336,78.36766509242372,77.37329540382129,77.7237698642568,5038300
2016-12-05,76.98209381103516,78.23728172822663,76.7375805607075,78.13947891545094,4980300
2016-12-06,77.60971069335938,77.68306282166868,76.67239411515943,76.69684482459587,3663100
2016-12-07,79.3294677734375,79.3294677734375,77.37333050721314,77.63414839481712,4901100
2016-12-08,78.46549987792969,79.38651785950422,78.35139244597352,79.27241042754805,3861600
2016-12-09,77.86235046386719,78.48994748351691,77.58523422440787,78.4328937743113,6550200
2016-12-12,77.4955825805664,78.77522118656795,77.35702445176604,78.2535854629997,3596700
2016-12-13,78.2617416381836,78.65297159047614,77.57709699465805,78.0335267570084,3803300
2016-12-14,76.40338134765625,78.24541046005153,76.29742625961075,78.05794476140092,5647400
2016-12-15,77.04731750488281,77.21033259421529,75.8410369357716,76.45232952939128,4200100
2016-12-16,75.45792388916016,77.00653231099503,75.41716858132757,76.90057099798504,7872700
2016-12-19,75.56389617919922,75.62094989211592,74.1701501479013,74.92815303001649,3856300
2016-12-20,76.89244079589844,77.29182302862438,76.04478735847742,76.32190363255954,4302400
2016-12-21,76.46859741210938,76.85982725198583,76.35449000430944,76.82722424713052,2829300
2016-12-22,76.71311950683594,76.982083424067,76.38709566533345,76.43599706512317,2534900
2016-12-23,76.87615203857422,76.94135807067158,76.32191320252555,76.44417295811074,1545900
2016-12-27,77.06361389160156,77.26737806771008,76.6968346435727,76.89244651148793,1735200
2016-12-28,75.92252349853516,77.34887254787495,75.65355332824645,77.10435308063278,2700300
2016-12-29,76.03663635253906,76.49306609102366,75.80026917556987,76.02848404481217,2387200
2016-12-30,75.58834838867188,76.00402900157187,75.25417841161034,75.83286785941033,3471200
2017-01-03,76.60716247558594,77.58523405490128,76.00402237696028,76.6153147821369,5054900
2017-01-04,76.26483917236328,77.02284199309433,76.15073175577047,76.99023898572669,3772100
2017-01-05,75.80026245117188,76.99024431979014,75.32752813917074,75.94697288529677,4698800
2017-01-06,75.8328628540039,76.28929253630768,75.31937946141215,76.16703280900829,4023100
2017-01-09,75.28677368164062,76.1996330126463,75.14820934599486,75.74320334714346,3095000
2017-01-10,76.47676849365234,76.97395355758147,75.61280419884382,75.7839715709542,3980200
2017-01-11,77.14511108398438,77.22661550310677,76.11813799155415,76.99840064220862,3720500
2017-01-12,76.60716247558594,76.91688794064369,75.62094480810754,76.91688794064369,3102700
2017-01-13,77.00654602050781,77.12879952899661,76.35449828942342,76.67236984827035,2609500
2017-01-17,76.26483917236328,76.8516808682051,75.97957063088124,76.8109255543986,5040300
2017-01-18,76.70040893554688,76.77436967468205,76.0429508833057,76.25662569078179,3425700
2017-01-19,76.74149322509766,77.23458988050879,76.39633058229741,76.90586086689618,3540100
2017-01-20,77.7276840209961,78.07284668047132,76.93873811220213,77.25924719171265,5045200
2017-01-23,77.6290512084961,77.85915961191579,76.88941257608727,77.74410541020595,3254900
2017-01-24,79.09190368652344,79.49459973942713,77.9084879185603,78.0892829343713,5768200
2017-01-25,80.66156005859375,81.02315626239204,79.97944858122706,80.3903582032576,7557900
2017-01-26,79.89729309082031,81.34369717180412,78.91110592515558,80.90812756839402,9097300
2017-01-27,81.35189056396484,81.73814663727228,80.12738156538161,80.28352923841662,6371400
2017-01-30,79.54390716552734,81.02317844789665,79.36310587913016,80.86703701235952,5221800
2017-01-31,78.6152572631836,79.41241692035565,77.73590436911438,79.37954338758794,5724700
2017-02-01,78.1632308959961,79.32199280074089,77.57973996949575,78.73850187424054,3582500
2017-02-02,77.06199645996094,78.17967125970944,76.84010799779767,77.88381579683578,3807500
2017-02-03,76.65929412841797,77.62082108957394,76.27303810043662,77.5139868505509,4677900
2017-02-06,76.32237243652344,76.52782729325685,75.96076988227755,76.27305900731787,4621300
2017-02-07,76.68397521972656,78.00710511082335,76.44564681331939,77.51401466687084,4995600
2017-02-08,76.355224609375,76.42918532751952,75.69776674372577,76.42918532751952,4083500
2017-02-09,77.2181625366211,77.39896383700464,76.17445448893262,76.47852370322727,3994300
2017-02-10,79.14944458007812,79.40421292259924,77.6619530933627,77.96602860605549,5600200
2017-02-13,80.94921875,81.4012219718265,79.84798365680093,80.28354697784191,6995100
2017-02-14,80.6122817993164,81.1464657949365,79.93017629443341,80.77664948180734,4342600
2017-02-15,81.37653350830078,81.37653350830078,80.53828069253825,80.62868130511829,4326000
2017-02-16,80.75199127197266,81.41766310547412,80.37395502887395,81.40122947315922,3062400
2017-02-17,81.23684692382812,81.31902761032472,80.1602655097583,80.59582879117633,3631500
2017-02-21,80.62049865722656,81.52449893128595,80.47257088365424,81.25330323805815,3916600
2017-02-22,80.7026596069336,81.13822913971738,80.22600913763424,80.57117176815646,3031100
2017-02-23,78.52485656738281,80.94922161014954,78.17147392782843,80.89991444602087,6024800
2017-02-24,78.46734619140625,78.48377982629304,76.84014045820314,77.9578157301032,5018200
2017-02-27,80.0781021118164,80.14384291321619,78.17148093153439,78.46733648278382,5445000
2017-02-28,79.43708038330078,80.2095864935083,79.25627907985258,79.91373095513588,3951700
2017-03-01,81.01496124267578,81.33547032007652,80.06986764034691,80.70266584521937,5564900
2017-03-02,77.546875,81.13822784598204,76.29770606662186,80.94098668598501,23059200
2017-03-03,78.17145538330078,78.81247344484647,77.42359679817496,77.54687094923769,8163300
2017-03-06,78.6152572631836,78.84536572257225,77.33321456518424,77.51401586041396,4706100
2017-03-07,78.83716583251953,79.08371425602054,77.87563826684195,78.60705731457824,4683100
2017-03-08,76.61821746826172,78.46731092633642,76.3141420646286,77.33319625926099,9370400
2017-03-09,75.10606384277344,76.60999463688124,74.30068445586285,75.97719027718223,9260900
2017-03-10,75.8621597290039,76.51139791798504,74.62943041903641,75.51699702700952,7169000
2017-03-13,76.13333892822266,76.86475759860735,75.82104985355869,76.70039624772814,4376100
2017-03-14,75.49232482910156,75.6073790347296,74.47327060640289,74.9663609548065,5781100
2017-03-15,76.72505950927734,77.07844210126461,75.65669178373878,75.91146006074271,6434600
2017-03-16,76.30592346191406,77.32497767452244,76.13334215518083,77.22636336780853,3717900
2017-03-17,76.355224609375,76.69216721978265,76.14154986254157,76.42096537995361,7141400
2017-03-20,78.40155792236328,78.46730496734239,76.33878984352266,76.53602470847669,6516200
2017-03-21,75.96075439453125,78.39333864987366,75.6813325859535,78.3851187016846,7720200
2017-03-22,75.96075439453125,76.53602536809814,75.3772634727753,75.60737186220206,5035600
2017-03-23,75.79642486572266,76.42922320225935,75.57453006136265,75.977219911886,2585700
2017-03-24,75.73067474365234,76.62645506670948,75.24579793622887,75.80463549547068,3634600
2017-03-27,75.2046890258789,75.58272516720098,74.24315563970727,74.70337873043391,3425700
2017-03-28,76.38809967041016,76.56068723702703,75.2046841692125,75.24577137127747,3866100
2017-03-29,76.31415557861328,76.63466466650442,75.93611937930538,76.2319748865872,2513700
2017-03-30,76.6100082397461,76.73328240819788,75.93611655819223,76.41277333221402,3672600
2017-03-31,76.23199462890625,76.62646456078397,75.62384355644944,76.1251540586167,4020600
2017-04-03,75.82926940917969,76.29770619247314,74.78556158323958,75.96076351606128,3685800
2017-04-04,77.35783386230469,77.89201756055566,76.4784876279466,77.16059902309813,5797500
2017-04-05,77.44825744628906,79.49459223882607,77.21814902061848,78.00709488148235,6061300
2017-04-06,78.74673461914062,79.23982500490541,77.46469836215527,77.59618620569982,5421600
2017-04-07,78.50019836425781,79.40420485884074,78.41801766565538,78.78784021434441,4463800
2017-04-10,79.83152770996094,80.44789219584389,78.97683487047186,79.14941617412103,5168300
2017-04-11,79.7986831665039,79.97126453283168,78.62348086914095,79.96305085109184,4250400
2017-04-12,77.95777893066406,79.5274505258441,77.79341757943537,79.46170974734281,4773900
2017-04-13,76.51136779785156,77.95777137440548,76.50314785009178,77.74409662253225,4706000
2017-04-17,77.36607360839844,77.53865492061793,76.83188977344243,76.99625740649725,3719100
2017-04-18,77.57154083251953,77.69481500949692,76.52783284341245,76.84012199110144,3310400
2017-04-19,76.81546783447266,78.87001653542684,76.66754007720455,77.95779641060437,5550400
2017-04-20,78.43961334228516,78.68820328549525,77.04748816528543,77.29607810849552,4852500
2017-04-21,78.15788269042969,78.92852364663382,77.73527150230055,78.87880691464214,4128700
2017-04-24,80.22118377685547,80.4283451904489,79.38425621782459,79.41739648058267,6739400
2017-04-25,86.52719116210938,86.91665569173334,84.52186988411532,85.251075897368,18383500
2017-04-26,86.72608947753906,87.81990189525345,85.88086705535655,86.01345344396046,9856100
2017-04-27,85.08535766601562,86.37804319227745,84.9859178862777,86.22060477694187,6727400
2017-04-28,84.73731231689453,85.78968958989283,84.71245395705391,85.2096401200615,4016000
2017-05-01,84.52188873291016,85.34224647102141,84.03299064640021,85.06050987650387,4512100
2017-05-02,84.11582946777344,85.11020181075422,83.9003798087037,84.74559566803086,4516400
2017-05-03,84.14070892333984,84.66275358597919,83.51093624312406,83.72638595621018,4278400
2017-05-04,82.3591079711914,84.10755116622501,81.73762360296807,84.05783443982824,7271600
2017-05-05,82.56623840332031,82.85626306843571,82.05247590935623,82.45022853727416,4086800
2017-05-08,82.34253692626953,82.94744483096386,81.9862189728773,82.43368847170005,5094600
2017-05-09,82.27623748779297,83.03859006245834,82.24309089905987,82.63255541409217,9742000
2017-05-10,83.16290283203125,83.45292763192836,82.28454020318098,82.63256996305752,4696700
2017-05-11,83.68494415283203,84.4555850603181,82.98888466068524,84.43901492472395,5220300
2017-05-12,83.45292663574219,83.65179987871674,83.00545709749963,83.35348685322171,4112000
2017-05-15,84.86988067626953,84.98589055428782,84.03295317371814,84.18210331225806,3756100
2017-05-16,84.80360412597656,85.18478673936349,83.91695341480009,85.14335192249716,3115900
2017-05-17,82.9805908203125,84.80360907156778,82.7734293680305,84.80360907156778,4618500
2017-05-18,83.0468978881836,83.41978603581359,80.99185315622373,82.15195874739139,5931500
2017-05-19,84.87818908691406,85.23450703186575,83.91695692953158,84.1655531970107,4636500
2017-05-22,84.7621841430664,85.39195675469722,84.36443135622955,85.07706728784878,4376300
2017-05-23,85.87257385253906,85.97201363823328,84.57160001952268,84.77047959091112,3327200
2017-05-24,86.1377182006836,86.93322363808183,85.47480543227172,85.62396191152577,5170900
2017-05-25,87.02436828613281,87.78672713186974,86.37802565423418,86.55204049189419,5220000
2017-05-26,87.55471801757812,87.59614651422275,86.69292562934187,87.00780875651704,2894100
2017-05-30,87.39727020263672,87.72044154653993,87.01609390782949,87.22325534992464,3211700
2017-05-31,87.36412048339844,87.63757509446314,85.84769726429262,87.2149639975509,4131400
2017-06-01,87.54643249511719,88.19277522575369,87.140397811883,87.64586594778993,4211300
2017-06-02,87.7950210571289,88.46622846235945,87.15696656501827,87.56300124181594,3702800
2017-06-05,87.17355346679688,88.80598703832169,87.12383673168591,87.48844298134503,4319500
2017-06-06,86.63491821289062,87.43869930325029,86.22887723168549,86.83379142850066,3800200
2017-06-07,85.77313232421875,86.75093466437573,84.89476343834029,86.42776329383848,5121700
2017-06-08,87.01611328125,87.33099646739721,85.77314435194225,85.77314435194225,4649300
2017-06-09,87.77017974853516,88.68168905240361,87.03268533996338,87.08240207517186,3881000
2017-06-12,87.89444732666016,88.12646710632684,86.92493339502515,87.77014920982019,4167400
2017-06-13,87.6292953491211,88.38336607891556,87.43042212276254,87.98561330413254,3522700
2017-06-14,86.76748657226562,87.8281520088641,86.17086068366281,87.67071363197397,4100200
2017-06-15,88.16792297363281,88.36679621482843,86.01344494815915,86.01344494815915,5974100
2017-06-16,89.16227722167969,89.41916169104348,88.16790489750096,88.46621785916759,7350400
2017-06-19,89.07113647460938,89.52689419959007,88.3916471623164,89.45231278910876,4347600
2017-06-20,88.69825744628906,89.64291326174862,88.59881766284778,89.54347347830733,5314100
2017-06-21,85.73997497558594,88.4662201948672,85.47480859399964,88.35849220349247,6274100
2017-06-22,86.04657745361328,86.72607308366246,85.75655268594947,85.82284586771999,3652500
2017-06-23,86.27032470703125,86.40290476286859,84.77047765887657,84.93620430918988,12089800
2017-06-26,86.38630676269531,87.52983545397053,85.71510582673642,86.72605450493809,2857700
2017-06-27,86.12117004394531,87.19841226033455,85.92229679488163,86.59349796176318,3380700
2017-06-28,88.20934295654297,88.35849945355305,86.80893585235111,86.88351093982328,4118300
2017-06-29,87.53815460205078,88.64025519444519,86.8503769702197,88.20935577510201,3550000
2017-06-30,89.04627990722656,89.52689600470299,87.69558948369723,87.91932107552057,4702100
2017-07-03,88.64025115966797,89.36116903211033,88.23421644697672,88.25907481194832,2404900
2017-07-05,89.07113647460938,89.39430783520811,88.37507702780157,88.66510179730481,3483600
2017-07-06,88.25907135009766,89.40260034840311,88.0850564800555,88.85569737428003,2921700
2017-07-07,88.59879302978516,89.14570220355573,87.71214242066459,88.34191489656457,2767900
2017-07-10,89.36114501953125,89.89976596342471,88.03531322676136,88.44135415241017,2951500
2017-07-11,89.69263458251953,89.88322593001902,88.70655021504574,89.41918622767841,2559900
2017-07-12,90.28925323486328,91.15104569829512,90.18981345452129,90.25610664141595,3611600
2017-07-13,89.8832015991211,90.52954424443885,89.46887874216713,90.2312312816668,3051100
2017-07-14,90.13180541992188,90.6207097539988,89.53518572443387,89.94950864528352,4480200
2017-07-17,90.18980407714844,90.63727355906293,89.4771745193575,89.49374465332518,2969500
2017-07-18,89.36353302001953,90.32335556250452,88.94621942482607,90.32335556250452,3984400
2017-07-19,90.01456451416016,90.13975989867089,89.42197981969126,89.55552326122317,2857900
2017-07-20,89.57220458984375,90.26494680035981,89.35519970159872,90.03959385587811,3759700
2017-07-21,88.9629135131836,89.26337982581836,87.72766877697438,89.06307107329532,4258100
2017-07-24,90.28995513916016,90.55703554227273,89.54713756901275,90.0228747360476,5980400
2017-07-25,95.59820556640625,95.890323829105,93.31132869423534,94.51318759901027,14264600
2017-07-26,94.74687194824219,95.59819521328228,94.37964032963455,95.35615257391598,5741200
2017-07-27,95.45631408691406,95.47300382893899,94.52152934101498,94.9138051394521,5583500
2017-07-28,95.23096466064453,95.89866898465148,94.71349985885449,95.52308291450994,4704500
2017-07-31,95.10578155517578,95.69837256211044,94.88878303446572,95.56482913302624,4477200
2017-08-01,94.39632415771484,95.50637973391646,93.9122389093067,95.37283634082478,3683700
2017-08-02,94.38797760009766,94.79694947214996,93.55335048314132,94.43805955715075,2830600
2017-08-03,94.78025817871094,94.91380158070372,94.18767365969275,94.18767365969275,2438900
2017-08-04,95.43960571289062,95.68164833119963,94.68844006429359,95.04732996486221,2631900
2017-08-07,95.74008178710938,95.97377637558577,95.39788795904035,95.54812110416088,2269400
2017-08-08,95.48971557617188,96.19079947463142,95.30609654532738,95.63994238209791,2601200
2017-08-09,95.43126678466797,96.36605149983252,95.23930610304215,95.47300068990832,3170100
2017-08-10,94.43805694580078,95.25598793188927,94.19601432445234,95.05567921231444,3186700
2017-08-11,94.18766021728516,94.87205413557211,94.10419878680118,94.3712791849693,2130300
2017-08-14,94.90546417236328,95.45632121582713,94.53822614338738,94.696807359118,1968900
2017-08-15,94.85537719726562,95.33946247417843,94.57994870857041,95.14749542723031,2826800
2017-08-16,95.24765014648438,95.57315421701148,94.83867826899163,94.98891140675028,2268600
2017-08-17,94.42972564697266,95.45631995638293,94.42972564697266,95.14750558448216,2905100
2017-08-18,95.08071899414062,95.68165153312809,94.05413121311996,94.3045155258984,3875700
2017-08-21,94.81362915039062,95.22259461134098,94.5382007027776,94.93882447818736,3137400
2017-08-22,96.66651153564453,96.69989738413744,95.14749045156438,95.32276138037754,3881100
2017-08-23,95.77347564697266,96.29928851501523,95.77347564697266,95.98213245666105,2447600
2017-08-24,95.79849243164062,96.02384530258459,95.47298838934297,95.98211140272116,1861200
2017-08-25,96.27425384521484,97.3509237823185,96.10733093911999,96.37441140949217,3282200
2017-08-28,96.04053497314453,96.86681397471624,95.69834119176599,96.61642967881222,2011000
2017-08-29,96.8250961303711,97.31752308564124,95.39788448751221,95.46464981914734,4355700
2017-08-30,98.1104507446289,98.22729806802994,96.71661818514251,96.91693334043131,3401000
2017-08-31,98.06034851074219,99.17875227639823,97.94350121148412,98.44427626083299,3357700
2017-09-01,98.71969604492188,99.17039545982726,97.98522646194624,98.0603398472473,2992200
2017-09-05,98.73641204833984,99.42914786726452,98.33578814291148,98.6028686239634,3826800
2017-09-06,97.63471221923828,99.47923793667132,97.63471221923828,99.11199985742985,4292600
2017-09-07,98.29401397705078,98.42755734673791,97.23404054287707,97.9685099730613,3270100
2017-09-08,98.33576202392578,99.1954268949852,97.65136807503097,97.84333510465845,2787000
2017-09-11,99.21214294433594,99.25387048598195,98.04366352733871,99.1704090349894,3527500
2017-09-12,100.93981170654297,101.31539138495494,99.37070855582644,99.47921416296319,5554000
2017-09-13,99.846435546875,100.98987694181105,99.66282293766639,100.5725634007292,2532200
2017-09-14,100.55587768554688,100.81461005370943,99.49589768286243,99.97998293814038,2904900
2017-09-15,101.2987060546875,101.46562894842856,100.41399688829924,100.9982397517934,4610100
2017-09-18,103.35189056396484,103.85266562428112,102.53395308354467,103.17661961123918,4349000
2017-09-19,104.11138916015625,104.2699703567042,103.29345811708747,103.46038100041176,3050000
2017-09-20,104.20320892333984,104.562098888778,103.64401020463633,104.30336648382274,3151600
2017-09-21,104.15312957763672,104.36178637868952,103.34354017071985,103.92777666658758,2615400
2017-09-22,103.8526611328125,104.67894026498405,103.78588942960468,103.97785648440215,2616700
2017-09-25,103.76085662841797,104.14478438879712,103.20165791445488,103.80259053685717,3268500
2017-09-26,103.9194107055664,104.38679979308682,103.76082953614394,104.07798550729012,2301900
2017-09-27,103.92777252197266,104.67893824934644,103.7775393764979,104.5036673075759,2140600
2017-09-28,104.52034759521484,104.56207512682471,103.17659754401646,103.41864015107011,2067800
2017-09-29,104.08635711669922,104.78744727434619,103.91943422415002,104.62051801409682,2273500
2017-10-02,104.09468841552734,104.18649790196089,103.45202201049253,103.82760800982044,2502600
2017-10-03,104.75405883789062,104.77074857965371,103.78588825543075,104.31170745261845,2166100
2017-10-04,105.78062438964844,106.07274256664058,104.82915011733189,104.90426985867198,2792300
2017-10-05,105.49687957763672,105.92254123349696,105.1713754783613,105.83073173188592,2496200
2017-10-06,105.9392318725586,105.98930746742482,105.14633857124228,105.26318587106363,2697400
2017-10-09,105.89752197265625,105.93925588963961,105.11297654852311,105.93090783270259,1979600
2017-10-10,106.99085998535156,107.07431506191142,106.2229981421405,106.43165493664023,4414300
2017-10-11,107.33308410644531,107.54174094744899,106.55687403550219,106.97418771750951,2177800
2017-10-12,108.49317932128906,108.63506439743551,107.1494292055508,107.16611257775723,3372300
2017-10-13,109.0941162109375,109.6783526465304,107.83382111194514,109.33615247161201,3478200
2017-10-16,109.72842407226562,110.27092658428805,109.28607273528768,109.54480509441832,2914200
2017-10-17,108.95225524902344,109.72846535383647,108.76864893749922,109.45303678344497,2380300
2017-10-18,109.57820892333984,109.87867525063761,108.91885898212053,108.91885898212053,2511400
2017-10-19,109.79518127441406,109.86195296076271,108.00072563421146,109.33613389039029,4837600
2017-10-20,110.29055786132812,110.75234336012494,109.5517010632532,110.2737621673644,3086800
2017-10-23,110.55923461914062,111.11337726637106,110.1226490286214,110.7859316678007,5549500
2017-10-24,116.06706237792969,117.91419181135197,114.71529708680765,117.59513763973233,18886700
2017-10-25,114.89159393310547,115.72280784830676,113.17040038964313,115.20225662680187,7438600
2017-10-26,114.97557067871094,116.06706030990087,114.90000926405128,114.92519640227117,5745400
2017-10-27,115.7060317993164,116.201395969136,114.9419877202883,114.95878341745463,4064600
2017-10-30,114.59774780273438,115.70602028956709,114.58934354930561,115.27782613964385,3044500
2017-10-31,114.01842498779297,114.70689480886614,113.41390802660726,114.6061462524561,3988300
2017-11-01,114.4298324584961,115.27784224612056,113.70777118764308,113.90928112765917,3629000
2017-11-02,114.58092498779297,115.01752328780924,113.92603394344799,114.53894216467158,2722600
2017-11-03,114.7153091430664,114.98397625422241,114.48861205986077,114.58936062512379,2105400
2017-11-06,115.62205505371094,116.24335479553645,114.84960687997234,114.85801113250116,2780900
2017-11-07,116.54563903808594,116.62120045941745,114.74049231233958,115.69764208329553,3222100
2017-11-08,115.26940155029297,116.49523087797114,115.17704445840378,116.20136390977112,1933300
2017-11-09,113.63218688964844,114.81603352762153,113.05285713866752,114.5557579145979,2940300
2017-11-10,114.58935546875,114.93359679972669,113.40552144608901,113.42230433196842,2016900
2017-11-13,114.63133239746094,114.64812809383787,113.23758425951605,113.79172693769115,1894100
2017-11-14,115.47931671142578,115.96628936237126,114.5809456293114,115.86554081781745,3041300
2017-11-15,112.59109497070312,114.82443571125476,112.34760221800026,114.58934721224934,3746200
2017-11-16,114.48860168457031,115.37018998482115,113.43070341108691,113.74135333340512,2812900
2017-11-17,114.29548645019531,114.48859210374445,113.36352394986807,114.01841513265353,2312700
2017-11-20,114.95037841796875,115.70601815361628,114.39623577910096,114.55576285495943,2124000
2017-11-21,115.52971649169922,115.86555355136102,115.16867948176831,115.67244788262362,2221400
2017-11-22,115.87390899658203,116.21815020317939,115.19383083465372,116.0502317255139,4887500
2017-11-24,115.35337829589844,116.21817077977916,115.31139546620928,115.94950373021823,944400
2017-11-27,115.18545532226562,116.09223060067592,114.93357116525826,115.4205437857764,2585400
2017-11-28,116.6967544555664,116.70514589713804,115.2526322008512,115.45412928946,2592700
2017-11-29,115.91590881347656,116.88146262149226,115.19384772342954,116.00826591143701,3098200
2017-11-30,118.5102767944336,118.66141240246463,115.1182771962021,116.62116496788242,7507800
2017-12-01,118.82093048095703,119.55977433895146,116.18457068782588,118.88810043374899,5481600
2017-12-04,118.80418395996094,121.90233045368203,118.75380967735798,121.11309919593192,4922300
2017-12-05,117.66232299804688,119.38351696317775,117.31808164274786,119.01408846591679,3884100
2017-12-06,117.83023834228516,118.50192533617835,117.12497276381103,117.67071123995709,2881400
2017-12-07,119.97122955322266,120.06358667080858,116.86469176107578,117.36005593205333,2977100
2017-12-08,120.78562927246094,121.1718533804011,120.00478961495455,120.794020714087,2490100
2017-12-11,120.7100601196289,121.49929116812851,120.46656740312052,121.43212120534552,1913500
2017-12-12,120.41622924804688,121.57488903366773,120.23991925280457,120.93678060153368,3397100
2017-12-13,124.74018096923828,125.1431879758074,120.9619566528283,121.05430094832215,6486500
2017-12-14,122.8174819946289,125.10120980250987,122.48164494520732,124.97527411181734,4616900
2017-12-15,123.16168975830078,124.12723062097356,122.1541660730425,123.7158322691684,7931700
2017-12-18,125.7477035522461,125.78128213103521,123.2540745050614,124.05169706775943,3534800
2017-12-19,126.70482635498047,126.85594914456766,124.70656183915712,125.85681688665599,3554100
2017-12-20,128.056640625,128.12381060560406,126.52855239182632,127.56126361946556,3076000
2017-12-21,129.83657836914062,130.222802489621,127.46049355296894,128.19935040361221,4017400
2017-12-22,130.76856994628906,130.81055278783845,129.25727733006224,129.94576005965178,2486400
2017-12-26,131.34786987304688,131.801251148759,130.69297869070627,131.01202002866606,1870600
2017-12-27,132.25462341308594,132.39735476913572,131.2386954170899,131.76765082760812,2520500
2017-12-28,133.0102996826172,133.20340535740118,132.01116710349865,132.60729263613143,4064000
2017-12-29,132.30502319335938,133.07745863989945,132.24624466469558,132.69963876439294,2616100
2018-01-02,131.8516082763672,133.82468582001718,131.00361155088353,132.90951913439227,5108400
2018-01-03,132.05311584472656,132.2294385884302,130.4746538374432,131.8516059678309,4146100
2018-01-04,133.8667449951172,133.98428928956378,131.8349005846161,132.56535349929374,4865800
2018-01-05,135.98251342773438,136.05807484856885,134.0346225038017,134.55517381803463,3945400
2018-01-08,139.399658203125,139.7354951775466,136.47783552930727,137.78761766545455,5929200
2018-01-09,139.7355194091797,140.5583419185097,138.61045125727324,139.65156655669566,4522900
2018-01-10,139.26539611816406,140.65914468250168,138.11514038601507,139.2905832647537,5478600
2018-01-11,142.06121826171875,142.33828955600822,139.0722253580293,140.13012345420327,4199000
2018-01-12,142.98483276367188,143.2954827284775,142.0864486440731,142.72455708382233,4127900
2018-01-16,142.1536102294922,145.4532666241855,140.6927048066162,145.1677910073591,8530600
2018-01-17,141.4735107421875,142.82527595668898,141.4735107421875,142.16199332373964,5571400
2018-01-18,141.75057983398438,143.3710120906937,141.12926723196648,142.1703825298815,4668800
2018-01-19,143.7412567138672,143.7749911489667,142.2229497178678,143.08332582740513,5796700
2018-01-22,144.14617919921875,144.1630528574387,142.11333455652496,143.66538934200645,3540900
2018-01-23,142.9145965576172,145.1245814602075,142.7205946215248,145.082403768668,5036500
2018-01-24,141.99517822265625,145.4619732913142,141.43003320971894,144.57629327639117,8241000
2018-01-25,142.864013671875,146.0102872498976,137.03542120458815,146.0102872498976,16937100
2018-01-26,140.9154815673828,142.5518779654899,138.7982955873087,142.39161048122665,9045300
2018-01-29,137.13661193847656,139.9201722337641,134.47114145591883,139.667118957679,9496800
2018-01-30,138.13194274902344,138.93328029295597,134.8001109792646,135.23873581318168,8694800
2018-01-31,137.3052978515625,139.8442350391283,136.5545813495365,138.92482065804023,7014000
2018-02-01,136.84983825683594,138.11509189610496,135.11221244741296,136.00633583065658,4323600
2018-02-02,132.8431854248047,135.63517605338464,132.03341753191543,135.60987201337161,7602800
2018-02-05,127.43637084960938,134.05785835510517,120.4943482462592,130.68384804784785,11390500
2018-02-06,131.9322052001953,132.0587254039318,123.83457751962659,124.89739871431057,13908700
2018-02-07,130.18617248535156,133.3493068536541,130.13556439479098,131.04654863736133,7156500
2018-02-08,123.14291381835938,130.05963057644922,123.08386247533215,129.77284286386583,9101900
2018-02-09,125.8590087890625,127.27608675590547,120.51963662740002,125.43725755547929,9528100
2018-02-12,128.45697021484375,129.4354360526662,126.73623104386694,128.10270076407866,5756800
2018-02-13,129.8740692138672,130.91157359124387,127.36886598567496,127.57974159161151,5512100
2018-02-14,133.32398986816406,133.7710451191609,128.49915501700443,128.54133271198677,5560100
2018-02-15,134.94354248046875,135.2472039316086,132.8347859783388,134.79171819031296,4914500
2018-02-16,131.83096313476562,135.80386446008302,131.6622652561848,135.07002160930372,5991600
2018-02-20,131.21522521972656,133.48424863018133,130.12711283718366,130.88625981376478,5094600
2018-02-21,130.9368896484375,133.61079103255835,130.77662211388824,131.33333685364036,4179400
2018-02-22,133.9988250732422,134.77484592955946,131.7551050427517,131.9322462539287,4723300
2018-02-23,136.99322509765625,137.0522635716311,134.30245043683655,134.45427468776467,4450800
2018-02-26,138.07293701171875,138.37659845014437,136.26784203630746,137.53309588460962,6254400
2018-02-27,136.02317810058594,138.8404856024408,136.0063173213514,137.71018272335763,4127700
2018-02-28,130.4307861328125,136.93418272343683,130.04276934809118,136.22564376437265,7298600
2018-03-01,126.7193603515625,131.74664025538414,125.26853521217623,129.62101063033506,9434800
2018-03-02,123.47190856933594,126.42416752259014,123.03328363530645,125.79154060403566,9509400
2018-03-05,127.47010040283203,128.09429691924353,121.47279679676123,122.43438918263291,8453000
2018-03-06,129.6885223388672,130.72602691374627,127.93403541898672,128.75223395544126,5795600
2018-03-07,127.79905700683594,128.44012713345705,125.5216028690423,126.5253728866083,5491000
2018-03-08,129.55349731445312,129.87403226294433,126.76993753388606,127.98458273782965,4105000
2018-03-09,133.48426818847656,133.62766206635996,130.1777399933307,130.8441012930037,4576700
2018-03-12,130.32110595703125,134.40365401904992,129.77283460780689,133.47580920722226,4880400
2018-03-13,129.63792419433594,133.16375908943525,129.224603262795,131.8394666232322,4819100
2018-03-14,128.66786193847656,130.95375931004745,127.6303574975327,130.57418577027053,4873600
2018-03-15,130.38015747070312,131.24052055486848,127.91711941361089,129.20767691068266,5268800
2018-03-16,131.9744110107422,132.809470274973,129.3173703287363,130.1693161181624,10897600
2018-03-19,128.3389129638672,130.59950658105328,127.21706585385522,130.1018431456603,5479200
2018-03-20,129.94996643066406,130.91155856855468,128.66783928986854,129.05585602342836,3557600
2018-03-21,131.4176788330078,132.6660588033942,129.23301066712528,130.03433538722143,3887400
2018-03-22,123.91050720214844,129.4776286303507,123.36223574715822,128.94621795769854,8225600
2018-03-23,121.70896911621094,125.31917162932183,121.28721786948776,124.5853157078614,6533100
2018-03-26,125.84211730957031,126.15420905954775,122.52714639036293,124.68652321191381,5454900
2018-03-27,123.9864273071289,127.47008360457691,122.97421409048495,126.44100960626108,4915300
2018-03-28,122.4428482055664,125.04083792145627,121.15229017606804,123.98645960514524,4933900
2018-03-29,124.31541442871094,125.48788250073467,122.78867681738807,123.32851795405739,4209400
2018-04-02,121.37152862548828,124.29005184251405,119.57486485661411,123.52246176680687,5397500
2018-04-03,122.35845947265625,122.85612281343803,120.09787915605905,122.13915347608095,4845700
2018-04-04,122.45966339111328,122.69585588717828,116.4455004665432,117.989111291325,6188200
2018-04-05,124.94801330566406,125.58064009895543,123.5477962475145,123.58153067999368,4584800
2018-04-06,120.61243438720703,123.99487498283267,118.78203539624548,122.9573704490529,5707400
2018-04-09,120.68828582763672,123.81767150990176,120.45210626183638,122.13911051516511,4050800
2018-04-10,124.91426086425781,125.69028148760947,122.83080901438426,123.78397079573418,3991600
2018-04-11,123.81774139404297,125.13361626582379,123.42130701191398,123.72495559290769,3218900
2018-04-12,126.64347839355469,127.50385463949762,124.53472191779227,124.53472191779227,3958000
2018-04-13,126.7193603515625,128.97995344790917,125.67342562606893,128.00148758723932,3603200
2018-04-16,128.3304443359375,129.4101262917388,126.76152948284745,127.99304855130865,3055600
2018-04-17,129.31732177734375,131.19832810212733,129.06426854013708,129.34262581398218,3817200
2018-04-18,131.54425048828125,132.53114715527929,130.38022545252562,130.90319303567915,3087100
2018-04-19,131.33334350585938,131.85632383521929,129.86565731686107,131.07185977659313,4013200
2018-04-20,129.91757202148438,132.36756682635678,129.1715485451904,131.6130705144238,4057800
2018-04-23,130.54493713378906,132.02849861073355,129.01049982599196,131.10444191687256,5350300
2018-04-24,122.44889831542969,136.57240329933376,121.53332761371261,135.42793668828082,24122300
2018-04-25,123.08470916748047,125.12778785647633,120.51603011068325,121.93176973103219,9963700
2018-04-26,124.03421020507812,124.95825392835512,122.084384036297,123.19494659438558,6558900
2018-04-27,122.68628692626953,124.28005984314348,122.21154936012712,123.49164622137744,3860600
2018-04-30,122.38105010986328,123.94090521569106,121.7367655058797,123.10164195738491,4764800
2018-05-01,122.43199920654297,122.44047204595941,118.93927489333268,121.29601781437125,5004400
2018-05-02,121.95724487304688,124.32246031130242,121.63509592024906,122.06745644861053,4637600
2018-05-03,121.88939666748047,123.05080910098387,117.11656383796874,120.11760368635956,7703200
2018-05-04,124.08506774902344,124.78022842248602,119.57504795067206,120.58387174304274,4678400
2018-05-07,127.00981140136719,128.4001197913998,125.46690140472109,125.61949007570634,6844600
2018-05-08,127.10303497314453,128.06948150691838,125.95010844645275,127.71341544940876,3853600
2018-05-09,129.37503051757812,130.00236970163144,127.5862788481949,127.79821618847429,4668200
2018-05-10,130.5279541015625,131.7741465438821,129.54456185914498,129.87518355186484,3911000
2018-05-11,131.282470703125,132.87624369148094,130.3584269750374,130.76534305917733,3507900
2018-05-14,131.6385040283203,132.5879790599059,130.88400770451523,131.9182628363326,3563900
2018-05-15,129.3580780029297,130.89250234914445,128.6120673262263,130.40081907988443,4127200
2018-05-16,130.3838653564453,130.44320109021595,129.15463126596714,129.32417856540727,2693400
2018-05-17,130.2905731201172,131.6130597669155,129.50215965875609,130.2990459550643,2885800
2018-05-18,132.00306701660156,132.96101505870865,130.56188266352297,130.68056706412162,3889300
2018-05-21,134.7243194580078,136.9962943465502,134.53781357403687,135.01255112028,5849700
2018-05-22,132.41842651367188,135.0888443369397,132.36756362981228,134.81755837551975,3512400
2018-05-23,133.7239990234375,133.94440921722145,130.31604271125087,131.1044434677943,4010000
2018-05-24,133.69007873535156,134.28350073240915,132.27433877964648,133.2746898052259,2891000
2018-05-25,132.12173461914062,133.57986446146734,131.5961212527768,133.0288196507536,2359700
2018-05-29,130.23126220703125,132.01154116938042,129.40047139456215,130.7738213202643,3795800
2018-05-30,131.79115295410156,132.23197341387046,130.41778986374402,131.0620878113985,2688200
2018-05-31,128.7816162109375,131.66395903590706,128.43403584765682,131.65548619861832,4546000
2018-06-01,130.14645385742188,130.71444423882159,129.07828164365108,129.95994800852938,2755500
2018-06-04,129.28175354003906,131.34177789554366,128.9257004268269,131.22309352447294,2470900
2018-06-05,129.71412658691406,129.79043386137434,128.87486298851042,129.1969989532306,2916600
2018-06-06,132.6812286376953,132.70666007999574,129.7141063034622,130.25666529858262,3689300
2018-06-07,132.4947509765625,133.88505950601115,131.85046607508175,133.1899117091016,3149100
2018-06-08,131.6724090576172,132.79990408547243,131.4350273860611,132.4099467059983,3254100
2018-06-11,132.50323486328125,133.16447836570154,131.1637892483293,131.56223250435553,2758300
2018-06-12,133.5120086669922,134.9531795309898,132.5794794949572,132.63034237059102,2595600
2018-06-13,131.15530395507812,133.39336165894045,130.98574374132656,133.24923289012597,4189300
2018-06-14,129.8243408203125,133.40184427416017,129.50219191332374,131.99457718488512,3967600
2018-06-15,127.17935943603516,128.01015016613079,125.83142815618842,127.88299293955485,8852500
2018-06-18,126.04336547851562,126.70462186353059,125.22953335725286,125.82295530726286,3651600
2018-06-19,121.48250579833984,124.02575429543434,120.6517149112656,123.77142685859874,6792000
2018-06-20,121.3384017944336,122.66088907247124,120.22785191186692,122.26244573413527,4128300
2018-06-21,118.28643035888672,120.71099329146318,117.93885012489201,120.59230893541923,5914900
2018-06-22,118.63404083251953,120.80427700229896,118.48992500170442,119.44787292837285,5114700
2018-06-25,115.78564453125,117.8202384428773,114.59878730310689,117.71851262798572,6078200
2018-06-26,114.90393829345703,116.42141683542702,114.68352812487271,115.9297206726206,4285300
2018-06-27,114.11556243896484,118.22715275042448,114.09013098843053,115.94670449122094,5665000
2018-06-28,115.31937408447266,115.90432336311542,112.47940782332923,113.75103219059369,4215900
2018-06-29,115.01416015625,116.86226058458742,114.93786581439603,115.81104666618076,4107900
2018-07-02,115.53973388671875,115.65841825843432,112.92019193809394,113.42884663723285,3172600
2018-07-03,113.45431518554688,116.43839699618901,113.0304404428387,116.14167950204106,1837400
2018-07-05,115.13286590576172,115.37023474818922,113.6747356247747,114.45466366926956,3366300
2018-07-06,114.79375457763672,115.17523923785501,113.02196135563335,114.53942715894789,3179600
2018-07-09,119.50724029541016,119.57506180328512,115.3787046376994,115.48043043169689,5562300
2018-07-10,119.74454498291016,120.26167238486305,118.80354308544254,120.04973513710569,3761700
2018-07-11,115.93820190429688,118.1677869391044,115.15827401787513,117.09962736467163,5231700
2018-07-12,118.1932144165039,118.45601464884263,115.99754667498436,117.41328655627557,4250800
2018-07-13,119.32072448730469,119.74459917464858,117.8965117469311,118.29494205225578,2838700
2018-07-16,117.05721282958984,119.43091321202569,116.90461124479415,119.43091321202569,3723100
2018-07-17,117.79478454589844,118.11693347918673,115.74323241079068,116.12471707958305,3306000
2018-07-18,119.63438415527344,119.95653304773562,117.2691691600017,117.83715967233393,4394800
2018-07-19,118.91789245605469,119.87318911827109,118.60230616905983,119.04584234006354,3576700
2018-07-20,116.70024108886719,118.20142346182325,116.54670382649529,118.01377403833608,5247000
2018-07-23,116.23963928222656,116.6831754547941,115.65964145381908,116.52963819643031,3542300
2018-07-24,117.68115234375,119.92440814240706,117.16085391567555,118.47438716863135,5064700
2018-07-25,119.822021484375,120.30820764557946,116.57229466770667,117.70671602890872,5041800
2018-07-26,121.61323547363281,122.44059544942282,119.47234229732987,120.05234025172827,5385600
2018-07-27,121.59613800048828,122.78173396358318,120.07789318486864,122.78173396358318,4649400
2018-07-30,119.19942474365234,125.12740784347781,118.61088882889499,124.2829980657366,13837700
2018-07-31,122.65381622314453,123.48970087762385,119.55761356433548,121.09292120568469,7608700
2018-08-01,118.16730499267578,122.03116796655384,117.8005439263697,121.94586803651232,6364500
2018-08-02,117.71525573730469,118.31232927726369,115.73642470940368,116.91349618367981,4195000
2018-08-03,118.1417236328125,118.21849877973632,116.91349047628634,117.87731205713793,3594100
2018-08-06,118.96907806396484,119.98408736769696,117.6811324096587,118.1502559973007,3125200
2018-08-07,121.4426498413086,122.24442244579497,119.6685177625384,119.93292936296605,4813000
2018-08-08,119.1652603149414,121.45967737496589,118.78142365887703,121.39145305138358,3435100
2018-08-09,118.15025329589844,120.18025884200628,117.91995390087757,119.49791147370148,3338500
2018-08-10,115.93258666992188,117.29730745249329,114.91757737743889,117.29730745249329,6268600
2018-08-13,115.16492462158203,116.62345691899056,114.9090378807387,115.93257182917175,3879400
2018-08-14,115.07962799072266,116.38463608987242,114.86639120308458,115.65963882086736,3537900
2018-08-15,112.60610961914062,113.65523118590329,110.3969661535136,113.65523118590329,5682200
2018-08-16,116.22259521484375,116.4699572219192,113.99640222587979,114.05611478446457,5539400
2018-08-17,118.84967803955078,119.5917510680669,115.5231886529041,115.70230030413862,6611700
2018-08-20,118.27818298339844,119.8817278343046,118.184358273719,119.25908004185442,3311100
2018-08-21,119.40409851074219,120.23145844193408,118.61938854800265,118.61938854800265,3021400
2018-08-22,119.09700012207031,120.00964669294198,118.86670077561374,119.68553566582654,2209500
2018-08-23,116.67466735839844,118.70468630454063,116.35908098994396,118.60233678286767,3905300
2018-08-24,117.88584899902344,118.17584794990819,116.75995234508135,117.55320008125739,2565400
2018-08-27,121.15264892578125,121.44266094739721,118.81558126444595,118.90086819967233,4770900
2018-08-28,121.11852264404297,122.62824308456489,120.68352418471518,122.32970630869016,3234000
2018-08-29,120.99909210205078,121.62173992307551,120.51290594368871,121.48526524547125,3369900
2018-08-30,118.61085510253906,120.66646131699048,118.09055670417052,120.29116240473205,4773300
2018-08-31,118.43174743652344,119.60028116771434,118.03086113174595,118.15027324285346,4552200
2018-09-04,117.91142272949219,118.5596579002587,116.79405099227017,117.5872986366384,3955600
2018-09-05,119.91586303710938,120.35087450873137,117.43378316177939,117.98820674003528,4579400
2018-09-06,120.75175476074219,121.00762853720403,119.46379601615094,119.70262021747722,4588100
2018-09-07,120.53851318359375,121.23792316991279,119.45526651783294,120.03526440819789,4173400
2018-09-10,121.16117858886719,121.55352709742559,120.85411700980468,120.92235436236793,3069100
2018-09-11,121.14412689208984,121.50236326405673,119.7282309826883,119.93294305878884,2583200
2018-09-12,123.063232421875,123.46411868435987,119.94144225590703,120.76027737064749,5630600
2018-09-13,124.13793182373047,124.92265471391552,123.26793503603501,123.7199960183498,3670700
2018-09-14,123.5920639038086,125.5538453815558,122.16764341305976,124.21472483046952,4699600
2018-09-17,124.71796417236328,126.28738419308907,123.2935436412209,123.54943045252146,3827100
2018-09-18,127.14888000488281,127.32799167733151,124.76062459098898,125.38327257250458,4496400
2018-09-19,130.29620361328125,130.5947403255716,127.40471325843728,127.73736213058957,6000100
2018-09-20,133.0597686767578,134.52683896233793,131.74623566126684,132.5565329316305,6774100
2018-09-21,133.3839111328125,134.16008333213762,132.0362527542301,133.59714797091206,5932100
2018-09-24,131.3538818359375,133.14507633967736,131.1577076046522,133.05977640523537,3844500
2018-09-25,131.43064880371094,131.78036032687024,130.33887728038604,131.45623618199645,3454600
2018-09-26,130.6459503173828,132.3347825073746,130.40712608909888,131.31124824116577,3096100
2018-09-27,130.04884338378906,131.3965013429144,128.9655969392184,130.51796688458265,2674100
2018-09-28,130.06591796875,130.4241542165119,128.41972317135972,129.64796917222398,3599900
2018-10-01,129.88682556152344,131.78036978014237,129.37505192921515,131.02124713501632,3736300
2018-10-02,132.0532684326172,132.5309166978813,129.2214779814955,129.8953004239347,4344000
2018-10-03,134.9533233642578,135.9342075570388,132.88065464954622,133.05977930980742,6043300
2018-10-04,133.6995086669922,135.23481663266432,132.37743755724827,134.79128032814907,4130800
2018-10-05,130.76536560058594,133.7506815414275,129.31535760373754,133.49479471493788,4955100
2018-10-08,130.7994842529297,131.0638958549505,128.6927032101302,129.60535012726467,3463200
2018-10-09,127.48150634765625,130.16828507688865,127.15738221608743,130.16828507688865,4996900
2018-10-10,122.58556365966797,127.2341229566985,122.58556365966797,126.83323676082276,9419300
2018-10-11,120.23998260498047,124.43648178301723,119.27614798572559,121.92881462438652,7608300
2018-10-12,121.17822265625,123.16557830546692,119.19937877925398,122.84146719901858,5596200
2018-10-15,120.94792938232422,122.12498780265305,120.36791845228348,121.11851623882694,3741700
2018-10-16,122.57708740234375,122.73061170072437,120.49589348021358,122.27002579063692,3573400
2018-10-17,120.55560302734375,122.4150354453851,120.35942873594999,122.03973644275584,4807500
2018-10-18,115.8302230834961,120.09495874183585,114.69580183658486,119.54907309816598,10250200
2018-10-19,112.72289276123047,117.53841013791605,112.67997097988214,116.90321492636029,7055100
2018-10-22,110.48249053955078,114.27654213159937,110.43956876653695,113.89025927236108,7858900
2018-10-23,102.13044738769531,105.15195370654354,99.24627899068597,102.73131307501191,24113300
2018-10-24,96.4307632446289,104.41372943381245,96.35351190196451,103.00598154330282,15304200
2018-10-25,99.2548599243164,100.50809877289451,96.56812251766726,98.56815720466885,13568900
2018-10-26,98.75699615478516,99.94156268963437,96.4479431020633,97.94152813277658,10820400
2018-10-29,97.83850860595703,101.58963856111272,96.19040807698883,100.32781435645691,8069600
2018-10-30,100.82568359375,101.0660298269193,97.08313255140136,97.85567869297675,8057600
2018-10-31,104.1390609741211,105.48672248384682,102.37079348400762,102.49955228790647,10341300
2018-11-01,107.0404052734375,107.49535396768161,103.81288846760576,105.2292158108349,10138900
2018-11-02,107.97602844238281,110.13057220643019,106.66270313426783,109.05759315745462,7683900
2018-11-05,108.50823211669922,108.97175331862701,106.91163871334244,108.23354318378702,4844200
2018-11-06,111.01470184326172,111.16062541684998,108.42238088813959,108.49963878229723,4728200
2018-11-07,115.96755981445312,116.07056159314455,112.34518215442561,114.61131297084168,7551900
2018-11-08,112.78296661376953,115.62421287205933,112.36235413616235,114.87742368938406,6269400
2018-11-09,108.93741607666016,111.24646900196707,107.92452362920766,111.23787678723808,7248400
2018-11-12,107.29790496826172,110.2249949592892,106.94596469647252,109.16918069286598,5870100
2018-11-13,108.12195587158203,111.40955881751887,107.53825498619562,107.72710035337131,5820200
2018-11-14,107.38372802734375,110.73142353709102,106.20774733304114,109.24641784377937,5516300
2018-11-15,111.09195709228516,111.83016720089446,105.69272573929113,106.71420388819239,5815200
2018-11-16,111.55551147460938,113.23793558942572,109.91599605111368,110.55119137903999,5957700
2018-11-19,108.13912963867188,111.15205681701484,107.81293979750033,110.86019654433471,5385600
2018-11-20,104.95453643798828,106.41379216128054,104.06182345654175,106.31078379467716,7746200
2018-11-21,106.32795715332031,108.34515689116088,105.16055517205297,105.42665193799253,4759500
2018-11-23,104.99746704101562,106.4824733433674,104.35367943083553,104.68844846421348,3130100
2018-11-26,107.1262435913086,107.97604126531239,105.71849543578801,106.13910143923198,4696600
2018-11-27,106.9545669555664,106.9545669555664,105.05754048729511,106.43953824160579,4049400
2018-11-28,112.25077819824219,112.25935731526741,106.30217562761943,107.55542090139636,5745200
2018-11-29,111.78723907470703,112.37094645433059,109.52110797887913,112.27652377959242,4999600
2018-11-30,116.45685577392578,116.71437337252404,111.45247977654873,111.63274602493425,8458200
2018-12-03,119.27235412597656,122.2423660375878,118.91183472015487,121.7874239470588,9365800
2018-12-04,111.00611114501953,118.52554254605286,110.76575182184068,118.52554254605286,8113400
2018-12-06,110.190673828125,110.46536280550956,106.4824643186731,107.48677133368905,6595200
2018-12-07,106.05323791503906,111.57263513230109,105.36652879415554,110.81726688742758,6413700
2018-12-10,105.91590881347656,106.75712728096435,104.00171783121868,105.07469689493325,5970900
2018-12-11,105.78715515136719,109.8558966737256,104.93735752535719,109.1691874200349,4449900
2018-12-12,107.61550903320312,109.8473041448589,107.38374189125962,107.93310664031506,5544100
2018-12-13,108.07046508789062,110.82587485585124,107.33225488288552,108.54257200108073,4544100
2018-12-14,108.81725311279297,109.64988600029051,105.70990961381676,105.94167023404368,4483300
2018-12-17,106.84295654296875,109.57261534493244,106.1648330380374,108.8429909443423,5662300
2018-12-18,106.67127990722656,110.51683961578105,106.09616472136096,108.04469829888876,5377900
2018-12-19,105.00604248046875,110.68853637477865,103.69271693146898,107.3580111535072,6416500
2018-12-20,104.33650207519531,106.90306653825978,103.65837842161362,104.49959046351313,7563500
2018-12-21,103.06605529785156,106.20774048805787,102.63686376141528,104.49097434231273,10034100
2018-12-24,100.38790893554688,102.65403997644991,100.14756269620017,101.43513744893798,2986600
2018-12-26,107.09193420410156,107.10051332441375,99.64974380167486,101.2892595359633,5093700
2018-12-27,108.73143005371094,108.7486013901229,103.80431088378332,104.55110684299974,4599000
2018-12-28,107.821533203125,110.08766472501077,107.34084062240537,109.12627301462625,3813500
2018-12-31,109.07476806640625,109.9674875039008,106.86872319887719,108.6713268587078,3455200
2019-01-02,108.48247528076172,109.77005018547428,105.58114218642949,106.46527590650098,4783200
2019-01-03,104.30217742919922,107.72712564591008,103.38370737688516,107.56403069070369,6165800
2019-01-04,110.00180053710938,110.37949123629512,106.18199796195911,106.5854391090086,5456600
2019-01-07,110.07047271728516,111.24646659341175,108.75714748523956,110.37949118940695,4653400
2019-01-08,111.39240264892578,112.87740206572742,110.07048505417443,111.50398356949815,4202600
2019-01-09,111.82159423828125,113.49543902496113,111.51257573167192,112.52546172129225,4865600
2019-01-10,114.13063049316406,114.26796184410055,109.22925689609208,110.3966585153214,3418500
2019-01-11,113.39241790771484,113.58126324613693,111.63272985308404,112.516863438475,2908600
2019-01-14,113.13491821289062,113.6413612014158,110.84303644143442,111.8559224184848,4482300
2019-01-15,112.18209838867188,114.25938408472766,111.21212121692771,113.4010009162143,3224100
2019-01-16,113.0147476196289,113.75295777630673,111.79584491402404,112.24219479637651,3636900
2019-01-17,115.48692321777344,116.65432543199657,110.86882837886094,111.99330879371452,6878500
2019-01-18,118.00950622558594,118.97707624644087,115.46962173868883,116.71364786958968,6122400
2019-01-22,114.24285888671875,116.57540091288003,113.31847374855572,116.56675342199766,5188700
2019-01-23,113.88004302978516,115.32276380639229,112.43730907102464,114.93399573892736,3123600
2019-01-24,114.66619873046875,114.89082264681558,113.34442407717664,113.5258500725218,3943600
2019-01-25,118.23409271240234,118.26000881964207,115.66829263846897,116.42853360323447,6417400
2019-01-28,107.44391632080078,110.40711208851782,106.38995068460477,109.70734423682,17421400
2019-01-29,109.30998229980469,110.91684735755115,108.51519067304842,108.51519067304842,8550800
2019-01-30,112.4027328491211,113.47398029763177,109.11988967143382,110.51941880128317,7181600
2019-01-31,115.03768157958984,115.19317827194293,111.4783812739301,112.58419265333183,6643300
2019-02-01,113.0938949584961,115.64241406062298,112.4027677827953,114.92537076927192,5646700
2019-02-04,113.06796264648438,113.43943570569635,112.3941173717932,113.06796264648438,4541700
2019-02-05,114.0355224609375,114.12191828111695,112.82606007133356,112.85197618095712,3614500
2019-02-06,112.77424621582031,114.12195020399,112.6187495145825,113.40490687880938,3098200
2019-02-07,111.25373077392578,112.68781682966922,110.02698674935053,111.6943177602399,3682100
2019-02-08,111.0982666015625,111.0982666015625,109.32725746650166,110.13068994659646,3135000
2019-02-11,111.38335418701172,112.3682193276203,111.17602525817175,111.40063599179994,2648100
2019-02-12,114.61432647705078,115.38320174664749,112.30770066826067,112.53231132402315,4505600
2019-02-13,114.98582458496094,116.03114283306611,114.42427811404072,115.93611270304278,3189600
2019-02-14,114.57112884521484,115.11539346035107,113.40486447554451,113.84545147979995,2877500
2019-02-15,117.6639175415039,117.70711544965872,115.48687215557956,115.84972403835928,5217500
2019-02-19,117.318359375,118.33776144927249,116.62723239843102,116.92960457010201,3881300
2019-02-20,121.21456909179688,121.54285737434537,117.78486347113731,117.82806137918067,6199000
2019-02-21,119.97918701171875,121.79338045515179,119.57315041629914,120.7307804967017,4051100
2019-02-22,119.806396484375,120.67894938907884,119.15846742388428,119.89279229863396,3485000
2019-02-25,122.16487884521484,123.14973057927456,121.10226559840306,121.80204012026144,4444100
2019-02-26,119.20169830322266,120.10880187525238,116.86052136573083,117.94903774287404,7275600
2019-02-27,120.58393859863281,120.6357708226379,118.47600694140894,119.09801999377508,3441000
2019-02-28,118.64878845214844,120.08287486970478,118.47600997365858,119.69411999756437,4024000
2019-03-01,118.7611083984375,120.51483577849127,118.30323946761483,119.96193670077216,3811000
2019-03-04,119.52132415771484,120.74806831359791,118.44144234632296,119.91007897338572,3859800
2019-03-05,118.47599029541016,119.61635179191032,118.35504406234051,119.27078171017507,3122900
2019-03-06,116.48038482666016,118.92523907174464,116.39398900032835,118.82156144371599,3886000
2019-03-07,114.72663879394531,116.46308388780352,113.70722357577942,116.09161089635208,4290800
2019-03-08,113.47399139404297,114.14783662172835,112.5064082812973,112.73966645461967,4238000
2019-03-11,114.99447631835938,115.24500314520765,113.68998359233579,113.95779222239365,3914800
2019-03-12,114.45018768310547,115.22771047944826,113.96640275141701,115.10676424652615,4208800
2019-03-13,115.33140563964844,116.03116711528365,114.63164416401322,115.74607666555185,4285200
2019-03-14,115.49552917480469,115.82381748528381,114.05280856203613,114.76120422204407,3742200
2019-03-15,114.61432647705078,116.22119102928266,114.01822964897522,115.65101030832777,7049900
2019-03-18,115.8497543334961,115.9361369902443,114.49341611922242,114.64027849963317,4095400
2019-03-19,115.89291381835938,117.24061742794724,115.34001484345846,116.92961093068102,3315900
2019-03-20,114.9080581665039,115.89290984371203,114.08735063252229,115.61646695681812,3522100
2019-03-21,115.815185546875,116.28170196464302,114.04417638579233,114.17377013835173,2635700
2019-03-22,112.10901641845703,115.15860166987179,111.86712394167607,114.89079308358939,5745800
2019-03-25,113.49993133544922,114.03554863346852,111.64252623250539,111.9535328015192,3199800
2019-03-26,113.8973159790039,115.38323472870273,113.28395035895204,114.6316410430617,2638200
2019-03-27,113.3443832397461,114.44154676354339,112.52367576502999,114.26876832394262,2378300
2019-03-28,114.35518646240234,114.7266727459409,113.30986800982649,113.94914975307498,2487200
2019-03-29,117.050537109375,117.7330165152771,115.43502518942601,115.76331343087591,4681600
2019-04-01,121.16272735595703,121.26639178139614,117.76758560132893,118.95113173225785,5081500
2019-04-02,121.11090850830078,121.54286123816438,120.28155346681615,121.07634490790703,2529000
2019-04-03,120.30743408203125,121.42187917829203,119.57312256719595,120.81714817132551,4821800
2019-04-04,121.05909729003906,121.69837900455694,120.08287973291404,120.2038259909704,2988900
2019-04-05,121.25775909423828,121.94023854108501,120.87763861968067,121.89705381800792,2812300
2019-04-08,120.79127502441406,121.05043613231209,119.74594355466807,120.94677168915288,2497300
2019-04-09,117.79351043701172,120.00510622460561,117.55161797162806,119.78048237664171,3316500
2019-04-10,118.81298065185547,119.40044353479249,117.73309824704899,118.4933396783234,3310600
2019-04-11,119.97055053710938,120.59256354115861,118.33776969701803,118.86475257038886,2762900
2019-04-12,121.98345184326172,122.60546484702208,120.7826237464205,121.8106733826953,4383000
2019-04-15,121.16272735595703,123.04603472289939,120.6616606627518,122.3894713915355,3030200
2019-04-16,122.70053100585938,122.85604089353717,120.59259889440898,121.43058851547173,2672800
2019-04-17,123.3138656616211,124.83433447084747,123.07197319611123,123.53847632755148,3469400
2019-04-18,124.6001968383789,125.8256902332846,123.7832012417751,124.11347944347987,4504500
2019-04-22,123.7484359741211,124.44373892947465,122.92274050604466,124.2438399929132,3637500
2019-04-23,123.44427490234375,124.40033669917334,122.93148414861628,123.41820169534462,5930500
2019-04-24,119.7069320678711,121.94063352519765,118.6900374503287,121.46260274035585,8694400
2019-04-25,118.3163070678711,119.47226754241424,116.54324992569413,119.11591613240113,5094700
2019-04-26,120.83683013916016,120.83683013916016,118.1077243618787,118.69004800170633,5119200
2019-04-29,120.82811737060547,122.07098399093566,120.65429163334963,121.2453017924302,3374300
2019-04-30,121.17577362060547,121.67987756195149,119.5765555555414,121.67119091646514,3862000
2019-05-01,120.07196044921875,121.61903212833542,119.62870280926542,121.31484038948464,3652000
2019-05-02,117.48192596435547,120.41093034565922,116.79530959969597,120.39355705383329,5405700
2019-05-03,120.8628921508789,120.98457150820191,118.02949382346883,118.30761238504056,4154800
2019-05-06,118.8638687133789,119.49835199448121,116.7344732227299,117.14297107032225,4866500
2019-05-07,116.17821502685547,118.2033175737943,114.77889581038939,117.50800128859625,5622900
2019-05-08,114.68327331542969,116.83005491175253,114.54420742579305,115.61326153256488,4140500
2019-05-09,114.03141784667969,114.44860225708192,111.4066055212068,113.17966247400958,5906200
2019-05-10,114.15310668945312,114.49207153776047,111.18064265151466,113.4491037938959,5240600
2019-05-13,108.90350341796875,110.83299323257854,107.84314903749927,110.82430658626683,8580700
2019-05-14,110.78955078125,111.7369125406574,109.25116546432108,109.94648183585244,4019100
2019-05-15,110.64178466796875,111.21541496791195,108.62537539451313,109.433677759318,2875900
2019-05-16,110.04206848144531,111.71081951985306,109.87692938052062,111.62390001555974,4316600
2019-05-17,106.69586944580078,109.10338977042527,106.31344485939505,108.10387518479106,6122600
2019-05-20,106.4090576171875,106.93054150221431,105.43561616905073,105.65290167373085,6312500
2019-05-21,108.59928131103516,108.70358072962223,106.66109852390203,107.19127563075632,5492900
2019-05-22,107.39120483398438,109.02519636399606,107.35643835132151,107.99091505561876,4620400
2019-05-23,106.26129913330078,107.56501208860031,105.52252978483645,106.12223323517588,4964900
2019-05-24,106.81756591796875,107.84315386602745,106.21785574422273,107.3564297786421,3802500
2019-05-28,105.67897033691406,107.30426822932306,105.60944401798173,106.81755084166136,4889400
2019-05-29,105.58336639404297,106.75670669356306,104.52301216020086,104.731604370309,5330000
2019-05-30,105.89627075195312,106.62635356733385,105.409553295718,105.69637178143999,2878300
2019-05-31,104.13191223144531,104.94890792229315,103.20193045547025,104.11453230720572,4711500
2019-06-03,104.86197662353516,105.76588503889552,104.08844082567396,104.21881344317313,4161800
2019-06-04,106.1048812866211,106.70458489506473,104.94892057005475,105.87020917942377,4060400
2019-06-05,107.00877380371094,107.46072476143723,106.00056582189634,107.25213252179647,3598400
2019-06-06,107.2434310913086,107.73014849047723,106.23522981716965,106.99137911501705,3295700
2019-06-07,108.17340850830078,109.19030301910168,107.84313694773203,108.10387555943568,2547500
2019-06-10,109.2859115600586,110.62439101541115,108.85134056667245,109.05124614128201,3705000
2019-06-11,110.62439727783203,112.64081316707858,110.34627209156139,112.11932264067207,4516200
2019-06-12,110.46794128417969,110.83297931426243,109.58141940668916,110.16374292577738,3034600
2019-06-13,110.52877807617188,111.59781894085125,110.17243333162098,110.6852238894209,3495200
2019-06-14,110.5809326171875,110.94597064276383,109.07731413418007,110.04206222393664,2530100
2019-06-17,110.65917205810547,111.45008792205265,110.10292164382693,110.56356589649248,2607900
2019-06-18,113.27528381347656,114.16181240881677,111.43270693011326,111.59783277780397,4756100
2019-06-19,113.51863861083984,114.32693431545201,112.8754687482262,113.26659326290137,3847200
2019-06-20,116.14346313476562,116.2912157004053,114.30087286349023,115.50897985271436,3803600
2019-06-21,116.36943817138672,117.55147198765987,115.20479091092746,115.90010726086277,5742500
2019-06-24,116.78659057617188,117.29069445976388,116.0739011283712,116.15212071494945,3197700
2019-06-25,116.2129898071289,117.25595761890295,115.27431479791568,116.96913914980541,3751800
2019-06-26,117.46456909179688,117.8991402142409,116.6215000532908,116.69103302432883,3343700
2019-06-27,117.76876068115234,118.21201840088861,116.43897425988689,117.94258645779068,3594400
2019-06-28,118.45536041259766,119.30712914333701,118.20331506137384,118.20331506137384,10469400
2019-07-01,118.72482299804688,121.82765357736163,117.30811704965025,121.07150415069925,4834800
2019-07-02,118.07296752929688,119.06378905943956,117.39503770667592,118.72482414812909,3204900
2019-07-03,117.84698486328125,118.62052087207985,116.75187049212305,118.58576102022631,2538600
2019-07-05,117.76004028320312,117.84694651558604,115.78708446557619,116.83873873316364,3071800
2019-07-08,117.1950912475586,118.316291731378,116.83873988373674,117.46452311608873,2742100
2019-07-09,116.7170639038086,116.84744315049528,115.90008163001754,116.56062472224862,2618700
2019-07-10,115.28301239013672,117.76007278259326,115.20479278078922,117.09951627150804,3933300
2019-07-11,116.4302749633789,116.47372145627581,115.23954133555563,115.76971851703908,3164200
2019-07-12,120.25448608398438,120.27187263713314,116.98651698089425,117.08212313013101,4149800
2019-07-15,121.36700439453125,121.67120943956967,120.16758403210753,120.27189010409407,4498700
2019-07-16,120.88892364501953,122.21870947058007,120.08062817781834,121.16705537269137,4051600
2019-07-17,117.96865844726562,120.38487252522827,117.96865844726564,120.11544058490284,3750200
2019-07-18,117.23858642578125,118.14248844453884,116.49981027869569,117.22119986905793,3548200
2019-07-19,119.31427764892578,120.03246442587955,117.55386474293786,117.55386474293786,4837100
2019-07-22,118.44721984863281,119.69089648624004,117.88668934486475,119.43689837559903,3267800
2019-07-23,120.95209503173828,121.06594381278929,118.70120613693138,119.05153269479864,4122200
2019-07-24,115.53068542480469,117.63267111336876,112.50030913695743,114.71615694971922,12664900
2019-07-25,117.98303985595703,118.1494362943928,114.74245886024131,114.80377336185109,4823200
2019-07-26,116.415283203125,118.00053283661383,116.16129846796689,117.75530158746089,4238000
2019-07-29,117.76407623291016,117.93047266262786,116.35398977489037,116.9145202906441,2715600
2019-07-30,116.44157409667969,116.98459768293137,115.16287001921226,116.76564022379354,3257200
2019-07-31,115.32051849365234,117.68525649268426,114.74246756648134,116.39778550221402,4322000
2019-08-01,111.04646301269531,116.65177516343977,110.72240357570318,115.29423627777271,5530100
2019-08-02,109.07583618164062,111.05521325703374,108.16497245386725,110.83625582291661,5968600
2019-08-05,106.54467010498047,107.56062894656253,105.38857532273911,106.94755091130176,5482500
2019-08-06,106.92131805419922,108.29637075896248,105.66012083330227,107.53439632432858,3713900
2019-08-07,105.78272247314453,106.15056938648948,103.91720739942278,105.09957629634646,5048700
2019-08-08,106.8687515258789,106.93881951505948,105.42363767082436,105.97540805100603,3734800
2019-08-09,104.55655670166016,106.58848152341064,104.05733399448162,106.42207840905174,3805600
2019-08-12,102.2268295288086,104.24999371801906,101.6575389660554,104.17992574800802,4321500
2019-08-13,104.23248291015625,106.85121155180445,102.28814012262663,102.41951589946909,4331900
2019-08-14,100.90435028076172,102.38450477844526,100.75546081871279,102.10423951021447,5543100
2019-08-15,100.93936157226562,101.24590059637886,99.81830075148032,100.79047214370343,4171900
2019-08-16,101.97286224365234,103.23405927365454,101.5261871818514,101.81521261490207,3551900
2019-08-19,102.78738403320312,103.77706928405078,102.21809333692487,103.54059818236186,2630900
2019-08-20,102.18305206298828,103.16398375717549,102.00788879140686,102.98881380354358,2402000
2019-08-21,103.06764221191406,104.50400242504884,102.94502658508918,103.34790745637815,2783000
2019-08-22,103.2515640258789,104.17118789463143,102.66475972359513,103.63693123671622,2118200
2019-08-23,99.89714813232422,102.38450832072445,99.24903593000181,101.81521759560756,6102000
2019-08-26,100.2124252319336,101.30721227567186,99.70444243994709,100.7729556637636,5200400
2019-08-27,99.30158233642578,101.12330996113842,99.10014522028088,100.86056502502967,3160700
2019-08-28,100.59782409667969,100.67664558127274,97.87399253932101,98.84616427494687,3187900
2019-08-29,103.1464614868164,103.46176071539156,102.02540053279378,102.13926267103226,3442900
2019-08-30,104.2237319946289,104.74046829881483,103.7420229974639,104.24124564813937,2912000
2019-09-03,102.49836730957031,103.26034169228966,101.07076704521842,103.26034169228966,3780600
2019-09-04,104.31134033203125,104.43395598414705,103.57564641933646,103.71577572944658,3688400
2019-09-05,107.71831512451172,108.81310247506346,105.53750059318715,105.53750059318715,5355100
2019-09-06,107.46430206298828,108.9006622437195,107.25410480489478,108.34889193545519,3315700
2019-09-09,111.44934844970703,111.57196409418384,107.90223488320224,108.06864469301426,4433300
2019-09-10,114.11184692382812,114.11184692382812,111.42305666609646,111.45809065630816,8479700
2019-09-11,116.56417846679688,116.6517667876228,113.3936790415997,114.60232837566997,7592600
2019-09-12,115.39058685302734,116.21386907964705,113.91919906731816,115.6095443233367,5594600
2019-09-13,117.16847229003906,117.35240236971461,114.8475294042401,116.31016310111502,3704900
2019-09-16,116.6167221069336,117.1860194445393,115.60076978640673,116.47659950816846,2876500
2019-09-17,115.7584228515625,116.27515922523723,114.90011339107372,116.12626976320055,2888900
2019-09-18,114.7950210571289,115.80222000567203,113.61264545309784,115.28548361864912,3005700
2019-09-19,113.96295166015625,115.63578952661679,113.74399424404676,115.14532705278755,2725700
2019-09-20,112.24634552001953,114.72494535049665,111.99235408716014,113.86662256147099,6412300
2019-09-23,112.47406768798828,112.87695529903124,110.65233999702997,111.52816984667706,2723500
2019-09-24,110.34579467773438,112.98204424782459,109.97794776527093,112.75433331080498,3370700
2019-09-25,110.8888168334961,111.07274029847541,109.49624391000776,110.22318428258181,2354100
2019-09-26,110.69610595703125,111.160294589941,110.04799390440537,111.0464391440357,2227400
2019-09-27,110.87128448486328,111.56319078696117,110.05676923477856,111.23037788858082,2214300
2019-09-30,110.62604522705078,111.31795147912713,110.24943819571936,110.65231904843783,2795300
2019-10-01,107.1752700805664,112.54410309913519,107.11396227612124,111.58069187983264,3718200
2019-10-02,105.06452941894531,106.71984700806665,104.5215126024628,106.10676889433664,4255800
2019-10-03,105.13459014892578,105.15210380151748,102.69102466632046,104.52150539541935,3110200
2019-10-04,106.01042938232422,106.10677118542635,104.53027502743714,104.85433442714893,2442300
2019-10-07,105.3185043334961,106.58845451958342,104.88058955456265,105.8440007318064,2334500
2019-10-08,103.3216323852539,104.39889919106217,103.07640113456748,104.03981248314288,3530000
2019-10-09,104.60910034179688,105.15211047324014,103.34790344957982,104.65288781707926,2557300
2019-10-10,107.45555114746094,107.75333004671235,104.88936978475981,105.13460103874345,3242900
2019-10-11,112.45653533935547,114.19068787861363,109.82905275306518,110.01297620000297,6747800
2019-10-14,112.43903350830078,112.59667645684164,110.36331448584903,111.06397431355117,2851500
2019-10-15,114.75995635986328,115.32924027873416,111.7996545899453,112.09743345938239,3289000
2019-10-16,114.0242919921875,116.31896195653248,113.9542239994613,114.73371204289855,3038300
2019-10-17,115.67082977294922,116.36272932511412,114.01549888369512,114.70741179996007,3418300
2019-10-18,115.3795394897461,116.54471483070367,114.74398440589827,114.88520839297378,4329200
2019-10-21,116.72127532958984,117.7981875506077,116.0768978429636,116.47411647255107,4225200
2019-10-22,118.0100326538086,118.51317261211065,115.58256923940552,117.03904190038887,4681600
2019-10-23,119.46650695800781,120.04027912715559,115.37071462486294,118.48669390031503,11295900
2019-10-24,118.1512451171875,119.42234164928203,116.85365478001906,119.24580158669752,3916200
2019-10-25,123.34162139892578,123.5622998952585,119.0339863095306,119.16638801967164,8319500
2019-10-28,123.63290405273438,125.01877131148557,122.58247237898433,123.5534630360167,6174000
2019-10-29,124.75399017333984,124.85991155929125,122.494244145385,123.03270030588585,4427900
2019-10-30,123.88007354736328,124.462667991835,123.23569612983029,124.462667991835,3948100
2019-10-31,121.63798522949219,123.88007274022749,120.39335532508812,123.02383912960732,4037600
2019-11-01,127.5433578491211,127.64927922492392,122.90027332893455,123.02385275708698,6220200
2019-11-04,129.68833923339844,129.75895796967956,128.01118802144904,128.30248525767857,5437800
2019-11-05,129.2028350830078,130.6416631152825,128.58493801885928,129.6353697624847,4516700
2019-11-06,128.4260711669922,129.29112715913175,127.69341689385196,129.29112715913175,3736600
2019-11-07,129.767822265625,131.0036303468458,129.5383214002838,130.10325800425153,3816700
2019-11-08,130.78289794921875,130.80054252987844,128.69969255400562,129.4588270658836,2776600
2019-11-11,130.64161682128906,130.7740184777083,129.4146454182872,129.52940249994455,2205100
2019-11-12,129.17637634277344,131.05656165943037,128.89391483870722,130.73878404913833,2843100
2019-11-13,127.5433578491211,128.75267178669486,126.83718391575819,127.42860071256973,3194400
2019-11-14,126.61649322509766,128.29364437001772,126.41347278462014,127.29618674913516,2581700
2019-11-15,128.2671356201172,128.77028893364295,127.56096191107868,127.60510029335794,2827400
2019-11-18,126.74890899658203,127.79934088597759,126.24576898493446,127.32268121867212,2638600
2019-11-19,126.386962890625,127.78165239337426,126.01622468900473,127.4197499505283,2085100
2019-11-20,124.92166900634766,125.96326489402207,123.66821694377502,125.74258642943228,3484700
2019-11-21,126.54586029052734,127.05783594878913,124.41851664218383,124.94815034911527,3297700
2019-11-22,127.00492858886719,127.51690446205755,126.25461610058898,127.04023123188189,2258300
2019-11-25,129.2469940185547,129.37940921208573,126.93428743834387,127.77286312078193,3085200
2019-11-26,128.95567321777344,129.44999085744087,128.42605294776357,129.22931237765036,2468100
2019-11-27,128.60260009765625,128.62908043915314,126.84599445319932,128.01118335564823,2660200
2019-11-29,127.75516510009766,128.39955587489465,126.92541196915425,127.27850557229173,1652500
2019-12-02,126.19280242919922,128.9115497623357,126.08686758760835,128.17007321693487,2896200
2019-12-03,123.63290405273438,123.95950387867029,122.3088332308602,123.62408176281404,3839600
2019-12-04,123.68587493896484,125.59254031242513,123.57995357459906,124.44500947826036,2484600
2019-12-05,124.50682067871094,124.56860365886578,123.16509153806906,124.09194399357266,2277700
2019-12-06,125.98092651367188,126.5988235382096,125.49543118398331,126.14864430657747,2271400
2019-12-09,126.07804870605469,126.47526733260882,125.67199431879325,126.20162813363036,1585100
2019-12-10,126.11331939697266,126.7488744261323,125.12468422678832,125.95443737425475,1888900
2019-12-11,127.11082458496094,127.65810299179671,126.48409167620734,126.90780412261019,2265700
2019-12-12,129.5647735595703,130.11205198738406,126.228115363848,126.7047750478877,3714100
2019-12-13,128.4613800048828,130.99476512447117,128.12594434169205,129.58243066674567,3311700
2019-12-16,128.31129455566406,130.90647560732668,128.19653743718453,130.38567763278087,2414800
2019-12-17,129.2028350830078,129.7501268848072,128.39957563418764,128.4348782653622,2850800
2019-12-18,129.86485290527344,130.02374839684913,128.5231375964815,129.31757464692788,2629500
2019-12-19,128.01119995117188,129.74131200927943,127.37564473455947,129.74131200927943,3576800
2019-12-20,130.2620849609375,130.43862503121488,128.20536014280316,130.09436717997357,6805400
2019-12-23,131.0830078125,131.10948815068815,129.56473890037248,130.35917598430558,2346500
2019-12-24,130.18264770507812,131.34783656753484,130.01492990192338,131.2595597861442,966200
2019-12-26,130.8358612060547,130.84468349655828,129.75012683169913,130.55338628019052,1576900
2019-12-27,130.88882446289062,131.46258314726668,130.6328433417918,131.20660202616787,1544500
2019-12-30,130.21798706054688,131.05656275693366,129.76779425186007,131.0124243583558,1789200
2019-12-31,130.3591766357422,130.84467195352502,129.5735618375644,130.1384981703086,1952500
2020-01-02,132.87493896484375,132.89259701642044,130.6240155435311,131.52438760588552,3311900
2020-01-03,131.03004455566406,132.3717733637323,130.15615300523214,131.32134173914136,3100600
2020-01-06,130.94178771972656,131.13598587161118,129.35289987210075,129.99729077114804,2549600
2020-01-07,129.211669921875,130.26210165801484,128.44369964055628,130.06790351507408,2841900
2020-01-08,130.3591766357422,131.14480490306462,129.2822781160393,129.60887793475476,2153200
2020-01-09,130.03256225585938,130.61515657195932,129.32638855172095,130.473919137303,2272500
2020-01-10,128.99098205566406,130.3944938755254,128.72616520099433,130.15615735940816,2393700
2020-01-13,129.60008239746094,129.60890468900735,128.47903179028722,129.3440877819938,3355200
2020-01-14,129.4764862060547,130.62401712781306,129.14988632823272,130.1561797739584,2742200
2020-01-15,128.49668884277344,129.52946264985815,128.17007549003407,129.07044757921585,2640500
2020-01-16,130.5269012451172,130.57986192452555,129.08808673432438,129.25579106273568,3070900
2020-01-17,131.3624725341797,131.7980411745171,130.3135704043702,130.8558033796378,3331500
2020-01-21,129.6469268798828,131.442506975833,129.5046986850668,130.84694166912155,2476700
2020-01-22,126.78462219238281,130.27801502390616,126.68684202448748,130.00245643173503,3602400
2020-01-23,126.89132690429688,127.3002296174842,124.2690570119951,126.05575312437871,3182700
2020-01-24,124.7845687866211,126.84682266469082,123.78898532073187,126.71349225407391,2526200
2020-01-27,120.65116882324219,122.50009433691413,120.50895421728649,121.691186881503,2920500
2020-01-28,121.54896545410156,122.31342486816348,120.55338188653606,121.79785795508693,2763800
2020-01-29,120.69560241699219,122.45563172371534,120.59782225752849,122.30451939793024,2620000
2020-01-30,120.33114624023438,120.86449502350551,118.14444606879329,119.78891328390381,3862600
2020-01-31,116.75778198242188,119.9933985443106,116.03775689265967,118.95338038837772,6785700
2020-02-03,115.35328674316406,118.36667626908438,114.93550001436367,116.83775750913898,4385300
2020-02-04,118.67778015136719,119.80669404575507,117.93998688581435,118.22444318446632,3501600
2020-02-05,122.17120361328125,122.19786969963549,120.39339218366686,120.49117235484064,4448100
2020-02-06,122.00231170654297,122.96233152465568,121.00674162714832,122.84676943914558,2283800
2020-02-07,118.55335235595703,121.32674744480279,118.22446157764237,120.92672901713635,3812300
2020-02-10,119.39781188964844,119.4066960631301,118.02888961054818,118.26000019368423,2331600
2020-02-11,121.06006622314453,121.98452215848407,120.05559846858513,120.43783496247136,2381900
2020-02-12,124.08233642578125,124.39345882872463,122.74897795080756,123.02453653212231,3222000
2020-02-13,124.1978988647461,124.89124418867516,123.05120297727765,124.44679136238095,3318800
2020-02-14,122.66008758544922,124.10899447788348,121.6822860083021,123.99344597412824,2813400
2020-02-18,121.40674591064453,123.17567319158138,120.07338731916325,122.18898729134023,3869700
2020-02-19,121.65560913085938,121.96673148606044,120.94448200727246,121.59337923437047,2134900
2020-02-20,121.71783447265625,123.46009537621632,121.06893719753019,121.12226936211277,2678200
2020-02-21,121.96675872802734,122.1712032440001,120.10005130712473,121.335629704427,2855600
2020-02-24,117.48665618896484,118.9889088827888,117.3799918530893,117.80666276021506,4964800
2020-02-25,114.66883087158203,118.34889978491576,114.00215162232865,118.19778744938654,4840200
2020-02-26,114.00214385986328,116.43775010086527,113.37991264898632,115.24660628161722,3902500
2020-02-27,109.57540130615234,114.25104712950356,109.53096009078678,111.64655318929184,7369000
2020-02-28,110.43763732910156,110.43763732910156,105.80643965307735,106.28644952342349,8300700
2020-03-02,113.42435455322266,113.67324703909428,109.34428105594525,111.15764931533909,6100200
2020-03-03,110.56210327148438,115.16663568291621,110.02876113670887,112.89103895757368,6358100
2020-03-04,113.24657440185547,113.28213143954899,110.49985258088199,112.0643283303392,5074700
2020-03-05,108.41983795166016,110.97988413016098,107.77093375496598,109.46874703249694,6015300
2020-03-06,107.92204284667969,108.31315673780846,105.628664543764,105.77977688310494,5767900
2020-03-09,92.50841522216797,100.43745237805844,92.47285818062169,100.43745237805844,8636200
2020-03-10,94.65957641601562,96.94406404284953,88.09945407613547,96.57072523577466,8293200
2020-03-11,89.50392150878906,93.11287665825103,88.95279750620892,92.2684189144096,6543600
2020-03-12,82.01045227050781,83.8060390301761,77.77925869840679,83.11269358058327,10285900
2020-03-13,88.57054138183594,88.81054965897127,80.12593933163906,87.45940953312582,8718600
2020-03-16,83.03267669677734,94.0906579283352,78.66814687478254,79.1125996819847,9899000
2020-03-17,89.06834411621094,89.28168635678963,82.64156001409344,85.34383402511611,7206100
2020-03-18,88.99722290039062,91.51282036206328,82.7659933205291,83.54822773488887,6995100
2020-03-19,91.56617736816406,92.80175573933879,86.44607867571312,88.20611493249109,6870800
2020-03-20,84.89049530029297,92.43730287886704,83.69936490422894,91.66395925156985,7650300
2020-03-23,81.64598083496094,85.54827601173999,80.57040583547948,83.46824009087794,6737500
2020-03-24,90.08170318603516,90.6950503083022,84.5971564739933,85.38828202906781,7417100
2020-03-25,93.041748046875,96.44625814162903,87.5572020917093,89.93057842940308,6578100
2020-03-26,98.22408294677734,98.64186972403915,91.45950981396108,93.20176422707284,6059600
2020-03-27,93.7261962890625,97.45959660459421,91.91282829009232,92.82839985240825,5746500
2020-03-30,99.2996597290039,100.30412077706339,93.27287987702178,94.5173492734877,5725600
2020-03-31,103.14862060546875,103.9219710236425,98.0107466268243,98.42853340048785,8970800
2020-04-01,98.97964477539062,103.77973673895075,97.33517064595381,99.63743307080294,6847000
2020-04-02,103.77084350585938,105.35309447508234,98.7840822752834,98.87297826558195,8106500
2020-04-03,101.9308090209961,103.85973264937876,99.66410368785066,102.66860233641646,5036400
2020-04-06,107.05091094970703,108.20649104250299,105.00642517993327,106.70423827823066,5785600
2020-04-07,108.3753662109375,114.49104091489072,107.12201287517307,109.23760570484797,8489900
2020-04-08,113.24657440185547,113.93991290053879,107.59313426300493,109.32649746424195,4686100
2020-04-09,111.1398696899414,115.20217492432211,109.4687295491569,114.35770372601645,4752100
2020-04-13,101.45970153808594,106.71313776423851,100.9619164893668,106.62424176398497,10519600
2020-04-14,103.53974914550781,104.74865477763115,101.78860365847599,103.55752427726586,7166300
2020-04-15,99.13964080810547,100.53522233341076,97.60183791287565,100.41077609154748,5652800
2020-04-16,100.64189147949219,100.86411787587622,96.76626258400968,99.42408838585555,5926400
2020-04-17,104.328857421875,104.5441515083216,102.13103995363771,102.66927859179205,4132300
2020-04-20,102.80382537841797,105.01958085449665,100.57910416456278,102.6602982891731,4083800
2020-04-21,98.54275512695312,99.61026646798967,97.42142198521702,99.61026646798967,5743300
2020-04-22,99.25144958496094,100.56116601957784,97.96864405370104,100.49837163038646,3794000
2020-04-23,101.28780364990234,103.36899810509344,99.52954690782687,99.87043663157093,3545400
2020-04-24,102.3014907836914,102.60649018695317,99.76279029339659,102.25663470952891,3045300
2020-04-27,103.34208679199219,104.17635914268708,98.43513742185786,99.4398478009649,5344800
2020-04-28,103.5753173828125,105.8538675565909,101.70045131887323,105.72827876972777,5604600
2020-04-29,107.7018051147461,108.3835775920705,104.5351613673349,104.92090024797015,4261100
2020-04-30,104.4006118774414,106.07812893847507,103.45869602291066,105.85386228109986,4040500
2020-05-01,99.46673583984375,102.79485189361581,99.18864740157323,102.26558591831717,3960400
2020-05-04,96.63201904296875,98.92850743907582,95.6093636263226,98.69526819757267,4500700
2020-05-05,97.69953155517578,99.65513027022422,97.54702502408615,97.99555834641662,3477400
2020-05-06,96.58716583251953,98.89262687956084,95.71701007552964,98.70424370187366,4465300
2020-05-07,96.24626922607422,98.72217477553288,95.78876337752682,97.79819049675982,4377900
2020-05-08,100.57015228271484,100.65088500376802,97.15233020994282,97.75336328025884,3911300
2020-05-11,97.43040466308594,99.36806497388065,97.04466574859289,98.82086064055684,4207300
2020-05-12,94.19200897216797,98.07630965140802,94.19200897216797,97.87895387089034,3874100
2020-05-13,93.72552490234375,94.45214668555197,91.99418602550327,94.31758532167909,5376100
2020-05-14,95.25951385498047,95.34024657180021,89.90402462884906,91.94933558385739,5542400
2020-05-15,96.81143188476562,96.87422627693027,93.54610980405286,94.35347116336655,6583100
2020-05-18,103.18060302734375,103.75473197964682,100.48043733973637,100.66882051486651,5603500
2020-05-19,100.54322052001953,103.55736467414974,100.48042613531159,103.11779713711955,3404900
2020-05-20,103.78164672851562,105.38739691209838,101.41339123332921,101.6466236431346,3735700
2020-05-21,102.31940460205078,103.77265482151365,102.10411055459959,103.11779325358688,2342300
2020-05-22,100.89308166503906,102.40912641016466,99.99601506443457,102.3822086631235,2735100
2020-05-26,105.32459259033203,106.35621370310501,104.04178708101497,104.04178708101497,4185100
2020-05-27,109.81890106201172,109.88169545569944,107.22637891049949,107.3968237693986,4462700
2020-05-28,108.31181335449219,111.98081910371833,107.89916356269035,111.90905213712463,3743700
2020-05-29,107.76461791992188,108.28491823745715,105.46812940676712,107.31608457944161,4219000
2020-06-01,108.09652709960938,108.7244709924335,105.50400512997463,107.5224050135773,2131300
2020-06-02,110.62627410888672,111.07480749512841,108.79625707173147,109.29861227421775,2977500
2020-06-03,114.00819396972656,114.24143320832955,112.14230059312821,112.5370052537542,3712600
2020-06-04,115.6856918334961,115.74847936521554,111.90006359256232,112.50110329695204,3076700
2020-06-05,121.21166229248047,125.02419621313567,119.65974055275547,123.66066452521866,5591900
2020-06-08,123.54402923583984,125.53551844062586,121.39107459246935,121.39107459246935,4139200
2020-06-09,120.37740325927734,121.47182591558153,119.49828157554498,121.12197039024848,3819600
2020-06-10,118.80748748779297,121.44486514433589,117.12099811544074,119.95573149377586,4018700
2020-06-11,109.03844451904297,113.78392066017057,109.0115267728713,113.39818860468222,5969300
2020-06-12,110.4737548828125,112.28582643169777,107.06489901198562,111.59508815031147,4492700
2020-06-15,110.88642120361328,111.5771595877799,105.86284878653669,106.31138216027702,4093100
2020-06-16,116.71732330322266,118.80748989869244,113.38023481557073,117.84762216975693,6892400
2020-06-17,115.03083801269531,117.04027197991773,114.60922249003946,116.7621835440209,3228100
2020-06-18,114.45671844482422,115.70364040850346,113.65832975855693,114.05304123278334,2467700
2020-06-19,114.34010314941406,116.61865303774826,112.78818183013203,116.61865303774826,6488000
2020-06-22,112.8420181274414,113.46099632471028,111.7745065916474,113.35334585959703,2806300
2020-06-23,113.25467681884766,114.43880465123019,112.87791042765234,114.27733236299275,2357100
2020-06-24,109.4959487915039,111.98979288512032,109.28962730282132,111.94494366083396,3766500
2020-06-25,111.87319946289062,111.98084994242733,108.36567184459011,109.09229376025249,2903400
2020-06-26,109.79198455810547,111.63097389158935,108.94873973380501,111.53229601452972,3645800
2020-06-29,112.35758972167969,113.06627314480602,110.59036745495737,110.9850789422872,2798700
2020-06-30,113.47892761230469,113.98128273020768,111.24523364125729,111.24523364125729,2778800
2020-07-01,113.084228515625,116.08042807480567,112.92275623228691,116.06249659587778,2807800
2020-07-02,114.5733413696289,116.92365136085388,114.09789719107042,115.04878554818741,2527500
2020-07-06,116.10731506347656,117.06718282631033,114.97701615702515,116.73527258854304,2491900
2020-07-07,114.10688018798828,115.49733629460212,113.74805898738211,114.59129702169744,2018100
2020-07-08,114.94114685058594,116.01762402370639,113.45201302222519,116.01762402370639,2279500
2020-07-09,112.78817749023438,115.13849425565661,112.24096636104856,114.41186571456387,2663500
2020-07-10,114.83351135253906,115.03086713536301,112.86893979641953,113.00350117962459,2691400
2020-07-13,117.1300048828125,118.49353640311888,115.58704907306712,116.09836997114414,3708400
2020-07-14,122.79047393798828,123.17620598478538,115.92790660676864,116.9057195508052,6540800
2020-07-15,124.1181640625,125.74185279435343,122.99683055286053,125.74185279435343,4915200
2020-07-16,124.29751586914062,126.47739429820643,123.43633980660964,124.06428353723571,3621500
2020-07-17,123.72818756103516,125.11097780481076,123.39379145221825,124.60486030260108,2458200
2020-07-20,121.67655944824219,123.7733331408111,121.34214967422363,122.69782695679694,2478000
2020-07-21,122.7972640991211,123.98122024803459,121.49581148665703,121.8031088689689,3221100
2020-07-22,123.80049133300781,124.60485959962473,122.18272191252392,122.23694681735938,2156800
2020-07-23,123.4570541381836,124.28853480198707,122.65268592499689,123.72817864435142,1613700
2020-07-24,124.34275817871094,125.345960211232,123.68299890401384,123.99931542088696,2036300
2020-07-27,126.43046569824219,126.83716613413667,123.87275284537046,123.95409017441679,2506900
2020-07-28,124.7494125366211,126.52083677979394,124.64999565883086,125.57185999918924,2029900
2020-07-29,127.00888061523438,127.5059650281392,124.54155189929483,125.24650296099185,2338300
2020-07-30,123.57450103759766,125.71648055062886,122.88762950312682,125.69840099189834,3063500
2020-07-31,120.09495544433594,122.14653746900906,117.68185114456764,119.6882411610208,6780900
2020-08-03,119.10079193115234,120.20341078749387,118.48622472108151,119.57076401516643,2851100
2020-08-04,118.86578369140625,119.69726407305068,118.09756107617919,118.73020769366279,2301800
2020-08-05,121.98383331298828,122.86050565609777,119.85090067263859,120.00454243092997,2767800
2020-08-06,121.45967864990234,122.20078904905789,120.83606472638516,121.5771751255407,2446400
2020-08-07,121.93863677978516,122.11035808874114,119.76955889667806,121.10715646490542,2223700
2020-08-10,128.35556030273438,128.4820896616963,122.62555244231739,122.67074445423219,5181600
2020-08-11,128.8164520263672,132.13334073131165,128.5995387003234,130.16309640139733,4206000
2020-08-12,128.85264587402344,130.29869373210062,127.73194740671426,130.09985991063178,2541200
2020-08-13,127.13542175292969,129.0062631378861,126.32202084943935,127.97594889115545,2939900
2020-08-14,126.49375915527344,127.3342726155717,125.41825276061338,126.03281996289618,2038500
2020-08-17,125.37306213378906,127.07218242582017,124.9934740710159,126.66546812437399,2284000
2020-08-18,125.05673217773438,126.62932311959368,124.79464058275717,125.58092915835414,1563200
2020-08-19,124.74040222167969,126.45758810437486,124.2342848579659,125.17421513476809,1849500
2020-08-20,124.2523422241211,124.70423466696917,122.5984142284176,122.93282401377596,2279700
2020-08-21,125.11094665527344,125.62611070718863,123.63778653326526,123.63778653326526,2524600
2020-08-24,128.0482635498047,128.56342766506484,125.69843061556332,126.31299785061131,2921700
2020-08-25,127.56926727294922,130.9855740063465,127.0179577847202,128.94302455013195,2467500
2020-08-26,128.1837921142578,128.73510136066122,126.35814306688995,126.96367719151982,2379900
2020-08-27,129.57562255859375,130.4522949191701,127.68671563350108,128.45493823092542,3010300
2020-08-28,129.81063842773438,131.81704214543214,128.96107835745426,130.39809313641874,3698700
2020-08-31,128.61766052246094,129.7835510708992,128.58151518490735,129.69316704101507,2886500
2020-09-01,131.997802734375,132.06106051357742,127.35234836044263,128.03921999958249,2673900
2020-09-02,134.90798950195312,135.16104819624374,132.31411719947758,132.7388972486078,4515500
2020-09-03,132.6394805908203,136.65228816572568,131.3199622239838,134.29340878267533,4479100
2020-09-04,133.92283630371094,136.27268249753305,131.98873722073284,134.39280830060792,5129400
2020-09-08,134.23013305664062,136.25460234398417,131.69953265679845,132.85637618975554,4775200
2020-09-09,137.99896240234375,140.5205170060486,134.8537938131346,135.38702376367658,5345100
2020-09-10,135.4412078857422,138.50503819533714,134.43800607867146,137.38433993632822,4387000
2020-09-11,139.0292205810547,139.54437075755348,135.7846363854832,136.00153591636186,3237100
2020-09-14,138.74000549316406,139.90589565675677,137.5650962364935,139.1828650283472,2569300
2020-09-15,134.30245971679688,139.6076733802115,134.0855463469884,139.3636475630101,4092400
2020-09-16,136.57095336914062,137.35724191457695,134.09457747789162,135.5677514567342,3302000
2020-09-17,139.0653839111328,141.21639647525632,134.79951790315516,135.4321783918953,4487000
2020-09-18,137.72781372070312,141.1802794945002,137.42956297657932,138.89369045621763,5113500
2020-09-21,131.3470458984375,135.1158268383124,130.02751402998499,134.26626692459575,4278200
2020-09-22,132.99197387695312,133.308304182806,130.5969488434947,131.05787428653773,2579500
2020-09-23,130.4884796142578,134.58262446377958,129.7835284342517,133.29020477332548,2420100
2020-09-24,131.1753387451172,133.2540467559886,128.9972138444448,130.16310407853481,2138800
2020-09-25,131.8712921142578,132.5852763016969,129.25030695319447,130.04564228354013,1848900
2020-09-28,133.47093200683594,135.84789043249194,133.22692004127805,133.7601497609718,2212700
2020-09-29,133.22698974609375,134.63689255851816,132.14245018197258,134.0946158811232,1605600
2020-09-30,134.79954528808594,136.42636126410616,133.5252187483144,133.760197915147,3642800
2020-10-01,132.59429931640625,135.8479169413646,131.63627566188208,135.49544135389417,2157400
2020-10-02,135.51351928710938,136.69747537976005,129.91908817084632,130.38906021205028,3220500
2020-10-05,138.72193908691406,139.58956480448066,137.0318520702733,137.52893648693234,2597700
2020-10-06,136.9505615234375,140.49339762673492,136.72461523783946,139.1829119283996,2559800
2020-10-07,139.8787841796875,141.04466056065962,138.4598353549636,138.5321397973695,2334200
2020-10-08,141.5869903564453,141.65024814823238,139.39983186417248,140.76454252854083,1842900
2020-10-09,143.64761352539062,144.05431408356213,142.25577667570712,142.68055679821222,4084200
2020-10-12,146.96446228027344,147.4976920583927,144.17177026538147,144.57847070986793,4279800
2020-10-13,146.52159118652344,147.4796008930172,145.61780636293884,146.1600827733544,3319000
2020-10-14,147.86822509765625,148.96181072486925,146.86502346268472,147.0096323340066,4087100
2020-10-15,149.16067504882812,149.8294809346162,144.74116681070217,144.84963039178396,2958500
2020-10-16,152.51373291015625,154.10438969320168,150.58866626841052,151.1580552842882,5569000
2020-10-19,151.41114807128906,153.66157840120545,150.75138867297713,152.50473433676714,2757700
2020-10-20,152.73060607910156,154.78218775009591,151.75451679061288,152.01660832804245,3007100
2020-10-21,151.29359436035156,154.11341276796142,150.6971067772264,153.47171938876468,2502000
2020-10-22,153.33616638183594,153.507887738311,150.83267807090573,151.8178004109668,2356800
2020-10-23,153.2997589111328,155.17292538571425,152.3631756738421,154.00901585053944,2857300
2020-10-26,148.3986358642578,151.52664860457853,146.2435865445748,151.52664860457853,4506600
2020-10-27,143.58840942382812,147.1710746797803,142.77002629371864,146.36179348299657,4857900
2020-10-28,137.45057678222656,141.33329997992445,136.86862201167702,139.85114194510544,5645100
2020-10-29,140.64222717285156,141.40604017586804,136.05933527985704,136.9413623934221,3867200
2020-10-30,142.80642700195312,143.0246514350667,139.16010318314287,139.99667642641285,4373500
2020-11-02,148.4622802734375,148.98967901262938,143.35197505052895,144.76140104105406,4072400
2020-11-03,152.48138427734375,153.67257181521805,148.28039888425528,150.03535118053833,4843600
2020-11-04,141.15145874023438,147.65300000191354,141.15145874023438,144.74321192331422,9081700
2020-11-05,148.29861450195312,149.9990250365579,143.30653673097635,143.37018089409136,4821600
2020-11-06,146.66183471679688,150.5263819515445,146.17990405398479,149.07150190575402,2983000
2020-11-09,155.3275604248047,160.37419446828105,154.69103552301507,158.2464230891494,5969600
2020-11-10,156.67332458496094,159.11935835264566,155.28208842061005,156.3095940967944,3499100
2020-11-11,154.0908660888672,157.07338605020342,152.28134373660492,156.74603562152524,2345500
2020-11-12,153.7908172607422,155.5821498982982,152.44503536178235,153.51802288258014,2185500
2020-11-13,156.1367950439453,156.60053568033157,153.84534215701623,154.85467143906513,2120200
2020-11-16,157.4825897216797,159.12843012181304,156.24593393830853,159.12843012181304,3902400
2020-11-17,156.3186798095703,156.8369766234371,154.75467356000019,156.55509419617118,2110800
2020-11-18,157.07342529296875,159.47399107806038,156.43690039075298,156.43690039075298,3165100
2020-11-19,157.21890258789062,157.53716503691498,155.22753536008867,156.8551859674911,2012100
2020-11-20,156.609619140625,157.41890015383902,155.773060083418,156.80966737983704,2449800
2020-11-23,158.92837524414062,159.5830761537375,157.52805122216242,158.00087997639548,2403500
2020-11-24,160.85610961914062,162.14733541605023,159.37395134505158,160.2650666961779,3447000
2020-11-25,158.79200744628906,160.47421412198904,157.1097868956897,160.45603800380158,2506400
2020-11-27,159.201171875,159.9649849888012,158.11000830172722,158.59193899554685,976900
2020-11-30,157.84634399414062,159.01935590054546,156.79154624688235,157.86453398975578,2382600
2020-12-01,157.54624938964844,160.55606193347688,157.25527887515435,159.4830743412128,2710200
2020-12-02,158.1009521484375,158.60107297784714,156.65515964833645,157.54627520580166,1971000
2020-12-03,158.79200744628906,159.2011921038972,157.56443959856526,158.10092645798258,2903900
2020-12-04,165.68453979492188,167.13942008149635,159.69220678132578,159.96500117096446,6086200
2020-12-07,162.50196838378906,164.02959474173502,160.54695351808826,164.02959474173502,4587400
2020-12-08,162.6201934814453,164.34788226904354,161.40172743249454,161.54721964353666,2001600
2020-12-09,163.73861694335938,164.11142158262177,160.94704292865697,163.32941844616457,2915500
2020-12-10,162.62928771972656,163.2476087750411,161.07436927196753,162.98391629554524,3109400
2020-12-11,163.0293426513672,163.47490724748275,160.2468706274201,160.93795154179506,2673400
2020-12-14,161.90185546875,166.70298764841306,161.65633908601112,164.2205873893024,2533600
2020-12-15,165.2571563720703,166.18463782268856,162.78384475395845,163.61130206285532,2360300
2020-12-16,163.2202911376953,164.82976530296574,162.18368371554928,164.44785876584845,2031800
2020-12-17,162.92022705078125,164.33874108238328,162.38374025996467,164.28418498499823,2296500
2020-12-18,164.5479278564453,164.85708839359728,161.37444669595996,163.73864652395886,5262700
2020-12-21,163.82044982910156,164.4842388279243,160.32872072925556,160.89248558785312,2071000
2020-12-22,160.56515502929688,163.82047014452965,160.47421893603402,163.02936498286232,2493300
2020-12-23,162.23826599121094,163.02935724040861,160.95614206155327,161.35623865306906,1862500
2020-12-24,163.27487182617188,163.53857815633688,162.1746200862253,163.17484767936773,585700
2020-12-28,162.1927490234375,164.69333809124242,162.13819293648677,164.11138337227635,1508800
2020-12-29,160.6287841796875,163.1111977697386,159.22846004867534,162.9202375416968,1490300
2020-12-30,163.71133422851562,165.7027152272725,162.4837802925675,163.46583176626538,2720600
2020-12-31,165.51177978515625,165.58452588521737,162.53834711656927,163.90230527419084,1717800
2021-01-04,165.62994384765625,169.11258458040595,163.9022694423283,166.40285885129586,4078300
2021-01-05,166.98484802246094,168.94895107432373,164.77524249529003,164.77524249529003,2933700
2021-01-06,176.27789306640625,179.38771494618837,169.26714440877015,170.17644953881972,8034700
2021-01-07,176.61434936523438,179.4695672070137,174.76846087476315,178.99673848154973,5297500
2021-01-08,176.6416473388672,177.55095266334897,173.9683013398052,176.26884270075226,3186600
2021-01-11,176.27789306640625,177.73278682444365,173.04985707975123,174.1864884923132,2540800
2021-01-12,179.62420654296875,180.04249318765415,175.77784807347754,177.02359219748436,2466100
2021-01-13,178.12379455566406,182.01561969036902,178.04196041787685,180.76077407804678,3154700
2021-01-14,179.4968719482422,179.96062656031552,177.64189512464475,178.31478608388724,2486600
2021-01-15,176.96900939941406,177.96016281292702,173.56821614308757,177.91469476874587,3317100
2021-01-19,177.3986358642578,179.27263230594897,176.8318715160394,177.60888490493255,2361200
2021-01-20,175.82632446289062,177.2523858236113,174.07117094594824,176.1188570234078,2501100
2021-01-21,175.68917846679688,177.0878164041257,173.7329126365729,175.83544472201606,1951200
2021-01-22,175.460693359375,176.26514404674566,173.05649165880612,174.4642803617048,2027000
2021-01-25,171.25564575195312,174.93964306603058,170.91741710907044,174.1991890377072,3837100
2021-01-26,171.1367645263672,173.14787689316228,170.78938562664763,171.4932798370776,2506000
2021-01-27,165.1217041015625,169.61928733730386,163.94245146642433,168.3851883375024,4095300
2021-01-28,168.51316833496094,171.50242075640077,165.7433153215407,166.61174864494924,3445400
2021-01-29,167.1419677734375,172.60855508245575,165.21312473536625,167.7453057357659,4541400
2021-02-01,168.86058044433594,170.7620005081953,166.39239590089076,169.99412335222965,2738200
2021-02-02,175.97256469726562,176.22852367547327,169.7015418337416,170.48770553787034,5265400
2021-02-03,175.0127410888672,175.08587423051355,172.8279390462943,174.51910981865495,2979000
2021-02-04,175.19557189941406,176.0731556751489,173.8700667979795,175.51552765953178,2253800
2021-02-05,176.42965698242188,177.64546924583624,173.69636349260585,175.99087210385844,2240000
2021-02-08,180.49758911132812,180.57985865941205,177.9562718910141,178.25794084937476,2725700
2021-02-09,180.34217834472656,181.60370048702538,178.15737654607105,180.5798505670024,2331600
2021-02-10,180.7444305419922,182.5635808930782,179.40977506729973,181.45746126380618,2816400
2021-02-11,181.32032775878906,181.38431053596932,177.70031418081783,180.6255699288796,2178200
2021-02-12,180.99122619628906,181.69510645223943,179.86681996125756,180.98207583665402,1804200
2021-02-16,185.0043182373047,187.56390821760394,182.13390894620977,182.60011698932442,3722700
2021-02-17,184.93116760253906,185.4796451398218,182.6366592997782,185.01343714082378,2290400
2021-02-18,182.7555389404297,185.46140942469682,181.53059018516583,184.24559708149766,2345800
2021-02-19,191.8878173828125,193.30474224275042,185.29683826079585,185.79961984964086,4937300
2021-02-22,199.33807373046875,200.07852752696607,191.3667435198682,191.63185287214438,4578300
2021-02-23,201.2760772705078,201.78800926639082,194.9684936985533,200.68188966906305,4125100
2021-02-24,203.36947631835938,207.20887567654677,201.00184834149456,201.48634321093112,4925000
2021-02-25,202.77528381347656,205.133761372543,200.8555772063624,204.42073067817955,4313000
2021-02-26,197.3452606201172,203.3054649097263,197.2904142537588,201.7971340399912,4461300
2021-03-01,200.89215087890625,203.4700419920176,200.1059869878923,200.4807891339072,2871200
2021-03-02,197.29039001464844,200.5081640012434,196.54992231362456,199.9139765070696,2854300
2021-03-03,196.4585418701172,198.871879647747,193.80751790498448,193.92636099873593,2664000
2021-03-04,194.50225830078125,198.0674113063436,190.57143963521338,196.0654354075591,3568400
2021-03-05,201.2577667236328,201.82453103408503,193.3412834030315,195.93744669772502,3602300
2021-03-08,202.55587768554688,205.04234862160797,199.47521917342004,201.99824970469376,3048700
2021-03-09,198.18624877929688,203.24145956525473,197.58291091890567,202.37302631399248,2902400
2021-03-10,202.0804901123047,202.98549688640202,198.54276045225532,199.03639163439695,2435800
2021-03-11,200.89215087890625,204.40247217641124,200.3345228405275,203.85398055059815,2960000
2021-03-12,209.3388214111328,209.35710818327325,199.3929375722012,200.19738816173836,4756500
2021-03-15,210.92942810058594,211.89841775777316,206.4409811916636,209.21997066036505,4215300
2021-03-16,207.01690673828125,211.35908759959895,205.4720022631961,208.16872232416515,3539200
2021-03-17,213.57130432128906,214.18377866038904,207.62937285240645,208.54351615531147,3518500
2021-03-18,210.87457275390625,217.36499585589283,210.01528975658474,213.9095352485447,4336200
2021-03-19,205.94735717773438,209.93302289638342,204.81382830691857,209.11029942893833,7485100
2021-03-22,206.6147003173828,207.6750960867535,204.37505172137028,207.16317800180457,2211600
2021-03-23,199.5117950439453,205.90166236723604,198.04916003916333,202.99467913113014,4017600
2021-03-24,202.23593139648438,207.61109881074398,201.57774706213746,201.57774706213746,4258000
2021-03-25,204.99664306640625,205.65482738412243,197.49152014156596,200.4076396147518,2901800
2021-03-26,209.79588317871094,210.10668854683857,205.87421463712062,206.91633742045173,3040100
2021-03-29,210.45407104492188,211.9441290832855,208.15957638996957,208.5160917180095,3003200
2021-03-30,213.06854248046875,214.5677370783585,211.29510207652282,211.34994844798985,3139100
2021-03-31,211.96241760253906,216.66111394121293,209.20171468301092,214.22950319107022,4512300
2021-04-01,212.75770568847656,214.82366441836538,208.04985956709797,211.441337172586,3787100
2021-04-05,213.6444549560547,215.4270317529619,212.419492228815,214.8236937759407,2323400
2021-04-06,210.83804321289062,216.3594634731978,210.4632410534299,212.53835057544305,2614500
2021-04-07,210.62774658203125,214.0832069019473,209.65875698261928,212.04467138910596,2449600
2021-04-08,210.69171142578125,211.21277972190725,207.66589980063836,210.37176968929336,2158900
2021-04-09,210.9385528564453,212.2640577661245,208.00414691545888,211.44133442872882,2482900
2021-04-12,211.10311889648438,211.44136142396056,209.27483218109987,210.52721806626832,1688200
2021-04-13,209.6587677001953,213.4524567481369,208.47037864161808,213.370187200295,2286400
2021-04-14,212.61148071289062,214.11067538077387,209.8416272347205,209.88733719598412,2491000
2021-04-15,212.55661010742188,213.39762029365474,210.92943610273127,213.13251091778122,1860200
2021-04-16,213.32449340820312,215.6829849327252,212.32808050115327,214.47630901141227,2128400
2021-04-19,212.43777465820312,213.08682258058568,210.1707030333313,212.9039827497935,1712600
2021-04-20,208.0864715576172,211.44137624161039,206.23076152735283,211.0757105036755,2815800
2021-04-21,212.5017547607422,212.63887067438648,206.61466975714077,207.80305882069652,1977700
2021-04-22,209.23826599121094,213.38847056692526,209.12857325533486,213.22393146311117,2410700
2021-04-23,211.30435180664062,212.71848975044904,209.25660159809092,210.61564526005583,3458300
2021-04-26,211.71762084960938,213.8204798277065,211.16666389470757,211.72681257317734,1864800
2021-04-27,211.51556396484375,211.99307112253408,209.4402664903677,211.46964738995155,1959300
2021-04-28,213.3153839111328,214.61933333249456,210.63402135303767,211.2492642060327,2965300
2021-04-29,208.88011169433594,215.9783767943501,204.95907171288562,215.79472451201323,5442400
2021-04-30,209.4678192138672,209.72493522598825,206.50179335218908,207.0894890958617,3953500
2021-05-03,209.52293395996094,212.05736947482413,208.64139726425773,211.2033799251258,3182900
2021-05-04,214.33468627929688,214.87646545758258,206.93338804430812,208.4485370037233,4040700
2021-05-05,218.4393768310547,219.7708734818009,212.9021767780678,215.44578978275658,3690600
2021-05-06,217.69558715820312,221.28603384038715,216.71302561303554,218.54957667755278,4527000
2021-05-07,221.29522705078125,222.12166943066026,214.10512790345194,216.38244731546504,3327900
2021-05-10,222.78280639648438,225.69373787734938,222.76443696427813,223.60007098252046,3752900
2021-05-11,219.74334716796875,223.1317862703168,217.20889762187517,219.26583994726263,3163100
2021-05-12,217.92515563964844,223.35215337634816,217.11706868898284,221.55234118303085,3668500
2021-05-13,220.45040893554688,221.29522072534303,215.39989361853756,216.74974573061675,2228100
2021-05-14,222.43385314941406,223.46233115746392,220.45956658260644,222.22265372412917,2041600
2021-05-17,224.78463745117188,225.39070260078068,221.41456828789302,222.90218401982114,1998400
2021-05-18,219.89944458007812,225.4733698191033,219.844350289588,224.7846631644311,2436200
2021-05-19,217.5119171142578,217.70476113790681,212.98482554346637,216.80485505501377,3143100
2021-05-20,215.78555297851562,218.18225246280647,213.58168349207804,218.0720498808332,3339200
2021-05-21,217.85169982910156,219.83516439822557,215.8039352330788,217.26400402866238,2479100
2021-05-24,219.51373291015625,220.11979802521353,216.91501189720196,218.26487782993388,2372700
2021-05-25,217.78741455078125,222.1216763480985,217.39256278261004,219.9361760148028,2265700
2021-05-26,218.28329467773438,219.92700180369653,217.28236364479483,218.00780920088656,2070000
2021-05-27,221.56150817871094,223.48070058195114,219.40355518153623,221.76352990660695,3594700
2021-05-28,221.37789916992188,222.4614577298036,219.2750400488603,222.1400696538712,2290700
2021-06-01,222.92054748535156,224.91320356876517,222.04818859342714,224.06839181992885,2476000
2021-06-02,223.56336975097656,225.06934108026456,221.02892028604282,223.20524284985845,2348500
2021-06-03,223.91229248046875,226.29981436303422,221.18501314982151,222.61752067465198,1923200
2021-06-04,224.07762145996094,226.5294156920916,222.51655570313073,225.08771623825155,1837900
2021-06-07,220.16571044921875,224.36223585940792,219.1188770271131,224.10511986182203,2330700
2021-06-08,220.53305053710938,221.49724262799234,216.76811532957498,219.83515217978305,2212300
2021-06-09,215.4733428955078,219.64232155902332,215.28969059579518,219.46784697017603,2919600
2021-06-10,207.28233337402344,217.3099005726299,207.14459764796305,216.84158509225182,6281800
2021-06-11,202.6634063720703,209.29335680990994,202.04816344928338,207.8057549372541,8734900
2021-06-14,201.11148071289062,203.8295819323642,197.98017239725974,202.0848643603289,7213300
2021-06-15,201.52474975585938,202.7368661439367,198.58625691201988,201.91960149983407,5055900
2021-06-16,199.4127197265625,201.46047025846565,198.99030681277628,201.11152106932803,4156900
2021-06-17,192.3328399658203,200.43203825611928,190.89115442240865,199.23827705988208,7995300
2021-06-18,191.791015625,194.49992546480001,188.7056094788889,189.33003007414186,7156400
2021-06-21,195.78550720214844,197.64041345012424,194.12341693276787,194.26116665194306,5633900
2021-06-22,195.7120361328125,197.27310147573775,193.92138793322292,196.0426158299307,3776400
2021-06-23,196.31809997558594,199.05457087279632,195.20699454077865,196.14363941203092,3283400
2021-06-24,201.41455078125,203.79288103396735,197.73227096126936,198.843376502633,6827600
2021-06-25,198.6321563720703,203.62757696197232,197.6771560883637,203.10415324029816,11274200
2021-06-28,198.59544372558594,199.06375918025756,196.10691098776925,198.7607265877858,3172000
2021-06-29,197.5210723876953,200.8268558933177,197.052742899197,200.2207906798332,3443400
2021-06-30,199.84432983398438,200.138170749452,196.56607910934244,197.08031122024138,3249500
2021-07-01,198.99948120117188,201.82775728902553,198.48523517342693,201.24925327694123,2426300
2021-07-02,199.9636688232422,200.52381744147925,197.96183494900717,199.87184967985203,2433600
2021-07-06,196.07020568847656,199.78003286505034,194.06835763873465,199.64229713281338,4348100
2021-07-07,197.1445770263672,197.4843344908521,193.9030655058761,195.3080259547338,2707700
2021-07-08,194.77540588378906,196.41911277093504,192.77355812053423,192.83784412756034,3723800
2021-07-09,199.65147399902344,200.72585474124284,196.87827783694982,198.25569120058083,3163800
2021-07-12,200.7166748046875,201.05643228018263,197.29151086839107,198.36589159870047,2509000
2021-07-13,197.6036834716797,201.14822703854955,197.15372348621548,201.06558561625118,2373300
2021-07-14,194.34385681152344,198.0169593889567,193.95818272230588,197.66801016033276,3185200
2021-07-15,194.1326141357422,195.95079558366982,192.94803097153493,193.09495840476194,2737500
2021-07-16,190.95538330078125,195.3171918316295,190.09220210752989,195.09681468392063,4368800
2021-07-19,187.48414611816406,188.10269069898374,183.92980743213315,186.73635362623233,5391100
2021-07-20,191.9893798828125,192.60792445304526,186.77327236678582,187.44720688555205,3934300
2021-07-21,194.54666137695312,194.75900831558266,191.63857610981748,192.69102749179643,3407300
2021-07-22,193.0972442626953,195.1467571259199,192.52484852297846,194.79593529386446,1931500
2021-07-23,193.4387969970703,194.21428443099455,191.8970490914238,193.4111020234991,2302600
2021-07-26,194.82363891601562,195.78377847151708,193.4111386485469,193.725024466436,2157600
2021-07-27,193.78038024902344,194.85129953092047,191.10309613124625,191.59239278665405,2472000
2021-07-28,195.20211791992188,196.35612210353193,192.11862212218745,193.87270284648866,3246900
2021-07-29,196.23614501953125,198.0363891309258,193.58655532960617,197.5655603900898,3419700
2021-07-30,190.87229919433594,192.6448479970228,187.54876138494456,191.93397744865965,5834900
2021-08-02,189.4044189453125,194.7035976140949,189.21054002688481,192.02631330378065,3977100
2021-08-03,192.48793029785156,193.21725486666165,187.8072817777853,189.54290887055475,3580500
2021-08-04,188.81356811523438,193.4942021470742,188.67507914953202,192.22941796473074,2948700
2021-08-05,191.2784881591797,191.7123948239305,188.97970694083799,189.48747155777662,2685800
2021-08-06,192.3494415283203,194.2327703395238,191.70318785353726,192.95874508999506,2677100
2021-08-09,192.8479766845703,193.76195321203045,190.29069906997628,191.37084546408335,2747200
2021-08-10,197.63015747070312,198.3964038917956,192.91258756017547,193.87271289242534,4193600
2021-08-11,204.6372833251953,205.47740185877572,198.0917741426583,199.16267945540048,7794100
2021-08-12,203.32632446289062,206.57599032943943,201.69225047984096,205.17273128627951,4444500
2021-08-13,201.78457641601562,203.61251522645972,201.00907484425093,202.99397063118232,2049400
2021-08-16,200.99063110351562,201.25835390815558,197.87942586992642,200.6675042583259,3132500
2021-08-17,197.04855346679688,199.77200092150804,194.40819094459985,199.6150580199923,4022800
2021-08-18,193.69728088378906,197.15006627507626,193.6141959681904,196.18069999886546,2947700
2021-08-19,188.7489013671875,192.91255703421353,187.60413835452982,192.1832185790878,4788100
2021-08-20,189.2013397216797,191.3431646543131,187.95500928167382,189.64447348585068,2765500
2021-08-23,193.07876586914062,193.64192052807638,190.02296475262412,191.33391194013745,2827400
2021-08-24,196.26382446289062,196.8916101546113,193.43882406756543,193.64192996015444,2485900
2021-08-25,198.2671661376953,199.13497962711222,195.85760459053486,196.79927604574965,2599800
2021-08-26,195.0175018310547,198.0363669696561,194.31585819346165,198.0363669696561,2513900
2021-08-27,196.4854278564453,197.59326938148067,195.92227308556502,195.95919503204618,2511400
2021-08-30,195.21136474609375,197.32550851429554,194.61128814434093,196.84543878071335,1922100
2021-08-31,194.67591857910156,195.99610691639046,194.26047981927158,195.05443539699962,2857900
2021-09-01,191.9893798828125,194.78668497947606,190.74304969294772,194.6758909954436,4122900
2021-09-02,195.51600646972656,196.59615271057848,192.87564429643345,192.87564429643345,2921600
2021-09-03,194.21432495117188,196.45771688724938,193.87274414788396,194.93442258819226,2512000
2021-09-07,192.2386474609375,194.18660727363653,191.88783973452792,193.90964342554838,2641100
2021-09-08,190.89080810546875,192.13712448579471,189.04440094619886,191.21392090615976,2603100
2021-09-09,189.64443969726562,192.1647810210898,189.1643699875486,190.64150105423215,2777900
2021-09-10,189.2659149169922,191.91551812749495,189.09051811242642,191.19542063686828,2551200
2021-09-13,190.3645477294922,191.89706883057676,188.26887196292316,191.25082923583224,2699100
2021-09-14,186.791748046875,190.27222885458625,186.15473543865832,190.21682481681276,3757600
2021-09-15,189.93063354492188,190.7245890407914,186.36706781978188,186.64403166010214,3342700
2021-09-16,187.9642333984375,190.53996489889784,187.24413581392312,189.67215137731202,3120100
2021-09-17,184.40989685058594,187.659577074857,184.13293298660838,187.06872740562292,6351100
2021-09-20,176.16567993164062,179.09223302554898,174.00537326486335,178.23364653646544,9151100
2021-09-21,175.2609405517578,177.91054404728087,172.62057810644538,177.25506339583296,5699900
2021-09-22,176.65496826171875,179.56305320584477,176.4795573697112,177.25504480988275,3924400
2021-09-23,181.52027893066406,182.42502855944608,178.0398116622187,178.09520162174243,3367800
2021-09-24,181.70492553710938,182.60042000120265,179.96005734191283,180.62476501047306,2199500
2021-09-27,184.64068603515625,186.47786593251396,182.42500343752093,182.42500343752093,3033100
2021-09-28,185.1483917236328,186.38548054487794,183.486623261607,184.82526499128042,3247500
2021-09-29,182.6742706298828,185.71161801018545,182.51732772652798,185.0838323097987,2954700
2021-09-30,177.2273712158203,183.59746952234286,176.9134854169757,183.36666865490412,4978100
2021-10-01,179.40611267089844,180.8278396631339,176.55341763706514,178.08592452592617,3695500
2021-10-04,178.2982635498047,180.86476767908263,177.63355602554918,179.78462147390866,2864600
2021-10-05,177.71664428710938,179.47072501152076,176.08257041866466,177.9566720860079,3074600
2021-10-06,177.1258087158203,177.61510540143854,173.37760508472238,175.40864979122753,3777700
2021-10-07,180.71707153320312,181.30792116528642,178.74141675527153,178.85219665911015,3510500
2021-10-08,180.17237854003906,181.4833256748031,179.78463480330316,180.76322815129842,2713200
2021-10-11,178.07669067382812,182.0279998195428,177.88281177526892,181.26173936127577,2015200
2021-10-12,175.33477783203125,178.71370546022928,175.0208920751731,177.55047431524403,4706700
2021-10-13,174.43008422851562,176.56268221468392,173.30377474965272,175.87027953933222,3253200
2021-10-14,179.40611267089844,179.8400193819694,177.81820174675912,178.686015168901,5212900
2021-10-15,183.73593139648438,184.13290206818718,180.3016138685527,180.91093144959717,4736300
2021-10-18,182.96046447753906,183.42206623159922,180.5324488303206,182.22191294061687,2809400
2021-10-19,185.69314575195312,186.00703155148895,183.21896720930553,183.34821513187717,2626900
2021-10-20,188.50894165039062,189.42290418085196,185.1300131596151,185.71163592406774,2936000
2021-10-21,186.61634826660156,186.7640642022021,184.4006655804613,186.11782459265842,3071300
2021-10-22,186.2635955810547,187.84171866027435,184.91756192355814,186.25431767008558,2632400
2021-10-25,187.7117462158203,188.73286878853858,186.13362322796246,186.84841894418935,3294700
2021-10-26,185.32598876953125,188.25013090171274,185.16817931829343,188.2130050986704,2933600
2021-10-27,182.06765747070312,186.05933995236225,181.87270805197568,185.89225259180793,3406700
2021-10-28,189.45693969726562,189.8375464907476,182.92170716547693,183.209478196976,4462700
2021-10-29,189.38267517089844,194.711127820578,188.66789362495564,193.0773232180319,4292200
2021-11-01,190.65447998046875,192.04693159782013,189.19704048856084,189.64262103998317,3215200
2021-11-02,192.26971435546875,192.91024436435896,188.4451184545304,190.9979464138898,3429600
2021-11-03,188.95565795898438,191.76840865597836,187.349701309206,191.471345558003,3137000
2021-11-04,188.99278259277344,190.19957663251122,188.08305164917027,189.3733893729154,2543500
2021-11-05,191.1186065673828,193.90350945306372,190.5152024433028,190.74727768377622,2591300
2021-11-08,198.8885040283203,200.94933353462923,196.10360082138934,200.41091721485256,5944700
2021-11-09,194.76678466796875,200.1138062339624,193.97773750267163,199.75175533108128,3310300
2021-11-10,191.8519287109375,194.89675426642629,191.62913141489696,194.26551650809768,3261800
2021-11-11,193.57858276367188,195.3516408567469,192.97519285323673,192.97519285323673,4819800
2021-11-12,194.26556396484375,195.58374975108788,193.36511081656963,194.33982974833285,2018000
2021-11-15,192.81739807128906,195.58373095788502,191.93550083006434,194.94320103099486,2392600
2021-11-16,190.7008514404297,193.2536789736948,190.54304198359762,193.0865916069601,2138000
2021-11-17,188.42649841308594,190.47804947884893,186.44922727820193,190.30167005487766,3135700
2021-11-18,186.97837829589844,189.10419543374834,186.27287466322147,188.69574074360696,2119900
2021-11-19,186.06863403320312,188.37081629128937,185.34456046683124,186.51421449756714,2980100
2021-11-22,187.8695526123047,189.86539400822517,185.7437354839676,187.0433653253971,2596500
2021-11-23,190.60804748535156,190.83084482636266,187.13619661952902,188.4915223223686,3127100
2021-11-24,192.22328186035156,193.3279480772039,188.5193560217054,189.05777226503793,3880500
2021-11-26,184.48129272460938,187.00627311104176,182.513298721707,186.58854040577032,3496000
2021-11-29,181.87274169921875,187.05266330592198,179.42202747113066,186.80201805397263,4559900
2021-11-30,179.48699951171875,182.67106506273583,177.81605492070085,179.94185792486473,6358000
2021-12-01,177.74180603027344,184.20277350974246,177.63969234654405,183.4137261034245,3425300
2021-12-02,182.68031311035156,183.45080449483356,178.05737896820605,178.5215293806834,3445700
2021-12-03,183.61795043945312,185.09394570874196,181.70565254368267,183.49726677028804,3250900
2021-12-06,186.84841918945312,188.68645115455763,184.1192120555032,185.27031036427252,2838400
2021-12-07,189.82827758789062,191.42495644946982,188.51009186072628,188.71430505023133,2818000
2021-12-08,189.5498046875,191.41568480718425,189.01138834742304,189.7540320635551,2341200
2021-12-09,189.49407958984375,190.27384899708403,186.47710146837383,188.53793073375778,1646600
2021-12-10,188.87208557128906,191.13712760776272,187.6188738348737,190.67297721127494,3315200
2021-12-13,186.82057189941406,189.60547483456062,186.07792828375855,189.2063122129357,1868500
2021-12-14,187.1826171875,189.3548381757035,185.47454670949807,185.66020408062883,2248800
2021-12-15,188.02737426757812,188.07379215148694,184.39771388304987,186.58850485490137,2193700
2021-12-16,191.3878173828125,193.30011519556265,189.97679588258208,190.30170690172864,2856800
2021-12-17,186.93197631835938,190.53378889449286,186.802014739053,190.25529574890783,6079600
2021-12-20,181.44569396972656,183.38583938514083,179.21776338672106,183.38583938514083,3605100
2021-12-21,184.09140014648438,184.7505002003311,182.63397469591712,182.87532789738484,2303400
2021-12-22,187.65602111816406,188.81639724223075,186.43067129681842,186.56991076580738,3558700
2021-12-23,191.41567993164062,192.43681678590667,188.71432038833254,188.8350040614959,2669600
2021-12-27,191.58273315429688,192.0654393956599,190.43163500580323,191.174278515646,1711200
2021-12-28,191.8055419921875,193.32795501721913,191.35996149247669,191.3970872988073,1393000
2021-12-29,192.46461486816406,193.59714302620966,191.30423881809656,191.48061824406628,1334900
2021-12-30,191.3042755126953,193.93136909372777,191.16502186112857,192.46465178533776,1465900
2021-12-31,191.9169464111328,192.84524737520277,190.92365758049863,191.41565595827583,1374500
2022-01-03,192.1583251953125,193.6436126018528,191.0443667227825,192.46466625408956,2055600
2022-01-04,202.44386291503906,203.2236322751329,193.03089231177006,193.34651121970123,5242300
2022-01-05,203.99412536621094,207.34529222436865,202.53668613561914,202.53668613561914,5378200
2022-01-06,206.0735626220703,206.7419405353593,202.42533199830538,205.60941208032798,3913200
2022-01-07,208.11581420898438,209.76818894117693,206.2963379224887,206.54698317156843,3673400
2022-01-10,205.7486114501953,209.56392872581333,204.792462653862,208.82128517091186,3734900
2022-01-11,204.17979431152344,206.16635780898974,201.06070250417227,206.08281412172332,2944300
2022-01-12,206.45413208007812,207.65164827534247,204.2912032638155,206.1942089391174,2506900
2022-01-13,210.72430419921875,211.5412135235473,206.67691171056458,206.90898693545358,5002300
2022-01-14,212.5252227783203,213.17503061348614,207.54952909587422,208.60779161735815,3970600
2022-01-18,213.38853454589844,213.90838081081301,210.59435378960842,211.38341526190626,5411900
2022-01-19,206.76565551757812,214.36801409661894,206.08469730396527,214.2280989751814,4991700
2022-01-20,202.07362365722656,206.96151448823787,201.5232576938165,206.22460453857465,3545600
2022-01-21,199.70428466796875,202.89447710842754,198.146501514011,202.89447710842754,3754700
2022-01-24,199.92816162109375,200.5251564436473,192.77354667939682,196.97117052864257,5107300
2022-01-25,199.90951538085938,202.26018888468238,193.18399667382502,197.8293634034798,4554300
2022-01-26,199.8908233642578,204.1724101207924,197.9785840592892,200.55312132998483,3558500
2022-01-27,197.91331481933594,203.25828563577946,196.02904397537984,200.74905113171272,3678100
2022-01-28,187.64312744140625,194.02351261322914,183.57609554998206,191.77544830585796,10747300
2022-01-31,188.01626586914062,188.05358605821675,181.5985597622936,186.0480457830862,6179000
2022-02-01,191.55157470703125,191.96199708431985,187.064769242481,187.3073077307417,4026400
2022-02-02,191.1691436767578,191.97135690152538,187.86700454296619,189.54605713358217,3492300
2022-02-03,187.11141967773438,192.03663073276007,186.64501700787602,191.22509464192012,2748200
2022-02-04,185.07789611816406,187.5031812680397,183.28691171667046,186.75694844252644,3930800
2022-02-07,186.39315795898438,187.98824701769774,184.72342853634353,185.4789985361003,2402000
2022-02-08,187.9602813720703,188.71585144166818,185.84280920448936,186.80359759342002,2407100
2022-02-09,189.91917419433594,190.38557686747185,188.51062901203827,189.02367479918377,2743700
2022-02-10,189.42478942871094,192.85750628776,188.01624423950366,188.9583867532871,3538500
2022-02-11,187.71774291992188,190.89859816232615,186.68232847186368,189.75125163344413,3826700
2022-02-14,186.4584503173828,188.1468256282245,184.79805802678322,187.44722165521412,2730500
2022-02-15,189.741943359375,190.71205467956028,186.57039656744394,187.21403454885126,2752600
2022-02-16,189.9564666748047,191.6168589347444,189.35947186486547,189.4620810150181,2253900
2022-02-17,181.65451049804688,188.20279350107367,181.37466605942228,187.49386659224018,4699600
2022-02-18,179.05197143554688,182.475365120162,178.33370738141875,180.3672303021573,4385200
2022-02-22,178.3617401123047,181.80378033914587,177.74608508630763,179.05200705040875,3488000
2022-02-23,174.1267547607422,179.39711297698776,173.84691033832124,178.83742413214588,3550400
2022-02-24,172.27981567382812,172.8208444638206,167.59712901342928,169.79855012321826,5919500
2022-02-25,174.4905548095703,175.30209085501536,171.74810498685085,172.5130121547023,3594600
2022-02-28,174.97560119628906,176.085641662104,171.32832944674792,171.95330722298874,5168500
2022-03-01,170.54476928710938,175.57258853536754,168.50192370724133,175.15282905962906,5110600
2022-03-02,179.66763305664062,180.55379526296863,172.5689840099204,172.755542227019,5849900
2022-03-03,181.75714111328125,183.37089049858352,179.4157904082469,180.32994996459803,4429700
2022-03-04,182.51271057128906,182.83918392583573,177.5221959170431,178.25912016425497,4334700
2022-03-07,183.48280334472656,189.8258823586908,180.60976125506397,181.70114176994406,6912300
2022-03-08,195.88914489746094,200.45056298787685,189.35950673421226,190.17104292264474,9318600
2022-03-09,195.6838836669922,199.24720654424092,193.51044573246503,198.28641827806726,4798300
2022-03-10,197.55885314941406,202.90383844087282,194.19142502222107,195.32012584035525,4886300
2022-03-11,200.39454650878906,203.13699612457253,198.03455044807268,198.03455044807268,4045500
2022-03-14,200.96359252929688,203.7993146102616,198.62224192556764,201.7658057221817,3530700
2022-03-15,201.91502380371094,202.77320289647756,196.36482136837986,201.59785921206483,4364200
2022-03-16,201.5605926513672,204.7414624831598,198.0532494694827,202.88517461208124,4378700
2022-03-17,206.80294799804688,206.87757413577847,199.93749989502564,200.85165940712722,3600400
2022-03-18,206.06605529785156,206.80296534034187,203.3515880233393,204.73213610344402,4105100
2022-03-21,208.6779022216797,211.79346884052376,206.14067039591373,206.14999332585728,2902200
2022-03-22,207.74508666992188,210.67409491239434,206.46713365606558,209.37749603956215,2461500
2022-03-23,207.24134826660156,209.67597062751364,206.79360571559448,206.79360571559448,2001700
2022-03-24,207.2786865234375,209.88120723036266,206.62571138082546,207.58649976857936,2110900
2022-03-25,208.35137939453125,208.7618159783128,206.28055061889057,207.1667127519761,1581100
2022-03-28,206.94288635253906,207.71710231906175,204.32169118860702,207.39995189500655,3072500
2022-03-29,206.18728637695312,206.55107989071868,201.98966234112893,205.96342220446965,3667800
2022-03-30,208.0902099609375,210.70206767184433,205.87012877164477,207.08277851958147,2507400
2022-03-31,207.8477020263672,210.05844622674937,207.483894263286,208.21149555596782,3152100
2022-04-01,205.0026397705078,210.3662706380717,203.5101454878805,209.27489006521114,2618300
2022-04-04,205.97274780273438,206.47647066430906,202.04564523574862,204.43362466304754,2181300
2022-04-05,201.5045928955078,207.42789765779713,200.68371972566223,205.21715378311936,3582100
2022-04-06,201.68186950683594,202.54004879962562,199.20060363194412,200.66510076452042,2783300
2022-04-07,201.39266967773438,201.77512328785093,199.20990857145168,200.98224727923377,2253600
2022-04-08,202.44674682617188,203.23963707824308,199.64833073671628,201.29006305181068,2450200
2022-04-11,201.5325927734375,204.06048722667163,201.2527483299907,202.446738004116,2494700
2022-04-12,202.13890075683594,204.73209828921352,200.53447454110142,200.9728941601381,2508200
2022-04-13,203.6034393310547,204.91868413205154,201.85908354839606,202.35346927338742,1898900
2022-04-14,212.5023651123047,213.817623951804,203.92055952221153,205.13320921323614,5337900
2022-04-18,214.47059631347656,218.63091428104343,212.67961181672172,212.67961181672172,3644000
2022-04-19,216.5601043701172,217.28769144105357,212.27853101418825,214.77844264592235,2689400
2022-04-20,219.2838592529297,220.48717175926896,216.9518461345773,217.85666836317628,2907700
2022-04-21,216.94253540039062,221.91437512272154,216.08434199913722,221.2987344423153,3571400
2022-04-22,202.7333984375,215.37727974363716,202.07730616653012,214.07446284066168,5053700
2022-04-25,203.10830688476562,203.38949337650953,196.4255189704343,201.80548996469994,4145500
2022-04-26,197.1097412109375,204.51423826232735,196.21932918097136,202.5740785171793,4176700
2022-04-27,200.54017639160156,202.0304462366993,194.29789621185637,197.86892611686918,3358300
2022-04-28,199.11549377441406,199.6028827138132,189.33030163904849,194.41971822916477,6092800
2022-04-29,197.33465576171875,203.58631742059987,196.9784995726769,199.35918123288243,3404000
2022-05-02,198.76873779296875,199.42483014481326,194.63533452373736,196.82856365779213,2639500
2022-05-03,200.2214813232422,201.85235149136838,197.56898075347848,198.6093607345396,2121100
2022-05-04,208.62890625,209.28499861754923,200.4183482609387,201.4680960490175,3023700
2022-05-05,202.38656616210938,209.1537189630562,200.36205520612393,208.4507599959363,3005600
2022-05-06,201.18685913085938,203.39883734583438,197.15657232458247,203.39883734583438,2268400
2022-05-09,193.35121154785156,198.74994586826185,192.5545332552477,198.73119629027775,2929900
2022-05-10,190.25820922851562,196.37863802004674,188.75855758177568,195.17892242334997,3040400
2022-05-11,192.33897399902344,196.5567282735625,190.82057273500726,192.66701297266675,2552400
2022-05-12,190.29571533203125,192.46082709123334,186.7996693810629,190.8393387571312,3282000
2022-05-13,191.51419067382812,193.51059921690847,190.1926240523034,192.28275190009177,2323800
2022-05-16,194.19476318359375,196.08807003574913,190.90490601299783,192.16087025651422,2540800
2022-05-17,199.7247314453125,200.36208845149207,196.02248313119398,199.45292689235743,2275900
2022-05-18,194.89776611328125,204.23305543861963,194.5041107129829,200.42770560066208,4723300
2022-05-19,193.791748046875,196.15369448729075,189.05850182896393,192.94820289759585,2887700
2022-05-20,185.41250610351562,193.66993035599535,181.86957894772343,193.50121272870047,5404500
2022-05-23,191.345458984375,192.60142343050217,186.66844698207154,187.39014135208794,3246600
2022-05-24,192.75137329101562,192.798240089854,188.6648372825684,189.33967914097175,2467800
2022-05-25,196.1818084716797,196.9128847361344,191.9734361317331,192.14213943811262,3080200
2022-05-26,199.63099670410156,200.2402221421981,197.20343398667188,198.28131307942323,2016000
2022-05-27,203.5207061767578,203.97997791056807,200.7276195203277,201.5149302339407,2020400
2022-05-31,202.3115997314453,204.41109472743753,200.09962157371277,201.3180723617138,3773500
2022-06-01,203.9237518310547,205.26405362688857,200.85884620391965,204.75792937646426,2314000
2022-06-02,206.2013397216797,206.9886504954722,203.6238229751587,205.8170519743263,1784100
2022-06-03,208.91941833496094,210.04416422618,204.5610780625705,204.5610780625705,2222500
2022-06-06,209.60362243652344,210.66273755229295,208.3101733639396,208.91939874644655,1565400
2022-06-07,212.8560028076172,213.0153384736401,207.74782234762804,208.07587561997647,1799000
2022-06-08,215.38665771484375,217.77672136665782,210.53154639566688,211.15952143643176,4171300
2022-06-09,209.64111328125,213.89636634806902,209.59424648854744,213.16527584573072,3045700
2022-06-10,201.6836700439453,206.40756378403046,201.5243343446208,205.73272182116114,2604100
2022-06-13,193.90419006347656,196.7066437613223,192.04836824619548,196.43483927589958,3559400
2022-06-14,193.7261505126953,196.57547166974499,192.39521638063522,195.0102178460883,2359000
2022-06-15,193.07943725585938,195.56322041248396,190.3894516143369,194.4666059073852,2343100
2022-06-16,182.57249450683594,188.6273206320628,181.1290917373721,188.45861734676583,4789900
2022-06-17,180.55738830566406,185.33751592875004,178.89840081740627,183.40670957824494,7226100
2022-06-21,184.05343627929688,185.97486070991778,181.71023924237863,184.7376601113296,2755400
2022-06-22,176.049072265625,180.6979669342059,175.93660339030515,178.08296547084652,4008700
2022-06-23,167.4635772705078,175.48668035037383,164.97979453027034,174.87745493914198,6667900
2022-06-24,173.85581970214844,173.95892092439252,168.1196647127074,169.96610477360974,4868900
2022-06-27,175.82411193847656,178.15794110369984,174.1651388986287,176.28338366064963,3061100
2022-06-28,175.6835479736328,180.98854963790652,175.67416603212362,178.05486229355648,3327200
2022-06-29,171.97190856933594,175.80538969387334,170.70659078252115,175.57106999612176,2436900
2022-06-30,167.54795837402344,170.71596539355716,166.01082166606872,168.9538766179481,4197100
2022-07-01,167.10743713378906,169.94740516032513,162.82408029642525,168.063465549601,3423100
2022-07-05,162.86155700683594,163.48016443915324,159.89976690694016,162.87093894782637,3724900
2022-07-06,161.50253295898438,163.71451184446326,158.67194653649,162.5991476100164,3190600
2022-07-07,168.97262573242188,171.0533858718238,165.2703772273249,171.0533858718238,4677600
2022-07-08,167.8666534423828,169.8724296772613,165.32662138007043,168.92576885357826,2491100
2022-07-11,164.0425262451172,168.49460018319851,163.66760617455157,166.28262182294543,2773300
2022-07-12,163.5457763671875,166.12329296327349,161.77432007867432,163.78009605774076,2718400
2022-07-13,162.96463012695312,164.25807920739598,161.0807052373081,161.44624332938065,2389000
2022-07-14,159.28115844726562,159.9934851727176,156.60054055958642,159.10307319046782,2531200
2022-07-15,162.50538635253906,162.50538635253906,158.58755393107185,161.44625683996455,2282100
2022-07-18,162.60848999023438,165.6171466670732,161.8774137340826,165.0829052345338,2476400
2022-07-19,169.40391540527344,169.6021068009121,163.1653508615365,164.12802358591256,2671400
2022-07-20,169.85693359375,170.64029507035107,167.11989926938304,168.73380104779605,2175900
2022-07-21,170.81959533691406,170.89510160793571,166.56301751632998,168.3940049848958,2214500
2022-07-22,168.58274841308594,172.5278679140469,167.3746769872767,171.29148343930052,1961500
2022-07-25,171.5935516357422,172.33916724470802,167.7805776196754,169.10190168431433,1845600
2022-07-26,171.0460968017578,173.33010745575464,170.4326281621306,170.98003781659492,1767700
2022-07-27,174.84024047851562,175.71797404438257,170.18727904806536,172.64116851923367,1856500
2022-07-28,177.28469848632812,178.87030169087237,173.8492416780591,176.3503387992151,2229200
2022-07-29,187.10972595214844,188.28005174284246,178.49276397704216,178.55883737552494,5188100
2022-08-01,183.91021728515625,186.1092891402413,182.53225284327974,184.11785595997807,3185100
2022-08-02,173.19798278808594,178.82307772103135,172.8676590448814,177.43568055606485,8193100
2022-08-03,172.5939483642578,175.01953880148469,171.39532407322312,173.01867295384324,4155900
2022-08-04,173.32069396972656,175.4820053771417,170.9422966120634,172.5845257592463,2478900
2022-08-05,174.97235107421875,175.64246027327383,172.93372482505492,173.26406298258271,1908500
2022-08-08,175.3687286376953,177.4356677093766,173.81145327206178,176.27478944769803,2655000
2022-08-09,175.57640075683594,177.3224493251575,174.75529334214943,175.50089447482387,2460000
2022-08-10,180.00283813476562,180.7578864721775,176.91658579631982,178.12465737563912,2304300
2022-08-11,183.09854125976562,184.5897579115897,181.1259882664356,181.99428889888682,2538900
2022-08-12,185.77894592285156,185.90164542774423,182.90977929606078,183.93852535621352,1864800
2022-08-15,184.93893432617188,185.45803093169567,182.22078061230366,182.5322241742695,1752400
2022-08-16,186.4207305908203,187.25127081497146,183.99514010559665,184.3443584284182,1959300
2022-08-17,184.92005920410156,185.83555295118342,182.9758195024964,184.04232579373274,1576200
2022-08-18,186.26028442382812,186.52454918520243,184.27828431217154,185.9771394933987,1750900
2022-08-19,184.608642578125,186.13760520713893,182.91922009668403,184.29718456085345,2003600
2022-08-22,180.98443603515625,183.03249562033676,180.78624461797742,182.2585813224314,2008900
2022-08-23,186.12815856933594,187.00589204295872,181.66394171965376,181.91877360611034,2444900
2022-08-24,183.24952697753906,187.5155232335985,182.5794178303768,186.45846425352693,2503200
2022-08-25,187.70433044433594,187.73264350067052,183.63652480228933,184.5048254663689,1888700
2022-08-26,181.13540649414062,189.11057138939418,180.95608089083012,188.19507760506636,2560400
2022-08-29,181.0032958984375,182.31518698418478,178.37951372694295,179.32332067787914,1996600
2022-08-30,176.43527221679688,181.17318710271724,174.21732014035527,180.7390295723719,2691200
2022-08-31,174.33059692382812,177.49234172607493,174.13239111766848,176.14270463168717,2656600
2022-09-01,172.18814086914062,172.91487624713935,169.97963608033265,172.02769541710083,2686200
2022-09-02,170.6686248779297,175.3027207949375,169.74369803220858,174.4627331245541,2185400
2022-09-06,170.50814819335938,173.33956873034103,169.4982679558548,172.62226631077527,2141700
2022-09-07,170.69691467285156,171.62184139251852,168.17695200513586,169.04525261562833,2166900
2022-09-08,172.8582305908203,172.9809300981096,168.07313702409593,169.58321944614212,2245700
2022-09-09,178.8419647216797,179.09678220153927,176.69951914542386,177.0109771332685,2279600
2022-09-12,181.5884246826172,181.87156960619754,179.8990168274579,180.125535646592,1937200
2022-09-13,173.95303344726562,179.37048980213552,173.18855222395342,177.29411766936613,2207500
2022-09-14,174.27391052246094,174.73638101416896,171.65012891114208,173.58493562775155,2295000
2022-09-15,172.2353515625,176.05775854561523,171.47085576452443,174.29284399285078,1933100
2022-09-16,169.38504028320312,170.20614774945744,167.78057129339567,169.8852568317663,5088300
2022-09-19,171.8766632080078,172.46181883696994,166.86505122099493,167.2897614162529,2923700
2022-09-20,167.98817443847656,170.56476292288863,166.4025715548278,170.4420634327052,2512400
2022-09-21,162.28759765625,170.34771684971759,162.22153866029083,169.20570413540187,4061900
2022-09-22,160.96627807617188,164.80756487094814,160.72087905250015,162.99545725653547,2508400
2022-09-23,155.0108642578125,159.9186576950123,152.64189951078396,159.18248939949993,4047200
2022-09-26,153.48184204101562,156.53034807274383,153.10432511886012,154.78429990474282,3213400
2022-09-27,153.31201171875,155.32232524156922,151.57541029128512,155.2185058952886,2753500
2022-09-28,158.33302307128906,159.0125651171986,154.3501572360662,155.2562180977285,3694800
2022-09-29,156.5775909423828,157.22882014066212,154.35020562721533,156.38883240408455,3518100
2022-09-30,154.85983276367188,158.35191529802518,154.68050715438065,156.56812089201483,2963000
2022-10-03,161.60804748535156,163.62779362569037,156.7191347760768,158.0215784731691,3444700
2022-10-04,169.5360870361328,170.06461674861436,164.42065388839418,164.5055930776099,4008200
2022-10-05,168.3562774658203,170.13062462419654,166.76124151921732,167.19538462339492,3067400
2022-10-06,168.76210021972656,170.81015935212585,166.94999279937352,167.44077639280755,2415000
2022-10-07,167.57293701171875,168.90370834821977,165.29835866800033,166.78957546756607,2759200
2022-10-10,168.6299591064453,170.98004322123913,166.17607006902114,169.7058982816168,2633900
2022-10-11,169.6492919921875,172.7921707291617,166.74236498260157,166.8839446598449,2542400
2022-10-12,169.413330078125,170.94229257123382,168.73378799199892,169.39444990869103,2260800
2022-10-13,172.84877014160156,174.5570580798176,163.0048725080811,163.98642520581328,3745900
2022-10-14,168.17694091796875,173.9719142635066,167.5540249554152,173.4245045753246,2830200
2022-10-17,170.64027404785156,173.9530307649047,169.1301773920236,172.05598426218438,2940000
2022-10-18,173.23574829101562,175.10448180106914,170.74409881049445,174.50987888368186,2674000
2022-10-19,174.04742431640625,175.26492881387514,171.77284635613572,172.66002709757564,2088700
2022-10-20,170.39486694335938,175.30267364033122,170.31937507537833,174.17009400173873,2953900
2022-10-21,180.73223876953125,180.91276429989955,170.27139898774635,170.765452073507,3483800
2022-10-24,181.7583465576172,182.55644558037648,179.05049298317704,179.24051448892283,2919500
2022-10-25,185.12179565429688,185.91039877608475,179.49707428340972,180.7987369856177,2545000
2022-10-26,187.1360626220703,189.62537798359847,184.8652712928554,188.40922280714858,3546000
2022-10-27,201.55889892578125,206.30001335837056,197.02681251211732,199.66815075376076,7872200
2022-10-28,208.3997802734375,208.5518032905947,200.67529737218962,201.9009485159516,5161000
2022-10-31,205.66343688964844,207.9532201406775,204.28574824149,204.5992902753508,3786100
2022-11-01,207.60166931152344,208.52328886599568,205.90095720965803,207.72518981811623,2717500
2022-11-02,203.83921813964844,210.64209682910038,203.25964299575938,206.7466043599916,3150000
2022-11-03,208.3237762451172,210.72758411159157,200.81781710044663,200.98883212760447,3570400
2022-11-04,216.48532104492188,218.27154069124893,212.447302217646,212.8463517502631,4973800
2022-11-07,217.20741271972656,217.70148026849034,211.563685155744,216.62783766186305,3405600
2022-11-08,218.3475341796875,221.0268851746538,215.36415168397752,217.20739068090424,3676600
2022-11-09,214.29054260253906,217.7109881299809,213.8344880314513,214.79412067822122,6248300
2022-11-10,220.8558807373047,220.9888972522947,215.04113808529507,220.63735671218814,4590800
2022-11-11,224.6943817138672,226.50910391521248,220.4283282454574,221.37845034996369,3585400
2022-11-14,224.70388793945312,227.88680293345251,222.80364364398207,224.22882686558535,3217700
2022-11-15,222.88916015625,227.45924555172607,221.14093881328913,225.27397612188196,3371000
2022-11-16,220.82737731933594,222.95565604807408,219.32618265768753,222.32857198098435,3062000
2022-11-17,218.94613647460938,219.03164398315502,214.2620270377602,216.3903057359644,3256900
2022-11-18,219.88674926757812,220.27630280559052,216.2762969083502,219.335691211015,2868700
2022-11-21,220.58987426757812,222.01505759880507,216.88440340547393,220.00080312993967,2522600
2022-11-22,225.42596435546875,225.63499237740507,221.7204939624392,222.3285715268777,2523300
2022-11-23,225.1029510498047,227.67778860413085,223.85829328099442,225.77754419429183,2311300
2022-11-25,223.94378662109375,225.644513378939,223.45922954644143,225.1789483088283,1034800
2022-11-28,220.71334838867188,223.24067644410664,220.01976337266706,222.27154792327988,2862100
2022-11-29,223.3927001953125,223.97227524761422,220.00077188749384,221.66348553780225,2277900
2022-11-30,224.61837768554688,224.95091173456976,219.27868142196562,224.1338061175763,3850000
2022-12-01,223.93429565429688,225.1789533722901,220.37133753131758,225.08393535659184,2504700
2022-12-02,224.35235595703125,226.57563838823742,221.93903749084555,222.22407704560084,2218300
2022-12-05,220.9699249267578,224.14332956534673,220.67537486945866,223.08869335339483,2064500
2022-12-06,216.90338134765625,221.42597210404506,214.30955191236558,220.98890953181325,3633800
2022-12-07,217.55894470214844,218.37605025163896,214.51855701719953,215.6777070873538,3044000
2022-12-08,219.40219116210938,220.90338580320721,218.09101803936426,219.39269516039113,2189400
2022-12-09,215.95326232910156,221.19794078358964,215.8582588104268,220.42834414306915,2257000
2022-12-12,221.4354705810547,221.75850863934573,215.6967390542727,216.20030264446575,2709200
2022-12-13,223.74424743652344,226.05303706596155,220.5518367591574,225.95803355930727,2945200
2022-12-14,222.78463745117188,226.33809950781628,221.49247074854787,224.28583218640517,3513800
2022-12-15,219.15516662597656,221.3119333502984,216.36180533794408,220.58034977311863,2953200
2022-12-16,221.11239624023438,221.58745724719643,216.67532817493418,217.22640068273552,7610700
2022-12-19,220.703857421875,225.1124234097741,219.4116907789884,222.23355459104434,2622400
2022-12-20,223.41172790527344,223.96280050712977,220.295328327524,220.84640092938034,2649900
2022-12-21,229.6730194091797,229.84404893212303,225.80602986232907,225.80602986232907,4143600
2022-12-22,225.6920166015625,228.78942419161166,221.41646678505788,228.17183607504373,3129900
2022-12-23,227.90579223632812,228.54237232803894,224.7038852756849,225.13143733755476,1959900
2022-12-27,231.0126953125,232.8274320697109,227.76327935068724,228.68489898140845,3381500
2022-12-28,227.4402313232422,231.6587757369394,226.39509122157392,231.01268517471374,2270000
2022-12-29,228.21932983398438,229.55900549975635,226.38560110522755,229.17896245165832,1652500
2022-12-30,227.61123657226562,228.1813156028379,225.84400897474598,227.4497175630696,1521100
2023-01-03,226.9651641845703,228.67537230835944,224.4188295041767,228.67537230835944,2651900
2023-01-04,229.32150268554688,230.05310086415352,226.6516615310478,228.02933586904703,2387900
2023-01-05,228.2953643798828,229.49251315013473,225.71103079844096,228.53289493334097,2355900
2023-01-06,236.44740295410156,237.44503412854948,230.15759885063446,230.7751724598236,3945100
2023-01-09,234.31912231445312,238.45215950697255,233.7300512148872,236.58991369553473,3417100
2023-01-10,238.01510620117188,238.3286482657098,234.15761240341914,234.6326735016195,3011900
2023-01-11,238.22410583496094,239.3262509308017,234.80367503444768,238.94620789664881,2402400
2023-01-12,242.34764099121094,244.5424206318806,238.4901332465386,239.43075930584507,3881500
2023-01-13,245.56854248046875,245.6825524897805,242.49965224889198,243.9913363623323,3067800
2023-01-17,243.47830200195312,247.50681048329858,243.17425596683344,245.94859629987954,4100100
2023-01-18,240.20985412597656,245.99609370185172,239.49726261669997,244.44739018242296,3361400
2023-01-19,234.60606384277344,239.8566573367114,233.22181938046975,239.1215701688409,4885200
2023-01-20,238.3865203857422,238.5869894536245,233.66097413539404,235.67529350582225,2964100
2023-01-23,241.2408905029297,242.17644667568663,237.96643661485356,239.3793194465268,2610200
2023-01-24,245.92825317382812,247.30295642726682,238.42469128804302,241.4127611495631,3505100
2023-01-25,246.7205810546875,247.43657097127547,242.78741444095698,242.9878834601644,2424900
2023-01-26,250.23370361328125,250.36736905159688,245.24088579358252,248.20984339773864,2677200
2023-01-27,252.54396057128906,253.97594034229073,250.23368705524373,250.5582656406264,2783000
2023-01-30,249.64183044433594,252.9831168938777,249.4604439920929,251.39838896747892,3426900
2023-01-31,240.84947204589844,245.71822421690024,235.23612060799485,245.34589544974298,10992100
2023-02-01,238.2241668701172,241.2408746523016,234.18598767973108,240.33395697332,6022000
2023-02-02,233.79458618164062,238.2146356000725,230.8351697064566,238.0237078543918,6130300
2023-02-03,236.52488708496094,239.57023332318724,232.10485238482104,232.93539606184538,4134700
2023-02-06,240.01895141601562,240.70630301600764,236.75403859948082,236.85905105411445,3528800
2023-02-07,238.33876037597656,240.57264573316812,234.2242067419512,239.18840128021716,3467900
2023-02-08,237.5845947265625,240.15261478681134,235.87577149438107,236.84952207278198,2300300
2023-02-09,235.1120147705078,240.5439944062028,234.34828921320062,238.66332623016086,2464900
2023-02-10,236.43898010253906,237.35545367623172,233.54638178063735,235.11201260360346,2820300
2023-02-13,236.89720153808594,237.11678227685024,231.6466085882308,232.45806968904043,3068100
2023-02-14,233.27906799316406,236.09529215812447,230.69195128467206,235.8088932706864,2512900
2023-02-15,237.42225646972656,237.48908918822025,232.2003021124783,233.126316915147,2398200
2023-02-16,235.34112548828125,237.25997329481146,233.4318189702741,235.3220283443824,1934900
2023-02-17,236.5535430908203,239.4843358166594,234.4915029613366,236.620375816253,3759300
2023-02-21,229.79461669921875,236.75403328433018,228.87814306418613,233.41274652426907,3105900
2023-02-22,227.10247802734375,231.2456699458496,225.69913647964762,230.25283690108716,3145200
2023-02-23,227.15977478027344,229.90918124775104,224.9163480188942,229.75643320692342,3219000
2023-02-24,225.46044921875,225.9568729718672,222.45329740249923,224.56307286125616,2105500
2023-02-27,229.09768676757812,230.31010049449594,227.89482889610912,228.25760179869545,1720900
2023-02-28,228.6872100830078,230.16692567061335,227.88530477495132,230.01417764045385,2647700
2023-03-01,237.3936309814453,238.37692270109065,230.61560138810637,231.0356365979664,4117700
2023-03-02,240.74449157714844,241.04044637241716,234.96885006089704,235.33160845369994,2676500
2023-03-03,243.73251342773438,243.81842872225135,238.57739182078475,240.94492774864992,2314700
2023-03-06,242.46286010742188,244.1048650777949,240.17169783412928,244.05712949567328,2317100
2023-03-07,234.97836303710938,243.19792854529882,234.79697657913667,242.52967414765197,3018400
2023-03-08,237.44137573242188,239.7229965923953,235.56070752020506,236.74448288514392,2068600
2023-03-09,230.0332489013672,238.78741727971942,229.69911444384863,237.66091889262015,2518800
2023-03-10,216.71585083007812,227.33160594299449,215.56072843886338,225.59412986119509,5767500
2023-03-13,214.51060485839844,217.9760011807242,211.493896775977,212.4867444175392,4885100
2023-03-14,215.43663024902344,219.1788698154353,212.12398179768334,218.60608651762453,3754900
2023-03-15,207.40794372558594,211.15018242661577,202.93063256733964,209.45090093907802,5471700
2023-03-16,208.792236328125,209.84234625158814,203.6466554592796,205.89008204589663,3555000
2023-03-17,205.25999450683594,207.54161524133153,201.84233404941293,207.54161524133153,7203000
2023-03-20,210.3196563720703,211.80891311983748,206.66333265576876,207.49389089344865,3464200
2023-03-21,214.7206268310547,215.75165418313816,213.4700332901588,213.8996243784801,3074600
2023-03-22,209.97601318359375,216.3149112000732,209.8900978733251,214.95930511514425,2930200
2023-03-23,209.4891357421875,215.08340501694758,207.73257705505196,210.5106072630772,2957400
2023-03-24,207.16929626464844,207.57024888109626,203.47479285342374,207.01656281565823,2976800
2023-03-27,208.11441040039062,209.0308839381745,204.21942335680134,205.18361790403893,3209500
2023-03-28,210.17648315429688,210.55833866414366,207.83758538106375,208.25762061515366,1802000
2023-03-29,212.88772583007812,213.0977507608195,211.45574561149016,212.63952116959106,1857300
2023-03-30,214.3578643798828,216.07624338402036,213.83281667229892,214.84474692838697,1921100
2023-03-31,218.46286010742188,218.67288500110772,214.7015237328621,216.1144211207219,2746700
2023-04-03,219.4461669921875,223.2456979187499,218.48197232600097,219.57981788222182,2242500
2023-04-04,207.58934020996094,219.08337316024665,206.4437592569345,218.52011668846058,4282100
2023-04-05,203.84710693359375,207.9998543902247,201.95689758077634,206.39602935840043,4265300
2023-04-06,199.684814453125,203.3411380735496,199.46524828885342,203.02610075949787,4180100
2023-04-10,205.75643920898438,206.29104276428788,199.82804995202758,200.6872321563576,3839000
2023-04-11,210.5965118408203,212.7922026525803,206.3673903873518,206.3673903873518,3882000
2023-04-12,210.5010528564453,213.0977110003402,209.91871376020006,212.0762249762488,2385100
2023-04-13,211.61798095703125,212.10484886305045,206.83517349142912,209.96643493839915,2909100
2023-04-14,213.53683471679688,215.5893479708307,211.39842073205446,212.87813620197352,2246900
2023-04-17,215.026123046875,216.62993366226476,214.12874657865999,214.8065422910495,1751800
2023-04-18,214.9879150390625,217.18362048924746,213.8996108860982,215.33159080141192,2567100
2023-04-19,214.46287536621094,214.940202054822,212.32446112402025,214.60608211290696,2078400
2023-04-20,212.19081115722656,214.0523823375394,210.91156455537285,212.33400333769117,2826800
2023-04-21,211.42294311523438,212.1140257600566,208.76419501351344,211.80687140861312,2712500
2023-04-24,214.45599365234375,214.70556020327382,211.6724771458613,211.6724771458613,2790700
2023-04-25,209.84877014160156,214.26400318313173,209.50322889087985,213.428951263022,2505600
2023-04-26,207.5067901611328,211.5380953814216,207.4395946619314,208.9849300383999,3254700
2023-04-27,205.72149658203125,207.40120831600646,195.84478338453945,202.02612490891613,7711100
2023-04-28,210.01194763183594,211.70125233497396,204.44490046464688,204.67526618840694,4669500
2023-05-01,208.54344177246094,213.0450721485785,207.8331583028595,210.53029343756722,2876400
2023-05-02,206.50856018066406,208.3898438242039,202.13171352964528,208.3898438242039,2858000
2023-05-03,206.97885131835938,210.36706822877528,206.23018107246094,206.97885131835938,2635100
2023-05-04,201.93017578125,208.21708592338052,200.92234568384882,207.37244073210528,3211000
2023-05-05,206.4509735107422,207.01727282916303,203.86901418101968,205.01122054436232,2716600
2023-05-08,206.1630096435547,209.3496697459542,205.04961186965767,207.74674661465943,2414100
2023-05-09,204.9152374267578,206.73891858460928,203.43708290662968,205.15519624468163,4111900
2023-05-10,204.60809326171875,207.31483589224217,201.74778811100705,206.7773158108468,2446100
2023-05-11,201.59420776367188,201.83416658971498,200.0488723381172,200.6055785720482,3263300
2023-05-12,201.12387084960938,204.01298431126227,199.5785355188882,203.20672622025737,2172600
2023-05-15,202.80360412597656,204.74247562875604,200.74955706819486,201.86296958629993,1925600
2023-05-16,198.87786865234375,201.82457001518316,198.73389921758007,201.613405080247,2771500
2023-05-17,203.58106994628906,205.25117396994133,200.26962649403194,200.8743274106918,2897400
2023-05-18,206.09584045410156,206.99808799550036,201.7861746079002,202.52525190290714,2643600
2023-05-19,206.15342712402344,211.05818615380778,204.39692674568593,210.64546399972292,4402100
2023-05-22,205.654296875,208.43782790762023,203.3794920027968,205.64470379496333,2540600
2023-05-23,204.1665802001953,206.61414858348724,202.861203561008,204.63689014014284,2298300
2023-05-24,201.27743530273438,203.94577594453094,200.81671851493596,203.3026881282916,2964000
2023-05-25,201.5462188720703,203.28351847929383,200.22165607340494,201.2678730700531,2243600
2023-05-26,203.29312133789062,204.71367349408976,201.766986711884,203.23553356270918,1973900
2023-05-30,201.4694061279297,204.33931869840882,199.8856838787363,202.69799403363774,2885900
2023-05-31,197.48609924316406,202.314069294786,197.34212981654446,200.730347018277,5937000
2023-06-01,200.67276000976562,202.11251286512308,197.76444576769404,199.33857497038125,2989100
2023-06-02,217.52745056152344,218.63125515523956,205.41432068463152,206.31656809316175,8358200
2023-06-05,213.5345458984375,217.87300526142116,211.88362812259214,217.87300526142116,3438400
2023-06-06,217.57546997070312,219.1016193071435,212.5555351942289,212.94907120250267,3230100
2023-06-07,226.0891876220703,226.8666518021836,217.19151108604714,218.66005779202183,5586400
2023-06-08,225.0333709716797,226.7898712330872,222.43222565123293,225.11975262898082,3546800
2023-06-09,225.590087890625,226.33875824798392,222.13467497518053,226.23317577984744,2488500
2023-06-12,228.34481811523438,229.2950603601669,223.94878521214287,225.78205955324336,3644200
2023-06-13,235.5819854736328,236.77217190810254,230.05332460565796,230.43726752478113,4335100
2023-06-14,233.54714965820312,238.3463265164178,231.86743775782801,236.8873726506614,3122400
2023-06-15,237.722412109375,238.4039016312477,233.70069977247817,234.19981824007823,2743900
2023-06-16,235.41879272460938,240.8130620708795,235.13083922426995,239.38290229494515,5261200
2023-06-20,231.46426391601562,233.45112990700846,230.88837155546847,232.5968771231618,2979800
2023-06-21,231.78102111816406,235.40919733313874,228.46959230556644,229.24705654507184,2892500
2023-06-22,227.80731201171875,231.30111200107908,226.4731414987853,230.58123550893677,2421600
2023-06-23,225.02377319335938,226.3867374595946,221.9906903578889,225.02377319335938,3354000
2023-06-26,227.43296813964844,229.99572659633372,225.68607553461626,226.00282293657835,1748300
2023-06-27,231.02276611328125,231.16673555328475,225.86845511821,227.94168828388393,2283000
2023-06-28,232.1553192138672,232.3280971538963,228.3063855983962,229.6789428102101,2200100
2023-06-29,234.43017578125,236.94493954662124,231.67543854819246,232.2225516918537,2070000
2023-06-30,236.16749572753906,237.012140893945,234.09424781323045,236.666614220819,2377900
2023-07-03,237.3960418701172,238.41346483918355,235.4187837006602,236.07146460688284,1045700
2023-07-05,234.9964599609375,237.55921825490384,234.31497050678792,235.159630191723,1820600
2023-07-06,230.91717529296875,234.0750269455767,229.2470566196891,233.00001610995258,3079700
2023-07-07,235.33238220214844,237.84716033083635,230.46602545956821,230.5428140314136,2903900
2023-07-10,238.81661987304688,239.3445322199361,234.28619606216475,234.68932513271895,2771900
2023-07-11,242.69435119628906,244.2492796298127,239.8052376921202,239.8052376921202,3293300
2023-07-12,243.4142303466797,247.2919730394569,241.34098264831903,245.22831842126428,2986200
2023-07-13,245.58346557617188,246.15935798065254,242.5887840642832,244.33567673091002,1949400
2023-07-14,245.35308837890625,246.17856194740307,242.7519429846305,246.17856194740307,1936800
2023-07-17,247.1191864013672,248.45337151908785,241.88808698227731,244.05732411843965,2674500
2023-07-18,253.21414184570312,253.5500900507092,246.6104704594105,247.28236686942267,3832400
2023-07-19,253.44569396972656,253.60968700940805,250.5037100580685,250.92813146286613,2771900
2023-07-20,251.84442138671875,256.0017956888635,251.2174447156051,254.8153706101009,2102300
2023-07-21,248.5262451171875,252.49071954189856,248.3912180213497,252.48106423615738,2249900
2023-07-24,250.18531799316406,253.14661179395233,248.96030117851762,249.15320121904094,2195300
2023-07-25,252.7800750732422,254.53563331309527,250.25285776199993,250.889489742504,2016600
2023-07-26,249.1725616455078,253.24312716306764,248.14044466503557,251.30429444383248,2622800
2023-07-27,249.15321350097656,251.85407913358932,247.725641270492,249.79950078900626,2284400
2023-07-28,251.20779418945312,253.66751270479585,249.8187842938708,250.72549990451222,2101200
2023-07-31,255.77993774414062,255.8185000884002,252.39422279195747,253.44562069265933,3568700
2023-08-01,278.42852783203125,278.5539290753981,260.92124847081715,263.09157308841174,11823200
2023-08-02,277.3867492675781,283.4733009457276,275.95914755000746,277.5603681497818,6288300
2023-08-03,271.4834899902344,277.7436609705597,271.0976309769077,275.42865407514853,4743500
2023-08-04,266.6508483886719,273.46084087165195,265.6090763197321,273.17147609522704,3888200
2023-08-07,271.6763916015625,271.97541173275056,266.1203809084311,267.30680612672245,2438200
2023-08-08,272.8724670410156,273.8949285415758,265.04963865060955,268.15561493634124,2519500
2023-08-09,274.45440673828125,276.9526878032647,273.8274300046909,274.5798079723812,3088600
2023-08-10,273.7695617675781,277.4735787060757,271.23268887055343,274.41581968799215,2647100
2023-08-11,275.11993408203125,275.9109037195753,272.60234278128866,273.88526197531337,1874100
2023-08-14,274.46405029296875,275.48651186074636,271.30982671058524,274.0010371646341,2194000
2023-08-15,267.54791259765625,272.63131292846384,267.2392372069583,272.51553757927303,2593600
2023-08-16,264.7892150878906,271.73423505938536,264.37441963494365,267.19103118304724,2831300
2023-08-17,265.4259033203125,269.6507773824619,264.9339536305301,267.2103689853801,2534700
2023-08-18,264.1044006347656,265.92748758937114,261.50965441793653,263.3423966803169,2533000
2023-08-21,263.091552734375,266.45795768319084,259.2814158146038,265.02073002298636,2207400
2023-08-22,260.6318359375,264.4226618443655,260.12060518749195,264.2393876663526,1668800
2023-08-23,263.36163330078125,264.06579360018594,259.58043290703387,260.72829573530134,1677800
2023-08-24,259.7637023925781,264.9628491601032,259.66726708055,261.98227387048587,1433600
2023-08-25,262.9082946777344,263.93075634851766,259.3103682162993,261.9051141837336,1291700
2023-08-28,265.059326171875,267.1910588685274,263.3712960165684,263.8149985579143,1550700
2023-08-29,270.1137390136719,270.2102037591011,263.7474484951381,265.2618596313457,2065800
2023-08-30,272.3323059082031,273.759907735305,269.90155306013133,270.1137637447423,1431000
2023-08-31,271.1748046875,274.7244837604342,270.89506574408955,273.59593155455497,2579000
2023-09-01,276.1134948730469,276.90446461317447,273.6055585518837,274.714829587136,2336600
2023-09-05,271.6571044921875,279.1616029642732,271.41595733121187,276.20030876263405,2515600
2023-09-06,272.8821105957031,274.39652177112464,269.15881270836456,270.4899496937971,1688900
2023-09-07,271.4641418457031,273.4415659864261,267.81799839438384,270.98184758263494,1593200
2023-09-08,272.2840881347656,273.3547968638683,269.2359844102339,271.59923842254574,1240100
2023-09-11,272.0622253417969,274.9077737217511,270.03661266390174,274.48335234771906,1515300
2023-09-12,271.8306884765625,274.6279892972875,269.9111667414994,270.33558804526797,1587300
2023-09-13,266.1492919921875,272.72776368744906,263.36161688673474,270.28735577543904,2119300
2023-09-14,272.5541687011719,273.1522089589008,267.9916537540278,269.1202354355138,2660500
2023-09-15,269.264892578125,271.88857465771906,267.50933432140914,271.88857465771906,4940900
2023-09-18,270.9915466308594,272.7374497900355,268.9755598182447,269.178115199096,1363200
2023-09-19,269.7665100097656,273.46087144065723,267.81802217434137,270.1619654361176,2313500
2023-09-20,268.7440185546875,276.45110156718505,268.2327877687643,271.531693767846,2380300
2023-09-21,262.3970031738281,266.42897595747473,261.98223719206874,266.42897595747473,2277600
2023-09-22,263.39056396484375,265.3583329751133,261.99189870306765,262.3777576972875,1707800
2023-09-25,264.55767822265625,265.0978454295924,260.5064241706353,261.1623372880713,1257400
2023-09-26,259.9759216308594,263.7378409049705,259.6190285412531,261.54820583591135,1756400
2023-09-27,263.052978515625,264.51917219251897,259.6672921650798,261.4035400660306,1991600
2023-09-28,266.4579162597656,268.3967485532211,262.58028110975954,263.8052979002998,1994700
2023-09-29,263.3326721191406,269.6507152981524,261.7507327796257,269.1973575056725,2257800
2023-10-02,262.0979919433594,267.00774394235407,260.6703903467598,262.98542632760353,1778200
2023-10-03,259.4454040527344,263.8921434912783,258.06604938166794,261.6060731563298,2187900
2023-10-04,255.64492797851562,258.336138546418,253.4746035224126,258.0274631144695,2970100
2023-10-05,251.56466674804688,256.52266572288084,251.2077737161823,254.55489695835996,2639300
2023-10-06,256.619140625,258.9148660350656,249.1242689113263,252.3074287207514,2293400
2023-10-09,261.6929016113281,261.99192175231957,255.27839266635675,256.61918508434036,1640800
2023-10-10,263.5352783203125,265.3583651472353,262.2041411648283,262.99511098720467,2009000
2023-10-11,263.1687316894531,264.6927983758388,260.34249375999264,263.8439555789018,1538200
2023-10-12,260.062744140625,264.10437313091313,256.76386728571356,264.10437313091313,1910500
2023-10-13,258.45184326171875,264.23937422178665,256.67700396639316,260.9115321449857,1918300
2023-10-16,261.200927734375,264.2683120945509,260.0337544566935,262.4838174850595,1678600
2023-10-17,262.9951171875,265.80207398656404,259.0692339043583,259.0692339043583,2110100
2023-10-18,250.04063415527344,259.4743085835485,249.58727637915683,258.9920143296758,4257100
2023-10-19,243.93478393554688,250.79300872440228,242.84479422618605,248.7770223020847,3850000
2023-10-20,241.6175537109375,245.77702956453604,240.60920444629684,243.6633530369608,3103500
2023-10-23,239.79473876953125,243.95419934249932,239.05785401369576,240.09530395383004,3193200
2023-10-24,241.95689392089844,244.06086511044455,239.72687353377592,242.63559191841222,2304600
2023-10-25,237.48715209960938,243.13976301572092,237.06053772186416,242.26713866274048,2542400
2023-10-26,235.0535125732422,239.2226783197555,233.09498628785008,238.05919398909052,3859200
2023-10-27,231.30126953125,236.49817998795004,230.62257157495642,235.65465644187844,3229900
2023-10-30,234.791748046875,236.1879352177395,231.9024105093056,233.60886807125402,4478300
2023-10-31,219.1719207763672,223.52529290930087,216.951590917447,220.72322828324224,12093300
2023-11-01,224.7760772705078,225.57111932030492,217.10675241901603,218.2605464862591,4932800
2023-11-02,231.84422302246094,232.29992338235814,225.79409874553704,228.62524929977806,7749900
2023-11-03,233.42466735839844,236.80848198486075,230.93285799281418,234.16153741012175,3929500
2023-11-06,231.02978515625,235.52860195836234,229.16820732032477,234.16150088065763,2891500
2023-11-07,227.7720184326172,229.92447102457905,226.4631041555628,227.44236726309285,4074000
2023-11-08,227.6750946044922,230.55471224252065,227.31634260411943,228.81918342022996,2532500
2023-11-09,227.0254364013672,231.99934896861043,226.70549043712208,230.21533879361462,2708800
2023-11-10,232.38720703125,232.8429074414558,227.48117091576506,228.17926453163324,2525200
2023-11-13,234.31666564941406,235.90676450968243,231.61156394484138,231.61156394484138,3035700
2023-11-14,240.31829833984375,241.9568786267348,237.24475454969843,239.2420720137766,3441800
2023-11-15,243.4500274658203,245.234037842696,241.0358006953819,241.92780588381976,3739900
2023-11-16,240.6576690673828,245.22434863003667,239.09665628141997,242.8779842501465,2625000
2023-11-17,245.3697967529297,246.52357596297765,242.39320114154816,242.48045914327747,2792500
2023-11-20,242.8295135498047,245.20496403648647,241.09398468485975,244.92379442393946,2661400
2023-11-21,241.82118225097656,242.24779669711694,240.76435133317972,241.85026825462174,1765500
2023-11-22,238.52459716796875,240.09531515083916,234.45239440159565,234.48148040178708,3593700
2023-11-24,239.83352661132812,241.32666220261072,239.19360501741843,239.24208661595827,982200
2023-11-27,239.86260986328125,240.6673570474005,238.8251746800476,239.44570066853026,1743300
2023-11-28,239.96925354003906,241.29756346175617,238.52458482906883,240.20195632403943,2149900
2023-11-29,241.8599090576172,243.92510365994946,240.75459676225037,242.08290663800113,2224700
2023-11-30,243.09130859375,243.8475742408369,240.2989340232705,243.4015642157434,3210500
2023-12-01,248.94754028320312,249.606842735329,243.37248147021634,244.24510593242215,3731500
2023-12-04,246.99867248535156,247.75493809095124,244.7395660705961,245.85458367490835,3028700
2023-12-05,247.42527770996094,249.3741284474568,246.05817655265923,246.05817655265923,2682200
2023-12-06,248.18154907226562,253.06820423517928,247.79372587276754,248.9862814714988,3632600
2023-12-07,249.57774353027344,251.48780317216819,248.0264210980875,249.38381713036983,2162500
2023-12-08,251.60415649414062,253.67905661169445,249.18022435065177,249.54866677070456,3258200
2023-12-11,252.98092651367188,254.26074001334806,251.6041202354153,251.93377140874182,2898300
2023-12-12,253.4754180908203,254.50316292449367,251.23570721847415,252.07923084714807,2375700
2023-12-13,259.81640625,260.068504628874,251.39081683945125,253.44630629762216,3708300
2023-12-14,276.4930725097656,276.77422730152256,262.3178941334029,264.160106018773,6464100
2023-12-15,277.04571533203125,278.12195649884774,271.4609962671083,271.5773402658965,7321200
2023-12-18,277.01666259765625,280.0902216834567,275.9113648874269,278.01532149252847,2691700
2023-12-19,284.0460510253906,284.11392822557906,277.4529675465846,278.07347877812384,3659600
2023-12-20,280.8948974609375,289.19443737121327,280.7106762815847,283.04735002952367,3818400
2023-12-21,281.2439880371094,281.88390963315106,277.8795692514285,281.0791476426234,3209300
2023-12-22,281.5251159667969,283.9199617278429,280.1192533002219,281.4766491672294,2833800
2023-12-26,286.6347961425781,288.0503640693253,282.1456695863946,282.71771395686767,2019000
2023-12-27,289.04901123046875,290.04766993703197,285.7621751337262,286.63478465389613,1876500
2023-12-28,287.8468017578125,290.0962179439739,287.0323640881367,288.06010897527636,2267400
2023-12-29,286.6735534667969,289.1653326463821,284.2787078793212,287.81764207256845,2300600
2024-01-02,283.8037109375,287.6141554009819,282.4851058305291,284.50180469678475,2433100
2024-01-03,275.6495361328125,280.1386629461746,274.699373722581,279.615114936501,3043400
2024-01-04,277.3948059082031,279.45029567231654,275.15509493041765,275.75622537965654,2995400
2024-01-05,280.138671875,282.14569474309275,276.78395815370044,277.5402237807914,2684800
2024-01-08,283.3576354980469,283.77454467816955,276.56092106860046,278.8103369444902,2369100
2024-01-09,283.3964538574219,283.464301468611,279.23697808641873,280.42956333237487,1974500
2024-01-10,284.42413330078125,285.5876026885374,282.5916268507288,283.260634324017,2048000
2024-01-11,283.1734313964844,286.6057274151724,280.60406937799473,285.63615460902435,1941400
2024-01-12,281.5736389160156,286.82870689449663,280.1386605275268,286.28574849647674,1955600
2024-01-16,278.49041748046875,281.3797256066497,276.9100090170535,280.0902067486383,3140100
2024-01-17,270.1520690917969,273.4389054378149,268.51348872243534,270.34596589486716,3789200
2024-01-18,273.3225402832031,273.9333758230732,269.211561472537,271.49973885914983,2479300
2024-01-19,277.8811950683594,278.6604349901957,271.7153781832133,274.99797168624775,3116000
2024-01-22,281.1832275390625,283.05341483384615,278.67987450407963,278.67987450407963,2072200
2024-01-23,281.339111328125,285.2840914386538,280.0630888716251,282.96581255551735,1866300
2024-01-24,283.1411437988281,285.0210816944974,280.8618357752642,283.29699773113566,2765900
2024-01-25,292.9694519042969,295.4435847580377,285.5276124750523,286.3750440737889,4647100
2024-01-26,291.6641845703125,295.1221320741768,290.9141654563493,293.19347327614867,2920500
2024-01-29,295.3851623535156,295.8235034213969,289.7355981791562,291.26485738417125,2101400
2024-01-30,296.85595703125,297.8008009460233,292.71618220202265,292.71618220202265,2150200
2024-01-31,292.5213928222656,297.82030762381567,292.15124344827456,297.6449830970088,2813000
2024-02-01,299.7099609375,300.08011026858037,294.10908908038203,295.37536126198825,3196300
2024-02-02,306.91802978515625,309.13889601825605,298.0637856034783,299.03785026231327,4661500
2024-02-05,313.06439208984375,326.18504493269063,307.7167863401767,326.18504493269063,6557500
2024-02-06,314.3501892089844,318.93802603185287,310.79485868211435,314.80800084785903,2825700
2024-02-07,315.1976013183594,319.3179058133374,312.7721896614378,314.5644651912786,3203000
2024-02-08,313.6488342285156,317.9639337266512,313.0838897805054,316.2496000638677,1986100
2024-02-09,308.9343566894531,313.97025442561966,307.3855974193273,313.6488261615197,2823000
2024-02-12,313.2884826660156,314.7106090246351,308.30127538693876,308.9831029467234,2483600
2024-02-13,304.72637939453125,307.8044272340025,302.72955876652037,307.59988198224823,2923200
2024-02-14,308.4960632324219,309.60651140443713,305.8271351170932,307.8142356887471,1887100
2024-02-15,314.6911315917969,314.8274852103512,307.2784827819429,307.75579476213187,2362900
2024-02-16,313.5611877441406,319.7854460490847,313.10337612186015,315.32424256638956,2513200
2024-02-20,305.6030578613281,310.72664783643654,304.62899313456813,309.031784724225,2701600
2024-02-21,308.9149169921875,309.57727390488145,304.78486213270617,304.78486213270617,1779700
2024-02-22,313.73651123046875,314.983312919319,312.0318979208478,312.6747842218937,1875800
2024-02-23,315.4801025390625,316.6489624276828,313.69754736292236,314.62292078508233,1575000
2024-02-26,316.9411926269531,318.7529387906585,313.8923652079356,315.2560499106327,1650000
2024-02-27,319.1328430175781,319.44455087596214,315.37293757530205,318.49970686692757,1640900
2024-02-28,321.0127258300781,323.0777380171043,318.5093726844827,318.8990223036964,1471000
2024-02-29,325.2986755371094,326.2045784020018,321.53879964004454,322.4154520235898,2699800
2024-03-01,327.96759033203125,329.0098169499778,324.9479838725,325.33760380009545,1815500
2024-03-04,329.86700439453125,331.4352640176022,326.1071289246504,326.8961189528087,1551000
2024-03-05,324.87982177734375,330.19820710197354,323.1362375145112,326.7208184624643,2030000
2024-03-06,326.9253845214844,328.97092661516285,325.4935080285194,327.52929996152,1542300
2024-03-07,331.39630126953125,333.46131372624933,329.65271709194155,329.7306589164005,1732500
2024-03-08,330.39300537109375,335.56528650930335,329.3312784235804,333.19831644119296,2307400
2024-03-11,326.2825012207031,329.4384617955308,322.93171578709104,328.2598516603551,1868000
2024-03-12,328.4935607910156,329.6137589457761,324.1102697627712,326.5844023553535,1645900
2024-03-13,332.66259765625,334.20163667697227,328.6397350280318,329.3702836233358,1818800
2024-03-14,333.05224609375,337.8446282141863,330.14952231800237,335.6140115216617,2110200
2024-03-15,337.97125244140625,338.2829603002302,332.30218837919875,334.0749933844,4406000
2024-03-18,342.7733459472656,344.17600142772653,338.8381164200785,339.05241183309596,2528200
2024-03-19,344.7214660644531,344.81887847251716,340.5524706437161,342.48112930944757,2207600
2024-03-20,347.20538330078125,348.89049625122306,339.11090780982715,342.01360166716455,2563900
2024-03-21,355.10504150390625,355.7284572100137,347.46837746067246,348.3937508600203,2616300
2024-03-22,348.8222961425781,356.040119151072,348.57877996709357,355.1439962719024,2052000
2024-03-25,346.7184143066406,349.56266717836974,345.82226151589606,347.70219964547005,1774800
2024-03-26,347.1469421386719,350.2639314277495,346.76704262681847,347.2151040776922,1637200
2024-03-27,355.19268798828125,355.348541907886,348.59828065065255,349.4164914340055,2262800
2024-03-28,356.9265441894531,357.6960636759996,354.1017623202503,355.16348934543595,2028600
2024-04-01,354.3063049316406,358.3876386384806,353.2348574806265,357.9493273338195,1953800
2024-04-02,355.3680114746094,355.5238653937641,352.1049185099983,352.91337913163704,1968900
2024-04-03,366.0438537597656,366.316590740237,355.14406524997105,356.010967545501,2623700
2024-04-04,360.19940185546875,371.147879817905,359.3129993913571,367.58279936841393,2492200
2024-04-05,369.4627685546875,371.11869061321744,362.1475620846938,362.8391397727651,2068300
2024-04-08,363.78399658203125,372.1025186297511,363.21905205493914,369.2777068159913,2690000
2024-04-09,362.2546691894531,367.3782592105655,356.0304109871402,365.3034965677623,2042700
2024-04-10,362.42022705078125,362.9559506965445,354.9394179704633,356.70247253878085,2148500
2024-04-11,362.33258056640625,363.68651497741183,357.3843154792476,362.9657166460604,2535700
2024-04-12,356.1473083496094,363.1703070522808,353.27380537364485,359.0792528339713,2072900
2024-04-15,354.4718933105469,364.74826414329016,352.7185589913133,363.29691723312516,2171000
2024-04-16,350.5464172363281,354.0335558648566,347.9164305940378,353.60496500868936,2513900
2024-04-17,349.02691650390625,353.49787049986503,343.72800145845156,353.24460413208755,2313800
2024-04-18,348.6470031738281,354.0530805943498,346.9326693570599,351.7834929868825,2380700
2024-04-19,346.7210693359375,352.8702783426155,344.2574893536637,350.26981788854425,2929600
2024-04-22,349.6050720214844,353.8968184777069,345.3328969697281,348.1288928727243,2085400
2024-04-23,355.1188049316406,357.3379812172376,351.0030523251719,351.9415547842825,1810700
2024-04-24,355.38275146484375,359.9286870958719,350.86617293788277,355.8031487752211,3032700
2024-04-25,330.43402099609375,334.2858282429822,322.925941525446,323.0432506055411,6459600
2024-04-26,335.693603515625,337.76614353019886,330.7566275112536,330.8641807264396,3324600
2024-04-29,341.96990966796875,343.0941914253074,336.2802098043584,336.2802098043584,2171400
2024-04-30,327.0807800292969,339.98528495455423,325.6632258153945,339.2520734303537,4201700
2024-05-01,323.6591491699219,330.92282469045034,323.3365193691325,325.9174384376261,3520600
2024-05-02,327.93133544921875,328.6352197805799,321.87989330674844,326.0543006207703,2492000
2024-05-03,329.2120361328125,333.96323338051417,327.4816673514506,330.52203738836556,1977100
2024-05-06,334.4422302246094,334.8821392485671,332.09595926013935,333.2397525568835,1653900
2024-05-07,337.2773132324219,340.73808010445396,335.7131226244531,336.759178263443,1965600
2024-05-08,336.7885437011719,338.51891241606774,331.1574688080823,332.38927389956007,2260300
2024-05-09,343.9055480957031,344.9809310147175,337.6976842688268,338.17673610765644,3208900
2024-05-10,346.8481750488281,349.50729012199685,345.6065844006105,347.0534659285471,2210600
2024-05-13,348.6958312988281,350.52396720580947,346.4375422567391,346.85790969145035,2051200
2024-05-14,350.1623229980469,352.53792157311864,349.0380711066492,349.7126282083795,1563400
2024-05-15,351.98065185546875,355.1774434266167,350.1036171875816,353.3786346968874,1913900
2024-05-16,342.86932373046875,350.73911690167955,341.78415496604794,348.7643442492786,2821700
2024-05-17,348.2950134277344,348.43189389861726,343.6904534376197,345.06889467480374,2104300
2024-05-20,354.6300354003906,356.2724223392871,346.8286526889446,348.42217078486357,2247900
2024-05-21,351.03240966796875,355.10904965284135,349.49754615117484,354.15100554345895,1841100
2024-05-22,347.9724426269531,351.1594785132019,344.66809766123964,350.47513577038404,2104200
2024-05-23,342.8497619628906,353.25157519237115,340.98251280945783,352.3326142512166,2749200
2024-05-24,341.0899963378906,345.9878588844771,338.91968902494636,344.7462981060294,2635200
2024-05-28,338.71441650390625,341.4126446160517,336.6907454197972,340.2101669064097,2264900
2024-05-29,330.5415954589844,337.5804396970854,330.1603408897533,337.2773812485175,3040000
2024-05-30,331.6560363769531,336.8373862495021,330.89349753090903,330.89349753090903,2745800
2024-05-31,330.9423828125,333.25935656988827,327.55984159243576,331.74403466942977,8319400
2024-06-03,323.94268798828125,333.75795687784444,318.4582788420413,333.2398218078728,3878600
2024-06-04,320.2374572753906,322.9356552689956,317.23617108513344,321.3519232253803,3706600
2024-06-05,322.0754089355469,323.8546463085406,319.3869665565672,322.1047362044848,2616300
2024-06-06,320.9413757324219,323.6200324457692,319.7682252904473,322.8281663394956,2452100
2024-06-07,321.5768127441406,325.4286198150585,316.47365915194945,318.89815608949027,2499100
2024-06-10,322.2317810058594,324.48031421022546,321.0879877543171,321.3519331582608,2640500
2024-06-11,319.98333740234375,321.2835827672418,316.4834869248341,320.4232763255411,3247000
2024-06-12,321.37152099609375,327.6673665552002,318.70262021523746,325.6925643542943,4817300
2024-06-13,319.0545654296875,320.5503457162422,314.2544998021188,320.1690613684249,3183900
2024-06-14,314.2740478515625,315.45695422232563,308.7798536571501,314.1958517407458,4195300
2024-06-17,315.1832275390625,316.59099622931956,311.74203175979903,314.27405229498805,3198900
2024-06-18,317.8619079589844,318.31160272114414,313.8145655961768,315.8186653741455,3275300
2024-06-20,321.7625732421875,323.6884768445934,317.31440510746546,317.7836712571757,4463300
2024-06-21,320.5014343261719,323.1507637492635,318.87858915585775,323.1312221813518,8265100
2024-06-24,322.61309814453125,326.20095996923857,318.77107659053394,321.98740993668184,2447300
2024-06-25,320.0712890625,322.0949601834011,317.1091154729245,320.6676499947673,2990400
2024-06-26,319.41632080078125,320.3743648899661,316.53234316235506,318.9470546236889,2198600
2024-06-27,320.1299133300781,321.86031158915625,317.4023879914326,318.73193054345944,1995100
2024-06-28,325.6436767578125,326.7092739016713,320.9706766111107,321.1564259130584,8891500
2024-07-01,321.71368408203125,327.78469760024433,318.08673906067565,327.6087041423646,2950200
2024-07-02,320.4232482910156,322.701079154194,318.29202394346487,320.6578664511492,2119800
2024-07-03,323.20941162109375,323.99152183825186,320.91203930898064,320.91203930898064,1352200
2024-07-05,321.00006103515625,325.9761204375018,319.3185611522167,324.14798419387586,2280900
2024-07-08,321.69415283203125,325.8001498503547,319.8171477863945,322.96504104346326,1913400
2024-07-09,318.76129150390625,322.73040784743284,318.53642920981616,321.1857885623158,1896100
2024-07-10,321.12713623046875,321.12713623046875,314.4402500810856,318.80040666802995,2904400
2024-07-11,323.7178039550781,326.94392295868965,321.92875100068295,322.61309373936683,3016400
2024-07-12,328.07794189453125,330.6588608190594,325.96628909295015,327.4522835650556,2451300
2024-07-15,338.03009033203125,340.11241605670915,330.27760681495914,331.50941185422363,3394300
2024-07-16,352.508544921875,354.17050302206457,337.53149979054893,339.0663332818111,4637000
2024-07-17,349.790771484375,354.5713250193197,348.2266107419071,350.9345946076197,3061000
2024-07-18,348.0604248046875,360.96496057964737,347.786693674162,348.5199052560471,3876300
2024-07-19,339.84844970703125,348.5101079179517,338.92948883499594,347.39564186461496,3462700
2024-07-22,341.46807861328125,342.3122674497271,335.09752488155044,341.5956909919498,2659600
2024-07-23,337.8361511230469,342.24351074236426,335.09748792857096,339.36743958629154,2027800
2024-07-24,329.8558349609375,338.47425465697745,329.2766963771079,336.63867322301763,2835800
2024-07-25,337.9637756347656,341.79202722575,327.8042724376455,329.33556109165613,3291300
2024-07-26,344.0300598144531,346.44477957279787,340.4963053169015,342.223925283695,1894900
2024-07-29,338.18951416015625,344.9134576319874,336.81528475384397,343.735529594603,2190300
2024-07-30,335.4313049316406,339.35769266116654,332.3883484500658,337.33560537693756,1970800
2024-07-31,339.828857421875,344.53068498603665,334.57730803639856,338.9944940689743,2568100
2024-08-01,325.4189758300781,343.3920116964707,322.0422802809925,339.9269760258981,3747900
2024-08-02,314.9649658203125,317.4484045686306,311.8140484259861,316.8103726288887,4246700
2024-08-05,310.9698486328125,314.6802832714601,301.39928000592437,303.3134057136846,4681300
2024-08-06,320.4324951171875,326.05705615035185,304.7858381012764,308.27049512133846,5071700
2024-08-07,319.80419921875,329.0115812402682,318.4790676122383,327.37233149409906,3011700
2024-08-08,329.9736328125,330.2386532036537,321.58096095442744,323.9269920331655,2268300
2024-08-09,332.0349426269531,332.27051627267304,326.3613143301957,329.81652427656763,1668100
2024-08-12,329.84600830078125,333.5957156844987,327.4607350001287,332.03498019311024,2127600
2024-08-13,332.56500244140625,333.2717533751379,327.58832915383624,330.9748203294997,1503800
2024-08-14,331.37725830078125,335.49997682056465,328.442293470776,333.350277443872,1610900
2024-08-15,339.2791748046875,341.2423686504566,334.5184237375051,338.16013993373787,3232600
2024-08-16,337.1589050292969,339.4754592728265,334.4889603340665,338.8963207119441,2483800
2024-08-19,338.3073425292969,339.73066991964384,336.98218081344936,337.3551924029725,2252600
2024-08-20,336.982177734375,339.7993857825735,335.5294336065061,338.6509043177441,1479500
2024-08-21,336.65826416015625,339.23986860202876,335.5588805094633,338.23862066903797,1433200
2024-08-22,336.0594787597656,338.78834672453473,335.48034022061046,336.6877151143491,2021400
2024-08-23,341.9981384277344,343.1073475844006,336.7564152063178,338.6214431010159,2183900
2024-08-26,344.6975402832031,347.88772992392984,342.51839416114535,343.3723785950944,1718100
2024-08-27,344.6582946777344,345.2472588019931,340.71228597033235,343.90247585777746,1210800
2024-08-28,341.7920227050781,347.90735168605795,339.4754386463445,344.13802351404354,1514500
2024-08-29,345.168701171875,349.89997481742427,341.09505062824826,344.7564173495382,1664500
2024-08-30,349.546630859375,349.68403883600234,343.3919996742977,346.1012164622153,2974100
2024-09-03,333.978515625,346.1405154475567,332.1723809455908,345.72823157392776,3107200
2024-09-04,330.5527648925781,334.5773182811261,329.119641768018,332.358899642042,2782500
2024-09-05,327.4214172363281,330.2974885920603,324.47662691705,329.8361369104685,2525500
2024-09-06,323.2987365722656,332.38833333878796,322.081566017356,328.0496918702464,2676600
2024-09-09,327.8926086425781,330.1698904880472,326.8422928605464,327.7649962636079,2355800
2024-09-10,328.0103759765625,329.5711112257763,323.3281702289211,328.9428749223174,1869200
2024-09-11,328.8349304199219,329.3061076715338,320.1085204248442,326.8717368054746,1934700
2024-09-12,333.3306579589844,334.76381098337947,327.53924231249545,329.1098033240754,1747000
2024-09-13,338.9552001953125,340.8300537421004,334.0864882885923,336.11840092346256,2518600
2024-09-16,341.556396484375,344.9919851067803,337.9539531899308,341.9392335954445,1648200
2024-09-17,347.1809997558594,348.05460539409,342.81288169682875,343.5589049048147,2088400
2024-09-18,348.5846862792969,354.97489168318214,345.8362269421205,348.46689944426936,1990700
2024-09-19,366.4399108886719,367.7945193095309,354.62147664594164,356.31964994912784,4066600
2024-09-20,362.03253173828125,364.6141360636986,359.107362548531,363.5834414706998,5440500
2024-09-23,364.33935546875,366.1062180077938,360.22646182516996,362.1994513373778,2442700
2024-09-24,378.8276062011719,382.2631946417365,372.515946626935,373.006744975587,4024300
2024-09-25,371.2889709472656,381.4877755657597,370.96505720015944,379.87794251577475,2661500
2024-09-26,383.7651062011719,389.90991223000435,379.0927254420988,382.83260714267414,3906800
2024-09-27,383.8829040527344,388.2804689669952,381.97863361837324,383.80438948103335,2683700
2024-09-30,383.92218017578125,385.5320134934558,379.70132542834966,382.2142111314841,2251300
2024-10-01,385.16876220703125,388.21168816012243,379.5147553544004,384.0693486866099,2091400
2024-10-02,386.7982177734375,388.37860424231803,381.48780529956053,384.76633510767374,1767900
2024-10-03,383.8926696777344,386.7491198172925,381.5662901712787,385.11966561624104,1866100
2024-10-04,389.78228759765625,390.14547363736347,384.6387297156135,389.41910155794903,1675100
2024-10-07,390.9209289550781,393.78720481629904,388.8497740681618,389.15406668229684,2224500
2024-10-08,380.8202819824219,387.7307317666395,377.7675303466121,387.00435972847646,2438800
2024-10-09,388.8988037109375,389.3012619575587,380.3687258874623,381.0264088651005,1757900
2024-10-10,389.340576171875,389.65466438702776,383.31355733202025,387.9074232496681,1331700
2024-10-11,394.6215515136719,396.172491298885,389.3405856683632,389.3405856683632,2110400
2024-10-14,386.7000732421875,388.9970061707572,379.75035108870856,386.1503814279635,3006100
2024-10-15,380.8497619628906,385.2473267472386,380.4571292040644,383.4411920918705,2715100
2024-10-16,386.37615966796875,387.33813539589676,379.8092741348537,380.27062586735514,1551600
2024-10-17,387.23016357421875,389.81176829470206,385.92465283711755,387.87802114314303,1561500
2024-10-18,386.6117248535156,389.1540870818489,382.5479294307106,388.9577557274893,3024100
2024-10-21,384.67108154296875,387.3013447699051,383.44950781225543,386.45415288814644,2375900
2024-10-22,382.68109130859375,385.4690078307219,379.9917232191822,383.9322174757481,1523900
2024-10-23,379.9917297363281,384.2277491093533,376.99694563217133,381.1935817077368,1500900
2024-10-24,381.3018798828125,382.58252834147595,376.5338859958073,381.19353073390823,1844100
2024-10-25,380.2281188964844,386.19796490766134,378.5928102771386,383.81395280718334,1606800
2024-10-28,384.7991027832031,385.7448430550444,381.607312040599,382.61215732148213,3213900
2024-10-29,381.7452087402344,383.804113202488,379.814345076765,383.7055948419301,2186400
2024-10-30,373.5982360839844,382.4840695221602,361.73737048611935,368.4361984321799,4037500
2024-10-31,370.603515625,373.27319220122763,367.2048271311482,371.7364017684217,2394500
2024-11-01,373.9824523925781,377.56828642682177,371.3324676784097,372.44566208310454,1633300
2024-11-04,370.9187316894531,375.8147972452483,369.716879679874,372.4752438325341,1793600
2024-11-05,377.6668395996094,380.3266854146116,370.06168400615496,371.5196777951795,1724100
2024-11-06,410.6783142089844,412.0771728275753,397.9997788110341,399.1425257474463,4720000
2024-11-07,402.13726806640625,412.27419761554546,401.47725213641627,408.7474686034661,3211100
2024-11-08,387.5180358886719,397.0638852428697,386.5624648676932,394.9951198294167,3345900
2024-11-11,390.6408996582031,396.09846246158685,389.13366183417213,391.99051410711905,1858900
2024-11-12,387.1634216308594,392.7983296212711,385.33107616817347,391.8723110657304,1737100
2024-11-13,381.3117980957031,385.3803633635105,379.93263107193445,383.1638352691581,2001900
2024-11-14,381.5974426269531,384.375498243964,380.464556560942,382.7204979007347,1372500
2024-11-15,378.3564147949219,382.7106441162701,376.514238538691,380.24783520396466,2165500
2024-11-18,378.7406005859375,380.55322435324064,377.2235319287858,380.25769930667485,1626200
2024-11-19,376.64227294921875,377.5485998415254,372.4062537174614,372.4062537174614,1793200
2024-11-20,375.82464599609375,380.4547388503135,372.8397227494415,378.29731580372874,1859600
2024-11-21,383.7942810058594,386.1881240218954,373.36182619808653,378.2086473017753,1833500
2024-11-22,391.5767517089844,392.23679771788875,382.11958964507824,384.5528159614837,1893000
2024-11-25,399.6153564453125,401.093041749607,394.0494144785203,394.0494144785203,4398000
2024-11-26,401.7629089355469,402.33429740849004,395.78323206209285,397.64509986793536,1796600
2024-11-27,397.69439697265625,405.9891205909885,397.241218484973,402.3244597104573,1371900
2024-11-29,400.06854248046875,405.0729873506196,398.9750696829707,401.2703945102054,1962100
2024-12-02,396.5220642089844,402.078145040307,394.8276506095007,401.39840742947104,1548500
2024-12-03,393.3204345703125,399.4971483490257,390.7000023438202,397.5170404114181,1716200
2024-12-04,393.56671142578125,395.4975451284218,390.2369890813724,392.64069290170596,1193800
2024-12-05,389.1041259765625,395.4581550869783,388.345561572395,394.5419973645386,1291400
2024-12-06,389.1533508300781,393.79327428598947,386.8974095055213,392.22693146491326,1331000
2024-12-09,393.3204345703125,403.6149575348345,392.51262605149316,396.5516385820052,1739800
2024-12-10,382.6121520996094,389.5868136436321,379.8734797546467,384.9074767556376,2251000
2024-12-11,383.0849609375,385.5280779785455,381.66638072832296,384.6710253654141,1651600
2024-12-12,375.1153564453125,384.07012620030366,374.49472377832336,383.26231764760087,1804600
2024-12-13,374.849365234375,377.19396405354007,373.25346992078113,374.93802274473194,2034800
2024-12-16,373.28302001953125,376.63243399808243,372.14027312076263,376.090598020168,1311100
2024-12-17,370.2094421386719,373.2535005620767,368.2687474164283,370.4360313927972,2138700
2024-12-18,358.47662353515625,375.4896964442645,357.6294016479219,373.06630092572107,2820700
2024-12-19,355.0090026855469,364.072152233419,354.65437260432145,362.9589577058152,2616700
2024-12-20,360.59466552734375,365.9635713260587,351.9255594590197,353.16682486550593,5142000
2024-12-23,359.9543151855469,360.9000253936627,356.12217007291343,359.4420316891456,1804900
2024-12-24,362.10186767578125,362.10186767578125,357.26490747522683,359.0282870338319,886000
2024-12-26,361.6585388183594,362.02302970752834,358.4568874052173,359.6193259338057,1097900
2024-12-27,359.43218994140625,361.93441235664716,356.3684699104998,357.984087079524,1245800
2024-12-30,357.6097106933594,359.3927819196936,353.4032138801966,355.0680750903118,1422200
2024-12-31,357.3634033203125,360.32860455266587,356.417663133481,358.09238507536014,1168100
2025-01-02,354.4178771972656,363.3628155750329,352.7628769025225,360.07250663301375,1802600
2025-01-03,358.37811279296875,359.0578504629581,354.1420633938311,356.21082890842524,1390800
2025-01-06,358.78204345703125,365.3232488253544,357.1861178990618,361.5403776370011,1590700
2025-01-07,357.5998840332031,360.64391249626846,355.7182942588965,358.71307856502324,1607400
2025-01-08,355.6985778808594,357.4816491537428,352.37871622983977,357.05805323003807,1828800
2025-01-10,345.77838134765625,354.4967311635836,344.5962210099221,352.50676226385065,2773900
2025-01-13,357.1073303222656,357.7969289165992,346.5664950293868,347.70924209404865,2746000
2025-01-14,366.0423583984375,366.46595430239773,359.7474045915935,360.0527904817588,2331700
2025-01-15,369.3130187988281,374.2878811953833,368.76132189749273,373.49979430248334,1984500
2025-01-16,374.88873291015625,375.7458156017318,369.14547617893044,370.7118189238102,1974700
2025-01-17,380.2773742675781,381.09504363317103,376.31718849945327,378.97703405616585,2605900
2025-01-21,393.8724670410156,398.0449300213211,386.39763272350876,386.5953917965045,3144500
2025-01-22,393.1308898925781,395.96858455161015,390.65905251187843,394.1888435332287,1994800
2025-01-23,401.8218994140625,404.9759664893387,392.7947440037063,392.89362353882234,2587400
2025-01-24,403.0380554199219,404.78810551839297,400.71452212050696,401.1594649428324,1938200
2025-01-27,390.53057861328125,395.03920800084387,385.527581703628,392.7156746122581,2964400
2025-01-28,385.8934020996094,392.40916230606075,382.1263240610033,389.60115845050495,1788900
2025-01-29,388.80029296875,394.8612134542338,386.71404633148836,387.5248163108526,2675800
2025-01-30,370.755859375,376.5201711207369,368.9563544419647,369.2925207194882,4234600
2025-01-31,367.2557373046875,373.74183660541735,367.0975360810358,373.20791124731755,2858000
2025-02-03,357.47711181640625,364.3982565189411,355.6380792788692,360.0379619092849,3079300
2025-02-04,357.8726806640625,365.4958198182825,355.36128506736645,365.4958198182825,2709800
2025-02-05,354.8075866699219,358.9108311845166,353.17617983566134,358.78229079733126,2134200
2025-02-06,361.3332214355469,363.3996739853711,358.43620492446894,359.8006640659313,3007000
2025-02-07,359.7809143066406,365.36726129638174,358.49554063920164,365.09041668973015,1804800
2025-02-10,359.12835693359375,362.11432601236834,357.47715607366405,361.21457346878987,1944400
2025-02-11,358.1495361328125,360.3148684761588,356.9136172233135,357.66503540210385,1516900
2025-02-12,348.07427978515625,354.88664828268173,347.4810327470962,352.97839696377673,2833100
2025-02-13,349.715576171875,353.56173957213707,346.4725266288814,348.59830081131184,3547200
2025-02-14,349.3398742675781,354.8372387184535,348.8257127315832,352.5829240168269,2045300
2025-02-18,350.0121765136719,352.9091627103366,347.1547179903498,351.4656181146212,3120200
2025-02-19,349.0234680175781,349.8638988336833,345.65187792097174,347.9061925980993,2211000
2025-02-20,345.21685791015625,352.8301303330373,343.5360263260326,351.0009643432489,2174100
2025-02-21,336.20947265625,348.03473532840366,333.79695673609234,346.58129360743817,3225200
2025-02-24,335.1020812988281,341.5585196769877,332.4423817204603,339.521727979815,2513300
2025-02-25,338.5033264160156,340.3522863556574,332.59070996787545,337.158661194967,3323500
2025-02-26,338.7208251953125,344.85099430413646,336.2885455283807,341.558520009497,2397800
2025-02-27,336.1698913574219,343.0119506579906,334.6472310479046,339.77876797988193,1971000
2025-02-28,340.075439453125,341.01471966550287,334.9241080124242,338.12763015794593,3210300
2025-03-03,328.29962158203125,344.2281300704729,326.3122543116753,343.7139986645517,2569700
2025-03-04,323.0691833496094,328.1809569257522,315.0900841120861,323.70198827631936,3500200
2025-03-05,334.6769104003906,335.6854394414722,324.94776133327605,325.41246800398267,3189100
2025-03-06,337.1685485839844,338.0584040929785,328.7741675030555,331.49318888674804,2234100
2025-03-07,346.3538818359375,348.1533868992535,335.5766756424088,335.5766756424088,3063800
2025-03-10,341.32122802734375,348.4401326626274,337.9990926467447,341.1136021095063,2809100
2025-03-11,335.9424743652344,341.26187340243524,332.5807814572545,340.04574868438027,3190900
2025-03-12,334.32098388671875,341.02460625064015,331.6711812213596,339.16577954772293,1816700
2025-03-13,329.5552978515625,336.81260995465266,327.93378795784207,332.24465856384614,2490300
2025-03-14,335.8139953613281,338.13749864857215,333.1542955956353,333.91561074082847,1936100
2025-03-17,338.78021240234375,340.480807823834,335.181202120341,335.91285644575436,1683800
2025-03-18,332.91693115234375,338.14734740145593,331.5722661256312,338.14734740145593,3310000
2025-03-19,334.8054504394531,338.14737966275834,332.87743523863753,333.1344858278005,2407200
2025-03-20,332.462158203125,335.95239169790403,329.8518832062257,330.80109057262484,2782900
2025-03-21,331.9974670410156,332.16556528264994,325.50147026333013,327.47894044170863,6766100
2025-03-24,337.8211364746094,339.28444511822585,335.4679420977874,336.7137278114337,2277200
2025-03-25,338.7604064941406,340.9257387218181,336.99056226161616,339.7095837172678,1678000
2025-03-26,337.26739501953125,343.3580064869416,334.9735526587602,339.49204885958767,1703200
2025-03-27,335.477783203125,338.1473798504108,332.8378775735498,337.2377303474413,1481100
2025-03-28,325.97607421875,334.439644174798,324.3545341878117,333.2037253123634,1965200
2025-03-31,326.0848083496094,328.2402736968384,318.3726870071545,321.96180007668903,2837500
2025-04-01,326.8461608886719,328.4676707208207,320.24141783131955,323.32626643660745,1955300
2025-04-02,330.89007568359375,332.56104033315785,322.4265060636214,322.45616690819,1747600
2025-04-03,302.3156433105469,321.04228786673366,301.5641950050823,316.06895169376577,4638700
2025-04-04,284.8347473144531,290.9748129970618,278.3288847068345,281.7894569856051,7216800
2025-04-07,276.9051208496094,291.03415240559116,264.2888526321059,272.89085917563966,7824700
2025-04-08,270.85406494140625,288.4930935009209,265.24792428473927,286.6244000645634,4989000
2025-04-09,297.619140625,298.45954126030085,266.09826308431235,267.709906008795,6457300
2025-04-10,285.9026184082031,294.9099798436926,276.6480430470246,293.33789480252085,4116800
2025-04-11,290.1443176269531,292.0822299105863,280.9391965624461,285.6950098232099,3197900
2025-04-14,294.76165771484375,299.0725577762292,292.37880287056214,295.3054800402352,2758400
2025-04-15,290.12451171875,298.3310305467854,289.09624901584795,293.4862047756495,3611300
2025-04-16,286.8716125488281,292.3986380628229,284.37008381253935,289.41263878964986,3017200
2025-04-17,290.9352722167969,294.3464200183395,288.6117389442822,288.87871670410567,2717600
2025-04-21,282.8879699707031,289.1072630638046,280.62280087492536,287.4481118219761,2978300
2025-04-22,289.2761535644531,291.3227522615063,285.1332631943687,285.630011039655,2231200
2025-04-23,293.8462219238281,303.3738423614184,293.260063079869,299.3800004311332,2458300
2025-04-24,304.8641052246094,306.2053306122223,295.13780321734265,295.4954471505271,2874400
2025-04-25,304.456787109375,305.98674874666597,301.9332993951868,303.1155617725108,2162400
2025-04-28,305.06280517578125,309.40437678932005,301.8736922803786,304.4567873162641,2189600
2025-04-29,305.40057373046875,306.662332680351,300.9397877159964,303.0161901016819,2651000
2025-04-30,307.2583923339844,313.9942917065583,300.21451173185517,313.1597589891426,5124800
2025-05-01,311.91790771484375,316.8158646562088,308.99702787295735,309.35470209802673,2961000
2025-05-02,321.57470703125,322.55828847115407,316.4085471628867,316.4085471628867,3765200
2025-05-05,321.0083923339844,324.3465537690014,317.3026726472102,317.3026726472102,1829100
2025-05-06,318.8028564453125,321.99196922018376,317.7696124061925,319.45853694033906,1724200
2025-05-07,318.2067565917969,320.70041026292506,316.04091285285153,320.640802944513,1555500
2025-05-08,322.1409912109375,326.73093664329053,320.79976590846303,322.7668983733645,2553400
2025-05-09,323.5020751953125,325.60828129474834,321.2071024813911,323.53187885449006,1646200
2025-05-12,340.32196044921875,348.71701174857753,337.5203254486147,340.87831564927376,4592000
2025-05-13,350.2469787597656,353.0188099028932,345.80605181628016,346.66044355583233,4132500
2025-05-14,347.3857421875,350.1377146158235,346.5114610396915,349.43234109301295,2052200
2025-05-15,347.5347595214844,349.0548068658775,346.2332824634327,347.1671709306113,1580400
2025-05-16,351.28021240234375,351.91606423271253,345.9749487589261,349.25350291098243,2561700
2025-05-19,350.27679443359375,350.6642419997498,346.27300788153656,347.425466558832,2277700
2025-05-20,347.2168273925781,350.16751104595846,345.2298358500751,348.5580527475846,2266000
2025-05-21,340.2822265625,346.1537898680841,339.4278044828927,344.38536871066407,2093400
2025-05-22,342.9447937011719,345.1106071174882,338.3747072761976,339.7755398947555,2174100
2025-05-23,341.156494140625,342.6964003081103,334.0529758143313,335.4339493547254,1936600
2025-05-27,349.22369384765625,351.041777693645,344.36548517349894,347.6738429339691,2240100
2025-05-28,347.2168273925781,350.5052959698938,346.5909202056361,350.19731470633263,1924400
2025-05-29,349.50189208984375,350.793424487866,346.47171174204493,349.90922900161024,2290300
2025-05-30,345.7663269042969,350.94243130605423,344.76288648817604,349.54159865117055,4867100
2025-06-02,342.4281921386719,344.21647235396597,337.29180579108805,344.21647235396597,2552700
2025-06-03,347.1274108886719,348.55804720203946,342.67656930849216,343.7495313839757,2614300
2025-06-04,347.057861328125,349.4422754130793,347.057861328125,348.02155343038675,1616300
2025-06-05,346.69024658203125,349.22367877632337,343.60048954741,348.7169862736485,1753300
2025-06-06,351.0517272949219,355.11512125061853,349.9688205719783,351.2702975714205,1608000
2025-06-09,355.74102783203125,358.1154668909394,351.6279409044761,352.9095589017832,2147100
2025-06-10,356.2377624511719,358.0160979345441,353.7738821862923,357.10209886403334,1894300
2025-06-11,360.7780456542969,361.920559653724,355.4230892394994,358.59234297089324,2551700
2025-06-12,358.6122131347656,359.64545719173174,355.5423149423307,357.5094474186363,1571800
2025-06-13,354.7276306152344,358.0359883034398,353.386435663939,354.90648288527893,1609600
2025-06-16,360.0826110839844,362.23847993685195,357.85719025029266,358.65197474258684,1579800
2025-06-17,355.3535461425781,360.03293287000406,354.7077799805996,358.37378165717945,1560100
2025-06-18,357.4597473144531,361.8609563889976,354.63822311278886,354.80713072529545,2000500
2025-06-20,358.175048828125,361.8807986003155,356.8040502685122,360.58926635408295,6268300
2025-06-23,363.84796142578125,364.7122978819513,355.4032475046313,357.5790056345484,2927400
2025-06-24,370.5937805175781,371.6766872665631,365.5269763553201,367.4841642313238,3841800
2025-06-25,369.1631164550781,371.75615598106936,367.10660341200935,370.57389368026253,1737700
2025-06-26,379.3961486816406,379.8432035621604,370.61365019501596,371.5673975925413,2575100
2025-06-27,382.2077331542969,384.9696500662751,380.2604900161246,380.5287229479021,4455000
2025-06-30,385.6849670410156,386.6188554483525,382.3070876387103,383.7973312267053,2791400
2025-07-01,388.3773498535156,391.32803327605063,381.750720237302,384.0754965218626,2393600
2025-07-02,395.8384704589844,396.04712637833603,386.8870951359015,390.1457597037588,2713700
2025-07-03,395.2721862792969,399.8025545835402,395.00395335406023,396.325319619197,1737800
2025-07-07,388.9635314941406,395.4709165408775,385.5657626825455,395.4709165408775,3012900
2025-07-08,391.7254333496094,393.37463987224345,388.9734308191112,389.87751555665005,2003600
2025-07-09,399.5640869140625,401.13382707346665,394.29857191650166,397.1200960207684,3101000
2025-07-10,405.6741027832031,409.3202454948772,400.8159243732288,402.02799039061296,3382800
2025-07-11,403.27978515625,404.23353253245483,399.0872321178489,402.8128409676455,2072600
2025-07-14,403.1307373046875,404.14412231794967,399.6137843736086,401.37226083914805,2497500
2025-07-15,402.00811767578125,406.09137048085097,400.3986291614422,403.61757587103745,2167000
2025-07-16,410.19451904296875,410.38328565590206,400.6967023547706,402.3657678931548,3242100
2025-07-17,415.35076904296875,417.1688528968994,410.19452375484116,412.16162590514585,2444700
2025-07-18,411.01910400390625,417.1688449088828,409.4791977723881,415.9766682416348,2526600
2025-07-21,408.8952331542969,416.2341335190825,408.66588110659075,416.0247436503992,1833300
2025-07-22,415.99481201171875,417.3209883603129,409.20432413423094,409.20432413423094,2185000
2025-07-23,426.3650207519531,426.93339509817434,418.24835634773757,418.7967685154,3254900
2025-07-24,428.28948974609375,428.9276708650651,423.28388211853326,425.8166139854562,2511400
2025-07-25,432.50738525390625,433.62417178908066,427.3920769006959,428.4590188488235,2218400
2025-07-28,431.69970703125,435.1497862317508,429.8849137013906,430.014546143545,2550300
2025-07-29,428.8179626464844,433.96318371482994,423.58300306551155,433.3050708587468,2383700
2025-07-30,432.8763122558594,435.5785400281656,425.2083404150878,428.7681202515753,3172600
2025-07-31,436.76513671875,439.8861746733199,432.43757372751287,432.8862967265972,4116400
2025-08-01,427.4618835449219,429.62564984866833,420.08308928520626,425.7468098149209,4027300
2025-08-04,432.45751953125,435.63838304123453,428.75812627659764,429.62562897383896,4059500
2025-08-05,432.98602294921875,438.4802171338295,425.347963769708,426.4248563817632,4329900
2025-08-06,426.4946594238281,433.4646245783156,424.3209120396743,432.09855425368823,2630800
2025-08-07,415.9250183105469,426.1057599019703,408.7855268233796,425.6171734050628,4261100
2025-08-08,415.32672119140625,420.691313160362,414.56891917087836,419.31526178629974,2965200
2025-08-11,407.3695983886719,417.09166599824556,405.6345625535386,415.7854213999866,3416000
2025-08-12,411.52764892578125,416.9919606312964,408.46646707011735,409.8225562995755,2765100
2025-08-13,412.51483154296875,414.34955660211324,409.3638807576498,413.9905721176337,4403000
2025-08-14,416.3039245605469,418.03892998154646,405.8340054997427,408.1274041695732,3676000
2025-08-15,406.62176513671875,415.3666297441018,405.9337394254602,414.529039841298,3107400
2025-08-18,411.4578552246094,411.956422790306,404.2984018542919,405.83399847707943,3185200
2025-08-19,414.8979797363281,420.6714010372175,412.87379650719436,418.1087562822111,3543600
2025-08-20,419.38507080078125,420.711277596585,410.8695280645389,413.6116497382451,4060200
2025-08-21,416.6928405761719,419.37510625067733,412.9735153499375,418.72697446099795,2504300
2025-08-22,434.421875,436.58564118884374,418.8465987251537,420.40212709183606,3785100
2025-08-25,431.0615234375,435.64835132275283,430.93192142623974,433.7538005786692,1857900
2025-08-26,430.0245056152344,430.95183398228136,426.0160029200068,430.1640887096639,2792200
2025-08-27,431.43048095703125,433.8136181541011,427.7211369627617,428.4989011665529,1970900
2025-08-28,433.6640625,434.7310044402134,431.3905955187873,433.6640625,1651700
2025-08-29,417.83953857421875,426.87358096198886,413.1829038472491,424.19128486624453,3673800
2025-09-02,414.8580627441406,416.01474315793325,409.3439066382206,412.724209368634,2329500
2025-09-03,413.9307556152344,416.93214227776474,410.19149864901925,416.93214227776474,1496700
2025-09-04,419.0161437988281,419.58451815092326,413.1031395235839,414.61877403235366,1634600
2025-09-05,421.867919921875,423.6827131725115,416.71274830997766,419.6343469550297,1843200
2025-09-08,421.5688171386719,422.6955847794866,415.5860059599613,421.43918469430895,1876700
2025-09-09,416.8922424316406,422.3365919767216,415.24697547589176,421.94772508143404,1710700
2025-09-10,421.69842529296875,425.27813679041907,418.2981908173055,418.61728136502654,2221000
2025-09-11,430.1441650390625,434.54153469362626,422.1072581801087,422.70554535497484,2737900
2025-09-12,430.28375244140625,431.3706261120489,426.52456385045963,427.8308084730765,2341800
2025-09-15,434.69110107421875,437.49304842000095,429.37635366734366,432.58713007751237,2255800
2025-09-16,439.4075622558594,439.53716426471664,433.03585400730253,434.88056013055586,2366300
2025-09-17,449.3689270019531,451.04410673823384,441.73086815825343,443.72513844339227,4512200
2025-09-18,465.6222229003906,466.37007426574445,447.5840516196742,449.6680604395089,4331900
2025-09-19,465.2034606933594,470.7674616718317,461.3844158696002,468.9128048223913,5069300
2025-09-22,470.7475280761719,471.8842463661743,458.29328889255106,465.9712420078949,3180000
2025-09-23,469.909912109375,483.9495613806235,466.8486999504731,471.9041823736526,3856600
2025-09-24,468.4441223144531,475.1548222794047,467.28744190938994,471.34578920100705,2776700
2025-09-25,462.3915100097656,466.65924720718954,458.2633559087687,463.3786640642868,2979200
2025-09-26,464.4256896972656,467.1079857573462,461.05536793076135,464.1464930649597,2329000
2025-09-29,470.2589111328125,471.1363949665665,466.1208061910485,466.7390251384249,2892100
2025-09-30,475.7830505371094,476.072228263086,468.89284271224193,470.268894145333,2315300
2025-10-01,479.4425354003906,482.54361114453235,469.79027434544594,472.6520473886032,2964700
2025-10-02,489.16461181640625,494.55911678366994,482.8028845087986,485.4652183944898,2648600
2025-10-03,496.4237365722656,503.03474743310267,491.11897031314584,491.8369088326519,2996500
2025-10-06,493.9608154296875,504.14155678979466,491.6275228305234,498.98638510566,2629200
2025-10-07,485.3156433105469,496.9522239716332,482.1646925656168,496.503500979323,2135400
2025-10-08,500.6814880371094,508.02041843855267,487.93810225651043,489.5833691396807,3959400
2025-10-09,498.9265441894531,505.07888164093634,495.715798121954,502.615956528483,3113900
2025-10-10,489.8924865722656,510.03462875579584,489.8924865722656,501.67863133765894,3889100
2025-10-13,503.31396484375,504.9293189718192,494.03063872194167,500.7114261917434,2618400
2025-10-14,525.9588623046875,530.037171954866,497.5804341337534,499.1459132338522,5459800
2025-10-15,532.52001953125,536.9074385752943,525.699649124954,532.6696141492312,3447100
2025-10-16,539.4102783203125,543.4287015186642,533.1682022466497,536.518561903597,3463100
2025-10-17,525.5700073242188,540.6566668811106,525.4602762048469,535.8404871076843,2814700
2025-10-20,531.1799926757812,534.2000122070312,526.9400024414062,529.5599975585938,2170800
2025-10-21,524.6500244140625,533.3800048828125,522.0399780273438,525.0700073242188,2259100
2025-10-22,513.9099731445312,525.7999877929688,510.2099914550781,525.72998046875,4149000
2025-10-23,520.5,522.8900146484375,513.010009765625,518.3300170898438,2619400
2025-10-24,522.72998046875,527.22998046875,521.02001953125,522.8599853515625,2392000
2025-10-27,527.0700073242188,529.469970703125,521.4299926757812,527.0499877929688,2493800
2025-10-28,524.469970703125,530.2899780273438,521.6699829101562,525.9600219726562,2775400
2025-10-29,585.489990234375,596.2100219726562,558.0,558.1799926757812,6948500
2025-10-30,583.1500244140625,593.77001953125,575.77001953125,577.8900146484375,2574800
2025-10-31,577.260009765625,587.0499877929688,571.3499755859375,584.030029296875,2974800
2025-11-03,570.5900268554688,576.219970703125,565.3900146484375,575.9299926757812,2439400
2025-11-04,547.5800170898438,566.5,545.2000122070312,565.0,3440700
2025-11-05,569.1500244140625,574.010009765625,550.3599853515625,551.9400024414062,2701300
2025-11-06,569.780029296875,583.989990234375,564.22998046875,573.2000122070312,2245800
2025-11-07,563.0999755859375,565.5800170898438,550.3300170898438,563.5499877929688,2320100
2025-11-10,570.8499755859375,574.1799926757812,561.510009765625,570.0,1829900
2025-11-11,567.9299926757812,570.4500122070312,560.260009765625,568.719970703125,1517400
2025-11-12,573.02001953125,581.27001953125,570.5,570.5,2645100
2025-11-13,553.5499877929688,576.8200073242188,544.6300048828125,572.77001953125,3458700
2025-11-14,554.030029296875,558.3099975585938,541.0,548.9600219726562,2764500
2025-11-17,552.0499877929688,561.5900268554688,547.5700073242188,552.5900268554688,1941100
2025-11-18,546.8800048828125,551.5700073242188,538.0499877929688,543.3499755859375,1918600
2025-11-19,553.1099853515625,560.9099731445312,547.6400146484375,550.0,1880900
2025-11-20,546.1300048828125,568.8699951171875,541.0,565.9500122070312,3195000
2025-11-21,550.4299926757812,554.989990234375,537.0800170898438,545.8200073242188,2921600
2025-11-24,559.5999755859375,565.739990234375,550.6699829101562,552.1300048828125,4653500
2025-11-25,566.6099853515625,567.1400146484375,547.5499877929688,564.5900268554688,3105100
2025-11-26,573.72998046875,574.8800048828125,566.02001953125,566.6099853515625,1995100
2025-11-28,575.760009765625,577.3599853515625,572.4000244140625,573.7899780273438,1019500
2025-12-01,568.0599975585938,575.5900268554688,567.0,570.4099731445312,1764500
2025-12-02,582.469970703125,585.5599975585938,569.0599975585938,571.3300170898438,2749500
2025-12-03,591.489990234375,593.239990234375,562.2100219726562,581.4000244140625,2545700
2025-12-04,599.1500244140625,602.719970703125,587.0,590.1799926757812,2313600
2025-12-05,603.1699829101562,607.0,597.739990234375,604.0,2177300
2025-12-08,596.5,604.8499755859375,591.9299926757812,604.6599731445312,1822500
2025-12-09,594.3599853515625,599.989990234375,592.22998046875,593.0499877929688,1755300
2025-12-10,615.3499755859375,617.22998046875,598.6900024414062,600.1300048828125,2797900
2025-12-11,625.6099853515625,626.8099975585938,604.260009765625,610.4500122070312,2779500
2025-12-12,597.8900146484375,627.5,595.780029296875,626.0,4581100
2025-12-15,589.760009765625,604.1500244140625,587.8900146484375,602.530029296875,3968600
2025-12-16,588.9299926757812,598.6599731445312,586.280029296875,590.7000122070312,2319400
2025-12-17,561.8900146484375,591.0,557.4600219726562,587.5900268554688,3753300
2025-12-18,565.8300170898438,574.6599731445312,561.9099731445312,568.5,2193000
2025-12-19,576.219970703125,581.72998046875,570.3300170898438,572.6900024414062,5355600
2025-12-22,582.4099731445312,585.7899780273438,575.6900024414062,584.489990234375,2387700
2025-12-23,582.4199829101562,588.7100219726562,580.5,580.5,1731000
2025-12-24,583.760009765625,587.1300048828125,581.0,582.6599731445312,947000
2025-12-26,583.0,583.8300170898438,578.6500244140625,583.2100219726562,954400
2025-12-29,578.6099853515625,583.969970703125,574.6400146484375,580.0900268554688,2585700
2025-12-30,577.3900146484375,580.97998046875,575.510009765625,580.010009765625,1216700
2025-12-31,572.8699951171875,578.9400024414062,572.0499877929688,577.2999877929688,1163900
2026-01-02,598.4099731445312,599.6099853515625,575.3099975585938,577.5900268554688,2761600
2026-01-05,616.0999755859375,621.75,606.219970703125,607.8800048828125,3444800
2026-01-06,623.0900268554688,626.77001953125,608.9000244140625,616.0,2706800
2026-01-07,596.52001953125,625.0,595.780029296875,623.0,3312400
2026-01-08,608.1300048828125,609.5800170898438,594.1699829101562,596.52001953125,2074900
