Date,Close,High,Low,Open,Volume
2008-01-02,46.042694091796875,46.64865031745433,45.67320959674957,46.28901708849508,9058000
2008-01-03,46.60923385620117,46.72254032044003,46.04269025923587,46.21019183751507,10479200
2008-01-04,45.98849868774414,46.90482045557009,45.91460104351489,46.249600439909216,13103800
2008-01-07,45.38745880126953,46.1806188853988,44.904667994419164,46.1806188853988,12892200
2008-01-08,44.80615234375,46.00328227802615,44.623875728649274,45.52541881367257,10987700
2008-01-09,45.60424041748047,45.69291684850043,44.609097143670404,44.7716674683814,12448200
2008-01-10,45.2741813659668,45.372709091287966,44.4071231004917,45.12638601939325,13786500
2008-01-11,44.6682243347168,45.60425274663014,44.4514625903035,45.12638539241907,10575000
2008-01-14,44.786441802978516,45.249526405853864,44.540118846214376,44.939160833423465,9968600
2008-01-15,43.48585891723633,44.36277191716688,43.4267438052479,44.31843182458502,13693400
2008-01-16,42.49070358276367,43.54003786597624,41.978351459546566,43.20011479315497,15709400
2008-01-17,40.766441345214844,42.94393495367727,40.44622081253759,42.6138631584421,18910400
2008-01-18,41.1162223815918,41.86504618189185,39.84519518060667,40.766444277492404,18869200
2008-01-22,40.027496337890625,40.579261332810496,37.85492519407318,38.539706743173305,20897900
2008-01-23,40.12600326538086,40.14078579820156,37.63814396028262,38.80078847526576,20405300
2008-01-24,41.219688415527344,41.22954343997893,39.97329468233149,40.32307287855159,13949600
2008-01-25,40.30828857421875,41.874902732679054,40.121084479800366,41.71725619038198,14050100
2008-01-28,40.82064437866211,41.017703513570986,39.524986862275114,39.96836521758212,9749400
2008-01-29,40.692569732666016,41.24433475334391,40.347718943862155,40.9930841737344,9187700
2008-01-30,41.00291061401367,41.98820219061428,40.36246958578764,40.45114597802526,9415400
2008-01-31,41.012779235839844,41.628586731873476,40.02255972981237,40.446235587770765,12634300
2008-02-01,40.638362884521484,41.84042019111449,40.16542322912184,41.732037482016395,16063300
2008-02-04,40.40681076049805,40.879754081684084,39.90924116067885,40.648209931971415,10299100
2008-02-05,39.28357696533203,39.899384245519784,39.21953436128467,39.77129903742507,15682500
2008-02-06,38.18497848510742,39.68262222597707,38.05196200916039,39.47570812545828,15108200
2008-02-07,38.79094696044922,39.03726997297687,37.69234842938679,37.98793529270179,12570900
2008-02-08,39.04712677001953,39.155509501824014,38.61852335568118,39.06190555006722,8281700
2008-02-11,39.62350845336914,39.64321473968676,38.677629261662084,39.52005326914397,17626800
2008-02-12,39.96343231201172,40.55953333361772,39.61365421298289,39.82548831815331,12330400
2008-02-13,40.747432708740234,40.831784738915935,39.839397224402944,40.15199792863768,12149400
2008-02-14,41.10468673706055,41.47187282258552,40.98560130195777,41.1741573419997,11190400
2008-02-15,41.48180389404297,41.52646330778404,40.539034849384564,40.94591364310133,26988700
2008-02-19,42.09212112426758,42.41960706498342,41.80432781060395,41.87379464001817,12002500
2008-02-20,42.841373443603516,43.0993963550429,41.531422035912996,41.675318700819865,13217100
2008-02-21,42.06731033325195,42.92572728467405,41.84402463446349,42.459303894888535,12189400
2008-02-22,42.3848762512207,42.54365812614802,41.526463041215024,42.310446419235724,12154700
2008-02-25,43.25816345214844,43.46160088430979,42.33027994464162,42.44440615218862,11813500
2008-02-26,43.724586486816406,43.86352010529095,42.816551184512846,43.04479981281491,12672600
2008-02-27,43.77421569824219,44.131475824086074,43.382222159366705,43.382222159366705,9731900
2008-02-28,44.17116165161133,44.30513607101417,43.55091952459913,43.77420896171803,8990300
2008-02-29,43.00014114379883,43.96275419722079,42.66272932906601,43.89825038913103,12983700
2008-03-03,43.26809310913086,43.62535321172653,42.593269312151904,42.86121438909865,9859700
2008-03-04,43.034881591796875,43.5161863044806,42.206235229437155,43.00014818396078,13698300
2008-03-05,44.057029724121094,44.09176312432101,43.00509794060594,43.183727937536,16220500
2008-03-06,43.5658073425293,44.16123825416519,43.25816589297822,43.928026614982954,14296500
2008-03-07,42.305484771728516,43.4119948342275,42.0028062485596,43.28298717091421,15910600
2008-03-10,42.04249954223633,42.65777875331214,41.85394348796131,42.44937827973681,11854100
2008-03-11,43.744441986083984,43.82879401342362,42.52380205289406,42.52876505028399,13477100
2008-03-12,43.034881591796875,43.952839186600094,42.95052578505991,43.416949077993905,10956900
2008-03-13,43.18870544433594,43.471535736893216,42.37991097613199,42.67266347822726,10964800
2008-03-14,42.345176696777344,43.48642394085027,41.72493445231558,43.421920110263216,15842000
2008-03-17,41.77455139160156,42.17150410469621,40.90621236303125,41.41729129985597,15926800
2008-03-18,42.732200622558594,42.732200622558594,41.94325071134427,42.231043951191374,13429600
2008-03-19,40.633323669433594,43.08948229270571,40.58866802950406,42.74214802994424,14797100
2008-03-20,41.28825759887695,41.71498427987763,40.12716671265814,40.330604063932036,18373200
2008-03-24,41.68525695800781,42.072287653343324,41.144403555958746,41.37265233049867,9971900
2008-03-25,41.948211669921875,42.09706749368602,41.53637003142587,41.81423726431131,12123000
2008-03-26,42.15659713745117,42.518820039509336,41.918426389668525,41.98789317324311,11674800
2008-03-27,41.878746032714844,43.144037605547254,41.81423843352187,42.335243295407544,9148200
2008-03-28,41.92836380004883,42.46425385540007,41.64057057191681,42.12187902242725,7522200
2008-03-31,42.355098724365234,42.637929009914814,41.83905677104256,42.151657470126445,10192000
2008-04-01,43.03984069824219,43.11427051075453,41.96310127229053,42.21616112056949,11069000
2008-04-02,43.42189407348633,43.75930580357994,42.3848476940411,42.995167362319236,10681700
2008-04-03,43.52611541748047,44.06200556448701,43.049769882027256,43.12419970005446,9823600
2008-04-04,43.689842224121094,43.992520582998736,43.5161714585325,43.67991623346425,9750500
2008-04-07,43.79901885986328,44.34483499112095,43.724592828926085,43.98757489999147,8328300
2008-04-08,44.30017852783203,44.344837935016855,43.54596567422296,43.615432498147825,7393100
2008-04-09,44.63261413574219,44.92040734087574,44.37459512174246,44.41429151948299,10708500
2008-04-10,44.45895004272461,44.8559064748433,44.12650120757803,44.75170626318499,9119700
2008-04-11,44.062015533447266,44.543320389514356,43.96773749023869,44.17613799933891,7441800
2008-04-14,44.310089111328125,44.35970771320807,43.93794391874359,44.06199231627177,7182100
2008-04-15,44.74179458618164,44.79637620770372,44.235678569663975,44.50858289161607,8401300
2008-04-16,45.61508560180664,45.68951541166908,44.746746653278784,44.82117646314122,11915100
2008-04-17,45.64485168457031,45.957456099227635,45.237973052970894,45.252858256400856,9127200
2008-04-18,46.23533630371094,46.304803129655454,45.50096784787991,45.530742048754774,10182100
2008-04-21,45.99713897705078,46.36928412665687,45.70438660980897,46.22042833820817,8558800
2008-04-22,46.65711212158203,46.890323861838425,45.88305084384512,45.89297305622114,11475600
2008-04-23,46.88036346435547,46.95478946070156,46.384169965216316,46.76623729386483,13022700
2008-04-24,45.848297119140625,46.637243258903816,45.60516327417464,46.582661650858356,12930400
2008-04-25,45.9921989440918,46.26510322953145,45.26775653841049,45.97731373760608,12739600
2008-04-28,45.89791488647461,46.35937515513789,45.783788675662265,46.046774503072044,7163400
2008-04-29,47.00938415527344,47.297177373571984,45.952493070268524,45.952493070268524,19505100
2008-04-30,47.70903396606445,48.269731589458324,47.16818076301634,47.16818076301634,19536000
2008-05-01,47.108638763427734,47.361694865977285,46.35938509438989,47.068942352403376,15253100
2008-05-02,47.297183990478516,47.5601660494314,46.95977211835881,47.40138421464904,10309200
2008-05-05,47.446041107177734,48.06628320799793,47.252525874574424,47.30214448550857,9059300
2008-05-06,48.066280364990234,48.120861969486626,47.18305248571097,47.18305248571097,10892600
2008-05-07,47.27734375,48.031560431478574,47.20787692218726,48.01171222558091,14912600
2008-05-08,48.34912109375,48.5525585664205,47.28726675222449,47.38650398977235,15074600
2008-05-09,48.32430648803711,48.5773663473164,47.73383474493799,48.378888100541616,11310200
2008-05-12,48.30941390991211,48.42353632907338,47.86283886923145,48.23002110905461,9374300
2008-05-13,48.493011474609375,48.6170598983506,47.78841355065954,48.33918885492318,10634000
2008-05-14,48.48805236816406,49.12317974297404,48.383852138139716,48.61706379919039,13401400
2008-05-15,49.197357177734375,49.252304273222386,48.6578824935898,49.19236475887674,13434500
2008-05-16,50.141441345214844,50.186399790821014,49.39716317690526,49.4620989194401,16302200
2008-05-19,51.05058670043945,51.355292081808926,50.156455485414014,50.26135349704814,12910200
2008-05-20,51.495121002197266,51.575045420024495,51.060544366031216,51.33028355968911,16271500
2008-05-21,51.46015930175781,52.26438072074768,51.29532184554119,51.575049709187645,21994300
2008-05-22,50.90572738647461,51.65999454335672,50.81081803373766,51.37527029615425,17384100
2008-05-23,50.316280364990234,51.2453772099007,50.20138993506191,51.01060774179859,11484000
2008-05-27,49.74184799194336,50.091507975414345,49.23233908916222,49.92666663563174,12823600
2008-05-28,50.161434173583984,50.241358624000014,49.237329628942064,49.382189837065454,10504000
2008-05-29,49.382179260253906,50.20138564652056,49.36719438176229,49.971608617300085,13167300
2008-05-30,49.52704620361328,49.696879931062824,49.12743160454442,49.51705374258257,11884200
2008-06-02,49.63692855834961,49.801766015929715,48.86267688662997,49.36219311070552,11651400
2008-06-03,48.88265609741211,50.06151464539883,48.767765693487,49.47208537140547,12689500
2008-06-04,47.97352600097656,48.812713189165855,47.718771726614094,48.54297404178301,13750600
2008-06-05,49.94663619995117,50.07151528102686,48.153374424987675,48.153374424987675,13919900
2008-06-06,49.70186233520508,51.0255810389972,49.132414167099306,50.25632562694062,18575700
2008-06-09,50.551048278808594,50.601002957854476,49.70187208912581,49.9266529008045,11535600
2008-06-10,49.342227935791016,50.54606425378472,48.78277202323616,50.23636272290073,15472800
2008-06-11,49.66189193725586,49.941623557074614,49.08744763472401,49.7268314721629,11541400
2008-06-12,48.982574462890625,49.387185317711996,48.737812506473006,49.387185317711996,13285400
2008-06-13,49.651912689208984,49.816753955318426,48.4580692364884,48.6778537802947,9358000
2008-06-16,49.69685363769531,50.40117313843964,49.50703889961785,49.70684609343927,7555400
2008-06-17,50.136451721191406,50.39619851681624,49.48208278560501,49.85172758650345,9164800
2008-06-18,49.58199691772461,50.10648682982223,48.86768834228996,49.91667197749274,13018400
2008-06-19,48.38315200805664,49.97161408921983,48.38315200805664,49.73184457407888,15344100
2008-06-20,48.263267517089844,48.99256087649314,47.99852067004682,48.61292741166436,15029800
2008-06-23,49.482059478759766,49.52202167803517,47.96852643300077,47.96852643300077,12180900
2008-06-24,49.27228546142578,49.71685464490709,48.96258399644723,49.24231570420445,10485900
2008-06-25,49.6319580078125,50.03656513912896,48.62792881087014,49.35722241802459,14182900
2008-06-26,48.65789031982422,50.06153006794809,48.65789031982422,49.517055255357924,14626300
2008-06-27,48.85268783569336,49.611950813177394,48.61791460255498,48.61791460255498,17074300
2008-06-30,49.51704406738281,49.7118550983375,48.70783018834225,49.102448479790766,12341600
2008-07-01,49.492069244384766,49.75681223792172,48.817723092525156,49.08246608606211,13429300
2008-07-02,48.662879943847656,49.951632989621615,48.538000861373604,49.502067530513585,17580000
2008-07-03,49.26729965209961,49.66691428427157,48.45308931698313,48.84770771822586,9401200
2008-07-07,48.36317443847656,49.62695023560465,47.85366942163325,49.00755100840108,15276600
2008-07-08,47.848670959472656,48.47306638830333,47.22927176115467,47.98353869525689,19460800
2008-07-09,46.90956497192383,48.34817015784485,46.8196519096159,48.09841207487902,14296700
2008-07-10,48.07844924926758,48.07844924926758,46.22024779579445,46.82466212903579,18101500
2008-07-11,46.08037185668945,47.74875422254291,45.53590099953574,47.43406037206927,17382000
2008-07-14,46.35511016845703,46.6098607155718,45.70573751003207,46.26020086011627,11684600
2008-07-15,44.6667366027832,46.375081050584065,44.52687267994656,46.0753721000761,15262400
2008-07-16,43.15321731567383,44.75666434720559,42.99337223558052,44.62678902869,20202600
2008-07-17,42.79356384277344,43.33304240347573,41.94438759096989,43.028337131838725,20537500
2008-07-18,42.98338317871094,43.49788440629942,42.55879123500492,42.92343984511535,16142900
2008-07-21,43.4129638671875,43.43294116568772,42.698655399085006,43.24312634187986,16626000
2008-07-22,42.7735710144043,43.712663913408186,42.52381291335112,43.21814012939845,15075700
2008-07-23,41.28501892089844,42.863488292852985,41.12517387296625,42.833518537305245,19102700
2008-07-24,40.9603385925293,41.69962442933515,40.72556531034756,41.290021195850144,18960900
2008-07-25,41.24005889892578,41.94437861540619,40.91038016749292,40.98530836450242,14425200
2008-07-28,41.205101013183594,41.6946286936473,41.025274829421996,41.38992342732944,10965700
2008-07-29,41.37993240356445,41.804524347806314,40.69060121587799,41.27004200834478,14088100
2008-07-30,43.587791442871094,43.66771206554967,41.170130677984396,41.51479812899056,17320700
2008-07-31,42.239112854003906,43.452938067923306,42.0642828460337,43.03834228073919,15131400
2008-08-01,42.11421203613281,42.688656461529476,41.689624003798365,41.94937457697203,13089300
2008-08-04,41.35995101928711,42.33900250653117,41.00029867478788,41.98933881115385,16513000
2008-08-05,41.205101013183594,41.609711832150765,40.38589453649506,41.235074584481964,21963900
2008-08-06,42.239112854003906,42.36898820749964,40.96534810078521,41.15016676163585,19538800
2008-08-07,41.67463684082031,42.61372592761578,41.61968975377846,42.36896405597875,12616200
2008-08-08,42.159175872802734,42.179156981834744,40.89540026183135,41.39491655461099,14089800
2008-08-11,41.99932098388672,42.518818264138154,41.4848199324759,42.25906771850945,11412900
2008-08-12,41.739566802978516,42.37894684267669,41.5197822962108,42.37894684267669,12681100
2008-08-13,43.078304290771484,43.12326275999839,41.56476982128545,41.66966783480334,15342400
2008-08-14,43.24810791015625,43.69767319414028,42.518814809918005,42.888455682969024,14385200
2008-08-15,42.402584075927734,43.14242799702661,42.100607984006686,43.001506076785745,15663700
2008-08-18,41.86909866333008,42.94614930589695,41.67784416802903,42.62404091783031,10383200
2008-08-19,42.63410186767578,42.94614602470213,41.647644524610186,41.647644524610186,10872800
2008-08-20,43.51486587524414,43.78664551508341,42.528408574994806,42.94111013775049,11681800
2008-08-21,44.55165100097656,44.84356288684422,43.8571056061717,43.91246833762364,11225000
2008-08-22,44.340274810791016,44.68251545693328,43.91247496307191,44.128891898718265,8574200
2008-08-25,43.0367431640625,44.58185818077609,42.80019397312726,44.58185818077609,11343900
2008-08-26,43.17765808105469,43.36387852528455,42.70455977615596,43.18269210382692,9351000
2008-08-27,43.59541702270508,43.7866677523859,43.18774543599069,43.650779783372016,8227700
2008-08-28,43.877235412597656,44.033255552631324,42.96123914302759,43.947696368731194,8859100
2008-08-29,43.44440841674805,44.15405595129806,43.343750989358625,44.098693214283465,8090400
2008-09-02,41.91943359375,42.583782722609705,41.87916907931355,42.523385950955024,13432900
2008-09-03,42.36734390258789,42.49820158708717,41.74325961009154,41.823784757591014,10758500
2008-09-04,40.87759017944336,42.46799920249885,40.67627156087306,42.34720956728998,16527700
2008-09-05,40.374298095703125,41.13427410474841,39.81564071790717,40.76686731473088,15548100
2008-09-08,40.792049407958984,41.446330413541425,40.09750005270524,40.938001536404336,15451800
2008-09-09,39.65459442138672,40.93799374966723,39.63446217029788,40.36423803305537,21150200
2008-09-10,40.84740447998047,41.1292483162488,39.926374149530965,40.08742831880348,17746500
2008-09-11,41.672813415527344,41.77347084548616,40.07736588785299,40.505169564764984,16350800
2008-09-12,42.39753723144531,42.518330703551406,41.50670745370363,41.72312429143558,13390100
2008-09-15,40.30888748168945,42.176114976053,40.30888748168945,40.84741672140316,17357200
2008-09-16,41.19970703125,41.45638841949018,39.00534169453828,39.67975479168478,20753300
2008-09-17,40.28874588012695,42.22642988074405,40.01193223439557,40.76687435202568,23254500
2008-09-18,41.71308135986328,42.02512559090298,39.69990169083799,40.94807477516129,23377400
2008-09-19,44.18928527832031,44.345305438640885,42.1308075355202,43.06190215392475,23962500
2008-09-22,43.95274353027344,45.17071623877235,43.66083157340949,44.40067567381094,14625700
2008-09-23,43.01158142089844,44.4862356221553,42.724703483308176,43.86718504938253,14616700
2008-09-24,42.89582443237305,43.580301938446574,42.7045699199415,43.152502057212416,11233800
2008-09-25,44.02320098876953,44.37550584659429,42.83039081613149,42.83039081613149,13789200
2008-09-26,43.76148223876953,43.84704527483226,42.73476420436349,43.28335370470952,11869600
2008-09-29,39.00534439086914,43.03673654435645,39.00534439086914,42.79011934417217,23971900
2008-09-30,41.51176452636719,41.617455993275314,39.55897788110661,39.684801604545136,20128900
2008-10-01,41.37083435058594,41.81876645141622,39.493546745945565,41.02356352175033,14632000
2008-10-02,40.04214096069336,41.265147719620366,39.69487009125457,41.01853429411029,18821200
2008-10-03,39.95151901245117,42.12575126129547,39.7954989345412,40.243430765819745,18840900
2008-10-06,38.67317581176758,39.181504703572074,36.56940694989068,39.07581324207839,26033800
2008-10-07,36.91667556762695,39.533811026880144,36.51404200147369,39.26706153750794,24464700
2008-10-08,36.790855407714844,38.83423525646723,35.4319607511135,36.30265875380069,28049100
2008-10-09,32.210872650146484,37.18342473317216,32.210872650146484,37.11799778044224,26965700
2008-10-10,29.105527877807617,32.59335963795111,27.932850528648554,30.449323549247524,48207200
2008-10-13,35.17526626586914,35.47724231781701,29.91080416613748,30.28324116887872,31001300
2008-10-14,34.495826721191406,37.24381592165789,32.78965762331845,36.579466926378466,27089600
2008-10-15,30.1876163482666,33.45903386940509,29.402475912803332,33.45903386940509,25129900
2008-10-16,31.757898330688477,32.4071490266075,27.993253786784685,30.529859817409847,31798100
2008-10-17,31.38042449951172,33.927098351231365,29.941003237101814,30.97778911422514,21723500
2008-10-20,35.03434753417969,35.23063217769727,32.21086370532321,32.26119241189595,18288900
2008-10-21,33.62008285522461,34.918580083714346,32.71415098434033,34.04284850174841,17534200
2008-10-22,31.07343101501465,32.63364266998317,30.25809181479548,32.15551400407525,22243900
2008-10-23,33.604976654052734,33.771064783241506,30.404024810662058,31.64716300940914,26944100
2008-10-24,32.165557861328125,32.945664108608995,30.48455381780737,30.70600275099628,19774700
2008-10-27,31.058317184448242,33.459035185796296,30.64058355882941,31.496184979871447,18276000
2008-10-28,35.24068832397461,35.66849183159498,30.771433389263883,32.06993445699401,25094800
2008-10-29,35.733917236328125,37.40485518448986,34.93368065119787,35.34134805571078,25863100
2008-10-30,37.33440399169922,37.691742796557506,35.64333335698438,36.292584032797585,21848900
2008-10-31,37.54581069946289,38.24036033959977,36.33790178777127,37.173373430302135,20506400
2008-11-03,37.08780288696289,37.691755238799914,36.57443993204956,36.961979160343894,10465700
2008-11-04,39.35261535644531,39.720018351466585,37.64644656409376,37.95848683276925,20119000
2008-11-05,37.686710357666016,39.4331437943929,37.24381234989946,38.61780873828094,16408800
2008-11-06,35.28599166870117,37.67664148994199,34.74243247199578,37.183410995190684,21394000
2008-11-07,36.97203826904297,37.23878391830683,35.53261472788812,35.6383061828888,15931900
2008-11-10,37.4149284362793,38.2906640323582,36.644888112699,37.857830256779174,13283400
2008-11-11,37.012298583984375,37.747108502044036,36.01577323000326,36.55429849103904,15789400
2008-11-12,33.86166763305664,36.675087071850164,33.7861726582362,36.22715508503847,22447700
2008-11-13,38.10444641113281,38.30576508622906,33.157057921868116,34.0529258340547,28513000
2008-11-14,36.896217346191406,39.26695574360789,35.5306296422403,37.53586116126874,26612200
2008-11-17,35.93168258666992,37.34803507384416,35.84030488191399,36.601784463851615,20960500
2008-11-18,37.26173400878906,37.5917092602755,35.53571289362452,36.03321457829281,23618700
2008-11-19,35.84539794921875,38.07399550988364,35.71340701365343,37.129760111391555,21997100
2008-11-20,32.69287109375,36.17029519003412,32.626873690417035,35.09406887217369,34193700
2008-11-21,35.78447723388672,36.06368807628499,32.62687333514408,33.23098195428562,34759400
2008-11-24,37.71864318847656,39.47004559153476,35.616958755571744,36.37843873482965,27518000
2008-11-25,38.850685119628906,39.38372234149187,37.7135434358178,38.170431929831025,22015200
2008-11-26,40.576717376708984,40.612252943110754,38.211051783691374,38.51056916315167,19665100
2008-11-28,40.10967254638672,40.23150820601663,39.05375316803207,39.72385510562525,8647200
2008-12-01,36.561180114746094,38.911616803761945,36.556106371596705,38.835468052571,22692700
2008-12-02,38.34812545776367,39.06391449803603,37.07899238280361,37.43434809455772,21058800
2008-12-03,37.94198226928711,38.19073501567294,37.05866717719846,37.414022710485604,22581800
2008-12-04,36.429195404052734,38.04860650891971,35.79462889207551,37.28205295107359,21416300
2008-12-05,37.77954864501953,38.211053072476645,34.63210048500559,35.96722695123054,22882300
2008-12-08,39.642635345458984,40.24674387481211,38.520722271722065,38.59687102406609,21955800
2008-12-09,38.3582763671875,39.89646501625915,38.18567613010402,39.23144053218722,19682700
2008-12-10,39.8203125,40.3076590368894,38.799928630810896,38.98776168201153,17651800
2008-12-11,40.3381233215332,41.58694974468513,39.95230580014987,40.10968092785523,20550500
2008-12-12,40.10460662841797,40.91177343438922,38.94715784162082,39.1502199156226,17806400
2008-12-15,39.70355224609375,40.921920576088475,39.12482796713633,40.708707183438094,16509100
2008-12-16,40.10967254638672,40.64270597794619,39.57663524174146,40.0792107266649,23253700
2008-12-17,38.99791717529297,40.1046012638258,38.835468312438906,39.82539046528612,20739500
2008-12-18,37.07390594482422,38.95729851516773,36.66778578131966,38.83546285342494,21474100
2008-12-19,35.96723175048828,37.89631563699053,35.96215413355745,37.348049201068385,31349800
2008-12-22,35.226051330566406,36.551026345435325,34.80469829176586,36.34796431334346,16863100
2008-12-23,35.12958526611328,35.93675553208858,34.951907494698894,35.58647373052525,14150500
2008-12-24,35.34281539916992,35.5306445949393,34.71332267423599,34.92146233483987,3717800
2008-12-26,35.71341323852539,35.83524896092867,35.261602056237415,35.49512213796362,6761900
2008-12-29,36.32258605957031,36.413963785588955,35.74386175248105,36.17028855851047,8994900
2008-12-30,37.25157928466797,37.30742142981989,36.17027968625283,36.29719294830986,10002700
2008-12-31,37.55110549926758,37.88615457652293,37.00791676381461,37.00791676381461,9964300
2009-01-02,38.845619201660156,39.24159193109213,37.35312150259482,37.683096840578294,13695900
2009-01-05,38.91668701171875,39.7847733146371,38.449643234095575,38.66286047145891,16954500
2009-01-06,39.26696014404297,39.82537768888975,38.74915577015217,39.37356681298857,15894500
2009-01-07,37.5460090637207,39.12480993648804,37.22618912213398,38.789761027171146,12804300
2009-01-08,37.68817138671875,37.992762523237104,37.1703668419462,37.36835127433745,11397200
2009-01-09,36.96730422973633,37.566335134095354,36.65255786538281,37.50541535848573,14182600
2009-01-12,35.952022552490234,36.860722828702194,35.75911560694325,36.66781588315521,14195500
2009-01-13,36.459651947021484,36.90638535986312,35.83016307595226,35.83016307595226,14378800
2009-01-14,35.37834548950195,36.134747517861456,34.941763517220046,35.946914478084345,15142400
2009-01-15,35.92660903930664,36.17028423727343,34.64732490096718,35.383420364280845,19293100
2009-01-16,36.41903305053711,37.0282191067834,35.728624510642824,36.59163712205361,15594800
2009-01-20,34.67779541015625,36.65256642173698,34.52042412778516,36.0078484399794,16084200
2009-01-21,36.160133361816406,36.29212038410274,34.72855172150473,34.73870307972447,15889900
2009-01-22,35.510345458984375,36.02815397456628,34.662565409201115,35.49511648024735,14320100
2009-01-23,35.952022552490234,36.099242539784925,34.611817553842975,34.72350194924508,13422100
2009-01-26,36.19060516357422,36.74902303348871,35.60172546116764,36.26167631757675,14023100
2009-01-27,36.59672164916992,36.8708548743018,35.9520037132189,36.18552374801561,13632700
2009-01-28,37.45974349975586,37.576501608615565,36.53073688172007,37.053619245167816,14649100
2009-01-29,35.850460052490234,36.90130171889833,35.84538243748848,36.80992401429391,15780500
2009-01-30,35.79969787597656,36.906381880654585,35.627097666747545,36.70332372228777,17880000
2009-02-02,35.68293762207031,35.96722212472421,35.08898441198877,35.29204255783534,12445000
2009-02-03,36.36827087402344,36.44441962013117,35.5052620796987,35.82508216564786,12509600
2009-02-04,36.34796142578125,37.02314098278734,36.0484479538815,36.698243306485395,12058000
2009-02-05,37.18560028076172,37.271900403067,36.02815149922509,36.28705573922783,14933800
2009-02-06,38.02322769165039,38.07399224001973,36.69825245185076,36.84547235328259,13345400
2009-02-09,37.77954864501953,38.35827295913122,37.35819557698263,37.77447490185262,14894400
2009-02-10,36.104305267333984,38.19583445274324,35.820016776366636,37.74910092849089,20150600
2009-02-11,36.175384521484375,36.601811543781395,35.67788245571621,36.28199127705863,15533700
2009-02-12,35.791133880615234,35.89359762936576,34.80746782114092,35.83724139493053,17237200
2009-02-13,35.72453689575195,36.241983967126274,32.276577026847086,35.71428817446701,10852400
2009-02-17,33.90575408935547,34.802325098463356,33.869891405340724,34.44369825831596,18834600
2009-02-18,33.87501525878906,34.42832467410866,33.608603402580236,34.06457348201602,12564000
2009-02-19,34.161930084228516,34.68962573696008,33.80842355973263,33.80842355973263,10164600
2009-02-20,33.33707046508789,33.921122104262714,32.650553180324415,33.54712611344794,19885500
2009-02-23,32.24582290649414,34.254143410397106,32.05626268575265,33.80841803533263,18809700
2009-02-24,33.44466018676758,33.72644121482665,32.06138074240724,32.41488518528625,19231300
2009-02-25,32.532718658447266,33.618851775135276,32.40975949178403,33.45490752249739,26680400
2009-02-26,32.363651275634766,33.44978443350303,32.24069405867932,32.97332082046877,15711000
2009-02-27,31.103334426879883,32.15360312736897,31.031609045534783,31.718126480990833,20502100
2009-03-02,29.520252227783203,30.836931169520476,29.510005463312545,30.416823598075847,19315900
2009-03-03,29.57659912109375,30.31434834082027,29.392161327569653,29.96084387281233,19266800
2009-03-04,30.370698928833008,30.964997289978538,30.150398488942294,30.257988484829728,19092400
2009-03-05,28.925949096679688,29.848136258379352,28.75175803635207,29.7456725382562,22266000
2009-03-06,29.853246688842773,30.411682302202152,28.931059957393423,29.47412445640964,22099300
2009-03-09,29.8583927154541,30.52954124463702,29.463901010914906,29.525381608194056,17666400
2009-03-10,31.651527404785156,31.651527404785156,30.3707112818415,30.683230728539,21943900
2009-03-11,31.364627838134766,32.17410266302717,30.913779986971026,31.303147253178054,15360800
2009-03-12,32.481502532958984,32.53785680915256,31.323643489651253,31.615669453146875,15602800
2009-03-13,32.23044967651367,32.778638698951504,31.815464641335087,32.72740684716791,14355400
2009-03-16,32.24582290649414,32.89135331045252,31.590045740013228,31.590045740013228,13272000
2009-03-17,33.460044860839844,33.47541403154213,31.984545842301284,32.33292804360443,14726900
2009-03-18,34.115806579589844,34.315617433442995,32.768389812254696,33.14751018134992,17843100
2009-03-19,34.392452239990234,35.45296718939925,34.23875674381889,34.96625892174932,17221600
2009-03-20,33.15264129638672,34.82795083457774,32.92721642672425,34.60252596491527,23811700
2009-03-23,35.42737579345703,35.442744961989845,33.68546503282516,33.76743914332111,20321200
2009-03-24,35.33515548706055,35.85772674037542,34.945786294964016,34.961155462893785,15391900
2009-03-25,35.70914840698242,35.95506679807388,34.75622099320587,35.52983494928043,16723400
2009-03-26,35.94993209838867,36.33417678667946,35.4324853991159,36.16510818573413,15904600
2009-03-27,35.29929733276367,35.65279996684007,35.0943659469457,35.391516260944705,12842400
2009-03-30,34.22340393066406,34.78183781165763,33.7930477366159,34.60252435944594,14304800
2009-03-31,34.44881057739258,35.10971180576114,34.21314100823408,34.55127815663876,18691400
2009-04-01,34.99189376831055,35.19682119595864,33.72644696800888,33.81354151563333,14299000
2009-04-02,36.02166748046875,36.52374906600409,35.61180871086415,35.86284754926174,18069100
2009-04-03,36.108760833740234,36.334181757098555,35.56569227538967,35.81161062938195,11574700
2009-04-06,35.806495666503906,35.888469775589286,35.1814567653202,35.72964591642153,10430600
2009-04-07,35.04311752319336,35.43760702982343,34.7971991946362,35.381250827627824,11086000
2009-04-08,35.084110260009766,35.39662573829007,34.5359212204193,34.69986549650037,11238900
2009-04-09,35.468353271484375,35.79111744974229,35.104598140306194,35.6374179884349,11057900
2009-04-13,34.82795715332031,34.92017607957324,34.07995702441269,34.55642082526265,12614700
2009-04-14,34.110694885253906,34.51543323682384,33.834038142076714,34.264390470080905,12971500
2009-04-15,34.17216491699219,34.30024650050226,33.60348237350827,34.03383852664679,11219200
2009-04-16,33.777679443359375,34.407842630261364,33.35757195500478,34.402718271854305,11959400
2009-04-17,33.81867599487305,34.192672180122905,33.67522518909276,34.02872784369667,12660500
2009-04-20,32.722293853759766,33.5061547479972,32.65569281418466,33.45492287842088,11753300
2009-04-21,33.239742279052734,33.280729337602125,32.307310149500346,32.55834904281854,12569800
2009-04-22,32.66080856323242,33.23461554827415,32.55834289059138,32.9579588184544,11932800
2009-04-23,33.57275390625,33.675221548401744,32.78889501030836,33.01431991430131,12370800
2009-04-24,34.12093734741211,34.50005778773329,33.81866664858933,33.93649953131202,12615100
2009-04-27,33.51127624511719,33.83404051374517,33.214125954718924,33.465164830318464,12303400
2009-04-28,33.808414459228516,34.295126832900834,33.106529867193636,33.19874876577177,9261500
2009-04-29,34.6127815246582,34.68963129125432,33.85966084775099,34.12094849068117,11666100
2009-04-30,33.86477279663086,34.83819369636556,33.45491403956472,34.83819369636556,14107700
2009-05-01,34.2592658996582,34.361729610552835,33.49077634172837,33.84427888043288,12003200
2009-05-04,34.161930084228516,34.94578897877081,33.95699870903176,34.500063530873426,15224400
2009-05-05,33.68546676635742,34.305381351107634,33.50102891699064,34.202917616455395,12678800
2009-05-06,34.89454650878906,35.01750373304789,34.018468957058005,34.06457645037768,14107200
2009-05-07,34.82795715332031,35.35052846292623,34.57179390358896,35.155845800277156,12338700
2009-05-08,36.05752182006836,36.3444271919531,35.140457318954944,35.140457318954944,13931400
2009-05-11,34.83819580078125,35.504221695762894,34.699869390241524,35.499097337227255,13520700
2009-05-12,35.44786071777344,35.637418961992694,34.84843592929102,35.25829856481441,11313500
2009-05-13,34.889434814453125,35.350529458706205,34.62302674707418,34.935546233248985,12437000
2009-05-14,34.7613410949707,35.05849130776974,34.47956395558382,34.664001749132204,10051900
2009-05-15,34.07853317260742,34.65789037272975,33.8819674539373,34.61650686988929,12322900
2009-05-18,34.15612030029297,34.49235429580616,33.97507244010813,34.47166254799255,13480100
2009-05-19,34.06817626953125,34.2699158357083,33.96472149845716,34.130251500103626,14223600
2009-05-20,33.731964111328125,34.59582424154948,33.649201030370236,34.347531052126726,17617900
2009-05-21,33.349159240722656,33.57159057900936,33.02844309470202,33.38019488672409,12463000
2009-05-22,33.33365249633789,34.02163453948874,33.29226899021726,33.4940086493699,8779000
2009-05-26,33.964725494384766,33.964725494384766,32.88360446069863,33.0077529631761,12018200
2009-05-27,33.40089416503906,34.26475404362634,33.30778325949057,33.980251349179454,12209300
2009-05-28,34.04231643676758,34.321649102388164,33.24053195718828,33.64918508208429,12182800
2009-05-29,34.48717498779297,34.62684327709179,34.088869757573036,34.4251037005906,12171400
2009-06-01,35.80107498168945,36.039024149910276,34.88548787904527,35.07170965357412,14222500
2009-06-02,35.873504638671875,36.075244295794626,35.59934581984087,35.74418414325738,10311000
2009-06-03,35.30966567993164,35.68727927911877,34.78720982510849,35.55278881870721,14907700
2009-06-04,36.101104736328125,36.132140387829814,35.42346670155623,35.67693373076478,11298900
2009-06-05,35.883853912353516,36.51493463991889,35.6303828897678,36.17870449573721,11204400
2009-06-08,35.99247741699219,36.19939097703946,35.501057218561435,35.692452952251045,9557700
2009-06-09,36.30802536010742,36.53045678113792,35.94592558702019,36.240776173358434,10021900
2009-06-10,36.32353591918945,36.98565612465879,35.92522664316486,36.72701517273809,14356300
2009-06-11,37.19258499145508,37.502953472260465,36.30803304521251,36.39597005790665,14600000
2009-06-12,37.590877532958984,37.63226103522078,36.5666615045415,36.82530247385573,13931600
2009-06-15,36.76838302612305,37.223589487041735,36.39593958239592,37.223589487041735,13317100
2009-06-16,36.14765548706055,37.09945617564737,36.12179376160907,37.08910832822882,11267000
2009-06-17,35.60451126098633,36.14765484438008,35.4131155526205,35.920053510335386,15484700
2009-06-18,35.39759826660156,35.83211313992417,35.1751669062443,35.45967351131084,10478700
2009-06-19,35.20620346069336,35.65106619284805,34.849281647441835,35.59933879420048,16452900
2009-06-22,34.01646423339844,34.81307895907794,33.95438897481556,34.699276291616826,16404600
2009-06-23,34.11991500854492,34.528568199396936,33.928519277169315,34.218199836352376,13029800
2009-06-24,33.99576950073242,34.70444322799893,33.85610116780026,34.31648177559535,11633300
2009-06-25,34.59064483642578,34.81307622905273,33.73712884394805,33.88196715606829,12828800
2009-06-26,34.114749908447266,34.45615795868859,34.02681290637258,34.45615795868859,11011600
2009-06-29,34.59580993652344,34.70443865529762,34.1819868097476,34.35269077348452,10288800
2009-06-30,34.269927978515625,34.90618649105067,33.89231043185617,34.62685377431928,12772700
2009-07-01,34.40959930419922,35.10793321015918,34.342354060265116,34.62168683333935,10397100
2009-07-02,33.323299407958984,34.02680311522234,33.323299407958984,33.93886613845136,10747800
2009-07-06,33.178462982177734,33.250882137325526,32.36633050240783,32.94568571686413,10673300
2009-07-07,32.433570861816406,33.15259031044833,32.41287911520545,33.06982727055163,9519400
2009-07-08,32.47496032714844,32.67669997277936,32.01975362997704,32.4180589966835,11905600
2009-07-09,32.6301383972168,32.92498887896376,32.4749522714354,32.90946908242148,8580300
2009-07-10,31.761110305786133,31.96802188740144,31.492123473739717,31.94733013725774,16790000
2009-07-13,32.29907989501953,32.3197716438169,31.507639249621224,31.792143889126766,15929100
2009-07-14,32.58876419067383,32.764640139840175,32.26287599625034,32.58876419067383,12881000
2009-07-15,33.40089416503906,33.483661168436804,33.10604362189349,33.18363670094189,13601500
2009-07-16,33.56642532348633,33.66988013457032,33.11121862954946,33.240539116678484,10292100
2009-07-17,33.68539810180664,33.799196802520996,33.219843611438385,33.47848455647101,11911100
2009-07-20,33.95438766479492,34.20268474299838,33.68022885642431,33.98025334151026,9632300
2009-07-21,34.269927978515625,34.425114136660156,33.830239125836705,34.31648145803022,9759500
2009-07-22,34.10956954956055,34.595811849066536,33.83023685160723,33.9026560014602,9911400
2009-07-23,35.118255615234375,35.22171038049847,34.099209996543074,34.12507566113226,11272000
2009-07-24,35.39759826660156,35.48553523669579,34.885490324029234,34.99929296605585,8897100
2009-07-27,35.614845275878906,35.687264400229665,35.28895921630052,35.495872691536796,7844300
2009-07-28,35.35104751586914,35.44933235189802,34.93722431270982,35.283802281324654,10773100
2009-07-29,34.71996307373047,35.082058830586355,34.37855512022541,34.91652877794541,10749700
2009-07-30,35.01998519897461,35.433812322971555,34.663063349738884,35.13896177975181,11541900
2009-07-31,35.93558883666992,36.049391532392306,34.663075318822905,34.73549449854636,16302600
2009-08-03,36.416648864746094,36.489068019626814,36.11145047213622,36.34422970986537,13222100
2009-08-04,36.421817779541016,36.44250558104895,36.02350853593374,36.19421249747972,9692400
2009-08-05,36.101104736328125,36.46320049234035,35.89936510847164,36.42699091673912,9231300
2009-08-06,35.821773529052734,36.14765972307242,35.5424408142296,36.13731582098916,8660700
2009-08-07,35.95109558105469,36.287329638388556,35.770047687582014,36.04420649006179,9086500
2009-08-10,35.811424255371094,36.10110082882694,35.609680702803125,35.83728597997404,7914600
2009-08-11,35.144134521484375,35.7441794898854,35.00964011872898,35.60451510950127,9080700
2009-08-12,35.547607421875,35.81142225599896,35.18550777872411,35.2320651948858,8962200
2009-08-13,35.44933319091797,35.723492006805046,35.2113839554962,35.723492006805046,8299700
2009-08-14,35.50104904174805,35.52174078764172,34.96307548815359,35.47001339618104,8835100
2009-08-17,34.790504455566406,35.04128625232981,34.665115550205414,34.82185467143773,13435800
2009-08-18,34.97336959838867,35.051735176338006,34.743486606959685,34.77483283813942,7872300
2009-08-19,35.610782623291016,35.78841664663056,34.513616296384676,34.61288471298211,11183300
2009-08-20,35.85111999511719,35.93471132035781,35.53241984642187,35.69438077948073,7957000
2009-08-21,36.431053161621094,36.54599074708419,36.081002743109444,36.289987056209654,15265900
2009-08-24,36.969173431396484,37.063216143364414,36.525084397231296,36.624348825499744,9749000
2009-08-25,36.91169738769531,37.3557863583837,36.76018392973482,37.16247525973568,11391400
2009-08-26,37.14157485961914,37.19904561660944,36.451929761777755,36.624342032748665,7233600
2009-08-27,37.094547271728516,37.20948876019626,36.33175846812779,36.94303385384297,8321900
2009-08-28,36.927371978759766,37.303542787860884,36.786309918368126,37.24607202613474,7307000
2009-08-31,36.5407600402832,36.77063914070444,36.274305006976014,36.56688058171755,8048200
2009-09-01,35.7779655456543,36.713162902237485,35.673471437347054,36.410139953253136,11748200
2009-09-02,35.54807662963867,36.12800588044381,35.52717781142456,35.73616200752369,8070700
2009-09-03,35.69959259033203,35.86677916179592,35.50628149774724,35.746611945098934,7238400
2009-09-04,36.02873229980469,36.112327560617636,35.60554225355307,35.61598966813398,6137600
2009-09-08,36.8228759765625,36.9325917806831,36.42058070874505,36.43103211068526,9683100
2009-09-09,36.7445068359375,37.11022618728356,36.54074834218155,36.92736651161053,8028300
2009-09-10,37.32966613769531,37.48117961311371,36.77063558372401,37.03709059125586,9772300
2009-09-11,36.96394729614258,37.59612174683979,36.77063617212722,37.50730473825555,9905800
2009-09-14,37.11545944213867,37.162478802863234,36.47805931203156,36.54075577904043,7194400
2009-09-15,37.423702239990234,37.460274176838475,36.76540737672188,37.26696707608727,10419000
2009-09-16,37.85211944580078,37.93048902363081,37.3766842494386,37.543870821989586,11082100
2009-09-17,37.6013298034668,38.00884669730014,37.51773455035172,37.711045583649536,8641400
2009-09-18,37.95139694213867,38.33279351979377,37.87825304823932,38.05066536359204,16088900
2009-09-21,37.64313888549805,37.82077287336317,37.34011197980103,37.40280445267471,9375200
2009-09-22,37.946163177490234,38.12380115782197,37.69538530484151,37.99318651988838,7084700
2009-09-23,37.287864685058594,38.076774152331616,37.22516822990678,37.878241356747246,9853100
2009-09-24,36.94304656982422,37.408034397919344,36.65569673578896,37.251299211911764,10006100
2009-09-25,36.91692352294922,37.298316037086465,36.76018436155099,36.87512588177069,7253000
2009-09-28,37.460269927978516,37.601335944137425,36.859445888767894,36.9848348028767,6022900
2009-09-29,37.04753494262695,37.51252269871327,36.98483848630756,37.35578355093586,7859100
2009-09-30,36.7967529296875,37.167697992564705,36.451928400621824,37.15725057624851,13851300
2009-10-01,35.95036697387695,36.78107803537855,35.89289622180896,36.78107803537855,9249900
2009-10-02,35.60032272338867,35.939921553727075,35.54285196812946,35.64212036103939,8963500
2009-10-05,36.25339889526367,36.46760881660268,35.45926364371086,35.66824387735361,9777800
2009-10-06,36.86467361450195,37.01618707069141,36.32654195157802,36.64524198252096,8461400
2009-10-07,36.83854675292969,36.93258943420699,36.30563689701106,36.734052670376194,6933700
2009-10-08,37.32966613769531,37.5229772586173,36.93782217969554,37.03709059125586,10122200
2009-10-09,38.01408386230469,38.10812655740221,37.329660475634064,37.58566802598092,8812300
2009-10-12,38.48952865600586,38.71418604000905,38.21262620303425,38.23875073054009,6790200
2009-10-13,38.69851303100586,38.876151049269524,38.25964966713671,38.52087899878548,9040600
2009-10-14,39.42471694946289,39.571004688051616,38.94928179904955,39.121690070362305,9284200
2009-10-15,40.06734848022461,40.156165479302636,39.19483965044329,39.28366063556381,10286700
2009-10-16,40.13003921508789,40.22408191180744,39.69640165592108,39.90016016780637,9872000
2009-10-19,40.574119567871094,40.777878016503685,39.98896474926097,40.197948897767525,8213600
2009-10-20,40.24497604370117,40.60024796925213,39.87403100152974,40.60024796925213,8161100
2009-10-21,40.21364212036133,40.93985931038793,39.56056882098179,40.02033098876948,8670700
2009-10-22,40.38080978393555,40.6106927530186,39.70683797679396,40.02553791628048,12671400
2009-10-23,40.0621223449707,40.42784174077112,39.81134048353438,40.30245280307419,8329200
2009-10-26,39.419490814208984,40.981644543029795,39.36202006239059,40.20840423695445,11143100
2009-10-27,40.01509094238281,40.35991543414932,39.43516572757472,39.6127996880302,9573800
2009-10-28,39.64937973022461,40.250207870383086,39.51353938877011,39.91060900976808,11992600
2009-10-29,40.72563934326172,40.86670537343341,39.539660276997985,39.790442116168705,14869300
2009-10-30,39.98898696899414,41.01300548102316,39.48220142273559,40.88239081388614,19335400
2009-11-02,40.041221618652344,40.54278133161164,39.56578642673935,40.15616313358844,11207900
2009-11-03,40.072566986083984,40.401718405543626,39.47696459073306,39.6075792210476,8714500
2009-11-04,39.8531379699707,40.49053804535469,39.7068502122188,40.28155382597663,10695700
2009-11-05,40.35468292236328,40.621137804115186,39.9941893616835,40.030761287724665,9346100
2009-11-06,40.50620651245117,40.53233103163917,39.800888340837254,40.00464683516923,7746600
2009-11-09,40.574119567871094,40.950286251933576,40.49052431405204,40.903266911191174,13749300
2009-11-10,40.92940139770508,40.9816504421824,40.41216854292774,40.44351876682261,10638200
2009-11-11,41.018211364746094,41.347358731919364,40.75175645643933,41.20629671342836,7912700
2009-11-12,40.44874954223633,41.06525093635497,40.265889803735746,40.91896314555451,8604200
2009-11-13,40.72041320800781,41.01821436754883,40.359915598969124,40.38604011610357,7898700
2009-11-16,41.431949615478516,41.563713860783785,41.099905164914475,41.16842112486798,8952600
2009-11-17,41.537357330322266,41.658582199248585,41.22112396159659,41.34761650486177,6740900
2009-11-18,41.5953254699707,41.63221928847763,41.16313901555044,41.542620589407186,7309200
2009-11-19,40.762596130371094,41.46885476908245,40.55177649720519,41.38452369891469,8863500
2009-11-20,40.46216583251953,40.70461560136744,40.2671573077899,40.5043313593736,10630700
2009-11-23,41.500457763671875,41.76398620467763,41.189496133425024,41.27382314356192,8986100
2009-11-24,41.65331268310547,41.75872649227962,41.07355080658741,41.49519800103272,8528300
2009-11-25,41.97481155395508,42.06968195761294,41.45302634439937,41.69547203794167,7543700
2009-11-27,41.20003890991211,41.49519352261921,40.720419198591564,40.91542768754735,5649700
2009-11-30,41.131526947021484,41.46357139476002,40.867998458653425,41.031384834681425,9299800
2009-12-01,41.66911315917969,41.858853946345725,41.54789233584422,41.690195915656425,7209500
2009-12-02,41.49518966674805,41.6427649488258,41.17368465031087,41.63222155946319,6316200
2009-12-03,41.089359283447266,41.54262858151935,40.96813843694276,41.431947104705294,7624200
2009-12-04,41.14733123779297,41.769258528782615,40.85744833986879,41.500458388991554,9971300
2009-12-07,41.20003890991211,41.59533160412008,40.952321511495086,41.068274678509454,7518800
2009-12-08,40.4568977355957,41.09990793947364,40.29350732602162,41.052470716976025,9061700
2009-12-09,40.615013122558594,40.74677737901239,40.15647608362001,40.5359577855871,7164500
2009-12-10,40.804752349853516,41.28964382923863,40.741508082792926,40.93124892622637,10864100
2009-12-11,40.98394775390625,41.20003900290925,40.73623035493007,40.9365105395091,6707000
2009-12-14,40.72040939331055,41.48464014297273,40.6202673147982,41.3476042493965,8525900
2009-12-15,40.77840042114258,41.09463380825933,40.58865958464738,40.59392725929259,10296900
2009-12-16,41.05247497558594,41.47412224121738,40.873277501424695,41.05774667221607,12169800
2009-12-17,40.46742248535156,40.87325849348659,40.4305286683506,40.84163234953972,8997500
2009-12-18,40.53068161010742,40.93651370583858,40.35148015014945,40.80474946394689,16605200
2009-12-21,40.8469123840332,41.110440851026965,40.725687519920946,40.89961727320689,6742500
2009-12-22,40.84162902832031,41.13151186770079,40.73621928006785,41.02083042569846,6770300
2009-12-23,40.604469299316406,41.07354967917017,40.59392590812556,41.04192754784874,7342600
2009-12-24,40.81000900268555,40.84690281857994,40.59391378021531,40.59391378021531,2565500
2009-12-28,40.98921585083008,41.05773582554116,40.74677014453578,40.99448754606754,4192800
2009-12-29,40.694068908691406,41.07882227305981,40.683529538395646,41.01030229219761,4810600
2009-12-30,40.925987243652344,40.936526617032506,40.583399302458176,40.636104211612626,4300800
2009-12-31,40.578125,40.99450059150354,40.54650286076291,40.96287845226644,4246600
2010-01-04,41.66911315917969,41.742900796285966,41.194765212389214,41.21584394774132,10173800
2010-01-05,41.96426773071289,41.9642677307129,41.48991576277537,41.75344418706015,10593700
2010-01-06,41.96954345703125,42.16455597602551,41.737641133528385,41.869405370953466,11014600
2010-01-07,41.81142807006836,42.006436564603725,41.62168724972965,41.82723913490903,9626900
2010-01-08,41.885215759277344,41.885215759277344,41.57952176832051,41.70074663408799,5624300
2010-01-11,42.62836837768555,42.7390498642814,42.19618180192401,42.25415839315886,11916800
2010-01-12,42.380653381347656,42.40173212180261,41.88521853701831,41.91156897314982,12175200
2010-01-13,42.05915451049805,42.38065963507347,41.684940463630625,42.30686794808991,10842200
2010-01-14,41.927398681640625,42.05916297162551,41.71657501343941,41.969560198379256,6721000
2010-01-15,41.75873565673828,42.00118143935801,41.258029000807646,41.92212207040827,13482300
2010-01-19,41.99589157104492,42.03278539110749,41.410858123535135,41.616409981187246,8722200
2010-01-20,41.18951416015625,41.60061806466628,40.92598560381632,41.484664856496444,8703800
2010-01-21,40.18281936645508,41.205311101210945,40.08794895785788,41.189500036632296,12573200
2010-01-22,39.31319046020508,40.36730474872488,39.228863408109476,40.04580359016308,13825000
2010-01-25,39.29208755493164,39.671565087736646,39.04963787904662,39.60832084283136,9129700
2010-01-26,39.08125686645508,39.46600602292558,38.84407892811662,39.04436305664114,10558200
2010-01-27,38.84410095214844,39.191960517159934,38.54367861015031,38.97059753276678,13373200
2010-01-28,38.60165023803711,39.09708506223738,38.11675880476156,38.986403584280495,12828800
2010-01-29,38.01134490966797,39.03910425173131,37.816332409914274,38.75449304443877,15265600
2010-02-01,38.78084182739258,38.865168827709475,38.02187871891837,38.31702925171415,11828500
2010-02-02,39.2393913269043,39.30791130917689,38.475160299273135,38.86518134625467,12947600
2010-02-03,38.58584213256836,39.19195848121871,38.50151510432938,39.09708806124626,14540300
2010-02-04,37.61606216430664,38.38556495550535,37.45267174853167,38.243257303737664,15248400
2010-02-05,37.51591873168945,37.54754086603411,36.65681723927686,37.42104830752955,17307000
2010-02-08,36.96250915527344,37.658224294525354,36.96250915527344,37.54754279749961,11595600
2010-02-09,37.58442306518555,37.96390464438657,37.32616633200001,37.36306015102651,13051900
2010-02-10,37.289268493652344,37.542257526225505,36.89397589477971,37.431572059951826,11618700
2010-02-11,37.80579376220703,38.00607393954702,37.05736989714688,37.27346515946444,11273800
2010-02-12,37.784507751464844,37.93881758826295,37.337540627703085,37.534419535261364,13809100
2010-02-16,38.83807373046875,39.01366813820682,38.27404763730981,38.30597241704006,14230800
2010-02-17,38.75825881958008,39.07220071439483,38.5560617762087,38.960459922562414,8728000
2010-02-18,39.173309326171875,39.22651865804836,38.49221607547271,38.67845482645812,9848000
2010-02-19,39.40209197998047,39.577682275062365,38.95512490073019,39.077509952075395,13113200
2010-02-22,38.82209777832031,39.49254633571403,38.73164156094441,39.46593965549315,8683400
2010-02-23,38.33258056640625,38.80615042862426,38.188910932926944,38.63055601419888,11907600
2010-02-24,38.4921989440918,38.550730400989394,38.10376734061862,38.37514008990659,8921000
2010-02-25,38.369815826416016,38.41238489446986,37.662120293557585,37.88028372262618,11761100
2010-02-26,38.47092056274414,38.67843971772873,38.21551018604992,38.41238910266026,8978800
2010-03-01,38.74229431152344,38.939173253767834,38.5188127400746,38.64651591524383,7428100
2010-03-02,39.01365280151367,39.3275945640203,38.848702758269916,38.93915897168686,9257200
2010-03-03,38.91257858276367,39.29569228620343,38.875331642685474,39.17862931463995,8194200
2010-03-04,38.88595962524414,39.10944117192007,38.689080704823745,38.88063747614891,9419900
2010-03-05,39.53512191772461,39.62557815001253,39.11476147051533,39.136046006278974,8750200
2010-03-08,39.716041564941406,39.84374474300828,39.4553130590017,39.63622555629554,6474000
2010-03-09,39.53512191772461,39.85970398380253,39.37548992930231,39.53512191772461,8480100
2010-03-10,39.354209899902344,39.55108883355266,38.9764184809603,39.449988292001066,14652900
2010-03-11,39.37017822265625,39.423387546373085,39.13605638637995,39.41274730547419,7024700
2010-03-12,39.22650909423828,39.50319998830313,39.11476830665763,39.46595305910957,7681900
2010-03-15,39.146697998046875,39.178622781472626,38.763584358492615,39.11477321462113,8807600
2010-03-16,39.36486053466797,39.43935440055576,39.061562920807354,39.3222914514146,9828300
2010-03-17,39.73200225830078,39.939521436153015,39.460633523946726,39.47127376349347,10292000
2010-03-18,39.77988815307617,39.9448382314097,39.503193246621734,39.8277753140336,9916100
2010-03-19,39.89696502685547,39.992743441884805,39.31697238595239,39.89696502685547,16610700
2010-03-22,39.62026596069336,39.84374755297406,39.37549982729862,39.46595608232494,9317900
2010-03-23,39.78521728515625,39.79586158584131,39.391463411645105,39.604304769622644,8006700
2010-03-24,39.338260650634766,39.64155831698426,39.25844462062449,39.519173196353584,8997600
2010-03-25,39.269065856933594,39.70538863047243,39.21053440661415,39.58832572983355,10510300
2010-03-26,39.60430908203125,39.843753098571376,39.27972688918513,39.37550530772352,10411500
2010-03-29,40.029972076416016,40.14171283292814,39.636214294866996,39.700067895563784,8818000
2010-03-30,40.067230224609375,40.17364886265287,39.88631366840245,40.05126377525311,6378100
2010-03-31,40.34923553466797,40.51418560989992,39.95015962908612,40.15767877521988,9875500
2010-04-01,40.80683135986328,41.04095306440613,40.62059274222864,40.652521566182266,7859300
2010-04-05,41.32299041748047,41.370877587618175,40.82813602800297,40.9558392079811,8108600
2010-04-06,41.4400520324707,41.503905656479155,41.07822294897849,41.2751019116295,6490000
2010-04-07,41.168670654296875,41.413436715272226,40.95050721713476,41.32829857600606,9431400
2010-04-08,41.32299041748047,41.5039029174819,40.774922648368765,40.93455466804959,6880500
2010-04-09,42.302059173583984,42.36591279983437,41.50390711370504,41.525191655788504,9804100
2010-04-12,42.79690170288086,42.993780617653755,42.23287570327495,42.3020474010875,10000000
2010-04-13,42.67985534667969,42.871412186847955,42.179678701839016,42.791596160175885,7978500
2010-04-14,42.87671661376953,42.89267900058317,42.584059323485874,42.81286300690489,7290400
2010-04-15,43.41413879394531,43.504599091238816,42.83947253249145,42.892681845269166,9702500
2010-04-16,42.9671745300293,43.57909175940687,42.71708630118375,43.34496591800079,12861900
2010-04-19,43.27045822143555,43.36623657502856,42.59469165858022,42.7011102471907,9335900
2010-04-20,43.658897399902344,43.82384744379603,43.45137829319439,43.536512359213646,11470000
2010-04-21,43.5897331237793,43.988809058515194,43.22790411390101,43.791934195529436,9416400
2010-04-22,43.20662307739258,43.339648399748604,42.90864765439049,43.15873590995753,9421100
2010-04-23,43.988807678222656,44.04201698926243,43.07359291374188,43.12148413540481,9918100
2010-04-26,43.94625473022461,44.23891213773996,43.81322937401066,43.90900779286917,9792600
2010-04-27,42.690486907958984,43.903677160547005,42.605348755687984,43.67487345083186,13042800
2010-04-28,42.89799499511719,43.05762289996297,42.488274847499746,42.89799499511719,12115700
2010-04-29,43.78662109375,44.1590904192872,43.20131041378676,43.20131041378676,12274500
2010-04-30,43.334312438964844,44.23356048671184,43.254496466544715,43.82916659643881,13910300
2010-05-03,44.073951721191406,44.382571449973334,43.275799769962056,43.61102212801851,11650700
2010-05-04,42.97249984741211,43.76000745629702,42.371222812125225,43.63762643716448,16274300
2010-05-05,42.66920471191406,42.95653990218411,42.27544682546394,42.40315406088003,13028600
2010-05-06,41.07820510864258,42.6798306270014,38.04523032866287,42.2541521639848,21059200
2010-05-07,41.024993896484375,41.82846769218524,40.65784689892784,41.088847489785564,21866100
2010-05-10,42.50956344604492,42.866070266536966,41.78590550795398,42.2328726154148,14661800
2010-05-11,42.40847396850586,42.96718198346652,42.29673317743592,42.376549188089,12018600
2010-05-12,42.600032806396484,42.81287415844098,42.22756348502696,42.4457229276545,9257800
2010-05-13,41.99342727661133,42.600022342187756,41.90297104358558,42.46167894801077,10839600
2010-05-14,41.4134407043457,41.764625413621054,40.961155459855924,41.727378489006846,13602800
2010-05-17,41.74641799926758,41.86456985856644,40.79043075664026,41.56381222123207,14694000
2010-05-18,41.2738037109375,42.2512703556953,41.02675215209942,42.057924944862634,15321500
2010-05-19,41.13953399658203,41.354362674132716,40.570241483961496,41.00526658530238,10773200
2010-05-20,39.528324127197266,40.4950511045741,39.49072941682795,40.301705709098734,17879100
2010-05-21,40.000953674316406,40.09225454131707,38.66901899491746,38.85699257330608,15919100
2010-05-24,39.4423942565918,39.94723691375398,39.37257258348845,39.86130790514775,10540700
2010-05-25,38.97513198852539,39.0395818012123,38.024520812104505,38.5293633368496,22304600
2010-05-26,38.427337646484375,39.47462189447402,38.368259653262754,39.30813160313119,16888700
2010-05-27,39.93650817871094,39.93650817871094,38.830145770539424,39.27591056277732,15252900
2010-05-28,39.67333984375,39.95798612649013,39.227571013507315,39.743157428992255,14445500
2010-06-01,38.82478332519531,40.02244690025856,38.82478332519531,39.50686029111478,13966400
2010-06-02,39.812984466552734,39.81298446655273,38.73347707354759,39.02349526939776,15674100
2010-06-03,39.69482421875,40.14596080818107,39.28127824758815,40.09762650110633,14278800
2010-06-04,38.2823371887207,39.05034721678222,38.0245459624934,38.74958942034448,18133300
2010-06-07,38.31993103027344,38.93219030035214,38.234001989350276,38.48642546162296,12324200
2010-06-08,38.1426887512207,38.52401184863537,37.49820674245276,38.49715672430475,16572400
2010-06-09,38.019161224365234,38.8784718495895,37.91711667909863,38.22324621738216,14074500
2010-06-10,39.834434509277344,39.834434509277344,39.03957412990431,39.13624678118094,13937400
2010-06-11,39.77538299560547,39.77538299560547,39.09330623964643,39.46388566551156,8346000
2010-06-14,39.839820861816406,40.57023580473177,39.82908127332455,39.8666759793195,11948000
2010-06-15,40.403751373291016,40.41986280710901,39.839826604563626,40.04928343923009,11760200
2010-06-16,40.25336837768555,40.489680333418356,39.984833554358715,40.070766664631094,10424400
2010-06-17,40.45207977294922,40.543380616274945,39.85056038056701,40.29095726324388,11113500
2010-06-18,40.559505462646484,40.683033307279025,40.22652484214629,40.53265443382514,13680200
2010-06-21,40.66692352294922,41.48863961308129,40.43598335861326,41.25232760375598,9347000
2010-06-22,39.7431526184082,40.666913037573785,39.67870278770499,40.52190194287058,10576400
2010-06-23,38.80866241455078,39.68945650244666,38.74958441252581,39.65722953019487,14876400
2010-06-24,38.04066467285156,38.738853133390066,37.970842958534796,38.56162316805304,14188300
2010-06-25,37.62709426879883,38.20175856779577,37.53042157842945,38.20175856779577,20472800
2010-06-28,37.573402404785156,37.90101530787038,37.39616838885039,37.895643462610046,10873900
2010-06-29,36.71409225463867,37.26727349904528,36.52074679673691,37.16522892473117,16421100
2010-06-30,36.44554901123047,37.09003099173632,36.413326141460125,36.63889442488552,12871000
2010-07-01,36.241455078125,36.681851945725256,35.89235905072487,36.62277396735682,16335700
2010-07-02,36.150169372558594,36.601310165789876,35.91386143088285,36.40796469690756,9143600
2010-07-06,36.284427642822266,36.69260176237472,35.90848049160069,36.67111848265968,15039500
2010-07-07,37.29949188232422,37.32634700838739,36.24683568141561,36.42406967939188,15691100
2010-07-08,37.81507110595703,37.96544993279965,37.17058515125417,37.691543299613045,13478900
2010-07-09,38.583072662353516,38.66900575305654,37.62172181958404,37.841918193858774,11390300
2010-07-12,38.58845520019531,38.73883405308977,38.31992036359337,38.41659306867072,7352000
2010-07-13,39.329612731933594,39.51758629212662,38.937550079945595,39.20071306421583,13751300
2010-07-14,39.23295593261719,39.27055065989447,38.85700456232644,39.21147264595618,11750500
2010-07-15,39.227561950683594,39.329606480360766,38.75494220339186,39.329606480360766,10507600
2010-07-16,38.40048599243164,39.12015746939778,38.26621855889167,39.01811700621889,12060700
2010-07-19,38.66902160644531,38.830144168812296,38.39511488942824,38.583088480511734,8350600
2010-07-20,39.259796142578125,39.31887414022665,38.11046725698885,38.131950537726205,8922500
2010-07-21,38.76033401489258,39.501493105333175,38.43809289177493,39.38333707076913,9045400
2010-07-22,39.4423942565918,39.74315193298765,38.98051405497471,39.0986700271348,9552500
2010-07-23,39.48536682128906,39.501482355949946,39.02885834630707,39.35647122662149,8426300
2010-07-26,40.076141357421875,40.076141357421875,39.42628753047467,39.64648397054804,6467000
2010-07-27,40.44136047363281,40.51117807752381,40.01170296387274,40.20504843351301,8163500
2010-07-28,40.58098602294922,40.63469627202421,40.28560014062038,40.35004588348362,7392400
2010-07-29,40.828041076660156,41.01601876940477,40.43061060424801,40.75822348343765,13346400
2010-07-30,40.93008804321289,41.016021176083214,40.22115608710193,40.36079537925756,16955000
2010-08-02,41.784019470214844,42.068665722716894,41.52622424109976,41.68734677148621,11863000
2010-08-03,42.24590301513672,42.49295457634895,41.789390508912504,41.848468501541134,11788000
2010-08-04,42.439239501953125,42.48220605488859,42.014958108642446,42.31034394066274,8067500
2010-08-05,42.46609878540039,42.53054862112241,42.02032997440166,42.16534108039711,9304600
2010-08-06,42.28348922729492,42.43923579743786,41.789382106699634,42.014954441162644,8986800
2010-08-09,42.58425521850586,42.65944464555071,42.35868693737131,42.589627062585194,7015200
2010-08-10,42.449981689453125,42.68629362473475,41.971990073099555,42.181446889366136,8406900
2010-08-11,41.424171447753906,41.88068382708124,41.365093471547205,41.87531198446736,10589700
2010-08-12,41.39194869995117,41.77326757626977,40.92469673163751,41.03748493925988,8993100
2010-08-13,41.56919479370117,41.76790795643855,41.30603179310713,41.37584937764776,7087800
2010-08-16,41.73567581176758,41.80012563530219,41.01600455445143,41.41343488912578,7284800
2010-08-17,42.15851974487305,42.32657118376921,41.784478840132316,42.050102930480215,7360500
2010-08-18,41.76279067993164,42.13683568495036,41.49174453388003,42.07178312099703,8308800
2010-08-19,41.11228942871094,41.6435418495557,40.92797998088628,41.58933343171534,8870600
2010-08-20,40.684024810791016,40.960488879089205,40.41297868716372,40.90628048153087,9303600
2010-08-23,40.684024810791016,41.1935887108421,40.684024810791016,40.8412279229595,9991400
2010-08-24,39.995567321777344,40.602712157676514,39.908834708555084,40.26119137805506,11261600
2010-08-25,40.152767181396484,40.27745020124183,39.339628920018804,39.74619805070765,9711900
2010-08-26,39.75164031982422,40.32083491037407,39.626957236653965,40.3154169636811,8176900
2010-08-27,40.61897659301758,40.67860707745492,39.53479198264566,40.055200099323855,8789500
2010-08-30,39.995567321777344,40.548503757433124,39.995567321777344,40.456344927599936,7558900
2010-08-31,40.158199310302734,40.40213919542517,39.69742167405139,39.84920685909079,9227500
2010-09-01,41.616432189941406,41.69232893175329,40.787031470473586,40.85208404809655,10549900
2010-09-02,41.98505401611328,42.00132026194128,41.453805789160036,41.60559099686096,5995000
2010-09-03,42.283199310302734,42.283199310302734,41.95252267713733,41.95252267713733,7189100
2010-09-07,41.768226623535156,42.234426480340005,41.72485823317253,42.1097433920068,5880200
2010-09-08,41.87664031982422,42.21815706265738,41.779063516752316,41.82785398620678,6940700
2010-09-09,41.93626403808594,42.4349880016724,41.88747357651967,42.223572318503436,6646200
2010-09-10,42.727699279785156,42.727699279785156,42.25065971930989,42.46207530805281,8223500
2010-09-13,42.96080780029297,43.10175293344455,42.64639332473766,43.02586035463263,8586400
2010-09-14,43.10176086425781,43.35654491250807,42.922869408783875,42.96081570517203,8447300
2010-09-15,42.93913269042969,43.00418525851779,42.565087661636454,42.85781801427861,7240700
2010-09-16,42.852386474609375,42.895750703741975,42.49460366737975,42.81985813296628,6905600
2010-09-17,42.532569885253906,43.22102956028984,42.41330889362016,43.052978101243724,12326500
2010-09-20,43.31316375732422,43.43784263617452,42.53797181479289,42.575918099986666,7730700
2010-09-21,43.23184585571289,43.49205188878095,42.87948515636775,43.38905306421563,8598700
2010-09-22,42.96080780029297,43.58421467124978,42.95538572013916,43.32943066988032,6776600
2010-09-23,42.575923919677734,43.02586145978784,42.36993036273074,42.565079759091574,6802000
2010-09-24,43.43242645263672,43.52458112957993,42.668074502397594,42.96622685231393,8256000
2010-09-27,43.410743713378906,43.69805191330877,43.40532163342687,43.53000465731248,8380700
2010-09-28,43.84444046020508,44.0179098969441,43.13972268288174,43.61134051685224,7826200
2010-09-29,44.06126022338867,44.288937990283024,43.633006822324006,43.76852989345197,8851100
2010-09-30,43.93657302856445,44.55455778550298,43.54626599558536,44.28351169436029,10120300
2010-10-01,44.424461364746094,44.6467211881148,44.16968146338803,44.3919371509208,9570600
2010-10-04,44.077518463134766,44.527456012405814,43.73600184275553,44.391932953167704,7602500
2010-10-05,45.205081939697266,45.26471243065247,44.42446761143749,44.54915067502652,11597600
2010-10-06,45.47611999511719,45.6983798100198,45.107497087739915,45.15086546174566,8650300
2010-10-07,45.27553939819336,45.806791581868964,44.96112906074792,45.76342321262293,7714000
2010-10-08,45.50321960449219,45.5899522039766,44.96654536033139,45.24843561428487,6879000
2010-10-11,45.37854766845703,45.53575493775677,45.18339410214261,45.4544402624864,4790700
2010-10-12,45.44902420043945,45.63333776451823,44.79309290183736,45.18882216811695,8528900
2010-10-13,45.356849670410156,45.595371542362145,44.91775634780301,45.237588734434155,11647800
2010-10-14,45.481536865234375,45.492376889576036,44.97196886863498,45.346013813869455,6718600
2010-10-15,45.32432556152344,45.8284714327876,45.05870156272165,45.74715678209952,9502500
2010-10-18,45.79595947265625,45.953162600631636,45.2104987941522,45.25386717089384,7800200
2010-10-19,44.87984085083008,45.3623028694682,44.527479880765505,45.19967345687294,9455500
2010-10-20,45.54657745361328,45.817623509750995,44.955699036433685,45.06953788371137,8835000
2010-10-21,45.67128372192383,46.077853013216924,45.20508393704082,45.812228900939715,9521400
2010-10-22,45.833892822265625,45.96399377990666,45.62789515884622,45.96399377990666,5555000
2010-10-25,46.00737380981445,46.506097720421565,45.936899165687066,46.14831482639738,6757400
2010-10-26,46.159156799316406,46.20794311755029,45.801373922258314,45.88811066912175,5968600
2010-10-27,45.70378494262695,45.88267633337471,45.15085280448391,45.88267633337471,9557300
2010-10-28,45.77428436279297,46.430215681717364,45.58997079300372,46.224217919256624,8519800
2010-10-29,44.776817321777344,45.1183380732379,44.44072278648027,44.93402456460537,12463000
2010-11-01,44.1534309387207,45.57913681119055,43.95827731462474,45.07499063824887,12781900
2010-11-02,44.53287124633789,44.69549641092034,44.29977145485162,44.646710102296076,9528800
2010-11-03,44.8310432434082,45.05872521200175,44.402793854296526,44.80936318529177,10036500
2010-11-04,46.153743743896484,46.24589845358265,45.47070620420613,45.622495540899074,16295400
2010-11-05,46.06700134277344,46.25131072304445,45.56285538354858,45.920634118830534,14513200
2010-11-08,45.96942901611328,46.07784582253777,45.42191463124667,45.87185223599681,11799200
2010-11-09,45.29722595214844,45.68211094370943,45.04786401969351,45.486961543565386,13597200
2010-11-10,46.170005798339844,46.197112070961964,45.129189448700316,45.41649774081405,11795500
2010-11-11,46.668724060058594,46.72293659865569,46.07784543904159,46.07784543904159,11297200
2010-11-12,46.31635665893555,46.40851133589306,45.839312898995345,46.32719668264552,10571300
2010-11-15,46.001953125,46.60367591169398,45.98569101765736,46.47899286234033,9252400
2010-11-16,45.09437561035156,45.69577888804263,44.793671885892735,45.67937762511335,12360200
2010-11-17,45.08345413208008,45.44976303401543,44.88663056690299,45.056120074889265,7847300
2010-11-18,45.826988220214844,45.9144671747051,45.351330790432826,45.40053874514013,7590000
2010-11-19,45.892601013183594,45.90353379773397,45.28026079770125,45.75591826455842,8130900
2010-11-22,45.62471389770508,45.695791618502405,44.85929360625499,45.63565085685594,6791900
2010-11-23,44.69526290893555,45.10531119250376,44.36722511632634,45.08890992855733,9507700
2010-11-24,45.34040069580078,45.384140175640034,44.831940713542046,44.913951195434045,8042600
2010-11-26,44.859275817871094,45.143574074642245,44.71712460387246,45.07250055325598,2789700
2010-11-29,44.66246795654297,44.85929149973842,43.96265276794917,44.44924314661916,9070100
2010-11-30,44.2688102722168,44.61871778274598,43.99544476891421,44.08838803894272,10366000
2010-12-01,45.214656829833984,45.498959315891916,44.69526399320495,44.91395725065868,10629600
2010-12-02,46.19878387451172,46.29172717233618,45.12172280199351,45.214666099817975,10799500
2010-12-03,46.41200256347656,46.472143317939135,46.12223574900813,46.19330929008787,6724000
2010-12-06,46.444786071777344,46.58693726694203,46.19329037031707,46.357311300985984,5184200
2010-12-07,47.18289566040039,47.36331375350439,46.86032214193895,46.97513517254233,12560600
2010-12-08,47.095420837402344,47.456265397902804,46.81658678349086,47.29771286415814,6918300
2010-12-09,47.374244689941406,47.554666931340265,46.93138971821451,47.45078670061485,8076700
2010-12-10,47.58201217651367,47.6093504029985,47.1500940596652,47.54374116217154,7406700
2010-12-13,48.31464385986328,48.63174482651546,47.84445463368939,47.959267699909255,9910500
2010-12-14,48.320098876953125,48.63173547425653,48.183416085658166,48.42944761272575,7331300
2010-12-15,48.117801666259766,48.45677225322441,48.07406218044918,48.12326597356587,7608700
2010-12-16,48.69186782836914,48.77934680188201,48.030323733279445,48.15607371489744,7796700
2010-12-17,48.38023376464844,48.637198048479625,48.15607618317963,48.57705729391372,10832800
2010-12-20,48.549713134765625,48.987095420014256,48.423963172880484,48.6371879233248,8029800
2010-12-21,48.784812927246094,49.10738224125384,48.63172473098326,48.84494950460152,5962500
2010-12-22,49.16204071044922,49.1839104466331,48.83400301014223,48.99802394590856,4262400
2010-12-23,49.57756423950195,49.69237724199028,49.10737527432523,49.14564627515467,5095600
2010-12-27,49.27140426635742,49.533832837339666,49.227664780784735,49.47369208748396,3138200
2010-12-28,49.85639572143555,49.98760997900815,49.276858088973306,49.38073830229906,5058100
2010-12-29,49.9548225402832,50.51248643176178,49.943885582301434,50.04776582699175,5301000
2010-12-30,50.08058547973633,50.26647628793197,49.83455806699101,49.927501385474464,4156500
2010-12-31,49.88921356201172,50.189917339643536,49.752530785129494,50.06963582859081,5152900
2011-01-03,50.26646423339844,50.50702310759428,49.91655662436109,50.113380175848064,7802300
2011-01-04,50.08058547973633,50.56171168596359,49.87282909055647,50.452362924898885,8513900
2011-01-05,49.99310302734375,50.33754218696921,49.4791743566912,49.70880046310818,6659500
2011-01-06,49.58303451538086,50.206307506480094,49.35340433084978,50.168036504262645,6220800
2011-01-07,49.85639572143555,49.91653645849508,49.35340008682616,49.74158272465626,6346300
2011-01-10,49.42995834350586,49.84547095596622,49.271405831687936,49.72518945243352,6848700
2011-01-11,50.206298828125,50.2937736018332,49.64863098223566,49.681437672198705,7838900
2011-01-12,50.54527282714844,50.76396603346778,50.40859009460209,50.49606904562022,7845400
2011-01-13,50.39767837524414,50.627304460800886,50.17898507752108,50.304735079360846,5721900
2011-01-14,50.753047943115234,50.78038199480208,50.200848375823995,50.36486937085376,5557900
2011-01-18,51.03733444213867,51.25602766107116,50.80770843931137,50.81317691687189,7733200
2011-01-19,50.829586029052734,51.2341658352689,50.61636125474781,51.190426350481516,6069900
2011-01-20,50.68744659423828,50.7694571045082,50.069641869830164,50.375809992194846,6513500
2011-01-21,51.27242660522461,51.35990555733439,50.900649401210046,51.04826909008881,7427500
2011-01-24,51.447391510009766,51.68248603082303,51.206832681922585,51.33257848885356,7282800
2011-01-25,51.43644714355469,51.633270613001976,51.03733172739046,51.272426195273276,7423200
2011-01-26,51.74261474609375,51.92303695361582,51.16308129660267,51.60046353672248,8832600
2011-01-27,51.80276107788086,51.917574084735854,51.556733801938215,51.69888085543884,6301100
2011-01-28,51.04827117919922,51.85743066319886,50.80770822227847,51.660607184123016,12444700
2011-01-31,51.90117645263672,52.04332768730625,51.0482773870729,51.310705943603296,11167900
2011-02-01,52.60647201538086,52.754087590807224,52.03240263835328,52.28389846726006,9948200
2011-02-02,52.74860763549805,52.950895431771954,52.14173590422348,52.14173590422348,6607800
2011-02-03,53.20240020751953,53.27347791770195,52.35496953390616,52.797820375141356,10500300
2011-02-04,53.09306335449219,53.21334487725445,52.77048980060908,52.99465157870741,10529700
2011-02-07,53.393760681152344,53.705397238110436,53.17506740914747,53.18600019569547,10256500
2011-02-08,53.437503814697266,53.57418660828904,53.093064676488005,53.5085815369508,5710500
2011-02-09,52.617401123046875,53.240674257882866,52.32216582161498,53.16960071486731,8242700
2011-02-10,52.868873596191406,53.021961744013716,52.34401246019147,52.42055444848987,7286200
2011-02-11,52.73220443725586,53.13131991134304,52.42603640533797,52.5353809392439,7324900
2011-02-14,53.40424346923828,53.51992423283362,52.6055225564886,52.6055225564886,6994000
2011-02-15,53.068233489990234,53.34916470729014,52.69366413705732,53.200438887896205,7626700
2011-02-16,53.2444953918457,53.4427950389538,52.925005389250565,53.27754463259717,6786600
2011-02-17,53.52543640136719,53.61907874315679,53.10679856656649,53.18942169014532,6616600
2011-02-18,54.37922286987305,54.42879672375384,53.44829683385729,53.657619868283746,8860500
2011-02-22,55.260562896728516,56.25208185763914,54.660146116720135,54.660146116720135,15723400
2011-02-23,56.33472442626953,57.254635637062805,55.37074895954446,55.376258567510746,17174700
2011-02-24,56.20249938964844,56.96817067047746,55.93809715592498,56.786391508169,16467900
2011-02-25,56.2410774230957,56.53302358201888,55.82794511459706,56.026248958884345,8516400
2011-02-28,57.14997863769531,57.25464018436979,56.285155032679484,56.34023850891874,10219700
2011-03-01,56.6817512512207,57.83301121996313,56.64869781012354,57.32623661752912,12266900
2011-03-02,56.9957389831543,57.27116054646124,56.29066045350446,56.76438587860036,8335000
2011-03-03,57.392356872558594,57.6016757848124,56.913121754582455,57.19955838201398,7537800
2011-03-04,57.14997863769531,57.717346427899344,56.461424678205006,57.359297528444415,9850500
2011-03-07,56.74235916137695,57.71184016669586,56.74235916137695,57.353795449074724,8222500
2011-03-08,57.16099166870117,57.3097216722468,55.88303573232987,56.96269200163984,8913900
2011-03-09,56.26308822631836,57.11138671757239,56.130887119366314,56.835965293240456,7102000
2011-03-10,54.577545166015625,55.89956968414707,54.14237853448986,55.89956968414707,12553000
2011-03-11,55.04576110839844,55.49745236400145,53.76229544460694,54.037717044428284,6872700
2011-03-14,55.52500534057617,55.63517231759049,54.55001036333621,54.62162268073622,7353600
2011-03-15,55.76183319091797,56.18598040957254,53.971593619044334,54.08176052704345,12650100
2011-03-16,54.814388275146484,56.224545014647695,54.32964374399401,55.993191962560516,14795200
2011-03-17,56.318206787109375,56.49998604913778,55.3046573308298,55.56905970959836,9981500
2011-03-18,56.62665557861328,57.271140805983535,56.38428334161329,56.940635884455055,11366300
2011-03-21,57.943172454833984,57.948677858577256,56.84699193577086,57.210550307544146,8785300
2011-03-22,57.96521759033203,58.35631566224597,57.90462451696236,58.03682567586025,8008500
2011-03-23,58.102943420410156,58.34531157412628,57.53557138606974,57.68981101447111,6811800
2011-03-24,58.047847747802734,58.3453035434489,57.7999700193974,58.31776390840363,6996800
2011-03-25,58.81901550292969,58.94571124344159,58.04783445407991,58.235123261454206,8982900
2011-03-28,58.41141891479492,58.99531141676691,58.411418914794915,58.609722821615684,6023500
2011-03-29,59.14402389526367,59.20461697117596,58.12496081997475,58.41140157930544,6963200
2011-03-30,59.49658203125,59.8986952599046,59.24319463450587,59.27624388546362,7907300
2011-03-31,59.21010971069336,60.39993254398698,59.13299203104636,60.212643748702604,8418500
2011-04-01,59.66731643676758,59.92070372453698,59.22113493032568,59.650791818395476,6494000
2011-04-04,59.61775588989258,59.80504054338162,59.40843280352282,59.77749670488043,4764600
2011-04-05,60.223690032958984,60.48258701783672,59.61776333367506,59.628778348891025,6541400
2011-04-06,59.8546028137207,60.55968118621093,59.733416680461715,60.49908811958144,6893000
2011-04-07,60.00886154174805,60.096994271317044,59.22115557153655,60.05292580523243,7011700
2011-04-08,60.40544891357422,60.55968429013681,60.119008183444706,60.23468471586665,6732900
2011-04-11,59.36985778808594,60.53764645945772,59.25418126255266,60.44950956232842,6599000
2011-04-12,57.38682556152344,58.77494811237442,57.00123713145336,58.648256572179406,12803700
2011-04-13,57.18302536010742,57.915647749307105,56.92412841034516,57.739378111558274,7241100
2011-04-14,57.772430419921875,57.998278137898964,56.80845486802923,56.91311641563811,7084900
2011-04-15,58.52157974243164,58.664800149571754,57.48048644218245,58.12497197041289,8869500
2011-04-18,57.563106536865234,57.83301849126716,56.758876079035325,57.81098426196503,7194800
2011-04-19,58.058868408203125,58.306746142774806,57.436412963781436,57.55759912827414,4993300
2011-04-20,59.38639450073242,59.678340677385705,58.94572253313104,59.33131103010718,6667800
2011-04-21,59.56264114379883,59.62874380460057,59.21010202471848,59.62874380460057,4915500
2011-04-25,59.171566009521484,59.36986986580514,58.763943283871484,59.14402637551507,3995200
2011-04-26,59.904197692871094,59.94826615726918,59.02835902660957,59.40843797489284,5300000
2011-04-27,60.02535629272461,60.13552320050853,59.243160320703595,60.10247396869298,5982600
2011-04-28,59.93724060058594,60.09698561518344,59.53512746263326,60.085970601548965,5941200
2011-04-29,60.28428649902344,60.372419233487264,59.3698846886835,59.75547748443908,6755500
2011-05-02,59.59021759033203,60.3613989114503,59.276237134192456,60.30631543192759,6550800
2011-05-03,58.483001708984375,59.402908532501655,57.94317790944674,59.259692374925606,7955600
2011-05-04,57.66225051879883,58.400378186972915,57.12242248180966,58.400378186972915,8892900
2011-05-05,56.527530670166016,57.353795469774724,55.6957562618319,56.93515346124495,11988500
2011-05-06,56.670719146728516,57.53554237904908,56.18597888108192,56.92410639031182,9536300
2011-05-09,57.337242126464844,57.76139356235489,56.73682531273263,56.87453605378295,7117900
2011-05-10,57.48600769042969,57.81100322338239,56.87457128519914,57.46397345390056,6430500
2011-05-11,56.329219818115234,56.990229895042006,55.77286707843213,56.88556835519876,10161700
2011-05-12,56.60466003417969,56.91313094470134,55.31017908883951,55.982204400675826,10425800
2011-05-13,56.40083312988281,57.00675979021934,55.783887252438355,56.98472555860347,8968000
2011-05-16,55.99319076538086,56.8965729326336,55.860989624528834,56.20250958861311,6759400
2011-05-17,55.737884521484375,56.17086410819615,55.29380050505745,55.68237084310672,8768800
2011-05-18,57.09785079956055,57.43091149518612,55.60462352813848,56.020950456444574,8193700
2011-05-19,57.658504486083984,58.02486997377855,57.14225893539441,57.55858585578612,7452400
2011-05-20,56.93688201904297,57.625208160052736,56.49279817865755,57.480884511760244,8760900
2011-05-23,56.27074432373047,56.57050019458887,55.898822414365924,56.13751666884041,7487000
2011-05-24,56.77035140991211,57.3920679601281,56.53720929174268,56.53720929174268,6800500
2011-05-25,57.31436538696289,57.652978441374124,56.51501598178249,56.62048687138223,7949500
2011-05-26,57.37541198730469,57.61965851596207,56.67598144121134,57.17002247592487,6614300
2011-05-27,57.292152404785156,57.852807349377436,56.914682377994964,57.53084674871274,5796300
2011-05-31,58.23582077026367,58.40234902342164,57.56969505234047,58.06928828200859,8188400
2011-06-01,56.89247512817383,58.25802727614754,56.66488522106032,58.13590823836086,8196100
2011-06-02,56.13196563720703,56.947962744733196,55.710086556546756,56.81473933219161,8129200
2011-06-03,56.06537628173828,56.448398524438865,55.271579200622625,55.3603976711436,7692200
2011-06-06,55.332645416259766,56.23746142525581,55.12170788397489,56.00987148714557,6982200
2011-06-07,55.21605682373047,56.01540593054891,55.166095387005925,55.63793598956207,6835400
2011-06-08,55.482513427734375,55.976554494213005,55.23271890561733,55.23827111847033,6936200
2011-06-09,56.19303894042969,56.548304271179106,55.687893533681624,55.79336438456239,5734900
2011-06-10,55.32707214355469,56.065359578185635,54.94405425006439,56.032054779211656,9113900
2011-06-13,54.916290283203125,55.79335324625309,54.43890179623142,55.53245439464112,7999300
2011-06-14,55.84332275390625,56.226344917135656,55.44920040171373,55.521362217716224,7353400
2011-06-15,54.62764358520508,55.46029740421268,54.23906926194373,55.06617086966432,9665600
2011-06-16,55.19384765625,55.32152310836762,54.29457998529435,54.43335562515869,7786300
2011-06-17,55.04952621459961,55.976546580406946,54.80528393986584,55.637937876001104,12029500
2011-06-20,55.46030044555664,55.62127646584098,54.76087001340776,54.888541234336245,6427200
2011-06-21,56.392860412597656,56.60935428185297,55.68788210765997,55.81000533412853,8499500
2011-06-22,56.104217529296875,56.87580977583786,56.065360518143606,56.21523635113575,6592500
2011-06-23,55.154991149902344,55.26046199239275,53.84494875881822,54.89964447843292,13058800
2011-06-24,54.34454345703125,55.365930171911366,54.294582022555275,55.25491134989277,8032400
2011-06-27,54.89963912963867,55.31041380153815,54.36674122782679,54.36674122782679,7130200
2011-06-28,55.70454788208008,55.84332353910324,55.12169266364094,55.24936389644796,6113800
2011-06-29,56.22079086303711,56.45948515134383,55.46030300862251,55.893282360644754,7637700
2011-06-30,57.08676528930664,57.14227895288299,56.22080634676902,56.50390993763629,7697700
2011-07-01,57.78063201904297,57.83614567136492,56.626021741435345,57.014591897106605,6579700
2011-07-05,58.35239028930664,58.707655635519714,57.791735444305985,57.791735444305985,7392200
2011-07-06,58.330177307128906,58.41899151339147,58.04707381916773,58.1858494574688,6196300
2011-07-07,59.16838073730469,59.35156560131345,58.729853435121036,58.88528147666914,7878100
2011-07-08,58.779815673828125,58.840877300400436,58.32463169807796,58.53556916753886,6334900
2011-07-11,57.958248138427734,58.08591932873461,57.591878492999896,57.96934832385181,6975400
2011-07-12,57.9471435546875,58.81310200857516,57.7251017309714,57.7251017309714,9158300
2011-07-13,58.33572006225586,59.1794782392627,58.13033484641425,58.14143503304244,6871100
2011-07-14,58.10258865356445,59.101775036682916,58.04707924007938,58.674343659144604,7279600
2011-07-15,58.94635009765625,59.00741172624333,58.36349063754205,58.663246568306754,10160500
2011-07-18,58.96857833862305,59.1184542465088,58.34686161439981,58.60776063469973,6951000
2011-07-19,59.66243362426758,59.840066299704255,59.1128789612722,59.1128789612722,6987600
2011-07-20,59.45150375366211,59.75681196058992,59.32938047089098,59.67909791429882,5044900
2011-07-21,60.744876861572266,60.92250952175346,59.81785654859839,59.88446614923092,8319200
2011-07-22,60.489524841308594,60.872546951544905,60.4062586127664,60.72266689314969,5413700
2011-07-25,60.0066032409668,60.50619653645246,59.65133783864315,59.70129928574055,6284400
2011-07-26,59.71239471435547,60.21198796999614,59.58471923537611,59.90113182652964,4864800
2011-07-27,58.63549041748047,59.39598255993892,58.5466761972114,59.37933015833203,7412700
2011-07-28,58.302467346191406,58.75765163627064,57.9694063935895,58.36908123075171,6655300
2011-07-29,57.74177551269531,58.413453442860195,57.21442969176269,57.57524725955206,9697600
2011-08-01,58.49672317504883,58.91305021551915,57.68627371114498,58.885297620546396,9309400
2011-08-02,57.42538833618164,58.674369752982,57.41428814258683,58.13037132976421,10396300
2011-08-03,57.04235076904297,57.58634900649276,55.993207076006854,57.46977795561066,12027400
2011-08-04,53.75615310668945,56.05428259444704,53.57297240140661,55.94325949341382,20541200
2011-08-05,54.1835823059082,55.14390773676412,52.07974227658885,54.416724455412144,17596200
2011-08-08,50.09801483154297,53.173284061823864,49.82046350283636,52.33507786330269,23079600
2011-08-09,51.84660339355469,52.01868390973035,48.460477093530855,50.847416639732025,21012700
2011-08-10,50.2756233215332,52.09635848415507,49.814887321147935,51.46354209800223,18069500
2011-08-11,52.218509674072266,52.812469380638596,50.39222132292407,51.10830429842697,30717300
2011-08-12,53.2121467590332,53.87272034710471,52.690348850129816,53.09002348374963,13364100
2011-08-15,55.01068115234375,55.08284721961684,53.72839516732754,53.844966235501936,11857000
2011-08-16,54.477760314941406,55.11057684127814,53.92821001261657,54.3944940909295,9842900
2011-08-17,54.65684509277344,55.44580838618813,54.33790175815425,55.06531847803621,8594800
2011-08-18,52.17243576049805,53.36987230320438,51.33870753643294,53.23558151151575,15083800
2011-08-19,52.20040512084961,53.35867311966442,51.523350326279264,51.52894275098394,13452700
2011-08-22,52.205997467041016,54.024534296817535,52.01015162399802,54.024534296817535,10071000
2011-08-23,54.46100616455078,54.4889811050039,52.29554598296898,52.55293848788887,12301000
2011-08-24,54.6064567565918,54.701583456292376,53.75594303516087,54.18120203038919,7642500
2011-08-25,53.69438552856445,55.12683130987709,53.31948827627173,54.863846552390136,9812400
2011-08-26,54.1923942565918,54.47216914100272,52.239566758730774,52.97817228281459,9216600
2011-08-29,55.249942779541016,55.261136165531745,54.04131750312383,54.99255039909129,9724900
2011-08-30,55.059696197509766,55.38423607674414,54.130841564327085,54.819089634494745,9202500
2011-08-31,55.3058967590332,55.798303284726444,54.88064201105839,55.311493452014055,11242000
2011-09-01,55.126834869384766,56.22355604417021,55.1156457536943,55.40101729759385,10121400
2011-09-02,53.946189880371094,54.309893778606806,53.196391045045196,53.89023149384974,8976700
2011-09-06,53.49856948852539,53.604885341989174,51.898256337041616,52.36268380645714,10276800
2011-09-07,55.55769348144531,55.641626795169614,54.7575371927882,54.98695036334058,10572800
2011-09-08,55.06529235839844,56.27951427836134,54.835874914216795,55.333873844874866,9603600
2011-09-09,53.263545989990234,54.49455382300994,53.034128526467526,54.28192643920504,13346600
2011-09-12,53.666404724121094,53.677593837862624,52.12764330866681,52.564091318006255,13616300
2011-09-13,53.6776123046875,54.18680040108569,52.9501958595173,54.142039661695755,11453800
2011-09-14,54.44978332519531,55.395423743058984,53.24115811796738,53.89023359041694,11325600
2011-09-15,55.5409049987793,55.67519573285806,54.869442790334574,55.23874764533299,9241200
2011-09-16,55.74797058105469,56.0445356969238,54.9981755546287,55.95500563876826,13862000
2011-09-19,55.23318099975586,55.58569596936503,54.052530136600545,54.382666862544056,8522500
2011-09-20,54.7183837890625,55.80950435765301,54.6904045871902,55.552111922729786,8660500
2011-09-21,52.748756408691406,54.712777351420755,52.67601647341479,54.393834144398554,9267200
2011-09-22,50.454612731933594,51.20441180703119,49.57052287809721,50.86868272567077,16685800
2011-09-23,50.365074157714844,50.82949720543146,49.553724459365,50.43221739549152,12228200
2011-09-26,51.19321060180664,51.28274061998002,49.66564202070293,50.723190813475114,11899200
2011-09-27,52.34029006958008,53.353073865975176,52.066111856279306,52.68721249081616,11079800
2011-09-28,51.33308029174805,53.3418656219374,51.22117207677876,52.59206692076395,10338300
2011-09-29,52.81589889526367,52.86626059106877,51.65763112005429,52.70399065640336,10104100
2011-09-30,51.8087158203125,53.04532468010648,51.769547503646606,52.01575079070443,11918800
2011-10-03,50.29232406616211,51.90942231156379,50.275538258684456,51.43940262608835,11384300
2011-10-04,51.18761444091797,51.389048429051606,48.50177385814119,49.64325589237003,15398100
2011-10-05,52.96698760986328,53.011748350664845,50.935819046443555,51.55691968346969,13057500
2011-10-06,52.93902587890625,53.05093417137419,51.88147671968165,52.25077750004803,10169500
2011-10-07,52.821502685546875,53.56570495414089,52.4074370232949,53.53212906275067,10534600
2011-10-10,54.94778060913086,54.970163110137655,53.767130362432404,53.78951286343919,7490300
2011-10-11,54.61206817626953,55.194000571660105,54.36027243445882,54.39384406162642,7613500
2011-10-12,54.712791442871094,55.25555555772294,54.10288406863281,54.897443944238105,8868800
2011-10-13,54.7183837890625,54.891842887395654,53.856676453522915,54.0637114479082,6507900
2011-10-14,56.21798324584961,56.268340691398045,55.31151080473241,55.378658334490915,7365100
2011-10-17,55.177207946777344,56.094869307644636,55.05970299716918,55.904624418477034,6576400
2011-10-18,57.60566329956055,58.27712577363935,54.819107052666325,55.41222860942952,12165700
2011-10-19,57.20838165283203,58.2379557080216,56.911820883318406,57.460181673967256,8651800
2011-10-20,57.85184860229492,58.00292942621015,56.91740153965564,57.45456879007749,8710100
2011-10-21,59.049293518066406,59.22275260116153,58.31068790520702,58.47295786995226,10884100
2011-10-24,59.46335220336914,59.79908548072451,58.9038024331448,59.032500758667815,7911500
2011-10-25,58.47296142578125,59.82147866186271,58.37783897243012,59.65920868724958,8452200
2011-10-26,59.743125915527344,59.782294227913006,58.4505673377746,59.357039484590345,9959400
2011-10-27,60.97413635253906,61.556068599210285,60.21874505112885,60.34184240896008,14393600
2011-10-28,61.34905242919922,61.5448940459315,60.017325166392666,60.90700748341661,10341300
2011-10-31,58.780723571777344,60.431394205901704,58.780723571777344,60.274720903967804,11457800
2011-11-01,57.11883544921875,58.01411413185022,56.39701581068372,56.77750978443028,15213300
2011-11-02,58.495323181152344,58.7135472115536,57.71195278710991,58.17078334705938,8393400
2011-11-03,59.385032653808594,59.50813432170119,58.58487608153388,59.22276266149809,9276200
2011-11-04,59.55290603637695,59.64802851079701,58.46178525561114,59.172411869669034,8402700
2011-11-07,60.27467727661133,60.72791103901216,59.05485910572061,59.6759594381343,7821800
2011-11-08,60.912601470947266,60.990938114158894,59.59206338676993,60.582464815389486,7761400
2011-11-09,58.3498420715332,59.586446397067725,58.12602133758015,59.200360006749754,12062000
2011-11-10,59.03251266479492,59.31788430049253,57.913412898637674,58.9317935150797,10025200
2011-11-11,59.899810791015625,60.162795624175914,59.6536075006236,59.698372511426946,6352600
2011-11-14,59.40739440917969,59.72633758773801,58.9653496057347,59.42418021820502,5531200
2011-11-15,57.784698486328125,60.05647328314257,57.398612077251975,59.44096943663619,24328000
2011-11-16,56.98951721191406,58.326131496368156,56.81468252153219,57.81291790900573,12581000
2011-11-17,56.442466735839844,57.59860978458487,55.69238097710222,56.82032793360049,11794300
2011-11-18,55.20170211791992,57.24328690429358,54.99867139650046,56.69059120647959,13668700
2011-11-21,53.94968032836914,54.671565362031565,53.267268945249235,54.6602834880701,15021100
2011-11-22,54.37831497192383,54.846413933275,53.57747376515296,53.960975854740866,8939500
2011-11-23,52.87250518798828,53.904577521923926,52.87250518798828,53.81433971440419,11665200
2011-11-25,52.049110412597656,53.26729083173592,52.049110412597656,53.03042301451126,5257300
2011-11-28,54.011722564697266,54.33882812054997,53.577465004722065,54.158356831592435,8403100
2011-11-29,54.92536926269531,55.297593773253645,54.00045322787079,54.118887125927834,8845100
2011-11-30,57.98773193359375,57.98773193359375,56.459364875462015,56.67931410837703,13373200
2011-12-01,57.429412841796875,58.08926069272773,56.938754430635775,57.987745307755624,7007200
2011-12-02,57.35044479370117,58.19640472216237,57.24328849254151,58.11180786876131,6638100
2011-12-05,57.98773193359375,58.653220569862796,57.547833467763716,58.41635282715041,6121800
2011-12-06,58.85625076293945,59.064922421701866,57.99900898354618,58.14564323842719,7445000
2011-12-07,58.94649887084961,59.63454711892026,58.63631607727353,58.777309429656015,10323300
2011-12-08,57.66629409790039,59.10442833685598,57.49710031586681,58.65324778661751,7720100
2011-12-09,58.79420471191406,58.93519800858532,57.925685488086245,57.94260399524296,6624100
2011-12-12,58.12871551513672,58.78292646954559,57.24327779427224,58.664488315254346,7595800
2011-12-13,58.43891143798828,59.71912886003486,58.14564292978297,58.77729453741594,8990000
2011-12-14,56.69624710083008,58.664513127571496,56.12099610690268,57.94826877895079,15512100
2011-12-15,56.21122360229492,57.299692356180536,56.013833787398625,57.0910249673367,9667000
2011-12-16,56.88235092163086,56.88235092163085,56.1661023765096,56.577804804348006,14709700
2011-12-19,56.239418029785156,57.147415384833046,56.11534321563827,57.05154095672856,5977400
2011-12-20,58.46711349487305,58.56862886535346,57.40120425621621,57.49144205343213,7278600
2011-12-21,59.45970916748047,59.51610564069702,58.39944084157393,58.472755826477936,8156600
2011-12-22,59.955997467041016,60.108272660790654,59.251030873541715,59.50482142886624,7483800
2011-12-23,60.627140045166016,60.68917746292265,59.83757643053433,60.1364816418478,3779400
2011-12-27,60.897850036621094,61.18547337456574,60.491788497433824,60.491788497433824,4136200
2011-12-28,59.758609771728516,60.99935360135238,59.71349087550043,60.83015989188443,5307900
2011-12-29,60.61020278930664,60.66095831389851,59.961632724173846,59.99546974056843,4468500
2011-12-30,60.006752014160156,60.62712170124596,59.88267721618814,60.22670122773808,5009400
2012-01-03,62.24571990966797,62.59538051897705,61.32080426121525,61.32644089488077,11518700
2012-01-04,62.13860321044922,62.24575955718055,61.58590726224868,61.941213337083504,8019100
2012-01-05,61.52946472167969,61.77761426406837,60.892176663822674,61.69301743800193,7184900
2012-01-06,61.08395004272461,61.817117093402494,60.9598752215845,61.70432414842515,8214900
2012-01-09,61.74943161010742,61.85094696996777,60.92603115913987,61.04446502851453,7118800
2012-01-10,61.50690841674805,62.40926887042678,61.41667495304429,62.104722862726234,7641800
2012-01-11,60.779415130615234,61.27571450665192,60.41847247682992,61.19675857005987,7802500
2012-01-12,59.20029830932617,59.803749775343576,58.946507655550306,58.946507655550306,11897200
2012-01-13,59.83192825317383,59.86576957871313,58.37688033823482,59.002891076024,8266900
2012-01-17,60.1872444152832,60.89785213332707,59.79810137636799,60.49742721639288,6925300
2012-01-18,60.24924850463867,60.31128589109509,59.32996957956992,59.78114978965782,6581400
2012-01-19,60.3056755065918,60.6271401707349,59.6796646917696,60.46358736929008,5666100
2012-01-20,60.283084869384766,60.45791515510576,59.922142426285944,60.316921878808614,7284600
2012-01-23,60.350791931152344,60.627137679519095,60.09700133129378,60.339510054122876,6506700
2012-01-24,60.1872444152832,60.3959118281009,59.88269825040726,60.034969181457356,5041400
2012-01-25,60.75682067871094,60.90909151427649,59.26792781647742,59.989816959864875,8020700
2012-01-26,60.11391830444336,61.23058744911541,59.97856590298395,60.92604131875031,7000400
2012-01-27,58.63066864013672,59.03108920018975,58.15693309396982,58.87317735146745,10581500
2012-01-30,58.32047653198242,58.3712320597461,57.57039106801739,58.314835594639405,7615700
2012-01-31,58.156917572021484,59.09311084076807,57.75085618209804,58.997236430028934,8320100
2012-02-01,57.97080993652344,58.89008477000264,57.908772535815245,58.89008477000264,7824500
2012-02-02,58.4783935546875,58.630664454291384,58.02157225032613,58.10616910689489,5897200
2012-02-03,59.49919128417969,59.555587761334735,58.92394033275761,59.166449057022156,6818600
2012-02-06,60.159034729003906,60.20979456669585,58.86189863764148,59.0028919716662,6443600
2012-02-07,60.24924850463867,60.378959910666914,59.46532622426031,59.792427358661996,6034700
2012-02-08,60.20981216430664,60.62715135021915,59.831946648572,60.497435551783134,5383700
2012-02-09,59.98983383178711,60.57636650543976,59.820640142219794,60.44665076973491,4751400
2012-02-10,59.3751106262207,59.5104630186656,58.980331022100216,59.324355092594494,6136800
2012-02-13,59.9954833984375,60.080080261456494,59.470988011049975,59.87141287582153,4695500
2012-02-14,60.0575065612793,60.08006600625002,59.538652235275066,59.922154194229094,5974800
2012-02-15,59.671077728271484,60.37576352743226,59.43807429598001,60.37576352743226,6553800
2012-02-16,60.534873962402344,60.563290490108756,59.55740871130122,59.9665780943012,5733900
2012-02-17,60.614437103271484,60.944045399256204,60.262092117370244,60.81901961923469,5666500
2012-02-21,61.60896682739258,61.66011138240036,61.057719054953694,61.09749959854444,7149000
2012-02-22,61.09182357788086,61.69421598571895,60.92133303359422,61.46690104100962,7150000
2012-02-23,61.57484436035156,61.66008959099192,60.989500424774995,61.11452618494718,5504800
2012-02-24,61.989742279052734,62.171596865398016,61.660129486378366,61.83062005797003,5833300
2012-02-27,62.302276611328125,62.6375734396826,61.53507803003891,61.54076220292723,7723400
2012-02-28,62.29094314575195,62.73989763749711,62.04657562077057,62.330723703969596,9132500
2012-02-29,62.0124626159668,63.03539283983642,61.89880081170051,62.73988082025306,10572800
2012-03-01,62.376155853271484,62.59210672282044,62.00107849822217,62.04085903565891,5980100
2012-03-02,62.29094314575195,62.43870136302704,61.94428213738869,62.22843022058772,5377100
2012-03-05,62.12613296508789,62.20000990136201,61.4555433560242,62.02383948791698,5941500
2012-03-06,61.85902404785156,61.96131751007092,61.37597327349814,61.455534373473775,7480800
2012-03-07,62.20566177368164,62.48412551969311,61.48392796870204,61.94424620905308,6867900
2012-03-08,62.52960968017578,62.836490047797994,62.26250986007379,62.39890402507555,5505400
2012-03-09,62.268192291259766,62.745563183894745,62.154534826027536,62.45004683708395,5704200
2012-03-12,62.5125617980957,62.512561798095696,62.035195225526955,62.31365905952539,5324700
2012-03-13,63.18883514404297,63.25702789079686,62.18863294602579,62.637587317091715,7331000
2012-03-14,62.90469741821289,63.80828614641823,62.81945213508375,63.10928436342075,8819400
2012-03-15,62.52960968017578,63.04107695954614,62.205681125866974,62.802393674424806,8899400
2012-03-16,62.67167663574219,62.98424114236157,62.569383191371664,62.75692189534329,11092500
2012-03-19,62.91036605834961,63.11495296713729,62.6830511248117,62.80807260395578,5695000
2012-03-20,61.989742279052734,62.47279311755532,61.9044969932569,62.47279311755532,6158300
2012-03-21,61.324825286865234,61.95562987695662,61.00657656897386,61.91584932918951,7549900
2012-03-22,59.86995315551758,60.801957788222424,59.68809869878864,60.72239673438803,8282100
2012-03-23,60.44394302368164,60.75082328302318,59.58581513195362,60.05750169737226,6600300
2012-03-26,61.285037994384766,61.358919248587114,60.71106216141442,60.93838142647162,5311100
2012-03-27,60.83041000366211,61.37597369398473,60.813361815801215,61.307776606786355,4327700
2012-03-28,60.176883697509766,60.7849604522831,59.78475793580577,60.56332528325629,6816400
2012-03-29,60.72243118286133,60.81904046936023,59.62561964905188,59.716549096877706,5793900
2012-03-30,60.927001953125,60.949734309055174,60.47236784178232,60.830392692236956,6121000
2012-04-02,61.546451568603516,61.82491536307634,60.5803458764927,60.72241986041306,5188400
2012-04-03,60.887237548828125,61.50668248875098,60.370090405575915,61.33619194197284,4690300
2012-04-04,60.01203536987305,60.387112677515816,59.68810693861469,60.38142850552803,5430600
2012-04-05,59.52901077270508,60.18255209225327,59.290327474149834,59.76769407126032,5982700
2012-04-09,58.81295394897461,59.14825085567019,58.449244842706065,58.70498065339006,4983400
2012-04-10,57.65362548828125,58.750436904092744,57.62521329070837,58.67655998749817,8907500
2012-04-11,57.369476318359375,58.22192027159357,57.2728670442405,58.14235918281871,8570100
2012-04-12,58.30149459838867,58.454936972834,57.11944201001188,57.33539296632718,6451900
2012-04-13,57.27285385131836,58.17076231580427,57.23875748848449,58.13098178058037,6847100
2012-04-16,57.687721252441406,58.10257485464339,57.49449838103266,57.750234151801244,6065100
2012-04-17,58.886837005615234,59.153932501383174,58.15941443509963,58.22761152051647,5500900
2012-04-18,58.75613021850586,59.085742979059106,58.44924982099989,58.77317840685259,4836200
2012-04-19,58.25604248046875,58.89821560139452,58.068503700955254,58.68794445444705,6768400
2012-04-20,58.26171112060547,59.01186175869893,58.20488238082284,58.597008056106326,5814700
2012-04-23,58.21624755859375,58.375369755618046,57.33538696481037,57.50587751062479,5590600
2012-04-24,58.551536560058594,58.63109765370614,58.04575346369014,58.40377838510411,4104400
2012-04-25,59.017513275146484,59.04024562563122,58.31851192468908,58.85270698594655,5308500
2012-04-26,60.36438751220703,60.637167099557715,59.09708582472386,59.1027699973884,8535300
2012-04-27,60.353023529052734,60.694004541516435,60.05182739236299,60.68263619536568,5433500
2012-04-30,60.5576057434082,60.58602227084526,60.13138384637238,60.330290866925104,4727100
2012-05-01,61.529422760009766,61.824939188469074,60.461027550074014,60.65993033706264,6179900
2012-05-02,60.824737548828125,61.17708273027738,60.57468585000894,61.097521614426846,4834400
2012-05-03,60.23369216918945,60.84176871922399,59.90408378248475,60.83040470689117,4882800
2012-05-04,58.94368362426758,59.949566008735744,58.67658371171363,59.82454014875253,6241300
2012-05-07,58.710662841796875,59.00049503787103,58.30148899692859,58.579957179869616,6126900
2012-05-08,58.44354248046875,58.6538135034928,57.71044465761474,58.39239793570121,8167200
2012-05-09,57.84117126464844,58.25034511429399,57.60817213878374,57.744561976747335,6115600
2012-05-10,58.739070892333984,59.2391697772831,58.33558128020104,58.43787472663996,21105400
2012-05-11,58.35832595825195,59.07437589872688,58.233300126683474,58.506079817601055,4944700
2012-05-14,57.93208312988281,58.13666999260809,57.5513215968503,57.81842135295017,7021400
2012-05-15,57.34105682373047,58.341258815576765,57.233079215954824,57.98891379887713,8421000
2012-05-16,57.39841842651367,58.36174871565529,57.346813556005756,57.78260260066292,6423800
2012-05-17,57.421348571777344,58.14958262870869,57.27799589322292,57.455751814701905,6527500
2012-05-18,56.4580192565918,57.77113033711836,56.33186819757874,57.61631136682383,11137700
2012-05-21,57.16331100463867,57.19197891322901,56.39493843313239,56.65870681595507,6169400
2012-05-22,56.951133728027344,57.730972399677746,56.61282361484269,57.300914501698855,6089700
2012-05-23,56.76765060424805,56.76765060424805,55.448804446360256,56.383466544044275,8013000
2012-05-24,57.37543869018555,57.40984628631304,56.50959220444334,56.91671303129918,6322300
2012-05-25,56.68736267089844,57.478667590040395,56.43506064967566,57.36398723936184,5561500
2012-05-29,57.47869110107422,57.828472000925345,57.054368380269004,57.23212430896238,5223200
2012-05-30,55.982086181640625,56.830735959453385,55.907544364074745,56.830735959453385,7284800
2012-05-31,56.372005462646484,56.859408065643265,55.43734758088821,56.228652785241906,9371100
2012-06-01,55.28253173828125,55.787131616341405,55.058897524097844,55.42014909142915,9243000
2012-06-04,55.380008697509766,55.7011173025785,54.892610457737106,55.322668500144154,6794500
2012-06-05,55.328392028808594,55.54629087422878,54.92127099496568,55.271051839141826,5891600
2012-06-06,57.22639083862305,57.22639083862305,55.95341835732672,56.131174278214864,7145800
2012-06-07,57.564701080322266,58.48789267746835,57.44428535566537,57.90301567559535,7971600
2012-06-08,57.82274627685547,57.914494109992205,57.16332731898942,57.27800773563287,5769900
2012-06-11,57.2894401550293,58.67709239397774,57.094478327161376,58.48213056610982,7037100
2012-06-12,57.76537322998047,57.857121010960284,57.088748656966814,57.455731031336086,5933400
2012-06-13,57.415592193603516,58.143825983595576,57.174760831856915,57.730969720729995,5189900
2012-06-14,58.442012786865234,58.58536545031896,57.28372519106069,57.43854414268922,6540000
2012-06-15,59.82392501831055,59.92140376396132,58.85485976803701,59.061287920459485,11091100
2012-06-18,59.32506561279297,59.61750627065373,59.061297237482194,59.14157437889086,6630300
2012-06-19,59.66908264160156,60.007397040109865,59.50279310671091,59.62894409006065,6115500
2012-06-20,59.42253875732422,59.95007983285976,58.82619120981391,59.657639202639885,7609200
2012-06-21,57.35252380371094,59.49134717400032,57.26651571725568,59.32505758222764,8492000
2012-06-22,57.5933723449707,57.98329179756659,57.10023879095895,57.713788067493134,11708600
2012-06-25,56.813533782958984,57.088768471879526,56.2917279407667,56.96261741663407,7091000
2012-06-26,57.88580322265625,58.08076511805167,56.67017544755661,56.75045258837353,7616000
2012-06-27,58.81468963623047,59.003916070184026,58.057788275189296,58.17820390367618,5740300
2012-06-28,59.32506561279297,59.434015036751624,58.16104268759123,58.40187411181722,7010200
2012-06-29,60.49481201171875,60.50054734205977,59.83538901530895,60.39159793945656,10651500
2012-07-02,60.70127868652344,60.8331607446527,60.030388978358,60.54645529246802,5695600
2012-07-03,61.56710433959961,61.59577224782727,60.90768120349711,60.947819774836766,4079900
2012-07-05,60.798736572265625,61.38361794336724,60.626715985006015,60.93635391702862,5045600
2012-07-06,60.248252868652344,60.40880714015695,59.85833347723724,60.202378969715085,4609000
2012-07-09,59.89848327636719,60.231062543858826,59.376681796136914,60.1909239684565,5233300
2012-07-10,59.56589126586914,60.43174249263142,59.227581113392716,60.133570906970434,6424200
2012-07-11,60.122093200683594,60.569352714157795,59.64616141079688,59.81245098948411,5931000
2012-07-12,60.225318908691406,60.82740183149611,59.789525596706824,59.81246254731401,7871500
2012-07-13,60.78725051879883,60.890464587506415,60.13356287524246,60.4030621451358,6771800
2012-07-16,61.22879409790039,61.498297827973225,60.49482909884546,60.61524482136761,5185100
2012-07-17,61.60150146484375,61.64164003219927,60.540692720640116,61.349199398737206,6668200
2012-07-18,61.85953903198242,61.91688359651119,61.15998171735772,61.234523526558625,5519300
2012-07-19,62.410030364990234,62.490311903062484,61.42376744811261,61.88249347054417,6829400
2012-07-20,62.6107177734375,62.645121016630256,61.6416522589268,62.02010543315344,9368100
2012-07-23,61.89968490600586,62.08891149181562,60.798737383656174,61.498299155600215,5953200
2012-07-24,60.95354461669922,62.020088614209264,59.984479364984885,62.020088614209264,6654900
2012-07-25,60.81592559814453,61.22304659088437,60.368666039212755,61.07969394380236,5476400
2012-07-26,62.083187103271484,62.289615346946675,61.5040453291391,61.69326757352692,6808200
2012-07-27,62.65084457397461,62.78846189565802,61.42947717286011,62.71965104742842,8338800
2012-07-30,62.97196960449219,63.03504513819082,62.36415559769842,62.42723113139704,5789900
2012-07-31,62.834354400634766,63.54538254378309,62.80568211168821,62.81715277717767,10012500
2012-08-01,63.36186981201172,63.78046146508284,62.582031064343376,62.914610254479264,8363800
2012-08-02,62.64512252807617,63.0350420011825,62.19786285667294,62.76553825693268,6662200
2012-08-03,63.717411041259766,64.15320010879248,63.591259962582335,63.728877332604384,5967600
2012-08-06,63.82633972167969,64.27933467200609,63.47655886604509,63.50523114920577,5201900
2012-08-07,64.19331359863281,64.44561565736726,63.94101591467398,63.99262076771933,5453300
2012-08-08,64.30225372314453,64.5889589758337,63.85499422891343,63.93527134968439,5443400
2012-08-09,64.58322143554688,64.9559391262419,64.0671554981882,64.37106235567381,4846700
2012-08-10,65.11078643798828,65.16239130086025,63.80914170504931,64.19906115426224,5107600
2012-08-13,64.95596313476562,65.13371905112218,64.62911921207134,64.97890008764655,4336100
2012-08-14,64.97887420654297,65.29425171457007,64.77244608761154,65.19676860995962,6286100
2012-08-15,65.06559753417969,65.31413823660476,64.73613701327197,64.81127558477746,4539900
2012-08-16,65.49906921386719,65.6551275341932,64.79390733060708,65.15226951663362,5394600
2012-08-17,65.11759948730469,65.64357814225916,65.0308984490732,65.49329663664446,5642600
2012-08-20,65.03668975830078,65.25055177889352,64.81705090105883,65.13495330872385,3908100
2012-08-21,64.72457885742188,65.57423695054842,64.60897596700374,65.20431652080916,4647100
2012-08-22,64.82283782958984,64.93843630989235,64.31997517969526,64.67833752431203,4445400
2012-08-23,64.32575988769531,64.8343994021128,64.12923716884791,64.78238140611765,4191500
2012-08-24,64.74190521240234,64.85172242403983,64.01940382884665,64.02518066486019,3453300
2012-08-27,64.58007049560547,64.96154896189873,64.42400771545914,64.84016924945094,3388800
2012-08-28,64.93842315673828,65.20430313542006,64.60318145804446,64.6436413589352,3340900
2012-08-29,64.62052154541016,64.9904418783164,64.50491868525307,64.92686140767957,3296300
2012-08-30,64.11767578125,64.5569579450454,64.11189453428182,64.44135505467852,3523200
2012-08-31,64.82860565185547,65.28522264135384,64.5453819371053,64.5453819371053,5557000
2012-09-04,64.28529357910156,64.89219218764762,64.08877087981107,64.75347313566554,4632400
2012-09-05,64.0251693725586,64.5800542178854,63.92112901528453,64.50491126497776,4441200
2012-09-06,65.33147430419922,65.56845691063124,64.48759308946411,64.48759308946411,5531500
2012-09-07,65.89212799072266,65.89212799072266,65.16384534134474,65.29678753988303,5057300
2012-09-10,65.8690185546875,66.20426032090738,65.66093776253719,66.0077376128546,5212400
2012-09-11,65.99617004394531,66.32563051586747,65.89212966282258,65.93258956604816,4758800
2012-09-12,66.1695785522461,66.31985568745542,65.90947536937001,66.02507825391466,4420700
2012-09-13,67.37183380126953,67.60881646393352,65.96151355080643,66.31409471587226,7737700
2012-09-14,67.7706298828125,68.33129166289052,67.32557097016209,67.58566970472683,8978300
2012-09-17,67.70704650878906,68.49312833444077,67.56254623804129,67.72438583571106,7409700
2012-09-18,67.60877990722656,68.00182077659213,67.38913669770598,67.62033798729709,5100100
2012-09-19,67.39492797851562,67.73016967785419,66.94986906786156,67.6781472852955,5978000
2012-09-20,68.11742401123047,68.30238417396303,66.75912240274464,67.12904272820977,7286200
2012-09-21,68.08853149414062,68.51046982858442,67.89779007236818,68.51046982858442,10280700
2012-09-24,68.07698822021484,68.48736858879153,67.89202799198593,67.94405039888139,6808800
2012-09-25,67.5856704711914,68.49313204424645,67.35446914351273,68.30817186406321,7565400
2012-09-26,67.22154235839844,67.62614144070517,67.13484129510435,67.52210104671212,5586700
2012-09-27,67.74172973632812,67.85733260661044,67.34868879696546,67.49897032343317,5482200
2012-09-28,67.37183380126953,67.56257529905272,67.13485554840572,67.55679405099256,5626800
2012-10-01,67.7706298828125,68.34863099055504,67.5509910493978,67.57988845890583,4914900
2012-10-02,68.1810073852539,68.25036910290787,67.5798857283144,68.00182846022902,6012400
2012-10-03,67.12904357910156,68.05384440448665,67.07702559976654,68.00182642515163,7362500
2012-10-04,67.71283721923828,67.89779741525716,67.3197962514733,67.41805539096482,5425700
2012-10-05,67.91513061523438,68.34863144894864,67.69549178034661,67.86888946795321,4507900
2012-10-08,67.9844970703125,68.12899735827965,67.59723294711343,67.73595639861705,3434900
2012-10-09,67.834228515625,68.423787863027,67.82844726825645,67.9267064245235,5983500
2012-10-10,64.99622344970703,66.49902987265861,64.74190595842788,66.2620472994183,15959000
2012-10-11,65.34881591796875,66.01929944367437,65.34881591796875,65.5279992931759,7279900
2012-10-12,64.77657318115234,65.48173512073626,64.51069324504326,65.36035543749935,5915800
2012-10-15,65.21009826660156,65.33725924213454,64.21593545039771,64.82861974980206,5775100
2012-10-16,65.94417572021484,66.12914039632491,65.49911659527662,65.59159893333165,4793300
2012-10-17,66.57415771484375,66.67819807492138,66.10019705444516,66.10019705444516,5218200
2012-10-18,66.26783752441406,66.48747638977893,66.1059978962716,66.21003828719162,6166900
2012-10-19,65.53376007080078,66.46434215113719,65.37770172139822,66.41232417126908,7160000
2012-10-22,65.16383361816406,65.71871406698008,64.58005576428965,65.6666960919963,4811900
2012-10-23,63.22176742553711,64.49337266630356,63.059927800846616,64.49337266630356,8011000
2012-10-24,63.41250228881836,63.86334245644387,63.019461351180986,63.244881434993744,5087900
2012-10-25,64.13501739501953,64.14079864219349,63.37783717781457,63.94427592647492,4888600
2012-10-26,64.26214599609375,64.55692771624847,63.91534630698089,63.96736427593903,4777600
2012-10-31,63.718841552734375,64.70144609210689,63.14662168479651,64.69566484622511,5958500
2012-11-01,64.42398834228516,64.55693050725455,63.516526985138626,63.59166552459242,6480500
2012-11-02,62.637996673583984,64.27951809701491,62.17559391244311,63.98473622654262,8375300
2012-11-05,63.11196517944336,63.19866184910532,62.27386062437707,62.27386062437707,4058300
2012-11-06,63.78820037841797,63.978941795671886,63.14661881841724,63.37782013541001,5379400
2012-11-07,62.14091491699219,63.175537671925966,61.7189720689691,63.14085459865588,7627300
2012-11-08,61.19300079345703,62.2334005143539,61.193000793457024,61.97908293447248,6208900
2012-11-09,61.17561340332031,61.66691769827822,60.736335892478245,60.84037623131914,5835100
2012-11-12,61.22767639160156,61.56869503357765,60.97335441467035,61.528235119956754,4001800
2012-11-13,60.851966857910156,61.528227217199564,60.805725702625594,60.90398926005511,4834200
2012-11-14,59.75594711303711,61.21924033163417,59.59271206672122,61.2075781438565,8609400
2012-11-15,59.24291229248047,60.32143319763037,58.68324746247546,59.458613804818036,9774300
2012-11-16,59.697662353515625,59.75012886633193,58.88148249862369,59.20795266145151,8242400
2012-11-19,60.83448028564453,60.83448028564453,60.129069010835025,60.43805033102687,6850900
2012-11-20,60.373897552490234,60.700372027630486,60.000787679033266,60.636243351146895,5283800
2012-11-21,60.688724517822266,60.700386706086974,60.286467979121966,60.60127589712338,3656400
2012-11-23,61.487422943115234,61.487422943115234,60.898606902486776,61.137632865211394,2776400
2012-11-26,61.207603454589844,61.207603454589844,60.77619573266932,61.06768827814975,4354100
2012-11-27,60.26899337768555,61.30671051163636,60.16405588988481,61.213430767892156,6612400
2012-11-28,61.551551818847656,61.574871750484164,59.907534444962245,60.03579184505195,7024200
2012-11-29,61.67397689819336,62.19866423003028,61.43495093953683,61.73227450221477,5756200
2012-11-30,61.61566925048828,62.012099120164656,61.370812236995995,61.85469072236095,6676400
2012-12-03,61.01519012451172,61.83719636376862,60.85195064749484,61.79638760646964,5736400
2012-12-04,60.607120513916016,61.265891967565686,60.59546277087183,60.8636353391139,6665100
2012-12-05,61.3125,61.68560985319963,60.630408966602594,60.85194155199603,6430800
2012-12-06,62.058712005615234,62.087863016206136,61.38245214853972,61.49904729526385,7392300
2012-12-07,62.3735466003418,62.379377694114396,61.87801037738272,62.221973744824844,4947300
2012-12-10,62.35606002807617,62.781640932482304,62.07039869235841,62.43767755256697,5512100
2012-12-11,62.810791015625,63.096456815122714,62.46683206431622,62.5484495933665,5922700
2012-12-12,63.00899887084961,63.65028126758914,62.92155026042578,63.06146536841124,5968200
2012-12-13,62.90989303588867,63.277171865287364,62.6475472024715,63.277171865287364,4909800
2012-12-14,62.85743713378906,63.189738377390455,62.61258452225586,62.73501082802246,5889300
2012-12-17,63.358795166015625,63.45207043134218,62.92738761225958,62.94487644651946,6097100
2012-12-18,64.18663787841797,64.36153513102897,63.14892544740818,63.277182839613324,7102700
2012-12-19,64.07585906982422,64.7754390241309,64.06419688348727,64.40232912212456,7623200
2012-12-20,64.349853515625,64.51891962269092,63.92427714940783,64.12832091730787,5873900
2012-12-21,63.95926284790039,64.30322619800341,63.288829428130306,63.877645330483624,15611700
2012-12-24,63.32963180541992,63.77270146090861,63.24218765115694,63.720234968350816,2284400
2012-12-26,63.23054122924805,63.702757571278106,63.08479500537984,63.603651206524944,4094300
2012-12-27,63.26553726196289,63.46375449682186,62.536805931113676,63.230559581385506,5525700
2012-12-28,62.058712005615234,62.83408263000797,61.971267869482,62.7757850566459,5277100
2012-12-31,63.04396438598633,63.0964353212568,61.65063132464041,61.65063132464041,6554000
2013-01-02,64.35570526123047,64.37319409726001,63.39377924920804,64.28574546929033,6144100
2013-01-03,64.08171081542969,64.66469582164245,63.84268927575021,64.2099682284481,6817000
2013-01-04,64.41983032226562,64.48979011025675,64.07004027795341,64.12250678308047,4414500
2013-01-07,63.98261260986328,64.18082540235557,63.65614238795919,64.14001662461754,4861000
2013-01-08,63.696929931640625,63.947613610698355,63.603650214864864,63.82518731829644,6325400
2013-01-09,63.86017608642578,64.17498851352262,63.661958877740005,63.96511356212473,4558600
2013-01-10,64.40234375,64.57140990771907,64.18080663748856,64.23910868677382,5276400
2013-01-11,65.13690948486328,65.3409533248678,64.59473331123866,64.82792372963117,5456300
2013-01-14,65.78982543945312,65.84812302248895,64.91534835045422,64.93283718058292,6373900
2013-01-15,66.13380432128906,66.151293155538,65.38175331383395,65.44588200462775,5637600
2013-01-16,66.44281768798828,66.65269269601635,65.976427792854,66.05804535732895,6148500
2013-01-17,66.89167785644531,67.54462246440714,66.80422924276327,66.8858512106021,6966000
2013-01-18,67.18319702148438,67.18319702148438,66.49527447325809,67.17737037332108,8538000
2013-01-22,67.57377624511719,67.59126507900372,66.76925430376534,67.10738658497637,5398000
2013-01-23,67.04910278320312,67.56795905174612,67.00246291802969,67.24731553845669,5031800
2013-01-24,67.33474731445312,67.8419457136218,67.20648994125038,67.32891622081084,4895800
2013-01-25,67.74284362792969,67.84778108788447,67.13071215137826,67.34641371785847,4745400
2013-01-28,67.64956665039062,67.96437902231428,67.2822877737239,67.95271683382356,4520500
2013-01-29,68.33164978027344,68.4424183186659,67.77198489040093,67.78947372323738,4370100
2013-01-30,67.88859558105469,68.50073155707658,67.7778314651836,68.25004785091227,5168200
2013-01-31,67.1307144165039,68.15093802633582,67.1307144165039,67.75450810288825,7777900
2013-02-01,67.91776275634766,68.02853134637819,67.07243615782285,67.53299046328787,6415900
2013-02-04,67.15985870361328,67.56211970793268,66.62934475745895,67.05492124369613,6397600
2013-02-05,67.51546478271484,67.8477659236642,67.34057202042723,67.47465602673232,5067800
2013-02-06,67.57377624511719,67.5796028911984,66.95580927825738,67.29394155946841,4459800
2013-02-07,67.05491638183594,67.62624349947642,66.65265985450421,67.62041240550886,5423900
2013-02-08,67.4163818359375,67.49799937622764,66.98497420185781,67.00246303937394,4457200
2013-02-11,67.4163818359375,67.53297705125989,67.04910290463184,67.43970176856645,3766300
2013-02-12,67.91776275634766,68.11597555132519,67.34060876458122,67.46303509933027,4530600
2013-02-13,67.87661743164062,68.0587483579086,67.51235557910469,67.81786595372681,4111000
2013-02-14,67.98235321044922,68.30549297388598,67.60633847614965,67.65921792946166,5226400
2013-02-15,67.54170989990234,67.97647609196314,66.99531279378505,67.85897316949779,6353200
2013-02-19,68.1057357788086,68.30549613703359,67.67684605378483,67.67684605378483,5023300
2013-02-20,67.55936431884766,68.2115161322404,67.47123484738492,68.11163815639314,5447000
2013-02-21,67.55936431884766,67.74149975519096,67.03059197252232,67.44186134519808,4795100
2013-02-22,68.12924194335938,68.28787583909467,67.45946534068743,67.8648580937335,5207200
2013-02-25,66.70742797851562,68.94001489864944,66.68392649736273,68.44649724178642,7522800
2013-02-26,67.54170989990234,67.6650893132257,66.83080690935388,67.25382460214782,6113100
2013-02-27,68.53462982177734,68.71088421484166,67.39483258700727,67.39483258700727,4540600
2013-02-28,68.82839965820312,69.26316592410448,68.3583789236152,68.48763484974938,5953600
2013-03-01,68.68151092529297,68.88126680117485,68.12336080616238,68.58163298735202,5570300
2013-03-04,69.02816772460938,69.21617515509517,68.19976152487372,68.61102637829558,5046700
2013-03-05,69.28667449951172,69.47468191609659,69.13391707277077,69.31017598689112,6356000
2013-03-06,69.60393524169922,69.78606615898727,69.34542337268374,69.50405728592513,5362200
2013-03-07,69.65679931640625,69.85068318780615,69.4511669448228,69.69205378185593,4378700
2013-03-08,69.66268920898438,69.97995256436744,69.32192436626364,69.88594661501673,4992000
2013-03-11,69.7566909790039,69.79781745876824,69.38654817867484,69.69793502295478,4528400
2013-03-12,69.47468566894531,70.09158741923966,69.42181068132327,69.84482402965155,4625000
2013-03-13,69.53931427001953,69.73907020166291,69.36305534478659,69.55106277322474,5393300
2013-03-14,70.50283813476562,70.65559553914353,69.6803041267034,69.75668507011723,7476700
2013-03-15,70.31484985351562,70.45585431301669,69.86245849149302,70.26197037967088,10215600
2013-03-18,69.99169921875,70.44409499376705,69.73906383960355,69.78606681303783,4828700
2013-03-19,70.18558502197266,70.39121743325047,69.70969222980821,70.14445853971709,5244200
2013-03-20,70.70846557617188,71.01985237232032,70.42058026232041,70.49108470921134,5945300
2013-03-21,70.70259857177734,71.08448986605843,70.39121173384737,70.50284266912416,6168500
2013-03-22,71.19611358642578,71.32536950207924,70.7848488388462,70.89060327143089,5190700
2013-03-25,70.60862731933594,71.41940874320734,70.24436086269415,71.38415874117656,6345300
2013-03-26,71.07859802246094,71.16672296524656,70.69083034440908,70.93758914910639,4256400
2013-03-27,70.61447143554688,70.91998177211829,70.32658160945952,70.7966023391308,4329600
2013-03-28,69.80956268310547,70.93173505069885,69.77431269709099,70.76135264754568,8280100
2013-04-01,70.27369689941406,70.42057779679057,69.77430274482377,69.90943066023858,4322200
2013-04-02,69.91531372070312,70.47345939019945,69.71555783307696,70.40883143068518,4813900
2013-04-03,69.19855499267578,70.06221572764267,68.9459195700831,70.02108923942762,7175000
2013-04-04,69.3689193725586,69.7273091690019,68.84014717432667,69.28666641755028,5409700
2013-04-05,69.04579162597656,69.11629609220977,68.25263543126822,68.52877232095165,5029900
2013-04-08,69.21617126464844,69.25142573756783,68.53464604836303,69.00466235693388,4117400
2013-04-09,69.70381164550781,69.83894406924358,69.11041145141179,69.32192034272424,4849700
2013-04-10,70.29133605957031,70.40296699846333,69.62743588327805,69.8506932786139,5452000
2013-04-11,71.06097412109375,71.1784815247659,70.22081523524659,70.47932704087621,6092300
2013-04-12,70.46758270263672,71.03160482621955,70.20907088174273,70.77309300532556,6391700
2013-04-15,68.48764038085938,69.85657173463635,68.44651389944526,69.80369226856091,9766800
2013-04-16,68.74613952636719,69.0340248429669,68.27611884083954,68.94001891288158,6511400
2013-04-17,67.4535903930664,68.38775534919637,67.048202113191,68.38775534919637,8291200
2013-04-18,67.91188049316406,68.22327190269786,67.33023312969958,67.49473909250155,6451600
2013-04-19,68.0939712524414,68.71086820812985,68.05284478872885,68.36423151147372,7573200
2013-04-22,68.48764038085938,68.79902723763047,68.0881240689294,68.38188593115878,5435700
2013-04-23,69.02227783203125,69.38066312147735,68.09398942343428,68.73438802677107,6745200
2013-04-24,69.49230194091797,69.72731231545367,69.31604752185375,69.35129750917658,4559000
2013-04-25,69.6274185180664,70.50282736948512,69.5040391080637,69.95643027807364,5602800
2013-04-26,70.52632141113281,70.74370671960853,69.72728909329331,69.91529643381739,6012200
2013-04-29,71.27838134765625,71.44288728087257,70.52635166298136,70.76136206005488,5158500
2013-04-30,71.68376159667969,71.68376159667969,70.57334225979487,71.11973943210722,6907400
2013-05-01,70.66148376464844,71.42526647937152,70.53223229699675,71.23725904716363,6082100
2013-05-02,71.70137023925781,71.87175259633713,70.87295993233236,71.09034524635399,5066100
2013-05-03,72.55330657958984,72.80006996107255,71.94815783472252,72.08329026940234,6384300
2013-05-06,72.41229248046875,72.72367930903457,72.09502916010456,72.45341895815764,4668700
2013-05-07,72.28890228271484,72.68841849896404,71.99514049083895,72.47103315929415,4412600
2013-05-08,72.4769058227539,72.6179102203222,72.17726755577843,72.25364848640004,4479800
2013-05-09,72.64142608642578,72.82355698945655,72.24190981215355,72.53567164669343,9237500
2013-05-10,72.40056610107422,72.68257503926492,71.74253777454383,72.48869109272678,10581700
2013-05-13,72.17729187011719,72.32417280777817,71.77777554038128,72.20666985062958,16870100
2013-05-14,73.44047546386719,73.44047546386719,72.21255286568775,72.21842487636022,6965800
2013-05-15,72.85414123535156,73.28057054769836,72.6113116752541,73.28057054769836,7950400
2013-05-16,72.70604705810547,73.06732705411326,72.55205775195508,72.69419929377183,5549800
2013-05-17,73.09693908691406,73.09693908691406,72.41583721741023,72.69420094379339,6850200
2013-05-20,73.90243530273438,73.93796956892825,72.9548172159018,73.10288268317562,5298200
2013-05-21,74.58943939208984,74.74342417955988,73.88464652835296,73.93794791203148,6699300
2013-05-22,73.99126434326172,75.20540279948985,73.79581687143204,74.57168287574413,9350100
2013-05-23,74.2696304321289,74.5243031862159,73.56483744599538,73.56483744599538,8096100
2013-05-24,74.29922485351562,74.36437399884328,73.63589467359473,73.7365780732473,5593200
2013-05-28,74.87965393066406,75.45414855649061,74.54206491076374,74.85596291821159,6598500
2013-05-29,74.32292938232422,75.05733724168346,73.9201911918558,74.66644229861171,6422400
2013-05-30,74.0978775024414,74.60722303490863,73.74252131012916,74.1689505483435,4353400
2013-05-31,72.70012664794922,74.21039585214841,72.70012664794922,73.8195009452363,7905000
2013-06-03,73.49375915527344,73.51153080358162,72.4632249647303,72.4632249647303,7256900
2013-06-04,72.82451629638672,73.23317841750641,72.33886176171374,72.74159999914494,7675500
2013-06-05,72.00125885009766,72.9074185805001,71.84726953398922,72.45729839727461,7745600
2013-06-06,71.42084503173828,71.95388153111769,70.27778414778955,71.82358321809176,10141500
2013-06-07,72.07827758789062,72.23819084498489,71.15435039081294,71.79399438198983,6089800
2013-06-10,72.66459655761719,72.83635300972256,72.13748395432081,72.81266199716333,5585600
2013-06-11,71.9301986694336,72.7060647525768,71.8176719924672,72.17895207639971,4548000
2013-06-12,71.05364227294922,72.68828595441026,70.84042768325438,72.44545647002504,5489200
2013-06-13,72.05455017089844,72.15523356087475,70.95886256947064,71.01216846443296,4656700
2013-06-14,71.23725128173828,72.06641873689308,71.13064397295268,71.74067292710399,4415300
2013-06-17,71.79395294189453,72.12561799687218,71.23722558366993,71.33790897270278,4046900
2013-06-18,71.97164916992188,72.09010423650922,71.58075874668054,71.68144216433072,4544800
2013-06-19,71.36756134033203,72.48101212292923,71.31425993647466,72.13750364355978,4634300
2013-06-20,69.8572769165039,70.87004856237448,69.63221906108761,70.79897552027512,7624100
2013-06-21,70.43768310546875,70.79896309853889,69.44860716576439,70.6212827837641,10692100
2013-06-24,69.1880111694336,69.90464727960477,68.71420000503369,69.71512371756445,6785700
2013-06-25,69.5611343383789,69.8098876846569,69.24723636269745,69.73881465449203,5983100
2013-06-26,69.97573852539062,70.20672028554849,69.29463649374082,70.08826520431413,4820700
2013-06-27,70.3073959350586,70.79897430093206,70.17709761941995,70.19486474998908,4459400
2013-06-28,70.0882568359375,70.81081693009749,69.96980628744518,70.3547773479434,6504400
2013-07-01,70.52651977539062,71.07732330163809,69.88687609614882,70.09416677407036,5053000
2013-07-02,70.5679931640625,71.26686225682664,70.23632348910061,70.53245438402442,4912000
2013-07-03,70.52651977539062,70.65681806396927,70.24815607135403,70.62127929161281,3034800
2013-07-05,71.37347412109375,71.58076485706822,70.53838277511198,70.88781960312535,4386200
2013-07-08,71.80580139160156,72.43952117821813,71.6518166155399,71.83541628162762,4964400
2013-07-09,73.00812530517578,73.28648913213391,72.28556955429283,72.48693643930942,6252900
2013-07-10,72.78895568847656,73.76026440629714,72.67642453211764,73.11469687586651,5549600
2013-07-11,73.30423736572266,73.50560871741652,72.55799078808907,73.41084466518441,7235100
2013-07-12,73.47598266601562,73.52928856695273,72.8718777398492,73.15616081618703,5615000
2013-07-15,73.84319305419922,74.11563290915853,73.47598915302879,73.50560404711938,4062000
2013-07-16,73.51154327392578,74.17487366146867,73.17395419638002,73.86097560042079,4002900
2013-07-17,73.64774322509766,74.03271424288029,73.61220896821251,73.82542354671988,3634600
2013-07-18,74.31106567382812,74.41767294543959,73.81948744814206,73.84317845501099,4324100
2013-07-19,75.16394805908203,75.16394805908203,74.13340926200729,74.500613208866,5929900
2013-07-22,75.23501586914062,75.578528798235,75.00995801142308,75.04549227353665,4056100
2013-07-23,75.37122344970703,75.60220514583315,75.03955383279411,75.2586922833796,3763300
2013-07-24,74.84412384033203,75.59037044045975,74.5657600767579,75.36531258752265,4527800
2013-07-25,75.6673812866211,75.70883943870035,74.50062462561928,74.70791538601561,4466400
2013-07-26,75.54889678955078,75.58443556221407,74.678271416166,75.23499882904561,4829900
2013-07-29,74.72566223144531,75.43637902661081,74.5598296681529,75.43637902661081,4028900
2013-07-30,74.49468994140625,75.19355905985073,74.14525764148352,74.74343881781894,4589500
2013-07-31,74.5598373413086,75.16394690529975,74.30516458758662,74.63682974830401,5394300
2013-08-01,74.88558959960938,75.01588792930627,74.41177831318416,74.91519998088638,5757100
2013-08-02,74.00309753417969,74.09193769281123,73.02586934502725,73.95572003236128,7472700
2013-08-05,73.43452453613281,73.88464467874181,73.29830687996565,73.86687755129375,3733700
2013-08-06,72.93111419677734,73.53522373425314,72.85412179316126,73.42269255169224,4677700
2013-08-07,73.04364776611328,73.39308005386444,72.72974973986933,72.86596742137952,3898500
2013-08-08,72.88967895507812,73.5648572253837,72.20265743380233,73.36940969487415,5639200
2013-08-09,72.55205535888672,72.91925922494941,72.06640096498339,72.91925922494941,5739400
2013-08-12,72.13748931884766,72.29739801726575,71.61037667635237,72.25593987185373,6014800
2013-08-13,72.55205535888672,72.98440837084115,71.90056841856733,72.21446638408317,4461000
2013-08-14,72.2855224609375,72.8244781104042,71.98346781159857,72.70602761034031,6884900
2013-08-15,71.80781555175781,72.25568134521991,71.65852695393711,72.06459212224648,4247800
2013-08-16,71.58688354492188,71.77200454758528,71.09124874663603,71.59285636589232,5652500
2013-08-19,70.85832977294922,71.65851432945044,70.7747239814466,71.47339795866223,4308900
2013-08-20,70.63740539550781,71.24053270800304,70.63740539550781,70.81654900952643,4490700
2013-08-21,70.28507232666016,70.76279767765632,69.99844076080373,70.69113750822892,5648600
2013-08-22,70.63740539550781,71.17484534941806,70.1238521679855,70.42840223452251,4028600
2013-08-23,71.37783813476562,71.49727170386593,70.5358531132514,70.87623081231882,4675900
2013-08-26,70.96582794189453,71.61075579851986,70.77473871281221,71.50326782241564,3783400
2013-08-27,70.94792175292969,71.461474966165,70.50602871686458,70.6075438842437,5185600
2013-08-28,72.73939514160156,73.06783197037379,71.33608284361856,71.33608284361856,7615400
2013-08-29,71.87950897216797,72.59011992851157,71.69438792719852,72.34528888390219,5488800
2013-08-30,71.91534423828125,72.18406204411872,71.70036817123966,71.96908597707714,4696100
2013-09-03,71.98697662353516,72.54233048943117,71.65853982695735,72.45872466817995,4154300
2013-09-04,72.17208862304688,72.41691958332125,71.62270761157205,71.86753857184642,3671200
2013-09-05,72.47664642333984,72.65579004749088,72.20195588823294,72.30347106417794,3337300
2013-09-06,72.38111114501953,73.30072980909142,71.06737279973296,72.57220044171446,5690200
2013-09-09,72.9842300415039,73.13351867943663,72.3811026685959,72.3811026685959,4482000
2013-09-10,73.45598602294922,73.45598602294922,72.38110595860489,73.34252519506624,6000800
2013-09-11,73.99935150146484,74.0471249335537,73.32456885792925,73.47983023425545,4995800
2013-09-12,73.98145294189453,74.41737762721598,73.83216435260894,74.07699982588188,4529700
2013-09-13,74.1307601928711,74.54279826092225,73.93369811198339,74.0352178407581,3094000
2013-09-16,74.0949478149414,74.75778982078323,74.0352332629408,74.63238789480346,4277800
2013-09-17,74.25017547607422,74.75776035785482,74.09491861324688,74.10685969656956,5458200
2013-09-18,75.13399505615234,75.49825974343234,73.93968580105158,74.26214984664017,6296900
2013-09-19,74.90708923339844,75.31315462360229,74.79362837915755,75.15789312136668,4440800
2013-09-20,74.59654998779297,75.37882559556135,74.4890619797904,75.03844766287457,10264700
2013-09-23,74.95484161376953,75.01456071709886,74.38754657956439,74.41740613122906,5450600
2013-09-24,74.33975982666016,75.14591746225064,74.2919909308373,74.847340222704,6097900
2013-09-25,74.08895874023438,74.66222651435467,74.08895874023438,74.50696506846981,4498900
2013-09-26,73.74260711669922,74.30990661900395,73.46194377584375,74.10687172215921,5022600
2013-09-27,73.23503112792969,73.60526857632591,73.1574026792344,73.58735466939065,4518800
2013-09-30,72.55426788330078,72.86478620214405,71.95711341512546,72.6139824189329,6421800
2013-10-01,72.44676971435547,72.697573462316,72.1601336053103,72.41691017277267,4702300
2013-10-02,72.1541748046875,72.3631779553985,71.51521971198413,72.2795766951141,5899800
2013-10-03,70.61351776123047,72.05266225509087,70.42242850851116,72.02877552901005,10203700
2013-10-04,70.54185485839844,70.7866903743249,70.1775902726079,70.76280364916668,6538500
2013-10-07,70.3865966796875,70.76280234315031,69.9924725557415,70.12384726372349,5677400
2013-10-08,69.70585632324219,70.51798236286315,69.69391068028911,70.3985532688998,6744200
2013-10-09,69.34754180908203,69.74763873676307,68.86384818221268,69.59835013035384,8861700
2013-10-10,69.49683380126953,69.49683380126953,68.33835725712488,68.81607808735221,11133000
2013-10-11,70.2671890258789,70.29107575942446,69.22814117425425,69.61031979912605,6535800
2013-10-14,70.81056213378906,70.91207727731118,69.46099206110475,70.06411921508052,4789800
2013-10-15,70.55379486083984,71.10317582779564,70.32687326793408,70.79862580127437,6414700
2013-10-16,71.15695190429688,71.49135705802925,70.6672807064337,71.3122088365706,5614200
2013-10-17,71.37187957763672,71.4256258334517,70.8642993363377,71.12107586630201,5254800
2013-10-18,71.44953918457031,71.56896826612476,71.13901628304485,71.42565245707394,6231100
2013-10-21,71.55103302001953,71.77198176651943,71.24648303017938,71.43757223723229,4360700
2013-10-22,72.04071044921875,72.1302845253747,71.48535664416391,71.74213323265006,6444900
2013-10-23,71.7361831665039,72.04073329966306,71.56300777925374,71.83173009295706,4961900
2013-10-24,71.9929428100586,72.25569223973613,71.60479604194222,72.05863016747799,4188100
2013-10-25,72.01085662841797,72.38706686698781,71.81976737686382,72.01085662841797,4273300
2013-10-28,72.20194244384766,72.34525822766781,71.7122714502694,71.99293475403191,5497700
2013-10-29,72.55426788330078,72.85881793772975,72.35123755096615,72.45275271713346,4241700
2013-10-30,71.83769226074219,72.82896641807463,71.60480235696232,72.57816260722363,4999100
2013-10-31,71.63463592529297,72.45273903230405,71.55700749922632,71.74809671071252,7752500
2013-11-01,70.47020721435547,71.32413837271608,69.8670798646505,71.0852756500275,9344200
2013-11-04,70.52393341064453,70.8225106092975,70.05815370969415,70.81653778966502,6670300
2013-11-05,70.7329330444336,71.00165524350275,69.90886165699264,70.22535274298244,6623300
2013-11-06,72.33927917480469,72.50051340414554,70.95388123477719,71.24051733364637,8373200
2013-11-07,71.60478973388672,72.78118013147396,71.31218078354982,72.61397762038244,10131200
2013-11-08,72.369140625,72.38108170796846,71.40772171065349,71.46146341790109,11331000
2013-11-11,72.3034439086914,72.55424762186331,72.08249517703476,72.3631584276477,3427600
2013-11-12,71.65853881835938,72.40498193105063,71.43759001686898,72.27360721426861,6914200
2013-11-13,71.71226501464844,71.74809737433277,71.17482973457183,71.40771957085202,6212000
2013-11-14,71.99530029296875,72.2181044029834,71.85078106726961,72.0073462417173,5470900
2013-11-15,72.29638671875,72.42284161905273,71.73636953501875,72.12778018501302,6008000
2013-11-18,72.59747314453125,72.79618996232145,72.30241170229293,72.68779938845258,4788700
2013-11-19,73.50070190429688,73.69339568316943,72.4228194994784,72.5914305759012,5891800
2013-11-20,73.46459197998047,73.91621857002133,73.22372354645536,73.5609411910638,4571300
2013-11-21,74.3437728881836,74.4280761678344,73.6813880077054,73.6813880077054,4884300
2013-11-22,74.68698120117188,74.7833303958965,73.71748925162206,74.39191983214704,3887400
2013-11-25,74.51236724853516,74.72914838762766,74.19924148883678,74.5304315777623,3925300
2013-11-26,73.9343032836914,74.48829761761799,73.85602297374021,74.31367266420258,4597500
2013-11-27,73.71751403808594,73.91020789814328,73.24782304133265,73.83795057198678,3906700
2013-11-29,73.72953796386719,74.24740341948254,73.46458226261765,73.96438339209011,3721000
2013-12-02,73.66930389404297,74.1028660186123,73.49467904392979,73.98845710931559,5384000
2013-12-03,73.7777099609375,74.00653701607983,73.38630396611929,73.65125508034016,5410200
2013-12-04,73.32608795166016,73.9643899618957,72.97683356211586,73.5248047452481,4391800
2013-12-05,72.92264556884766,73.46459844341449,72.68780008889931,73.0250131689926,4706800
2013-12-06,73.63921356201172,73.68136518878289,73.25382594748032,73.49469435510814,4179100
2013-12-09,74.27149963378906,74.59667134605311,73.56094484062147,73.62717918379828,7706500
2013-12-10,74.46419525146484,74.63280177867072,73.88610916649712,74.54247554075806,5602700
2013-12-11,73.52481079101562,74.6026935123474,73.34416290450393,74.56054187940967,7309900
2013-12-12,72.85641479492188,73.52482264944095,72.60350495650496,73.33212878290652,7221200
2013-12-13,72.20002746582031,72.94671536141968,71.8868971716066,72.52519911249647,5268100
2013-12-16,72.39273834228516,72.68177681139446,72.14584691382832,72.5372575768398,7304500
2013-12-17,71.50152587890625,72.39876074707101,71.20646443737648,72.33252180796667,6824000
2013-12-18,73.22371673583984,73.32608431745714,71.78453383697088,71.85679573856223,8206400
2013-12-19,74.19923400878906,74.30762456740842,72.89854730535664,73.20565465380868,6540600
2013-12-20,73.9343032836914,74.54249521234152,73.70548073555247,73.95839059310359,9455200
2013-12-23,73.9463119506836,74.42202114061497,73.84393978875325,74.31363519418672,4062400
2013-12-24,74.37384033203125,74.39792762579782,73.88608067307578,73.9282322886219,1587800
2013-12-26,75.15669250488281,75.26508308137113,74.39796306364832,74.42806874956058,3415200
2013-12-27,75.40959930419922,75.66250909242618,75.08442760754316,75.27109846158926,3455300
2013-12-30,74.80742645263672,75.39754925977488,74.60870966088932,75.1446394852871,4688500
2013-12-31,75.21688079833984,75.37344132396277,74.62675355857252,75.07838000116999,3475600
2014-01-02,74.75321960449219,75.19882314154063,74.49428688819734,74.94591339841982,4540300
2014-01-03,74.87968444824219,75.2048561302094,74.58462304197276,75.03022663836498,3506000
2014-01-06,74.68096923828125,75.15066474053799,74.37988485165117,75.0242052552722,4252300
2014-01-07,75.3132553100586,75.46379751741013,74.45817667490593,74.92184465210788,4563300
2014-01-08,74.24140930175781,74.94594586026179,73.91623752225189,74.93390450288057,8282500
2014-01-09,74.24140930175781,74.31968961019679,73.4766521737945,74.31968961019679,5643500
2014-01-10,72.86845397949219,73.97041948575084,72.48306628220912,73.76568428152459,8127500
2014-01-13,71.80863952636719,72.80221910531725,71.6641202803586,72.74802151669903,6504200
2014-01-14,72.0013198852539,72.1097104479827,71.53765195224815,71.89895229661646,6904600
2014-01-15,71.76648712158203,72.30241705589876,71.68820682128523,72.07359453598077,5829300
2014-01-16,71.55571746826172,71.83271455668205,71.17032981531317,71.72432399215381,5041100
2014-01-17,71.83271026611328,72.48907199408633,71.50151561811948,71.6761451057723,7199700
2014-01-21,72.47705078125,72.79619957026884,71.9652081237188,72.70587331442587,5602300
2014-01-22,72.5191879272461,72.71790473154691,72.24219083375858,72.56736253329174,4977500
2014-01-23,71.29075622558594,72.1699220280804,71.21247594387977,72.16389905435443,6205800
2014-01-24,70.02621459960938,71.14022602912047,70.00815026957041,70.97764246458618,7094900
2014-01-27,70.11051177978516,70.60428999942533,69.77931711055807,70.00814418899978,6179500
2014-01-28,70.35739135742188,70.4718048848772,69.89372346236773,70.28513405097242,4303700
2014-01-29,69.85157012939453,70.38749991199062,69.67694065276913,69.9358733809816,5522100
2014-01-30,70.12254333496094,70.42965065858448,69.35779110677272,70.03824008442626,5538700
2014-01-31,67.2201156616211,68.58704169854283,66.90698984104773,68.58704169854283,15523500
2014-02-03,66.92504119873047,67.7199038444347,66.56374083144371,67.6536649077774,11275300
2014-02-04,66.7383804321289,67.46700425138285,66.53364061671593,67.358613665384,9717200
2014-02-05,65.94952392578125,66.8407357573195,65.79898172812963,66.8407357573195,10562900
2014-02-06,67.00328826904297,67.05146285257786,66.18434331985556,66.30477518451164,7983300
2014-02-07,67.47300720214844,67.51515882896135,66.47340491746701,67.38870394852262,7071800
2014-02-10,67.2562255859375,67.72591645092487,66.88890230040988,67.72591645092487,9251300
2014-02-11,68.39433288574219,68.56896238771428,67.41279480893981,67.46096941517693,6874700
2014-02-12,68.06018829345703,68.5826537412013,67.92653369496557,68.5826537412013,6422100
2014-02-13,68.35177612304688,68.49150251340791,67.54377696143085,67.87791334705835,5061600
2014-02-14,68.94108581542969,69.15371600688074,67.79287351161285,68.39431915527656,6776400
2014-02-18,68.47332000732422,69.32384572173224,68.40649268894265,69.17196629540909,6106600
2014-02-19,69.01399993896484,69.89490325918202,68.32750670458172,68.37610922604023,7989900
2014-02-20,69.62151336669922,70.06500323711109,68.71023700159847,68.95932143285516,8406900
2014-02-21,68.45506286621094,69.7065472644702,68.40646036035872,69.69439895550218,9221100
2014-02-24,69.34811401367188,69.86450289064823,68.67984578258543,68.87425117044675,7337900
2014-02-25,69.84630584716797,70.13183988788485,69.40281591765181,69.48179617954739,5976100
2014-02-26,70.17436218261719,70.3869924244327,69.50001724786539,69.755173538044,6113800
2014-02-27,70.28370666503906,70.36268227774265,69.59720886888006,70.2654818801837,4922600
2014-02-28,70.06501770019531,70.92161525001664,69.74910589948689,70.39307781554993,6944600
2014-03-03,69.76731872558594,70.5874711908328,69.41496204135933,69.73694562668253,6046200
2014-03-04,70.0589370727539,70.63607700158097,70.02248749598351,70.40522195704854,5611500
2014-03-05,69.51824951171875,70.0224903072493,69.26309319409803,69.91313693755583,6703700
2014-03-06,69.77338409423828,69.95564119861655,69.46962534360163,69.68833201485928,5179600
2014-03-07,69.91313171386719,70.44166909873485,69.64582246681296,69.90705523961819,5055600
2014-03-10,70.37483978271484,70.4355952534909,69.32991335624494,70.13790827866154,6203000
2014-03-11,69.56684112548828,70.61177213085102,69.40280877918593,70.41129021203322,6274300
2014-03-12,70.2593994140625,70.690736280482,69.3359702235664,69.34204669633024,6812900
2014-03-13,69.5303955078125,70.32017033315357,69.32991819921902,70.22904175561544,5405100
2014-03-14,69.31776428222656,69.80378026564821,69.06260797667655,69.47572017208739,6280000
2014-03-17,69.90704345703125,70.04069805803135,69.33597548366393,69.41495573061363,5894500
2014-03-18,70.61785888671875,70.81226437285247,69.98603989803603,70.24120086451786,6329600
2014-03-19,69.98601531982422,70.9215928417148,69.65795994311381,70.39912741215265,5569600
2014-03-20,70.17436218261719,70.5206470435715,69.4514147254528,69.77339832520082,5280600
2014-03-21,70.24725341796875,71.6870716960541,70.21688032112611,70.648217230217,14893600
2014-03-24,70.38091278076172,70.89122997312835,70.25941111519376,70.47204134743342,5386900
2014-03-25,71.13424682617188,71.1950023054963,70.59963290706007,70.61178585692188,5573000
2014-03-26,71.51089477539062,71.85717961538394,71.29826454644585,71.56557376854292,5971600
2014-03-27,71.48661804199219,71.68102355158189,70.97630531744159,71.53522057813785,5224600
2014-03-28,71.99083709716797,72.0212148317963,71.50482115306387,71.76605391189631,5875100
2014-03-31,72.23994445800781,72.67128154360144,71.9847834571695,72.1670406527693,5482700
2014-04-01,72.29461669921875,72.6652029203251,72.19741162844002,72.38574529432559,5391400
2014-04-02,72.5072250366211,72.62265486446091,72.00298431341623,72.00298431341623,4505600
2014-04-03,72.31889343261719,72.77453161858253,72.22776486842587,72.7684551449721,4446400
2014-04-04,72.173095703125,72.75023559287138,72.04551292308389,72.75023559287138,5301300
2014-04-07,71.28611755371094,72.18524569905745,71.28611755371094,71.8814868794797,5241300
2014-04-08,71.56558227539062,71.87541294511419,71.18891965720725,71.48053017370275,4706100
2014-04-09,72.35535430908203,72.44648288751127,71.43800132021389,71.58380889969747,5376500
2014-04-10,70.8912582397461,71.72355471423197,70.80620611293722,71.2010890009813,8769200
2014-04-11,71.09776306152344,71.523028037358,70.77577956988546,70.77577956988546,7028800
2014-04-14,72.11234283447266,72.191323094966,71.28611846387281,71.58987728732887,6817700
2014-04-15,73.08438873291016,73.09046057334459,71.8936498387993,72.11843307967595,7681900
2014-04-16,74.01387786865234,74.19005854681899,73.44888625763241,73.44888625763241,7277000
2014-04-17,75.13777923583984,75.24105611857911,73.9470452598682,73.9470452598682,8604900
2014-04-21,75.47798156738281,75.57518660333787,74.7550388111797,74.7550388111797,6351100
2014-04-22,75.33216857910156,75.54479877309284,75.09523712936976,75.25319297418783,5849200
2014-04-23,75.75135803222656,75.91538571669174,75.44759928433567,75.44759928433567,5596300
2014-04-24,75.51445007324219,75.8911080714163,75.41724501887978,75.84250554423508,5185300
2014-04-25,75.32611083984375,75.75744780778157,75.07703101779144,75.47191841054885,5776300
2014-04-28,76.38319396972656,76.58367126584764,75.48406583427605,75.49014230839842,7687800
2014-04-29,76.52896881103516,77.31873866233668,76.40139071124776,76.49859108656625,6666800
2014-04-30,76.25562286376953,76.535085096287,76.12804469761628,76.40143045508101,6123500
2014-05-01,75.90323638916016,76.40140054362679,75.5022726225211,76.34064972186073,6379600
2014-05-02,75.76960754394531,76.42572776592117,75.07703774352375,75.27144322022117,5406100
2014-05-05,76.15840148925781,76.45608379506626,75.53873098411566,75.83034145153393,4224400
2014-05-06,75.92147827148438,76.35889170270069,75.64809255947837,75.93970305861978,5600000
2014-05-07,76.68695068359375,77.02108259129649,76.32851288006789,76.51684185777292,5436000
2014-05-08,75.9944076538086,76.62622679081962,75.86075761664678,76.36499392296885,5009800
2014-05-09,75.95791625976562,76.58973504903994,75.72098479316162,76.17662294201408,4826100
2014-05-12,76.08549499511719,76.28597689461708,75.71490892694744,76.28597689461708,4914700
2014-05-13,76.45610809326172,76.54116020766561,75.92149414058112,76.28600386445392,4415200
2014-05-14,76.80238342285156,77.02109015682676,76.40142416722503,76.63227921531352,4961400
2014-05-15,75.85884094238281,76.89431165494949,75.69954135164801,76.69211831914212,5939500
2014-05-16,75.47281646728516,76.18967843232087,75.29513189333878,75.95072444397563,6435100
2014-05-19,75.3319091796875,75.6198806327267,75.2706397518097,75.3319091796875,4042300
2014-05-20,75.05615997314453,75.42378104626515,74.89685579412189,75.3318746093461,4044400
2014-05-21,76.07327270507812,76.19581154153964,75.32577364881482,75.36253436484186,4758700
2014-05-22,75.74849700927734,76.2264094450017,75.705607971084,76.03646826909878,3262700
2014-05-23,75.58924102783203,76.19581625256662,75.56473232411302,76.03651201567163,3808100
2014-05-27,75.26449584960938,75.96910581095679,75.20935477828422,75.82818662342135,4283300
2014-05-28,75.06841278076172,75.55244899075898,75.06841278076172,75.30124304670417,4702900
2014-05-29,74.9458999633789,75.3012691533499,74.53538969628686,75.29514080881737,6255000
2014-05-30,75.2338638305664,75.28900490214902,74.75595584528999,74.89687503348341,5174700
2014-06-02,74.87849426269531,75.38703929019094,74.75595543237294,75.31964153114662,3689800
2014-06-03,75.0867919921875,75.25221982794164,74.57824712650343,74.98875721947745,3563800
2014-06-04,74.96424102783203,75.16643422040524,74.74979582717323,74.94586067842624,3285500
2014-06-05,75.68113708496094,75.84044130977647,75.03167284660385,75.07456190622071,4220600
2014-06-06,76.09164428710938,76.40411968641415,75.69338610270687,75.79141622565844,4295400
2014-06-09,76.20195007324219,76.36737799203713,75.90172193702685,75.98137639847718,3657700
2014-06-10,76.79625701904297,76.81464205128657,76.06714300831476,76.57568805224567,5869400
2014-06-11,76.69822692871094,76.87591151070826,76.35511445288542,76.667589882845,4570900
2014-06-12,77.26801300048828,77.34153907881766,76.8452462305659,77.03518743094467,6815800
2014-06-13,77.97265625,77.97265625,77.13937903555194,77.16388773886597,5573600
2014-06-16,78.75691223144531,78.92234481195733,77.89913097900244,77.90525932353624,7065300
2014-06-17,78.9345932006836,79.06325570046333,78.16258548010799,78.36477875744677,6720700
2014-06-18,79.82300567626953,79.95780118481663,78.64661616004162,79.0142419740997,7697700
2014-06-19,80.87073516845703,80.87685883753673,79.59631081639621,79.82913177989525,7419900
2014-06-20,81.08516693115234,81.12192763984706,80.19062518920754,80.84621297552468,11348300
2014-06-23,81.477294921875,81.83879703057181,81.13418251622748,81.19545659542678,11006900
2014-06-24,80.73594665527344,81.77141711541344,80.699185939382,81.33026982648855,8581100
2014-06-25,80.40507507324219,81.09743299744962,80.27027955969537,80.47247283001559,6714200
2014-06-26,80.21513366699219,80.39894656978649,79.3634762548541,80.39282290103463,6111400
2014-06-27,79.87201690673828,80.2335096748748,79.22255278795414,80.09871417673709,8674700
2014-06-30,79.98846435546875,80.03748176996204,79.26546917808734,79.74337728300222,5698900
2014-07-01,79.98229217529297,80.52147412161433,79.93328413391039,80.22737912776236,4000500
2014-07-02,79.79235076904297,80.21511755582357,79.64530795563108,79.97616363491854,5136800
2014-07-03,80.38056945800781,80.62564710554808,80.09259808013586,80.53374532499872,3514000
2014-07-07,79.93942260742188,80.04358107559587,79.66370791530096,79.92104225122135,3660000
2014-07-08,79.59017181396484,79.88427619171324,79.35735086797119,79.46763299779255,4687600
2014-07-09,80.50308227539062,80.68689512622187,79.64530143699139,79.81685760467124,5200800
2014-07-10,79.80462646484375,80.17837595315417,79.59017651204928,79.94554564430452,4404800
2014-07-11,78.71403503417969,79.58407305517116,78.44444394475114,79.11842166832251,5242700
2014-07-14,79.19805145263672,79.34510365907572,78.65887872725409,78.9162130766872,4135800
2014-07-15,79.19805145263672,79.34510365907572,78.79979791522885,79.08164564029188,4845000
2014-07-16,80.19676208496094,80.22739913029704,79.46151974246256,79.58405857469334,4491800
2014-07-17,79.70046997070312,80.5705077922698,79.57793114426376,80.04358242437864,4953600
2014-07-18,79.89041137695312,80.09872832938726,79.39412302298969,80.0435872565277,4339400
2014-07-21,80.44183349609375,80.4724705390482,79.65757381184652,79.71884789775545,3714000
2014-07-22,81.23221588134766,81.61208898822039,80.60113214291184,80.60113214291184,4391700
2014-07-23,82.02874755859375,82.05937525429808,81.1709570492629,81.30575256717042,4589500
2014-07-24,82.623046875,82.7762227058034,81.91230877628563,82.12062566239167,5337900
2014-07-25,81.83882904052734,82.47603670751897,81.52634420314412,82.45765634639237,3702000
2014-07-28,81.63661193847656,81.97972437837929,81.42216198898096,81.83267218308691,4625000
2014-07-29,81.13419342041016,81.93070981149086,81.13419342041016,81.42828847204608,4189100
2014-07-30,81.20159149169922,81.91232977259472,80.57050765495448,81.47118251887429,4601800
2014-07-31,79.18580627441406,80.85848426592281,79.10002815559602,80.7114320554717,7973700
2014-08-01,78.36476135253906,79.01423009841979,77.42119760908146,78.27898325536617,7377800
2014-08-04,78.53021240234375,78.64662757199156,77.21902718731036,78.23611731789056,7360000
2014-08-05,76.56340789794922,78.30961146134041,76.33058231434887,78.30961146134041,8066700
2014-08-06,77.03521728515625,77.79496835743957,76.46540281230452,76.52667223071242,5134900
2014-08-07,76.98622131347656,77.64794243544098,76.48380446336837,77.31708187445876,4650700
2014-08-08,78.34026336669922,78.40153277669077,77.14549351091694,77.24352363199213,4730700
2014-08-11,78.24834442138672,78.83653907759641,78.14418597357529,78.52406373416213,3466500
2014-08-12,77.86847686767578,77.98489201552194,77.35993657217959,77.89911390907409,4944100
2014-08-13,78.18096923828125,78.57310379679562,77.7336982805909,78.20547794034822,3518200
2014-08-14,77.78882598876953,78.24222521271352,77.52536333001368,78.22997320106364,4524000
2014-08-15,77.9186019897461,78.34496222967044,77.65908041513491,78.11633338672914,5754300
2014-08-18,78.04217529296875,78.22136536678757,77.62817126527356,78.02363399961624,4630000
2014-08-19,78.86399841308594,78.90725200503401,78.19665795364243,78.30170171776092,3887800
2014-08-20,78.77748107910156,78.84545167401772,78.33876478464377,78.62918374214237,3230300
2014-08-21,79.04934692382812,79.20381994489559,78.58591371776667,78.8948691884743,2668100
2014-08-22,78.54267120361328,78.78365612756642,78.14720852254729,78.4870567596234,3236900
2014-08-25,78.9937515258789,79.13587786523051,78.70951299003819,78.8269176057743,2645700
2014-08-26,79.24710083007812,79.53134409273969,79.05554989219932,79.1296962091652,2832400
2014-08-27,79.48809051513672,79.5993194257746,79.21003238140597,79.34597358964339,2767000
2014-08-28,79.55606079101562,79.64874369235149,79.24710521512819,79.26564179539535,2409000
2014-08-29,79.98857879638672,80.03801280888601,79.40156521939004,79.71052072608026,3519000
2014-09-02,78.80838012695312,79.94533897161357,78.51178073269335,79.83411007376465,4744500
2014-09-03,79.00613403320312,79.6364061580256,78.88872938530136,79.37069941352514,3846300
2014-09-04,78.35112762451172,79.37686229057478,77.98037720132089,79.22238451900775,5191200
2014-09-05,78.72187042236328,78.7465874306145,77.95566202372488,78.56739265650867,5035500
2014-09-08,77.98656463623047,78.32023721849718,77.66525291680023,78.27698362714527,4200800
2014-09-09,77.3501205444336,77.72704673574084,76.78164339876261,76.92376032803631,6721600
2014-09-10,76.79399108886719,77.0782296303932,76.00924606272885,76.9052152759241,10941800
2014-09-11,76.51593017578125,76.66422751499618,75.63849757351903,76.17607719603096,6569600
2014-09-12,75.79295349121094,76.41086439312153,75.51489075677954,76.33671338774928,4915600
2014-09-15,76.76927947998047,77.10295206462604,75.42223299276151,75.60142779086493,5437600
2014-09-16,77.21415710449219,77.65905377365122,76.37997820696239,76.6580362680434,6587200
2014-09-17,77.0658950805664,77.54168468869779,76.89905639608021,77.31923625224213,4583500
2014-09-18,76.70748138427734,77.26360230123889,76.52828660468488,77.14619768702272,4683200
2014-09-19,77.11529541015625,77.67141154395111,77.02260781642816,77.20180257382599,10090000
2014-09-22,76.30582427978516,77.18943715446638,76.2934681346851,76.99170583285942,5850500
2014-09-23,76.04014587402344,76.60862772432903,75.91656552768502,76.33056487363555,5620700
2014-09-24,75.63231658935547,76.0463158785405,74.67455253654843,76.0463158785405,8005900
2014-09-25,74.56952667236328,75.76209552279857,74.56952667236328,75.50874965819702,6466300
2014-09-26,75.05767822265625,75.40988743687528,74.16170410628251,74.48920101975686,5500500
2014-09-29,74.48917388916016,74.60657377494782,73.61791710515058,74.59421762907586,6791500
2014-09-30,73.72914123535156,74.46445684293835,73.32132242178082,74.46445684293835,8385700
2014-10-01,72.69722747802734,73.74767425452934,72.53038887402771,73.40782604532535,8027900
2014-10-02,72.36357879638672,72.8517291951745,71.75802376461671,72.5365931728101,8171200
2014-10-03,72.73432159423828,73.01238444296212,71.92485948859297,73.01238444296212,6298300
2014-10-06,72.96913146972656,73.5623303713131,72.46862490544427,72.85791197925346,5409500
2014-10-07,71.6900405883789,73.17920853661026,71.67768444120996,72.58601447246645,7303800
2014-10-08,72.88263702392578,73.06801230237474,71.15248818698849,71.57266806575554,9517400
2014-10-09,70.75701141357422,72.3450429771683,70.59017275291728,72.30796510019552,11489200
2014-10-10,70.3739242553711,71.51088360665086,69.7498324631702,70.87443094727554,9253100
2014-10-13,69.22459411621094,70.80644535126507,69.11336990660317,70.16382182274074,7799100
2014-10-14,67.83428192138672,69.85485392146663,67.4141021716979,69.57679108921343,11541500
2014-10-15,67.51912689208984,67.66124848373896,65.90020323318384,67.08659111626451,15278400
2014-10-16,68.6252212524414,68.7858794958878,66.24008347337582,66.70969733883288,11908400
2014-10-17,69.08246612548828,69.66329938118034,68.4213014058616,69.07010526290398,10895500
2014-10-20,68.89090728759766,69.37905762279824,68.56959558956423,68.91562429733678,8823800
2014-10-21,71.1153793334961,71.16481334812691,69.76833779195955,69.93517169847969,8899700
2014-10-22,70.4418716430664,71.82599130973655,70.3862619019959,71.1833631430677,7211600
2014-10-23,71.79508209228516,72.4933198396689,71.02886904205742,71.67767749127074,7195500
2014-10-24,71.6220703125,71.83833823184062,70.76935006726114,71.7950846479725,5507900
2014-10-27,71.07215881347656,71.2884315495291,70.10821865116658,70.67669594102686,6714600
2014-10-28,72.37590789794922,72.46241505383212,71.15862728608666,71.78271395148663,7272600
2014-10-29,72.3821029663086,73.48816435654739,71.73947488243472,72.91350686808337,6873700
2014-10-30,72.41918182373047,72.45007926563561,71.41198838907887,71.78891455174033,5174400
2014-10-31,74.11842346191406,74.25436463784631,71.91866178384511,73.12976679279807,10669500
2014-11-03,72.15965270996094,74.13079049658516,71.96192135966825,74.04428332547506,10343300
2014-11-04,71.28839111328125,71.69002947689997,70.93618204496445,71.67149290187592,9585800
2014-11-05,72.32648468017578,72.48096243069791,70.97325807703015,72.46242114063433,6603300
2014-11-06,73.2409896850586,73.25335054499327,71.90012395363938,72.23379645757404,6383800
2014-11-07,73.40784454345703,73.98250208616743,73.13596213615254,73.37694710106776,7366600
2014-11-10,72.86407470703125,73.94541911609932,72.48714856444167,73.88980938077667,6114600
2014-11-11,73.18539428710938,73.32751120417566,72.4809759900922,72.88261444515689,3957000
2014-11-12,72.69722747802734,73.35221160589658,72.53038887402771,72.82698821764559,4923900
2014-11-13,71.95574188232422,72.58601381080429,71.45523542651564,72.35120458814856,11019900
2014-11-14,72.5419692993164,72.56067778051035,71.98069107346586,72.15530990861794,4891700
2014-11-17,72.18646240234375,72.4359198114905,71.88711255976676,72.31742647159483,5713700
2014-11-18,72.01187133789062,72.73529286882716,71.87466947219417,72.32369202974395,5672800
2014-11-19,72.63553619384766,72.76650035578652,71.76243702291416,72.3237154012291,4270300
2014-11-20,73.15937805175781,73.259162969067,72.44219418012665,72.44219418012665,5272800
2014-11-21,73.951416015625,74.1572188686981,73.42132165062463,74.08238016994221,7361600
2014-11-24,73.3340072631836,73.9514158207761,73.05960821781656,73.67077426968658,5807600
2014-11-25,72.43595886230469,73.47743899210816,72.11166262818186,73.4649682560297,6671400
2014-11-26,71.787353515625,72.56066742869119,71.73122332204451,72.386048618451,6715100
2014-11-28,67.89585876464844,69.6545277842664,67.62145495401056,69.59215982147958,11935600
2014-12-01,69.67945098876953,70.15341499485332,67.7773429445978,68.21388999178183,13400100
2014-12-02,71.10758209228516,71.44434898021073,69.15558644942632,69.3925684410751,8548700
2014-12-03,70.91426086425781,71.60650317782499,70.56502321345137,71.5566107254223,8049800
2014-12-04,70.0224609375,70.5213759985137,69.23043839299788,70.5213759985137,8100700
2014-12-05,69.14311218261719,70.02868168078808,69.04332729144022,69.7168610328683,7663400
2014-12-08,66.60490417480469,68.56313781226184,66.36168440670058,68.53195383870744,13809000
2014-12-09,66.73589324951172,67.4468443386934,66.1870855610149,66.21203179758368,11053000
2014-12-10,65.3950424194336,66.26190364888197,64.27872365994104,66.24319516677981,15073400
2014-12-11,65.42623901367188,66.89802873298203,65.04581727753423,65.46365598509277,10293600
2014-12-12,63.84842300415039,65.07699767334874,63.84219001413967,64.7090514263949,12013600
2014-12-15,62.900474548339844,64.80258279906855,62.62607079859368,64.31613849051675,13144200
2014-12-16,63.424312591552734,65.15180150136962,62.4576715184613,62.67594500219129,12722200
2014-12-17,66.11846160888672,66.47393702986973,63.617662927061644,63.723680827107735,13354000
2014-12-18,67.99562072753906,67.99562072753906,65.7879296120454,67.35950859636588,13533000
2014-12-19,70.4278335571289,70.44654204052152,67.66510156998791,68.30745154250485,15723300
2014-12-22,69.86653900146484,70.46523412069638,69.26784388223331,70.07234178688982,9433500
2014-12-23,71.06393432617188,71.37575502046487,70.04740057565893,70.32180430919875,8092000
2014-12-24,70.76457214355469,71.18241063172181,69.89147345744074,70.8830655015145,4536500
2014-12-26,70.62741088867188,71.31341569404638,70.35924481153364,71.05148736512284,4380400
2014-12-29,70.67105102539062,71.33210945948794,70.33428406141459,70.74588971449867,6043000
2014-12-30,70.54006958007812,70.87683646142423,69.94137448813137,70.42781395296275,5659500
2014-12-31,69.96009063720703,70.66480368814173,69.5547227860651,69.62956146501637,6411800
2015-01-02,70.20954895019531,70.47147719252925,69.13064725009669,69.61708677386147,5898800
2015-01-05,67.40316772460938,69.34892596499577,67.00403758514516,69.19925335219833,11758100
2015-01-06,67.37196350097656,67.989367006462,66.40532241792444,67.27218337510257,11591600
2015-01-07,67.31586456298828,68.43218341116204,67.04769852953864,68.13283339972712,10353800
2015-01-08,68.85626220703125,68.87497069126857,67.7274678253046,68.09541879466515,8650800
2015-01-09,67.4842300415039,68.73775048964107,67.14746314089962,68.68785803962432,9584500
2015-01-12,66.03115844726562,67.02275087849982,65.8315933632069,67.02275087849982,8912300
2015-01-13,64.98342895507812,67.14123228578613,64.3535545961317,66.6797342454812,13277700
2015-01-14,64.79634094238281,65.11439938141278,63.505403463974304,64.35978911747759,14116900
2015-01-15,64.02926635742188,65.44493510959927,63.941956935297156,65.11440590326904,9664600
2015-01-16,65.55717468261719,65.56964541500226,63.90452429827448,63.90452429827448,12604600
2015-01-20,66.39910125732422,66.46770219262393,64.74021283354058,65.20794388803512,10406800
2015-01-21,67.45307922363281,67.52167542377455,66.324284667357,66.59868849995567,8271000
2015-01-22,67.92701721191406,68.05174834132997,66.72338917158554,67.82723706638743,7471100
2015-01-23,66.63607788085938,67.82099740786231,66.56124396332623,67.49046825074171,7984400
2015-01-26,67.90209197998047,68.19520427722462,66.30557109389363,66.8668494547859,7670500
2015-01-27,67.51541900634766,67.85841892007113,67.12252188091064,67.42187184514808,6388700
2015-01-28,64.67784881591797,67.45928888005005,64.49699223953638,67.45305589183455,10526500
2015-01-29,64.23505401611328,65.2515876240688,63.39937695644534,65.00836789726961,13994400
2015-01-30,63.941951751708984,64.40968280003379,61.665659698260335,63.36196506146597,20584700
2015-02-02,66.14341735839844,66.18707207399619,64.216367366717,64.84624662720499,11537600
2015-02-03,68.30744171142578,68.66915486498036,67.147468327962,67.16617680866202,14266700
2015-02-04,67.57156372070312,68.15155057595415,66.97286837947749,67.65887316058972,10176000
2015-02-05,68.17023468017578,68.66914966509245,67.70874141183171,68.33238276397459,7533300
2015-02-06,68.35734558105469,68.88743990744207,68.04552482929657,68.38852955943332,7655500
2015-02-09,68.86872100830078,69.53601712582477,68.38228147040563,68.50077010270935,6403000
2015-02-10,68.71280670166016,68.98721042847868,67.40939375727825,68.92484248474277,7033700
2015-02-11,68.58808898925781,68.71281537646382,67.5341334127423,67.9644475372144,8662000
2015-02-12,69.81614685058594,69.93580442119892,69.16118693498568,69.45087991221699,6618000
2015-02-13,71.02529907226562,71.06308364921944,69.9672876747827,70.12472981842747,7494400
2015-02-17,70.78598022460938,71.1197567602061,70.23178087063532,70.72929856124732,7097300
2015-02-18,69.5516128540039,70.31363192333153,69.5075292650263,70.06172364142344,6920300
2015-02-19,68.23542785644531,69.01004535997278,67.53638431574471,68.14096160410004,9721100
2015-02-20,68.39286041259766,68.56290060391153,67.70011600051959,68.2858009171793,7610600
2015-02-23,67.92684173583984,68.32989325638204,67.6056584037739,67.88275812592909,6724000
2015-02-24,67.98980712890625,68.16614154130124,67.59934892663708,67.94572352580751,5708400
2015-02-25,68.38023376464844,68.50618548542937,67.8638240218464,68.09054096305219,4806500
2015-02-26,67.42301940917969,67.96462074642898,67.13332645282006,67.94572845869398,5903100
2015-02-27,67.18368530273438,67.8449439678488,67.11441040239853,67.7126883910251,6396500
2015-03-02,66.6924819946289,66.96957685444957,66.08160580941278,66.95698359912905,7343700
2015-03-03,66.22644805908203,66.89400103371413,66.00602527258881,66.67987727662828,6901200
2015-03-04,66.22644805908203,66.52873420411287,65.77301403678415,66.52873420411287,5784900
2015-03-05,65.9556655883789,66.32092771366999,65.70375719508118,66.13200002226142,5156900
2015-03-06,65.21253967285156,65.82341117156129,64.97322453266851,65.63448347667014,7213300
2015-03-09,65.46443176269531,66.52244300433343,65.18103786777976,65.24401375501076,7506200
2015-03-10,64.80947875976562,65.84229871727364,64.44421187595728,65.36367331106796,10679000
2015-03-11,65.20622253417969,65.42664051938699,64.51977246053211,65.19362447516686,8440700
2015-03-12,64.50090789794922,65.81712695487441,64.42533873040102,65.63449345870997,5900600
2015-03-13,63.99706268310547,64.13560768676943,63.392485632089915,64.13560768676943,8345200
2015-03-16,64.94802856445312,65.03619577670999,63.60662328818553,63.88372298656582,6780200
2015-03-17,64.97320556640625,65.21252063673109,64.29935356134988,64.42531012592917,7097500
2015-03-18,67.1962890625,67.30964757125233,64.46939543236388,64.62053850911639,11059700
2015-03-19,65.96824645996094,66.37759692161755,65.90527057464885,66.18866446092925,7841900
2015-03-20,67.40410614013672,67.54895497560489,66.19495205395083,66.30831054982771,14064900
2015-03-23,66.705078125,67.81977105661966,66.705078125,67.70641253484058,6807700
2015-03-24,65.62185668945312,66.87509909932096,65.59667018496167,66.70505896312238,6677800
2015-03-25,66.54764556884766,66.88142215186775,65.70375796685369,65.91158275412194,9169400
2015-03-26,66.28311920166016,67.08292289646376,65.5966740026694,66.93177983696371,7276900
2015-03-27,65.67224884033203,66.11938383359742,65.28808972693822,66.11938383359742,5830300
2015-03-30,67.32225036621094,67.51747705428082,66.10679702760221,66.10679702760221,7172400
2015-03-31,66.11310577392578,66.79955120044325,66.05012507390344,66.51615726935404,7254100
2015-04-01,65.9934310913086,66.89400009384389,65.810797679074,66.61060143151367,7347200
2015-04-02,66.30201721191406,66.55392553601285,65.54629704436935,65.77930828024061,5123900
2015-04-06,67.33484649658203,67.92683042084744,66.26424197437026,66.77435291904439,6724000
2015-04-07,68.35507202148438,68.70144180580368,67.14591768195645,67.36633569102369,8536000
2015-04-08,67.17111206054688,68.59438544384628,67.08294004814763,68.55660087049836,7894800
2015-04-09,67.35374450683594,67.53637796292317,66.86882483738223,67.25928306812938,5760500
2015-04-10,67.32854461669922,67.8008709354048,67.26556393040372,67.68121339714548,5012200
2015-04-13,67.0703353881836,67.95201211949502,67.03255082126007,67.60563757352392,4307200
2015-04-14,68.54397583007812,68.70141789672724,67.54894562046616,67.82604039053821,7262700
2015-04-15,69.53273010253906,69.70906448261455,68.88406462618781,69.01631541124443,6704000
2015-04-16,69.37530517578125,69.86652387178307,68.64477135780224,69.21156400886308,5904200
2015-04-17,68.71403503417969,69.0793018833781,68.1787328198727,68.87147714454949,6548700
2015-04-20,69.45716094970703,70.35143097010776,68.99113365530484,69.00372690985544,7148800
2015-04-21,69.10449981689453,69.7405625442935,68.83999339452562,69.30602554528129,5674900
2015-04-22,68.95966339111328,69.55164742715164,68.77702991606415,69.30603805150875,5643100
2015-04-23,69.25565338134766,69.68389621950085,69.02263727074488,69.2745456704973,6940000
2015-04-24,69.19265747070312,69.29971694808941,68.66364950374737,69.06670090487951,4995000
2015-04-27,69.08560943603516,69.74056931809551,68.98484896443125,69.48866093195647,4858700
2015-04-28,69.9798812866211,70.05545043572296,69.05412077210242,69.30602914686472,5321600
2015-04-29,70.3640365600586,70.52777291049954,69.70277771371242,69.79094491925827,5665800
2015-04-30,69.94208526611328,70.66002094292654,69.55163188682138,70.55926048544069,6666800
2015-05-01,68.66996002197266,69.77835396290047,68.22911917496322,69.45087164172173,10362700
2015-05-04,68.21651458740234,68.90296465889534,68.00868985710845,68.88406757043542,7660100
2015-05-05,68.01499938964844,69.23045281167208,68.01499938964844,68.79591100027298,6463300
2015-05-06,67.98348999023438,68.97852511485378,67.57414441538877,68.79589172073368,5820400
2015-05-07,67.74420166015625,68.14095411067191,67.19000707463,67.81977561467227,5798300
2015-05-08,68.42435455322266,68.51882079754957,67.6371438584197,68.19763748873919,7078900
2015-05-11,67.6119613647461,68.44955480648497,67.57417678398457,68.42436348439281,6003600
2015-05-12,67.73789978027344,68.01499946375768,67.44820684060922,67.66233063368861,5026500
2015-05-13,67.82605743408203,68.31098181187494,67.5741539079448,68.00239662903059,5517600
2015-05-14,68.29840087890625,68.83370801805845,68.02760019612741,68.02760019612741,9751700
2015-05-15,68.71180725097656,68.90262232179037,68.01852187543545,68.19025155706481,5641600
2015-05-18,67.8340835571289,68.38108170459367,67.78956067780642,68.3747199067962,6390600
2015-05-19,66.79733276367188,67.61783003251854,66.7846140199682,67.45246210121996,7927600
2015-05-20,66.94361114501953,67.35704059292553,66.63195103619219,67.05173742831873,6521200
2015-05-21,67.09626007080078,67.59237346553415,66.97541504684597,67.4015632343601,6549300
2015-05-22,66.71463775634766,67.13442901854339,66.695557217635,66.84184458285155,4717200
2015-05-26,65.69696807861328,66.42841945693026,65.46799191057268,66.28848903727996,8010200
2015-05-27,65.5824966430664,66.00864495463286,65.34080167216989,65.63973827329299,5857500
2015-05-28,65.66516876220703,65.7796568546246,65.11817063761531,65.48707725236409,5099900
2015-05-29,65.51251220703125,65.87505698339217,65.30261658581462,65.60155795191785,6673400
2015-06-01,65.27717590332031,65.98954673307206,65.18813015618,65.81145523879144,5412400
2015-06-02,65.245361328125,65.58246369936147,64.94642002453699,65.28988419125758,5040000
2015-06-03,64.98458099365234,65.75419325670765,64.95278172153621,65.13087317379653,5175700
2015-06-04,64.48847961425781,65.11180466491334,64.22770418318154,64.80650150992044,6896400
2015-06-05,64.61569213867188,65.5761197071392,64.23406680069535,64.35491668456254,6080900
2015-06-08,63.871517181396484,64.48848044333442,63.57257581920972,64.42487703391001,8213900
2015-06-09,63.871517181396484,64.39943469961442,63.744310362547644,64.04960866883648,7157000
2015-06-10,64.7683334350586,65.24536622699438,64.5711565812711,65.20720030385213,7588400
2015-06-11,64.31675720214844,65.00368088649587,64.20226911265227,64.79379009961087,5582900
2015-06-12,63.5217170715332,64.04327296600474,63.36906301512883,63.93514179622729,6475500
2015-06-15,63.152801513671875,63.64255319780306,63.05103215702487,63.25456601768887,6178100
2015-06-16,63.629844665527344,63.890620191680696,62.84750838180572,63.09556516265216,8763700
2015-06-17,63.45173645019531,64.34855576402681,63.29908243082141,64.1323031821914,8231100
2015-06-18,63.76338577270508,64.17681517966233,63.699782368395205,63.76974756892468,7168000
2015-06-19,63.26730728149414,63.712536209583554,63.26094548176961,63.426318306187696,10512000
2015-06-22,63.788848876953125,63.83973355802243,63.20368960254693,63.49626923975003,6416100
2015-06-23,63.661624908447266,63.877882335009865,63.31180371191477,63.57894095711326,5697900
2015-06-24,63.140098571777344,64.03692312323028,63.14009857177734,63.5916941738341,7451900
2015-06-25,62.548553466796875,63.38813605546987,62.51675418405092,63.254562568995716,6062800
2015-06-26,62.71393966674805,62.77118615215819,62.211464306506926,62.484963430369035,10015500
2015-06-29,61.49906921386719,62.30684260802602,61.44182275535203,62.014263077361065,8764600
2015-06-30,61.35918045043945,62.11607454823946,61.20016941158277,61.98250100528386,9925400
2015-07-01,61.117454528808594,61.45456186378308,60.77399510151262,61.25102801486003,7295300
2015-07-02,60.9775276184082,61.48635980328572,60.88212006729691,61.289187756250776,6419100
2015-07-06,60.27787399291992,60.78034922059983,60.09342554531533,60.46232729315403,8341600
2015-07-07,60.59590530395508,60.72947880448083,59.47010964161865,60.048911968462704,11774900
2015-07-08,59.50825119018555,60.48139734297435,59.317440978388355,60.1633754706837,7719100
2015-07-09,59.648197174072266,60.557740160555426,59.63547843101436,60.36056810106332,7909000
2015-07-10,60.04890060424805,60.39236000376255,59.83264317765554,60.125222758527116,5631900
2015-07-13,60.16973876953125,60.35419204238176,59.88352101837319,59.98528549668073,5038800
2015-07-14,60.77400207519531,60.92665126624632,60.03618875529325,60.042550553604215,5218600
2015-07-15,59.940765380859375,60.86938873147905,59.71815102499661,60.44960235365627,6490400
2015-07-16,60.093441009521484,60.252452014163644,59.724534314120305,59.96622929422931,6422700
2015-07-17,59.24747085571289,60.03616367472933,59.088459932778946,59.93439920741831,8214200
2015-07-20,59.11393356323242,59.463754867338395,58.89131427114673,59.34290980170909,6018100
2015-07-21,59.72452926635742,59.87717845917576,59.1520887275007,59.1520887275007,7043100
2015-07-22,59.47646713256836,59.99802294246854,59.336536696536385,59.47646713256837,9327500
2015-07-23,59.11393356323242,59.832661568509785,58.961279502494094,59.514639554251175,7360700
2015-07-24,57.62558364868164,59.01215971993777,57.46657265359553,59.01215971993777,11158400
2015-07-27,56.69695281982422,57.301192583367666,56.44253428946861,57.154905203938334,10342700
2015-07-28,58.77043914794922,58.9548924041981,56.881388572968646,56.894107311876546,11536900
2015-07-29,59.311092376708984,59.40649993014652,58.15985449575057,58.503318776547886,9821500
2015-07-30,59.171165466308594,59.66727895054918,58.99307394403044,59.43830274972583,6435700
2015-07-31,56.27714920043945,58.35700998236565,55.97820788241988,58.2107177949373,19063400
2015-08-03,54.44534683227539,55.54570471157753,54.26725534952798,55.513900581388796,14142200
2015-08-04,54.19729232788086,55.27220791684743,53.86018988587171,54.53439476989,8537200
2015-08-05,53.44675064086914,54.699757490026315,53.34498617355672,54.34357457549044,11254600
2015-08-06,54.184574127197266,54.432630826720214,52.72167141233388,53.14781960355237,9805000
2015-08-07,53.2686767578125,54.22910440794345,53.06514290341023,53.87927832101931,7422000
2015-08-10,54.62979507446289,54.763363674207795,53.35134583029236,53.554879627898195,8342000
2015-08-11,54.55984115600586,54.687052838701376,53.173265356716605,53.66937878765532,9797400
2015-08-12,55.20225524902344,55.405789119826004,54.012851310271685,54.06373599112989,11316300
2015-08-13,54.604366302490234,54.916026445952845,54.34994777914884,54.71885439536238,9562400
2015-08-14,54.69340133666992,54.96690034643997,54.24817264756927,54.55983272993973,7748900
2015-08-17,53.60496139526367,54.429355031966296,53.52767264915768,54.39715015931204,12602500
2015-08-18,53.740196228027344,53.9527316143222,53.34087853521409,53.508334975912824,9093400
2015-08-19,52.110755920410156,53.398872434111766,51.956178400848295,53.37310951418478,13129000
2015-08-20,51.035160064697266,52.355481073027505,51.035160064697266,51.94972625809449,11857200
2015-08-21,48.79383087158203,51.26056904536007,48.761626009098705,50.7968514564962,18383600
2015-08-24,46.44947052001953,48.549096323872924,44.8135624064109,45.43829953050326,24191900
2015-08-25,45.09693908691406,48.317229093267535,44.98100845013443,48.259266231764016,21128000
2015-08-26,47.0742073059082,47.08064926319383,45.69592327320531,46.19185079495113,17400400
2015-08-27,50.00467300415039,50.31382306974865,48.02097277714332,48.30435992779393,21539600
2015-08-28,51.80160903930664,52.29753176607974,49.966043875078476,50.05621164358268,23735400
2015-08-31,52.162254333496094,52.2202221067568,50.18499653489065,51.53108026590793,16880400
2015-09-01,50.3588981628418,51.13176582143452,49.92737555491767,50.72601103773925,17954200
2015-09-02,50.27518081665039,51.36364073183938,49.740616252592936,51.36364073183938,14255900
2015-09-03,50.40398025512695,51.151084976989935,50.03686739313985,50.68736243263305,12282600
2015-09-04,49.379913330078125,49.99820826578109,49.23821981931407,49.78567291340635,11210000
2015-09-08,49.489410400390625,49.95313290947914,49.10297661407425,49.93381195722915,9316500
2015-09-09,48.25282669067383,50.36533625435715,48.14333800428395,49.869413730620565,11297400
2015-09-10,48.729434967041016,48.819602701948426,47.859952658790505,48.77451883449472,11475200
2015-09-11,48.81317138671875,49.109437567967696,48.36232770012541,48.90978109911547,11032100
2015-09-14,48.80027389526367,48.94840940156525,48.278588472733205,48.63925939065326,10235500
2015-09-15,49.70195770263672,50.0368706347125,49.083662574696305,49.22535612951506,11678100
2015-09-16,50.89346694946289,51.01583955618047,50.08839435531706,50.120599224592155,12593500
2015-09-17,51.1446533203125,51.82735329707277,50.62296294609227,50.9578758917365,12324300
2015-09-18,50.06906509399414,50.68736015408492,49.573142620322244,50.1785586831032,18635900
2015-09-21,50.29448699951172,50.706688641314514,50.13347249906953,50.42974350400305,8523500
2015-09-22,49.75348663330078,50.03687376064221,49.26400111710372,49.4894204621375,9692300
2015-09-23,49.025691986083984,49.933811123068416,48.793830735413046,49.85008536012639,9043000
2015-09-24,49.521629333496094,49.7921325693962,48.36876468856156,48.594184051811645,10302600
2015-09-25,50.043304443359375,50.33957544634769,49.54093999148168,50.152798037408346,10862600
2015-09-28,48.80027389526367,49.54738355526689,48.78739489695484,49.37349005234764,10567000
2015-09-29,49.10942459106445,49.37349074091915,48.484687518259726,48.974172994958195,8797800
2015-09-30,50.80329132080078,50.89345904423761,49.59246409624025,49.689073775286104,14108800
2015-10-01,50.455509185791016,52.097859305987946,50.11415917905968,51.34431250843689,11111900
2015-10-02,52.522945404052734,52.522945404052734,49.79213524223093,50.069080450168435,13051900
2015-10-05,54.12018585205078,54.22323747713901,53.03816835748411,53.076815173778165,14196800
2015-10-06,56.02659606933594,56.43879273756219,54.14594815633218,54.21679491934968,18897100
2015-10-07,56.75441360473633,57.64965416092773,55.56934389367452,56.83813940657477,17670500
2015-10-08,57.90724563598633,58.05537619484921,56.54828313282717,56.60624598270266,11299100
2015-10-09,57.68825912475586,58.222828298218424,57.10860610014411,58.094013785098454,10011100
2015-10-12,57.153709411621094,57.952344923579425,56.59338205851931,57.87505618939132,7917500
2015-10-13,56.921844482421875,57.28252030512661,56.21982361842575,56.548294575501856,8012500
2015-10-14,57.810665130615234,57.94591676231372,56.49034386143743,56.825256875544795,9734500
2015-10-15,58.428951263427734,58.5255609605958,56.96049959054779,57.739809297163085,8960400
2015-10-16,58.79607009887695,59.03437338737122,57.978113482811395,58.96352659656951,7821200
2015-10-19,57.984554290771484,58.313025322179136,57.46286876318629,58.197094658963124,8900400
2015-10-20,57.95880889892578,58.28083807036029,57.57237487595941,57.64322168677702,8221100
2015-10-21,57.533714294433594,58.37098692044085,57.411341676555594,57.60456108228152,7423400
2015-10-22,59.008602142333984,59.130969834268214,57.79776982591969,57.79776982591969,8971700
2015-10-23,58.76386260986328,59.20826429351751,58.023194775030774,58.448275500921525,8134800
2015-10-26,57.17302703857422,58.53198982452652,57.05065935878245,58.52555278238191,8606600
2015-10-27,56.48389434814453,56.6513508327987,55.86559915146773,56.50322021903701,9328800
2015-10-28,57.82997512817383,58.04251547217158,56.62558475929307,56.81236219064505,8236500
2015-10-29,57.89437484741211,58.56419577581369,57.4113313338913,57.5272619736872,6686000
2015-10-30,58.53199005126953,59.24045779173143,57.58522890621824,58.69944650935804,11559300
2015-11-02,61.15976333618164,61.365861754376546,58.27438548145295,58.35811127473486,14277300
2015-11-03,63.20785903930664,63.52988807656162,61.45602029043581,61.45602029043581,17669200
2015-11-04,62.32548904418945,63.1820873435146,61.881092375920424,63.130561525411025,11931300
2015-11-05,60.89567947387695,62.183795338675864,60.75398594254555,61.86176637247613,11184800
2015-11-06,60.56078338623047,60.5865463003212,59.09877363643897,60.35468498727807,9634200
2015-11-09,59.45943832397461,60.8312801863933,59.31774476833294,60.20654801234957,7659100
2015-11-10,60.0455436706543,60.219437209626996,59.150298318737725,59.31775481410777,6823100
2015-11-11,59.375701904296875,60.3546677919657,59.16316160893211,60.14856945173163,6085300
2015-11-12,57.875057220458984,58.70589270113434,57.482181413772814,58.44826849635723,8951300
2015-11-13,57.11505889892578,57.945894239661705,56.799471880959665,57.6882700782768,7676600
2015-11-16,59.61845779418945,59.63149906169317,57.2324181409918,57.2324181409918,10101100
2015-11-17,59.34463119506836,60.302960113762886,59.12949511662988,59.501091536757905,7575800
2015-11-18,60.11390686035156,60.46594639036802,59.344636400045616,59.61192760708562,6886900
2015-11-19,59.21425247192383,60.21821593312296,58.95348190201231,59.99655920787345,6096700
2015-11-20,58.027774810791016,59.52719749623798,57.8973869856737,59.09040947311563,8561400
2015-11-23,58.67969512939453,58.96002271760048,57.44103822862904,57.79307787245418,6889600
2015-11-24,59.55325698852539,60.17258777886254,58.542777762899696,58.79702772748706,8549000
2015-11-25,59.24031066894531,59.53367435562075,58.777445421145934,59.1360004855511,5419300
2015-11-27,58.91438674926758,59.22078691930717,58.70577122190737,58.83615406133756,2547800
2015-11-30,59.5337028503418,59.95093383605203,58.960011488436635,59.090394306301455,12179400
2015-12-01,60.289939880371094,60.400765778007894,59.30553314693707,59.30553314693707,6975500
2015-12-02,58.83615493774414,60.42685146617685,58.69273082796262,60.36817570590869,11830700
2015-12-03,57.92346954345703,59.59891469378197,57.60402804851226,59.201240497023484,10996800
2015-12-04,58.48410415649414,58.55581619772403,56.38490798329705,57.30412325336069,13170200
2015-12-07,56.89994430541992,57.33021667183412,55.34836647475367,57.03033213181226,15378900
2015-12-08,56.35232162475586,57.369321644108,54.92460623313748,55.94160625248962,13397500
2015-12-09,57.10855484008789,58.76444278649145,56.26105642498428,56.50226517850623,14675800
2015-12-10,58.216835021972656,58.97306453322544,57.11508149503208,57.36933154374343,14534800
2015-12-11,56.35232162475586,57.3106508616621,56.124144207369625,57.27153203291193,13186900
2015-12-14,58.23637771606445,58.405874391244595,55.68083658392918,56.2610486018429,12430700
2015-12-15,60.472476959228516,60.88970795807644,59.03172538917772,59.05128231509468,19158500
2015-12-16,60.9157829284668,61.163512269196836,59.2012195470855,60.355127865006416,16917900
2015-12-17,59.02521896362305,61.28087614840124,58.93394997151775,60.954914041228896,14082500
2015-12-18,58.54930877685547,59.50111747894285,58.216831027529665,58.712289821194815,20167200
2015-12-21,58.177696228027344,59.12950466889389,57.50621530544094,58.93393045363345,12852300
2015-12-22,58.849185943603516,59.188189258763956,57.56489965276613,58.099477212408864,9661700
2015-12-23,61.1569938659668,61.18307142496056,59.69668537881683,60.107395741950505,11172800
2015-12-24,60.009605407714844,61.24825701254949,59.98352785120033,61.24825701254949,4998700
2015-12-28,58.907867431640625,59.14256052688913,58.47107943862294,58.875269234161316,6800000
2015-12-29,59.48806381225586,60.35512390865255,59.370717295647395,59.90529476602256,6471200
2015-12-30,58.73184585571289,59.31206294060303,58.60146301174298,58.73836649004739,5600200
2015-12-31,58.6470832824707,59.23381588562478,58.03427312208917,58.2689661633508,6988700
2016-01-04,57.92346954345703,58.74489550424524,57.08900728592689,58.36677823949334,11397300
2016-01-05,58.41889953613281,58.44497708829918,57.264991478247175,58.05382375337259,7883400
2016-01-06,56.11109924316406,57.22588870145117,55.517850981474815,57.00423692585763,14511400
2016-01-07,54.12273406982422,55.90248896830125,53.89456164022099,55.120182074294206,15368800
2016-01-08,53.54250717163086,54.65729642410522,52.94925901946728,54.36393266379575,11891600
2016-01-11,52.65589904785156,54.0901348254854,52.00397505086856,54.0119021552847,14366400
2016-01-12,53.555564880371094,53.71854590254277,51.951832219056094,53.58815810053378,13477500
2016-01-13,53.02099609375,54.924613553774336,52.16045635334264,54.214018567024524,15550100
2016-01-14,55.71995162963867,56.17629649380022,52.77325201772528,53.425176094405195,16433400
2016-01-15,54.54646682739258,54.637735767639164,52.72108304867658,53.22306222003282,17870300
2016-01-19,53.13833236694336,55.25056496221947,52.66894624048512,54.87244780770746,13155600
2016-01-20,51.48897171020508,52.356027052233046,49.10944756079662,52.14089586216429,26151100
2016-01-21,52.838470458984375,53.22962407350106,50.863135504167225,51.37164067420577,16107800
2016-01-22,54.46173095703125,55.5374065399412,53.27522948905039,55.0614998367171,15724600
2016-01-25,52.734127044677734,54.95066943274383,52.675456277565736,53.646821554326706,12370300
2016-01-26,54.83985900878906,55.087588384927436,53.03402640303973,53.438221149799915,12191400
2016-01-27,54.298763275146484,56.130668552618715,53.69247361418503,54.72903062955875,12380600
2016-01-28,56.013309478759766,56.515293749389215,54.566037387645906,55.902483591296026,13017400
2016-01-29,56.37188720703125,56.52834762469464,54.07711120362897,54.794231813309054,20248900
2016-02-01,55.60261154174805,56.124147879271334,54.91808919237719,55.51134255833681,10958300
2016-02-02,52.96232223510742,54.13578782051075,52.779784249330696,53.920651634222295,13326200
2016-02-03,55.16580581665039,55.1723214749516,52.056125824944154,53.712013236100674,13964100
2016-02-04,55.27663040161133,56.189324894736735,54.65078402815572,55.14624263185921,12825000
2016-02-05,54.0314826965332,54.950698321485085,53.62729282495511,54.72252581756398,15090100
2016-02-08,56.0589485168457,56.5218140025097,52.871040261911226,53.30131252885249,17712800
2016-02-09,54.05754852294922,55.92857259627656,53.56860541769725,55.4657070534924,12605600
2016-02-10,54.13579177856445,54.69644704660558,53.131827809602136,53.95976944099081,12110300
2016-02-11,54.10318374633789,54.53997670635455,52.57116299056326,53.1970095769049,12741400
2016-02-12,55.69388198852539,55.79167160868875,54.240088902356455,54.63124738300988,9835100
2016-02-16,55.99097442626953,56.37388762783325,55.000684789940046,56.26825935246569,10631500
2016-02-17,58.30164337158203,58.532714955651606,56.12960775418791,56.38708766320467,12710500
2016-02-18,57.25851821899414,58.92220169776673,57.1792932773875,58.59210532971202,9517800
2016-02-19,57.106689453125,57.13309777521587,55.98436346706111,56.994457861893096,9783300
2016-02-22,58.63834762573242,59.3117423334414,57.10669992179054,57.10669992179054,10299900
2016-02-23,56.05698013305664,58.41386852472543,55.91833519513027,58.354448546060986,10655800
2016-02-24,56.294654846191406,56.43989811196829,54.730000661112605,55.013883852347554,9775200
2016-02-25,56.31444549560547,56.58512191309311,55.284541345678036,56.558713597774855,9452600
2016-02-26,55.687278747558594,57.50280950423988,55.64106543886344,57.41698622719827,9369900
2016-02-29,55.08649444580078,56.248430265416076,54.84222127168582,56.07678374650791,11549600
2016-03-01,56.8624267578125,57.12650499064212,55.040297528722164,55.53544232645019,11614700
2016-03-02,57.52920913696289,57.55561745749492,55.72028199393201,56.38047489661634,9637600
2016-03-03,57.786678314208984,57.81308663215814,56.80959573444855,57.43677691590809,8526100
2016-03-04,58.05078125,58.506316114653956,57.23874149607867,57.71408134843518,9328600
2016-03-07,59.85968780517578,59.91910778412933,57.7998892230635,58.05736404582754,12784300
2016-03-08,58.585533142089844,60.130387585161415,58.31485659553848,59.66824940204237,10508400
2016-03-09,61.27909469604492,62.48064537491359,59.06744985223741,59.219291373610936,19323100
2016-03-10,62.01852035522461,62.02511865743385,60.75094620585453,61.25929754079318,12090900
2016-03-11,62.44105529785156,63.47095476850988,61.64882067383735,62.68532348483583,14098800
2016-03-14,62.22979736328125,62.60610719462178,61.4573676784259,61.77426255386312,6898900
2016-03-15,62.23639678955078,62.322225109901034,60.902809040869265,61.496983794984104,7006300
2016-03-16,62.98240661621094,63.47094797476026,61.87328229080685,62.53347522171708,9969200
2016-03-17,63.96609115600586,64.52725412659727,62.90978349897397,63.5435680931931,10679400
2016-03-18,64.4942398071289,64.63948303705305,63.286085707528834,64.59986804179181,14436300
2016-03-21,63.669002532958984,64.39521368872516,63.31910111479985,64.05191057277408,8040100
2016-03-22,63.04842758178711,63.979302071635885,62.929592647697326,63.21347582153001,7567100
2016-03-23,61.787437438964844,62.59287340487199,61.42433444632983,62.53345847470064,10302800
2016-03-24,62.619300842285156,62.678720827473306,60.902800164798144,61.09425672638048,8159100
2016-03-28,62.507083892822266,62.77116214435141,62.05815237628483,62.652327183006975,5054000
2016-03-29,62.92958450317383,62.97579780284589,61.358327277452084,61.91949021257614,6616600
2016-03-30,62.883399963378906,63.83407974785336,62.82398499528635,63.60961144901947,6182900
2016-03-31,62.98240661621094,63.51055793881573,62.68531677517793,62.84376670514447,5943900
2016-04-01,62.22979736328125,62.57309552787115,61.60921429385633,61.853487531940715,7555900
2016-04-04,61.68181228637695,62.375016727424786,61.42433750241547,62.34860841152217,6552000
2016-04-05,61.180057525634766,61.628988772102026,61.02161268478475,61.3979223298477,6662000
2016-04-06,62.6126823425293,62.71831560756659,61.27909511109705,61.49695994258297,6836400
2016-04-07,62.579689025878906,62.73813392024025,62.11095264560866,62.30240920152846,6817700
2016-04-08,63.596378326416016,63.95288306915148,63.220068604118296,63.54356168966889,7108500
2016-04-11,62.87675857543945,64.23675911906153,62.81734364329806,63.952876023908836,6644200
2016-04-12,64.37541198730469,64.6592951397395,63.002209527300415,63.17386109401899,8783400
2016-04-13,64.43484497070312,64.63950825492884,64.05853510857659,64.56688661163481,6406800
2016-04-14,64.68570709228516,64.87715861425725,64.27638565232034,64.46784221116489,6162200
2016-04-15,64.1905517578125,64.56686147342809,64.01229687117417,64.50744149892478,6551600
2016-04-18,65.16104125976562,65.20065626129754,63.06162750598114,64.190561867501,7770200
2016-04-19,66.3493881225586,66.36919310415831,64.80453911531411,65.35909874759504,10584800
2016-04-20,67.1350326538086,67.6961957371578,65.91367148567576,66.07212144372299,10150500
2016-04-21,66.94355773925781,67.86782876068186,66.75210120335147,67.1020026170565,8278600
2016-04-22,67.3462905883789,67.66978375404945,67.00959074181482,67.1680356544267,5754000
2016-04-25,67.01618194580078,67.18782847134851,66.56725057730665,66.98977362566913,6612100
2016-04-26,67.53113555908203,67.986670293559,67.14822245001073,67.37269066586617,5650700
2016-04-27,68.56105041503906,68.62047041146909,67.59056578062753,67.9338690031992,8383600
2016-04-28,67.603759765625,68.83171906789458,67.37269323818127,68.08569780331156,7598000
2016-04-29,67.45852661132812,67.7556114715488,66.42202371568553,66.7719252291949,8826900
2016-05-02,68.20453643798828,68.56104125833485,67.20764864594045,67.22745362981424,6844500
2016-05-03,66.8907470703125,67.57074497828917,66.71249719649109,67.51133003263946,7033600
2016-05-04,66.4087905883789,67.53772469614518,66.27675404461051,66.71908200679304,7444100
2016-05-05,66.9567642211914,67.73579206225857,66.58705780064165,67.24064737607704,6474300
2016-05-06,67.24726104736328,67.80182076339001,66.5738613500474,66.5738613500474,5966800
2016-05-09,66.25035858154297,67.20764133863324,65.41191578851986,67.08880641143831,9342100
2016-05-10,66.8577651977539,66.8709718828085,66.29000366226975,66.44184528227584,6698100
2016-05-11,66.77188873291016,67.16800334231986,66.11829937554059,66.83790699500001,6850700
2016-05-12,67.41889953613281,67.61695438041049,66.73229832818512,67.43870451687339,6532400
2016-05-13,66.50782012939453,67.3660727695315,66.25694868293924,67.09539130844155,5665200
2016-05-16,67.53113555908203,67.73579375602219,66.94356425307058,67.2538557367362,6779400
2016-05-17,67.21755981445312,68.17161570574682,66.94401692927217,67.43105458991172,7028000
2016-05-18,66.75720977783203,67.56448705830392,66.34356651269923,67.31763674591615,5927500
2016-05-19,66.61712646484375,66.77057827205789,65.72978643948754,66.22349740870268,6241100
2016-05-20,66.57707977294922,66.98405501019069,66.37692618114882,66.91733884296298,4707100
2016-05-23,66.30355072021484,66.803929714122,66.0967290315711,66.17011835788695,4231200
2016-05-24,66.84394836425781,67.22423610994137,66.46366061857425,66.67715540404367,4383300
2016-05-25,67.89807891845703,68.03818949035347,67.26426767848746,67.26426767848746,5428200
2016-05-26,67.71791076660156,68.29835183418521,67.36431066765739,67.9514197857048,4147200
2016-05-27,68.06488037109375,68.12492849369487,67.297636697625,67.63789072859845,5008900
2016-05-31,67.38434600830078,68.2383250244824,67.09746195535385,68.15159453037899,8141800
2016-06-01,67.47110748291016,67.63790049516011,66.64381556738363,66.8773247665098,4815200
2016-06-02,67.0707778930664,67.09746537494675,66.53037038281032,66.98404739454281,6714100
2016-06-03,67.15750122070312,67.47774076456746,66.71716548524493,67.15082807892217,4957800
2016-06-06,67.4977798461914,68.07822123115925,67.33098687132777,67.61119784747045,5948200
2016-06-07,68.93218994140625,69.18571339211462,67.79132677804326,67.94477344106362,9807000
2016-06-08,68.77874755859375,69.43925139325074,68.49853658698521,69.08565110668032,6318100
2016-06-09,68.59192657470703,68.80542133292646,68.07153341967947,68.0782065624691,4247500
2016-06-10,68.0381851196289,68.69868380276225,67.55782059003481,68.36509788944602,8108400
2016-06-13,68.11824035644531,68.78541216226772,67.63787584183446,67.71793829097524,6360100
2016-06-14,67.57115173339844,68.08487681393684,67.06409979536629,67.8913964021862,6924000
2016-06-15,67.13748168945312,67.81132648502356,66.8839582934508,67.13748168945312,5627000
2016-06-16,67.43108367919922,67.5578480065407,65.89658581916373,66.69719539009844,8043000
2016-06-17,67.76465606689453,67.87807407895708,66.98406609194433,67.67792554416165,8762200
2016-06-20,68.45851135253906,68.98557778195578,68.45183820808326,68.6386455319033,6627000
2016-06-21,68.87881469726562,69.01892016341523,68.231657241634,68.51187326405004,4938700
2016-06-22,68.24500274658203,69.08564062397103,68.17828658586284,69.05227999855303,4866400
2016-06-23,69.67942810058594,69.68609615405393,68.76540085387437,69.0189243188208,5593600
2016-06-24,67.98478698730469,68.72534786974357,67.49774948016055,67.69122985477313,11481400
2016-06-27,66.9573745727539,67.65123398321099,66.39694751079641,67.55115717677738,8248700
2016-06-28,67.80467987060547,68.05153531153086,67.1441811001677,67.53114203239093,7171100
2016-06-29,68.99891662597656,69.83955464459552,68.2516873561976,68.39846089839159,8887500
2016-06-30,69.93962860107422,70.05304659774716,68.90551016287003,69.0923174727119,7649700
2016-07-01,69.4859390258789,69.97297155463339,69.23908364506532,69.9062553974211,6117800
2016-07-05,69.09899139404297,69.29914499404954,68.61862682612116,69.0522895660571,7766600
2016-07-06,69.7728271484375,69.7861683446107,68.35842111858832,68.89216058761887,6166900
2016-07-07,68.7520523071289,70.05303521070972,68.14492355871344,69.97964590947014,7707400
2016-07-08,69.89960479736328,70.03304224493807,68.71871265450581,69.3058221534804,9043600
2016-07-11,70.3132553100586,70.72023062938054,69.9196262809443,69.92629433592981,7206100
2016-07-12,71.24061584472656,71.58754808892498,70.8403137161357,70.92037617790096,8377200
2016-07-13,71.15387725830078,71.52081871367402,70.62681089755874,71.24060776445434,5959900
2016-07-14,71.18722534179688,71.7743397531032,71.00709120476573,71.52081122454216,4750900
2016-07-15,71.40741729736328,71.74767643760164,70.98042763084071,71.6075709304725,6164300
2016-07-18,70.78025817871094,71.22059403709113,70.73355635343886,71.16721906817526,4931500
2016-07-19,70.74691009521484,70.90035678436993,70.48671345697994,70.70688140936878,4630800
2016-07-20,70.44667053222656,70.80694392840627,70.05304159887953,70.67351159950286,6802000
2016-07-21,70.3132553100586,70.62015381329643,69.96632811643444,70.31992845516241,5701000
2016-07-22,70.49339294433594,70.72022897136472,70.18648935817507,70.5067341441125,5255400
2016-07-25,68.76541137695312,70.12644273991958,68.5719309043134,69.9596497555872,7784000
2016-07-26,68.50518798828125,68.825432632847,68.10488600016103,68.43179869661235,6101100
2016-07-27,68.22502899169922,68.93222987821834,67.91813039773584,68.50524008747625,5412200
2016-07-28,67.91141510009766,68.19829916489097,67.37100759506801,68.11156357708951,8226200
2016-07-29,68.37178039550781,68.49187154435116,66.61711499351256,67.07079210135207,10157600
2016-08-01,66.1233901977539,68.11823223406637,65.79647747711455,67.60451224449024,11550600
2016-08-02,66.44366455078125,66.76390938664947,65.32282035053993,66.39696270910453,9752700
2016-08-03,67.12416076660156,67.1441751078411,66.24349412124097,66.48367639634998,6611700
2016-08-04,66.97737121582031,67.43772134968687,66.7171746419261,66.90398191650488,6088100
2016-08-05,67.05744934082031,67.43106397735654,66.53038292706805,67.37768900353204,6710500
2016-08-08,67.51778411865234,67.83802882227863,67.19754450514294,67.37767865147737,5447500
2016-08-09,67.59785461425781,68.05153169583474,67.2309080445568,67.9514548959056,4957300
2016-08-10,66.81060028076172,67.92477624256567,66.67716792358355,67.81803137484677,5081300
2016-08-11,67.65120697021484,67.95810532131425,66.97736217208585,67.15082822796491,4836600
2016-08-12,68.15827178955078,68.27168977102447,67.55781616687135,67.87805577222255,5199000
2016-08-15,68.56526947021484,68.7587499758998,68.33176027029121,68.4585245888721,4886300
2016-08-16,68.46517944335938,68.67200109516284,68.27169898936495,68.56525115222077,5384300
2016-08-17,68.9168930053711,68.97083037149503,68.10784794476317,68.4314669977564,5311600
2016-08-18,69.8135757446289,69.84728273741672,68.8090116858048,69.19330638108488,6944400
2016-08-19,68.98430633544922,69.5304079761808,68.8494680752377,69.48995752686731,5057200
2016-08-22,68.72811126708984,69.03824337914828,68.25616707102273,68.60001131985379,5494900
2016-08-23,68.55281066894531,68.88316797305983,68.43145418975539,68.78878017188426,4929700
2016-08-24,68.9034194946289,68.96410032925917,68.28315509480478,68.36406115972801,5178300
2016-08-25,68.69440460205078,68.96408628646303,68.4516916004548,68.96408628646303,4490100
2016-08-26,68.31009674072266,69.09217296078735,67.99996466358472,68.84271655050824,4776200
2016-08-29,68.80228424072266,68.92364075017656,68.09437041161648,68.25617737630479,4026900
2016-08-30,68.56629180908203,69.19329942187154,68.34380921905942,68.8022664536125,3712800
2016-08-31,67.81119537353516,68.31684655273854,67.36621986683629,68.22919705634342,6249100
2016-09-01,67.5617446899414,67.81120114466185,67.06283692425072,67.65613250659233,6045000
2016-09-02,68.04717254638672,68.40449859686865,67.59545867667373,68.02020386321351,4676600
2016-09-06,69.0584716796875,69.17982817622446,68.07413793833213,68.23594488579805,5429000
2016-09-07,69.36185455322266,69.4764727275273,68.93036596686899,69.27421020228353,5284300
2016-09-08,70.1978530883789,70.35291653312389,69.08541972635568,69.67197166462807,5788800
2016-09-09,68.27640533447266,69.71920173512602,68.24944179240515,69.67874613452301,7808700
2016-09-12,68.93710327148438,69.13936577868036,67.8044445474352,68.22918964004768,8149100
2016-09-13,67.03588104248047,68.53260976910676,66.8605871450487,68.53260976910676,9300400
2016-09-14,66.35491943359375,67.38644704609654,66.18636903563578,66.82686363412603,8201400
2016-09-15,67.08305358886719,67.68309255117718,66.36165814295799,66.40885204526047,6701600
2016-09-16,65.96388244628906,66.61785882497009,65.75488159511266,66.29424493564856,12725600
2016-09-19,66.0987319946289,66.64483369844184,66.0650198538069,66.29425109514538,6182000
2016-09-20,65.86949920654297,66.39538081476466,65.85601743678104,66.18637480532706,5771900
2016-09-21,67.17070770263672,67.211163298884,66.24031128895419,66.30773042436591,6361600
2016-09-22,67.40667724609375,67.92581020725656,67.3122842912233,67.7707415782729,5416700
2016-09-23,66.894287109375,67.7909765192518,66.6583175656575,66.97518801364942,7396800
2016-09-26,66.59764099121094,67.60894350914288,66.51674008177677,67.07632356578199,5781800
2016-09-27,66.73246002197266,67.19091720161563,65.93015867166027,66.23354725864881,6476100
2016-09-28,68.86972045898438,68.95736484830985,66.57743312516502,67.09656628982684,10190900
2016-09-29,68.27640533447266,68.95060704867946,67.74379050675005,68.76857484909401,8148400
2016-09-30,69.38884735107422,69.84730477639472,68.24944981783395,68.65396986517523,9431500
2016-10-03,69.07196044921875,69.32816038106839,68.70789606645988,69.13938473260063,4334700
2016-10-04,68.27640533447266,69.38883919166406,67.93256616372781,69.24725744893072,6505400
2016-10-05,68.92363739013672,69.3551260374375,68.60001833278592,68.76182528958611,5912800
2016-10-06,68.88992309570312,69.24050568176575,68.32359104898626,68.98431091286422,4362900
2016-10-07,68.95059967041016,69.75964472713451,68.89666744829546,69.10566831133451,5844500
2016-10-10,70.10346984863281,70.40011499232968,69.58433184560269,69.58433184560269,5982700
2016-10-11,69.46971130371094,70.1843631255652,69.22699839369471,69.96861888818948,5337300
2016-10-12,68.86972045898438,69.32817792574825,68.49890738154598,69.26749708409835,4935100
2016-10-13,67.95280456542969,68.5798124869433,67.15724618268932,68.42474379936385,7883000
2016-10-14,68.14830017089844,68.74159573766869,67.83142459027962,68.4179818444304,5114700
2016-10-17,68.33710479736328,68.42474919235833,67.83819683306045,68.05394123468483,4540800
2016-10-18,68.62698364257812,68.93711577109539,68.17526979085191,68.76182190932471,4720900
2016-10-19,68.95059967041016,69.91470822430854,68.93037444414836,69.08544308507271,5905700
2016-10-20,68.680908203125,68.91687769781662,67.88535023262955,68.52583959589954,4820900
2016-10-21,68.29662322998047,68.47191194015124,67.84490425473287,68.1348111446306,5622400
2016-10-24,67.86512756347656,68.48539172821096,67.46060253593298,68.47190481729315,6077300
2016-10-25,67.93929290771484,68.54607537591973,67.77074250786627,67.92581113897695,4730700
2016-10-26,68.22248077392578,68.45170691351777,67.3325346169042,67.63592336489396,6353700
2016-10-27,67.36621856689453,68.7550772767227,67.36621856689453,68.43820172086991,9897800
2016-10-28,69.99561309814453,70.81139645409536,68.06065256615771,68.17527075263446,17435400
2016-10-31,70.62261962890625,71.10130216140826,69.96864323511826,69.99561191714305,12340800
2016-11-01,71.78899383544922,71.96428256065643,71.09456181635775,71.1350174130405,12755600
2016-11-02,71.05411529541016,71.49909087729178,70.28552578466068,71.22940917406812,8405200
2016-11-03,71.05411529541016,71.59347870185745,70.75746490748908,71.14850311997583,5703200
2016-11-04,70.6428451538086,71.12152768833883,70.37316347616829,70.9597207392547,7085400
2016-11-07,72.03844451904297,72.12609402462495,71.31704896685065,71.46537415129679,7333800
2016-11-08,72.33509826660156,72.94188080233663,71.74854095809923,71.8496722380135,8050000
2016-11-09,72.57106018066406,72.98906702653468,71.25636911149444,71.49233864394155,9161800
2016-11-10,72.67218017578125,73.15086262269831,72.30136729392687,72.50362980107458,8739500
2016-11-11,71.89686584472656,72.57781097326243,71.42492673212777,72.46319792359567,7939500
2016-11-14,71.86315155029297,71.95754451373482,71.18894989892517,71.56650632144141,7656000
2016-11-15,73.46101379394531,73.52843293260635,72.40926082833145,72.46993651000123,12156500
2016-11-16,73.78105163574219,74.22367089572896,73.36567104355018,73.67890793032298,7723700
2016-11-17,73.62445068359375,74.97273124309025,73.2635421587378,74.2236859105649,6638100
2016-11-18,74.35985565185547,74.67990348980774,73.64486013698335,73.9308583429322,6815500
2016-11-21,75.0271987915039,75.58557853321878,74.95229374850904,75.14977020774595,8476800
2016-11-22,75.32682037353516,75.58557994811433,74.43477080714658,75.44258082569596,6440500
2016-11-23,75.5855941772461,75.9056421189657,74.93188155373728,75.17702443695886,4472700
2016-11-25,75.5855941772461,75.73540429424219,74.98635890450788,75.27235720318434,3238600
2016-11-28,75.24510192871094,75.97371944998459,75.16338592058162,75.5515278675172,6406700
2016-11-29,74.45519256591797,74.71395731508039,73.8151020493332,74.29176575266705,7461900
2016-11-30,75.9669189453125,76.93387365797909,75.78987536285223,76.3005887946902,17301900
2016-12-01,77.14495849609375,78.24810125925617,76.62743415341006,76.80448291187332,11792300
2016-12-02,76.94747161865234,77.49904032795385,76.45718601249793,77.08365975580884,6167400
2016-12-05,77.11772155761719,77.95529379951512,76.96791146595697,77.21305430772001,6909800
2016-12-06,76.78404235839844,77.28113371883572,76.40951720033398,76.53208859795105,6033600
2016-12-07,77.92806243896484,77.95530111229873,76.8249195475482,76.97472965326172,6434100
2016-12-08,78.4251480102539,78.58176907126939,77.76462451877848,78.12553301672803,5519700
2016-12-09,78.86094665527344,78.98351806330079,78.2889502146423,78.30256695098102,5771600
2016-12-12,79.77340698242188,81.02635427048733,79.37845417391462,80.19559325784917,10044700
2016-12-13,79.957275390625,80.56332144245017,79.01075379529155,80.28413419830053,8644200
2016-12-14,78.96307373046875,80.27049834390249,78.82688561478575,79.47378695714539,7878400
2016-12-15,79.70532989501953,79.93685077983905,78.55452085098977,78.738375365685,7458300
2016-12-16,80.40669250488281,80.7471679929334,79.9572623669391,80.2432605300431,13752300
2016-12-19,80.11389923095703,80.65865700249299,79.95727818955308,80.60418486201067,5772500
2016-12-20,80.31819915771484,80.78124622300966,80.12753363587213,80.25010507066328,4319100
2016-12-21,80.29093933105469,81.03317346826532,80.25688970107961,80.58374328976616,5024600
2016-12-22,80.8765640258789,81.0263741068326,80.19561289081292,80.31137853216023,4992500
2016-12-23,80.63822174072266,80.82888720264793,80.38627317828318,80.63141597082831,2682900
2016-12-27,80.50203704833984,80.96508398790084,80.42713201434877,80.69270251841006,2986900
2016-12-28,80.29093933105469,80.93784073862805,80.18198467132976,80.56331558987877,4086700
2016-12-29,80.22966766357422,80.63823733172964,79.99814675654271,80.35905005000076,3214500
2016-12-30,80.14791870117188,80.5156328099095,79.88234826629078,79.97087520807985,5020500
2017-01-03,80.25007629394531,81.0331710023445,79.39207655807571,80.61097950162429,7404800
2017-01-04,80.22966766357422,80.79485838873258,80.07985757302669,80.63143156051945,6679900
2017-01-05,79.88236999511719,80.67908671171871,79.48061134930694,80.35222790551751,5928600
2017-01-06,79.56231689453125,80.06622440391311,79.24908004005405,79.97769744389635,4762500
2017-01-09,78.8813705444336,79.23546801506052,78.38427916580561,79.18780164731203,6891800
2017-01-10,78.28214263916016,79.25590297975965,78.23447626704319,78.69071228519776,6184400
2017-01-11,78.94265747070312,79.29674973992978,78.21404003621758,78.41151646924096,6158200
2017-01-12,79.09928131103516,79.66446676879923,78.588567992225,79.33080218851173,4940000
2017-01-13,79.24910736083984,79.58958299768092,78.7247771660128,78.89501498443333,4953000
2017-01-17,79.18099212646484,79.51465670679187,79.06523168771285,79.26270812777219,4669700
2017-01-18,78.94945526123047,79.01754931757486,78.58174112267854,78.77240655854024,4855300
2017-01-19,78.70433044433594,78.96308999553116,78.50685399924825,78.91542362569929,3427800
2017-01-20,78.71794128417969,79.50103604011187,78.54089255438984,79.20822687729355,6730900
2017-01-23,78.574951171875,78.96309311160721,78.30256967841059,78.39109665105232,5104100
2017-01-24,79.24227905273438,79.74618139728403,78.72475477724734,78.88818158178476,5024400
2017-01-25,79.834716796875,79.96409918664618,79.22185968117641,79.6031958838585,5276800
2017-01-26,79.3648452758789,80.22965080516826,79.33079564600186,80.01174668158987,6937300
2017-01-27,77.48542785644531,78.1050906684258,76.84533214704695,77.30837911220317,11698900
2017-01-30,76.14395904541016,77.49224463771556,75.3949138031272,77.04962534151582,8252900
2017-01-31,75.82390594482422,76.40271335603384,75.42214727895045,76.19162017194726,7951000
2017-02-01,75.5855941772461,76.11673535914413,75.4766394757049,75.72178235892648,5889300
2017-02-02,76.40953826904297,76.42996597507104,75.38811140567331,75.70134835367719,6289000
2017-02-03,77.33561706542969,77.81909172829072,76.36185677396459,76.54571648231344,6623500
2017-02-06,76.93385314941406,77.28794541518849,76.57294472311766,77.13813535054551,5637300
2017-02-07,75.85113525390625,77.01556089849824,75.66046979564476,76.93385009938278,6038400
2017-02-08,75.98052978515625,76.12352890176129,75.12252989028104,75.67409865364978,5188800
2017-02-09,76.44357299804688,76.69552158357531,75.98052603583216,75.98052603583216,4607800
2017-02-10,76.98152160644531,77.25389788201747,76.51847466463043,76.77723420452176,6194300
2017-02-13,77.567138671875,77.62161080894494,76.98152033760726,77.1926135062697,4858500
2017-02-14,77.35401916503906,77.73212925991815,76.8452935105432,77.46401673626676,5811200
2017-02-15,77.38839721679688,77.8490002600005,77.14090791851399,77.14090791851399,7048100
2017-02-16,76.0890884399414,77.67714055457145,75.91722114632435,77.67714055457145,9478200
2017-02-17,75.84848022460938,76.01347136864966,75.11975928556484,75.91034993675927,8111000
2017-02-21,76.80406951904297,77.20967388044835,76.0341020300517,76.12347639407109,6619100
2017-02-22,75.88285827636719,76.84531633052951,75.83473563590779,76.43971196736811,5732000
2017-02-23,76.32282257080078,76.87967614775609,76.13720820846459,76.54281248855678,8659700
2017-02-24,75.70410919189453,76.32282726774027,75.2572531688042,76.24033432161346,6189400
2017-02-27,76.8246841430664,77.18216582413156,75.87597852237616,76.06846906179385,7275800
2017-02-28,77.34026336669922,77.5190067772945,76.64591820032595,76.76279191781457,7030200
2017-03-01,78.28900909423828,78.63961993762088,77.60153973190575,77.62903913579605,7353800
2017-03-02,77.9315185546875,78.55711287655039,77.89714299245325,78.14463235461149,5892500
2017-03-03,78.06211853027344,78.29585550706751,77.82837630850635,77.93149772266909,4905600
2017-03-06,77.80087280273438,78.02773885290632,77.45713827034271,77.85587158671049,4731900
2017-03-07,76.86592864990234,78.28898966700231,76.78343570367687,78.05525265939856,6660300
2017-03-08,75.3534927368164,76.94154476933431,75.20912484703962,76.7765536445856,9071600
2017-03-09,75.64910888671875,75.73847799156218,74.59728188482309,75.14725407958609,7247400
2017-03-10,76.04096984863281,76.59094731542469,75.23663213055309,76.58407115472198,6560300
2017-03-13,75.17474365234375,76.17844789047288,75.14724425945315,75.97221031125267,6369300
2017-03-14,73.80670166015625,74.63853885211807,73.64171050302501,74.56979297372793,9935700
2017-03-15,74.85163879394531,74.9203899045843,73.93043265508449,74.30166662364692,9472100
2017-03-16,74.15042114257812,74.85163735080548,73.86168536536529,74.80351472126999,8894700
2017-03-17,74.02667999267578,74.53540570684072,74.02667999267578,74.24666991596116,14353400
2017-03-20,74.01292419433594,74.14353975387905,73.5729391546462,73.74480642586288,5301900
2017-03-21,74.27416229248047,74.40478310004607,73.83418248749136,74.28790936671069,7406300
2017-03-22,74.51477813720703,74.83101330572639,73.91667810947963,74.00605245263009,8106800
2017-03-23,74.15729522705078,74.83788818142551,74.07479704516747,74.44603099618271,5451200
2017-03-24,74.23977661132812,74.53538849419272,74.04040996986387,74.19853014929149,6339900
2017-03-27,73.064208984375,73.7998006499169,72.7479738542794,73.55918753408031,6479400
2017-03-28,73.67607116699219,74.06792839194829,72.95423167100655,73.0642240130252,6331500
2017-03-29,74.29479217529297,74.30166833550996,73.47670219359564,73.52482482516763,4919900
2017-03-30,74.09541320800781,74.71413640065127,73.69667990108506,74.3497786441425,6797700
2017-03-31,73.81356811523438,74.3429170787026,73.59357818632927,74.04042895959297,6159000
2017-04-03,74.10918426513672,74.22605277413903,73.13297398324829,73.71045085739172,5800900
2017-04-04,74.70040130615234,74.74164777728517,73.56607614523853,74.16417095655834,4687400
2017-04-05,74.6866455078125,76.08220699586866,74.63164671888093,75.3809907943973,6398800
2017-04-06,75.13350677490234,75.38099609753236,74.76227279095731,75.01663827393082,3934500
2017-04-07,74.83789825439453,75.33287692237093,74.70727742674137,75.1953799340587,4889400
2017-04-10,75.22974395751953,75.75909285767938,74.91350880034999,75.01663021452926,4812100
2017-04-11,74.91352081298828,75.30537805372673,74.28792131296392,75.29850189301936,3956500
2017-04-12,74.91352081298828,75.18163338586334,74.55603388583897,75.18163338586334,5053300
2017-04-13,72.94049072265625,74.75540923121247,72.82362220198564,74.68666335111061,6894800
2017-04-17,72.98861694335938,73.20173600059553,72.63113520231035,72.98861694335938,5278800
2017-04-18,72.6517333984375,73.33920248614226,72.40424410726595,72.74110249164887,4252700
2017-04-19,71.65491485595703,72.96797826084556,71.37992613528172,72.79611096604519,6667900
2017-04-20,72.10175323486328,72.65860674089622,71.74427163090462,71.7717710227434,4988100
2017-04-21,72.10865020751953,72.47988423703698,71.69616970082488,72.04678049175374,5432600
2017-04-24,72.82360076904297,73.15358823937648,72.43861975779797,72.72735551623173,4538200
2017-04-25,73.37358856201172,73.53857969813205,72.99547841155507,73.07797660210207,4619000
2017-04-26,72.92672729492188,73.88918513549439,72.85110527027147,73.14671720891216,6687400
2017-04-27,72.50736999511719,72.85798072008136,71.95739259301547,72.84422840029355,5781800
2017-04-28,73.35295867919922,73.97168198404651,72.86485619564569,73.5935770857874,6848400
2017-05-01,72.81673431396484,73.37358791655458,72.7067419725101,73.0504765626383,4955500
2017-05-02,72.43175506591797,73.23609276817395,72.24613544541351,72.94735696402674,5112200
2017-05-03,73.36669921875,73.73793314204627,72.27362068154888,72.43174087377555,5663000
2017-05-04,72.05362701416016,73.09858287198854,71.59302402503818,73.03670793219632,8039900
2017-05-05,72.72737121582031,72.79611709052946,71.97802702006061,72.12927109140517,5060000
2017-05-08,73.33921813964844,73.36671753842285,72.74799417843381,72.82361621381992,5175100
2017-05-09,72.23927307128906,73.38734550803069,72.06052959021767,73.2223543497202,5024000
2017-05-10,73.21546936035156,73.44233545378296,72.55549956171143,72.74799009735976,5582800
2017-05-11,73.01611328125,73.61421345681735,72.61737983087176,73.61421345681735,4632100
2017-05-12,72.84423828125,73.0711043837632,72.51425599120711,72.91298415459444,4488200
2017-05-15,73.45610046386719,74.0473245362594,73.33923193082977,73.66234337097144,6647500
2017-05-16,73.73106384277344,74.01292870232362,73.51795009187573,73.95105375353104,5001400
2017-05-17,72.71021270751953,73.80051848678178,72.65465974106668,73.73107330496993,6384300
2017-05-18,73.03661346435547,73.39079079190495,72.11297714855387,72.60605014295017,5618100
2017-05-19,73.97412872314453,73.97412872314453,73.03660559088875,73.27966635875842,8383500
2017-05-22,73.69635009765625,74.36997415954276,73.43939710817772,74.36997415954276,4491100
2017-05-23,73.80049133300781,74.00188599499153,73.5991019693499,73.66160102048667,3457100
2017-05-24,73.7657699584961,73.8629942350208,73.42548499065961,73.68243259362104,3457200
2017-05-25,72.99493408203125,74.10607272223326,72.72409420405472,73.68245028779266,5293800
2017-05-26,72.72409057617188,73.1199338625697,72.64075319544145,72.95326439943554,3752500
2017-05-30,72.26573944091797,72.71714095934405,72.05045784066574,72.46713412754889,4288000
2017-05-31,71.86299133300781,72.1477182405237,71.57825912716281,71.91160350250219,8037900
2017-06-01,72.41158294677734,72.41852905342945,71.82823714784756,72.00879883251358,4769400
2017-06-02,71.60599517822266,72.18240005418627,71.36987528395555,72.09906268591683,5864000
2017-06-05,71.66156005859375,71.932399907638,71.27265760232204,71.3907202095495,4523300
2017-06-06,72.34213256835938,72.53658115400707,71.3629435339688,71.6060042660284,4683900
2017-06-07,72.06433868408203,72.52268626987394,71.21709926806007,72.20323430022776,7197100
2017-06-08,72.22407531738281,72.73797590822505,71.83517814575372,72.06434666570567,6493600
2017-06-09,73.89080810546875,73.95330718477237,72.23104322069338,72.23104322069338,6595600
2017-06-12,75.02970886230469,75.3005487402558,73.89079109391363,73.89079109391363,8690600
2017-06-13,75.09220886230469,75.34221572173075,74.41858486152964,75.23804531391539,6099700
2017-06-14,74.02967834472656,74.99498049470756,73.43244035718521,74.93942753876843,6202300
2017-06-15,73.84217834472656,74.16857647661547,73.52272631943637,73.96023566526985,5441400
2017-06-16,75.24497985839844,75.25192596407265,73.75883114368902,74.26579089138252,11633900
2017-06-19,74.6269302368164,75.26583438493492,74.40470247667398,75.21722222797649,4577800
2017-06-20,73.94635772705078,74.02968982304351,73.18244485826696,73.7866290458521,5171200
2017-06-21,72.56436157226562,74.2380181968527,72.16851828777028,73.53660981614108,6989400
2017-06-22,72.53656768798828,73.01574825532467,72.25184096852688,72.55740600257623,4197400
2017-06-23,72.91853332519531,73.21020618689779,72.39074055283398,72.39768665858678,5773300
2017-06-26,72.3213119506836,73.0504995702381,72.24492066488921,72.93938304605447,3602500
2017-06-27,72.27269744873047,72.84215637085853,72.24491831858674,72.73104514861095,4170300
2017-06-28,72.41854858398438,72.84911724097662,72.25187906767349,72.52271901855184,4162300
2017-06-29,72.30741882324219,73.02271416666737,72.25880667266941,72.48797521203987,4288600
2017-06-30,72.45325469970703,72.72409457908023,72.14768958520312,72.59214504357591,5497000
2017-07-03,73.82135009765625,74.27969249460222,72.39075405043482,72.39075405043482,4419100
2017-07-05,72.65465545654297,73.82135245649522,72.4115893870437,73.60606551774808,4482700
2017-07-06,72.09909057617188,73.00883468047978,72.02269928362243,72.68938259269478,5084800
2017-07-07,71.8698959350586,72.05740370744576,71.3976613986049,71.93934109958751,6457000
2017-07-10,71.5573959350586,71.93240621237179,71.25183082799002,71.83518191436394,4629000
2017-07-11,71.61297607421875,71.87686992112026,71.21713265470224,71.63380910182565,4322400
2017-07-12,72.14768981933594,72.74492783689884,71.85601691726858,72.22408109820982,3978100
2017-07-13,72.31436157226562,72.36991983107603,71.84907307596465,72.08519302674529,4439100
2017-07-14,72.52964782714844,72.6685381745577,72.03658020602032,72.48797648426397,3644300
2017-07-17,72.36990356445312,72.89769630786533,72.27962538792349,72.44629482856513,5572400
2017-07-18,72.0296401977539,72.64076519575532,71.88380373112838,72.64076519575532,4339400
2017-07-19,72.54354095458984,72.55743316951666,71.88380380041073,71.9185237410726,4932000
2017-07-20,72.66159057617188,73.17549650735691,72.09907779288577,72.9185435417644,5367800
2017-07-21,71.70323944091797,72.48798000875728,71.6337942638368,72.34908965459493,5304100
2017-07-24,71.66851043701172,71.92546340686924,71.47406183207181,71.6546235216562,4080400
2017-07-25,72.49491119384766,73.02270396801474,72.44629905006425,72.53657723185448,7093800
2017-07-26,73.00186920166016,73.66855228544333,72.36295994366589,72.66157890499517,5881400
2017-07-27,73.68939208984375,73.835228531133,72.64769868206912,72.83520116420482,5888400
2017-07-28,75.08527374267578,75.7866769252314,73.8630184815813,74.10607925268114,7812600
2017-07-31,75.8283462524414,76.39085906463444,75.10610476730378,75.27277424900406,7561200
2017-08-01,76.93253326416016,77.06448279751301,75.98806410593605,76.07140148989473,8162900
2017-08-02,76.71031951904297,77.22422023462924,76.28669701211993,76.66170736078924,6212300
2017-08-03,75.99501037597656,76.70335959700482,75.73111660703015,76.55058234024231,5605400
2017-08-04,76.46725463867188,76.52975371094401,75.99501999874796,75.99501999874796,4643500
2017-08-07,76.23806762695312,76.59224487038703,76.0991772914201,76.25890064745042,4762800
2017-08-08,76.63391876220703,76.88392563043999,76.2311293302398,76.39085800096032,4107300
2017-08-09,77.0089340209961,77.37005743094282,76.5714246225931,76.90476360280655,3966800
2017-08-10,76.46725463867188,77.39089089442899,76.41169637554492,77.24505442746644,4950700
2017-08-11,75.85613250732422,76.73115134218338,75.78668202662585,76.52975660447929,3383000
2017-08-14,75.49498748779297,76.26584097777247,75.2241476451868,75.87694382907156,4286100
2017-08-15,75.39777374267578,75.62694757948584,74.67553229530066,75.52277717199699,5310700
2017-08-16,74.94184875488281,75.69940525668132,74.83663703371299,75.49598700981528,4186600
2017-08-17,74.29651641845703,74.96288756573949,74.28950587225172,74.78051168472344,5870300
2017-08-18,74.68932342529297,75.29255682004474,74.00190996383274,74.24039696273906,5467400
2017-08-21,74.19830322265625,74.68931430705892,73.86161510629664,74.68931430705892,3560400
2017-08-22,74.60513305664062,74.99793760845081,74.21933904928372,74.34559841973137,5630900
2017-08-23,74.7804946899414,75.09614044743,74.42977480314927,74.49991771019555,4185800
2017-08-24,75.36270141601562,75.52402958939255,74.5841027314601,74.70334622509723,5059700
2017-08-25,75.91685485839844,76.25354306730534,75.41882774047087,75.62926188470963,4384200
2017-08-28,75.58716583251953,76.16935688780184,75.2434564251662,76.13428810340943,3681600
2017-08-29,75.65730285644531,75.79057814081015,75.08212239193162,75.35568350605634,3230600
2017-08-30,75.56612396240234,75.64327742917106,75.12421339349801,75.460906905446,3126000
2017-08-31,75.48898315429688,75.91686203019108,75.40480841833694,75.755528457492,5508200
2017-09-01,76.28860473632812,76.56918176558821,75.41180486461643,75.53104836279441,3660300
2017-09-05,76.76557922363281,77.34075968902147,76.24650987929665,76.70946275101895,5198500
2017-09-06,78.41395568847656,78.72259091220576,77.01809198839753,77.15837780742301,8577300
2017-09-07,78.42098999023438,79.1715305364499,78.11235469406873,78.6875352495651,5937800
2017-09-08,77.70549774169922,78.38589518253109,77.53013779721928,78.27366224931475,4033100
2017-09-11,78.9260025024414,78.96107663242637,78.2245627152291,78.44201268832632,5973400
2017-09-12,78.90497589111328,79.22763761535126,78.46307066365819,79.13645235140203,5110100
2017-09-13,80.09038543701172,80.18858656722648,78.75764893209113,78.90495062741327,5889400
2017-09-14,80.27978515625,80.90406616713095,80.09039875977783,80.1465152296811,5819100
2017-09-15,80.40607452392578,80.60248224183444,79.70463444322712,80.54636575100339,8387600
2017-09-18,80.79884338378906,80.8198857192239,80.18858889837654,80.25873180034615,4954600
2017-09-19,81.60550689697266,81.66162336750222,80.79885537724533,80.8409400543619,6188000
2017-09-20,81.62655639648438,82.17367861737249,81.50730755607542,81.7177416494453,5378200
2017-09-21,81.69670867919922,81.73177746440827,81.24778755665285,81.52134869846823,4334500
2017-09-22,82.27189636230469,82.65067459583724,81.55642458177796,81.65463110297148,5307100
2017-09-25,82.76288604736328,83.00137837815019,82.08248853953768,82.22979561677857,5980300
2017-09-26,82.43321990966797,82.79095577974269,82.2438334793708,82.62261169152721,4874700
2017-09-27,82.38410186767578,82.48931890734723,81.90712259251804,82.39111776407013,3926800
2017-09-28,82.50335693359375,82.86108740331932,82.08248874310969,82.1877057907307,4949000
2017-09-29,82.419189453125,82.4332158966426,81.87908307692788,82.18771299837117,4874800
2017-10-02,82.37007904052734,82.62259780619398,81.03734229985588,81.6616233173203,4285600
2017-10-03,82.64364624023438,82.94526560194026,82.07548165135927,82.12458222877363,3892200
2017-10-04,82.47531127929688,82.6787295086465,82.15966008828036,82.64365537023505,3443400
2017-10-05,83.17675018310547,83.2539090053851,82.29995024952972,82.38411961815324,5470900
2017-10-06,82.0895004272461,82.87511494406284,81.92817226719298,82.73482377058072,3533300
2017-10-09,82.56649017333984,82.82602486348839,82.0754843828553,82.3069554831913,2951900
2017-10-10,83.33106231689453,84.04652866069048,82.97332646921568,83.05048528639271,5683100
2017-10-11,83.70282745361328,83.83609740017218,83.17674751037244,83.61865273613245,3926100
2017-10-12,83.56953430175781,83.9272700851725,82.98733800457642,83.11359737804273,3929700
2017-10-13,83.58358764648438,84.17279464021604,83.52045526769189,84.02549289178313,4640100
2017-10-16,84.26396942138672,84.79706521953626,83.77296365438156,84.06055121746701,5500700
2017-10-17,84.32710266113281,84.69184904158581,84.05354153790269,84.33411855832274,4844300
2017-10-18,82.8751220703125,84.18681120790305,82.76288912187613,83.75192191161592,5505100
2017-10-19,82.91019439697266,83.28897258679376,82.73483442121632,82.81199323867405,4576600
2017-10-20,83.21881866455078,83.31701980986634,82.81899818674854,83.19777632649188,4924300
2017-10-23,83.42223358154297,83.68176822773799,83.08554013111592,83.2749318693439,3872400
2017-10-24,83.63268280029297,84.11667269899381,83.5204498459751,83.80804277774328,4472400
2017-10-25,83.07855224609375,83.7799922202038,82.87513401141436,83.47135691909543,4553100
2017-10-26,83.07855224609375,83.47135691909543,82.86811811323581,83.31703926854125,4092900
2017-10-27,79.6414794921875,81.64759784801188,78.96108199612354,81.4582060957254,14534100
2017-10-30,80.23770141601562,80.7357230512069,79.15046754308572,79.38194397046738,7517800
2017-10-31,81.28987884521484,81.63358293693993,79.8378983008356,80.27980356162499,7154800
2017-11-01,81.29685974121094,82.04739998252266,80.91106577773105,81.57743668269084,5030300
2017-11-02,80.89704895019531,81.69668984990395,80.46215437165385,81.51431401354002,4329600
2017-11-03,80.65858459472656,81.19168049642353,80.47621404673652,81.00229404995308,4101800
2017-11-06,82.09652709960938,82.18070181474724,80.65857315415114,80.92512374297348,5950300
2017-11-07,82.23680877685547,82.76990457595136,81.70371832932108,82.33500993043083,5219500
2017-11-08,81.83699798583984,82.17369151777672,81.29689157702272,81.91415680875116,5092800
2017-11-09,82.23680877685547,82.4191846413075,81.10047961360873,81.29688192075945,5103300
2017-11-10,82.19473266601562,82.28591793196696,81.43717624383471,81.86505503683159,5156900
2017-11-13,82.22981262207031,82.60858550839943,81.84401848582084,82.22279672371239,4279200
2017-11-14,82.01233673095703,82.25082903587958,81.54237336881886,81.94219382417772,6996500
2017-11-15,81.68267822265625,82.2298058668164,81.41613297413873,81.51433413683266,5372600
2017-11-16,81.11628723144531,82.0012951681599,80.98176429653357,81.59773176508443,5888700
2017-11-17,81.21540069580078,81.41364159229128,80.64191733071621,81.18707979606509,4337500
2017-11-20,81.22246551513672,81.44194569073589,81.02422465954285,81.25786258125952,4634200
2017-11-21,81.54107666015625,82.02960269006786,81.36407510168496,81.51983733740512,4596000
2017-11-22,82.06498718261719,82.68094901408308,81.64726078728296,81.76762052427542,3951000
2017-11-24,82.48979949951172,82.73051900194871,82.34819502602672,82.51812039420872,1744200
2017-11-27,81.83842468261719,82.14994910343239,81.59062362135873,82.0225077859769,4490300
2017-11-28,82.44732666015625,82.70220934540615,81.94464286470757,82.07208420733252,4004700
2017-11-29,82.96417999267578,83.01374021853091,82.00837255023568,82.27033142904445,3661000
2017-11-30,84.24565124511719,84.35893482321625,82.99956429597734,83.02080361645633,7896600
2017-12-01,84.61380767822266,85.28641128994241,83.91287777359861,84.82620626008578,6831800
2017-12-04,85.55548858642578,86.58918265734494,84.51472374254365,84.82624287741598,7366400
2017-12-05,85.23686981201172,85.95195761857526,85.0669498288487,85.34307182711069,4380700
2017-12-06,84.68462371826172,85.58378923362605,84.62090035011691,84.95366413507858,4852500
2017-12-07,84.69877624511719,85.03154000956782,84.22441340720852,84.6067373875353,4908500
2017-12-08,84.90410614013672,85.13066791856411,84.32354124531282,84.9324270376475,4122200
2017-12-11,85.25811004638672,85.74663608007056,85.04571141557643,85.16607117986815,5929700
2017-12-12,84.73419189453125,85.48467682358029,84.64922919624563,84.82623076642959,4300200
2017-12-13,84.91117858886719,85.0810985540104,84.02617089299459,84.55717551051815,4399800
2017-12-14,84.62797546386719,85.15898008401359,84.60673614332667,84.82621632445651,3736900
2017-12-15,84.76959228515625,85.29351540755543,84.61383004295833,85.27227608392101,11226900
2017-12-18,84.74834442138672,85.87407714725403,84.6917080276787,84.90410665781631,4654100
2017-12-19,84.84745025634766,85.49173841400264,84.61381234358187,85.18729556838748,4599300
2017-12-20,85.59087371826172,85.88115886876882,84.71294749521054,85.15898948075436,6286700
2017-12-21,88.37332916259766,88.74857156520216,85.71830604795265,85.94486780433603,10109000
2017-12-22,88.48661041259766,88.96097323353071,88.19632530024094,88.39456615665128,4735100
2017-12-26,89.19461822509766,89.30789640159601,88.53617228162236,88.66361360621946,3348500
2017-12-27,88.89018249511719,89.35038221375352,88.5928157794187,89.1804622345392,3452300
2017-12-28,88.91142272949219,89.13090292996486,88.70610027674147,88.98930384611,2191800
2017-12-29,88.6352767944336,89.19460220740653,88.6352767944336,88.75563652336696,3829000
2018-01-02,90.32743072509766,90.44070890626963,88.8830974539597,89.00345720947324,5626000
2018-01-03,90.98587799072266,91.29032629157271,89.84599291413055,90.2424746799017,5805500
2018-01-04,90.70267486572266,90.87260024320086,90.07254977880223,90.58939128073719,4598300
2018-01-05,90.55399322509766,90.69559770478672,89.98758610965851,90.60355344257418,4189200
2018-01-08,91.00003051757812,91.07083545462238,90.36282389578798,90.52566768866814,4826100
2018-01-09,90.51151275634766,91.29032392126088,90.47611568627083,90.92923383420221,4422300
2018-01-10,91.09207916259766,91.16287329973515,90.48319340596606,90.84427267432358,5292200
2018-01-11,93.86038970947266,94.39139437412462,91.16287693825396,91.27616052617593,11641300
2018-01-12,94.58963012695312,94.76663167224808,93.53469702780106,93.59133881869347,7232900
2018-01-16,93.4638900756836,94.78786895223458,93.1736157581716,94.63918290392918,6254200
2018-01-17,93.71170806884766,94.0232325486641,92.72050363608453,93.59134830224914,5632700
2018-01-18,93.16653442382812,93.81082266663667,92.77005267542822,93.70462605664291,5890000
2018-01-19,92.96121215820312,93.45681431588156,92.18948802672408,93.33645456353943,6048900
2018-01-22,93.85331726074219,93.85331726074219,92.94707002372324,92.96123317523521,5248800
2018-01-23,92.76296997070312,93.85329470202852,92.55764213475,93.7258587790093,5747300
2018-01-24,93.02490997314453,93.93115680899928,92.79835366583806,93.01783380218055,6868200
2018-01-25,92.50102233886719,93.36479092242425,92.28154210593894,93.2869097942898,4597200
2018-01-26,92.88333892822266,93.27982068800516,92.30276863474276,92.54349896316874,6310500
2018-01-29,90.96463012695312,93.15945358566182,90.85135734973808,92.0832811772426,6350700
2018-01-30,88.66361236572266,90.631863192903,88.63529147157972,90.34866505479017,8084000
2018-01-31,88.74856567382812,89.0813294130392,87.8281609628452,88.79812588594523,9626800
2018-02-01,88.9043197631836,88.94679839778735,87.83522911184343,88.92555908048547,7844500
2018-02-02,83.95536804199219,87.75735749624693,83.28984055244914,87.75735749624693,13182600
2018-02-05,79.73566436767578,83.75714001051435,76.47883135565284,82.82964816677509,15414700
2018-02-06,82.96417999267578,83.28278067293598,78.41878075855834,78.73029986322223,18416300
2018-02-07,81.62602233886719,84.44388353745224,81.58354370221907,83.1199156131137,11535700
2018-02-08,79.50909423828125,82.05083376978308,79.44537087477077,81.54106846833267,9927500
2018-02-09,80.35871124267578,81.15168020570299,77.52668617685461,80.24542764724654,10922400
2018-02-12,80.69854736328125,82.02251547250205,79.94098096120747,81.2791122190606,8358200
2018-02-13,80.21001434326172,80.436576086613,79.19756537104799,80.2454114084259,7065900
2018-02-14,80.45074462890625,80.74811134580884,78.8718937872602,79.650699546943,7031900
2018-02-15,80.46503448486328,80.81540945539051,79.25659134790062,80.70100363979024,5405000
2018-02-16,80.1861801147461,80.75822567520399,79.52117946927189,80.33634084689437,5950400
2018-02-20,79.35671997070312,80.62951561319875,79.070697190771,80.28628718619406,6810900
2018-02-21,77.98381042480469,80.12897305557333,77.98381042480469,79.47112449144097,6892300
2018-02-22,78.57730102539062,79.68563715301573,77.86939893613791,78.33418523015587,8176700
2018-02-23,80.5079345703125,80.6151937711625,78.83471067659903,78.9848713756172,6460200
2018-02-26,81.94520568847656,81.98811264779198,80.69386090781134,80.92983009004006,7405800
2018-02-27,81.2373046875,82.98203860798114,81.2373046875,82.13827446919129,6059700
2018-02-28,80.02886962890625,82.56016230572793,80.0002668045125,82.24553669282766,7441000
2018-03-01,80.11468505859375,81.44468650351926,79.34957716977586,79.75000583519639,7516700
2018-03-02,79.8286361694336,80.21476602300281,78.5343900447248,79.7285290357782,6607300
2018-03-05,80.90838623046875,81.03709620851885,79.38531724763747,79.65704134320477,7814900
2018-03-06,81.26589965820312,82.60304733540826,80.81541208316196,81.4089082962109,7957900
2018-03-07,81.40174865722656,82.28841958778882,80.53653393025688,80.76535100304697,6660000
2018-03-08,81.0514144897461,82.05249173269105,80.51512369410759,81.94523248247692,6095100
2018-03-09,83.81866455078125,83.94022247049365,81.6878003711714,81.73785395313718,8833300
2018-03-12,83.51117706298828,84.62665982103518,83.3467122037076,84.01886486839246,6877000
2018-03-13,83.27520751953125,84.50510155794703,82.9462832578157,83.8258022824043,6793100
2018-03-14,82.32418823242188,83.98311376123492,82.13112599845869,83.64704286918274,5051000
2018-03-15,82.64595031738281,83.0964324153341,82.05245413287028,82.48863754988025,4519700
2018-03-16,82.51725769042969,83.08215117622073,81.91660931163476,82.51725769042969,14909400
2018-03-19,81.43753051757812,82.39570607789321,80.95844546513617,82.28129477588436,4803500
2018-03-20,81.87369537353516,82.73175812104218,81.83079387278877,81.90945026111041,4587200
2018-03-21,83.68992614746094,84.45503375799723,82.08820661291783,82.21691655933652,6829600
2018-03-22,81.30164337158203,82.76035428946714,81.14433606300975,82.62449772954429,6297200
2018-03-23,80.78681945800781,82.78181571574189,80.58659971545238,81.78074428011553,6227200
2018-03-26,82.48148345947266,82.6530949037091,80.97987104768752,81.68777302866361,6868700
2018-03-27,81.98812866210938,83.5612459400424,81.50189151985948,82.76753523055463,5530800
2018-03-28,80.1575698852539,82.41714363932195,80.12896706433061,82.18117445827744,6985300
2018-03-29,81.5447769165039,81.82364760197515,80.28628006961426,80.29343213872207,6627800
2018-04-02,80.25768280029297,81.79505043899847,79.04209282853363,81.43752333490094,6228600
2018-04-03,82.10966491699219,82.21692412478247,80.15041272395098,80.4578862100538,6717300
2018-04-04,81.85940551757812,82.08107056924017,80.39354225582665,80.8368778145812,5727200
2018-04-05,83.86870574951172,84.2977371680762,82.01671257936289,82.14542255047527,7204900
2018-04-06,82.05963897705078,83.66851126932546,81.0800125506881,83.21802353601223,7094500
2018-04-09,82.9319839477539,83.78289468918533,82.14542000674041,82.44574690032297,6933800
2018-04-10,84.98418426513672,85.68493972946457,84.09036658154162,84.09036658154162,7612800
2018-04-11,85.27020263671875,85.36315770708492,84.197621471477,84.86977408076606,6246800
2018-04-12,85.25594329833984,86.28561798244807,84.84121041375458,85.5991663745651,6702000
2018-04-13,85.74929809570312,86.37139721177917,85.24876233938716,85.4632753254809,5508100
2018-04-16,86.30703735351562,87.02924360291722,85.64203674782377,86.2355330265937,4598000
2018-04-17,86.85049438476562,87.23662436035667,86.20694442544722,86.47866855017685,6488300
2018-04-18,88.53799438476562,89.30310201847215,87.5226189186186,87.56552041691424,9132500
2018-04-19,88.45936584472656,89.38178653643432,88.10183869858082,88.64528148824311,7159400
2018-04-20,87.458251953125,88.28056513442168,86.85045715144625,88.22335950579969,7561200
2018-04-23,88.36639404296875,88.38784479481272,87.09359851621043,87.23660716545712,6113100
2018-04-24,87.62274169921875,89.41037718649979,87.05784823058627,88.92414011574212,7980500
2018-04-25,87.7514419555664,87.88015191461547,86.60735646148034,87.47971790011287,5331100
2018-04-26,88.82402038574219,88.88122602253713,87.45111783524244,87.7156843584169,6268400
2018-04-27,90.54016876220703,90.84764229998869,89.1529618072715,89.73930605892131,8836600
2018-04-30,89.46044158935547,91.45544368926858,89.41754007820612,90.82619243011159,7631600
2018-05-01,89.28166198730469,89.3245634907505,88.00886646772959,88.68816573096296,7093700
2018-05-02,89.73214721679688,90.43290271121313,88.73107027710098,88.80972667306905,5909100
2018-05-03,90.1039810180664,90.18263741628135,88.5451626481994,89.08859991077279,6727700
2018-05-04,89.7607421875,90.69746133245853,89.17439803138834,89.53192508890594,5403100
2018-05-07,89.33887481689453,91.81295627545472,88.98134771159935,90.51870990002404,6999700
2018-05-08,90.50442504882812,90.63313504462354,88.4021636026467,89.3317364006616,8937000
2018-05-09,92.0417709350586,93.25736080622494,91.59128332969901,91.82725250817973,11442700
2018-05-10,92.11328125,92.79972712697197,91.80580229048469,92.73537487179219,5446000
2018-05-11,92.84263610839844,93.50048467300793,91.89877022382356,92.52086389572203,8092300
2018-05-14,93.23591613769531,93.7293052784492,92.81403678085344,93.13580898673519,6212400
2018-05-15,92.77114868164062,93.15012658724761,92.42076814721449,93.12867583114628,5201700
2018-05-16,92.64242553710938,92.75683683405254,91.74146112312098,92.4493578373755,5405100
2018-05-17,93.37815856933594,93.4575008673696,92.59916446300707,92.87324703311837,5241600
2018-05-18,92.22406768798828,93.1545262173912,92.18079208280722,92.98863272886265,6385800
2018-05-21,93.31324768066406,93.34210543286738,92.51983559119574,92.8948983217774,5081200
2018-05-22,92.4909439086914,94.04893177589229,92.39718376344575,93.11125328141007,5444200
2018-05-23,92.82994842529297,92.89486183324131,91.27918053673113,91.66867199042458,6017200
2018-05-24,91.32246398925781,91.89228335433116,90.77428242869323,91.89228335433116,5906200
2018-05-25,88.1343765258789,89.98809054707019,87.43472474498131,89.82940595721676,8936600
2018-05-29,87.5573501586914,88.307492054927,86.59803360363023,87.34817549986582,7385700
2018-05-30,90.27660369873047,90.64445741105898,88.24256186278343,88.46616536775075,7125300
2018-05-31,89.65628814697266,90.03135627023575,89.05040209800643,89.49760357455288,7460700
2018-06-01,89.33170318603516,90.55789863387827,89.02876291773357,90.5146175219765,5749900
2018-06-04,88.18486022949219,90.45692336893819,88.11994130967818,89.82218505521216,5760500
2018-06-05,88.52384948730469,89.23071000967074,87.67272778476094,88.00452024466765,5672600
2018-06-06,88.99267578125,89.21627921616077,88.04057408334218,88.80514451713242,6213400
2018-06-07,91.57493591308594,92.31065445873224,89.73565055497711,89.8294162310678,8607200
2018-06-08,91.19982147216797,91.87782967673091,90.65164005960587,91.69029841961812,5108800
2018-06-11,92.00769805908203,92.46211402131921,90.7815079610195,91.43787862435799,6085100
2018-06-12,91.66148376464844,92.59916244662634,91.12051656420033,92.06540418002209,4543000
2018-06-13,91.65424346923828,92.19521051706246,90.94737743876074,91.46670668515218,6317900
2018-06-14,91.25033569335938,92.29620326151392,91.15656453694407,91.87785403305125,5056800
2018-06-15,89.46874237060547,91.69031515591435,89.32448118149351,91.67588628550232,13223800
2018-06-18,90.86082458496094,91.58932840365733,89.51201145577078,89.69233380177475,7696800
2018-06-19,90.5506820678711,90.8031322855169,89.3533388884624,89.67070802093257,5947800
2018-06-20,90.3703384399414,91.21424561313223,89.6562635628569,90.96900988882066,7980700
2018-06-21,88.42288208007812,89.8654611602889,88.11273286071518,89.8005477431206,7290800
2018-06-22,90.23331451416016,91.29361094982592,90.03135433650993,90.45691799913185,8535200
2018-06-25,88.43730163574219,89.90151836742132,87.9468245800219,89.75004824031677,5801900
2018-06-26,89.55531311035156,89.87989120643638,88.40845986504694,88.74025239746771,4592800
2018-06-27,90.88248443603516,91.90671428911746,90.20447048959913,90.26938941147195,6339500
2018-06-28,90.6372299194336,91.50277501039909,90.16117626730153,91.27196261927486,3814800
2018-06-29,91.19261932373047,92.13029774762101,90.69492787534226,90.69492787534226,5669700
2018-07-02,89.6202163696289,90.37035807646329,89.1225248759114,90.36314364094513,5073500
2018-07-03,89.96643829345703,91.38016499868156,89.83660596833428,90.49297652650904,3919600
2018-07-05,89.42548370361328,91.06280861340035,89.3100747304639,90.961828513396,5926900
2018-07-06,89.5408706665039,89.81495867270026,88.85564789951216,89.0936692324977,4020000
2018-07-09,90.87525177001953,91.08442636053408,89.93757883319739,90.16117679067779,4602200
2018-07-10,92.0293197631836,92.69290474712851,91.42343925688655,91.84178846533082,5092100
2018-07-11,89.09368133544922,91.37295891755907,88.69697539124823,91.04838082657622,6631800
2018-07-12,89.62742614746094,90.12511211231318,89.14415804689195,89.75725846503144,3745200
2018-07-13,89.46874237060547,90.07462285587062,89.17301106017723,89.58414581889335,3352800
2018-07-16,88.70418548583984,89.35334163603255,87.91076263026709,88.72582329044597,4317800
2018-07-17,87.93238830566406,88.68973883002562,87.8530460360165,88.256966315676,4135200
2018-07-18,87.65831756591797,87.75929766202678,86.31671857132658,87.44914293740614,6061300
2018-07-19,87.75929260253906,88.09829954978963,87.28324439161437,87.3481578055123,4471400
2018-07-20,88.19206237792969,88.24976685710229,87.28324159447033,87.45634952898611,5394700
2018-07-23,87.51406860351562,88.76911096832107,87.39145069207548,88.24978157515939,5359400
2018-07-24,89.33170318603516,89.55530667235483,87.89633862650913,87.90355306232645,4423500
2018-07-25,90.08905029296875,90.3270771239652,88.91334500816893,89.16580070934786,4278800
2018-07-26,89.4038314819336,90.43527568887806,89.29564245914396,89.94479860789043,5544100
2018-07-27,90.86082458496094,91.63260400573787,88.05500932137926,88.56712412367038,7580900
2018-07-30,92.20244598388672,92.62079525035276,91.04116934942216,91.43066637306269,5729300
2018-07-31,91.07722473144531,92.72176944985942,90.97624463948159,92.32505801500031,5894400
2018-08-01,90.44246673583984,90.82474919217543,89.98084201464205,90.38476226993993,4661000
2018-08-02,89.26678466796875,90.02413529541364,88.93499217837358,89.75726171845766,4639600
2018-08-03,89.47596740722656,89.62022311042873,88.95663807089501,89.54809525882764,5299400
2018-08-06,89.65628814697266,90.11791299237441,89.10810657943222,89.74283936610908,4455900
2018-08-07,90.291015625,90.66608372621101,89.98086093432474,90.55068027314682,4542000
2018-08-08,89.35334014892578,90.00971622706606,88.9494197949946,89.81496498284774,5957200
2018-08-09,88.37959289550781,89.7067683070386,88.18484717090902,89.4110369995719,5218300
2018-08-10,88.96382904052734,89.09366134839472,87.63665922943979,88.11992179089007,6128000
2018-08-13,88.3146743774414,89.20907167721225,88.18484206755521,88.9421926227236,4360000
2018-08-14,88.4156723022461,89.18745188266631,87.99732305226067,88.66090810209812,3622200
2018-08-15,85.06888580322266,87.80257368183095,84.70102661559933,87.78093037420425,9476700
2018-08-16,85.68055725097656,86.1538858038164,85.33101659294195,85.70968054636586,5455200
2018-08-17,85.78253936767578,86.35053830025963,85.26550900005459,86.03740997130154,6112900
2018-08-20,85.74610137939453,86.1611778262618,85.44025674607356,85.92815255005142,5403600
2018-08-21,85.88446807861328,86.6053892094319,85.77523625739562,86.20487438355423,4875800
2018-08-22,86.59810638427734,86.99133761073607,86.23400401412236,86.3213905830336,3636900
2018-08-23,86.00099182128906,86.52530020310988,85.70970876963726,86.21217189484257,3962500
2018-08-24,86.66365051269531,87.04959814866427,86.45247046445992,86.58354754420046,4415400
2018-08-27,87.63945007324219,87.73412025671522,86.78016815265205,86.91852884802836,3901900
2018-08-28,87.28260803222656,88.36034778125345,87.20250507788208,87.82147790674,4685700
2018-08-29,87.54476165771484,87.98896692723775,87.29716919409465,87.38455574991832,4101700
2018-08-30,87.24618530273438,87.69767412352368,87.05685612000062,87.44280364233609,3353000
2018-08-31,86.26315307617188,86.94766747024323,85.99371525907169,86.94766747024323,5287000
2018-09-04,86.56172180175781,87.11515354695467,86.18305212792554,86.60541231959895,4590900
2018-09-05,86.59810638427734,86.61267359030984,85.38928940435866,85.97184986314987,4619400
2018-09-06,83.91104888916016,86.29955995318768,83.84550756243044,85.84807093761674,8191100
2018-09-07,83.4522476196289,83.99840107990887,82.5711207037351,83.3939899171499,6637800
2018-09-10,83.3648681640625,84.26784034615237,83.29204325673622,84.05666033757902,5870900
2018-09-11,83.75809478759766,84.28240301443566,82.84056094639163,83.26291541289072,5605300
2018-09-12,84.3188247680664,85.55677056348662,84.29697951549892,84.77759173926685,5067800
2018-09-13,84.69020080566406,84.85040115764164,83.80179026694275,84.47902079598765,6297700
2018-09-14,85.4766845703125,85.64417413285084,84.72663445252549,84.784892174779,4947800
2018-09-17,85.57134246826172,86.42334069974835,85.40385292977803,85.6441618327393,5560200
2018-09-18,86.0228271484375,86.58354793040255,85.91360087796772,86.29226491237306,4966300
2018-09-19,87.02777099609375,87.41371871233828,86.01556660813682,86.16848897368111,4855300
2018-09-20,86.96221160888672,88.34580177204296,86.73646990982448,87.52293238855684,5846700
2018-09-21,88.20744323730469,88.30211341464536,86.9549356791936,87.31903807016768,13703600
2018-09-24,89.29249572753906,89.55464996209868,88.527878284113,88.77547086375844,6534100
2018-09-25,89.838623046875,90.4721576310168,89.5254947785221,89.93328766539605,5396400
2018-09-26,88.80455780029297,89.87501956033579,88.65163548539553,89.56189132818558,4231400
2018-09-27,89.1832504272461,89.5691981155701,88.62981317595924,88.95750869764426,4533400
2018-09-28,89.04489135742188,89.7221221144013,88.66622726639874,88.83371127666891,5202900
2018-10-01,90.5813980102539,90.93821681996583,89.64929672036695,89.64929672036695,5348200
2018-10-02,90.83626556396484,91.5790375741971,90.53042088011001,91.07657448232008,5445400
2018-10-03,91.25133514404297,91.63728277134972,90.86538751673623,91.12025806724432,4479500
2018-10-04,90.98918151855469,91.45523211526346,90.43574990731389,90.87267164725817,4824300
2018-10-05,91.2658920288086,91.68096846576906,90.83624838731721,90.9746090515576,4318000
2018-10-08,90.90908813476562,91.3605771285675,90.17360525803545,90.33381120924778,6267700
2018-10-09,92.35091400146484,92.80240288703536,91.07655585691771,91.39696768253296,6797900
2018-10-10,89.27790069580078,92.91892442365368,89.1759524758818,92.6494922234798,6504400
2018-10-11,86.24126434326172,89.1540825184211,85.59316274374955,89.1540825184211,8589900
2018-10-12,85.76068878173828,87.15156280999008,84.60284565543495,87.04233096364236,7450700
2018-10-15,85.15626525878906,86.55441704566815,85.13442000520678,85.70969686874453,6047300
2018-10-16,85.57134246826172,85.69513594344974,84.7193386810137,85.26549224823765,4846100
2018-10-17,85.41114044189453,85.70242346889715,84.48631724784332,85.35288272534167,6978700
2018-10-18,85.5422134399414,86.03010929230128,84.50816402145176,85.50580097989487,7391600
2018-10-19,86.03009033203125,86.84568147777674,85.46937523891633,85.46937523891633,7944400
2018-10-22,85.35287475585938,86.28497591062725,84.82128842029384,86.00097651365145,5644900
2018-10-23,82.57842254638672,84.26785740113813,81.59534721188147,84.26785740113813,8095300
2018-10-24,80.25543975830078,83.14641332199996,80.15349154420528,82.81143982486316,8035200
2018-10-25,81.25309753417969,82.57843012325455,80.41566085544423,81.09289158015491,5734000
2018-10-26,81.2166748046875,81.90118904690836,79.85493547911366,80.5612894191315,8035500
2018-10-29,79.32334899902344,81.60991162404869,78.31114477259717,81.58806636899457,8598300
2018-10-30,80.72150421142578,80.93996788250614,78.7553533947503,79.82581538267257,7523800
2018-10-31,81.30406951904297,81.9230425068311,80.86714773682557,81.34776003053614,7429800
2018-11-01,80.95451354980469,81.55164116965588,80.17533475858716,81.39143524993176,10572000
2018-11-02,83.54692840576172,85.28005360683584,82.3745183840536,83.63430941483844,9890400
2018-11-05,86.61268615722656,87.14427258355613,84.90868392866618,84.92325113681228,8758700
2018-11-06,86.58354949951172,86.96949714419651,85.81893225779768,86.48160127471806,5273200
2018-11-07,88.01811218261719,88.20016337435737,86.67092891913067,87.38457203528722,4848800
2018-11-08,86.91854095458984,88.74633688587718,86.62725787121836,87.85792598168742,9532400
2018-11-09,87.02777099609375,87.65402766780613,85.46941292158039,86.08838598852516,6565700
2018-11-12,85.48394012451172,88.38219696434835,85.32373421876432,88.03993990311716,10550800
2018-11-13,83.9984130859375,85.84077013302472,83.77267140126612,85.41841561908488,6846200
2018-11-14,84.26786804199219,85.77525189344694,83.69986913503276,85.11258279815277,6783500
2018-11-15,85.995849609375,86.09144499751149,82.885442718174,83.57664674291111,7218100
2018-11-16,87.5473861694336,87.7018030291728,86.2311598582564,86.40028629133752,6706900
2018-11-19,87.81208801269531,87.85621111543888,86.69440185420852,86.8708774350101,5328300
2018-11-20,85.370849609375,87.87094455125523,84.59141039016448,87.67975933538983,7983500
2018-11-21,86.4517593383789,87.64298233692067,85.79732357036913,85.79732357036913,5624400
2018-11-23,83.53251647949219,84.72373926068363,82.43688907824631,84.34136896101637,5577800
2018-11-26,84.54727172851562,84.88551895807123,83.84135812502959,84.26784595753547,6953000
2018-11-27,84.7164077758789,85.04730588891623,83.98844090329126,84.23109839750683,6339200
2018-11-28,86.87089538574219,86.97383996332006,84.12079410891003,84.54728199319476,6841700
2018-11-29,87.39295196533203,88.04003842254924,86.57674471865658,86.7311615477496,6656900
2018-11-30,87.45914459228516,87.65767893700244,86.54734185564666,86.80470887924864,6712500
2018-12-03,88.73123931884766,90.02540666053358,88.28269277900296,88.8047703429083,8237600
2018-12-04,86.2091064453125,89.04009360257484,86.08410311445996,88.67978757421096,8288100
2018-12-06,85.23114013671875,85.40026098449192,83.11341007023555,84.81200138601119,10715700
2018-12-07,84.92229461669922,88.01799804730582,84.70170149077634,86.46646893839498,9114400
2018-12-10,84.51787567138672,85.26790131635629,82.11337063680882,84.78259192491932,7674300
2018-12-11,84.9075698852539,85.75319068627981,83.78987812440268,85.48847451187069,5929400
2018-12-12,85.01788330078125,86.56205750043048,84.9811149776707,86.1135108867624,7891400
2018-12-13,85.25318908691406,85.53260927853017,84.05461127459051,84.672284342977,7030500
2018-12-14,83.70166778564453,85.15760156353767,83.31929737221662,84.56934758835044,6195400
2018-12-17,82.68690490722656,84.5399183291717,82.25306789156859,83.41487727087694,7132400
2018-12-18,80.69418334960938,83.26780871156936,80.11327866613144,82.8192621282517,9658600
2018-12-19,79.28973388671875,82.3486689957115,78.75294662042191,80.81920424624458,10472400
2018-12-20,77.1940689086914,79.46621010327424,76.61316413481936,78.53970325797941,11612800
2018-12-21,76.62788391113281,78.63531488848594,75.67196893958474,76.1940467430581,19912800
2018-12-24,74.26012420654297,76.58374307380862,74.20130274425222,75.95872085775954,5619500
2018-12-26,78.96619415283203,78.96619415283203,73.6939390946114,74.89251140407724,10779400
2018-12-27,80.38536834716797,80.39272313501456,77.1205381906448,77.55438091264357,10655100
2018-12-28,79.89269256591797,81.15009182247698,79.50297301745951,80.62801416227238,6445400
2018-12-31,79.99563598632812,81.06185004163396,79.3117866871836,80.26035220600075,6309600
2019-01-02,81.39274597167969,82.12071275152462,78.75293863134432,78.92941423644588,6384800
2019-01-03,79.8338851928711,81.83396132613495,79.46622430396405,81.66483484881134,6496200
2019-01-04,81.48833465576172,81.61333797393561,80.4956516766344,81.09126034209913,7952500
2019-01-07,82.5472183227539,83.03988253151331,80.82656257103575,81.66482888775039,5712700
2019-01-08,82.1868896484375,83.67224236577086,82.11335861323627,83.38546740144521,5674900
2019-01-09,83.28988647460938,83.8266737839326,82.68692290512732,82.86340415233623,7097000
2019-01-10,83.4222183227539,83.5545764114314,82.14276053890991,82.73101995748932,6078300
2019-01-11,82.75308227539062,83.12809781117139,82.11335055083022,83.09132949215173,4491700
2019-01-14,82.15013122558594,82.60602703367458,81.67952584365392,81.87070542314846,6121700
2019-01-15,82.44426727294922,83.1428206121459,81.9957206075504,82.34132268843727,4226100
2019-01-16,81.91484069824219,82.59133533396553,81.78248256429114,81.93689945222411,5624100
2019-01-17,82.32659912109375,82.56925657622617,81.01037288847449,81.43686072899969,4442700
2019-01-18,84.09872436523438,84.30461349347777,83.13544935801272,83.81929859685432,9382000
2019-01-22,82.60604095458984,83.42224852862725,82.31926592696152,83.1795966199061,7242000
2019-01-23,81.907470703125,82.84868143200339,81.1942078698179,82.63543749967025,6082300
2019-01-24,83.46634674072266,83.69429461516027,81.55451192368257,81.64274691504787,8470700
2019-01-25,83.25310516357422,84.40020496396511,83.08397874194982,83.8707725606899,6261800
2019-01-28,82.48101806640625,82.7751478125164,81.67216547214704,82.2898384999842,6886600
2019-01-29,82.23101806640625,83.3487044597741,82.18689495439024,83.11340176590409,5359900
2019-01-30,83.09870910644531,83.56931455820514,82.34132863283372,82.7457522125957,7941700
2019-01-31,84.30462646484375,84.8634724775316,83.37076484797838,83.67960419792044,11225600
2019-02-01,87.04000854492188,87.68708944954084,85.73848633976169,85.77525465902573,10934300
2019-02-04,88.04740905761719,88.05476384462108,85.52525568092214,86.40029020244657,7987900
2019-02-05,87.8562240600586,88.1356442383353,87.27531934385368,87.95916863153204,6887400
2019-02-06,87.4150390625,87.93711678068175,87.27533175851788,87.5032796834828,4990400
2019-02-07,86.93708038330078,87.14296954588052,85.67232625881505,86.77530872411415,7281900
2019-02-08,86.45911407470703,86.68706197285256,85.23847753999284,86.57676261211621,5671000
2019-02-11,85.995849609375,86.29733412571625,85.58407135296548,85.98114564738523,4859600
2019-02-12,87.29736328125,87.40766262055888,86.48115602444473,87.01058836508139,5400700
2019-02-13,87.92240142822266,88.52536490169732,87.28266963158578,87.62092249651455,5935900
2019-02-14,87.75902557373047,88.77653939227224,87.38766884195223,87.91499472110284,5406500
2019-02-15,88.64281463623047,89.02159993496478,88.07835104723743,88.84335036292288,6209800
2019-02-19,88.61311340332031,89.021607945227,87.98180829292542,88.30860392645079,4277800
2019-02-20,89.33355712890625,89.6603528026271,88.3828849869397,88.61312430263233,5940600
2019-02-21,88.48686981201172,89.36327180896603,87.92983478851838,89.17759346780159,5139400
2019-02-22,88.67253875732422,89.4672417466422,88.27147290293206,89.33355312851148,4517600
2019-02-25,88.84337615966797,89.43754346114852,88.65769781549528,88.68740703053732,5196600
2019-02-26,89.0810317993164,89.84602556406662,88.88792476168105,88.98447544727243,5445600
2019-02-27,89.18501281738281,90.08369521421974,89.04389547965998,89.34098192759886,5289800
2019-02-28,88.81365966796875,89.24443475110404,88.0040992071488,89.1255979006724,6406500
2019-03-01,90.63330078125,90.64072950066735,89.2518536251602,89.41525145362606,7743600
2019-03-04,90.70015716552734,91.23490602256248,89.53409742209705,91.10864611186473,7499500
2019-03-05,91.56910705566406,91.61366803242741,90.30649127166879,90.51445571828522,7345200
2019-03-06,91.74738311767578,92.61635641415407,90.83384883156889,91.48000584699732,7599900
2019-03-07,90.56644439697266,91.72507511143145,90.38818915901614,91.66565669877929,7201100
2019-03-08,90.32877349853516,90.55901275706947,88.5314034057317,89.19984636037336,7014100
2019-03-11,91.81422424316406,92.2449936696955,91.16806160368733,91.25718924354886,6088600
2019-03-12,92.02217864990234,92.80945293161412,91.63596456217194,91.97761199888559,6184300
2019-03-13,92.59406280517578,92.78716984363888,92.02217607560955,92.54207310248795,4707000
2019-03-14,92.54206848144531,93.18080232054538,92.45294651926076,92.6609053196278,5146400
2019-03-15,93.06939697265625,93.15109588472636,92.35639292168742,92.53464251781651,10449700
2019-03-18,93.49274444580078,93.67842276341621,92.96541870374725,92.99512791454002,5586900
2019-03-19,93.04712677001953,94.26517620008218,92.64606088454235,93.9977989430974,5096800
2019-03-20,92.60891723632812,93.83438956937883,92.60148851719894,92.86886574132517,6708500
2019-03-21,93.4779052734375,93.55217547720397,92.47524335645673,92.74262062317871,5050400
2019-03-22,91.42059326171875,92.76490842148564,91.13093547770602,92.72777048345169,5786800
2019-03-25,91.27204132080078,91.61368877506105,90.84126622638229,91.30175053418685,3837500
2019-03-26,92.19300079345703,92.77232193296031,91.63596581299272,91.92562354951794,4079800
2019-03-27,91.19776916503906,92.4529564880341,90.62587673591288,92.08159982835063,3727800
2019-03-28,91.36857604980469,91.47256111171336,90.8783882807167,91.05663786343487,4057700
2019-03-29,91.48741912841797,92.44551990892214,90.97494516835813,92.30440257697465,5318600
2019-04-01,92.79460906982422,93.03970017227336,91.68796208288428,91.99990600078426,5506300
2019-04-02,92.78715515136719,93.16594044894462,92.17813058783666,92.98768521099542,4362700
2019-04-03,92.01473999023438,93.09910060695545,91.7547914976047,93.00254992867933,3595400
2019-04-04,92.69062042236328,92.712900914326,91.76222881423246,92.10387624605028,3715400
2019-04-05,93.89380645751953,94.05720427698091,92.9876953979263,93.02483332651383,5551400
2019-04-08,94.08690643310547,94.57709418828915,93.7526877666826,94.15374789980929,5483100
2019-04-09,93.24022674560547,93.79726171094897,92.92828852496174,93.79726171094897,4143400
2019-04-10,93.20307159423828,94.00520315607777,92.93569440695846,93.68583627496307,3970000
2019-04-11,93.57444763183594,93.77498339723128,92.6534847210154,93.09168285070041,3248300
2019-04-12,88.94734191894531,90.61101804062551,88.38287825274126,90.29907983027032,42693700
2019-04-15,89.22956848144531,89.88315409478191,88.62797256841444,89.14044085244163,13369100
2019-04-16,89.99457550048828,90.10598363657718,89.17016322646488,89.44496920662374,11942900
2019-04-17,89.32611083984375,91.01207291607578,89.16271870157333,90.75954749065455,11898100
2019-04-18,89.0216064453125,89.7346104520754,88.45714281503898,89.51179422088919,9546500
2019-04-22,90.5367660522461,90.61846498087891,89.45982820501963,89.7049249909181,7946200
2019-04-23,90.62586975097656,90.81897678573517,90.12825322530294,90.41048789143917,9079200
2019-04-24,87.8481216430664,90.18766949627192,87.70700431336233,90.12825107676996,22115000
2019-04-25,87.56588745117188,88.1600546115577,87.19453085101122,87.67729556451049,10636400
2019-04-26,86.97173309326172,88.01153292780918,85.89480099068416,87.93726272529577,11626700
2019-04-29,87.43219757080078,87.72185526137713,86.67462694433037,86.90487188625276,9404000
2019-04-30,89.17015075683594,90.55159785166794,88.86564127165921,89.94257321486208,21431500
2019-05-01,87.4990463256836,89.22956956122634,87.46191406298864,88.97704977567199,10097000
2019-05-02,86.43698120117188,87.9966838337185,86.36271099639666,87.10542437705566,9495600
2019-05-03,87.09797668457031,88.04865436455383,86.97914551610499,87.40992054300268,7364900
2019-05-06,87.93724060058594,89.00674371389285,87.24651712473374,87.26879761323674,11035000
2019-05-07,87.84070587158203,87.84070587158203,86.52610572843238,87.12027867812736,9165200
2019-05-08,87.26880645751953,87.99666793227662,87.19453626616531,87.91496902185126,6229000
2019-05-09,90.00942993164062,90.848693951407,89.0216198465707,89.95744022539763,16496300
2019-05-10,90.60359954833984,90.81155837871681,88.99934166653672,89.99457483089881,8787900
2019-05-13,89.45238494873047,90.80412282657709,89.13301802705203,90.54417432438588,7701200
2019-05-14,90.3436508178711,90.79670641156406,89.50438677807996,89.62321796670511,6858500
2019-05-15,90.71501159667969,90.97496014586403,89.77176809922412,90.01685920762456,6945000
2019-05-16,90.60250854492188,91.16502410528636,90.3999997387563,90.74500859578202,8543300
2019-05-17,90.39249420166016,90.83500939977893,89.9124814010525,90.04748535886115,6870900
2019-05-20,90.63251495361328,90.91002472255359,90.40751213643901,90.53501430505825,4569700
2019-05-21,91.00750732421875,91.45752431373816,90.67750211336256,90.77500274258311,4859400
2019-05-22,90.42999267578125,91.08251272388988,90.2574854025329,90.67750087218835,5763300
2019-05-23,88.40496063232422,89.15498149066248,87.64743796318517,89.10997634806276,11000200
2019-05-24,89.03495788574219,89.19996335765846,88.03742896712387,88.72745236988322,4890800
2019-05-28,88.73494720458984,89.49246971396651,88.62994476434403,89.16245877479176,8145100
2019-05-29,87.57991027832031,88.02242544492287,86.86739293753413,87.78241906171246,7451300
2019-05-30,86.53738403320312,87.55741261618957,86.13987398819587,87.40741076901072,5807900
2019-05-31,85.38986206054688,86.40238893829955,85.29236142210695,85.66737180069715,6899800
2019-06-03,86.99491119384766,87.07741393981756,85.8548820929435,86.02738367291357,6100800
2019-06-04,87.9774398803711,88.26244571709333,87.21991728951443,87.45242190046666,5235600
2019-06-05,88.23995208740234,88.52495794375646,87.20491967634904,88.40495758610388,5105700
2019-06-06,90.51249694824219,90.87250939661583,88.58494400702146,88.65994493145654,7370100
2019-06-07,91.11251068115234,91.59252343727601,90.39998763344757,90.55749128259407,5343100
2019-06-10,91.72003173828125,92.07254238148337,91.28501836061888,91.65252689999387,5708800
2019-06-11,90.88001251220703,92.62756222549889,90.86501461504156,92.53006158841292,5625100
2019-06-12,90.14497375488281,90.43748131815887,89.67245713558856,90.28747377147704,4000100
2019-06-13,90.68502044677734,91.42003764881126,90.34750764313728,90.93252296946768,3993300
2019-06-14,90.60999298095703,90.87250478646767,90.27998778574376,90.7524987356967,3366800
2019-06-17,91.04499816894531,91.38250514262305,90.28747577742963,90.542485751353,4219100
2019-06-18,92.2000503540039,92.90507168496777,91.3975283862446,91.46502750659434,4884300
2019-06-19,92.1700439453125,92.61255913664354,91.66753144647876,91.88503813751214,3847100
2019-06-20,93.21255493164062,93.52756219570993,92.70254071839388,93.23505463304518,7771700
2019-06-21,93.70006561279297,94.6525891739285,93.17505352747457,93.60256500329172,14287900
2019-06-24,93.6850814819336,94.03758637831355,93.31756724602138,93.40757178338418,5542600
2019-06-25,92.73255157470703,93.83508283228278,92.62004733414153,93.63257405482422,4713300
2019-06-26,92.95005798339844,93.66257530128532,92.91255466258193,93.43007073439234,5054800
2019-06-27,92.3350601196289,93.15258003588535,92.17005462990993,92.94257512977194,3551700
2019-06-28,93.33259582519531,93.3625973456735,92.34256853823493,92.56007527004807,7048300
2019-07-01,93.63258361816406,94.38260433560096,93.27257687822856,94.02259759566546,5526900
2019-07-02,92.2000503540039,93.54258817337774,91.79503846529302,93.41508602013657,5747700
2019-07-03,92.51505279541016,92.53005641394077,91.75003419426095,92.20004547271365,2725800
2019-07-05,92.65755462646484,92.80755647217916,91.98253487634321,92.3575452128326,3458900
2019-07-08,92.70255279541016,93.07006131803561,92.56754884719213,92.7475579262852,3505200
2019-07-09,92.51505279541016,93.10756983888437,92.30504791361248,92.92756647194406,3955600
2019-07-10,94.08261108398438,94.21761505701731,93.08508204558568,93.08508204558568,4743500
2019-07-11,94.0750961303711,94.2626013043755,93.4525775793476,94.2626013043755,3548000
2019-07-12,94.48760986328125,94.69011293356752,93.85008769349022,94.0375928676161,3974400
2019-07-15,94.29261016845703,94.80262451038986,93.95509739561963,94.54761447832134,3739200
2019-07-16,93.57258605957031,94.33760467154168,93.19757570185408,94.12759978677322,4697600
2019-07-17,93.10755920410156,93.9625822521618,93.04755618124041,93.49757313049587,3874200
2019-07-18,93.51258087158203,93.79009058988305,92.52255377894022,93.09257111173515,5770700
2019-07-19,93.78260803222656,94.06011780749434,93.45259702620056,93.51260006769711,4880900
2019-07-22,93.98507690429688,94.3150877900948,93.35506236472223,94.03008203012571,3275800
2019-07-23,94.36760711669922,94.66761655026922,93.58758487829884,93.93259372413293,4295300
2019-07-24,94.90763092041016,95.20764037916668,94.24761468890942,94.40511836726057,4796900
2019-07-25,94.22509002685547,95.25262035365581,94.00008727036567,95.25262035365581,4586800
2019-07-26,92.79255676269531,93.94008745436979,92.47754945953047,93.93258564556962,6971700
2019-07-29,93.1750717163086,93.48257721996578,92.53754955970996,92.61255620557122,4377500
2019-07-30,93.25758361816406,93.56509489312835,92.53756433611196,93.07758022820218,3871700
2019-07-31,92.3350601196289,93.52009434378836,91.8625490808737,92.78507145018688,7199500
2019-08-01,90.55750274658203,92.81506678121501,90.23499359877732,91.50253048329883,7928400
2019-08-02,90.55000305175781,91.90753870898618,88.37494184313609,91.33752136581131,9026200
2019-08-05,89.05744934082031,90.41499059259654,88.0899220269324,89.39496206270867,8620300
2019-08-06,89.53746032714844,89.64996456555853,88.23992784780144,89.04244968922862,6788000
2019-08-07,89.32746887207031,89.85248682270226,87.71492313875041,88.16494015992183,6853700
2019-08-08,92.42505645751953,92.50005738557711,89.56747360423265,89.61997482609334,8868100
2019-08-09,91.8175277709961,92.92005905611373,91.42001773697757,92.33504385720319,5051700
2019-08-12,91.16502380371094,92.35755404108073,90.68501098489746,92.26005340426693,3936500
2019-08-13,91.79501342773438,92.02751796401665,90.22747324587854,90.7599871425847,5806400
2019-08-14,88.30744171142578,90.44499970953532,88.26244229742481,90.01748810991342,7175600
2019-08-15,87.71491241455078,88.38243033288443,86.59738325226913,87.9324190889364,6272600
2019-08-16,87.75279235839844,88.38928916588789,87.41181584865427,88.199856486913,6239100
2019-08-19,88.88939666748047,89.27584098707914,88.62419204855084,88.75300489474135,6443700
2019-08-20,87.9952621459961,88.7984606011687,87.63913358100622,88.75299282908543,5150900
2019-08-21,89.32132720947266,89.57895875275398,88.90457863270598,89.25313419512179,4578400
2019-08-22,89.20765686035156,89.97296086806061,88.99548736308661,89.91234679272688,4362100
2019-08-23,87.27543640136719,89.45769908986188,86.64651843099645,88.2604887834184,7653400
2019-08-26,87.69975280761719,88.06346610057449,87.28300437598723,87.83614456984785,3966400
2019-08-27,87.76795196533203,88.67722653018512,87.16934399407684,88.10134955589726,4237100
2019-08-28,88.52568817138672,88.80604485935838,87.80584046375019,88.20744263210845,4153500
2019-08-29,89.04853057861328,89.29100422925717,88.33626748167504,88.79848378150054,4467300
2019-08-30,89.20005798339844,90.1548002739651,88.82877156302166,89.39706958199743,4881100
2019-09-03,88.10136413574219,88.14683191822796,86.79807191871211,87.72249870751739,5672500
2019-09-04,88.84393310546875,89.82140649604534,88.78331325620191,89.01821372685419,4595600
2019-09-05,89.13945007324219,90.22300533904708,88.85151445291949,89.41981254797044,5394300
2019-09-06,89.60923767089844,89.7456294334214,88.95000985519962,89.03336069790959,4578200
2019-09-09,90.46546936035156,90.64732311277963,89.85170933276522,89.97294324070842,5048000
2019-09-10,92.32948303222656,93.42061707116888,90.859489430903,91.1019630194428,8728800
2019-09-11,91.89757537841797,93.18572099508576,91.20804347000613,92.602265137711,5509500
2019-09-12,92.00366973876953,92.57954674912177,90.59429002826593,90.95800334560079,5818300
2019-09-13,92.06429290771484,92.68563193725011,91.86728127951277,92.63259101208345,4885400
2019-09-16,94.04955291748047,94.92093874916637,93.1781613047671,94.6102721142848,10683900
2019-09-17,93.87525939941406,94.42840537432889,92.86747614404997,94.04954001045006,7246500
2019-09-18,94.09500122070312,94.11773221738231,93.2160308089302,93.6176329473602,4801500
2019-09-19,93.70099639892578,94.69362192767632,93.51913683896541,94.54207229437601,4034500
2019-09-20,94.20110321044922,94.57996865221921,93.70857697994266,93.95862955895754,10420700
2019-09-23,94.64057922363281,94.71635114834604,93.61764378743614,93.61764378743614,4705500
2019-09-24,93.7616195678711,94.50419839051828,93.36760204511795,94.46630953326041,6232100
2019-09-25,93.58731842041016,94.07226559579625,93.13268116611397,93.5645874248493,3762500
2019-09-26,91.04891967773438,93.57973732940215,90.96556884192245,93.39788358809713,7834400
2019-09-27,89.86686706542969,91.11712397682645,89.75320629511599,90.55640483257967,6850700
2019-09-30,89.86686706542969,90.48820605798069,89.7229021519908,89.82140506971497,6108300
2019-10-01,87.90437316894531,90.51854275420119,87.80586444105894,90.37457201715412,7116600
2019-10-02,85.0855941772461,87.22239485101466,84.57791591704851,87.18450599773475,9702400
2019-10-03,85.73723602294922,85.7675459468507,83.66862851963137,84.91130649445775,5315300
2019-10-04,86.26764678955078,86.38130756096798,85.2826002596647,86.07821409753112,4757300
2019-10-07,85.82059478759766,86.94961209723134,85.79786378783075,86.35100405225042,4694000
2019-10-08,84.64611053466797,85.43415129353787,84.57033860768628,84.94920402362216,5323900
2019-10-09,85.72966003417969,86.76775328452415,85.0931689535203,85.31290579253815,4601700
2019-10-10,86.82836151123047,86.97991112573378,85.85089395756093,86.02516878795637,3555500
2019-10-11,88.01042938232422,88.67723037337996,87.41182138512588,87.66187392465689,5134200
2019-10-14,88.03315734863281,88.19228010984722,87.48001136638838,87.57852006215926,2571300
2019-10-15,88.13166046142578,89.12429166127022,87.74522194661958,87.78310501497856,3742700
2019-10-16,87.22240447998047,88.39688968898729,87.19967347791408,88.07106517030351,3608900
2019-10-17,87.40426635742188,87.94225465316248,87.07844180861801,87.60127802858965,3722400
2019-10-18,86.94200897216797,87.57850569362576,86.94200897216797,87.24510237376569,5679900
2019-10-21,88.3589859008789,88.46506774661539,87.55579313143785,87.55579313143785,3926300
2019-10-22,89.26069641113281,89.83656769459114,88.26806506688187,88.37414692336249,4095000
2019-10-23,89.3970718383789,89.42737597951927,88.48779151645164,88.95758663849873,4148500
2019-10-24,89.09398651123047,90.0259921333744,88.88939596322916,89.76836644303447,3873900
2019-10-25,89.9198989868164,90.05629074133518,89.17732615301244,89.23794021422252,3369100
2019-10-28,89.77596282958984,90.55642475991327,89.1394658443854,90.23060022986262,5076300
2019-10-29,89.5107421875,90.22301102813861,89.17734454847924,89.38950825904541,4548400
2019-10-30,88.16956329345703,89.54863322681177,87.53306636520146,89.54863322681177,4690900
2019-10-31,88.00284576416016,88.1695474482932,87.3815068021358,87.79068208654598,7177700
2019-11-01,88.05589294433594,88.36656533795025,86.39646069196903,87.51032585966588,7684700
2019-11-04,92.1173324584961,92.34465400926281,88.66965503102143,88.82878358517445,10348800
2019-11-05,92.39768981933594,92.78412834081156,91.47325737622602,91.85970167872851,6971200
2019-11-06,90.8519287109375,92.54924417083696,90.77615678327751,92.39770031551696,6104700
2019-11-07,92.35981750488281,92.44316836507124,91.1701802415898,91.7839404111339,5440700
2019-11-08,91.63237762451172,91.8369623784386,91.0489275046985,91.66268754750583,4249800
2019-11-11,91.54145812988281,91.98094339108395,90.93527694504463,91.0792418691415,3870800
2019-11-12,91.65511322021484,92.48104276542125,91.29140568809021,91.9051657616924,4503600
2019-11-13,92.65532684326172,92.75383555301362,91.20806393479586,91.27625693598326,5076400
2019-11-14,92.41284942626953,93.15542816799956,91.98852202015371,92.32949857420716,4882800
2019-11-15,92.31336975097656,92.88726752670196,91.90781625687569,92.75718543198847,5589600
2019-11-18,90.714111328125,91.8236446997172,90.40037773983238,91.68590899914803,4885300
2019-11-19,89.10720825195312,90.90542627468437,88.82408903492055,90.67586478812558,8723000
2019-11-20,89.78822326660156,90.35447331357955,88.85468772561855,89.07659558111146,5903100
2019-11-21,90.88246154785156,91.02019726626622,89.68110227423125,89.9948359031722,5810900
2019-11-22,90.77533721923828,91.59409794899419,90.75238223845865,91.10437223239202,4786800
2019-11-25,90.58402252197266,91.22679106443356,90.27794837964751,90.62228470875833,7390000
2019-11-26,90.13253784179688,90.72173684875682,89.68106866364246,90.55339260734293,10053100
2019-11-27,90.34683227539062,90.76003945985583,90.0024958739986,90.2856150988792,4106100
2019-11-29,89.6275405883789,90.15552849304365,89.43624129978919,89.74232132913093,3271000
2019-12-02,89.37501525878906,90.34681291621183,89.31379809539501,90.27794798588606,5195200
2019-12-03,88.67867279052734,89.29848044293878,88.53328350396592,88.91588197345236,6135800
2019-12-04,89.48213195800781,89.75760332321993,89.09187988429244,89.25257054100128,5706700
2019-12-05,89.01537322998047,90.09429802263355,88.90824611122031,90.00247811397634,5517500
2019-12-06,90.3009033203125,91.2803545865363,89.51275131196022,89.59691761447284,6735300
2019-12-09,89.75762176513672,90.20908524988903,89.09955179503056,89.16076312588491,4736100
2019-12-10,90.2090835571289,90.36212063837885,89.56632081029059,90.31621068160196,4886800
2019-12-11,88.93885803222656,90.03309007606039,88.86233365481931,89.59692214160427,7039600
2019-12-12,90.91305541992188,90.97427258219632,89.21431711374069,89.21431711374069,6462000
2019-12-13,90.26263427734375,91.47164689637484,90.21672432709865,91.09670201406404,4863400
2019-12-16,91.33392333984375,91.41809548513372,90.76002553358869,90.95132480234038,5619300
2019-12-17,90.75236511230469,91.73946996548638,90.54576448628525,91.50990852502926,6755500
2019-12-18,90.714111328125,91.54817329857885,90.69115051303838,90.81358484153992,7496700
2019-12-19,90.39273834228516,90.8595090765793,90.18613767795397,90.72942696059333,6220300
2019-12-20,91.57878875732422,91.77774163708348,90.36212233793904,91.36453450434836,12171100
2019-12-23,92.07614135742188,92.12970490514509,91.17320881152438,91.29563727575362,5875000
2019-12-24,92.08381652832031,92.42050512163473,91.89251725266269,92.15268730331216,1640100
2019-12-26,92.28276062011719,92.91022195099167,92.08380775774528,92.33632417868002,3648600
2019-12-27,92.05319213867188,92.81073545752983,92.00727635347587,92.50465552084312,4138300
2019-12-30,91.7088851928711,92.8490274103578,91.67827660366449,92.16035458617922,4580200
2019-12-31,92.21389770507812,92.30571761434116,91.24974779188511,91.44104705350333,4215700
2020-01-02,92.91788482666016,93.07092191268296,92.41285193440183,92.44346051920452,5205000
2020-01-03,92.59649658203125,93.90498283593936,92.38989010941987,93.18569574135039,6360900
2020-01-06,92.28276062011719,93.10152120842889,92.0761599908006,92.77248625211728,9953000
2020-01-07,91.1043701171875,91.61705664065711,90.11726510064426,91.07376153086165,7856900
2020-01-08,90.06369018554688,91.12731361488687,90.02543383595324,90.71411234653061,7295900
2020-01-09,89.91831970214844,90.23204750128103,88.90060608054051,89.97953103793633,7345300
2020-01-10,89.09955596923828,90.05605238478579,89.06894738338185,89.9259644353983,6393800
2020-01-13,89.26789093017578,89.45919019326497,88.82407523869121,89.12250162207113,6846700
2020-01-14,88.992431640625,89.43624155454418,88.54096228251197,89.1454687367363,7189100
2020-01-15,88.86234283447266,89.07660294015999,88.49505147213344,88.99243078670912,5808800
2020-01-16,89.44387817382812,89.74230454116261,89.10718962073696,89.19136175900975,7022000
2020-01-17,88.44148254394531,89.74996888919225,88.39556674794308,89.53571463448382,7885900
2020-01-21,86.70449829101562,88.1124642629012,86.59737114334943,88.07420206530969,8470300
2020-01-22,86.3907470703125,86.87281910431994,86.05405850421772,86.54378414327007,5589900
2020-01-23,86.54376220703125,86.8421885102495,85.59491975161907,86.00812674945712,8007800
2020-01-24,85.58729553222656,86.4519720022983,85.19704337173393,86.30658268333246,6920000
2020-01-27,84.4700927734375,84.80678130728678,84.15636505252392,84.36296566502901,7609800
2020-01-28,85.0287094116211,85.41130798662985,84.76088573872221,84.92158227765792,5771900
2020-01-29,84.4548110961914,85.57964599677244,84.30942177031068,85.2812195769053,4772800
2020-01-30,85.2429428100586,85.38067849686043,83.45237888163476,84.02627660364415,8382700
2020-01-31,81.98320770263672,84.17167163211079,81.41696354629424,84.02628233113491,13699600
2020-02-03,81.32513427734375,82.06737628363774,80.65176303515427,81.83781485394219,8785500
2020-02-04,81.76130676269531,82.90144877631384,81.57000749285372,82.39642173968707,9909000
2020-02-05,84.38593292236328,84.66905794321723,82.72545666235948,82.84788515922172,6914100
2020-02-06,83.78141784667969,84.68435053967461,83.49064508852497,84.65374195913361,6274000
2020-02-07,83.36056518554688,83.74316369535681,83.00092165224713,83.35291158071348,4830100
2020-02-10,84.01097869873047,84.01863230331006,82.88613818311178,83.05448245592407,6011800
2020-02-11,85.09754943847656,85.21998374886934,84.21757180599344,84.7685145267825,6072700
2020-02-12,85.73267364501953,86.16118210218318,85.40363869741462,86.09231717356325,5725700
2020-02-13,85.4419174194336,85.95459811390525,85.11288240814757,85.22000954317177,5991900
2020-02-14,85.2174072265625,85.90639195728102,84.83033688767684,85.80574988918696,5148700
2020-02-18,85.34127044677734,85.36449372314398,84.249735113971,84.38133761753188,4975800
2020-02-19,85.72834777832031,86.00703892984617,85.07032930074966,85.55803586280723,5887500
2020-02-20,85.0083999633789,85.98381903206834,84.92324400227444,85.75931748972252,4466600
2020-02-21,84.38907623291016,84.52842178999438,83.33624444743478,84.37359011199824,6443900
2020-02-24,81.0602798461914,82.80209659004215,80.83577831268137,81.83442062123619,9539800
2020-02-25,77.96370697021484,81.2228385157468,77.41406779759885,81.12994541437345,12871900
2020-02-26,75.8967514038086,78.66043333791222,75.86578506850307,78.07982783993899,11990400
2020-02-27,72.86986541748047,76.0206179795205,72.8311619243815,74.2788013219897,15783700
2020-02-28,72.25828552246094,72.33570431253311,69.7578145274551,70.16036506719794,20835100
2020-03-02,74.77423858642578,74.84391431247056,71.38350484533248,72.78469745759521,15050800
2020-03-03,73.07113647460938,76.23737484739999,72.28151559961101,74.92907524111816,16525500
2020-03-04,76.27607727050781,76.65540453512077,74.06203453985152,74.60393653838018,14753000
2020-03-05,75.23873901367188,75.39356479630726,73.49692238101132,74.09300814100504,12814400
2020-03-06,73.79108428955078,74.3639466994787,72.32021591780006,72.70728623109108,16861900
2020-03-09,62.449928283691406,68.13212404126398,61.9312554369013,63.657591780943825,30595500
2020-03-10,65.78648376464844,66.80834932198616,62.73636730895052,66.76189686058997,22642900
2020-03-11,64.27690887451172,65.67810181498216,63.286009607909946,63.65759978599837,18412800
2020-03-12,59.03596878051758,60.48360804442409,56.40388933765407,59.78688617073999,25768200
2020-03-13,64.57881164550781,64.64074431504004,57.37156407953529,61.915771824090875,23497500
2020-03-16,53.95759582519531,60.76229220208781,53.9498586719107,56.17938140622294,17535300
2020-03-17,54.7240104675293,56.49679346008676,50.698475100294544,54.499508945548655,22684200
2020-03-18,42.616451263427734,51.27134876211354,42.24486402670329,51.2558626383314,24947300
2020-03-19,44.42793655395508,45.27949313901478,39.94566096486021,42.77901595244782,29871000
2020-03-20,45.97621154785156,46.951630395493005,43.63056638371024,46.08459076356458,26960400
2020-03-23,41.973907470703125,45.98395632006836,41.006231647074685,45.101433488304934,23764000
2020-03-24,51.51905822753906,52.37061168869179,46.69615979049462,47.594162749807516,29198800
2020-03-25,53.624717712402344,56.620644013669974,51.58873002460665,52.866063218459864,22560100
2020-03-26,59.12887191772461,59.68625423626948,52.5564182083718,54.42210036315527,24129100
2020-03-27,53.24540328979492,56.93031515228489,53.02864481074709,55.831036633556245,20411500
2020-03-30,55.69941329956055,56.45807367938055,51.88289994011622,52.649303379608334,18486800
2020-03-31,56.09422302246094,58.091507040375745,54.816889945598035,56.72127497213648,18514200
2020-04-01,53.0750732421875,55.96262003933643,52.33964209569837,53.810510294900205,14362000
2020-04-02,58.927574157714844,60.92485206311573,53.864694821986426,55.544578208858375,23220600
2020-04-03,58.14570999145508,61.14937386086784,56.5354958752601,60.38297620128681,14905400
2020-04-06,62.233158111572266,62.666674927975514,58.455354367800815,59.608822129287255,17334900
2020-04-07,62.64345932006836,66.33611348912311,62.589269711388646,65.22909213504525,16394800
2020-04-08,66.56062316894531,66.80834796854728,63.10795028429439,63.70404195929684,12284800
2020-04-09,65.2677993774414,69.60299194606519,63.10794615373609,68.69724285428735,17023800
2020-04-13,65.73229217529297,67.62893460003352,64.56333802003235,67.48958903247778,13854700
2020-04-14,65.50003814697266,67.41216641800507,65.28327971897653,66.15805649088209,14797600
2020-04-15,63.85885238647461,64.5478370042397,61.40482825775071,62.287348013230115,13982300
2020-04-16,61.92350387573242,63.6266167101887,61.01001774718716,62.9453692139166,12291900
2020-04-17,67.48185729980469,67.73732520091382,62.95313445333166,62.96087751566934,16130100
2020-04-20,64.69493103027344,67.35023357888535,63.5492003200779,63.99046614108719,15749000
2020-04-21,63.200843811035156,64.86524743237801,61.35064808268006,62.14801202759151,19620600
2020-04-22,65.3684310913086,65.99548305793786,64.23044351763046,65.7632385263295,10320700
2020-04-23,67.1954116821289,68.7282068821649,66.10387051602717,66.80834135194665,14226500
2020-04-24,67.35799407958984,68.7359637875992,66.39805521490126,68.49598202453991,9175500
2020-04-27,69.44815063476562,70.15262139665752,66.4754536463322,67.15669522962556,12037100
2020-04-28,69.60299682617188,70.41584106011162,68.76692340878374,69.3243056870425,10645200
2020-04-29,73.24917602539062,73.65172648549361,71.44542724808917,71.59251583265723,12342800
2020-04-30,71.2209243774414,74.11620812773839,70.1216463099788,72.55244695210231,12222000
2020-05-01,69.23915100097656,71.25965884355138,67.38121200816663,70.84162212720226,13250100
2020-05-04,70.78742218017578,70.92676773195662,67.88439477326207,68.71272502378581,11192400
2020-05-05,71.9099349975586,73.77561707124667,71.74736614608696,73.15630209839972,13608700
2020-05-06,69.71136474609375,72.35118117211526,69.49460041265657,71.878954924448,11145900
2020-05-07,71.71639251708984,72.81567087124115,71.15127312506792,71.97960342097413,9749600
2020-05-08,73.90721130371094,73.9768811295829,72.82341317575813,73.54336424089163,8585900
2020-05-11,72.28152465820312,73.23371448249713,72.13443602427752,72.93180005955267,7101000
2020-05-12,70.52422332763672,72.79245603162474,70.44681043148456,72.09572815380454,8749100
2020-05-13,68.6662826538086,69.67266799849924,67.59797053740603,69.5952551041904,12215100
2020-05-14,69.71136474609375,70.39260636108094,66.59157310628771,67.5747349948635,10678200
2020-05-15,69.02238464355469,71.26738785088598,68.76691680617714,70.17585258261984,10113000
2020-05-18,72.69853973388672,73.36621824071591,71.84233558355882,72.58071270493294,12304300
2020-05-19,70.39702606201172,72.7613940072283,70.3263274296029,72.68284463238875,7749300
2020-05-20,73.05203247070312,73.4212211205534,70.83690656453462,71.48102101972026,9160000
2020-05-21,72.29792785644531,73.34265162300397,71.70094199085015,72.87134352267907,8830900
2020-05-22,70.91545104980469,71.95231829625762,70.27919337375685,71.83449124696992,8563100
2020-05-26,73.28768157958984,74.10460220451985,72.29008602031422,72.65141791020744,9430000
2020-05-27,73.75898742675781,74.3795376573076,72.35293148557788,74.37168092218005,7822600
2020-05-28,71.37889862060547,73.75897971613647,71.31605673202051,73.53118236471526,9633300
2020-05-29,72.0308609008789,72.18010888215731,70.11423131797845,70.84475176344479,17010000
2020-06-01,72.8870620727539,73.71969605365584,70.78190691949364,71.43387797654381,7344000
2020-06-02,74.37954711914062,74.7958642398651,73.27983778577763,73.66473395492787,7880300
2020-06-03,76.33543395996094,76.76746443437327,75.21216071942098,75.3849729091859,8440200
2020-06-04,75.62847900390625,76.10763790437628,74.74871655813745,76.02123180803366,6371700
2020-06-05,79.18681335449219,80.16084456095716,77.80432788784248,77.82789209570454,12760100
2020-06-08,81.09561157226562,81.37053738489169,79.23396678895968,80.61645258757453,11090700
2020-06-09,79.75238800048828,80.85209711341636,78.41703078738938,79.10041687011054,10745400
2020-06-10,76.64962768554688,79.72880778945687,76.63391421959608,79.33605504172554,10486300
2020-06-11,70.20063781738281,73.98677457980102,70.00426141685712,72.50216947126131,14944800
2020-06-12,72.57286071777344,73.56259943560913,70.70335957780117,73.53903522686362,9532400
2020-06-15,71.66169738769531,72.3293761248554,69.28946649523427,69.9807094477278,12289500
2020-06-16,73.86109924316406,75.07863546266147,71.86591406678396,74.61518398816135,8726700
2020-06-17,71.9051742553711,73.83751706799887,71.8737533161904,73.70398257117942,6019900
2020-06-18,72.2193832397461,73.23268613320062,70.77404989030761,71.48100609422144,7064100
2020-06-19,71.19036865234375,74.15958478274383,71.12753276048873,74.15958478274383,14838800
2020-06-22,71.94446563720703,72.02302100313747,70.3734542055264,70.94687601498036,5939200
2020-06-23,71.8266372680664,73.12271677302103,71.622404124701,72.65927132442414,6317700
2020-06-24,68.8416976928711,70.79760460053093,68.22900439598472,70.6876343161119,8974500
2020-06-25,70.07495880126953,70.31061289506991,68.4646758034088,68.58249685737644,7398000
2020-06-26,67.91480255126953,69.77645268178627,67.69486197745614,69.73717501092052,13766000
2020-06-29,68.86528015136719,69.57223644782874,68.02478933027751,68.26830016140643,7022200
2020-06-30,70.09066772460938,70.68764766910274,67.8362644822972,68.0247841493513,8263600
2020-07-01,68.82601165771484,71.30034982075058,68.77102649837923,70.12994800464504,6379400
2020-07-02,69.36801147460938,70.97830067343952,69.25019040542017,70.20065165212414,5832800
2020-07-06,69.57221984863281,70.8918692895291,68.98309074096359,70.30274018185989,6747500
2020-07-07,67.7969970703125,69.18734555680167,67.67131927089112,68.98311239069221,5898000
2020-07-08,67.82841491699219,68.96740175962609,67.46708301989437,67.85983586364411,6736400
2020-07-09,64.99274444580078,67.804856485063,64.95347275383789,67.52993066958949,8833600
2020-07-10,66.94864654541016,67.09788853782877,64.80421356861312,64.80421356861312,6218100
2020-07-13,67.08218383789062,68.284006525838,66.6187323871724,67.58490697542504,7074000
2020-07-14,69.39942932128906,69.5958057517358,66.79940729991289,67.0743331039517,7440500
2020-07-15,69.82359313964844,70.84475282903425,69.28944908554284,70.8368960949193,5935200
2020-07-16,69.40727233886719,70.28704073084694,68.61391003864135,69.470114222494,4795700
2020-07-17,68.48823547363281,69.99640479375687,68.26829486356458,69.44655326858627,5964000
2020-07-20,66.98005676269531,68.72388007253286,66.6108741819134,68.20544951694788,14974800
2020-07-21,71.787353515625,72.05442852557383,67.83626145999416,67.92266755207184,15115000
2020-07-22,71.5124282836914,71.67738373532772,69.83144683223718,70.65622409041877,10317500
2020-07-23,71.4888687133789,71.77950195957546,70.71121382858514,71.08825916602446,6586300
2020-07-24,70.7976303100586,72.8478007744063,70.67980924320325,71.85806785522225,6620500
2020-07-27,71.5124282836914,71.55169996669133,69.75289747330541,70.50698210632798,7599700
2020-07-28,69.99639129638672,71.61453060951987,69.72931632642369,71.06467919037686,6787300
2020-07-29,70.75048828125,70.75834501517427,69.5800866296802,70.28704285956304,6386900
2020-07-30,67.76557159423828,69.5172518773025,67.3178336015255,69.4622667200547,10112800
2020-07-31,65.93536376953125,66.06104159073574,64.02658429107365,65.39336280869325,19119800
2020-08-03,66.61874389648438,66.87796224457139,65.8253873663032,65.96677864772035,11220100
2020-08-04,67.9383773803711,68.11904630450171,66.20241073082083,66.35951544591964,9077900
2020-08-05,68.49608612060547,69.46226064828538,67.87554196859395,69.23446330447577,7324200
2020-08-06,68.70818328857422,69.04595097315004,67.63203834168552,67.89125665627614,7035600
2020-08-07,68.181884765625,68.4253895706313,67.34924479975673,68.24472065557605,7185000
2020-08-10,70.48341369628906,70.5069779032707,68.81028308541421,69.07735808137973,8150200
2020-08-11,70.39702606201172,73.05989002172507,70.04354488583395,72.22724986821287,9074300
2020-08-12,71.26107025146484,71.9994474462649,70.26347476577557,71.32391213888022,9057400
2020-08-13,70.55410766601562,71.7009450401879,70.5069792511514,70.59338534035693,7314600
2020-08-14,70.9704360961914,71.15895577899757,69.79217759102077,69.91000464012437,6343000
2020-08-17,71.30033111572266,71.9365946416113,70.47555394206157,70.97042024625821,10473800
2020-08-18,69.82621002197266,71.2126985854003,69.57919466979745,70.89396537268141,7981500
2020-08-19,68.83814239501953,70.04135738292322,68.68674275143425,69.56326060447492,9120300
2020-08-20,67.57915496826172,69.23656294045273,67.5154131842012,68.06522178779207,7872300
2020-08-21,67.79429626464844,67.80226018734322,66.54327343724329,67.46759305425326,9003600
2020-08-24,69.48358154296875,69.59513726942568,67.6429059770983,68.20865461251019,8738700
2020-08-25,68.63096618652344,70.15291441513739,68.33614297525408,70.1290104876648,6835800
2020-08-26,67.55524444580078,68.39988227564042,67.45962873937683,68.29629656723772,7486500
2020-08-27,67.6588363647461,68.2325488423932,66.9098142398778,67.85804385928934,7438200
2020-08-28,68.23255920410156,68.31224707748437,67.18871371956362,67.7704023668697,7307900
2020-08-31,66.87794494628906,68.44770108477655,66.830137089671,68.3919232256119,9437500
2020-09-01,66.20063781738281,66.63889066950877,65.69863102692722,66.34406746046578,8990600
2020-09-02,66.28829193115234,66.90184837740372,65.89784084057081,66.18470013680879,10821900
2020-09-03,65.56317901611328,67.32417279042511,65.10898610671458,66.17674159155696,16179900
2020-09-04,65.28429412841797,66.64687294904793,64.46356005043603,65.70661313325671,10516600
2020-09-08,62.92566680908203,64.2085636104416,62.18461465723664,64.14481575065628,14942500
2020-09-09,63.770301818847656,64.59900572096758,63.49141254393476,63.72249396581409,9269800
2020-09-10,62.272274017333984,64.45558680617717,62.19259222257775,64.24840927634597,11845900
2020-09-11,61.90572738647461,62.702557421757,61.41169057604047,62.34398025828149,13732400
2020-09-14,61.58698654174805,62.13680114349847,61.29215727658784,61.73838617511816,8182800
2020-09-15,60.837955474853516,62.53520688037503,60.527192331738405,61.80211882648361,11732000
2020-09-16,62.59894943237305,63.33203749547808,60.527193092457665,60.837956239478515,13019000
2020-09-17,62.78224182128906,62.830049680009076,60.85391451472268,61.77823423285187,10515100
2020-09-18,62.32008743286133,63.0691097448584,61.754338736536745,62.05713201533064,14517800
2020-09-21,60.79814910888672,61.077038474108136,59.50728194500616,60.75033516104004,16199100
2020-09-22,60.184574127197266,61.778234264887985,60.04114447163186,60.67861095844054,9155000
2020-09-23,57.33192825317383,60.487381073621336,57.252246452104934,60.23238958327009,16649200
2020-09-24,57.2123908996582,58.19248830046398,56.17650956808916,56.77413201030287,15203500
2020-09-25,57.23630905151367,57.75424984603939,56.391664989292934,56.58290859545501,11070500
2020-09-28,58.90964889526367,59.57101933010776,58.288122396718585,58.67856743925798,12863800
2020-09-29,57.292083740234375,59.07698141012995,56.66258725001575,58.96542568571967,10553000
2020-09-30,57.371761322021484,58.080939552016694,57.060998101206984,57.57096882661184,10466500
2020-10-01,56.1127815246582,57.27615289335192,55.802018231344974,56.981329608549736,14930700
2020-10-02,56.72632598876953,57.108800959689894,54.837836821943824,54.9175186009414,9854800
2020-10-05,57.92953872680664,57.95344873350965,56.343848724679525,56.98927908106017,12049800
2020-10-06,57.610801696777344,59.22039534988612,57.570957771777906,58.83791433961158,15294500
2020-10-07,58.79011917114258,58.90167489000264,57.02115551588914,57.50722232492115,15410300
2020-10-08,59.937557220458984,60.20051259550161,58.95745358590503,59.27618682116905,11590900
2020-10-09,58.96541213989258,60.63078369981943,58.949478216921975,60.44751622867409,12260900
2020-10-12,59.37180709838867,59.72240817682226,58.32795562758984,58.670592782860176,9056900
2020-10-13,58.48731994628906,59.555069168520795,57.993283185347906,59.555069168520795,10440300
2020-10-14,58.12873458862305,59.308045430630386,58.096866744727315,58.39168989573221,7057500
2020-10-15,58.57497787475586,58.74231145344232,56.88569600335376,57.228333163330056,10052100
2020-10-16,58.0809440612793,58.98932986638971,57.5869072229804,58.58294482326209,9305600
2020-10-19,56.798038482666016,58.43950625217991,56.72632670446246,58.25623876610629,8357100
2020-10-20,57.11677551269531,57.60284230644143,56.606804791278165,57.30004909039079,7753200
2020-10-21,56.47134780883789,57.037096414585555,56.35979208823023,56.67851924463451,9800600
2020-10-22,58.48731994628906,58.559031724201596,56.23228971331119,56.479305054116715,9810100
2020-10-23,57.82594680786133,59.252273088178086,57.236294371755285,58.909635980846915,8727200
2020-10-26,56.527122497558594,57.28410857054256,55.96933784648524,57.156618931000104,9710900
2020-10-27,55.38765335083008,56.256195106855905,55.371713346880284,56.112765467959036,14251700
2020-10-28,53.2919921875,54.24819190643931,52.85373930240068,53.93742866960003,15961900
2020-10-29,54.821903228759766,55.09282249485268,51.921442684565754,52.69436263277029,12292200
2020-10-30,55.379676818847656,55.865743533388226,54.24817984504123,55.6984099876278,17191600
2020-11-02,57.491294860839844,58.2323471218901,55.30001201227883,56.335887529454276,11475500
2020-11-03,57.16458511352539,58.407644104350005,56.61477652231195,58.29608838559187,8608000
2020-11-04,57.18848419189453,58.63871449209008,55.69044603895161,56.399624224911896,10925700
2020-11-05,57.48331069946289,58.14468100081177,57.18051751443409,57.292073218356805,10627700
2020-11-06,56.69445037841797,58.383725928611156,56.439465045596556,57.77016956127927,8366900
2020-11-09,63.2682991027832,67.14885705973599,62.35991344818394,63.74639585583596,24015200
2020-11-10,66.19267272949219,66.25642059322419,63.515323246057044,64.65479047311028,15039700
2020-11-11,65.70660400390625,67.3241680034284,65.18069934167943,67.01340477590102,11640600
2020-11-12,64.28026580810547,65.5312884930272,63.674679468437986,64.52728720810656,8920700
2020-11-13,66.16079711914062,66.41578248826882,64.56713704225676,64.66275883542886,10890300
2020-11-16,70.88600158691406,71.06130517324927,68.16084423387835,68.71862284555317,18980200
2020-11-17,70.37661743164062,70.77280759522182,68.58971188871499,69.85914280241258,14329000
2020-11-18,68.1449966430664,71.07196720057335,68.12074098639708,70.64343414932601,10583700
2020-11-19,69.3174057006836,69.50336985011762,67.15855969695563,67.55475599037932,8820200
2020-11-20,69.36591339111328,69.78635915077857,68.63012560071998,69.30931480483558,8294600
2020-11-23,73.60274505615234,74.04745267936987,70.15021865249692,70.70811728942535,13379300
2020-11-24,77.31400299072266,77.47571146395406,75.19558744620747,75.51092328715667,17257400
2020-11-25,74.50025177001953,76.55398206040769,74.50025177001953,76.55398206040769,10556600
2020-11-27,73.82913970947266,74.86408890705665,73.20655520332046,73.8453142606258,4627700
2020-11-30,70.48979949951172,73.45719378933683,70.26340516888939,72.77801079746985,14288400
2020-12-01,70.70812225341797,72.53545802149293,70.40087361776,72.18777917405545,9913600
2020-12-02,72.6648178100586,73.82913245859955,70.42511769166605,70.55448941305016,10509600
2020-12-03,72.60822296142578,73.66742776744874,72.01797524760028,73.23889471367711,8249800
2020-12-04,75.4219741821289,75.55942698741397,73.51378477997328,73.75635363417935,10791100
2020-12-07,73.3844223022461,74.69427689688153,72.67289025697995,74.24148826355398,9398400
2020-12-08,74.01509857177734,74.75896742123452,72.92355095178084,73.04482922272712,7627300
2020-12-09,73.12568664550781,75.21175301486753,72.26053339161226,74.5487384293474,11129400
2020-12-10,75.47859191894531,76.45694252003855,73.40060625886812,74.02319693060804,11992100
2020-12-11,74.7508773803711,75.42197924242294,73.60273122016507,74.81556323500365,9584500
2020-12-14,72.31714630126953,75.76158545136103,72.1554316332567,75.51902270251753,12198400
2020-12-15,72.26055145263672,73.15804785804927,71.77541359225275,72.30097549514595,11775300
2020-12-16,71.71073150634766,72.24437449873045,71.03154222566127,72.12309003766674,9892900
2020-12-17,71.48433685302734,72.40608888341212,70.78897919238145,72.39800160769747,11748900
2020-12-18,70.49790954589844,71.72691038145842,69.74595317984604,71.13666871007499,27427600
2020-12-21,69.60847473144531,70.21489078754179,67.53857656731326,68.20159120856076,11430500
2020-12-22,68.20967864990234,69.37399945446316,68.16116733930669,69.08291925332296,8585800
2020-12-23,69.28506469726562,70.06936386190618,68.72715989586487,68.72715989586487,7223100
2020-12-24,68.99398803710938,69.4791197218333,68.57353605324033,69.4791197218333,3335600
2020-12-28,68.64630889892578,70.04510535324938,68.41991452496246,69.22038210969961,8051900
2020-12-29,68.41182708740234,69.30932347405279,67.95903834054592,68.93738897930871,7670800
2020-12-30,68.99398803710938,70.00468161727757,68.35522895418899,68.41182754792705,7901800
2020-12-31,68.28244018554688,68.88885619489909,67.88625012002923,68.64629349242779,8350700
2021-01-04,68.49266815185547,69.4952742563306,67.8296535421373,68.84843419519106,9234900
2021-01-05,70.34424591064453,72.13923800019708,68.9858740187222,69.1233268118331,13414800
2021-01-06,72.60822296142578,73.40060320494747,71.00728175520172,71.9613766587773,13916800
2021-01-07,72.94780731201172,73.43293890684086,72.21201956097424,73.08526013293644,9286600
2021-01-08,73.6431655883789,74.73471322973897,73.13377216530336,74.45172031068755,11152100
2021-01-11,74.06362915039062,74.46790660881938,71.6137087393179,72.05841641110331,10635000
2021-01-12,75.47050476074219,75.93946804196403,74.152562610533,74.92069339917921,10923900
2021-01-13,75.39774322509766,75.61605033035835,74.33853829696514,75.35731301322734,9723300
2021-01-14,77.2088851928711,77.87998706235902,75.83434469500328,75.95562913158754,13950200
2021-01-15,74.4598159790039,76.25480880059342,74.15256734519777,76.18204182236994,10244600
2021-01-19,76.41650390625,76.83694962213141,75.43006621774897,75.59986195890008,9574800
2021-01-20,77.11995697021484,77.26549708543313,76.24672244768891,76.81270835754681,8735400
2021-01-21,74.3951187133789,76.53778987446094,73.75635976837512,75.89094365530242,10393100
2021-01-22,74.16873931884766,74.41130207327743,72.63248386565658,73.0933598847355,7810600
2021-01-25,73.49764251708984,73.60275243457644,72.22821155575726,73.27124812940521,7689400
2021-01-26,72.25244903564453,75.12282071001313,72.17967590432337,74.54874144011313,7827800
2021-01-27,71.31451416015625,73.05290780603839,70.14211244274709,70.77278405176897,10178500
2021-01-28,71.97754669189453,72.89121757800818,71.35496220055674,71.69455374128644,8155500
2021-01-29,68.88888549804688,70.61919275391378,68.66249107859294,70.2068341336735,14699800
2021-02-01,69.86722564697266,70.58683895037426,68.37948155571753,69.52762793094439,8073600
2021-02-02,70.39277648925781,71.45198743554533,69.96424344702433,71.16090722406912,9233100
2021-02-03,71.92902374267578,72.27670250255275,70.25531579833374,70.38468750841943,9256500
2021-02-04,71.96138000488281,72.48694187912467,71.11239496427797,72.3737446962152,7917600
2021-02-05,72.17160034179688,73.14995087113273,71.67029416471611,72.72141783096234,8017300
2021-02-08,73.9665756225586,74.41936421291923,72.77799940408002,73.00439369926033,9886600
2021-02-09,73.54613494873047,73.79678493232315,72.61629580773631,73.65933211350024,7605500
2021-02-10,74.8074951171875,74.86409371228872,73.25507122116751,73.88574304337662,8778800
2021-02-11,74.40320587158203,74.74280355709762,72.83461384100642,74.68620497097557,8572400
2021-02-12,74.83174133300781,74.97728142844404,73.86147197383862,74.00701206927485,7858300
2021-02-16,76.36510467529297,76.96369572446756,75.9387157646339,76.29951071240933,14006000
2021-02-17,78.6528549194336,79.30884454793824,77.24248159733516,78.24286296561338,14342300
2021-02-18,77.89849853515625,78.53808520638236,77.32451210097459,78.51348668148643,9030600
2021-02-19,78.55448913574219,79.03007521885004,77.61150605126426,78.00509496528338,8913900
2021-02-22,80.67823028564453,81.70321034949913,79.09566081681376,79.53025136293101,13178700
2021-02-23,81.69500732421875,82.12960411869415,79.37445725490525,81.97380514980708,14874000
2021-02-24,84.7125473022461,85.31113839087682,81.84260322553948,82.2689984202856,16116000
2021-02-25,83.92538452148438,86.06554385798353,83.30219475625523,86.01634680619652,13219200
2021-02-26,81.9984130859375,82.86759426273406,80.03865151366219,82.2444108275883,14454100
2021-03-01,83.67938232421875,85.11435454066358,83.14639139262847,84.01557256181783,10439900
2021-03-02,83.9991683959961,84.71255051831815,83.40057728464015,83.54817466442779,10643500
2021-03-03,84.94215393066406,86.71332267324449,84.7863611983689,84.79456279143153,14958200
2021-03-04,85.6883544921875,88.21390749444589,84.56497381271964,85.70475142462509,22994200
2021-03-05,89.37826538085938,89.484861059894,87.04131198677645,87.70549709457315,23638200
2021-03-08,89.99327087402344,90.55086041077153,88.60749549828554,90.08346964143735,18033600
2021-03-09,89.78825378417969,90.76403680895392,88.45987736645206,89.43566039122628,19010700
2021-03-10,91.3216323852539,91.84642171403979,89.9522541699704,90.36224622408326,17389900
2021-03-11,91.17402648925781,92.28920527288041,90.92802877734808,91.55121839313286,10989500
2021-03-12,91.47742462158203,92.41220599947192,90.78864097723464,91.54302485132433,10930300
2021-03-15,90.40324401855469,91.76442058215893,89.28806517916244,91.45282263069281,10488000
2021-03-16,88.26307678222656,89.27985518505338,87.80388774662374,88.99286203780163,11698400
2021-03-17,88.58287811279297,89.01746866909113,87.41030064203473,87.91049142539201,9168600
2021-03-18,85.37674713134766,88.17288967191776,85.0405506459515,87.7465006906162,13246600
2021-03-19,84.76995086669922,86.00812856352282,84.24516156261146,85.22914619976248,18491000
2021-03-22,84.0811767578125,85.68834496529533,83.89257764784023,84.50756576960073,12508500
2021-03-23,83.61377716064453,85.52434155755998,82.56419854520075,83.18738193813174,14781700
2021-03-24,85.85233306884766,86.72152047196539,84.38456702996187,84.45016100364555,11026800
2021-03-25,86.15572357177734,86.31152254262825,83.69577143067093,84.33535798640152,11138200
2021-03-26,88.13186645507812,88.1810634838878,86.39349845069982,87.36107963849845,9820200
2021-03-29,87.67269897460938,88.17288977896364,86.67231736590087,87.24630999279016,7542300
2021-03-30,86.86091613769531,87.59890308037397,86.58211829002461,86.96751181875581,6284600
2021-03-31,85.92613220214844,87.09870968280613,85.7703332255632,86.54932185250732,8954400
2021-04-01,86.71331024169922,86.80350898450953,85.45053409833635,86.311519822987,8515800
2021-04-05,85.69654083251953,86.77891960425627,85.41774298283917,86.69692244469697,8692700
2021-04-06,84.93394470214844,86.1639207091099,84.82734277771696,85.48333248382234,8125100
2021-04-07,85.43412780761719,85.74571944937102,84.6715425012372,84.84373837609967,7699300
2021-04-08,84.4747543334961,84.96674976976746,83.69577198603616,84.88474635973434,8283000
2021-04-09,84.39277648925781,85.01596626340618,83.72038966261832,84.556777090867,7163700
2021-04-12,83.4579849243164,85.16355344014177,83.23659195873469,85.00775445133601,7845900
2021-04-13,83.83516693115234,84.13036168755634,83.05618459151957,83.27757753083168,6829900
2021-04-14,85.49974060058594,86.36892801332284,84.13036863506211,84.17137034305263,10194800
2021-04-15,84.80276489257812,85.49975021491578,84.40097438421597,85.28655882614247,7860500
2021-04-16,84.4255599975586,85.5735389590074,83.9909694367773,85.1143498768207,7459700
2021-04-19,84.67156219482422,85.1389528941549,83.81057636427606,84.67975753173744,7068700
2021-04-20,83.08897399902344,84.45014408397704,82.41658741961675,84.31894990691234,9783800
2021-04-21,84.2369613647461,84.45015270624046,82.11319949384752,82.26899846000092,8264400
2021-04-22,82.77738952636719,84.35176369839958,82.71179555518492,84.35176369839958,9899400
2021-04-23,83.2693862915039,83.77777242011504,82.5887979998667,82.90038969985359,6756000
2021-04-26,83.2447738647461,84.18775672656083,83.03158252665209,83.03977786243773,5639700
2021-04-27,84.21235656738281,84.54035142741954,83.23657983515008,83.48257128819142,6898900
2021-04-28,86.27872467041016,86.80351397366141,84.76175539520008,84.90115118538014,8718400
2021-04-29,87.65629577636719,88.2712838109217,86.71331287218723,87.2627006816203,9740300
2021-04-30,84.51576232910156,86.41812522220243,84.43376516894716,86.08193498877468,13730000
2021-05-03,86.53291320800781,86.68871217476324,84.6387521110618,85.26194172210191,7938100
2021-05-04,87.00850677490234,87.33650164130715,85.97532513532082,86.88550791800283,8704300
2021-05-05,89.345458984375,89.82105122228594,87.59069366406518,87.81208659910281,12872400
2021-05-06,89.3946533203125,89.4848520611875,88.08268016574186,89.33725469029946,9654900
2021-05-07,90.21465301513672,90.74764396138004,88.31229004613203,88.63208336268151,10273000
2021-05-10,89.84565734863281,92.74840180565721,89.8046556413486,91.37902986372234,13586500
2021-05-11,87.49229431152344,89.85385234369362,87.09050388476516,89.42745714078212,12754800
2021-05-12,88.04169464111328,90.32124942707341,87.50870372750812,87.73829827343474,11661900
2021-05-13,87.47591400146484,88.45169719351772,86.45913535333204,86.97572314301614,9706300
2021-05-14,89.76365661621094,90.05064978782754,88.39428472879601,88.39428472879601,9124100
2021-05-17,90.86243438720703,90.9198330228737,89.35366667483629,89.45206076113223,12692900
2021-05-18,88.13168334960938,90.52214299602552,87.95737959406917,90.42254446860913,12759900
2021-05-19,85.658203125,86.56292971412572,84.6372803828679,86.17281865576805,14762700
2021-05-20,85.95701599121094,86.38032868735803,84.63728497668767,85.55030726965205,9706300
2021-05-21,86.42183685302734,87.31825521872081,86.05662538353963,86.40523287756271,10352800
2021-05-24,87.6502456665039,87.8494490000531,86.32221288857623,87.11073056943835,6785600
2021-05-25,86.21432495117188,87.6668623987028,85.99851761442171,87.50915630655145,7884000
2021-05-26,86.42183685302734,87.0775545675343,86.04002774063619,86.75384037158578,9232400
2021-05-27,85.5005111694336,87.0775531878437,85.13529970573242,86.4218354837262,11703400
2021-05-28,86.14791107177734,86.42181961927183,85.45068989020594,86.00680897127168,7278200
2021-06-01,88.52178192138672,89.16919758807202,87.4012543188498,87.4012543188498,10260600
2021-06-02,89.70870971679688,90.10711642162293,88.15656750065436,88.9865888570291,9141800
2021-06-03,89.302001953125,89.7170126650534,88.44708089976223,89.27710232361903,8809300
2021-06-04,90.01580810546875,90.19841380600401,88.98658345911362,89.84150439111055,6699300
2021-06-07,89.4347915649414,90.22330923597036,89.28538748350269,89.9494070304658,6748600
2021-06-08,90.24823760986328,90.455742978261,88.231285175735,89.35181289857043,10559500
2021-06-09,89.4596939086914,90.91223117083027,89.35179342036837,90.52212015007481,10146900
2021-06-10,89.98263549804688,91.50987204631038,89.01980750083254,90.52214441685112,13526200
2021-06-11,89.5676040649414,90.44742464149529,89.52610046573936,90.33951781659405,7731700
2021-06-14,89.6174087524414,90.43912813947857,88.67118489280818,89.79171248105168,9051900
2021-06-15,91.55136108398438,91.7007651862367,89.96601720272035,89.98262117661538,10540200
2021-06-16,91.02842712402344,91.72564825283311,90.38931356079406,91.32723527457622,9283300
2021-06-17,88.87039947509766,91.28576501785257,79.93936659076739,90.67154456414282,14337800
2021-06-18,85.51708984375,88.2063569668436,85.41749134487671,87.35973806362217,22284500
2021-06-21,88.02375793457031,88.34746572222865,86.26411056808523,86.40521266371893,13591500
2021-06-22,88.31427764892578,88.77908760346644,86.57952964133966,87.42615501003664,10230100
2021-06-23,88.20636749267578,89.75020773503807,88.17317221079655,89.11109407161561,7792800
2021-06-24,88.9284896850586,89.45970285889676,88.28107402522836,88.9284896850586,8724600
2021-06-25,89.06128692626953,89.69209854705817,88.62967230935112,89.30198752765263,8102300
2021-06-28,86.31391906738281,88.81228512292981,86.04001683255332,88.7707815220912,11348400
2021-06-29,86.12300109863281,87.12732598621872,85.9984966526797,86.81191387879628,7225500
2021-06-30,86.93641662597656,87.05261908457972,86.08979780864516,86.1893962974141,7927500
2021-07-01,88.15654754638672,88.89526587974625,87.7664365839827,88.77076143795958,10873200
2021-07-02,88.04034423828125,88.31425274105214,87.18542345620142,87.7332341291843,7107700
2021-07-06,86.31391906738281,87.95736413916173,85.81590752012146,87.95736413916173,10162800
2021-07-07,85.43409729003906,87.06924035281999,84.76178202704074,86.28901826213826,8245000
2021-07-08,85.16019439697266,85.56690310996781,84.01476714437864,84.24717212323301,8695500
2021-07-09,86.38031005859375,86.51311649641491,84.96097450031753,85.87399659637973,8567900
2021-07-12,86.55462646484375,87.16884049853311,85.6914034899655,85.95701007203877,9898600
2021-07-13,86.26411437988281,86.80362949400644,85.6748000139373,86.32221561786167,6738000
2021-07-14,84.63728332519531,87.41785375374202,84.42977797481778,86.72063881610269,9216600
2021-07-15,84.0811538696289,84.86967151202244,83.70764051331659,83.87364856030855,9665700
2021-07-16,81.8567123413086,84.40487777335468,81.6160053765964,84.35507218346068,12199100
2021-07-19,79.64884185791016,80.47056115807017,78.45360917945206,79.5326393844556,17385500
2021-07-20,80.12196350097656,81.37529756888708,78.89353539403538,79.59075031972189,12114600
2021-07-21,82.85272979736328,83.3922449341712,81.09308227913817,81.32549357338547,11478100
2021-07-22,82.022705078125,82.51242094083501,81.25078501144245,82.50411895467111,7694300
2021-07-23,82.05591583251953,82.27172316890517,81.29229766692198,82.00611657510774,7570800
2021-07-26,83.79065704345703,84.04796798128436,82.53732930017178,82.55392694169579,10227500
2021-07-27,83.5084457397461,83.59974859180012,82.12231165137698,83.0436358256966,8332100
2021-07-28,83.9815673828125,84.50447859678096,83.2345468395998,83.74916239882651,8546100
2021-07-29,85.13529205322266,85.39259665266877,84.61238086747589,84.97758596578896,8681300
2021-07-30,84.50447082519531,86.36372319121584,83.64124786937727,85.54199750297272,12295300
2021-08-02,84.35508728027344,86.30564297572357,84.29698602546611,84.72860077480216,8911800
2021-08-03,85.16019439697266,85.4175053371849,83.55825284122845,84.32187100962446,8437300
2021-08-04,83.25113677978516,84.57916955908394,83.08512872452293,83.36733925218881,10389800
2021-08-05,84.02306365966797,85.0190867420544,83.5582473996687,83.78235670936985,7986100
2021-08-06,84.62068176269531,85.14359931338917,84.33017553039925,84.67878300915453,6475600
2021-08-09,83.20964050292969,84.14756235057266,82.94403392370404,83.75745763464778,9243100
2021-08-10,84.72859191894531,84.92779529566941,83.48355973243771,83.61635987273338,9762600
2021-08-11,85.36769104003906,85.4672958776293,84.33016439557441,84.6953758008452,7079800
2021-08-12,85.1933822631836,85.6996957422121,84.479563467588,85.37598795497219,7377600
2021-08-13,84.62895965576172,85.11037346511188,84.36335312863045,84.85306892298571,6572600
2021-08-16,83.76575469970703,83.99815966887415,82.92743767986285,83.69105581642923,9476600
2021-08-17,83.6080551147461,84.39657288065965,82.69502654466454,83.16813847072476,10937500
2021-08-18,81.34519958496094,83.63329730111558,81.21902291659374,83.01921612193398,12893600
2021-08-19,79.31787109375,80.17590441080638,78.11493781589829,79.75529845936084,17423400
2021-08-20,79.32627868652344,79.8141766736763,78.4093544481348,78.67012806350418,9707600
2021-08-23,81.37043762207031,81.59756203270157,80.80682071802592,80.8320560505474,10277800
2021-08-24,82.30415344238281,82.95189007529368,81.92561072710284,82.01814453180438,8924900
2021-08-25,82.86779022216797,83.04444395987535,81.36202007549518,81.78262604659022,9342300
2021-08-26,81.78263092041016,83.052862825839,81.76580308651835,82.53130908014164,8124800
2021-08-27,82.97714233398438,83.66693584384113,82.48083038742513,82.55653637875618,10281200
2021-08-30,82.7668228149414,83.54073607758524,82.41351542346526,83.35566846740166,8127200
2021-08-31,81.40406036376953,82.78365357454128,81.29470514385159,82.55652280202554,15676900
2021-09-01,80.51239013671875,81.65643883355511,80.31050107784688,81.47978510480004,10557300
2021-09-02,82.1948013305664,82.7668255912598,81.21899901405207,81.29470499279232,12340100
2021-09-03,82.00973510742188,82.80047623891497,81.9172012976541,81.93402912739548,9097000
2021-09-07,81.64802551269531,82.42194534356418,81.37883795959146,81.61437626631515,9237800
2021-09-08,81.08439636230469,82.83411826262115,81.0507471236906,82.01814187555357,10775900
2021-09-09,80.75633239746094,82.1190978171253,80.20954344659913,80.66379858648725,10219400
2021-09-10,80.81523132324219,82.18640448353855,80.66381291638007,82.10228457260133,11006000
2021-09-13,82.41352081298828,83.03601574600303,81.6480149967926,81.77419804998203,11500900
2021-09-14,80.9245834350586,83.06126246348214,80.73952220533101,82.75842566147328,15294100
2021-09-15,82.64064025878906,82.88459243566155,81.5891255746506,81.5891255746506,11623400
2021-09-16,81.86674499511719,82.93508132525079,81.52185144020012,82.70795692742128,10616700
2021-09-17,81.39563751220703,82.75839621848,81.06756549640538,81.69006029331939,16006100
2021-09-20,79.73004913330078,80.12541968512608,78.49346682625107,79.61228000100427,15796100
2021-09-21,79.78894805908203,80.66380921211673,79.0991545523732,80.39462165871663,10958400
2021-09-22,82.13593292236328,83.09491401602382,80.9582349283075,80.9582349283075,13292800
2021-09-23,84.17164611816406,84.3482998164916,82.22844901862469,82.64064098138897,10094900
2021-09-24,84.62590789794922,84.9371585821358,83.82675923527844,83.82675923527844,8225300
2021-09-27,86.61959075927734,87.30097034760055,86.29992612836027,86.29992612836027,12697500
2021-09-28,86.9476547241211,88.23470778918569,86.54387022432785,87.41032379493244,15560800
2021-09-29,86.92242431640625,87.68792378297177,86.08961994180575,86.82147658125966,10268100
2021-09-30,85.34095001220703,87.02337391717268,85.34095001220703,86.99813858546824,15319800
2021-10-01,87.76364135742188,87.940295090879,85.70266829788007,85.98868368867087,10854900
2021-10-04,88.09170532226562,89.05068631090047,87.57856558403891,88.32724361169355,13305400
2021-10-05,89.05068969726562,90.6574010429263,88.6805544181253,89.2021080916469,13017300
2021-10-06,88.26834106445312,88.62164842664782,87.13270659000688,87.63743230999013,10630100
2021-10-07,88.8992691040039,89.42082276462514,88.51231242080898,88.84038453086418,8830900
2021-10-08,90.8929443359375,91.21260253332028,89.67318328420613,89.84983700522851,10586700
2021-10-11,90.1190414428711,92.22207149405492,89.94238768872427,92.1631869093393,9794800
2021-10-12,90.13583374023438,90.49755502314274,89.3114434613028,90.00123678941459,9085000
2021-10-13,90.67423248291016,91.13689518231014,89.57224693535402,89.81619274129103,9220700
2021-10-14,91.53226470947266,91.82669400857885,90.9434189471352,91.59114928570641,7648600
2021-10-15,92.2052230834961,92.55853048835533,92.05380470742264,92.3398136300411,9968100
2021-10-18,92.16316223144531,92.8781973917385,91.65843643789582,92.71836509690543,10677400
2021-10-19,93.9633560180664,93.9633560180664,92.36505872348152,92.66789548660927,10362800
2021-10-20,95.19153594970703,95.19994344728553,93.18944764084473,93.4502212603942,10811400
2021-10-21,93.99700164794922,94.89709798767099,93.26515151346398,94.81297809402098,9372600
2021-10-22,94.88871002197266,94.95600209998162,93.7530687611687,94.40080555326524,8673800
2021-10-25,95.77196502685547,96.19257093950563,95.30930237370242,95.50277749947684,9579800
2021-10-26,95.98226928710938,96.40287520547352,95.48595738404944,95.88132797418166,7463000
2021-10-27,94.27461242675781,95.54484412609169,93.92130498761185,95.24200734455597,9096100
2021-10-28,95.15788269042969,95.28405932815411,93.86241572698557,93.86241572698557,7538200
2021-10-29,96.31034088134766,96.98331291435085,95.18312010669479,96.59635624165195,15294200
2021-11-01,96.343994140625,96.8150707326006,95.94021603834227,96.76460007429957,11213800
2021-11-02,95.75515747070312,96.05799428506887,95.23360375308705,96.04958036857597,9189700
2021-11-03,95.06535339355469,95.28406385462473,94.19049229546317,94.44285200083716,10416000
2021-11-04,95.48596954345703,96.11687850134467,94.98124366073448,96.08322925343812,9673000
2021-11-05,96.5206527709961,96.78143282733312,95.83927317753292,96.1252821463662,8102100
2021-11-08,96.86554718017578,97.57216206355321,96.47859049385902,96.81507010426512,7695900
2021-11-09,97.5805892944336,97.68153704209243,96.28512208019976,96.96650172756726,10945900
2021-11-10,96.02435302734375,97.75724772868134,95.61216093602273,97.37870488819404,10305100
2021-11-11,96.03276062011719,96.4617740996324,95.53644222542866,95.56167755740744,7317500
2021-11-12,96.09162902832031,96.15892109629237,95.55324755898575,95.7299076889809,8682800
2021-11-15,98.27037048339844,98.37972571613753,96.12527764583066,96.69730197465292,11050400
2021-11-16,98.6573257446289,99.33029779864891,98.30401830434012,98.51432126897923,10566300
2021-11-17,98.21483612060547,99.15937372040577,97.56813072183918,97.74682614719147,11108000
2021-11-18,97.3894271850586,98.18079633681103,96.50446123387044,97.72980220049972,8368600
2021-11-19,95.22807312011719,96.28322997272852,94.53881183207079,95.73863246866368,13532600
2021-11-22,96.92993927001953,98.0191342481092,95.17701001579944,95.321667303677,9947100
2021-11-23,98.96366119384766,99.42316000049874,97.90849799278234,98.0191236061839,10366800
2021-11-24,99.72100067138672,100.41025543204546,99.28702232588003,99.39764145656784,8500900
2021-11-26,97.44049835205078,97.71279709586777,95.8407375515261,96.45341134814286,11861800
2021-11-29,97.72981262207031,99.70398013161122,97.61068232777929,98.99770303537575,12003800
2021-11-30,96.04496765136719,98.58925967861353,95.67906560125904,96.53850466723402,24451200
2021-12-01,95.38973999023438,98.75943926027153,95.38122882888418,97.81490160592999,12302700
2021-12-02,97.9765853881836,98.45310657028868,95.245086768564,96.3683199064647,11392400
2021-12-03,97.35540771484375,99.55932469224354,96.65763527516928,99.33807993069101,10445100
2021-12-06,98.87858581542969,99.94225393518309,97.90001633894856,98.67436335422923,9833900
2021-12-07,100.34219360351562,100.9718898010711,99.76355789004963,99.76355789004963,11419600
2021-12-08,100.79317474365234,101.48243600629165,100.12094229631602,100.74212075831392,8827900
2021-12-09,100.52938842773438,100.92081746851872,100.05286724627763,100.28261667530451,8334700
2021-12-10,100.6995620727539,101.43136609104569,99.44869410355206,101.20161668628594,9090700
2021-12-13,98.60627746582031,100.28261929858581,98.37652803078345,99.95075539680236,8533000
2021-12-14,98.89558410644531,99.49123551190071,98.25738338969448,98.48713279119488,12245300
2021-12-15,98.33397674560547,98.98068870449768,96.96397184837927,98.98068870449768,11069500
2021-12-16,99.25297546386719,100.57192621549665,98.64030173387448,98.87005762867847,11344700
2021-12-17,96.66614532470703,99.09981819744017,96.60658017714144,98.6403128481709,22727900
2021-12-20,96.70867919921875,96.75973317694755,94.22395273734945,95.18550610654947,13464400
2021-12-21,98.25738525390625,98.76794453857093,97.25328251414984,97.37241279750116,11368200
2021-12-22,98.81901550292969,99.28703204804086,97.35541369991267,98.21485282149551,8345200
2021-12-23,99.0572738647461,100.34218009868168,99.04876270319086,99.14236600395624,7416600
2021-12-27,101.08248901367188,101.10801600462507,98.20633333893778,98.76794661624895,7745500
2021-12-28,100.88677215576172,101.55049989487378,100.44428916039159,100.97187078251042,6516000
2021-12-29,100.36771392822266,100.9633719274977,99.80610057748765,100.47833955963426,6957400
2021-12-30,99.92522430419922,100.99740343865716,99.84863683425232,100.52087577216803,6016000
2021-12-31,99.85714721679688,100.48683683403914,99.66994061629171,99.88267420920866,5706600
2022-01-03,101.48243713378906,101.84833918104599,99.8060953473356,99.9167144808359,10717700
2022-01-04,103.3289566040039,103.79697308530444,101.8228056869241,102.0695709311221,16413100
2022-01-05,104.00119018554688,105.3796995833502,103.87354874335048,104.01820601485345,15487100
2022-01-06,104.88617706298828,105.78816545898167,103.50766098335416,105.19251396957364,13318500
2022-01-07,106.39231872558594,106.82629705365378,104.62237375301976,105.13293954703543,14164600
2022-01-10,106.46040344238281,106.9539469531347,105.39673544099391,106.49444159748097,12626100
2022-01-11,108.89405822753906,108.91958521658609,106.22212517206374,107.09858642061535,14609000
2022-01-12,108.34947967529297,109.285499733094,107.61767556540487,108.91109300839645,12469200
2022-01-13,107.89849090576172,109.00470828810907,107.60065865443498,108.18780550267785,9691300
2022-01-14,109.73649597167969,109.94071189922819,107.86443656641642,107.86443656641642,13281000
2022-01-18,110.0938949584961,110.62147012258924,108.80898221851098,110.35768254054267,12905500
2022-01-19,109.6939468383789,110.7490970903808,109.37909230918032,110.5789128224025,12064300
2022-01-20,109.30250549316406,111.3532602208765,108.81747321402956,109.14934355543949,11370400
2022-01-21,107.99207305908203,109.25995683187232,107.41343748648953,108.71536590179431,13055700
2022-01-24,108.2218246459961,108.68984110832719,104.52876640426446,105.89877114805532,19513700
2022-01-25,112.82537078857422,112.95301871853022,106.5965322445552,108.17076582442768,19984500
2022-01-26,112.91048431396484,114.62937538731876,111.97445130762654,113.08917326157516,17266500
2022-01-27,115.19098663330078,116.57801387302054,113.67632442609764,114.40812853620253,20654100
2022-01-28,111.14053344726562,112.3743856298815,108.97916596044165,110.62146298619209,24817800
2022-01-31,111.75321960449219,112.2042138110488,110.05135075432261,110.78315487926469,16401800
2022-02-01,114.69741821289062,115.5058161121761,111.05542077694165,111.32772596074851,16169700
2022-02-02,115.22502899169922,115.55689288479178,113.00408971200946,114.32304061479267,10906700
2022-02-03,114.19540405273438,115.17398649041836,113.33596490651998,114.74851925252871,9447700
2022-02-04,115.62495422363281,116.57799646312331,114.88463257010378,114.88463257010378,13034700
2022-02-07,117.89694213867188,118.64575544434437,114.73146571129722,115.16543750154696,18422500
2022-02-08,116.10148620605469,117.79483727328069,114.88464331893027,117.58210368318875,11021600
2022-02-09,117.25022888183594,117.71824533329476,115.81216085350128,116.3397359528403,10140800
2022-02-10,115.76107788085938,118.10114683031009,115.20797586831553,117.054501444866,11012700
2022-02-11,118.11820983886719,118.65430270145907,115.96534670248596,116.45889024540351,12821200
2022-02-14,116.29718017578125,117.47147357338203,114.91867087197232,117.37787028829463,15945000
2022-02-15,115.4458999633789,115.94462509451324,113.65737253051536,114.4312617838814,11746800
2022-02-16,115.4803237915039,117.07967947173434,115.0159875279096,116.03923297931374,11348800
2022-02-17,114.88702392578125,115.72109737044767,113.88957337661608,115.36854815763995,10073900
2022-02-18,114.72364044189453,115.14498068161724,113.5456249315634,114.20772727382749,10691800
2022-02-22,113.84656524658203,117.80196493797486,112.23002165699835,117.80196493797486,19428700
2022-02-23,116.55517578125,117.01090502871602,113.98416428736188,114.30231142827729,16134200
2022-02-24,115.9532699584961,118.8596165034896,113.26187741328874,118.60165333497373,22108900
2022-02-25,120.70832061767578,120.81150061891681,116.45196187879036,116.90770416555374,28028000
2022-02-28,123.82105255126953,123.82105255126953,119.22075125340133,119.75387859608276,24394300
2022-03-01,128.739501953125,128.94587509902425,124.42295877539348,124.68951588850233,31159900
2022-03-02,132.54013061523438,133.92451943080184,129.02327158457152,129.15224661188594,31329500
2022-03-03,134.32864379882812,135.1025201181041,130.48503096395265,130.92355912880228,22492900
2022-03-04,136.41810607910156,137.5359375385441,133.3569769062479,133.95888211654787,29034400
2022-03-07,139.3330535888672,139.38465670813943,133.89869275438616,137.49293595129416,34824700
2022-03-08,146.6333465576172,149.61709073865853,141.10439944485125,141.28496444823497,57231000
2022-03-09,142.9703369140625,145.979876616601,138.61940447196653,139.96079721152398,43430000
2022-03-10,146.8827362060547,150.2706069072963,144.70725693770143,145.0942082400124,34913600
2022-03-11,146.9514617919922,148.73998912095539,142.634933119758,142.6435270778732,28423600
2022-03-14,143.3572540283203,144.75884365369117,141.27637417159391,142.9187258881199,25156200
2022-03-15,136.09999084472656,137.74234289761577,133.50318419194102,136.8136833041583,28534400
2022-03-16,135.60983276367188,138.0088595015927,134.32003033842335,136.53847896376791,22299700
2022-03-17,137.95729064941406,138.43022090193713,135.79041856911337,137.53595040252063,15750700
2022-03-18,139.06649780273438,139.06649780273438,136.52988891781285,138.34421157282335,23214700
2022-03-21,141.5687255859375,142.37700393974512,139.9177799171293,140.17574304800087,13180600
2022-03-22,141.09580993652344,142.10185444231803,139.79741330847426,140.75186780687702,11063900
2022-03-23,142.61776733398438,143.8989759193482,141.82669001381376,142.73814838008533,10755000
2022-03-24,142.99612426757812,143.94197167972015,141.87829267090922,143.10789824285922,9024800
2022-03-25,145.58428955078125,145.91104368041226,142.01584160457733,142.06743159966683,10254700
2022-03-28,143.0391082763672,143.2798703697823,141.99006781767997,142.65215701429645,9992000
2022-03-29,141.2935791015625,141.43114807133054,138.0088755781012,140.59707468953226,15102600
2022-03-30,142.291015625,143.03911003639834,140.72606199854584,142.0846556112765,9906000
2022-03-31,140.01239013671875,142.87575383064888,139.9178040764189,140.5627054546765,10395900
2022-04-01,141.2075653076172,142.69513370892332,139.58241483714275,139.9693529261989,8795300
2022-04-04,141.3365478515625,142.2652071872631,140.158532482646,141.8782690775251,8718600
2022-04-05,140.46807861328125,144.21710472861298,140.2445175904556,141.90405702417127,9538200
2022-04-06,141.71490478515625,143.6066125860555,141.30217163890828,141.73210582641036,9269000
2022-04-07,143.6840057373047,144.199918872117,140.5196834041471,141.9642690468309,8018400
2022-04-08,146.117431640625,147.12348921971156,143.61522455580254,143.64101955828676,10801200
2022-04-11,142.3598175048828,145.12859494450896,141.8009082644423,144.94802991875795,10206100
2022-04-12,145.3263397216797,148.48205487470585,144.58685244327648,145.29195076199667,9528400
2022-04-13,147.61361694335938,147.96616616086695,144.70725735018718,146.97730955960557,7330700
2022-04-14,147.54481506347656,148.70564264742,146.6591516643836,146.77093875454793,9421100
2022-04-18,149.5225067138672,150.08141589261348,147.78556897477222,148.75722440792012,7639000
2022-04-19,147.75115966796875,149.35051510202604,147.0632624592418,148.8259949564334,6970200
2022-04-20,148.3530731201172,149.25593743713975,147.4330208843104,147.57058983732773,7495000
2022-04-21,141.5171356201172,148.27570142382373,140.87223435304807,147.67379619866918,14594800
2022-04-22,138.3958282470703,142.28243742276786,138.3184432333534,141.34518393516973,12160100
2022-04-25,135.42066955566406,136.1687508126985,130.14967243422456,133.907292880496,15449800
2022-04-26,134.59519958496094,137.89709109160208,134.4748185337985,136.56430556821473,9810600
2022-04-27,134.34584045410156,135.79041303506222,132.86686579042265,135.0681267445819,10396600
2022-04-28,139.1181182861328,140.15856494001878,133.21941987487804,135.38629215997523,9366400
2022-04-29,134.71560668945312,139.67705199008498,134.38885243572653,138.67960130437973,14713200
2022-05-02,137.36398315429688,137.5789502640845,133.408583085984,134.40603362433086,11559000
2022-05-03,139.72000122070312,140.52826638079165,136.94261723586698,137.2091874233176,8827200
2022-05-04,144.10533142089844,144.36329454605823,140.56267807172264,141.85248057697203,9183200
2022-05-05,142.9617156982422,145.7476940422714,139.85759024426028,145.54132090253017,9807600
2022-05-06,146.77093505859375,147.01169715399985,142.2394250476463,144.69005516512655,10418100
2022-05-09,136.93402099609375,144.2429012376435,136.27191875928216,144.2429012376435,14110700
2022-05-10,138.24964904785156,141.18180362626805,135.7474286966322,139.47926776032196,11636000
2022-05-11,140.29617309570312,143.99361094150507,139.73725059683576,140.65731635684364,9105500
2022-05-12,141.62893676757812,141.7493178245619,136.59870113675774,140.3477280663893,8936400
2022-05-13,144.34608459472656,145.13716184131175,141.7750868234619,143.16806924456313,9229900
2022-05-16,148.76585388183594,150.4512020215994,145.19740462909343,145.31778570189417,13296300
2022-05-17,149.6428985595703,151.03588118721328,148.4218869900665,150.3393898733918,12827600
2022-05-18,145.6983184814453,150.96066450760415,143.73035578807477,150.95198661851012,13107500
2022-05-19,144.65798950195312,147.0680879842734,141.1642131686439,142.72471191976587,10958700
2022-05-20,145.49026489257812,148.28180696207755,142.25656055001616,146.40922162511686,9615000
2022-05-23,148.87130737304688,149.94632040358974,146.60858782759277,146.8860024373696,10216400
2022-05-24,149.66893005371094,150.48385799712233,147.21548156204352,147.97839507987388,9782700
2022-05-25,152.07034301757812,152.57317110923708,149.9550018142159,150.10238040907458,10174500
2022-05-26,153.09332275390625,154.25502214854927,151.7235524651602,153.00663646939628,11213900
2022-05-27,154.55845642089844,154.61914872538293,152.3130792677624,153.03264289078632,10512300
2022-05-31,151.4201202392578,156.88185847127073,150.3884569563958,156.01491631471274,20547600
2022-06-01,152.8592987060547,154.42846241960626,151.66291389528413,153.21473505590646,8824100
2022-06-02,152.58181762695312,153.0239533589576,150.93463284169346,151.48947528574288,7441900
2022-06-03,153.9689483642578,154.53245553343297,152.58183547761124,152.58183547761124,8435300
2022-06-06,153.30137634277344,154.31569703360964,152.15700639712014,154.22899753039823,6734200
2022-06-07,156.2229766845703,156.62177590406122,153.37940741985668,153.85622825995847,9668300
2022-06-08,157.02923583984375,158.13024284567317,156.26632251483844,156.87317937405294,8715200
2022-06-09,153.89956665039062,156.60442179307935,153.78685994328302,156.0755865782858,9764600
2022-06-10,152.06166076660156,154.8098792571803,150.54451187491688,152.90259578198587,9529700
2022-06-13,145.0654296875,149.11404788868717,142.23052518936075,148.77594098366046,14614900
2022-06-14,145.2561492919922,149.36544631727648,143.773672503,146.83397701118736,10269300
2022-06-15,142.40391540527344,145.516247834435,140.3926164592443,144.5886133672688,11565300
2022-06-16,134.7921600341797,139.1788851398694,133.29235383805957,138.65872779369127,18125900
2022-06-17,128.6368865966797,134.7835035590421,126.3914962672394,134.27201084093878,35575100
2022-06-21,134.02059936523438,135.26033366258994,131.28973656683613,131.8185718689199,13772000
2022-06-22,128.19473266601562,130.73488006768338,126.85964756327522,128.36813168039978,13735800
2022-06-23,123.47857666015625,129.3737865267123,121.5019494149711,128.99232982527505,15713700
2022-06-24,125.5072250366211,127.51852404640118,123.62596206444971,125.88000383009138,11108300
2022-06-27,127.93465423583984,129.01833187938328,126.2267772113364,126.45217739893818,9242400
2022-06-28,129.98931884765625,131.9399388466223,128.4028129944119,130.80424665267134,9183300
2022-06-29,127.42314910888672,131.87056641813527,126.65157115113378,131.45443790446177,9082900
2022-06-30,125.51589965820312,128.23809783226673,124.32819299215139,125.31650664188176,10685000
2022-07-01,127.01568603515625,127.4058205743914,123.51324566893507,127.09372088009549,7684600
2022-07-05,123.6780014038086,125.30784406040787,120.86043870757871,124.53626588196455,11513100
2022-07-06,122.0481185913086,124.19813148579044,118.59769243163012,122.81103194000671,12421200
2022-07-07,124.42355346679688,125.96670958924395,124.04209676623896,124.92638155130606,12741800
2022-07-08,123.77334594726562,126.09674477523356,122.3168761212727,125.60259458268338,7915500
2022-07-11,122.68096923828125,123.84268168159039,121.31119916156285,123.02775400810724,7056800
2022-07-12,120.43561553955078,121.0424724676284,118.9964882326175,120.0715013827042,8653900
2022-07-13,119.62937927246094,122.00479283795372,118.8924729858211,119.29993694735272,9414600
2022-07-14,117.85214233398438,118.04287070466489,114.904530477961,116.43902210443966,10150200
2022-07-15,119.33460998535156,120.47031558338998,118.27693925298854,120.47031558338998,7051900
2022-07-18,121.00780487060547,123.22717498792709,120.5743337311758,121.85740459991061,7943900
2022-07-19,125.36853790283203,125.7153095628877,120.8691048411835,121.10318298739107,9152100
2022-07-20,127.02436828613281,127.6658970147602,124.25015603514112,125.27314142862127,7856600
2022-07-21,126.05339050292969,126.11408280656275,122.67232121662296,124.0767633465522,6724200
2022-07-22,125.00440979003906,126.83365853466546,124.33686052875167,126.19211648356556,5889500
2022-07-25,128.72360229492188,128.83630903867922,124.99574737420166,126.31350351027996,6210900
2022-07-26,127.7179183959961,130.63083119539735,127.03302671899246,129.60784585205812,6112800
2022-07-27,129.39979553222656,130.2147233641594,127.14575361828378,128.6022102492786,6223000
2022-07-28,130.3794403076172,131.31573949529977,128.3334561334564,130.63952562005488,6574300
2022-07-29,141.98779296875,142.75070634061203,135.15628417504647,135.71112665590388,17143700
2022-08-01,139.1528778076172,140.3232549853078,137.97383597080199,139.7337274526566,8017800
2022-08-02,137.9651641845703,139.98514084917196,137.23693600110926,139.4823128476908,5928300
2022-08-03,134.68814086914062,138.67608028491802,133.8125340084342,138.11255991720589,8751400
2022-08-04,131.02963256835938,134.75748636080314,130.67418312139085,134.65345753866094,10640000
2022-08-05,133.197021484375,134.3847282650469,129.1917520797515,129.72925210104995,7170200
2022-08-08,132.9976043701172,134.35869672783684,132.77219093477743,133.15364761444042,5966900
2022-08-09,134.73150634765625,136.80349792058882,134.02928519949558,135.19098470950186,5842200
2022-08-10,135.08692932128906,135.65043641554144,132.58145386114072,135.24297255533293,6145800
2022-08-11,138.3813018798828,139.71640020008996,136.64741757825396,137.0722239944085,7888600
2022-08-12,138.58071899414062,138.63273341072082,136.23129976019038,137.19360615238935,7244700
2022-08-15,135.94520568847656,136.79480534939324,133.0236146770104,134.53208565456822,8975200
2022-08-16,135.59844970703125,136.90752783118634,135.0869569196286,136.46539201591298,7218400
2022-08-17,136.71681213378906,138.13859712296497,134.81820618484574,135.78919065614244,6741100
2022-08-18,139.1138153076172,139.6736993127515,137.425406553131,137.47789359287992,6477500
2022-08-19,137.95030212402344,139.74368493819546,137.88905834586788,138.6239169402972,6834200
2022-08-22,137.2591552734375,137.9940136970536,135.0896069503934,137.07545067904675,9147000
2022-08-23,141.71200561523438,142.0181844094271,138.84259892551552,139.18377797250386,10354800
2022-08-24,142.76177978515625,142.90175409260854,140.55723116317864,141.4233071732696,9468100
2022-08-25,144.01278686523438,144.25773526592351,142.2544044141403,143.40041586351157,8050700
2022-08-26,142.9542999267578,145.33381073754975,142.12322382599882,143.62790152968267,7765800
2022-08-29,144.0215301513672,145.94613026930875,143.15545409138505,143.37415895362125,8462600
2022-08-30,140.5135040283203,142.21065599664533,138.8863392219422,142.0007078594909,8814300
2022-08-31,138.27398681640625,141.2046378789604,136.6030781407567,137.88032065767055,13582700
2022-09-01,136.0694122314453,137.2416804467853,134.0485814250835,136.89174465538323,8244400
2022-09-02,138.0902557373047,139.21002356715596,137.10170548568385,138.43143478938927,7526600
2022-09-06,137.45159912109375,139.96233949744038,136.2181140981721,139.87485223116445,8550000
2022-09-07,135.6932373046875,136.31436495044596,133.51493219899248,134.7746742674096,9442100
2022-09-08,136.4281005859375,136.8042799184051,134.17982137549373,136.11316502684068,9232500
2022-09-09,139.94488525390625,140.53975614382026,137.81032340433333,138.5801688841628,8261100
2022-09-12,142.1581573486328,143.93403972330862,141.06463306133566,142.4293492360929,8920800
2022-09-13,139.4549560546875,142.29811894764129,138.86882869090525,141.20459475804367,10308300
2022-09-14,142.831787109375,143.09423563573952,140.27731570671264,140.7934560210614,11160800
2022-09-15,140.5135040283203,141.458310691574,139.60369762038317,140.56599106260893,9665000
2022-09-16,136.8655242919922,140.968430368022,136.13067902876864,140.42604648545526,43741600
2022-09-19,137.2591552734375,137.3028989121396,133.67240382749875,133.786121269703,6813800
2022-09-20,136.716796875,137.21545042101474,135.01964482873393,136.50683537951693,8955200
2022-09-21,135.6057891845703,138.90386300376343,135.5533021413436,138.49269670023617,6877000
2022-09-22,135.5007781982422,138.46641547113916,135.36956062590886,137.87154467831493,6981100
2022-09-23,126.64762115478516,131.38038444507282,125.67657098808894,131.00421847218811,13919700
2022-09-26,123.3145751953125,126.8925841122754,123.25333141668443,125.59785485759524,9444000
2022-09-27,123.36703491210938,125.7727882501452,122.87713818633524,124.47804593353116,10121000
2022-09-28,127.53121185302734,128.10859604537924,123.69949738393254,124.29438170751331,8279800
2022-09-29,126.64762115478516,127.20750509377395,124.46057243237802,126.42015954449575,8197600
2022-09-30,125.6853256225586,126.97131145428645,124.65304494059323,126.00026120071006,9402700
2022-10-03,132.7363739013672,133.27001439023323,129.7357490868183,130.32187661578794,9597400
2022-10-04,137.8977508544922,138.11645564828606,134.39847415379018,135.0983188149856,9520200
2022-10-05,138.6851348876953,139.73491562265565,135.4220618757258,136.33186828637508,10633100
2022-10-06,141.21336364746094,141.6682735301163,137.5216242488012,137.64409844620613,9498300
2022-10-07,139.9973602294922,143.40915085989727,139.14878426652473,142.16690880091167,9972500
2022-10-10,137.46913146972656,141.25710139011224,136.85676050829042,140.84593516985817,5904500
2022-10-11,137.49537658691406,139.9098735552687,134.8184311038351,135.37831503919355,7533300
2022-10-12,137.90652465820312,138.93006171707412,136.05191186934462,136.59429560600682,4942000
2022-10-13,144.5901641845703,145.21129189565707,136.77803254919692,136.77803254919692,10227500
2022-10-14,140.0935821533203,144.74762790061837,139.90986420069115,143.50537257056132,7327900
2022-10-17,141.11712646484375,144.26648189397324,140.93342185154455,142.8492652765221,5890400
2022-10-18,142.35061645507812,142.86675670689053,139.06130025608275,142.03568093133606,5631200
2022-10-19,146.9696807861328,148.02821828902648,143.11172346181203,143.11172346181203,9766800
2022-10-20,147.80950927734375,150.311493592868,146.91718964558282,148.10694470503532,8871500
2022-10-21,151.50997924804688,152.0786065381875,147.71326612476557,147.97570127487037,7971300
2022-10-24,151.4574737548828,152.8046896397032,150.12774464548096,150.53891079543624,7007700
2022-10-25,153.03213500976562,153.09337876864106,150.61763852728333,151.39622717678796,7280600
2022-10-26,154.9217529296875,156.1377512721611,153.24210140726464,153.37333231680805,6865300
2022-10-27,155.63037109375,158.69223909552787,155.26294853537888,157.37126656314464,9177400
2022-10-28,157.45001220703125,159.96949667596968,154.43188755701584,158.75349808688634,10773900
2022-10-31,158.2548370361328,160.82680841782792,155.77035294105164,155.77035294105164,13281000
2022-11-01,159.40960693359375,161.40419428285284,159.129658292238,160.85305373811238,9185600
2022-11-02,156.1552734375,160.00447371777366,155.95406869955423,158.2810783155826,8087500
2022-11-03,158.4560546875,159.3833611888266,155.20172519500832,155.69162196184607,6607800
2022-11-04,160.45938110351562,162.19151986810053,157.9923972083414,161.7016231143743,7491900
2022-11-07,162.37522888183594,163.04884355545101,159.3133609910024,159.65454002203361,7578000
2022-11-08,162.1390380859375,162.93512701085635,160.8443090022215,162.1215513075136,6308200
2022-11-09,155.65663146972656,160.80057454149357,155.03551708306367,160.6256133064626,8021700
2022-11-10,158.60475158691406,159.5058144538494,155.7528319490514,159.41832717895542,6981500
2022-11-11,163.1188201904297,163.67870403470226,160.87052807677213,161.0105023750112,8428300
2022-11-14,163.1975555419922,165.93573108289905,162.87386329917945,162.9875940884394,9722400
2022-11-15,164.50978088378906,164.8509598951939,162.07778416686554,163.6961919497105,7747300
2022-11-16,161.83287048339844,164.30861136773382,160.68684568037233,163.18883008284627,7941100
2022-11-17,162.29127502441406,162.41469661114158,158.92362118545242,160.01677996734068,6550500
2022-11-18,161.321533203125,161.69179795268965,158.37702380087399,159.53191352092395,7661500
2022-11-21,159.77877807617188,160.18430042438564,155.00057978461513,158.447573552214,8432900
2022-11-22,163.87814331054688,164.4688047571483,161.4008869539838,161.9915484005852,9018000
2022-11-23,162.4235076904297,163.2257412120216,160.960070817113,161.51547463755145,5831200
2022-11-25,161.94744873046875,163.3579926102846,161.60363050940586,162.99653889143957,2796400
2022-11-28,157.23976135253906,159.9814957778839,156.88713214974445,158.93240573944848,9365500
2022-11-29,159.59359741210938,160.31650477364505,158.37700378022834,158.91477206441354,6985400
2022-11-30,161.60365295410156,161.63009947847615,158.35059593657476,161.19813061239438,10936700
2022-12-01,160.88075256347656,162.6968189097396,159.95508389080467,162.44115124821047,5217400
2022-12-02,159.59359741210938,161.88572761236077,158.62384691540103,160.03439064662373,6852300
2022-12-05,155.6529083251953,161.2862454510917,153.95145285857987,161.03940231035935,8162200
2022-12-06,151.64169311523438,156.97529427458113,150.85708164713478,154.72724594851599,8765000
2022-12-07,152.09130859375,153.90737465349602,150.6190607351021,150.80418636926274,6936300
2022-12-08,152.99053955078125,155.51187787866635,151.6593485673942,155.37964526347525,8076600
2022-12-09,148.1065673828125,152.68200456319997,148.04484985613573,151.89739292883314,10754300
2022-12-12,149.6493377685547,150.3281632734309,147.8509068741684,148.92643023963157,9364900
2022-12-13,152.98171997070312,153.80160249486497,152.05605136030513,153.01699096741106,7838800
2022-12-14,151.92381286621094,154.20711881863366,150.98933326881433,153.82804305634548,7045500
2022-12-15,150.78656005859375,151.07748523908373,148.15943586318284,150.3986732698839,7272900
2022-12-16,148.74127197265625,150.00193418204688,147.3131061797651,148.57376838915576,23876000
2022-12-19,149.76393127441406,150.59262480506035,148.32694085629578,149.9666924195902,7131600
2022-12-20,152.22354125976562,152.7701205920345,149.5170776656568,149.7022032999028,6199100
2022-12-21,154.01318359375,155.12399137138615,152.65554608457143,154.44516589082457,5479400
2022-12-22,151.7034149169922,154.46278511908983,148.39746535931351,154.41870310126546,5755000
2022-12-23,156.39344787597656,156.55214044926328,153.12276932348098,153.4842230357989,6079100
2022-12-27,158.3594207763672,158.88836471701902,156.39347278037263,157.23980191813897,5168000
2022-12-28,156.02317810058594,158.06846527811817,155.0975095668225,157.6805650581074,4494400
2022-12-29,157.2045440673828,157.9803312025701,155.73228246627122,155.73228246627122,4142100
2022-12-30,158.2359619140625,158.64148416120125,156.65791458400716,156.94883973622868,5005100
2023-01-03,153.3872528076172,157.80399669935187,151.20090841934413,156.9576676697069,7565400
2023-01-04,151.75628662109375,153.65169205356355,150.61904605200016,150.70719662331194,7684500
2023-01-05,154.48924255371094,155.3267471437687,150.96289610972528,151.19210378588446,6088200
2023-01-06,155.6529083251953,158.14779970297246,154.89474340667667,156.05844402893695,7191200
2023-01-09,154.4363250732422,157.21333077153477,153.73106659616138,157.15161325622145,8385600
2023-01-10,155.19447326660156,155.78514802781777,153.14919969066003,155.5118449277579,8307000
2023-01-11,154.45396423339844,157.0458308991565,153.6605417018961,156.82543425685657,6962600
2023-01-12,156.11135864257812,157.24859945156643,155.07107944690395,155.15043246534734,6891400
2023-01-13,156.53453063964844,156.91361991163987,154.87714335660237,156.12018381888691,5726300
2023-01-17,159.1175537109375,159.84927212699142,157.08107757732253,157.31029867870242,10697700
2023-01-18,156.2435760498047,160.7837547244472,155.9879218764249,159.4084818978408,8899200
2023-01-19,157.80398559570312,158.64149009143705,155.3002831309191,155.69699437079908,5907200
2023-01-20,159.47900390625,159.88453964418764,156.49925046987804,157.6364912175805,10477900
2023-01-23,159.26744079589844,160.9336389570482,158.71203692486714,159.75231612362862,8381300
2023-01-24,159.4173126220703,160.44876736949803,157.5395287872446,159.64652030418387,5989000
2023-01-25,157.87452697753906,158.71203154142293,155.46779937127883,158.059652626974,6727500
2023-01-26,165.55313110351562,165.57076660093165,161.7534952529168,163.08469954299417,14307800
2023-01-27,158.20069885253906,162.41468135607266,156.85187254858482,162.41468135607266,19654700
2023-01-30,153.5723876953125,157.2221557921188,153.10514785927276,156.922419567479,11476000
2023-01-31,153.41368103027344,153.95144931418997,151.12155083116718,152.2940624486226,14481300
2023-02-01,151.06869506835938,153.09634713678093,149.46420084272168,152.78778641586743,11526400
2023-02-02,148.99693298339844,151.13037074872366,147.06626980318208,150.86590555413426,10463400
2023-02-03,149.3848419189453,151.23617910072363,148.53852634300472,149.74629564189289,8404900
2023-02-06,149.55233764648438,149.97549541217683,147.55113246707222,149.48180911021183,7659500
2023-02-07,153.4753875732422,153.73986620848967,149.52588389655747,149.93141959752924,10256500
2023-02-08,149.8697052001953,153.4577687169206,149.40246543072658,152.05603595657192,9784700
2023-02-09,148.49444580078125,150.45156908602962,148.10654555297438,150.07247986132975,10123400
2023-02-10,151.60641479492188,152.2764156184804,150.55732482307693,150.5749603176798,11602400
2023-02-13,150.7601318359375,151.54474343541884,149.66697297262803,151.03343500370994,9442900
2023-02-14,151.91500854492188,152.96408529359857,149.85208568863408,150.29287898624315,8077300
2023-02-15,150.31410217285156,150.76769463785936,148.971143318594,150.66095981446043,8885700
2023-02-16,148.14401245117188,150.00281313490308,147.99280592990345,149.58480350753732,6727500
2023-02-17,144.83554077148438,146.60539831476547,143.94616075709604,146.50756597034825,9612100
2023-02-21,143.19015502929688,145.63594960277865,142.92333836165423,144.23961673226924,7259700
2023-02-22,142.61209106445312,143.77717671465123,141.331381669442,142.54982794928856,6205900
2023-02-23,144.01730346679688,144.82664256078613,142.79885715379626,144.3019115938156,6445500
2023-02-24,144.44422912597656,144.613213520793,141.54484123778627,142.98564626615666,5330200
2023-02-27,144.8088836669922,145.29803189661786,144.00843338322764,144.97785449728485,6386800
2023-02-28,142.98562622070312,146.14292793091988,142.54982513573887,146.14292793091988,10854200
2023-03-01,144.12405395507812,145.49369339525865,142.82555298351713,143.11905005731236,7470400
2023-03-02,144.5775909423828,145.40472128660548,143.71489137418257,144.06174898411854,5582000
2023-03-03,146.71212768554688,147.2635389312739,142.67433497078665,143.07455324819693,6007500
2023-03-06,147.78826904296875,148.3485827707502,145.68933175592852,146.16070205772954,7703600
2023-03-07,145.88502502441406,148.17073852558312,145.48480667079724,147.37028824748532,7393000
2023-03-08,144.96006774902344,147.00563112747648,143.52816524158828,145.1735102882076,5435800
2023-03-09,142.7543487548828,147.18346999016612,142.46975427185703,145.67151345290662,6214700
2023-03-10,142.00729370117188,146.4541934108755,141.11791375923116,143.13681002727765,7385800
2023-03-13,141.15347290039062,143.1456749511096,136.78661486030575,139.13457697069504,10106100
2023-03-14,142.97671508789062,145.8761023942499,140.41531007420377,140.75326522515422,10035200
2023-03-15,136.78665161132812,140.47757331512364,135.19465375464975,138.37863589714422,14063100
2023-03-16,137.22242736816406,138.27190277254198,133.32695239111067,133.54929737999416,12849600
2023-03-17,135.48814392089844,138.1918666802293,133.94063142934587,136.62654921823935,33161800
2023-03-20,137.48037719726562,138.5476306008476,134.55430907473817,134.9545409755868,8469200
2023-03-21,141.6871337890625,141.91838128773264,139.16129770059504,139.77497210727722,9753500
2023-03-22,138.8055419921875,142.35415947815602,138.68101576516656,142.18517510818384,6315000
2023-03-23,137.42701721191406,141.19798016044183,136.19966832802203,139.65046746773973,7859400
2023-03-24,138.79664611816406,139.3213770819107,135.0345723692128,135.27470877855166,6600100
2023-03-27,140.21075439453125,140.94894143789665,138.46757715911832,139.98840939005476,7006800
2023-03-28,141.8472442626953,142.46980765024693,139.3480746548186,139.88170817035657,5605400
2023-03-29,143.065673828125,143.47479461785,141.70492345210997,142.8522177329386,7569700
2023-03-30,144.4263916015625,144.977802759408,143.70599610286513,144.30187896686,6322400
2023-03-31,145.11126708984375,145.60931779755913,144.21298446191196,144.7021462537267,7041400
2023-04-03,151.15011596679688,152.17291102595416,150.23405572712653,151.01671440601407,12868200
2023-04-04,150.3408203125,152.20852412700137,149.1668455266233,152.20852412700137,7521400
2023-04-05,151.08787536621094,151.58592598374278,149.18460275157915,150.53645055034798,6478100
2023-04-06,149.10455322265625,150.66987072534022,148.64208538855596,150.61651009608724,5803200
2023-04-10,149.6737823486328,150.9100202380553,148.80219358472525,149.85166923874257,5923500
2023-04-11,150.50091552734375,151.49701698879588,149.47813374609305,150.36751392835092,5469600
2023-04-12,151.0345001220703,152.19068312765089,150.72321173080775,151.59480022713868,6157900
2023-04-13,153.0533905029297,153.39135922255198,151.03450781166202,151.41693467156227,6856600
2023-04-14,153.3647003173828,153.75602971665091,152.27965555427133,153.4180609498534,4930700
2023-04-17,152.0128173828125,153.4536085397762,151.39025414035046,153.32020697741325,7006000
2023-04-18,151.6571044921875,153.32024100275223,151.31024678220706,151.9239212469872,8045600
2023-04-19,151.7993621826172,151.8527363787293,150.39415381479978,150.71433113716776,5506800
2023-04-20,151.06121826171875,151.24798048655683,149.43365101952614,150.0917836205832,5851100
2023-04-21,150.41192626953125,151.7193158249254,150.1629009800143,151.04339197778805,7179000
2023-04-24,152.51089477539062,153.31134500280308,149.93169793018697,150.39417937907885,7177600
2023-04-25,150.29629516601562,151.55031035246202,149.79823108552463,151.47917191182188,5807200
2023-04-26,147.61927795410156,150.26073744927285,146.952243002207,149.60260498208783,5927400
2023-04-27,148.48199462890625,148.87332401696153,146.80996938566417,148.01951320930795,6417200
2023-04-28,149.93167114257812,150.25184846216584,145.90278112076828,146.30299937753773,10036300
2023-05-01,148.7399139404297,150.065081435967,147.95725520904116,149.15792362007025,6099800
2023-05-02,142.3363800048828,147.08567987829977,140.92226895482955,147.03231924559782,10701700
2023-05-03,139.48146057128906,141.91836654398415,139.40141963200134,140.65543506009243,7538100
2023-05-04,138.93894958496094,140.69991824721524,138.22744284569927,139.73049727003817,7500400
2023-05-05,142.4875946044922,143.29692019760992,141.215773979541,141.67825544051087,5802000
2023-05-08,141.92726135253906,144.34637602668639,141.87390072413112,143.69713242961987,5028200
2023-05-09,141.5181427001953,142.67433942615585,140.44200048890593,140.6198737765471,5019800
2023-05-10,139.71267700195312,142.69210491974573,138.63653498604248,142.69210491974573,6161200
2023-05-11,138.93894958496094,139.027893016442,136.86669248338518,138.19187361562425,6666100
2023-05-12,139.29469299316406,140.45977863634505,138.35195235275387,139.63266174005147,4898900
2023-05-15,139.81053161621094,140.66434237719392,138.94783194084434,139.83721193022336,5096700
2023-05-16,136.52871704101562,139.65044948353014,136.36863515722595,139.17017669043793,7007700
2023-05-17,138.48538208007812,139.11683435475925,136.928966896785,137.6671404413585,6169600
2023-05-18,138.31472778320312,138.52129818834464,136.0874701623164,137.29090653213981,7477700
2023-05-19,139.41038513183594,140.49707911260762,138.2967632746444,139.1050380873643,8100900
2023-05-22,136.90472412109375,139.05115682805445,136.59038740976416,138.1171363567491,11661000
2023-05-23,140.8652801513672,141.6106820415457,138.16202320272998,138.43145267220822,10436200
2023-05-24,141.24249267578125,142.4100113794642,140.36235539086815,141.85318675551324,7064000
2023-05-25,138.8086700439453,139.76963210371616,137.856697646932,138.91643636700215,7037700
2023-05-26,138.37759399414062,139.7696350795308,137.82078304148635,139.46427431811134,7736200
2023-05-30,137.51541137695312,137.64114331447894,135.8000714515124,136.2131848017743,7814800
2023-05-31,135.2701873779297,136.88675063636484,135.03668912539314,136.09642777585137,13346400
2023-06-01,136.6532745361328,138.07225730946507,134.47990002115722,135.8809171709964,9887700
2023-06-02,140.33541870117188,140.77548735896286,137.95548771376602,138.82663536660988,9464300
2023-06-05,139.66184997558594,142.30223448078561,139.41937575235625,142.30223448078561,6443800
2023-06-06,139.91331481933594,140.24561715229353,137.58726700740323,137.7040229922603,6176400
2023-06-07,143.54159545898438,143.88287373300184,140.55095684148512,140.59586404129058,9900000
2023-06-08,143.01171875,144.1343301684301,141.0808188880486,143.83795910951423,7142200
2023-06-09,142.6704559326172,144.04453136117039,142.4549095836024,143.04765176557746,6669500
2023-06-12,141.29637145996094,143.09254980885194,140.3084678865696,141.05388354580973,7159600
2023-06-13,142.3561248779297,144.21517623971624,142.14059222410265,142.36511454100895,7660800
2023-06-14,141.080810546875,144.38578549328335,140.23660461752743,143.67628744468195,7721100
2023-06-15,142.14956665039062,143.50567649652788,141.28740863687108,141.28740863687108,7705400
2023-06-16,141.23348999023438,143.011716313433,141.23348999023438,142.40999824785658,22908100
2023-06-20,138.018310546875,140.61380090504133,136.7250739017297,140.23659146682124,10438700
2023-06-21,139.0960693359375,140.06600738371188,136.95861250637427,137.11128603652097,7328200
2023-06-22,137.08433532714844,137.93751732880816,136.48261720589886,137.72198469060157,7088600
2023-06-23,135.92578125,136.2401041907422,134.83011152841038,135.62042056252744,15172700
2023-06-26,138.31472778320312,139.17689953850888,136.09644612194012,136.1682949101952,7371800
2023-06-27,137.8836212158203,138.94337350120816,137.24598561602335,137.85667963857549,6581700
2023-06-28,139.1319580078125,139.22177239691214,136.6801786674122,137.80279001239884,5773800
2023-06-29,140.31747436523438,140.34441594739633,138.7009109167428,139.59001053559697,5633500
2023-06-30,141.31431579589844,141.8262194222783,140.64074901651617,141.41310613835788,6346600
2023-07-03,141.18861389160156,141.98791275822867,140.73057961385464,141.16165860724516,3272600
2023-07-05,140.38031005859375,141.62865340417508,139.31158179869809,141.62865340417508,6318700
2023-07-06,137.2998809814453,139.94924137491043,136.17726948389623,139.38344079494453,9203000
2023-07-07,138.50332641601562,140.092948239164,136.47364962700598,136.63529911558655,6602200
2023-07-10,139.42835998535156,139.91332216434415,138.2338996047946,138.24287556419554,5167900
2023-07-11,142.005859375,142.26631291610468,139.79656762556235,140.10191466349215,5060500
2023-07-12,143.37098693847656,143.9996467587416,142.19449205260423,142.99379104631754,6464000
2023-07-13,141.45803833007812,144.23314463524994,140.61384591343327,143.55058800832842,8143900
2023-07-14,137.92852783203125,141.0179565781235,137.67706397630303,141.0089669165781,7065700
2023-07-17,137.8028106689453,138.43147037562312,137.08433655970472,137.72198592889112,4351700
2023-07-18,138.08123779296875,140.16481166624925,136.84187010269824,137.11129964889912,6798300
2023-07-19,138.9254150390625,139.90432893939598,137.6591060283083,138.1530578094982,5653100
2023-07-20,140.4611358642578,141.17063395820045,139.84146586947293,140.2456032412901,5866600
2023-07-21,142.5177764892578,142.6435084283566,141.05388671680132,141.47598973458014,8760100
2023-07-24,145.32879638671875,147.3225417410492,143.70324347429215,144.11637052305184,9722100
2023-07-25,145.99337768554688,146.84655968202696,144.2870136925867,145.40962518894304,6767600
2023-07-26,144.89772033691406,145.57128729315158,144.1882358393293,144.48460694452442,6056400
2023-07-27,143.388916015625,145.91254431758858,142.99375459967644,145.57126605767797,6470100
2023-07-28,142.67941284179688,142.79616881156053,140.55992198927393,142.26629952436787,6542300
2023-07-31,146.98129272460938,147.268674164094,144.25109367885483,144.70912797542312,13056300
2023-08-01,145.75987243652344,146.9633086139957,144.1882164170065,146.9633086139957,7531400
2023-08-02,143.4517822265625,144.78994005063424,141.95197492637988,144.7450328504634,7067100
2023-08-03,143.39788818359375,145.22100800137216,142.66146223095168,143.6134345058012,6680700
2023-08-04,143.0745849609375,146.40650184577464,142.83209704547684,144.28701083448752,10185400
2023-08-07,143.59552001953125,144.93367821854056,142.86806976570162,144.6013758071715,13927400
2023-08-08,143.3799285888672,143.50566052283327,140.2994893548217,141.84420380283527,6451300
2023-08-09,143.5685272216797,144.98750967523907,143.07457546510008,144.46661634136896,10531500
2023-08-10,144.43971252441406,145.92155447779285,143.35301837584856,143.99066784717735,8647100
2023-08-11,147.4213409423828,147.43930656395102,143.8559256194433,144.14332074951844,6682600
2023-08-14,147.31358337402344,147.51116411175204,146.03829824198277,147.0800850947782,6060100
2023-08-15,143.01171875,146.75674879743252,142.88598681928593,146.7477591356834,7876500
2023-08-16,142.46388244628906,145.33776490881337,142.32018489722472,144.16127034632314,7920500
2023-08-17,144.8485870361328,147.0156482856339,144.14134621565668,144.33174975592416,8270500
2023-08-18,145.89129638671875,146.27213110266922,143.40689152317916,143.60637110374202,5999200
2023-08-21,145.4016571044922,146.95215479038487,144.5765383720262,146.16329877963645,6802300
2023-08-22,144.20480346679688,146.20866159863263,144.14134023449301,145.5195590890711,6080800
2023-08-23,144.39520263671875,144.54028120006507,142.08306318690512,143.3887425861153,4975600
2023-08-24,143.20741271972656,144.97551461571538,142.86285456316563,143.01699536071806,5989600
2023-08-25,144.27732849121094,144.9936452700206,142.94444855462177,144.23200354495643,5291800
2023-08-28,145.2656707763672,146.70735278670605,144.3680126650757,144.64909375490166,4386100
2023-08-29,145.03897094726562,145.93661510089734,144.25919101288156,145.90035238007937,5374800
2023-08-30,145.23846435546875,146.2086618066148,145.01178425964454,145.61022303312967,5534900
2023-08-31,146.07266235351562,146.19960265642706,145.01178730755996,145.99104700235762,7003700
2023-09-01,148.97412109375,149.3277413933289,147.46896234766498,147.46896234766498,6663000
2023-09-05,150.9326629638672,151.9300469644328,149.79018656343573,149.86272584564196,9755800
2023-09-06,151.0867919921875,151.8212331436206,150.13473301107143,150.7694343866647,7195500
2023-09-07,151.09588623046875,152.23834894862287,150.76946633450254,151.54924642845208,7925900
2023-09-08,151.6127166748047,152.77331762258,151.159356497222,151.80312020153482,7434400
2023-09-11,148.48452758789062,152.86398877615335,147.6775469860444,152.40156635333875,7155100
2023-09-12,151.25001525878906,151.59457340976928,149.6995312502864,149.88087254826658,7521100
2023-09-13,150.6968994140625,152.1023185372348,150.13473729897467,151.7940369796352,5759500
2023-09-14,151.6308135986328,152.78235211461018,151.53107382424972,152.05697319504682,8822800
2023-09-15,150.96893310546875,152.66449567456326,150.40677093506397,150.70599030057255,17439700
2023-09-18,151.62176513671875,152.65542569437625,150.87824787194498,152.21112777990507,7027600
2023-09-19,151.60362243652344,153.19945892493558,150.9054439728431,152.9546405844718,6615100
2023-09-20,151.14117431640625,152.79139768905438,151.05957282865208,151.4857323786358,5939100
2023-09-21,149.78111267089844,152.2111161759275,149.65417239579173,151.53107602311604,7150000
2023-09-22,150.76943969726562,151.80310021262713,150.46115813761196,150.72410091838648,5963000
2023-09-25,152.9727783203125,153.036241542902,150.5064981519329,150.81477971411712,5510000
2023-09-26,152.14767456054688,152.7007745167899,151.40415724687904,151.82125468742882,5659200
2023-09-27,155.08543395996094,155.25771303056194,153.06345156572814,153.57121271984457,9124400
2023-09-28,154.6774139404297,155.68387403520222,153.62561506319005,154.64115121572834,7151800
2023-09-29,152.89117431640625,154.59581292734927,152.16580913642994,154.58675070500846,7396100
2023-10-02,151.00518798828125,152.845842868778,149.8173866458147,152.63728724472332,6839600
2023-10-03,151.35879516601562,151.7486920434138,150.07125415229885,150.44301275191168,6168600
2023-10-04,147.8316650390625,149.5907045563766,146.426259705031,149.3368239905223,9664700
2023-10-05,148.6114501953125,149.38216797702339,146.33558724513605,146.3627877470361,8073000
2023-10-06,147.09722900390625,149.03760987413702,144.15946411438048,148.98320887032412,10190400
2023-10-09,151.16839599609375,152.50127582466226,149.5634973347751,150.8601144421881,8183500
2023-10-10,151.00518798828125,151.78496797550062,150.22540800106188,151.21374361233592,6512900
2023-10-11,146.07266235351562,149.6814056809596,145.5104862959461,149.67234345769998,12570700
2023-10-12,146.1905059814453,148.03114703181555,145.89128663061052,148.03114703181555,7397000
2023-10-13,148.75653076171875,149.4637714915325,147.16070800850255,148.16716809869192,8042800
2023-10-16,149.97152709960938,150.34328573075817,148.5661217496989,149.9171260970907,5446000
2023-10-17,151.95726013183594,152.510360098739,149.2915000892361,149.45471694666801,7538300
2023-10-18,153.1632080078125,153.8704488115911,151.94820599470106,152.75518659570255,6893500
2023-10-19,153.32643127441406,154.29661494657694,151.88473526610883,152.96373479871065,6580200
2023-10-20,151.26815795898438,153.32641703160564,150.60625597606295,152.7007777751581,7458300
2023-10-23,145.6918182373047,149.09201952740744,145.30193513039103,148.0674349467655,16232400
2023-10-24,142.0377197265625,146.05449757471706,141.8745167247651,145.88221851585124,17689900
2023-10-25,141.33045959472656,142.72681631668564,140.69575828267742,142.30065675671315,10502400
2023-10-26,140.31497192382812,140.7048550270895,139.29944957537586,140.5507142303033,10830400
2023-10-27,130.88510131835938,137.14146683309158,130.53148089944767,136.66090610573607,24524300
2023-10-30,132.46275329589844,132.78011090630469,130.85786847194245,132.07287024326754,13857100
2023-10-31,132.13632202148438,132.85263867935822,130.77624181258355,132.47181788112016,14261300
2023-11-01,130.549560546875,132.39020130539677,130.40449584090302,132.36300080831134,10819600
2023-11-02,134.8837127685547,135.10133063087136,130.41358813433658,131.05735182774333,11099100
2023-11-03,133.84095764160156,134.70233898963752,132.51714017707235,134.4665967388917,13160000
2023-11-06,133.28787231445312,135.4005320869025,133.00679125997942,134.85649442082575,10634200
2023-11-07,130.93946838378906,132.0275298648527,129.87860740209308,131.61950853888538,15054600
2023-11-08,129.11697387695312,131.15709468927793,128.98097135698004,130.45892997280973,12654100
2023-11-09,128.69985961914062,130.48609941196216,128.55478107540503,129.70631953369767,10359500
2023-11-10,129.61566162109375,130.0599595402985,128.50946176956643,129.92394319664635,11988200
2023-11-13,130.56773376464844,130.8397526437491,129.52501086945995,129.7970159131057,8747700
2023-11-14,131.519775390625,131.92779673715444,130.44077607649055,131.00293820568876,11224400
2023-11-15,131.9822235107422,132.96148323490434,130.93950055094896,131.34752197715258,10052100
2023-11-16,129.89320373535156,131.4874260616543,128.94949323768347,131.03848482285963,14031300
2023-11-17,132.3578643798828,133.0267046887088,130.47042921144873,130.97435573747524,11075600
2023-11-20,132.28456115722656,133.48481359035446,132.18377585472436,132.51361739196037,8062400
2023-11-21,131.9730224609375,132.21124987164507,130.74528450591887,131.78062306973106,6783300
2023-11-22,132.23875427246094,132.29372553489543,128.9311815046416,129.86573490747955,7216100
2023-11-24,132.760986328125,133.7138680812612,132.11963167533116,132.21125976022296,3861000
2023-11-27,132.2662353515625,132.6877049831946,130.88274069946834,132.53193443767947,9850800
2023-11-28,133.3198699951172,134.24526602102796,131.99134678756607,132.65102978367779,9746500
2023-11-29,131.85394287109375,134.21780504455273,131.07514603028358,134.1261769525219,16417100
2023-11-30,131.5699005126953,133.77799188445354,130.13142071693014,132.8342813610529,16276000
2023-12-01,132.67852783203125,134.23610739293454,130.6536785970018,131.4691182129177,11906500
2023-12-04,132.73350524902344,133.49397364214983,131.24922529017715,131.9363940089739,11842800
2023-12-05,130.89190673828125,132.9167701811386,130.68117889850365,132.63272868171833,9597600
2023-12-06,130.58953857421875,131.96387597363633,129.50839986397543,130.01231239270882,18079700
2023-12-07,130.48875427246094,131.94554857169274,129.17855931893982,131.48743610170916,14786700
2023-12-08,132.2204132080078,132.55025473154114,131.13010333909256,131.48743049121344,10821700
2023-12-11,132.25709533691406,133.21912048250138,131.7714971649843,132.70603667672543,9849600
2023-12-12,130.56204223632812,131.56072397601315,129.87487359297901,131.1759112133955,9863900
2023-12-13,132.4953155517578,132.55944404049362,129.78328303717473,130.25972401551078,10641300
2023-12-14,137.3695831298828,137.3695831298828,133.63139809695454,133.63139809695454,14960500
2023-12-15,136.83819580078125,137.26882262660544,134.97826035327788,134.97826035327788,30850900
2023-12-18,137.14053344726562,139.37612439329075,136.81070591144112,138.19420044847303,11561700
2023-12-19,138.93637084960938,139.11045585203487,136.96649251586717,137.39711942276648,8738100
2023-12-20,137.6627960205078,140.2373858423169,137.48871104656632,139.40361779895665,9370000
2023-12-21,138.0842742919922,138.16673118571495,136.7190940249296,138.14840277139305,7264700
2023-12-22,138.39578247070312,139.62352055705526,138.12091218766582,139.0279799275439,6396100
2023-12-26,139.641845703125,140.19157227585274,139.17456203875093,139.33033258053098,5165600
2023-12-27,139.1837158203125,140.15491189304578,138.6614609620609,139.5135573148711,5337200
2023-12-28,137.22300720214844,139.28451322736797,136.88399448238425,138.51487368611933,8148000
2023-12-29,136.66412353515625,137.6444770094212,136.21516825487632,137.46123480661768,7658600
2024-01-02,136.95730590820312,138.78975586569226,136.73742086081398,137.4245895948724,8879700
2024-01-03,139.5685577392578,140.3565118087048,136.2243280575593,136.8748539674161,10255300
2024-01-04,138.0384521484375,141.41932439757164,137.9743096923157,140.7871269551504,8220300
2024-01-05,137.80023193359375,139.29368313053362,137.27799096282232,139.24786908525942,7455400
2024-01-08,136.9756317138672,137.15887391002985,134.30025650453862,135.98610707800867,10038200
2024-01-09,133.49398803710938,137.38794453018505,133.3932027215986,137.38794453018505,11784700
2024-01-10,132.39450073242188,133.78716652317354,132.03717357340145,133.78716652317354,8490400
2024-01-11,133.10914611816406,133.92458568174612,132.50443435717554,133.36568795970797,8612500
2024-01-12,134.9324493408203,136.05940209006135,133.92459632573778,135.4455330646867,9386900
2024-01-16,131.65234375,134.30023286280337,131.55155846277992,134.23609041617195,9380400
2024-01-17,131.13009643554688,131.95470719120857,130.1405719170419,130.48874183479785,8167000
2024-01-18,129.9390106201172,131.19423414915545,127.92330483270815,131.02014919656273,11187800
2024-01-19,130.32382202148438,130.33297923661215,129.19685543911595,129.85653842082587,11192500
2024-01-22,130.55287170410156,130.70862823638208,129.11439211345362,130.0214596631254,9184600
2024-01-23,130.18638610839844,131.3225099599728,130.01230114931636,130.09477201131645,6767200
2024-01-24,132.77931213378906,132.8342833914515,130.3055076756011,130.7452917173832,8100000
2024-01-25,136.12353515625,136.23347766649977,133.0633334763057,133.97040112731221,9773600
2024-01-26,136.64578247070312,136.7557249861105,134.6667333104749,135.62877226173717,9151900
2024-01-29,136.5908203125,136.7190912491814,134.78585600174418,136.59997752923312,10494800
2024-01-30,137.54368591308594,137.71777089159332,135.3355943944198,135.76620726167044,9902900
2024-01-31,135.0790252685547,137.78189980733623,134.99656838593964,137.7727286111688,10428000
2024-02-01,135.50050354003906,136.53584217859284,134.24527986709006,135.77537381351596,8641100
2024-02-02,139.486083984375,140.53057981246914,137.02143676339855,138.22168914703065,12839100
2024-02-05,139.5685577392578,140.64969654265866,138.15756339187206,138.91803182940103,8277800
2024-02-06,139.58685302734375,140.67714878914074,139.09208380926898,139.72428115431958,6198200
2024-02-07,139.38531494140625,140.89708061241922,138.50573278230937,140.20075463931045,6252000
2024-02-08,141.15359497070312,141.3734939627172,138.94548977668666,139.22036002158387,9237000
2024-02-09,138.3865966796875,142.30805194187056,138.33162542497385,141.48344117972027,9194500
2024-02-12,139.33949279785156,139.82509090543672,138.7072953421885,138.91802316724844,6713000
2024-02-13,137.9834747314453,140.2465513397508,137.06724983676236,139.83423895275754,6987100
2024-02-14,138.35911560058594,139.44942545652103,137.50703316355035,138.60650023541143,5995100
2024-02-15,143.06434631347656,143.6478569299959,138.62773222874023,138.8500307364359,8950300
2024-02-16,143.22181701660156,144.27771030268795,142.72164885669744,143.90721275219664,7570200
2024-02-20,142.6382598876953,144.12947862456983,142.48080376430275,143.9998080445387,6977900
2024-02-21,143.9720458984375,144.09245936126126,142.73091098314922,143.16623674393526,6628900
2024-02-22,143.96275329589844,145.0742315784283,142.48080580758105,143.39777115075813,8874900
2024-02-23,143.24957275390625,143.49038551183156,141.94359565966093,143.4440715610292,6561600
2024-02-26,143.05506896972656,144.07391942045388,142.4808155155172,143.1384256066858,6900800
2024-02-27,140.9340362548828,142.52714028066418,138.84076410333714,141.89730155433796,15093800
2024-02-28,141.10073852539062,142.50860074517357,140.58205616363753,141.11926693346305,6715900
2024-02-29,140.79510498046875,141.93436905655165,140.30420808903264,141.62871387514184,9334400
2024-03-01,141.53607177734375,142.96246248105544,141.01738938800682,141.75837028693178,7459100
2024-03-04,137.89601135253906,141.33228893870628,136.77527590063323,141.24893230501178,12503200
2024-03-05,138.55361938476562,139.5076274222491,137.3587985869094,137.8496953777297,6985500
2024-03-06,137.3865966796875,141.16558649358868,137.210612128596,139.70215312450182,14692100
2024-03-07,138.349853515625,139.62804511788198,137.49773049179836,137.54404444448076,8739300
2024-03-08,138.82223510742188,138.92412014942013,137.44215847181528,138.3498525795054,7528400
2024-03-11,140.7858428955078,140.8599424035224,138.55364291556486,139.3965089195653,7577100
2024-03-12,140.6839141845703,141.31375274073818,139.6650639318127,140.628343104062,6432900
2024-03-13,142.53639221191406,143.45335765362734,141.85098241510502,141.93435318837712,8065600
2024-03-14,144.21286010742188,144.2406456555717,141.48976332445315,142.42525722228302,9047200
2024-03-15,144.07391357421875,145.45397606243577,143.02727762030878,143.74047290687784,20387200
2024-03-18,143.94424438476562,145.1112796652601,143.5089186722644,144.5184978212422,7242700
2024-03-19,145.06497192382812,145.26874201640555,143.57375304616667,143.8423655013981,7736700
2024-03-20,143.14768981933594,144.88897850422293,142.85129183627126,144.26841112684417,8449100
2024-03-21,143.434814453125,144.20358081089242,143.01801716188646,143.518171084766,7899100
2024-03-22,143.24957275390625,143.82382617136156,142.78646151194977,143.63858450118568,5974700
2024-03-25,144.92604064941406,145.7040641840262,143.81457643810614,144.00907525524204,6058700
2024-03-26,143.8145751953125,145.2872656158949,143.24030762022252,144.97235334980195,6677900
2024-03-27,144.81488037109375,144.89823699659232,143.4255467473213,143.4440610198549,7416900
2024-03-28,146.1023406982422,146.51913799224317,144.83340627615146,145.55585868789547,8331600
2024-04-01,147.34349060058594,147.81585903130883,145.36137483289318,146.59325256759985,6285700
2024-04-02,147.9918212890625,149.32558387256816,147.2878973180047,148.24190530672806,8815400
2024-04-03,148.60313415527344,149.07550252328983,147.9362528515837,148.28822190992918,7819700
2024-04-04,148.83468627929688,150.00172146685898,148.02887727833965,148.9365713131102,9269700
2024-04-05,149.6775665283203,150.20550602133812,148.06593423793612,149.42748248792543,7432800
2024-04-08,149.3719024658203,150.51115215255646,148.50125107823712,149.7238573957759,7253200
2024-04-09,150.04803466796875,150.5389314285238,148.62165833472125,149.90910695574854,6576200
2024-04-10,150.6686248779297,150.76125278882725,149.13109200845372,150.24257040708474,7525800
2024-04-11,149.94615173339844,151.54851261324097,148.01035020652762,151.54851261324097,7682500
2024-04-12,147.23236083984375,151.7801033774895,146.38022355217043,150.31666987288355,11071000
2024-04-15,145.9634246826172,148.64947885960353,145.7503974294025,148.14005357318922,7236900
2024-04-16,144.75006103515625,146.16718042610083,143.95350906554393,145.69481200679755,5541900
2024-04-17,144.86119079589844,146.07455412128044,144.15726679618612,144.481450318691,6733900
2024-04-18,145.9449005126953,146.38021212826675,144.8519505056505,145.54661744920975,4979200
2024-04-19,148.1956024169922,148.89026930332184,146.48208511083212,147.03782427310944,7734700
2024-04-22,149.97396850585938,150.69642103602075,146.75071766875206,148.14930877036477,6779200
2024-04-23,150.83534240722656,150.83534240722656,148.7513417459031,149.40895181786613,5597600
2024-04-24,151.5022430419922,151.75231297741075,149.5386414472566,149.936924529094,7610300
2024-04-25,153.08604431152344,153.38244227726145,150.6686031689753,151.62261115501605,9702600
2024-04-26,153.6510772705078,154.66065658302816,151.2521639610392,153.03976691992187,9736400
2024-04-29,154.05859375,154.78104618637553,152.53958937953936,153.6695819868004,6364000
2024-04-30,149.3719024658203,153.86407298870736,149.0755044900331,153.72514527070297,8457300
2024-05-01,147.85292053222656,149.5386383420882,147.17676784759524,148.91807088609815,7713700
2024-05-02,148.8717498779297,149.84428640407586,148.09372631022666,148.57536600439107,8597100
2024-05-03,148.4271697998047,148.80692445299937,145.45398907233087,148.80692445299937,11664500
2024-05-06,150.325927734375,151.91903170445931,148.87175149823727,148.87175149823727,8430300
2024-05-07,150.6686248779297,151.11320775756113,150.06658585620033,150.33518418494737,6869900
2024-05-08,150.5482177734375,151.04838590053532,149.62199515751544,150.001749821972,6706400
2024-05-09,153.24351501464844,153.29908610525462,150.72418859825038,150.9928010468926,6683300
2024-05-10,153.58624267578125,154.14196777173572,152.84526174813962,153.7899986511729,5490900
2024-05-13,152.3914031982422,154.59581750810298,150.95575534209783,154.19753444105302,6848300
2024-05-14,151.53927612304688,153.01196662597079,150.99280819550177,152.2154146458236,4924000
2024-05-15,151.02059936523438,151.71526632263377,148.35307372624936,151.0946988699879,7603100
2024-05-16,150.7118377685547,151.56321480878347,150.1411362034917,151.12349322869815,6409400
2024-05-17,152.1900634765625,152.47073897913899,150.80541574646736,151.32933573754394,5497900
2024-05-20,150.7586212158203,152.4987920519833,150.69313836041385,152.2368320788618,4913800
2024-05-21,149.6640167236328,151.0580293844163,149.44883835174997,150.2347183605174,4783300
2024-05-22,147.4186248779297,149.24299408059483,146.43626783780297,149.24299408059483,6260500
2024-05-23,146.82920837402344,148.38226699396643,146.25850679805635,147.74606828638522,6718400
2024-05-24,147.5870361328125,148.72843939266662,147.16603001008747,147.89577776301067,4477700
2024-05-28,148.79393005371094,149.14945333301304,147.77415612447598,147.93320225580848,6928300
2024-05-29,146.79177856445312,148.27935434070653,146.36142186310158,147.83963274862035,5909600
2024-05-30,148.0641632080078,148.25128971561168,146.70758168236918,146.74501269418926,6369600
2024-05-31,151.84390258789062,152.10586257907266,148.2980635399464,148.4103423045593,10334200
2024-06-03,147.3157196044922,151.26383494929786,146.38014413565463,151.08608760184768,9009900
2024-06-04,146.07142639160156,146.27725417044599,144.1815596384623,145.68783696050502,6360500
2024-06-05,144.9954833984375,146.90406536554443,144.57447728902383,146.09946988445992,7058500
2024-06-06,145.88427734375,145.9684899862881,143.50792191239998,144.54641126338043,5215100
2024-06-07,146.02462768554688,147.53090483151058,145.13583380393462,145.67846931420564,5887700
2024-06-10,146.64210510253906,148.00803730172936,146.24916511609737,146.33336348267443,7074700
2024-06-11,146.408203125,146.65144759577794,144.52768738777158,146.1088121371982,5132000
2024-06-12,144.28443908691406,147.47475462171724,142.58168500942463,147.34377463696788,10017400
2024-06-13,142.99334716796875,144.16281647078662,142.42264557716368,143.8634397526544,6163000
2024-06-14,142.74075317382812,143.41435436373828,142.17940219386315,143.2646731413963,6159100
2024-06-17,143.32081604003906,144.0131327876209,142.14198174961686,142.67526664780775,6321400
2024-06-18,143.4517822265625,145.9029852820451,142.99334512713142,143.65760996298067,6942900
2024-06-20,146.54855346679688,147.26895063694562,143.3769529257978,143.8073239597925,8336000
2024-06-21,145.27613830566406,147.51216280727755,145.22000606913141,146.6982168260606,21289800
2024-06-24,149.0465087890625,149.26168712533413,146.1275182248659,146.20236596699237,7971600
2024-06-25,148.25128173828125,149.09329387419746,147.5121691899627,148.8687506426043,5985400
2024-06-26,145.9029998779297,148.2513035758716,145.75330436815062,148.2513035758716,8637800
2024-06-27,146.24916076660156,146.82921297565755,145.61296203908185,146.60466972904794,5568700
2024-06-28,146.3426971435547,148.36354336177052,146.1088033018838,147.37183575720547,11283400
2024-07-01,146.436279296875,148.47582700721208,145.93106053921878,147.03504703782937,5584100
2024-07-02,146.65145874023438,147.5589681118192,145.4352077424223,147.52153709762547,7216800
2024-07-03,146.61404418945312,147.57768582095815,146.4736992977562,146.82922255915588,3264200
2024-07-05,144.36865234375,146.4643465917387,143.77923521368305,146.4643465917387,6183100
2024-07-08,144.3873748779297,145.27616878625147,143.44244872129806,143.44244872129806,4990700
2024-07-09,143.12432861328125,144.78965177535704,142.5349257861804,143.14304411952605,5301600
2024-07-10,145.13580322265625,145.4258292862637,142.48812336741494,142.67523557531524,5416600
2024-07-11,145.2574462890625,146.5859617795552,144.2844540550922,145.0142017995072,8322500
2024-07-12,145.56617736816406,146.3614221920001,144.60253581970284,146.09946221430667,6446300
2024-07-15,147.8583221435547,149.2429839411309,146.29591302097262,146.8385484374692,5661200
2024-07-16,147.60574340820312,148.11094787214816,146.09010146487105,146.89469692652312,6924200
2024-07-17,150.8428192138672,151.07671306614512,148.0922252269592,148.28870234420168,7296600
2024-07-18,151.53515625,153.696333247842,149.9166147243551,150.84282528014543,6577700
2024-07-19,148.89683532714844,152.21813121203715,148.2045185926401,152.01230345968355,6427700
2024-07-22,146.87599182128906,148.73777778957628,146.7450118321847,148.02674560240231,5577300
2024-07-23,144.16281127929688,146.51111469126866,143.92891742715614,146.27722083912792,6238700
2024-07-24,145.0797119140625,145.66911482142854,143.53600364298376,144.72418862573824,5971700
2024-07-25,147.39053344726562,148.06414883716457,144.65865515522958,145.36033666339543,5432100
2024-07-26,147.67123413085938,148.79392188055272,146.94148637977125,147.56832025438544,5232500
2024-07-29,146.51112365722656,148.054817465525,144.88321720743562,148.054817465525,5072000
2024-07-30,149.28977966308594,149.77626861285813,146.3614239705902,146.38013947658092,5740900
2024-07-31,150.1317901611328,151.27319332602104,149.7388501942325,151.27319332602104,6209200
2024-08-01,142.78753662109375,149.2243010070681,142.23555046988085,148.48520260002456,16689900
2024-08-02,138.979736328125,142.2448855209673,137.54830702781766,141.39352270873604,13278600
2024-08-05,135.34034729003906,136.37883660494347,134.17087798387408,136.1449427437105,13037200
2024-08-06,134.00245666503906,135.74262742968608,133.8995428029888,135.18129077138698,9692700
2024-08-07,133.2353057861328,136.3414089156193,133.11367640708784,135.26550283802504,8867900
2024-08-08,135.18130493164062,135.49004655013212,133.51598173547353,133.85278947603254,7531100
2024-08-09,135.64906311035156,136.69690284122058,133.96502477449377,134.9193155441041,7653100
2024-08-12,135.6771697998047,137.2863608824278,130.69055042206273,136.44433432482273,8442200
2024-08-13,134.86318969726562,135.23742842686988,133.8340653112865,134.79770684192727,7794800
2024-08-14,135.3496856689453,135.8829704767042,134.18956708284065,135.0877257101067,5874200
2024-08-15,137.34246826171875,138.01608367552737,136.1075019111538,136.2104157737009,6304200
2024-08-16,137.7821807861328,138.1096235812888,136.2571884527962,136.64077775853983,6874400
2024-08-19,138.90802001953125,139.75945616085988,138.01873393139576,138.1322549007662,5967400
2024-08-20,136.88345336914062,138.6052502785113,136.7604627200705,138.4349688587424,7497600
2024-08-21,137.47946166992188,138.72823533781033,136.75100194293267,137.58351290968443,5985000
2024-08-22,137.86732482910156,138.43495838978245,137.29970570394178,137.5078370471567,4027000
2024-08-23,139.65536499023438,140.10000795320863,138.425516218286,138.62417787845257,4824100
2024-08-26,140.48788452148438,141.99209477001745,139.58914336619543,140.93252746572074,5780300
2024-08-27,139.02151489257812,141.4812412943963,138.82285323347145,140.64871584722295,5100000
2024-08-28,138.12277221679688,139.20126451832905,137.63082405462643,138.5390349359009,5614400
2024-08-29,139.4661407470703,140.1851307224732,137.59297315620455,138.557944402932,4466700
2024-08-30,139.96754455566406,140.09053519170902,137.8389404208467,138.33088852950584,6414800
2024-09-03,136.85507202148438,137.90518407476745,136.49556977975007,137.69705271750254,7944700
2024-09-04,134.4048309326172,137.67814368389202,134.0264036776419,136.83616289041714,9820700
2024-09-05,133.32632446289062,135.44547379022592,133.01414182549064,135.44547379022592,9371100
2024-09-06,131.0841827392578,134.44265024041925,130.43140843416603,133.45876836708575,7836400
2024-09-09,132.73031616210938,134.3575171660817,131.06526521728776,131.1598756338882,9892300
2024-09-10,130.77198791503906,133.46822588976454,129.69349561225332,133.29793003378666,8202500
2024-09-11,130.4408721923828,131.00849132729724,128.06628667276527,130.75306921257035,9534000
2024-09-12,131.69912719726562,131.94509406728204,130.0056960380645,130.77199132111824,6591500
2024-09-13,133.02359008789062,133.89395107769337,132.17215406877486,132.3235105277018,5900700
2024-09-16,134.42372131347656,135.44545309542767,133.45876443790183,134.04530855076354,6864300
2024-09-17,135.67251586914062,136.36312568993318,134.0926201345899,134.14938060814515,7338800
2024-09-18,136.19284057617188,137.74435603187302,135.4643808357477,135.5873714821305,6180300
2024-09-19,137.16725158691406,138.86066803022499,137.11047668582768,137.94300200885172,7247400
2024-09-20,137.8200225830078,138.03762363273214,135.70088804011735,137.3943046211251,23162900
2024-09-23,139.57969665527344,140.4122222089375,138.07548615896843,138.35930300094702,6960600
2024-09-24,139.4945526123047,141.05553798826145,138.98369385732494,140.84740660480054,6014200
2024-09-25,136.20228576660156,139.45668731963042,135.7576428546749,139.02149967383295,7888400
2024-09-26,134.32913208007812,135.49276509754768,133.0425084125715,133.29793054423305,8046200
2024-09-27,137.64028930664062,137.90518113104667,135.13325780601826,135.2657037182213,8049200
2024-09-30,139.32424926757812,139.52291091613242,136.49556549929147,137.52675255079762,7491700
2024-10-01,141.62313842773438,142.39890337868317,137.60244136301785,138.45389175568278,9489100
2024-10-02,142.80569458007812,144.06393796607608,141.20687392843016,143.4963043781522,8105400
2024-10-03,143.08950805664062,143.95986895189614,141.92587510744835,143.14626852701272,6553300
2024-10-04,142.6070556640625,144.27209231961828,142.03942198564454,144.25316734753125,7892400
2024-10-07,142.96652221679688,144.50858241281122,142.55972920844962,143.32602445525959,5895900
2024-10-08,140.72439575195312,141.52854093045872,139.75942442485078,141.1501137259471,5892700
2024-10-09,141.57583618164062,142.25699073580222,139.40939630487821,139.55129748886094,4973500
2024-10-10,142.49349975585938,143.37333038720774,141.76505444389198,142.55026022842597,4420900
2024-10-11,143.25035095214844,144.11125668151888,142.14347834389636,142.26646900109876,5051300
2024-10-14,143.59091186523438,143.70443280629976,142.0772319519289,142.39889867748332,4214700
2024-10-15,139.75942993164062,141.86912378667412,139.598603776707,140.7717065036328,6704600
2024-10-16,140.7054901123047,140.98930694579738,140.21355633214276,140.34600226303618,4303700
2024-10-17,143.04222106933594,143.16521172781938,140.9325415172159,141.20688863745977,6593100
2024-10-18,142.61647033691406,142.92866732762542,141.3203916105984,142.68270050260435,5208200
2024-10-21,142.73948669433594,144.25315228620337,142.37052917254397,143.7990540521954,5074000
2024-10-22,142.77731323242188,143.49630326074114,142.11508367534864,143.08951025979675,4416400
2024-10-23,142.36105346679688,142.85300162028307,141.23525597878134,142.24753252196237,5248600
2024-10-24,142.33267211914062,143.27871848009937,141.32041001938612,142.97599115106394,5474300
2024-10-25,142.67324829101562,143.9125667046722,142.34214072853553,143.22195690842116,6839900
2024-10-28,142.41781616210938,142.56918704793267,140.166235586457,140.25137629641176,8892000
2024-10-29,140.50682067871094,142.30430313241618,139.89188183416326,141.94480086746591,6014700
2024-10-30,140.06216430664062,141.57582979778465,139.6932068094001,141.03659088744308,5784000
2024-10-31,140.79061889648438,141.50015362955503,139.91078832100578,140.733843992001,8400900
2024-11-01,144.8113250732422,147.51700383872756,143.51523172760696,144.25314674283425,11728000
2024-11-04,145.6627655029297,146.0884834962346,144.3855970874924,146.0884834962346,6130000
2024-11-05,145.1329803466797,146.3249936028707,144.31937987278104,146.19254768551613,5978900
2024-11-06,149.21043395996094,150.0524146480521,147.696754000562,148.6238898325668,12118900
2024-11-07,148.3116912841797,149.48477952698155,147.96164431627628,149.41856378852748,8143200
2024-11-08,148.46304321289062,149.07798198694326,147.27103003729033,148.15086062814305,6041500
2024-11-11,148.05625915527344,149.4185682584624,147.4886255504373,148.66172826385494,7771700
2024-11-12,146.91152954101562,148.97391806523405,146.75070339574745,148.81309191996587,5681900
2024-11-13,150.156494140625,150.44031096356468,146.19255719377878,147.64947681495826,8824000
2024-11-14,153.0703125,153.09869273754623,151.06468428842223,151.21605517901727,10111200
2024-11-15,152.71080017089844,153.6190110190404,152.08640611502094,152.8054105801605,9022800
2024-11-18,153.63783264160156,154.36417163865914,152.02271708548383,153.44669617287298,6075400
2024-11-19,152.52923583984375,153.32245145878863,151.71688761634587,152.89239075690418,4657400
2024-11-20,154.18258666992188,154.2877139149896,152.70125351952274,152.8254987862695,6391300
2024-11-21,154.4692840576172,155.44408432940313,154.14433605091213,154.8420052398357,7945200
2024-11-22,155.16696166992188,155.40588591401925,154.0105619120679,154.3546134068793,7005900
2024-11-25,153.25555419921875,155.9410601327535,152.74903601303205,154.96624521964182,10702400
2024-11-26,155.32940673828125,155.72124594380819,154.24946463911854,155.11915226618274,7369500
2024-11-27,154.9280242919922,157.38415773005283,154.45017584430641,155.54922144087274,7674500
2024-11-29,154.75599670410156,155.53967518556865,153.54227210394325,155.06182672109688,5077000
2024-12-02,155.02359008789062,155.73079641311537,153.01662090042407,155.10003300187998,6229600
2024-12-03,154.74644470214844,155.9697356023411,154.23992649735513,155.75948111173506,5900100
2024-12-04,151.30593872070312,154.66998127604168,150.8663117346017,154.66042955693544,7862700
2024-12-05,152.27117919921875,153.55180946438122,151.6595338052026,152.23294315928098,6358400
2024-12-06,148.36239624023438,151.79334470929103,148.29549045559165,151.71688720517557,9701700
2024-12-09,150.12088012695312,152.98797100504746,149.87240416731848,150.04442262027052,9404500
2024-12-10,150.04441833496094,152.45277868695467,149.7577063387844,152.0131516817803,9126200
2024-12-11,149.2894287109375,150.2068896272443,148.89758945701686,149.9106259025457,13764700
2024-12-12,147.85586547851562,149.5952261553969,147.43535653298179,148.96446273709614,7621500
2024-12-13,147.05307006835938,148.09479072078278,146.28852425236926,148.0087669211237,5816200
2024-12-16,142.74288940429688,147.07219518973056,142.63776216210584,147.07219518973056,11961200
2024-12-17,141.54824829101562,142.0643181271241,140.4014150908382,141.4431210636708,11909300
2024-12-18,137.69680786132812,142.0834530292247,137.60123234046648,141.21376537082566,10174500
2024-12-19,134.8966064453125,138.3466727057409,134.7054699891744,138.16510255121463,16544300
2024-12-20,136.5213165283203,136.5213165283203,134.32321060442143,134.58125286672225,32209200
2024-12-23,136.635986328125,136.99915581493528,135.2693321843971,136.16768959948948,8156500
2024-12-24,137.46743774414062,137.65857420640052,135.95743490156602,136.7602313755013,3556100
2024-12-26,137.6012420654297,137.91662380723025,136.56908761484,137.304978345708,4492600
2024-12-27,137.62034606933594,139.25459409533102,137.0373704089256,137.8974917387483,5296500
2024-12-30,136.7315673828125,137.60124051006832,136.0434644235306,137.41965575931647,6194800
2024-12-31,138.42312622070312,138.90097463868355,136.97047752964167,137.16161398027853,6137800
2025-01-02,140.21029663085938,141.5100449797736,139.03477896089814,139.03477896089814,7170300
2025-01-03,141.29978942871094,141.92098656710596,140.77415322857365,141.00351114661385,5809000
2025-01-06,140.73590087890625,143.66989695792083,140.36317972250387,141.82539461168054,5888700
2025-01-07,142.9626922607422,143.83237991825393,141.08953454909218,141.93053788415304,7736000
2025-01-08,143.64125061035156,144.48225398727985,141.47181450944313,141.48136622888424,7640900
2025-01-10,146.3554229736328,147.50225633935716,144.18598692314245,146.61346522032346,11074700
2025-01-13,148.46751403808594,150.37890777101128,147.1773174352506,147.27289295500762,11774100
2025-01-14,149.94883728027344,149.9584035822193,147.61694910152943,148.33372177415555,6830200
2025-01-15,151.31549072265625,151.65954218722914,149.45188469904363,149.92973314524056,7900000
2025-01-16,152.3189697265625,152.81592159257522,151.02877313657453,151.02877313657453,5578900
2025-01-17,154.31637573242188,154.60308771177372,151.76466682346688,152.0800485424762,9260400
2025-01-21,151.22947692871094,154.249467934434,150.51270428109223,154.0105437185611,10131400
2025-01-22,149.4805450439453,151.42060844694458,149.34674807073074,150.6942695214001,7232200
2025-01-23,149.0982666015625,150.94276918283197,148.72554539766745,150.64650548009195,5979800
2025-01-24,148.75421142578125,150.49358672240578,148.39105653282843,149.52833813711726,8003800
2025-01-27,150.26422119140625,150.89498465235678,148.62998764040788,149.40409980485737,7141000
2025-01-28,149.2894287109375,151.87935930918144,148.3050474248413,150.7229741525979,6425400
2025-01-29,148.79244995117188,149.64301959318004,147.95143202818775,148.82111969102115,5630600
2025-01-30,149.39454650878906,150.47447409023093,148.62998607171642,149.62390443196668,6931900
2025-01-31,142.58041381835938,147.5309164472405,142.06432935867414,146.947940791834,16726800
2025-02-03,142.72377014160156,144.1764334984837,141.25200334650714,142.39883669866578,7605000
2025-02-04,146.431884765625,146.59435149377435,142.13124858108307,142.13124858108307,8458100
2025-02-05,146.21206665039062,146.98617876733576,145.54306718770928,146.21206665039062,6533700
2025-02-06,145.1703643798828,148.38150679279013,144.3675824223506,147.38758835719483,6420500
2025-02-07,145.85845947265625,146.99574114232828,145.18947454425438,145.72466248697586,4724900
2025-02-10,148.86891174316406,148.8975814838398,147.23466361075955,147.454469816866,5653800
2025-02-11,150.4649200439453,151.67865917217242,149.2033931548695,149.4232139382182,6011800
2025-02-12,148.03744506835938,150.49359311920156,147.7220779218783,149.80549017950602,6693500
2025-02-13,148.97402954101562,149.49009942323545,146.52744793995922,147.92275717363515,7836400
2025-02-14,150.10459899902344,152.14348661954065,149.66011055731335,149.8533670426014,5828800
2025-02-18,150.89695739746094,152.00819315524575,149.56346269250037,150.1045867047964,5981500
2025-02-19,151.93089294433594,153.02281341461736,150.74235160819956,151.24483024202692,4945800
2025-02-20,153.43832397460938,153.59293506335487,151.77630637643244,152.1918070898454,6256200
2025-02-21,151.63134765625,153.59292969956564,151.534726787552,152.8005737003343,6689800
2025-02-24,152.56866455078125,152.99383767855338,151.46708633088312,151.79562384069786,5925000
2025-02-25,151.148193359375,153.63158402887538,150.22055638345088,152.6652869113155,6810900
2025-02-26,149.91134643554688,151.40911003863044,149.19628120229714,151.3414621575213,6005200
2025-02-27,151.3897705078125,152.95516714967832,149.59245724530854,150.44280344312415,7517200
2025-02-28,153.27406311035156,153.32238092113684,149.6987662801253,151.41877418349674,8828500
2025-03-03,147.93043518066406,154.69451559764394,146.64525813209485,154.08575838639288,9059800
2025-03-04,146.87716674804688,148.95469972200226,144.99289025511825,146.11379848740762,8826300
2025-03-05,145.72726440429688,146.2683884253038,142.76073995180397,145.08950477474284,9288300
2025-03-06,147.79513549804688,148.16233310684575,144.43242578672658,145.4373682627508,7314700
2025-03-07,151.07090759277344,152.1434981234264,148.52955586725528,148.7614577693257,8562600
2025-03-10,152.25946044921875,154.96508087699854,150.90663549080335,151.89226278636627,11750300
2025-03-11,148.88706970214844,153.48663892267714,148.60683526595375,153.09045354434656,10466300
2025-03-12,147.5245819091797,149.5731271182161,147.0897511471044,148.46189131018767,9710200
2025-03-13,148.4329071044922,149.22526310729623,146.7998625475305,147.1284000427291,9022800
2025-03-14,151.7279815673828,151.94056811846787,147.85312058630663,148.8001024027853,6671500
2025-03-17,153.3706817626953,154.07607453963234,151.4767328989521,151.92123606666016,7615200
2025-03-18,155.39024353027344,155.66080555479724,153.46732162344532,154.35631323895558,9289500
2025-03-19,158.5210418701172,158.9945180116251,155.47719716481222,155.54484503904112,11503900
2025-03-20,159.21678161621094,159.73857557678073,156.93631980854397,157.63205491898637,9545900
2025-03-21,159.1974639892578,159.33274500772262,157.6127371681594,158.94623202483038,21625500
2025-03-24,159.45835876464844,160.8208265312801,158.78195371303622,159.1394789379189,8068000
2025-03-25,160.34735107421875,162.16399443043437,159.545322672156,160.4826320851375,7869200
2025-03-26,162.30894470214844,163.26558425490796,161.61320952641887,161.72916047419866,10076100
2025-03-27,161.03341674804688,162.55051037539766,160.26039081119322,161.61320094521176,6862700
2025-03-28,160.49227905273438,161.497236276463,159.7289108443934,161.08172086342424,4923000
2025-03-31,161.65184020996094,163.22690924835334,160.5309467462484,160.5889222148599,10675300
2025-04-01,162.8307342529297,162.91771220590823,160.5599447021119,161.6518505010315,6378600
2025-04-02,160.85948181152344,162.31858514621885,160.2603823188513,161.7581310505317,7044900
2025-04-03,150.85830688476562,155.9120516135811,150.54909946280122,154.7234954987296,15501000
2025-04-04,138.45106506347656,147.3216812462014,137.9389287143618,146.64526139383804,20374700
2025-04-07,135.42654418945312,141.26298742695838,132.66293365854068,134.05440396005253,17817000
2025-04-08,132.3150634765625,139.6202824155872,130.32449367954018,139.29173017426808,12904400
2025-04-09,141.10836791992188,142.49983813841197,129.36786375432854,130.4694418865459,16846800
2025-04-10,130.43080139160156,138.78928162480858,128.9523677478883,138.39309620537531,20991200
2025-04-11,131.0588836669922,132.49865694548342,127.58986578544804,130.4597694237416,17224400
2025-04-14,130.7593231201172,133.8707860379943,129.58043954643662,133.81281057445634,9628200
2025-04-15,130.005615234375,132.02518753281757,129.72539554165246,129.79304342116896,9334800
2025-04-16,130.7979736328125,132.91416660189662,130.25684962591896,130.83661902850918,8637200
2025-04-17,133.223388671875,135.51352303509685,131.85124843342822,132.08316506671747,8434400
2025-04-21,129.22291564941406,131.69663403082237,127.87010551724534,131.43574441252707,9967500
2025-04-22,132.672607421875,133.58092914155685,130.39214545877857,130.70135289309204,7984700
2025-04-23,132.073486328125,133.88047201044685,130.59505288001347,132.58563737849056,10002000
2025-04-24,134.38296508789062,134.70183020390994,132.5953092848566,133.27171440819822,7745800
2025-04-25,134.0543975830078,134.3636197439783,132.6242819498298,133.66788462631888,6878500
2025-04-28,135.37823486328125,135.72610242256664,134.00607995283252,134.28631437964464,6715500
2025-04-29,134.6051788330078,135.29124146536245,133.89978613164357,134.01573705665618,7343800
2025-04-30,131.47439575195312,133.49395337784262,129.61910688206885,133.3490146944631,13858000
2025-05-01,131.6676483154297,133.3006929072239,130.5660701210426,130.85596222367602,10199800
2025-05-02,133.8321533203125,135.0690124746856,130.73033302652544,133.23305381431047,12393200
2025-05-05,130.93325805664062,132.38270371778427,130.62403590489194,132.1604595115422,9665000
2025-05-06,131.0299072265625,132.68226719434935,130.48876840499534,131.75463013214187,9916200
2025-05-07,131.21348571777344,131.70630670905774,130.0829198026015,131.48406248928666,8422100
2025-05-08,132.42135620117188,134.20901184339363,131.87057448761394,132.08316104218704,8669300
2025-05-09,133.82249450683594,134.6728259528316,133.05911151911283,134.2186651233062,5965700
2025-05-12,136.8470001220703,138.86657240767366,135.83239989197097,137.64902854031502,8028200
2025-05-13,137.5524139404297,138.4027454601834,136.17060126097624,136.76004314971053,8536800
2025-05-14,136.8953094482422,137.4364334693107,135.98698780808127,136.98227264923025,6453600
2025-05-15,137.46542358398438,137.65869480444823,134.80810649237017,135.28159739126826,7545400
2025-05-16,137.3108367919922,138.18049836641836,135.9580118773542,137.8906062601013,8200100
2025-05-19,135.45249938964844,136.45990716992276,134.11253749886103,136.41100083683693,7713600
2025-05-20,134.25926208496094,135.70679707500793,134.02452063085136,135.2568796856608,6503900
2025-05-21,132.58676147460938,134.12233384373403,132.5183045444576,133.62351011724778,9073200
2025-05-22,132.3226776123047,133.0073364503,130.8360265204906,132.02926945215586,8877600
2025-05-23,133.54525756835938,133.78977431095305,131.11965566058285,131.44241955170065,7025900
2025-05-27,134.80697631835938,134.9439051013108,133.41812297010387,134.36684915345245,8348900
2025-05-28,133.03668212890625,135.74591706742504,132.68457739973996,135.7361417697688,6876300
2025-05-29,134.88522338867188,134.91456420470695,133.11492450867158,133.50614533855125,7554300
2025-05-30,133.70175170898438,134.43530193590723,132.2444414762662,133.877811523987,12858900
2025-06-02,134.81674194335938,135.64810480285217,133.43766399135615,135.45249440182945,9076600
2025-06-03,136.4892578125,137.50644096298407,133.60396304209874,134.63092149025684,9001300
2025-06-04,134.35707092285156,137.54557917689652,134.3179548059965,136.3621114353894,8735600
2025-06-05,133.89736938476562,135.25688194881357,133.70175896512706,135.11995316265472,6342600
2025-06-06,137.13478088378906,137.52600171484698,135.0612686916514,135.0612686916514,6563500
2025-06-09,137.67271423339844,139.02245155427417,136.62619023791225,137.4673285079463,7159500
2025-06-10,140.20591735839844,141.7610403835727,138.7974984208373,139.10069681798362,9841500
2025-06-11,141.6045379638672,141.93707715949049,139.48213438128144,141.02748202014715,9256700
2025-06-12,141.79037475585938,142.0153259880137,140.28414321227768,141.3306820700757,6999400
2025-06-13,142.7097625732422,144.36269822609705,141.3698006064722,143.85409919657596,14148000
2025-06-16,142.82711791992188,143.64869058996985,140.58735113331358,142.53369484515687,10105100
2025-06-17,145.5852813720703,146.69048695228753,143.28681791370485,144.09861532827398,11330300
2025-06-18,144.9397430419922,146.8763114153359,144.4604848660134,146.1623267238713,9841900
2025-06-20,146.26992797851562,146.61224248608255,144.65610841729364,145.26252012701883,23705900
2025-06-23,143.638916015625,148.81288372767807,143.11076641768497,148.7835429124657,10540600
2025-06-24,140.40151977539062,143.17922645264244,140.02007424523362,141.3697965466487,10778400
2025-06-25,140.08853149414062,141.03725767307813,139.38432206391653,140.26459131375563,7386100
2025-06-26,141.27200317382812,141.89796547151184,140.2548051125181,140.54822820420824,7415700
2025-06-27,140.63624572753906,141.49694945324532,139.44301773160703,141.37958619032824,9213500
2025-06-30,140.04942321777344,140.93946781468327,139.27674189109564,139.90270420586458,6980300
2025-07-01,142.37721252441406,143.06185640194266,139.38431513273096,140.1961124889853,8508200
2025-07-02,144.73434448242188,144.76368529727634,142.27940178685475,143.7856183378144,8228700
2025-07-03,145.1157989501953,145.7124204292306,144.12795663289225,144.59742462363727,5173300
2025-07-07,144.1670684814453,144.9201842431518,142.38699431864205,144.1670684814453,9460900
2025-07-08,149.87899780273438,149.87899780273438,144.0301461885899,144.0888427469443,14082100
2025-07-09,149.663818359375,150.58320373854085,149.13565381537333,149.5855712075185,9495900
2025-07-10,150.78858947753906,151.87424445802822,148.35319724451793,149.43885222500708,8395100
2025-07-11,151.90359497070312,152.4708756648745,150.2017678123081,150.90596237584174,8333200
2025-07-14,148.3238525390625,151.50257024531575,147.8250437486098,151.50257024531575,10706300
2025-07-15,147.38491821289062,148.96938197281924,146.9545663462142,148.27496276223337,7346300
2025-07-16,146.63180541992188,148.1575875788137,145.947161492742,147.45337813253772,7923400
2025-07-17,148.05978393554688,148.50968638801268,145.34075893008188,145.88847405001474,8359600
2025-07-18,146.74916076660156,152.49042399581967,143.31615109436532,151.61994499450017,45782600
2025-07-21,146.39706420898438,148.34342294906006,145.85913928794426,147.88373025629906,17982200
2025-07-22,146.74916076660156,147.6294299889999,145.22337869005213,145.98626972832685,26196500
2025-07-23,149.76161193847656,149.78117745692578,147.1697403983757,147.6000922595512,13162800
2025-07-24,152.41217041015625,152.57843999618115,148.86178270375848,149.34104086873626,15701000
2025-07-25,151.4438934326172,152.7740651735989,150.58320460547722,152.41218515278274,7875500
2025-07-28,152.852294921875,153.11637716532735,151.55146414560846,151.99159126861795,8755400
2025-07-29,153.5858612060547,153.76192102818945,152.0405135411748,153.24353178330932,6446000
2025-07-30,150.19195556640625,152.8816396271918,149.3508174086141,152.71537003978273,9191700
2025-07-31,148.31407165527344,150.55383840347076,147.82503818042431,148.66617635412948,10237100
2025-08-01,148.07933044433594,151.25804803578535,147.0523720848538,149.1943261717566,10706500
2025-08-04,147.7272186279297,148.744416565694,146.53399073512077,147.93261924440097,10116600
2025-08-05,149.68336486816406,149.7420614235428,146.6122351311952,147.71745560033486,8604100
2025-08-06,149.4290771484375,151.75688141659435,148.8813620086637,151.0917880867846,7840900
2025-08-07,149.80075073242188,151.74709458154592,149.47798681982675,150.41692281635932,6510400
2025-08-08,151.61016845703125,152.33394344866758,150.13329258022776,150.6125508087041,6332800
2025-08-11,150.08438110351562,152.5099831322508,149.6344786322136,151.93292717274159,6169700
2025-08-12,151.0526580810547,152.62734642514476,149.99634401258587,150.7103286881198,6641600
2025-08-13,152.4512939453125,152.58822272424402,150.8179238951588,151.17981882271306,6581900
2025-08-14,151.7568817138672,152.28503133564985,150.7201330652476,152.28503133564985,7337300
2025-08-15,153.11639404296875,155.06273784960212,151.8840200537607,152.0698551742996,11617000
2025-08-18,151.91336059570312,153.05769709682295,151.3558552898639,152.70559241000785,8174300
2025-08-19,150.32115173339844,152.23972674233127,150.17281452765823,151.7650325937077,8567500
2025-08-20,151.5276641845703,151.7946862208574,150.25190397028481,150.7364972820275,8076300
2025-08-21,153.83193969726562,153.95060945791496,151.04307959997124,151.13209701071264,7533600
2025-08-22,156.43287658691406,157.03613967084058,153.6044801002713,153.6044801002713,9084300
2025-08-25,156.45266723632812,156.5713520895504,155.4340448635105,156.15597773865449,7030000
2025-08-26,155.6219482421875,158.23278865132414,154.82089716408092,155.77028544544626,10270000
2025-08-27,157.48118591308594,158.2229020984693,155.473608645202,155.66149740301873,7483000
2025-08-28,157.560302734375,157.75809069735735,156.10653781656058,157.25371403795992,6502000
2025-08-29,158.82615661621094,159.32063404641053,157.6888494725997,157.9360881876995,6934800
2025-09-02,160.04257202148438,160.07223946103116,157.61963555355547,158.70747688086328,8947300
2025-09-03,156.314208984375,160.06235650363502,155.28570252871313,158.2327839036474,9556100
2025-09-04,155.94830322265625,157.8866464087686,155.76039937405002,156.31421171293925,7243000
2025-09-05,151.9628143310547,154.98901392605526,151.79469380802735,154.33630006706377,11011700
2025-09-08,152.29905700683594,153.31767936271325,151.1914323302131,152.21005468609042,9462000
2025-09-09,153.13967895507812,155.25604192942473,152.89244021933553,153.19901383721557,7769200
2025-09-10,156.04718017578125,156.17574913601428,153.28800276571002,153.33745352658838,7440800
2025-09-11,156.50210571289062,157.16470365452554,154.28684140648548,154.7714347176454,6417400
2025-09-12,155.3747100830078,158.01521794253554,155.36482596617233,157.09549709842963,5546300
2025-09-15,155.57249450683594,156.57134862388605,154.7714434440264,155.64172859387102,5030500
2025-09-16,157.77786254882812,158.33168998423574,156.37354836211745,156.5021173316189,8011000
2025-09-17,158.32179260253906,158.89538827813345,156.85814351772348,157.4416233102186,5736800
2025-09-18,157.08558654785156,158.5195680786915,156.34387040187363,158.2624452472438,6244200
2025-09-19,154.48464965820312,157.2438271553686,153.83193581061423,157.2438271553686,16734000
2025-09-22,154.326416015625,155.38458991753868,153.4363475465553,153.9011575593435,5244000
2025-09-23,155.6812744140625,158.06465928144817,155.2560310616741,155.3845849338883,7181400
2025-09-24,157.4218292236328,158.71737278128862,156.50210843633351,156.57134252066982,6285200
2025-09-25,158.94483947753906,159.23162977099264,157.58997603594815,157.67897835906254,6311000
2025-09-26,158.39102172851562,159.51842972032136,157.7481919839943,158.7964968625631,7015200
2025-09-29,154.37586975097656,157.37240196499943,153.84182564120252,157.37240196499943,8315100
2025-09-30,153.57479858398438,154.00994115103256,152.22981932685997,153.17922266317007,7755700
2025-10-01,152.87265014648438,153.377011712642,151.4980034400508,153.11988887131238,6768400
2025-10-02,151.67601013183594,154.87034536483839,151.6265744584045,152.25950499892195,7562400
2025-10-03,151.85403442382812,152.57596730651,150.54860665653558,151.88370186487978,7249300
2025-10-06,152.31883239746094,152.94186370048578,151.2309760108244,152.26938163620406,4778900
2025-10-07,153.19900512695312,153.24845588934105,149.6090940591963,151.95291231189492,5479600
2025-10-08,152.04193115234375,152.97153607882416,151.15186269173967,152.65507835901795,5678000
2025-10-09,149.96511840820312,153.25833999158266,149.88600020644054,152.42762150845647,6178600
2025-10-10,147.25538635253906,149.6783380577328,147.24550223550847,149.03550828462335,7796600
2025-10-13,150.26181030273438,150.30136185912315,147.7795238396563,148.3432353774125,5978800
2025-10-14,150.7068328857422,151.76502184593264,148.00699030068495,148.15532749592015,6419400
2025-10-15,150.429931640625,152.50674298326626,149.37174264587563,151.21119937813512,5824900
2025-10-16,150.0343475341797,151.0430706202377,148.57068348533446,150.45959087806136,5276800
2025-10-17,151.38922119140625,152.48696175786225,150.51893603162,150.57827091246824,7735500
2025-10-20,152.77374267578125,153.01109727487182,151.48809833865124,151.7353370538588,5676500
2025-10-21,152.09136962890625,153.57480200034084,151.5177890580421,153.03088886968504,6304900
2025-10-22,153.85171508789062,154.25717511262096,151.9133569191223,152.94186333564488,6036700
2025-10-23,154.83078002929688,156.8383573118618,154.3956374495825,156.45266549625217,9810900
2025-10-24,153.84182739257812,155.88897135292618,153.71325842204763,155.68128417670422,4979900
2025-10-27,153.56491088867188,154.7714370363674,153.15943577062177,154.07917164594875,4884400
2025-10-28,152.42762756347656,154.50442385379048,152.19027294876014,153.18911199146436,5066500
2025-10-29,153.3869171142578,154.42530772826973,152.16060755709225,152.16060755709225,7344400
2025-10-30,151.82435607910156,153.51546045861448,151.54744992233623,153.51546045861448,8971200
2025-10-31,155.97796630859375,157.42183199606825,153.39679344455635,154.00994064688766,11136100
2025-11-03,152.33860778808594,155.9779697060017,151.8738128631411,155.67139609815845,8512200
2025-11-04,151.69578552246094,152.06169399214323,150.46947606235162,151.73533707718863,6976800
2025-11-05,150.97386169433594,152.69463359720748,150.97386169433594,151.8342476457717,5894700
2025-11-06,151.25076293945312,153.0803204275478,150.99362501088825,151.2210955000424,6466300
2025-11-07,153.30780029296875,154.44509244727996,151.73535045676024,151.73535045676024,9835900
2025-11-10,153.9308319091797,154.2571888534632,150.6870608808683,153.70337649598392,8436800
2025-11-11,154.51431274414062,156.24498374897541,154.17805662317997,155.01867429020118,6361400
2025-11-12,151.62657165527344,154.06927636144863,150.4002621537054,153.86160428416346,11670900
2025-11-13,153.86160278320312,154.47474998287868,152.22981816918178,152.29905225443753,7998700
2025-11-14,155.8790740966797,156.20543104039592,153.1001131068518,154.50442732237764,8484800
2025-11-17,153.11000061035156,156.14608422212507,152.7341929299042,155.97796370462328,8745000
2025-11-18,153.6199951171875,154.27999877929688,151.75999450683594,152.5,10813400
2025-11-19,151.6999969482422,151.9600067138672,150.25,151.16000366210938,7539900
2025-11-20,150.30999755859375,153.0399932861328,150.0500030517578,152.5399932861328,7623400
2025-11-21,149.97999572753906,151.00999450683594,148.75,150.44000244140625,9248400
2025-11-24,149.75,150.1199951171875,147.74000549316406,149.82000732421875,14181100
2025-11-25,148.52999877929688,149.89999389648438,148.27000427246094,148.89999389648438,11447900
2025-11-26,149.50999450683594,150.4600067138672,148.1999969482422,148.25999450683594,7578900
2025-11-28,151.1300048828125,151.52000427246094,149.25999450683594,149.4600067138672,3848600
2025-12-01,152.5399932861328,153.9499969482422,151.5,151.75,8209000
2025-12-02,150.25,152.4600067138672,149.25999450683594,152.02000427246094,9196300
2025-12-03,151.58999633789062,152.5,150.97999572753906,151.0399932861328,8060200
2025-12-04,152.25999450683594,152.94000244140625,151.22000122070312,151.75,7254700
2025-12-05,150.0,152.6300048828125,149.8300018310547,152.0,12659800
2025-12-08,148.7100067138672,150.07000732421875,147.66000366210938,149.25,10237200
2025-12-09,148.49000549316406,150.10000610351562,148.22000122070312,149.0500030517578,8916700
2025-12-10,151.41000366210938,151.8000030517578,148.6999969482422,149.17999267578125,10976300
2025-12-11,150.72000122070312,151.94000244140625,150.10000610351562,150.8300018310547,8414200
2025-12-12,149.99000549316406,151.5500030517578,149.6300048828125,151.14999389648438,5848100
2025-12-15,149.8000030517578,150.10000610351562,148.42999267578125,149.83999633789062,7503000
2025-12-16,146.75,148.82000732421875,146.49000549316406,148.5399932861328,11290500
2025-12-17,149.52000427246094,149.8699951171875,147.35000610351562,147.5,8805300
2025-12-18,147.69000244140625,149.27000427246094,147.0800018310547,148.85000610351562,6998800
2025-12-19,147.75,149.00999450683594,147.19000244140625,147.9600067138672,21701400
2025-12-22,149.8000030517578,150.49000549316406,148.6999969482422,148.80999755859375,8143600
2025-12-23,150.50999450683594,151.0800018310547,149.85000610351562,150.0399932861328,4663700
2025-12-24,150.5,150.99000549316406,150.10000610351562,150.3800048828125,2227600
2025-12-26,150.02000427246094,151.13999938964844,149.64999389648438,150.3800048828125,3706900
2025-12-29,150.99000549316406,151.63999938964844,150.08999633789062,151.0,5589100
2025-12-30,152.30999755859375,152.6699981689453,151.47000122070312,151.5,5150500
2025-12-31,152.41000366210938,152.5500030517578,151.6699981689453,152.38999938964844,4953100
2026-01-02,155.89999389648438,155.89999389648438,151.25,152.1699981689453,6862100
2026-01-05,163.85000610351562,165.75,159.30999755859375,165.75,35094900
2026-01-06,156.5399932861328,165.0500030517578,156.11000061035156,164.8800048828125,20564900
2026-01-07,155.1999969482422,158.00999450683594,154.89999389648438,157.44000244140625,13537900
2026-01-08,159.25,160.44000244140625,155.2100067138672,155.5,12906000
