Date,Close,High,Low,Open,Volume
2008-01-02,26.391014099121094,27.045817026259463,26.266684889682523,26.788868201697188,9269900
2008-01-03,26.332990646362305,26.540206496747405,26.24181516629479,26.424164545498346,9681100
2008-01-04,25.802518844604492,26.2583946967008,25.69476729028738,25.69476729028738,9550700
2008-01-07,25.827388763427734,26.100913678806243,25.62017287053699,26.00973818003614,10742900
2008-01-08,25.31348991394043,26.109198047984243,25.24717932183858,25.901982190460558,13014300
2008-01-09,24.998523712158203,25.354935279782744,24.20281548940438,25.338357629909112,24858700
2008-01-10,25.421241760253906,25.645035268408957,24.78301653222574,24.78301653222574,12240900
2008-01-11,25.131139755249023,25.595302848359648,25.039964269110094,25.23889288994623,11671000
2008-01-14,25.156009674072266,25.48755478599643,24.965371432332347,25.280338893427352,8717400
2008-01-15,24.741575241088867,25.097986791113577,24.517781721641033,25.048253843948526,12043800
2008-01-16,24.72499656677246,25.089696926201796,24.310564843171893,24.584089717511006,18819600
2008-01-17,23.846403121948242,24.89906013964109,23.780094105609493,24.783018175349536,20109200
2008-01-18,23.630895614624023,24.293985699190397,23.415390941907084,24.03703848903736,16355300
2008-01-22,23.307641983032227,23.60603176374096,21.799109106574946,22.52850986148883,20538100
2008-01-23,23.639184951782227,23.655762599489346,22.45391001655854,22.4621988404121,22041300
2008-01-24,24.22767448425293,24.293983486670623,23.498275457658288,23.688913641992745,14847200
2008-01-25,23.771804809570312,24.749863966871292,23.70549579454643,24.476339082281324,11966600
2008-01-28,24.34372329711914,24.426608387843626,23.622611308921048,23.829827197595794,10421800
2008-01-29,23.871265411376953,24.202812037840882,23.307639624437535,23.81324522602521,23011500
2008-01-30,24.376876831054688,24.849328800675877,24.086774272939223,24.086774272939223,16609200
2008-01-31,24.73328399658203,25.006808855500786,23.904420596109258,24.070193908576403,15074200
2008-02-01,25.412948608398438,25.5289889643035,25.015094604497122,25.487546431746345,13988600
2008-02-04,25.611881256103516,25.73621046211277,25.37980049313467,25.73621046211277,11835300
2008-02-05,24.923925399780273,25.68647988937308,24.90734775021851,25.68647988937308,19217700
2008-02-06,26.10919952392578,26.672826941200857,25.777654449332097,26.44074459851947,31176300
2008-02-07,26.291549682617188,26.45732301519006,25.785944022040095,25.910273231003913,16612800
2008-02-08,26.623096466064453,26.772292158716198,26.20037744479353,26.20037744479353,15161400
2008-02-11,26.465608596801758,26.74742227908304,26.1257747295093,26.74742227908304,9082000
2008-02-12,26.54849624633789,26.888330146583154,26.332993132808586,26.57336430079903,14314100
2008-02-13,27.17014503479004,27.319340720575763,26.581652697448224,26.581652697448224,14445500
2008-02-14,26.788869857788086,27.228166530357186,26.656251815397592,27.12041654469609,11997100
2008-02-15,26.92977523803711,27.103835805993015,26.54849564297628,26.65624877822368,15225700
2008-02-19,26.68111228942871,27.170141832565008,26.623092103112793,26.962925978047306,10609500
2008-02-20,27.004377365112305,27.07897205305858,26.43245946261475,26.49876848678673,10207100
2008-02-21,26.74742317199707,27.261317611478503,26.689402985048993,27.045814511651788,10305200
2008-02-22,26.996084213256836,27.054104405890648,26.35785893242155,26.73084814354131,8812400
2008-02-25,27.261316299438477,27.427089609253056,26.92977284167222,27.20329611528281,13567800
2008-02-26,27.261316299438477,27.526552330396644,27.12041104130697,27.14527593112714,10340600
2008-02-27,27.43537712097168,27.543130247687355,27.02923582789887,27.153563440081943,10319600
2008-02-28,26.971220016479492,27.509979413690285,26.888331766387758,27.294476287178657,11221100
2008-02-29,26.863462448120117,27.228161202870808,26.631381709811762,26.631381709811762,14575900
2008-03-03,26.863462448120117,27.11212083371663,26.614804062523607,27.029235759138764,8283100
2008-03-04,26.41588020324707,26.730847634806963,26.00973570067666,26.656249794002736,15907700
2008-03-05,26.225242614746094,26.64796480231537,26.125779872555967,26.440747330733746,9692200
2008-03-06,25.901981353759766,26.30812423167494,25.85224999222136,26.150639742383266,10529000
2008-03-07,25.49584197998047,25.901984913715726,25.330068644160008,25.785944527200424,12750400
2008-03-10,25.24717903137207,25.5455703686713,25.097984943653966,25.5455703686713,12622400
2008-03-11,25.852251052856445,25.86882712009499,25.37151032244467,25.694766557103687,14520900
2008-03-12,26.034605026245117,26.374438968940105,25.860544432590924,25.910275804930432,9646200
2008-03-13,25.968294143676758,26.17551002467671,25.54557355672505,25.86882982518683,10556200
2008-03-14,25.512414932250977,25.993155620495433,25.222312438446423,25.96828915042142,11421400
2008-03-17,25.24717903137207,25.570436840423405,24.90734515541751,24.981942989742315,12626300
2008-03-18,26.291549682617188,26.299838507338997,25.50413030522521,25.50413030522521,13788400
2008-03-19,25.89369010925293,26.44073977782697,25.885401286282857,26.266679238249473,11737100
2008-03-20,26.440738677978516,26.507047678049513,25.901977854785237,25.926844322661086,13802300
2008-03-24,26.55678367614746,26.656246397257686,26.357855072064115,26.523628381823087,10536000
2008-03-25,26.58993911743164,26.722557133599206,26.391010512248837,26.515339704789497,8547300
2008-03-26,26.324703216552734,26.556785550408357,26.134065003527525,26.44903241718085,9219700
2008-03-27,26.009735107421875,26.490475858899664,25.951714917215668,26.424166844245196,9569900
2008-03-28,25.69476890563965,26.341283014981475,25.69476890563965,26.18379850483442,11021000
2008-03-31,26.009735107421875,26.092621770972862,25.6864788585978,25.727922980839097,11352000
2008-04-01,26.44902801513672,26.540203484857276,26.12577183111846,26.12577183111846,15649900
2008-04-02,26.15892791748047,26.84688446194021,26.076041263017434,26.523628248558957,13072500
2008-04-03,26.13406753540039,26.27497439801175,25.819098510301256,26.051180866641054,8981100
2008-04-04,25.89369010925293,26.208659058390307,25.744494457654312,26.125772409620925,12519000
2008-04-07,26.125776290893555,26.299836856329673,25.86882748344276,26.034600805608978,9732500
2008-04-08,25.752782821655273,26.026307651067505,25.65332010964972,25.99315394070942,13068800
2008-04-09,25.5704345703125,25.868824300189555,25.371507556750675,25.79422805341882,10508200
2008-04-10,25.98487091064453,26.158931485922896,25.462686022946134,25.520707795637243,12183000
2008-04-11,25.015100479125977,26.100911212617923,24.99023400519319,25.727923589216026,15488300
2008-04-14,24.89905548095703,25.180867561970135,24.72499335755305,25.056538377213784,9476300
2008-04-15,24.807880401611328,24.948787234820937,24.509489088713003,24.923920765102284,10320500
2008-04-16,25.131139755249023,25.180871119992265,24.71670802688164,24.965368012461017,10606400
2008-04-17,25.512414932250977,25.603588827326224,25.064827956507138,25.064827956507138,13438900
2008-04-18,25.968294143676758,26.1506435498213,25.57044003158046,25.57044003158046,11513500
2008-04-21,26.07604217529297,26.109197470610702,25.736208302943666,25.777652422090835,8797300
2008-04-22,25.93514060974121,26.042892173019595,25.835676290542015,26.018025697986868,8461400
2008-04-23,26.225242614746094,26.258397916097323,25.785945938364765,26.084335745866927,15000000
2008-04-24,26.47389793395996,26.689402611703606,26.266682080083168,26.399300100089796,12009500
2008-04-25,26.822017669677734,26.89661549530985,26.48218383332314,26.556781658955256,11949900
2008-04-28,26.880043029785156,27.029238709802687,26.69769205157189,26.97950576250909,7648600
2008-04-29,27.153560638427734,27.253026512147002,26.697686450400195,26.788861920378224,10179700
2008-04-30,26.880043029785156,27.377359855268082,26.79715794615909,27.170143984339653,13077000
2008-05-01,27.601150512695312,27.700613235103663,26.871749837353878,26.89661788935317,12246700
2008-05-02,27.758636474609375,28.01558210332677,27.601150406053115,27.766923717335164,8708000
2008-05-05,27.592866897583008,27.94927845842202,27.451958457271527,27.94927845842202,10193300
2008-05-06,27.957563400268555,27.999005939819583,27.17843290637471,27.71719224426426,15123000
2008-05-07,28.761560440063477,28.968776288822056,28.222797968545997,28.35541598527697,30876600
2008-05-08,28.645517349243164,28.844442774509627,28.454879165920044,28.811287483011007,18859600
2008-05-09,28.430015563964844,28.57092399394642,28.206222054132784,28.264242242400748,13434900
2008-05-12,28.819589614868164,28.844454512679516,28.21451952716861,28.305695034962117,9176400
2008-05-13,28.454885482788086,28.827871528429732,28.36370999185761,28.66210135786159,11067300
2008-05-14,28.84444808959961,28.99364376697266,28.45488440922616,28.595789681265593,9867400
2008-05-15,29.001937866210938,29.010225110736872,28.612370974356114,28.720124124374948,11357100
2008-05-16,28.935623168945312,29.02679865514981,28.570924385990477,28.9853561146559,12728900
2008-05-19,28.778135299682617,28.960483078859557,28.5709194709968,28.836155478765637,12365200
2008-05-20,28.255958557128906,28.678677576575833,28.164783060694752,28.59579248628852,12635300
2008-05-21,27.8995418548584,28.255953369006875,27.7669238376308,28.139912999165592,11358100
2008-05-22,27.858102798461914,27.999008076058676,27.642596517373146,27.999008076058676,7735300
2008-05-23,27.543134689331055,27.849813309740235,27.501692145253614,27.783505871589018,8951300
2008-05-27,27.882965087890625,27.96585332743945,27.567996101331172,27.609441802037104,9309100
2008-05-28,28.0653133392334,28.30568446788752,27.899540038028395,27.899540038028395,14201800
2008-05-29,28.023876190185547,28.471460079036724,27.965855997892554,28.065318732985777,12570800
2008-05-30,27.849809646606445,28.222798817970368,27.750346921530408,28.16477863152076,12779000
2008-06-02,27.601150512695312,27.841521656889856,27.393934663257866,27.76692382461786,10323300
2008-06-03,27.501689910888672,27.775213209068223,27.35249423484049,27.750348317014588,11060000
2008-06-04,28.471454620361328,28.67038321427163,27.476821136398016,27.476821136398016,24630200
2008-06-05,28.58749771118164,28.769845494150434,28.264238355745103,28.44658930057658,11640300
2008-06-06,27.360780715942383,28.430015310543514,27.327628581415574,28.297397286847,16597800
2008-06-09,27.501689910888672,27.63430793828004,27.219876207449122,27.61773028962322,10011900
2008-06-10,28.040451049804688,28.18135631367883,27.26131741048123,27.26131741048123,16606900
2008-06-11,27.57628631591797,28.131623288679123,27.559708668122603,27.97414037741768,12419500
2008-06-12,27.551424026489258,27.93270047619272,27.451958130325757,27.79179203755942,13138800
2008-06-13,28.123332977294922,28.13991062328157,27.64259072927014,27.75034384725202,9153300
2008-06-16,27.891254425048828,28.09847027319373,27.6757481723349,27.990717146836765,10955100
2008-06-17,27.443666458129883,28.065313980454675,27.435376053855716,28.05702357618051,9163100
2008-06-18,27.31105613708496,27.642599678567194,27.16186043676566,27.327633788438625,12078500
2008-06-19,27.261316299438477,27.451954499073228,26.996080268480313,27.319336483594146,13913000
2008-06-20,26.47389793395996,27.12869921012625,26.47389793395996,27.05410137625608,21345000
2008-06-23,26.846885681152344,26.888328219800194,26.556784748754374,26.63138258306571,10850800
2008-06-24,26.705978393554688,26.938059121885612,26.490472149936444,26.73084328248649,17528500
2008-06-25,26.92977523803711,27.219876184630284,26.77228915686095,26.855177400075554,16132100
2008-06-26,26.13406753540039,26.76400400466695,26.125778710431288,26.6562508610003,19848000
2008-06-27,26.167213439941406,26.457315903498944,26.051173086890888,26.134059730897505,20844300
2008-06-30,25.860538482666016,26.647959338044327,25.81080554083711,26.27497017898482,15850700
2008-07-01,25.736209869384766,25.76107634238657,25.197448935131717,25.62016949057286,17144900
2008-07-02,25.454395294189453,25.901982307306856,25.44610805107087,25.785941932468212,13633000
2008-07-03,25.611881256103516,25.860541249053654,25.479263225569426,25.628458905153185,6952000
2008-07-07,24.932212829589844,25.379799857124727,24.65039912653416,24.865903815984485,21977600
2008-07-08,24.824462890625,24.865905433975616,24.2939891663333,24.865905433975616,26083200
2008-07-09,24.4846248626709,24.849323609494466,24.476336039206984,24.83274596256664,13575400
2008-07-10,24.53435707092285,24.683552736569613,24.244254563379876,24.52606824717231,11366700
2008-07-11,24.202810287475586,24.509488839564572,23.871263684989355,24.252541645475976,14948400
2008-07-14,24.11992645263672,24.758151681718946,24.095059980267905,24.52606934907135,14277500
2008-07-15,24.393449783325195,24.683552285567607,23.66404911591962,23.887842610300748,16665800
2008-07-16,25.222312927246094,25.363219765200093,24.07848057657681,24.45146973025841,18261000
2008-07-17,25.860538482666016,25.88540337264901,24.965366081854654,25.280333475447105,17998800
2008-07-18,25.611881256103516,25.935139088845535,25.41295421030238,25.935139088845535,14004500
2008-07-21,25.272045135498047,25.694765663545578,25.18086965466481,25.661610368358403,9782000
2008-07-22,25.205738067626953,25.321778447857554,24.841037697133,25.21402689206223,21715300
2008-07-23,25.819101333618164,25.852256637120114,25.197453621343577,25.37980462874053,13220100
2008-07-24,25.711345672607422,26.092622116689462,25.446109610475283,25.810808405441158,11780800
2008-07-25,25.77765655517578,26.125779307171108,25.69476988452323,25.877119295213447,12842800
2008-07-28,25.280336380004883,25.968293011698897,25.247181081642935,25.968293011698897,13658900
2008-07-29,25.628456115722656,25.794229426313127,25.205735596555268,25.363220083523068,13298000
2008-07-30,26.250106811523438,26.332993476772874,25.603592719695804,25.89369525760301,18219700
2008-07-31,25.156009674072266,25.587019110039577,24.973658676815127,25.321781439568447,25577400
2008-08-01,24.932212829589844,25.44610887073009,24.72499696445664,25.280335546250893,15120700
2008-08-04,25.172584533691406,25.354933929797312,24.907346892630606,24.957079839603544,11445500
2008-08-05,25.95171356201172,26.02631139721893,25.197447966855705,25.296912274109165,15540000
2008-08-06,26.042884826660156,26.20865811825242,25.56214417816013,25.802513711944506,12841000
2008-08-07,25.628456115722656,25.91855861879025,25.628456115722656,25.794229426313127,10696400
2008-08-08,26.54849624633789,26.623094085994815,25.653325332318058,25.694767873935625,14759800
2008-08-11,27.18672752380371,27.700622109726606,26.391019165884916,26.498770746503595,21907300
2008-08-12,26.656246185302734,27.28618096314248,26.57336111201375,27.23645118391424,14848700
2008-08-13,26.308128356933594,26.68940640433179,26.12577894874507,26.62309580397408,11051300
2008-08-14,26.797163009643555,27.03753106232344,26.067762120829094,26.250111552566747,11535200
2008-08-15,26.93806266784668,27.286183806167593,26.80544463964873,26.913197775641812,11487700
2008-08-18,26.58993911743164,27.020945298579043,26.366144041368123,26.971215518680527,10246000
2008-08-19,26.316417694091797,26.57336653268293,26.175510827453092,26.39101554001416,8781900
2008-08-20,26.374435424804688,26.689404429471026,26.0263127033444,26.40759072253024,12415000
2008-08-21,26.382720947265625,26.523627783100604,25.96000043976069,26.23352528803666,6966700
2008-08-22,26.689407348632812,26.838603042852917,26.42416968061275,26.62309674592896,7954900
2008-08-25,26.19208526611328,26.598228165814916,26.026311944184155,26.49876385647113,8071300
2008-08-26,26.28325653076172,26.41587612354524,26.0594646238434,26.12577362976946,6506600
2008-08-27,26.324703216552734,26.60651533354173,26.034600694466096,26.07604323436495,7317600
2008-08-28,27.012659072875977,27.078966502524693,26.33299131919571,26.432454044600302,9675200
2008-08-29,26.813732147216797,27.14527880190907,26.780580011238154,26.830309796137733,9062800
2008-09-02,26.888328552246094,27.659171795706254,26.772288177852186,27.136990110933677,11843700
2008-09-03,26.946353912353516,26.971221970114048,26.498768395959765,26.788870968567256,9554000
2008-09-04,26.142351150512695,26.888326277887696,26.100907033926486,26.888326277887696,11444300
2008-09-05,25.99315643310547,26.15063933903665,25.58701356145463,26.067754264728222,9012200
2008-09-08,27.286184310913086,27.393937448899408,26.45732240980925,26.515342600602672,20362900
2008-09-09,26.880043029785156,27.60115337529438,26.880043029785156,27.24474182434842,15312400
2008-09-10,27.161855697631836,27.543132126650892,26.92148453773859,27.020947266642878,13883700
2008-09-11,27.302759170532227,27.352492112644054,26.68940202713436,27.0126582462039,14011700
2008-09-12,27.567995071411133,27.725481139738815,27.020945358278425,27.16185377931567,11213500
2008-09-15,26.822017669677734,27.592860813922023,26.730842198142632,27.012655854768102,15191900
2008-09-16,26.946353912353516,27.261322961789705,26.109203077901142,26.308130149735238,18550900
2008-09-17,26.68111228942871,27.35249279633675,26.44903154416505,26.606514455327815,22284700
2008-09-18,27.71719741821289,27.96585902566272,26.573367936143864,26.730850880580235,22442900
2008-09-19,28.504608154296875,28.885884510416123,27.55970450571328,28.189639217481496,28430600
2008-09-22,27.277894973754883,28.22279876485654,27.219874787414465,28.057025448799774,18394300
2008-09-23,26.962928771972656,27.617731698947047,26.647962917010048,27.253032895476125,13450900
2008-09-24,26.332990646362305,27.012658382676403,26.216948695113242,27.012658382676403,13600300
2008-09-25,26.913192749023438,27.253026580425843,26.498759512144684,26.5236259806368,13356400
2008-09-26,27.14527130126953,27.195004234290398,26.473892514799626,26.473892514799626,9546400
2008-09-29,24.64211082458496,27.311052235873547,24.244256734519006,26.68940462729614,26696900
2008-09-30,25.437822341918945,25.570440381097104,24.43489664208592,25.147719788367322,16589100
2008-10-01,25.429533004760742,25.52899574167554,24.79130771598593,25.11456398235658,11020900
2008-10-02,24.832752227783203,25.537286590653007,24.783020855384105,25.214030298661143,11783300
2008-10-03,24.4846248626709,25.74449599148841,24.418314274959602,25.006808093445937,17468400
2008-10-06,23.42367935180664,24.06190453500984,21.799106301919537,23.904420049857954,35803300
2008-10-07,22.022903442382812,23.498281075036882,21.724512069705614,23.050694016021087,27859500
2008-10-08,21.285215377807617,22.478779285413832,20.663567739815253,21.144308516625415,28972100
2008-10-09,19.726951599121094,21.790823202795625,19.68550905453687,21.235484568335632,24391800
2008-10-10,19.09701156616211,20.24084224703214,17.613345471156485,18.724022441459212,37801900
2008-10-13,22.14723014831543,22.246694454931813,19.478290488775947,19.65235104919022,20772800
2008-10-14,21.285215377807617,23.208178485048258,20.754743232618942,23.17502318550812,20214300
2008-10-15,19.370534896850586,20.912219470696623,19.295937077688386,20.812756765767816,18089100
2008-10-16,20.116512298583984,20.39003711929082,18.29301243991758,19.370535658559092,21418200
2008-10-17,20.514371871948242,21.426122049110056,19.42856111653832,19.635776994032742,17985900
2008-10-20,22.006328582763672,22.006328582763672,20.381756638723324,20.688435294252702,14070800
2008-10-21,20.97853660583496,21.699648610500326,20.796187188772503,21.63333958784745,14680800
2008-10-22,19.10530662536621,20.45635526904449,18.500236536323527,20.45635526904449,20567900
2008-10-23,19.395404815673828,19.594331858083677,18.143820790530032,19.01412837962118,17445800
2008-10-24,18.740602493286133,19.229632039157334,17.820563588184122,18.019490619921836,16247600
2008-10-27,17.71281623840332,18.69087398110355,17.704527412499264,18.251577274711824,15081300
2008-10-28,19.818124771118164,20.08336081960072,17.837141650698964,18.226706899291276,21845500
2008-10-29,19.867856979370117,21.053132004716456,19.47829171422108,19.685507583521304,17071300
2008-10-30,20.995107650756836,21.177457010444254,20.033626334348074,20.655273818970876,14182600
2008-10-31,21.475854873657227,21.940018028065943,20.671857783582798,20.738166805641185,17466700
2008-11-03,20.754737854003906,21.42611668638616,20.050203730673744,21.42611668638616,19742300
2008-11-04,21.56702423095703,21.749373594463464,20.961954379342142,20.961954379342142,16761900
2008-11-05,20.083362579345703,21.525584905038713,19.975611018057585,21.475853536823557,15063300
2008-11-06,18.906375885009766,20.116517410224393,18.500232962027194,20.00047544584962,23027700
2008-11-07,19.36225128173828,20.058496727207064,17.745966873128978,17.862007253729903,28705700
2008-11-10,18.301305770874023,19.80983706765696,17.953183042313988,19.80983706765696,16363000
2008-11-11,18.052648544311523,18.57483188104136,16.98341381448278,18.044359719165747,23171800
2008-11-12,16.709888458251953,17.994626283534334,16.60213689612309,17.704525315905972,21258600
2008-11-13,17.94489288330078,18.027779542209892,16.22914584188778,16.82592694035662,24066200
2008-11-14,17.47243881225586,18.558249324381425,17.35639845275687,17.52217016905095,16888600
2008-11-17,16.361766815185547,17.190630391928067,16.22914876938129,16.64358055775255,20652300
2008-11-18,17.132604598999023,17.389551781209388,16.461225763770717,16.51095711947211,21954000
2008-11-19,16.527542114257812,17.431003646050353,16.519253287799938,17.041436707190158,22433000
2008-11-20,15.524614334106445,16.70160067033959,15.416862765287238,16.237437512382403,26921200
2008-11-21,17.505596160888672,17.513883403885455,15.566055627749739,15.947332042862282,28131800
2008-11-24,18.400768280029297,18.989260540544176,17.074586511759634,17.704522891211013,24042800
2008-11-25,18.259862899780273,18.798623841647476,17.65479136230444,18.48365483623294,20331500
2008-11-26,18.64942741394043,18.873220922331285,17.356400889234727,17.65479065282432,13904000
2008-11-28,18.666006088256836,18.682583737404084,18.085801015556328,18.583119423452246,7577100
2008-12-01,16.850797653198242,18.3427515653205,16.801066277709346,18.26815529255312,17969200
2008-12-02,17.78740882873535,17.862006665502626,16.825927355881092,17.116029878761434,20051200
2008-12-03,18.185266494750977,18.234997864447674,17.0497227503095,17.074589225623715,16331800
2008-12-04,18.06093406677246,18.699157676971875,17.787407629775124,17.85371821881554,17198700
2008-12-05,18.873220443725586,18.931240630148576,17.298380262671053,17.828852345317248,17945000
2008-12-08,20.6552734375,21.63333238152565,18.989258019767856,19.063855843019393,34087700
2008-12-09,19.503158569335938,20.62212302070922,19.32909641363303,19.95903285834493,26341900
2008-12-10,19.644065856933594,20.05849761272602,19.312519187554305,19.768395067484985,16276200
2008-12-11,19.19818115234375,19.90486280497481,18.996272337967536,19.694540922754342,14827300
2008-12-12,19.02151107788086,19.23183295497506,18.449435315444056,18.60928039133165,15025300
2008-12-15,19.15611457824707,19.332784162902858,18.79436073770993,19.290720434545303,12908800
2008-12-16,20.00581932067871,20.333920964883593,18.98786050986114,19.383266701214428,22276500
2008-12-17,19.837554931640625,20.14041888017243,19.46738806172711,19.829141865889383,14715400
2008-12-18,19.20659637451172,20.106773874643896,18.928971523025826,19.91327810640832,18351500
2008-12-19,18.870080947875977,19.517872778915287,18.659759049847274,19.349614618640825,21133800
2008-12-22,18.449438095092773,18.954210997095206,17.902601453185483,18.85325577484319,12596900
2008-12-23,18.38213348388672,18.928970076275615,18.306417475211322,18.659758314153613,9381100
2008-12-24,18.499914169311523,18.68499686402401,18.331657611744376,18.43261122535891,3507200
2008-12-26,18.659759521484375,18.861668356139855,18.4746752195786,18.752301672437262,3069100
2008-12-29,18.062442779541016,18.63451855947214,17.7932310253684,18.63451855947214,7411700
2008-12-30,18.912145614624023,18.928971752403744,17.986728896914077,18.070857981183856,11105200
2008-12-31,19.08881950378418,19.307554511419738,18.94580052204666,18.987864267710442,9012100
2009-01-02,20.12359619140625,20.216138325873754,18.928967929033234,19.147702862101927,9796600
2009-01-05,19.7702579498291,20.190901735995677,19.593588329860914,19.778671018107875,11675100
2009-01-06,20.45170021057129,20.88917012851356,20.022643360815835,20.03105642900265,12070800
2009-01-07,19.501041412353516,20.09835467235131,19.282306504506515,20.09835467235131,12300700
2009-01-08,19.265483856201172,19.53469560542918,18.937382237408112,19.433742001782978,12600700
2009-01-09,18.769123077392578,19.450567086002458,18.701820143723165,19.450567086002458,11489700
2009-01-12,18.390546798706055,18.912144193656502,18.180224906148588,18.760712174274534,11259800
2009-01-13,17.83530044555664,18.44944010085628,17.692281467851206,18.104512261324757,15502200
2009-01-14,17.498781204223633,17.83529752342806,17.1790926265339,17.608149489353693,15482600
2009-01-15,17.96990203857422,18.18022391971997,16.783686757282464,17.498779869475136,18169700
2009-01-16,18.05402946472168,18.62610523682859,17.481955297243378,18.23070067887404,16294800
2009-01-20,17.027664184570312,18.22229287600442,16.95194815728984,18.05403468101914,19725000
2009-01-21,17.860536575317383,17.927839523700964,17.212744694232374,17.53243490252603,17181900
2009-01-22,17.641799926757812,17.83529728914724,17.221156137906497,17.490369510659455,16007900
2009-01-23,17.338937759399414,17.64180020093167,16.808925678617683,17.18750573631892,15436900
2009-01-26,17.54925537109375,18.020375857572652,17.246391398900286,17.734338018196233,10840400
2009-01-27,17.87735939025879,18.087681265438306,17.54084471089728,17.591321511644363,12696600
2009-01-28,18.743886947631836,18.84484055372543,18.171811164339342,18.20546183149433,13079500
2009-01-29,17.87735939025879,18.52515115092255,17.76799272120201,18.44943514748764,11295500
2009-01-30,17.397830963134766,18.213879504675386,17.254811981150425,17.927841540706705,15484400
2009-02-02,16.994007110595703,17.246392703428636,16.691143115493407,16.89305191068545,16499500
2009-02-03,17.34735107421875,17.49037003086709,16.623843222394356,17.481956962284393,27402700
2009-02-04,15.984463691711426,16.90146726344832,15.740489528300378,16.480823482087494,48826100
2009-02-05,15.740490913391113,16.236850747444564,15.286196423952513,15.875098411529807,34993800
2009-02-06,16.363048553466797,16.52289208210331,15.69001734239665,15.78255951501822,20471300
2009-02-09,16.35462760925293,16.674316117248523,16.06858976306448,16.674316117248523,15404300
2009-02-10,15.782554626464844,16.354630417057155,15.6815994144544,16.220024537462336,22253200
2009-02-11,15.563817977905273,15.96763557276171,15.361909180477056,15.942397975975984,19154300
2009-02-12,15.841447830200195,15.883511574685254,15.168418290665267,15.420803966833615,20367000
2009-02-13,15.580646514892578,15.90033509229638,15.479691298295796,15.748903069715574,11804200
2009-02-17,15.00856876373291,15.23571676832514,14.907613560149077,15.202064498921022,21996100
2009-02-18,14.83189868927002,15.15158885446538,14.747771218603642,15.101112051139825,18669100
2009-02-19,14.882377624511719,15.15158939129114,14.486971438004332,14.958093634497018,19575900
2009-02-20,14.747771263122559,15.042220620601023,14.411254960926627,14.512210172511137,22969800
2009-02-23,14.276650428771973,15.008571369080972,14.234586689343475,14.899203079160793,15134700
2009-02-24,15.075873374938965,15.269369131651366,14.276649538599976,14.394430889987758,16498400
2009-02-25,14.604750633239746,14.974915955596986,14.327125839157583,14.958091426128723,16146500
2009-02-26,14.184107780456543,14.806660338646179,14.16728164532555,14.756183537881768,12636900
2009-02-27,14.108392715454102,14.411255144814866,13.813941749589778,14.03267670695674,18621000
2009-03-02,13.502663612365723,13.923307358603017,13.376470809420244,13.864417490870364,17103200
2009-03-03,13.763463973999023,14.04108878401748,13.45218689385539,13.595205832630267,19551300
2009-03-04,14.251411437988281,14.486970923235736,13.53631670499712,13.898070605488451,15800100
2009-03-05,13.45218563079834,13.96537146962313,13.334405905675958,13.881242406837826,17038600
2009-03-06,13.317584037780762,13.813943902105585,12.88852712431546,13.325997107216818,20629300
2009-03-09,13.115673065185547,13.662509653107147,13.00630558713836,13.023130920976365,14569200
2009-03-10,13.973785400390625,13.982198467652193,12.737092593939083,12.81280779235043,24287100
2009-03-11,13.956958770751953,14.285060359171323,13.780287573783367,14.099977699868067,14956900
2009-03-12,14.663640022277832,14.714116818302141,13.940132325872927,14.133628047823127,16768100
2009-03-13,14.411253929138184,14.840310739553452,14.310300329410202,14.840310739553452,17520000
2009-03-16,14.478558540344238,14.882377799901095,14.402844134095345,14.529036950681796,18963300
2009-03-17,14.991745948791504,15.000159018005517,14.43649621769766,14.470148494553714,11424200
2009-03-18,15.235715866088867,15.454450790376912,14.722530020465818,14.907612677342582,16190600
2009-03-19,14.890789985656738,15.39556122208283,14.705705701313786,15.269368412976306,17370100
2009-03-20,14.680466651916504,15.126347973684055,14.369189589219571,14.974915975865466,17766600
2009-03-23,15.917155265808105,15.917155265808105,14.924436027148202,15.000152010071627,15830500
2009-03-24,15.387149810791016,15.73207757234054,15.176827926693568,15.218891661661605,16570800
2009-03-25,15.589059829711914,15.883509206463089,15.025397072657334,15.429214736169307,16019200
2009-03-26,16.034940719604492,16.102243661374853,15.47969104884182,15.715252147352444,15556800
2009-03-27,15.639533042907715,15.942397023265263,15.479687986093632,15.824615694999334,13962400
2009-03-30,15.016980171203613,15.361907871327125,14.756181530662792,15.244128150688368,13150500
2009-03-31,15.27778434753418,15.555409221512486,14.991746404086358,15.19365525746795,14704500
2009-04-01,15.807791709899902,15.833029306045221,15.008568002976979,15.075870933745234,12933600
2009-04-02,17.002418518066406,17.246392647694478,16.110654274359636,16.194783339908227,25194100
2009-04-03,16.82575035095215,17.153851969314566,16.64066767475797,16.750034346002575,18478000
2009-04-06,16.506065368652344,16.825753988395114,16.278917304698062,16.640671272189188,11280900
2009-04-07,16.085418701171875,16.304152052630826,16.00970269311737,16.304152052630826,11623500
2009-04-08,16.287330627441406,16.447174137483156,15.984466537460877,16.144311652131595,12438100
2009-04-09,16.724794387817383,16.884639458231693,16.489234920500007,16.682730655690285,13841800
2009-04-13,16.43034553527832,16.564951407584836,16.21161059162309,16.48923540383385,14907400
2009-04-14,16.00128936767578,16.312564858334483,15.816205082240042,16.27891419120075,14315900
2009-04-15,16.598600387573242,16.657490250147845,16.018113223942088,16.085416153259978,12706700
2009-04-16,17.254804611206055,17.364171266184915,16.59018680096816,16.741618788345317,15449300
2009-04-17,17.145437240600586,17.414650568023504,16.893051651637872,17.30528230274547,14911100
2009-04-20,16.329389572143555,16.834162372219605,16.177957571657892,16.82574930501168,14272900
2009-04-21,16.379867553710938,16.413519824972994,16.11065580212893,16.16954567220892,11611000
2009-04-22,16.32097625732422,16.607014119540114,15.98446159725507,16.236847191149813,15812000
2009-04-23,16.51447296142578,16.598602032567808,16.119068413075393,16.337803356193234,14190400
2009-04-24,17.04448127746582,17.21273777850834,16.455579512246455,16.691140539259845,16599400
2009-04-27,16.607017517089844,16.951945314806398,16.489237763126766,16.50606390072972,17855500
2009-04-28,16.413524627685547,16.649085781560956,16.245266431398957,16.489240655551605,23172500
2009-04-29,17.675451278686523,18.028792107087522,16.37986770633999,16.556538922854802,28270400
2009-04-30,18.424196243286133,18.98785894208415,17.79323060752545,17.902598882982648,36593300
2009-05-01,18.457847595214844,18.491498259706688,17.767992124532732,18.30641559343028,15718000
2009-05-04,19.231834411621094,19.265485080098053,18.373720702971156,18.51673965441281,17603700
2009-05-05,19.475805282592773,19.635650356712464,19.063574600602884,19.08881380324133,16806900
2009-05-06,21.76411247253418,22.117453353956634,20.74615356941971,20.990127761067324,49777100
2009-05-07,21.309810638427734,22.016492211337876,21.015359715610437,21.70521515473023,23981600
2009-05-08,21.419178009033203,21.873474008665625,21.03218654679387,21.621088411955494,18172900
2009-05-11,20.788209915161133,21.17520293553612,20.762972321299223,21.12472614318401,14656600
2009-05-12,20.460111618041992,20.94805830087058,20.106770806019323,20.94805830087058,15536900
2009-05-13,19.854385375976562,20.18248698840516,19.71136643639487,20.09835791724618,14055900
2009-05-14,19.75343132019043,20.165662027788212,19.576761704632236,19.896450268102207,11893400
2009-05-15,19.694536209106445,20.37597849510982,19.576756496733285,19.7281884724292,20991800
2009-05-18,20.36756706237793,20.40963239490422,19.812317510057753,19.871208975594563,9355300
2009-05-19,20.039470672607422,20.527417423662484,19.980580796474207,20.40122460271577,11906400
2009-05-20,19.81232261657715,20.426463792725716,19.694542864403157,20.190902683748952,10524200
2009-05-21,19.543107986450195,19.601997853945928,19.290722381574607,19.4169151840124,12632300
2009-05-22,19.93851661682129,20.190902253133967,19.391678397095916,19.559936557723532,11099100
2009-05-26,20.64519500732422,20.704084872694388,19.669300078945437,19.745016078600933,16299800
2009-05-27,20.081531524658203,20.796624551631147,19.997402461300087,20.561065099782525,14981300
2009-05-28,20.1824893951416,20.52741718385991,19.761845593814027,20.249792339168863,12314700
2009-05-29,20.375980377197266,20.401219577020623,19.770254023092146,20.308677448963362,11215600
2009-06-01,21.057424545288086,21.25092026535318,20.821863491755536,20.889166420675064,11990000
2009-06-02,21.141555786132812,21.419180618183873,20.931233895044777,21.107905117965643,9792900
2009-06-03,21.099489212036133,21.166792143947394,20.821864417323624,20.914406550437285,10892000
2009-06-04,21.14996910095215,21.217272042699964,20.87234426566383,21.040602422347717,11521800
2009-06-05,20.99012565612793,21.494896917858465,20.90599657762994,21.436007044298485,10980400
2009-06-08,21.309810638427734,21.494893296236224,20.720908792793136,20.981709052658182,10700200
2009-06-09,21.309810638427734,21.444416499493624,21.099488779933726,21.183617844257018,8534800
2009-06-10,21.116317749023438,21.46965858292177,20.880756658214995,21.427593242797773,11791200
2009-06-11,21.22568130493164,21.57060902011735,21.1163146459382,21.158378375252198,9577300
2009-06-12,21.082666397094727,21.36029123551568,20.62837193632804,21.057428796547462,7332400
2009-06-15,20.401222229003906,20.84710518940719,20.22455262116003,20.84710518940719,7871500
2009-06-16,19.761844635009766,20.55265539243314,19.660891026181318,20.451700178976008,13346200
2009-06-17,19.921689987182617,20.14883801702405,19.652478220538857,19.711368093913592,8615100
2009-06-18,19.95533561706543,20.165657457229127,19.778666041549506,19.988987881713204,9313800
2009-06-19,19.795495986938477,20.291855753705306,19.669301574829692,20.098358403965186,13805600
2009-06-22,19.063575744628906,19.627238467018355,19.03833654047583,19.509458723561313,12356600
2009-06-23,19.2486572265625,19.408502300298785,18.971032416719773,19.11405135540412,9802300
2009-06-24,19.265483856201172,19.75343055283409,19.164530252554968,19.416915866299078,10006700
2009-06-25,19.81232261657715,19.96375464344587,19.164532374991406,19.231835319752086,11652800
2009-06-26,19.71137046813965,19.820737159776083,19.475809341638772,19.70295739884009,12086600
2009-06-29,19.904861450195312,20.056293451827752,19.610410514202073,19.770255583106145,7735600
2009-06-30,19.627239227294922,19.98058007598164,19.383266662879343,19.938516338725798,10805200
2009-07-01,19.728193283081055,20.132010913654202,19.67771487578794,19.770257017863354,8102100
2009-07-02,19.215007781982422,19.728193701273725,18.987859758234272,19.501045677525575,15561200
2009-07-06,19.425329208374023,19.46739294304922,19.01309851096836,19.080401449225842,14452200
2009-07-07,18.954208374023438,19.53469560659526,18.92896917079608,19.44215507068548,15263700
2009-07-08,18.710235595703125,19.215008464873254,18.550390506129695,19.080402580378383,14542800
2009-07-09,18.954208374023438,19.046748909933214,18.59245448424098,18.82801396251525,9779600
2009-07-10,18.853254318237305,19.114053015681492,18.70182229887336,18.752300708413806,11076000
2009-07-13,19.097227096557617,19.164530033093907,18.56721506728434,18.920555885257,8433300
2009-07-14,19.44215202331543,19.526279478296587,19.063572057386832,19.114048851301195,10361500
2009-07-15,20.25820541381836,20.30026915211221,19.660891985976107,19.660891985976107,12112800
2009-07-16,20.85551643371582,21.023772959147657,20.493762577326116,20.645194573454685,15463500
2009-07-17,20.619951248168945,20.889162918715115,20.552648330532403,20.87233678814895,10516600
2009-07-20,21.34346580505371,21.393942608652484,20.838692955179997,21.015362570090037,13801500
2009-07-21,21.2004451751709,21.486483047244697,20.99853476754237,21.360288641319734,13081600
2009-07-22,21.351877212524414,21.53696149961612,21.02377558304897,21.10790465857896,8490700
2009-07-23,22.546504974365234,22.58015724550669,21.29298675766086,21.410768102027355,17220100
2009-07-24,22.36142349243164,22.563332316188767,22.016495717934635,22.403487228978616,8818000
2009-07-27,22.252052307128906,22.445548023455295,22.05855498617415,22.336179763181516,9796800
2009-07-28,22.18475341796875,22.369836101456208,21.94919232610672,22.35300996533135,10791500
2009-07-29,21.780929565429688,22.41189509494622,21.68838904558119,22.024903673731007,11834300
2009-07-30,22.058563232421875,22.462382553726403,22.033325628022755,22.193169137980394,17084100
2009-07-31,21.13314437866211,21.57061269376872,21.065841437520426,21.360290802122368,25054700
2009-08-03,21.46965789794922,21.54537390312811,21.33505202310422,21.46965789794922,18161500
2009-08-04,21.57061004638672,21.587436180764225,21.234095381979067,21.326637516426857,10073700
2009-08-05,21.25933837890625,21.62109230946292,21.023777269452683,21.570613897318655,12043000
2009-08-06,21.34346580505371,21.553787692115367,21.091078577802527,21.3266396689779,9145200
2009-08-07,22.453962326049805,22.57174205470978,21.5369588838668,21.562196480220535,14579100
2009-08-10,22.243642807006836,22.32777188117655,21.99125558449769,22.226816671247168,8199100
2009-08-11,21.789348602294922,22.21840547248908,21.679981919913867,22.15110252841718,8745200
2009-08-12,22.058563232421875,22.268885160435683,21.66315858542234,21.79776449098086,9024000
2009-08-13,22.092214584350586,22.167930603629564,21.629505399353622,22.10904072299678,10621800
2009-08-14,21.755695343017578,22.2688796287463,21.48648359877394,22.066970820563572,8901400
2009-08-17,21.107908248901367,21.48648835086609,20.93965006922173,21.351880844345025,9396100
2009-08-18,21.2004451751709,21.267748109504232,20.990123304800665,21.22568277265307,9701200
2009-08-19,21.436004638671875,21.536959842465645,21.03218703275385,21.03218703275385,11145500
2009-08-20,21.780929565429688,21.865058623624225,21.427588804715295,21.47806720240901,10030200
2009-08-21,22.53809356689453,22.596983436908978,21.764108979643357,21.91553938626824,13723300
2009-08-24,22.546504974365234,22.815718329611073,22.48761510449629,22.706350053029944,9356400
2009-08-25,22.605396270751953,22.96714855490069,22.546504796718416,22.69793680640461,11427900
2009-08-26,22.714765548706055,22.883023713140574,22.36983775578119,22.479204439423484,10588200
2009-08-27,22.723176956176758,22.807306032243627,22.302533180471066,22.798892964174073,9044600
2009-08-28,22.580156326293945,22.782065131037392,22.36983445410762,22.782065131037392,9270100
2009-08-31,21.907127380371094,22.689523411417,21.663153233922678,22.285705794497453,29465600
2009-09-01,21.604263305664062,22.437137739994704,21.528547302122316,21.780932910842424,26083200
2009-09-02,21.368703842163086,21.57902573353207,21.250924096477636,21.56219959711167,14833200
2009-09-03,21.402355194091797,21.562198669321738,21.242510114233237,21.528548002557557,11087600
2009-09-04,21.789348602294922,21.898716889304737,21.326641062379192,21.41077014362626,11638500
2009-09-08,22.109037399291992,22.17634033913006,21.949192315440836,22.134274998838357,12399400
2009-09-09,22.672693252563477,22.706343909972357,21.99966245347601,22.117443765977516,19096600
2009-09-10,23.858917236328125,23.867330305019983,22.681113293528288,22.681113293528288,21856400
2009-09-11,23.909393310546875,23.909393310546875,23.56446552790351,23.850503436138798,14221600
2009-09-14,23.623355865478516,23.80002709679535,23.379383294628973,23.71589801543632,12298300
2009-09-15,23.80002212524414,23.8673250553468,23.41302907368252,23.556048000729227,10712200
2009-09-16,23.867324829101562,23.943039220699465,23.640176840422622,23.816846428531747,10020300
2009-09-17,23.943044662475586,24.001936143191898,23.673832883430414,23.81685184162676,13941400
2009-09-18,23.926218032836914,24.128126849425282,23.766372951302053,24.03558470675321,14104800
2009-09-21,23.556049346923828,23.707481349466043,23.27001147648376,23.657004550161478,10935700
2009-09-22,23.8757381439209,23.89256427874983,23.564462672728375,23.665416272444883,9578900
2009-09-23,23.623355865478516,24.060825804842448,23.58970519571216,23.968283654884644,11057300
2009-09-24,23.530813217163086,23.825264193369144,23.261601446218826,23.665419102635216,11950300
2009-09-25,23.23636817932129,23.572882955763834,23.16065215404309,23.55605681578445,13628000
2009-09-28,23.74954605102539,23.875738856752893,23.320489227849006,23.36255456617723,8633100
2009-09-29,23.50557518005371,23.92621896550034,23.50557518005371,23.77478694599896,8057800
2009-09-30,23.101755142211914,23.55605118529288,22.925085528543963,23.497161314070233,18600700
2009-10-01,23.017627716064453,23.35414241272035,22.71476368675982,23.35414241272035,16124900
2009-10-02,22.891429901123047,22.941908301596285,22.580154454680134,22.756824042451235,14635300
2009-10-05,23.278425216674805,23.36255428769987,22.714762526824032,22.849368398612704,10263300
2009-10-06,23.707481384277344,23.833674185038316,23.278424577987224,23.41303044608273,11016400
2009-10-07,23.699068069458008,23.934629138479483,23.522396866534773,23.80002327178964,6861400
2009-10-08,24.119714736938477,24.38892650305387,23.76637389275485,23.78320002929424,10366700
2009-10-09,24.094472885131836,24.195428088648608,23.934629419454023,24.11971208716816,7091600
2009-10-12,24.094472885131836,24.5235296919782,23.968280084207265,24.153362751921403,6960000
2009-10-13,23.900978088378906,24.220668241542004,23.85891435462888,24.060823164960453,9426400
2009-10-14,24.321624755859375,24.39734076937602,23.95987082564182,24.136542058723574,9541600
2009-10-15,24.590829849243164,24.60765598203399,24.144948562684686,24.170186157242583,8734100
2009-10-16,24.733854293823242,24.8348095084915,24.237494498014108,24.41416572252638,12048800
2009-10-19,25.129261016845703,25.221801560588993,24.56559826741643,24.733854822622508,12627300
2009-10-20,24.69178581237793,25.011474322244396,24.388921831199305,25.011474322244396,10377800
2009-10-21,24.590829849243164,25.20496925445321,24.565592254685267,24.674958908568946,9611300
2009-10-22,24.76750946044922,24.876876151540564,24.271149606651587,24.456232316432665,7547900
2009-10-23,24.304794311523438,24.792740976258433,24.136537781569455,24.700200446403713,9778300
2009-10-26,24.102880477905273,24.792735797256963,23.90938478679505,24.287964708209103,13255900
2009-10-27,23.699068069458008,24.33844673854901,23.564462202768166,24.086059535034178,11176400
2009-10-28,22.91667366027832,23.69065830392775,22.90826059185913,23.614942292783773,14359600
2009-10-29,23.673828125,23.690654258965473,22.866192950198847,23.101752407201626,13171500
2009-10-30,23.026042938232422,23.816852148199796,22.950326923822743,23.673833188162497,12957000
2009-11-02,23.0596923828125,23.43827243473448,22.723177672564468,23.03445317780813,13301400
2009-11-03,23.23636817932129,23.328908739949846,22.79889816763147,22.933504078208486,12044500
2009-11-04,23.581287384033203,24.170187625838974,23.471919118875892,23.657003381564127,12832900
2009-11-05,24.3973331451416,24.481462201050505,23.749541500659813,23.749541500659813,12129800
2009-11-06,24.027175903320312,24.397342935079685,23.842093189755083,24.220673290944095,11862600
2009-11-09,24.3973331451416,24.45622300288935,23.749541500659813,24.119708383882017,12643300
2009-11-10,24.498294830322266,24.649725245565044,24.355275878735725,24.40575268381665,16938200
2009-11-11,24.641313552856445,24.792743966691607,24.489881534392595,24.574009007202566,11551800
2009-11-12,24.439403533935547,24.784331313037633,24.31321071798115,24.733854507581615,18282100
2009-11-13,25.608793258666992,25.684509265908616,24.994652132748406,25.02830440469075,29084900
2009-11-16,25.82752799987793,25.978958408486452,25.2638652865111,25.339581293129676,12891200
2009-11-17,25.970548629760742,26.02102543590439,25.448949617513897,25.465775754438024,10173600
2009-11-18,25.802288055419922,25.894830195214595,25.49101096996512,25.810701123094763,7843500
2009-11-19,25.415292739868164,25.575137802435133,25.171320217177104,25.457358074558652,8148500
2009-11-20,25.247037887573242,25.448946693578435,25.11243201690311,25.297514687917403,9205600
2009-11-23,25.64244842529297,25.878009556335797,25.499429453700703,25.499429453700703,8046300
2009-11-24,25.432117462158203,25.684504642407287,25.322750807290117,25.62561317710932,7829700
2009-11-25,25.75181007385254,25.869589806645575,25.23862420160544,25.44053300266286,10274900
2009-11-27,25.5330810546875,25.659273884010958,25.070371874329645,25.297519929889198,5688000
2009-11-30,25.42371368408203,25.5499081226251,25.196567224888177,25.432126753626832,10260500
2009-12-01,25.85276222229004,25.88641448956004,25.608789703096225,25.608789703096225,9318200
2009-12-02,25.903240203857422,25.97054313267946,25.65926608398479,25.709742879444217,11386300
2009-12-03,25.516246795654297,26.05467021854965,25.491007595970437,25.911651296264527,9511700
2009-12-04,25.9453067779541,26.164041721770616,25.591965961731827,25.810700905548337,14406400
2009-12-07,26.079917907714844,26.281826757025556,25.928485869574587,26.0210280272445,12451500
2009-12-08,25.810701370239258,26.06308698438683,25.61720562575088,25.970546448334638,8703000
2009-12-09,25.82752799987793,26.021023748068234,25.676095986640775,26.021023748068234,9267900
2009-12-10,26.63596534729004,26.831694126532874,26.167921865613696,26.253021123136666,13609600
2009-12-11,26.976360321044922,27.08698821119858,26.69553392881911,26.797651731555835,15481000
2009-12-14,27.086992263793945,27.299741234780992,27.06997208641363,27.163581438871915,9230700
2009-12-15,27.384838104248047,27.512487807872297,26.89977442450279,26.97636359742398,15183800
2009-12-16,27.597585678100586,27.73374384818651,27.401858511493746,27.401858511493746,11940200
2009-12-17,27.17209243774414,27.478449148318028,26.933814815838502,27.37632808061539,14592500
2009-12-18,27.189111709594727,27.37632716827643,26.874244920538818,27.29974123945226,15229700
2009-12-21,27.57205581665039,27.648644986829236,27.223148695206017,27.274207600947463,7702900
2009-12-22,27.495466232299805,27.657153035234412,27.418877063274646,27.495466232299805,9162000
2009-12-23,27.597585678100586,27.631626032188777,27.265700341407822,27.495467862102853,6567900
2009-12-24,27.47844886779785,27.520997689106075,27.18060224923982,27.24868133721307,3557400
2009-12-28,27.15506935119629,27.538015198396067,27.061460005628934,27.43589738789835,7981600
2009-12-29,27.555038452148438,27.640136096023326,27.240170028023897,27.274210384080664,6242100
2009-12-30,27.469934463500977,27.555035344043834,27.3167561247905,27.495466350797166,6692500
2009-12-31,27.444408416748047,27.869903120883674,27.41887977330534,27.461428594465506,19651700
2010-01-04,27.291227340698242,27.869900340289554,27.121030449904712,27.65715300944765,13700400
2010-01-05,27.22315216064453,27.367820431272328,26.9763660655345,27.291231251343874,10307700
2010-01-06,27.078481674194336,27.231660021516713,26.959343681002895,27.14656075932279,10709500
2010-01-07,27.086992263793945,27.11252252986442,26.840206184313175,27.03593335478645,8202100
2010-01-08,27.129539489746094,27.180600018886288,26.83169451876176,26.942322418965464,7657500
2010-01-11,26.68702507019043,27.0104002912573,26.45725756875347,26.831693316672965,11250500
2010-01-12,26.227493286132812,26.482791082327967,26.108355288455165,26.397691816929584,14618300
2010-01-13,26.627458572387695,26.695537658100346,26.270042966612912,26.287061520690997,9620600
2010-01-14,26.397689819335938,26.533847984416454,26.34662929008072,26.491297543370443,9235600
2010-01-15,26.040273666381836,26.508317145820183,25.87858524017465,26.389179159737694,13936400
2010-01-19,26.38918113708496,26.542359486744896,25.955176354092966,26.031765528922932,9662100
2010-01-20,26.542360305786133,26.58490912727866,26.142394241968987,26.380671862474234,13302800
2010-01-21,26.048786163330078,26.738087125761595,26.01474580808236,26.499809508428005,15403600
2010-01-22,25.512659072875977,26.133880878373102,25.487130432432693,25.955173902736927,14459400
2010-01-25,25.46160125732422,25.725407499693254,25.146734485619213,25.716897411470594,11155800
2010-01-26,25.24034309387207,25.478620687729475,24.951006595307117,25.359481079234115,11197300
2010-01-27,24.951005935668945,25.367990496545456,24.687199707998758,25.155243172232954,16121200
2010-01-28,24.976537704467773,25.08716560560014,24.431903417667293,25.044616787426165,17126000
2010-01-29,25.14673614501953,25.376503672793348,24.891439974026493,24.993559416303793,14507900
2010-02-01,25.12120246887207,25.33394977645439,24.9680241477115,25.189281542373088,10894200
2010-02-02,25.512659072875977,25.538189336452557,24.865907003802274,25.12971485802705,10100900
2010-02-03,26.167922973632812,26.27004241161105,25.350973962340504,25.46160186561131,15976200
2010-02-04,25.248859405517578,25.946670560015228,25.240349315446423,25.767963537922096,13407100
2010-02-05,25.138225555419922,25.393521704842783,24.670180450633566,25.214813101740116,11956100
2010-02-08,25.0871639251709,25.48712993100196,25.07014374978803,25.32544151113125,10656800
2010-02-09,25.39352035522461,25.56371886121634,25.087163693692794,25.43606917015592,14376800
2010-02-10,25.555212020874023,25.60627092990624,24.704222629047653,24.81485053580636,24191900
2010-02-11,25.66584014892578,25.895607676252006,25.325444713887002,25.376503623359454,12389400
2010-02-12,25.589252471923828,25.699882009249468,25.410545466736576,25.410545466736576,12802700
2010-02-16,25.929649353027344,25.95517962222978,25.67435315353756,25.767962517479518,9061600
2010-02-17,26.261533737182617,26.321102736238373,25.853057586409513,25.989217385422872,9768600
2010-02-18,26.397689819335938,26.440238637248587,26.108353312756496,26.261531654255418,8212300
2010-02-19,26.576396942138672,26.82318463210373,26.253021704154612,26.329610875306983,12595600
2010-02-22,26.4827880859375,26.780633046432005,26.431727558595615,26.678515238014832,7868200
2010-02-23,26.312591552734375,26.610438158756054,26.261532644686877,26.40620090343264,10228300
2010-02-24,26.712556838989258,26.80616619271574,26.38918158004951,26.42322031213784,12062100
2010-02-25,26.68702507019043,26.729573886101,26.253020330742824,26.278548971035853,10553800
2010-02-26,26.58490753173828,26.72957578851725,26.363650102362605,26.712555611688337,13449800
2010-03-01,26.8402042388916,26.891263144198266,26.670005723691613,26.721064628998278,8681000
2010-03-02,27.129539489746094,27.163579842506223,26.712554907234672,26.729575083614737,14070600
2010-03-03,26.92530632019043,27.197622690977987,26.84871713801473,27.189114224632778,10345500
2010-03-04,27.716720581054688,27.963508251279897,27.163577873857836,27.24867712645733,23075400
2010-03-05,28.269866943359375,28.26986694335938,27.869900914333066,27.903941267072902,19204800
2010-03-08,28.24433708190918,28.508144965168327,28.04010144335179,28.048609909013788,13176600
2010-03-09,28.346452713012695,28.371981351371407,27.895426208988727,28.08264488032948,11072700
2010-03-10,28.36347198486328,28.593236215313635,28.167741609453216,28.235822304598667,9652900
2010-03-11,28.771953582763672,28.771953582763672,28.18476880282405,28.354967336810418,11392500
2010-03-12,28.669832229614258,28.771953296751146,28.482616765730626,28.771953296751146,9610400
2010-03-15,28.695358276367188,28.72088691481958,28.389001629873167,28.525159778729805,8235900
2010-03-16,28.720888137817383,28.788968838277896,28.499632353853666,28.712379673393055,8472600
2010-03-17,28.720888137817383,28.797477302702223,28.53366945781745,28.75492848804764,7858400
2010-03-18,28.746421813964844,28.80599081417153,28.525165991235298,28.669832635660956,8044200
2010-03-19,28.62727928161621,28.9166157709302,28.491121124660598,28.62727928161621,16729000
2010-03-22,28.891090393066406,29.095326028426904,28.440063809633756,28.482615876078512,11717600
2010-03-23,28.94214630126953,29.018735472451176,28.70387032260075,28.933637836145678,7038000
2010-03-24,29.265520095825195,29.299560445287057,28.823005291620174,28.85704564108204,12195200
2010-03-25,29.861223220825195,30.210128803921194,29.291058538438577,29.350630793068735,32705900
2010-03-26,30.048433303833008,30.29521773327766,29.65697575929344,29.691016110343238,22909800
2010-03-29,29.920787811279297,30.142043631633243,29.759100990492453,30.02290563249904,12560500
2010-03-30,29.869728088378906,29.954828980261343,29.580391548512804,29.895259979077185,17201800
2010-03-31,29.708036422729492,29.954824099577618,29.622938790979514,29.844194581289393,10789500
2010-04-01,30.25267791748047,30.286718278656945,29.793142780400558,29.844203322165274,14603000
2010-04-05,29.971851348876953,30.244167730266504,29.84420162485864,30.022908641470412,10607900
2010-04-06,30.18459129333496,30.30372927507791,29.869722917281138,29.988864145290616,12637700
2010-04-07,30.056941986083984,30.2016118559598,29.835686195191442,30.11651097771915,9242200
2010-04-08,30.354787826538086,30.42286853110941,29.903764520686416,30.02290250741956,9915900
2010-04-09,30.82283592224121,31.38448877480544,30.329260531001868,30.482438876816367,21346000
2010-04-12,30.54201889038086,30.916456424674028,30.46542968984525,30.754766308949982,10410800
2010-04-13,30.499462127685547,30.68668084616524,30.38883258983235,30.524990772471998,10922200
2010-04-14,30.805810928344727,30.814319392329843,30.439885297924935,30.542003097077853,9267400
2010-04-15,30.976011276245117,31.069617370742556,30.516476283185696,30.703694964713574,9185900
2010-04-16,30.490951538085938,31.069621339304828,30.36330183050907,30.822836882265488,12327500
2010-04-19,30.780282974243164,30.780282974243164,30.27820237835216,30.465417826327318,9840500
2010-04-20,31.09514617919922,31.188755510698428,30.873887169061785,30.873887169061785,16515000
2010-04-21,31.1121826171875,31.2738694812231,30.933472324416925,30.967512689351118,9039700
2010-04-22,31.29939079284668,31.375979972856385,30.7377378881979,30.890916248217305,10494600
2010-04-23,31.307897567749023,31.35895484885867,31.052601423401,31.316406032511765,7677100
2010-04-26,31.520645141601562,31.605742774959104,31.20577675639207,31.282365924920512,9983200
2010-04-27,30.907939910888672,31.33343468195957,30.771781713996685,31.299394321169704,10931300
2010-04-28,30.882410049438477,31.103665893340054,30.60158195336268,31.07813724688493,10930900
2010-04-29,31.673826217651367,31.81849285612256,31.06111281643948,31.06111281643948,10576700
2010-04-30,31.35044288635254,31.903587175948235,31.146204045900916,31.648287813817152,11456400
2010-05-03,31.963153839111328,32.320567726100435,31.350440608540286,31.444049935018196,10887500
2010-05-04,31.13770294189453,31.741904649714503,30.907935409427708,31.73339618388996,13195700
2010-05-05,30.07396125793457,31.112169217403746,29.852705473691316,31.001539702148882,17960000
2010-05-06,28.94214630126953,30.252670676481326,26.380669791779884,29.92078535011645,25181500
2010-05-07,28.43155288696289,29.23148167448185,27.886920244714528,28.81449872800209,22579800
2010-05-10,30.031417846679688,30.32075438352883,29.41019595061739,29.776121666228573,18282600
2010-05-11,30.431377410888672,30.848363616405717,29.90376492833517,30.227141786923898,19853200
2010-05-12,29.8952579498291,30.81432479590481,29.631450072301092,29.767608243803675,25533300
2010-05-13,29.571884155273438,30.235654904701406,29.563375688910067,29.93780988797532,15445900
2010-05-14,28.98469352722168,29.597403548127293,28.788966399378726,29.495285752354057,16945200
2010-05-17,29.103836059570312,29.222974047695253,28.329435890491496,29.120856235911976,15136700
2010-05-18,28.703874588012695,29.478274880029304,28.525167577455143,29.23999886595257,17393800
2010-05-19,28.41453742980957,28.763442977083084,28.159241242142855,28.482618144529845,18536600
2010-05-20,27.22315216064453,28.048611338265747,27.22315216064453,27.878412799950613,26615500
2010-05-21,27.97201919555664,27.97201919555664,26.721065427781472,26.721065427781472,20122900
2010-05-24,27.640132904052734,28.07413927798849,27.32526776255685,27.708213608304092,14040200
2010-05-25,27.503976821899414,27.546525642141084,26.559378079706587,26.87424486814868,26555900
2010-05-26,28.142213821411133,28.805984387784857,27.35079357091955,27.665658679806274,25296300
2010-05-27,29.24850082397461,29.24850082397461,28.491120879533575,28.59323868480507,16214500
2010-05-28,28.44005584716797,28.97617992085574,28.286880786666018,28.67833501673252,15832700
2010-06-01,28.36347198486328,28.823003692030206,27.954994306523005,28.13370450814671,15438800
2010-06-02,29.563373565673828,29.605922386969247,28.47410491216263,28.56771426677274,18309300
2010-06-03,29.5378360748291,29.869721362774047,29.197442322745268,29.716543038143094,17752500
2010-06-04,28.669832229614258,29.231485113799152,28.457084875812907,28.984700650552497,21813100
2010-06-07,28.116683959960938,28.993201797556573,28.091152076488264,28.67833670236712,14577700
2010-06-08,28.21030044555664,28.354967088102583,27.58056684921072,28.10817937830033,15662500
2010-06-09,28.031587600708008,28.780459126452005,27.937981500473366,28.337944281524493,13707600
2010-06-10,29.027246475219727,29.12936428554674,28.465593649021162,28.533671107150283,13720200
2010-06-11,29.137880325317383,29.154897257677625,28.57622741568228,28.805991711484108,8799700
2010-06-14,28.874069213867188,29.41870188428667,28.86555750236682,29.350624423617624,9336800
2010-06-15,29.776124954223633,29.784633421129147,29.027253262108935,29.027253262108935,11552200
2010-06-16,29.605918884277344,29.725056868316027,29.342111029429827,29.605918884277344,9416200
2010-06-17,29.844192504882812,29.878232853721073,29.444226521699065,29.614425019624044,10951100
2010-06-18,29.912282943725586,30.08247825080964,29.716552497297606,29.946320057381957,14672300
2010-06-21,29.835683822631836,30.490945924778245,29.665485325951444,30.21011791831565,11382500
2010-06-22,29.231481552124023,30.17608020731125,29.180424271043588,29.886743711544593,9731000
2010-06-23,29.22296905517578,29.469756700568077,28.97618140978349,29.23998922860968,9474000
2010-06-24,28.593236923217773,29.086812236443457,28.474098950029866,29.04426342405725,10273200
2010-06-25,28.49112319946289,28.661321719618364,28.184766512436394,28.516651841292845,11155500
2010-06-28,28.269866943359375,28.729398720280336,28.125197067348424,28.559203449114573,7802000
2010-06-29,27.486955642700195,28.397513997004744,27.265699837747736,28.346456713082443,15868300
2010-06-30,26.806163787841797,27.6656615793486,26.687025801520722,27.367816613545912,17186400
2010-07-01,26.797657012939453,27.316759462613113,26.304083207414653,26.780636834751196,19906200
2010-07-02,26.70404815673828,26.959345964948408,26.142395251062986,26.857226517037645,15597300
2010-07-06,26.99338150024414,27.486955256537335,26.70404499243778,27.035931941470587,15215500
2010-07-07,28.20178985595703,28.227318500653688,26.942325859403702,27.001894861207315,14309500
2010-07-08,28.37198829650879,28.54218683518428,27.99755410843641,28.363479830395217,10044000
2010-07-09,28.720888137817383,28.763436952471967,28.3975113031629,28.4060230138537,8530900
2010-07-12,28.737913131713867,28.840030953261305,28.414536242835457,28.57622631040817,10094300
2010-07-13,29.31658363342285,29.503799082173877,28.899597425319683,29.027247125789376,8653000
2010-07-14,29.137880325317383,29.36764462111921,28.86556071354638,29.137880325317383,7955100
2010-07-15,28.976184844970703,29.29104997516036,28.593239012974347,29.06128572222908,10656300
2010-07-16,28.10818099975586,28.933641819893616,28.0145716391711,28.84003245930886,13060100
2010-07-19,28.346452713012695,28.50813949972841,28.074136416298682,28.15923404167194,9647000
2010-07-20,28.423044204711914,28.46559302088705,27.912448671810548,28.36347521281341,11632000
2010-07-21,27.920961380004883,28.593240490622303,27.767783039290357,28.48261421386925,10151100
2010-07-22,28.584732055664062,28.737910396539746,28.125197033037,28.15923738573531,9984500
2010-07-23,29.044273376464844,29.112350850357178,28.465600240176673,28.525169247182742,10790200
2010-07-26,29.274032592773438,29.546348903251342,29.010224746756375,29.010224746756375,10104400
2010-07-27,29.17191505432129,29.495291929302507,28.899598711052963,29.495291929302507,7103000
2010-07-28,28.967676162719727,29.112342783572164,28.763437305100776,29.095322608248374,6089200
2010-07-29,28.68684196472168,29.614420219483904,28.440054345045077,29.12084822639651,9938400
2010-07-30,28.669832229614258,28.831522296114166,28.09967087963479,28.397515876449887,7805000
2010-08-02,29.342119216918945,29.51231777572274,29.044274173712925,29.052782640832742,9948800
2010-08-03,29.112348556518555,29.401685101865052,28.950661728280014,29.308075742154838,8503300
2010-08-04,29.639965057373047,29.750591352127575,29.052780240329813,29.282547788790136,9840700
2010-08-05,29.767601013183594,29.82716999585485,29.410187117156067,29.512304909411633,8407300
2010-08-06,29.784622192382812,29.86121135072816,29.265518257627264,29.427208284281992,8061700
2010-08-09,29.920787811279297,29.9803568108464,29.69953199092535,29.750589278401723,7809300
2010-08-10,30.031417846679688,30.13353566960672,29.554862595908432,29.691020775233493,12353400
2010-08-11,29.120861053466797,29.588904618358985,29.044271870392276,29.588904618358985,15028900
2010-08-12,28.925128936767578,29.18893355311415,28.68684971540935,28.805987702955118,11809600
2010-08-13,28.66132164001465,28.771951164748458,28.43155412538293,28.754930988153507,11058100
2010-08-16,28.64430046081543,28.72088962967857,28.176256982770294,28.457081771090717,6917800
2010-08-17,28.729402542114258,28.925132973272724,28.51665517858884,28.865560724919835,9875200
2010-08-18,28.8570499420166,29.120857820265098,28.423046783625217,28.771952301945156,8325000
2010-08-19,28.24433708190918,28.746420958907596,28.133710796968487,28.695363672401722,12070700
2010-08-20,28.125194549560547,28.25284423777429,27.835858069706966,28.082645735578108,8632700
2010-08-23,28.02307891845703,28.55069139451386,27.912449396516084,28.27837506840281,8046500
2010-08-24,27.35079574584961,27.827350925350046,27.206127499060777,27.64864395038735,14229700
2010-08-25,27.32526969909668,27.43589922821211,26.84871447436372,27.121032441268316,14144000
2010-08-26,27.180601119995117,27.606094184800295,27.12954058878642,27.384838375429634,10120500
2010-08-27,27.895429611206055,27.95499860548583,26.874243373981322,27.342288486284346,11144000
2010-08-30,27.529504776000977,28.074140698774993,27.503976133748083,27.852881645027182,7057900
2010-08-31,27.691194534301758,27.937982227634652,27.15507032891883,27.401858022251723,12520700
2010-09-01,28.51665687561035,28.678346959122788,28.00606447127095,28.082653656548594,10020900
2010-09-02,28.8570499420166,28.916618939319992,28.53367306646472,28.610262241035773,7034600
2010-09-03,29.5037899017334,29.529321781642842,28.95064894643654,28.95064894643654,8473800
2010-09-07,28.7974796295166,29.469761992684923,28.64430128737023,29.359132468631046,10733100
2010-09-08,28.7974796295166,29.018735431357616,28.720890458443414,28.83151998249729,8370900
2010-09-09,29.001710891723633,29.35061630256377,28.933630203625125,29.222966635512012,6990600
2010-09-10,29.06128692626953,29.17191320188898,28.97618604548533,29.069795391214615,7362900
2010-09-13,29.163402557373047,29.503796316269987,28.865554366288492,29.291048999609487,8826700
2010-09-14,28.976184844970703,29.129363177769246,28.6953600656844,29.129363177769246,7761800
2010-09-15,29.112348556518555,29.291055563455966,28.83152372365507,28.942150015797,7262300
2010-09-16,29.078298568725586,29.095318741787572,28.68684432709812,29.010221122743715,7297600
2010-09-17,29.41019630432129,29.554862951352177,29.23999776655129,29.257017944955,19012800
2010-09-20,29.699527740478516,29.776116906999018,29.384659363523923,29.41019124987512,10219200
2010-09-21,29.359130859375,29.767605333953448,29.163403709864486,29.70803634263575,11630600
2010-09-22,28.925128936767578,29.622939932049956,28.84853976673577,29.41870106320957,9897700
2010-09-23,28.184768676757812,28.703872742274203,28.08265085532956,28.65281220842657,18090900
2010-09-24,28.57622528076172,28.780460916497663,28.346457755858605,28.406026753470496,10657100
2010-09-27,28.329442977905273,28.644308203331754,28.320931264471643,28.59324766153252,7884000
2010-09-28,28.269866943359375,28.482614278583295,28.031587720447227,28.3975133967337,12863900
2010-09-29,28.091154098510742,28.235823961048755,27.81032933022676,28.108174273295592,9231200
2010-09-30,28.167743682861328,28.499632226726167,27.93797943549819,28.24433284740453,14459500
2010-10-01,28.37198829650879,28.576227192172798,28.184769579339044,28.33794793952027,12916300
2010-10-04,28.20178985595703,28.593244223885677,28.150732566563722,28.278379036314128,10708300
2010-10-05,28.788972854614258,28.92513102826417,28.389006799275855,28.4145354423768,14555400
2010-10-06,28.695358276367188,28.916614050909352,28.45707908116832,28.797476076443086,11339900
2010-10-07,28.8570499420166,28.916618939319992,28.66132277283877,28.746420412910215,9029800
2010-10-08,29.36764144897461,29.52933150533624,28.763439781167435,28.908109660740116,12971700
2010-10-11,29.418704986572266,29.563374880933356,29.29956698313791,29.37615616338387,5347500
2010-10-12,29.342119216918945,29.452748767081538,28.899604262536073,29.240001380143667,9077900
2010-10-13,29.708036422729492,29.954824099577618,29.435720105609686,29.495289097087984,14425700
2010-10-14,29.656980514526367,29.74208140579603,29.427216223765953,29.60592322603164,7358700
2010-10-15,29.682512283325195,29.9122798194105,29.410195924913072,29.81867046253126,9641200
2010-10-18,29.571884155273438,29.784631523296987,29.359136787249888,29.639964871249234,6926200
2010-10-19,29.137880325317383,29.44423380180887,28.933641428055918,29.35913615493909,9554500
2010-10-20,29.461252212524414,29.57188174383018,29.16340722008614,29.16340722008614,10107800
2010-10-21,29.512311935424805,29.818668631392104,29.325093233163262,29.580389397713727,16888400
2010-10-22,29.759096145629883,29.776116320773408,29.1889316402544,29.503796764743456,9598800
2010-10-25,30.17608070373535,30.397339746279144,29.8697240271465,29.920784555333526,11230400
2010-10-26,30.60157585144043,30.610087562739814,29.77611840006897,29.895256388126704,14800400
2010-10-27,30.567537307739258,30.601577662417863,30.184594679539067,30.295220962844198,11752600
2010-10-28,31.06961441040039,31.07812612034965,30.58455082381048,30.593062533759745,14226000
2010-10-29,30.746252059936523,31.069625738050892,30.49095585490562,31.069625738050892,12926000
2010-11-01,30.661144256591797,31.052601812177503,30.43137674992192,30.814322594371717,8454000
2010-11-02,30.729223251342773,31.018559734803503,30.72071154068032,30.950479034569703,16355300
2010-11-03,30.882410049438477,31.001548061252198,30.593073486633422,30.737740144902272,12050100
2010-11-04,31.512130737304688,31.622760248227785,31.02706712683633,31.061107475776723,16674900
2010-11-05,31.65680694580078,31.71637594525959,31.29938970278092,31.29938970278092,9712900
2010-11-08,31.537668228149414,31.605745691865017,31.392998342570003,31.529156516268134,6802600
2010-11-09,31.36747169494629,31.68233688297877,31.214293334007863,31.64829652582198,7600000
2010-11-10,31.47810173034668,31.48661019663686,31.069623930540054,31.410021014956516,7857200
2010-11-11,30.576051712036133,31.818495550811463,29.912280968686854,31.384492352375513,37821800
2010-11-12,32.124847412109375,32.3375947459644,31.146208377869566,31.282366541686116,39192700
2010-11-15,31.699359893798828,32.04826547016175,31.605750526387506,31.844026555240017,11658400
2010-11-16,31.418516159057617,31.7333844648248,31.239809226335144,31.37596735311405,12409800
2010-11-17,31.673826217651367,31.758923858367726,31.231311344139105,31.316408984855464,10600500
2010-11-18,31.980175018310547,32.15037025770055,31.65679822019055,31.65679822019055,9520400
2010-11-19,31.4951114654541,31.7674310185153,31.273855683533277,31.571700629631778,13691800
2010-11-22,31.444059371948242,31.529157014504225,31.07813366567696,31.38449037290566,6558800
2010-11-23,30.73773956298828,31.163234309277637,30.635621732833677,31.08664512509486,11925900
2010-11-24,31.3759765625,31.46958591081128,30.890912890584058,30.941973420462965,9098200
2010-11-26,31.231307983398438,31.42703513299777,31.001540482668815,31.069617938662837,3490900
2010-11-29,30.993032455444336,31.239820161071172,30.720716106568844,31.018564344959938,8495200
2010-11-30,31.06961441040039,31.341933942251572,30.652631518339827,30.669651691972163,17578900
2010-12-01,31.58872413635254,31.83551182987303,31.520646675606727,31.614256024615656,15010900
2010-12-02,31.77593994140625,31.988687262051375,31.52915227035395,31.53766398108899,13967700
2010-12-03,31.988689422607422,32.05676688175332,31.52915439987243,31.52915439987243,6901500
2010-12-06,31.963153839111328,32.10782043729282,31.72487466818592,31.85252433997689,5086200
2010-12-07,31.767431259155273,32.320572341280624,31.750411084068368,32.20143436193875,8123100
2010-12-08,31.461082458496094,31.90359738248796,31.435550566355126,31.88657720314974,8561900
2010-12-09,31.607328414916992,31.83100429843889,31.4094571218573,31.719164715790846,6547200
2010-12-10,31.53850555419922,31.787992611568306,31.486886523848025,31.71056570692874,6748900
2010-12-13,31.94283676147461,32.243939476368304,31.461069135871238,31.787982999022578,12361700
2010-12-14,32.03748321533203,32.26115914139814,31.951451488556746,31.994465711056982,6954600
2010-12-15,31.78799057006836,32.14931391399831,31.744976355092067,31.968652242033336,7258400
2010-12-16,31.839601516723633,31.98585376373017,31.744971570747342,31.84820632748659,7649800
2010-12-17,31.874019622802734,31.977254397117775,31.633137388809537,31.80519753385081,11285400
2010-12-20,31.88262176513672,32.12350397895811,31.69335529326332,31.856810612388692,5114100
2010-12-21,32.11490249633789,32.19232610937347,31.91703121266686,31.977251766210554,4783900
2010-12-22,32.64828872680664,32.682701412266944,32.12350675974711,32.20093366114564,7229000
2010-12-23,32.43320846557617,32.639677977231514,32.27835469094781,32.56225108991733,4506000
2010-12-27,32.24394607543945,32.47622676665625,32.089092281294924,32.30416663074298,3518900
2010-12-28,32.14071273803711,32.27836019654324,31.891225693940285,32.226741168938084,3464300
2010-12-29,32.3471794128418,32.55365222315566,32.09769567267062,32.218136777947876,5097000
2010-12-30,32.24394607543945,32.390198339586675,32.16651917836719,32.32997778428315,3411800
2010-12-31,32.269752502441406,32.34717939604716,32.01166395101357,32.14931139722668,3650800
2011-01-03,32.53644561767578,32.69129940370895,32.364385490775156,32.467623535979904,7591000
2011-01-04,33.543006896972656,33.551608429512,32.562264816957374,32.631090204372526,21974200
2011-01-05,34.37748718261719,34.41189987011318,33.69785137255657,33.74947040380056,22003400
2011-01-06,34.11079025268555,34.31725977291474,33.930125320267685,34.145199651541176,14738300
2011-01-07,33.93872833251953,34.136596312991045,33.68924133383966,34.02475674775978,6598700
2011-01-10,33.98174285888672,34.02475706691032,33.49137366751557,33.56019574399858,8772600
2011-01-11,33.895721435546875,34.24844326494502,33.75807397241039,34.06777830313669,6494800
2011-01-12,33.697837829589844,34.11078335003235,33.586001562835975,33.96453112783955,9586900
2011-01-13,33.775272369384766,33.86130407307308,33.56019803282487,33.706450288208046,7084100
2011-01-14,33.801090240478516,33.84410445998623,33.551603172849376,33.6376316118648,5214000
2011-01-18,33.887115478515625,33.990350251937485,33.55160000356387,33.611820561541144,7892000
2011-01-19,33.6290283203125,33.97314862190987,33.517188730027186,33.6290283203125,8371900
2011-01-20,33.697837829589844,33.887104252978226,33.130041841197894,33.560190416700074,8977900
2011-01-21,34.1882209777832,34.3602778366809,33.79248166970552,33.80108648171494,10931800
2011-01-24,34.36027908325195,34.36888389557355,34.016162071197975,34.102190503767886,7794300
2011-01-25,34.29145431518555,34.34307005798626,33.95593885988456,34.23123376073532,7920300
2011-01-26,33.930118560791016,34.35166561008797,33.86989802257334,34.27423873498335,9777100
2011-01-27,33.947330474853516,34.145198458901035,33.76666883051974,34.01615583370852,8231000
2011-01-28,33.42254638671875,34.23122789084949,33.25048956452146,33.86129981593299,8399900
2011-01-31,33.439762115478516,33.76667607664607,33.250498901559986,33.58601439354339,8206400
2011-02-01,34.30866241455078,34.36888297208647,33.586012442348284,33.586012442348284,9283000
2011-02-02,34.83344650268555,35.02270971718697,34.23983913955646,34.23983913955646,15357000
2011-02-03,34.8420524597168,35.05712685761628,34.65278593939729,34.75602401326695,9513800
2011-02-04,35.022705078125,35.07432410166497,34.76461652397317,34.81623554751314,11142200
2011-02-07,35.220577239990234,35.44425641998155,35.02270921570525,35.10013611927541,7283900
2011-02-08,35.427040100097656,35.47865911519938,35.09152470637018,35.186157926503256,11850200
2011-02-09,37.30250549316406,37.896109672148846,36.751915539014405,36.78632494981751,35806100
2011-02-10,37.25947952270508,37.560582283406795,36.76050548294343,36.80351969421882,14829000
2011-02-11,37.34552001953125,37.431548469896114,36.99279812219527,37.02721081505123,14199200
2011-02-14,37.19926452636719,37.345513522900966,36.97558534348977,37.15624702689306,7500600
2011-02-15,37.070213317871094,37.48315565623663,36.9755800833297,36.992786424316684,12069100
2011-02-16,37.59499740600586,37.60359893610981,37.03580277779795,37.173450231880395,7902800
2011-02-17,37.59499740600586,37.76705754405246,37.39712939587323,37.422937267959256,6396000
2011-02-18,37.47456359863281,37.55199051175751,37.21647170036728,37.55199051175751,15918200
2011-02-22,36.691680908203125,37.12182955527808,36.476606584665646,36.846534683692006,14162700
2011-02-23,36.24433135986328,37.242276239547,36.10668390341636,36.91536229982024,18834700
2011-02-24,36.493812561035156,36.53683005460179,35.78836898595909,36.13248924384819,14504800
2011-02-25,36.949771881103516,37.10462566682249,36.47660899441729,36.562637416806076,9457300
2011-02-28,37.62941360473633,37.741249915404616,36.99279201903267,37.0099983626219,12528200
2011-03-01,36.98418045043945,37.67241759834543,36.9669741115201,37.53477016876423,12093400
2011-03-02,37.242271423339844,37.52616782977163,36.97557807518676,37.11322551383298,7624800
2011-03-03,37.913307189941406,38.05955945845452,37.51757116276935,37.51757116276935,9641500
2011-03-04,37.465946197509766,38.145581841956414,37.078811761953204,37.878888501512186,11127700
2011-03-07,37.00999450683594,37.51757010362721,36.459404696440146,37.448744736440666,11765100
2011-03-08,37.16484069824219,37.49175456195165,36.76049995317451,37.04439961207908,6864300
2011-03-09,37.09602737426758,37.31970656262307,36.8293372489335,37.19926543740451,5386700
2011-03-10,36.536827087402344,36.846534637996015,36.27013374510807,36.69168086269918,10210600
2011-03-11,36.93257141113281,37.09602675236422,36.35617038782565,36.50242266726383,6954800
2011-03-14,36.33896255493164,36.717492218398725,35.771166418844,36.68307953578152,11005600
2011-03-15,35.80558395385742,36.01205681469227,34.95389119712879,35.38403998224117,14572000
2011-03-16,34.928077697753906,35.77117214803707,34.7732238829488,35.46146451842685,16754900
2011-03-17,35.06571578979492,35.444248694420104,34.82483360086885,35.43564388380206,9378400
2011-03-18,35.47005844116211,35.8485880840599,35.41843942004128,35.487264781535714,13291500
2011-03-21,35.97763442993164,36.12388668398445,35.26358934557045,35.66792686301878,7130300
2011-03-22,35.650718688964844,36.089472146784814,35.59910295164983,36.00344044830358,6881000
2011-03-23,36.33896255493164,36.43359250946788,35.16035278859782,35.61631262884063,11705500
2011-03-24,36.87234878540039,36.98418837144234,36.4766127508203,36.53683330904882,7011100
2011-03-25,36.966983795166016,37.19926450876367,36.80352517350038,36.94117263913887,7935500
2011-03-28,36.579837799072266,37.250868573366255,36.579837799072266,37.15623535508922,6022900
2011-03-29,36.941165924072266,37.018592814530365,36.44219518249974,36.631461644013726,5452700
2011-03-30,37.29389190673828,37.40573149042234,37.03580333666096,37.12183504786955,7004800
2011-03-31,37.070213317871094,37.173448082018986,36.734697873059964,37.04440544727762,7206400
2011-04-01,36.863739013671875,37.319698826911285,36.68307736329199,37.19065291562631,8404800
2011-04-04,36.67448043823242,37.03580378435354,36.57124238353416,36.88094998408042,6841000
2011-04-05,36.50241470336914,36.84653493609587,36.304546718172084,36.7002826885662,7635700
2011-04-06,36.36477279663086,36.76050882720462,36.184111123774265,36.7519072968766,7826300
2011-04-07,36.16690444946289,36.364772462934056,35.70234305343099,36.28734556359541,9439900
2011-04-08,35.926021575927734,36.33896725722155,35.61631723761907,36.32176091368643,7271800
2011-04-11,36.03785705566406,36.080871268706176,35.745355812493976,35.926017476335296,6882700
2011-04-12,35.81418228149414,35.91741705232861,35.48726834511509,35.77976959729125,8387000
2011-04-13,35.87440872192383,36.1497036771512,35.69374702288863,35.986248323039554,5964800
2011-04-14,35.28939437866211,35.753955691685604,35.13454060765428,35.70233667409178,11204000
2011-04-15,35.71955108642578,35.883006423089036,35.23778332531785,35.47006403432841,8376900
2011-04-18,35.444252014160156,35.51307409668196,34.80763052151999,35.24638401447073,9975800
2011-04-19,35.57329559326172,35.66792883079193,35.16895805350639,35.341018187036404,6903700
2011-04-20,36.16690444946289,36.528227791860445,35.92601893942363,36.02925699305798,7400000
2011-04-21,36.36477279663086,36.476612381540576,36.21852052686057,36.40778701181944,4860800
2011-04-25,36.07228088378906,36.4336043231071,36.02066184312573,36.425002790550764,5157000
2011-04-26,36.41638946533203,36.51101941990829,35.89160754140696,36.11528341496526,7290800
2011-04-27,36.6314697265625,36.71749816526486,36.28734940820391,36.35617150281088,5396900
2011-04-28,37.00999450683594,37.121834087627,36.459404696440146,36.459404696440146,6529800
2011-04-29,37.078819274902344,37.293893640259725,36.82933550523631,37.027203527552174,5740200
2011-05-02,37.225067138671875,37.67242215941627,37.17344811566422,37.39712726692341,5601100
2011-05-03,37.05302047729492,37.48316931337383,36.898166633764504,37.20787432082534,6206900
2011-05-04,36.66586685180664,37.19925349478293,36.39057200203916,36.941161701574124,7481400
2011-05-05,36.72609329223633,37.207860997574194,36.511018951209884,36.57123950415537,8242300
2011-05-06,37.04440689086914,37.42293656201173,36.86374194435248,37.250876427210876,7791900
2011-05-09,37.078819274902344,37.293893640259725,36.93257028171102,37.26808576658463,6308300
2011-05-10,37.775657653808594,37.96492412672094,37.078815597719185,37.19925998706507,12541000
2011-05-11,35.71955108642578,36.63146757938117,35.36682925758184,36.22712672127676,38451900
2011-05-12,35.77116012573242,35.926010606719366,35.220567146043486,35.7109363008603,13080100
2011-05-13,35.71955108642578,36.02065388600925,35.48727037741523,35.7969779894293,8420500
2011-05-16,35.211978912353516,35.530288086308545,35.177566222797644,35.49587539675267,11697800
2011-05-17,35.28079605102539,35.39263563547572,34.996899606527464,35.151753405989695,10024400
2011-05-18,35.63351058959961,35.65932173875623,35.186158906683424,35.22056830260296,9948300
2011-05-19,35.59910202026367,35.90880956314572,35.39262923108442,35.74535098119483,10055800
2011-05-20,35.70233917236328,35.99484039564878,35.37542526827387,35.56469173092151,9213000
2011-05-23,35.40983963012695,35.55609188959983,35.22917796999048,35.40123810040456,7955900
2011-05-24,35.3496208190918,35.56469517226666,35.160354338130176,35.504474615919634,8459300
2011-05-25,35.384033203125,35.56469487063385,35.14314769800571,35.203368253841994,7030500
2011-05-26,35.26359558105469,35.461463610065046,34.885062584883144,35.28940345560294,11189400
2011-05-27,35.71955108642578,35.84859373691539,35.43565134815476,35.43565134815476,8529400
2011-05-31,35.81418228149414,36.123889875771745,35.685136356620404,36.04646297720234,10977200
2011-06-01,34.756019592285156,35.779772414625924,34.68719421846,35.72815338425706,12632100
2011-06-02,34.4635124206543,35.00549737881319,34.403291869747754,34.71299615364973,13421400
2011-06-03,33.878517150878906,34.119399405560074,33.69785217809344,34.119399405560074,15135500
2011-06-06,33.895721435546875,34.15381001870598,33.672042256841095,33.70645494306881,9193400
2011-06-07,33.85269546508789,34.308655239063235,33.83549240805356,34.07637458781698,8666700
2011-06-08,33.74946594238281,34.11079254977717,33.67203904663931,33.94733394666641,8483000
2011-06-09,33.86990737915039,34.00755483049786,33.422552341827604,33.50858405002859,9642200
2011-06-10,33.1214485168457,33.83549690427857,33.052623152468264,33.68064311620335,13096800
2011-06-13,33.009613037109375,33.43116024180012,32.99240669387971,33.233292217320596,9253400
2011-06-14,33.198883056640625,33.43116379224809,33.13005767641259,33.27630996850978,10074600
2011-06-15,33.02680969238281,33.3967377588713,32.8977670786748,33.018208164178326,10716200
2011-06-16,32.69990539550781,33.09564472591431,32.49343584047124,33.00961300983707,11806900
2011-06-17,32.7257080078125,33.009604392317115,32.67408899164187,32.957988657920026,12658300
2011-06-20,32.889163970947266,32.923576649093214,32.39019326492545,32.562250092107966,8746200
2011-06-21,33.36233139038086,33.45696462738994,32.90637482854519,33.07843496112769,7815000
2011-06-22,32.958003997802734,33.35374012731394,32.932192836817165,33.173078409290355,8543700
2011-06-23,32.53644561767578,32.63107885155983,31.99445736655969,32.58806464027816,11874100
2011-06-24,32.32997131347656,32.708500911304185,32.166512740276644,32.61386769140391,13425400
2011-06-27,32.75151824951172,33.05262099456997,32.2353411774765,32.36438380459841,8258400
2011-06-28,32.62248229980469,33.07844224380026,32.51064597851172,32.83755669244087,11912700
2011-06-29,32.99240493774414,33.06123030699933,32.45902145311338,32.78593539352705,9614100
2011-06-30,33.58600997924805,33.654832062052655,32.99240269596649,33.1214486136644,10049800
2011-07-01,34.1710090637207,34.291450158020034,33.577401839283034,33.680639875917045,9245300
2011-07-05,34.38609313964844,34.56675483235255,34.06778069237972,34.214032978217304,9446200
2011-07-06,34.04197311401367,34.36888709540972,33.783884510500855,34.36888709540972,11435800
2011-07-07,34.1882209777832,34.46351589014858,34.17961616577378,34.282850937467245,10227600
2011-07-08,34.334476470947266,34.39469703932874,33.72366597349242,34.39469703932874,11795100
2011-07-11,33.74085998535156,34.016154849256864,33.6204188926147,33.97314064210422,9785500
2011-07-12,33.680641174316406,33.998950261774645,33.57740313370254,33.84409648262765,11311000
2011-07-13,34.033363342285156,34.26564401373777,33.62902254955944,33.76666999022315,12361400
2011-07-14,34.050575256347656,34.27425115337463,33.88711663758334,34.00755775765743,13294000
2011-07-15,33.78388214111328,34.25704509466457,33.53439508644599,34.17101666011867,18304900
2011-07-18,33.336524963378906,33.65483408929374,33.08703792441426,33.65483408929374,11309600
2011-07-19,34.01615905761719,34.17961437772882,33.542996156852745,33.58601036932696,7987500
2011-07-20,33.86130905151367,34.28285297535492,33.792483678444,34.050575545680836,6126400
2011-07-21,35.04851150512695,35.16034778505678,34.12799042587006,34.14519676473009,13473000
2011-07-22,34.97108840942383,35.24638329745875,34.87645517632921,35.082924701468436,7723300
2011-07-25,34.8936653137207,35.17756176212048,34.549545025347456,34.62697192614272,6840900
2011-07-26,34.85064697265625,35.10873882357527,34.730205859173616,34.738810671150496,9292900
2011-07-27,33.99895095825195,34.730202377824114,33.91291925597801,34.71299603736932,10736600
2011-07-28,33.895721435546875,34.26564960805887,33.71505647373855,33.947337183114065,11028100
2011-07-29,33.22468566894531,33.8182929931444,33.12145089673539,33.59461382461962,16049700
2011-08-01,33.069828033447266,33.33652138597364,32.53644461016837,33.31931504563899,11497500
2011-08-02,31.80520248413086,33.06123615940958,31.770789793411623,32.742926974693695,13652300
2011-08-03,32.2009391784668,32.261159747453384,31.37505427655796,31.779391913785794,11804500
2011-08-04,30.411510467529297,31.736369194096156,30.334083573592945,31.701956511952446,19369200
2011-08-05,30.2652587890625,30.92768809320567,29.594227956038328,30.790040658693695,22781900
2011-08-08,28.41562271118164,29.74048152461666,28.41562271118164,29.30173128472543,25923500
2011-08-09,29.85232162475586,29.8953358401134,27.79621128198734,28.794156174443895,31836700
2011-08-10,27.13378143310547,27.761798156324907,25.464803977708108,27.3918700029283,87048500
2011-08-11,27.63275146484375,28.458639459875986,27.366059731298368,27.383266073046343,36389500
2011-08-12,28.467243194580078,28.871584052537404,27.90804853067205,28.18334345641233,24426900
2011-08-15,28.949010848999023,29.078053498966895,28.46724308983894,28.759744357583568,17839100
2011-08-16,28.751129150390625,28.96620343768597,28.17473163569023,28.493040661990847,18558300
2011-08-17,28.708120346069336,29.035034243110655,28.252163821456254,28.914593144667485,12741000
2011-08-18,28.0026798248291,28.123120936223447,27.675765892634338,27.933857739078398,23724700
2011-08-19,27.40047264099121,28.372607985358187,27.374663128156183,27.486502709554227,19006700
2011-08-22,27.546722412109375,28.088710678649047,27.477898687567976,27.890839393929348,15000100
2011-08-23,27.624149322509766,27.624149322509766,26.953116777197092,27.58973663977664,30417400
2011-08-24,27.968271255493164,28.02849510182405,27.297240232280863,27.538122490505867,12595700
2011-08-25,27.538118362426758,28.243565250489148,27.426280422285455,27.98547340476611,10799000
2011-08-26,27.87363624572754,28.08010577780828,26.97892618864687,27.63275074926795,11247100
2011-08-29,28.527462005615234,28.53606353574101,28.05429908611701,28.14893232637149,8397500
2011-08-30,28.888790130615234,29.13827389855891,28.23496222664899,28.493050806941202,14060100
2011-08-31,29.301727294921875,29.525403149517626,29.0264324207546,29.121062367308415,12282000
2011-09-01,28.716724395751953,29.534007475803897,28.68231171660217,29.32753468267891,10224700
2011-09-02,27.92525291442871,28.424226983432355,27.882238700632502,28.25216684647337,9144700
2011-09-06,27.323043823242188,27.47789760759583,26.953115703038925,27.064953635690465,12844800
2011-09-07,28.071504592895508,28.114518805792912,27.520913150663905,27.658562241887086,11471000
2011-09-08,27.486501693725586,28.097312040263613,27.45208901121735,27.890839226988234,10673200
2011-09-09,26.703632354736328,27.288633214330453,26.436938976590014,27.2198094872672,17509200
2011-09-12,26.9187068939209,26.93591159514092,26.256277490780825,26.40252811691711,10440000
2011-09-13,27.056352615356445,27.194000061619356,26.686424488192245,26.978925721722682,9792200
2011-09-14,27.779006958007812,28.15753667514341,26.86709043000334,27.24562178802619,12593100
2011-09-15,28.33819580078125,28.381213297151167,27.89944556106633,28.028491486627654,8466900
2011-09-16,28.3123836517334,28.639297540473297,28.071501460963848,28.51025163440463,16655300
2011-09-19,27.968271255493164,28.080110853286758,27.581139992424305,27.856434939474205,9979700
2011-09-20,27.79620933532715,28.286578575964317,27.72738397015574,28.097312103516973,10117700
2011-09-21,26.91010284423828,27.976871406742433,26.87569016114764,27.813416084723027,12618500
2011-09-22,25.421785354614258,26.58318707415571,25.10347626254449,26.273481152261738,26238400
2011-09-23,25.662668228149414,25.722888776219815,24.991635747750212,25.344357507208457,20944100
2011-09-26,26.0670108795166,26.101423563559397,25.533627403949996,25.8605396979211,14200600
2011-09-27,26.806869506835938,27.280032467328247,26.31650020282716,26.660618868720405,15723900
2011-09-28,26.221866607666016,27.030546692488127,26.135836532108392,26.901502399595298,11415000
2011-09-29,26.368118286132812,27.116577839916033,26.00679326721803,26.798267040036734,12114800
2011-09-30,25.946569442749023,26.4197323562122,25.800318819169796,25.946569442749023,15135000
2011-10-03,24.948619842529297,26.092815100706378,24.940016673263393,25.834726586276293,13899200
2011-10-04,25.688480377197266,25.783111973508362,24.251783682190403,24.716343415671986,19000000
2011-10-05,27.107975006103516,27.142386053583724,26.075617327500535,26.11003001586804,17823700
2011-10-06,27.555326461791992,27.57253280472259,26.686427475330017,26.86708915343978,12659400
2011-10-07,27.271425247192383,27.84782286676309,27.193998358408013,27.70157390004471,12070100
2011-10-10,28.38981819152832,28.47584663091402,27.787609270504618,27.839228303200798,7887400
2011-10-11,28.054304122924805,28.630701916288476,27.735994942735537,28.48445290547373,12891200
2011-10-12,29.04364013671875,29.6200411281664,28.174741166110977,28.35540284092433,17363400
2011-10-13,28.86297607421875,29.017829863184016,28.62209386106123,28.725328626446736,6837900
2011-10-14,29.654451370239258,29.706067112062406,29.172683661987726,29.26731689769553,10694700
2011-10-17,28.725330352783203,29.43937878723308,28.544668682057647,29.10386331823585,9987700
2011-10-18,29.198490142822266,29.422169285987106,28.501651407192565,28.785547819026256,10980600
2011-10-19,28.914600372314453,29.551218703724793,28.794159243765183,29.14688109813432,7479000
2011-10-20,29.11246681213379,29.35334905601566,28.60489116840096,29.121068342940525,7319800
2011-10-21,30.248058319091797,30.248058319091797,29.327540306836013,29.404967208884365,13707600
2011-10-24,30.428714752197266,30.721215967103273,30.12761200822363,30.316878465449214,8837900
2011-10-25,29.688861846923828,30.41151179460626,29.6028334195845,30.28246915359727,7812300
2011-10-26,30.153423309326172,30.273864420624484,29.32753859033132,30.00717432611369,10407200
2011-10-27,31.211593627929688,31.486888577542928,30.652402197304205,30.790049672110825,11316800
2011-10-28,31.15135955810547,31.26319910845586,30.729815785033857,31.16856589521886,8477600
2011-10-31,30.00717544555664,30.790045979975478,29.98996910304725,30.72982542207974,10152100
2011-11-01,28.905986785888672,29.654447769175814,28.65650307323325,29.620035090956573,13361700
2011-11-02,29.310335159301758,29.577028562072282,29.078054443683776,29.361954190030577,8538100
2011-11-03,30.13621711730957,30.222248827074832,29.224303966216947,29.74048109771186,9276100
2011-11-04,29.903932571411133,30.11900689545739,29.53400775328341,29.946950061639377,6430900
2011-11-07,30.239459991455078,30.256663054377416,29.774898529959383,29.989972916010203,6942700
2011-11-08,30.359899520874023,30.506148520421124,29.54261624064307,30.488942176631845,10710900
2011-11-09,29.0694522857666,29.757689605100165,28.957612695820394,29.757689605100165,11913800
2011-11-10,29.800697326660156,29.90393208161483,28.94900485518014,29.38775502506777,12170600
2011-11-11,31.572912216186523,32.19232405332907,31.289012526091916,31.51269166648897,22388500
2011-11-14,31.073945999145508,31.33203460290721,30.867476428846008,31.254610975375883,9631900
2011-11-15,31.35784339904785,31.831006350607407,30.9362961952888,30.9362961952888,14226700
2011-11-16,30.566364288330078,31.245999993417513,30.51474854683291,30.93629241733848,10809700
2011-11-17,30.239459991455078,30.85027046021348,29.938353881919117,30.437328032808868,32562000
2011-11-18,30.65239906311035,30.781441711548755,30.316883582686433,30.44592623112484,32200300
2011-11-21,29.53400993347168,30.65239584471625,29.439376698821743,30.523349928052884,39965700
2011-11-22,29.267316818237305,29.654451289729998,28.74253489929988,29.430772136523547,12500700
2011-11-23,28.73393440246582,29.060845050789265,28.73393440246582,28.888788196629193,10764000
2011-11-25,28.828569412231445,29.43938316594187,28.630701369848385,28.819967880725535,4991900
2011-11-28,29.310335159301758,29.706071216232623,29.04364175653123,29.482395313290017,8656400
2011-11-29,29.250106811523438,29.680255441104663,29.224298943916118,29.542608010909614,7655200
2011-11-30,30.841655731201172,30.876068409531346,29.817903164180724,29.83510950334581,16536000
2011-12-01,30.96210289001465,31.254604118580733,30.729822213055648,30.99651228966589,10350800
2011-12-02,31.4954833984375,31.6847498469153,31.22879006483457,31.25460121439203,10202500
2011-12-05,31.779382705688477,32.14931082614768,31.598721051075543,31.865414409152205,9973900
2011-12-06,31.684755325317383,32.003064449524715,31.61592995696218,31.71916472772079,6573100
2011-12-07,31.91703224182129,32.11490353187261,31.366442430654484,31.581516780752402,9543600
2011-12-08,30.901878356933594,31.796588363085835,30.81584993709251,31.71055994324475,9881700
2011-12-09,31.452484130859375,31.633145854704292,31.116965281436443,31.116965281436443,7323400
2011-12-12,31.52989959716797,31.633134361603723,30.901879635601002,31.142765128316412,10050800
2011-12-13,31.254600524902344,31.934232855148178,31.12555462528272,31.564304776797048,12708800
2011-12-14,30.756000518798828,31.490785650792674,30.72100995611252,31.22836310441281,10664000
2011-12-15,30.782238006591797,31.24585456325901,30.607291888329936,31.070905108113834,9876100
2011-12-16,30.89595603942871,31.263350233517436,30.7472511696694,31.009673687228002,20350200
2011-12-19,30.39735984802246,31.097154515276358,30.1874197794042,30.957195581825577,11436800
2011-12-20,31.639488220214844,31.82318699242552,30.747252295230297,30.76474423840896,10126200
2011-12-21,31.726964950561523,32.10310513360149,31.272097674864742,31.69197439007327,8226200
2011-12-22,32.32179260253906,32.365529136698406,31.718217085735628,31.823188771978455,8067600
2011-12-23,32.977848052978516,32.99534333265418,32.46174898163832,32.47924426131399,6788700
2011-12-27,32.89912796020508,33.06532814714795,32.71543248986546,32.89912796020508,5189500
2011-12-28,32.575477600097656,32.98660513182118,32.51424243217166,32.93412261200536,4634300
2011-12-29,32.98659133911133,33.06531842280136,32.58420994997699,32.75915939560852,5022500
2011-12-30,32.80290222167969,33.06532477207637,32.68043858728682,33.00409295487994,4776100
2012-01-03,33.511451721191406,33.642661349914036,33.18779396253007,33.21403855778206,9704200
2012-01-04,33.983795166015625,34.10626210053145,33.34523259486984,33.40646439368637,9889900
2012-01-05,34.55238342285156,34.62236453528528,33.85258898292992,33.96630662219316,14327100
2012-01-06,34.911041259765625,35.1209813382272,34.50865972433897,34.59613281051543,14401600
2012-01-09,34.77107238769531,35.20844436741475,34.63111348766043,34.762326416329614,12145200
2012-01-10,34.666107177734375,34.911034440695005,34.25497641186444,34.534894237214786,14070900
2012-01-11,33.85259246826172,34.57862823165428,33.63390647471595,34.45616460917,16257600
2012-01-12,33.87883758544922,33.992555249396204,33.59891974872112,33.78261520340822,10073400
2012-01-13,33.59016799926758,33.75636814346507,33.257764373989346,33.65139980696577,9877700
2012-01-17,33.6601448059082,34.097516755054954,33.59891299997831,33.84384022369788,9142800
2012-01-18,34.13252258300781,34.20250039100069,33.590182057745544,33.68640112662517,9594500
2012-01-19,34.49989318847656,34.52613777073357,34.11500712982806,34.12375309932528,7731000
2012-01-20,34.386192321777344,34.4999066540381,34.20249352181001,34.48241137133245,7879900
2012-01-23,34.333709716796875,34.55239576594845,34.080033098928816,34.447427396683295,7124600
2012-01-24,34.333709716796875,34.351205001155115,33.73888339615385,34.141264925740515,9407000
2012-01-25,34.6048698425293,34.709838176072346,34.08002150104777,34.219980391399545,10054000
2012-01-26,34.421173095703125,34.771072010435695,34.16749988624954,34.63111311191934,7162600
2012-01-27,34.333709716796875,34.55239576594845,34.09752838328706,34.351205001155115,9588400
2012-01-30,34.106285095214844,34.21125348725888,33.57269048558969,33.88759899860683,8683200
2012-01-31,34.027549743652344,34.38619472194172,33.81760967341466,34.185003962109555,14020100
2012-02-01,34.403682708740234,34.70109246176208,34.254974495345806,34.33370158787615,8901000
2012-02-02,34.03628921508789,34.33370231125949,33.73013014706576,34.30746105882433,9076800
2012-02-03,34.9897575378418,34.9897575378418,34.42992195113766,34.491153759878216,11605300
2012-02-06,35.39213562011719,35.50585325574759,34.9547636920281,34.989754247127145,11536500
2012-02-07,35.847015380859375,35.99572362367258,35.164716001873565,35.62832934022195,20107300
2012-02-08,36.10068893432617,36.66052461708809,35.8557616573388,36.18816200842627,21690200
2012-02-09,36.32811737060547,36.424339744820465,35.47086864823737,35.64581811618431,13581000
2012-02-10,36.258140563964844,36.258140563964844,35.71580020188974,35.8120192418176,10116300
2012-02-13,36.55555725097656,36.66927158301011,36.38060776115361,36.406849016717665,9065800
2012-02-14,36.38934326171875,36.40683853935455,36.09193021567611,36.30187021042274,8210300
2012-02-15,36.083194732666016,36.520566790031666,35.97822637322577,36.28438547862814,7891200
2012-02-16,36.33686065673828,36.50306078845554,35.93447928297037,36.06568885952095,7464500
2012-02-17,36.52055358886719,36.61677594060736,36.345604161783484,36.48556303607389,7758700
2012-02-21,36.36311340332031,36.65178056940256,36.29313560774174,36.56430415382428,5675100
2012-02-22,36.10068893432617,36.48557513200402,35.995720578029285,36.34561621131354,6176200
2012-02-23,36.284385681152344,36.45058586260072,35.94323600840442,36.109436189852794,6271000
2012-02-24,36.13566970825195,36.37185094859277,36.065688598425204,36.24938400639596,6150600
2012-02-27,36.42433547973633,36.69550729014558,36.12692242011698,36.47682131503968,9132300
2012-02-28,36.67802810668945,36.713018678912846,36.345624344336464,36.5205738685688,6895200
2012-02-29,36.73051071166992,37.06291110769637,36.608043719735385,36.62553900429746,14858700
2012-03-01,37.08039474487305,37.21160766943095,36.85296279077376,36.85296279077376,7995900
2012-03-02,37.05415344238281,37.20285830891401,36.77423565147903,36.96667704717333,5070500
2012-03-05,37.35157012939453,37.41280194352912,36.83547102677187,37.045407721838,9288800
2012-03-06,36.73925018310547,37.01916801278795,36.50306888864517,36.949190223809204,10434500
2012-03-07,36.52055358886719,36.800471337448,36.476817066316954,36.739239538501124,7793500
2012-03-08,36.756744384765625,37.01916692527328,36.69551256987663,36.730503131779955,6163800
2012-03-09,36.94918441772461,37.237848174338275,36.76548565964331,36.84421274542581,6896400
2012-03-12,37.03666305541992,37.482781050823384,36.87046288789387,37.20286322294597,6834500
2012-03-13,38.49748611450195,38.55872127102435,37.115392180953684,37.220360537921984,15051900
2012-03-14,38.03385925292969,38.22630395283285,37.526509594388685,38.13008160288127,10991300
2012-03-15,38.02512741088867,38.051368666303944,37.7627015092001,38.051368666303944,6123600
2012-03-16,37.780189514160156,38.06885661565795,37.77144354300112,37.98138021965105,8952100
2012-03-19,37.998878479003906,38.12134544301833,37.570255784045955,37.67522413060331,6382500
2012-03-20,37.823936462402344,37.885168282629984,37.55276458933426,37.6139964095619,6853900
2012-03-21,37.85017395019531,38.37501902472917,37.85017395019531,37.98138355038697,9582000
2012-03-22,37.86766815185547,37.96389052471757,37.622737565420074,37.683972714691556,8560200
2012-03-23,38.18258285522461,38.23506536775692,37.49153418722073,37.90266499877211,8519000
2012-03-26,38.821136474609375,38.8473777246573,38.418751731535956,38.436247010529,10850200
2012-03-27,38.61994934082031,38.92610840928599,38.56746349899038,38.8298860343729,9343100
2012-03-28,38.060115814208984,38.61995486312954,37.84142978063947,38.52373247445751,9444300
2012-03-29,37.622737884521484,37.85017319264883,37.00167044681383,37.788941379741516,10402500
2012-03-30,38.296287536621094,38.357519343729585,37.70146140738154,38.06885558691572,9096000
2012-04-02,38.34877395629883,38.488732851373946,37.89390671308387,38.13008797418875,7653800
2012-04-03,37.86766815185547,38.27004958665742,37.53526450111826,38.200068465709165,7996400
2012-04-04,37.552764892578125,37.60525074043305,37.1591293758761,37.526523637092644,8560700
2012-04-05,37.68397903442383,37.77145211339517,37.334080044770296,37.47403897325489,6340800
2012-04-09,36.835472106933594,36.97543102004303,36.704259166006885,36.85296738818274,6813500
2012-04-10,35.85576248168945,36.852970231646154,35.7595400958368,36.62553489474279,10682100
2012-04-11,36.18815994262695,36.4768270770697,36.07444562016499,36.31062357412981,6358400
2012-04-12,36.87045669555664,36.91419322315131,36.08318585132003,36.240640020167355,5538400
2012-04-13,36.608036041259766,36.93169373244501,36.47682643989169,36.76549023240836,7311700
2012-04-16,36.441837310791016,36.85296808571829,36.33686895819307,36.79173626862917,6109300
2012-04-17,37.334075927734375,37.386561771459725,36.63428136248162,36.63428136248162,6550300
2012-04-18,37.16788101196289,37.27284937735874,37.019172768841614,37.15913170166414,3781900
2012-04-19,36.809226989746094,37.18536381802772,36.56429641485145,37.115386037260215,7074200
2012-04-20,37.04541015625,37.47403622024256,36.94919111120383,36.94919111120383,7773100
2012-04-23,36.74799346923828,36.957933494596084,36.50306622039042,36.957933494596084,6592100
2012-04-24,36.896697998046875,37.11538397321933,36.713002579753976,36.76548507819014,4954600
2012-04-25,37.35157012939453,37.404052634719264,37.071652311383964,37.08914759212007,4926300
2012-04-26,37.92890930175781,38.10385881031483,37.342828948624465,37.38656882842697,7713000
2012-04-27,37.92015075683594,38.18257662420842,37.71896003889828,38.13883675505733,6354200
2012-04-30,37.71021270751953,37.92014938958783,37.47403143753016,37.89390813855014,6987200
2012-05-01,38.30503845214844,38.56746097032529,37.745202856868914,37.77144410762159,9316200
2012-05-02,38.08634567260742,38.32252689791562,37.87640569337255,38.11258691868075,8038200
2012-05-03,38.32253646850586,38.60245428613661,38.042618650875106,38.08635518421424,9353900
2012-05-04,37.552764892578125,38.23506423027233,37.47403778923772,38.13884184431362,7458800
2012-05-07,38.33127975463867,38.444997402859364,37.88516180682421,38.182574884328304,11780500
2012-05-08,38.75116729736328,38.91737083056067,37.69272761881742,38.29629991405534,19680900
2012-05-09,39.380977630615234,40.06327692353095,38.84738322486987,38.89111976010328,21348300
2012-05-10,39.60840606689453,39.87957790005765,39.40721535334129,39.48594244446069,14082900
2012-05-11,39.853336334228516,40.063273017635,39.36347851147436,39.47719616150153,9779300
2012-05-14,39.51218032836914,39.800847416832504,39.34598018878558,39.51218032836914,8059400
2012-05-15,39.37222671508789,40.0632752889864,39.29349962012624,39.56467146652383,10168800
2012-05-16,39.4334602355957,39.844587637276454,39.41596495556281,39.494692047269076,8399800
2012-05-17,38.777408599853516,39.56467630894202,38.751164007065086,39.49469851423558,8475100
2012-05-18,38.32253646850586,38.91736266519211,38.156332970180124,38.89111807568175,10598200
2012-05-21,38.82988739013672,38.84738267135755,38.06011170083849,38.32253758226731,8309300
2012-05-22,38.82988739013672,39.101059243734106,38.602455408033265,38.91736379624089,6855400
2012-05-23,38.672428131103516,38.89111411239709,38.322532563163755,38.69867271793936,8875700
2012-05-24,38.873626708984375,39.02233494157051,38.49748647800546,38.847385453715496,9813200
2012-05-25,38.92610549926758,39.32848691256531,38.82113716033846,38.917359528058206,8520700
2012-05-29,39.78335189819336,39.80084717649912,39.01357633715577,39.10105272868455,10560000
2012-05-30,39.538429260253906,39.783356511168115,39.241016168336564,39.380975074128045,11208700
2012-05-31,39.98454284667969,40.325692433595215,39.41596131411487,39.47719312013134,14646500
2012-06-01,38.83863830566406,39.66964250828234,38.786152459830596,39.49469636260512,14874500
2012-06-04,38.84738540649414,39.09231268706308,38.61120409870955,38.89987125385203,9480300
2012-06-05,39.22351837158203,39.29349615154652,38.66368278433286,38.934851269909814,11166600
2012-06-06,39.827091217041016,39.888323026961395,39.36347798853429,39.38097326806631,9494400
2012-06-07,39.91456604003906,40.43066508678132,39.82708964582997,40.098261462553275,10238900
2012-06-08,40.44816207885742,40.456908050207154,39.87957717150656,39.97579954077056,10716400
2012-06-11,40.063270568847656,40.78930961871898,40.00203876185649,40.54437905387109,7907400
2012-06-12,40.57062530517578,40.59686655585361,39.87083081307253,40.019535682758004,7742900
2012-06-13,40.43941116333008,40.80680534620085,40.229474490446705,40.456906442217566,7317600
2012-06-14,41.270416259765625,41.50659750627171,40.42191363382335,40.58811710555897,12553900
2012-06-15,41.19169616699219,41.489109268218556,41.042987947937185,41.47161398733658,11198200
2012-06-18,41.20044708251953,41.46287299035334,40.93802451156976,41.07798343853524,8821100
2012-06-19,41.55908966064453,41.987715726919056,41.35789892321244,41.4891118696126,8209000
2012-06-20,41.75152587890625,41.961465882794585,41.489103376708194,41.67279879455852,7264700
2012-06-21,41.46287155151367,41.89149429058468,41.30541734703096,41.81276718834332,10077700
2012-06-22,41.52410125732422,41.56783779259074,41.03424338644143,41.45412013139079,18881600
2012-06-25,40.850547790527344,41.31416106909007,40.71933484831191,41.30541509682145,6740600
2012-06-26,41.37539291381836,41.52410113755611,40.95551617008006,41.00800201437875,7279900
2012-06-27,41.874000549316406,42.05769935256293,41.314164840277975,41.34915540631388,6023500
2012-06-28,41.83024978637695,41.84774506344586,41.09546483389714,41.69903687680156,6674200
2012-06-29,42.425086975097656,42.81872247007841,42.18015970572464,42.442582256750555,10300500
2012-07-02,42.617530822753906,42.6437720762288,42.19765408273708,42.53005441636475,7275600
2012-07-03,42.503807067871094,42.64376596114002,42.355098866776046,42.573784846063944,3060800
2012-07-05,42.08393478393555,42.46882094640751,41.83900752935189,42.23263966368031,7770100
2012-07-06,42.022705078125,42.145168711559535,41.725291966833815,41.786523783551075,5623100
2012-07-09,41.98771667480469,42.145170879285914,41.77777662320174,42.0402025219264,5596200
2012-07-10,41.42787551879883,42.32011478080836,41.27042133509811,42.13641600856855,8787500
2012-07-11,41.349151611328125,41.62906944015675,41.086729063911754,41.50660580715469,6501000
2012-07-12,41.47161865234375,41.81276832570806,40.98176074319673,41.44537739651081,8270700
2012-07-13,42.15391159057617,42.320115083941566,41.445371095731275,41.4628663759215,7187300
2012-07-16,41.86524200439453,42.092673941563575,41.71653381184001,41.95271505633269,5675200
2012-07-17,43.16861343383789,43.6672172280442,42.33760933474966,42.372596557395944,15909900
2012-07-18,43.16861343383789,43.44853123630868,42.827463820631834,42.984918001632074,7677500
2012-07-19,42.85371017456055,43.40479649388618,42.62627486512915,43.203605773625206,9330800
2012-07-20,42.503807067871094,42.81871541194698,42.42507998185212,42.51255303881399,8482300
2012-07-23,41.970218658447266,42.040199783384246,41.48036079453952,41.78652321081325,8333100
2012-07-24,42.12767028808594,42.27637850108233,41.71653954631865,42.013952635427934,8955100
2012-07-25,42.25014114379883,42.54755428381249,41.99646454325222,42.27638573698631,7034000
2012-07-26,43.4835205078125,43.62347940490217,42.914938948272166,42.914938948272166,10497100
2012-07-27,43.684715270996094,44.2095636864896,43.46602926542804,43.64097873725921,16174800
2012-07-30,43.562255859375,43.859668989217745,43.43104624546094,43.693468810173016,8890600
2012-07-31,42.984928131103516,43.605995693135995,42.9411915898265,43.54476386797134,10503000
2012-08-01,42.70500946044922,43.32607701081484,42.61753637953839,43.15113084899319,6780200
2012-08-02,42.84495544433594,42.85370475191347,42.101424470635784,42.51255183093537,9559000
2012-08-03,43.536014556884766,43.623487632732875,43.177369606893215,43.57100512197759,8187800
2012-08-06,43.4310417175293,43.73720078829391,43.4310417175293,43.71095953562369,6353300
2012-08-07,43.57100296020508,44.00837499151332,43.49227586109424,43.74594910322135,13676500
2012-08-08,44.165828704833984,44.30578761984064,42.90619513289027,43.177366990602316,14724900
2012-08-09,43.70219802856445,44.14831922073761,43.6059756797866,43.982115768527635,10430300
2012-08-10,43.4310417175293,43.66721966532851,43.142374590622424,43.64972772147077,7449500
2012-08-13,43.6147346496582,43.728452299489945,43.264835728737516,43.32606753936613,4875000
2012-08-14,43.466026306152344,43.86841106503376,43.32606740559289,43.67596632543323,6365900
2012-08-15,43.6409797668457,43.71096089198263,43.43104306520234,43.43104306520234,4887100
2012-08-16,43.95588302612305,44.104587894358176,43.56224758537812,43.72845106973893,8285700
2012-08-17,44.13957977294922,44.21830686345274,44.025865459797906,44.0608526824457,6354700
2012-08-20,44.13084030151367,44.2533039410271,43.868417740144345,44.01712263472953,6937100
2012-08-21,43.42229080200195,44.15707588153206,43.30857314983277,44.09584406964484,7683200
2012-08-22,43.43978500366211,43.86841101311508,43.299826103268295,43.38729916468316,6759400
2012-08-23,43.011165618896484,43.439791694367514,42.888701979300166,43.39605515692367,5428300
2012-08-24,43.3523063659668,43.39604289104852,42.87119457941888,42.93242971879286,5793700
2012-08-27,43.41354751586914,43.60598893504008,43.221102759814514,43.29108388451935,6228800
2012-08-28,43.41354751586914,43.60598893504008,43.116134409640935,43.24734401313698,7962400
2012-08-29,43.772186279296875,43.88590058561782,43.37855085042343,43.42228737876865,7685100
2012-08-30,43.22985076904297,43.54475917128653,43.18611423248333,43.4922766621685,6697800
2012-08-31,43.27359390258789,43.649734151728985,43.2123620794146,43.42229880547041,6232500
2012-09-04,43.43978500366211,43.58849321232745,43.0636448331881,43.31732138292795,6988700
2012-09-05,44.428253173828125,44.82188868207592,43.8159316428742,43.859668180038646,16689300
2012-09-06,45.364227294921875,45.37297326725627,44.297038478402435,44.349524323060095,10124600
2012-09-07,45.25925827026367,45.48669025330135,45.18927714509287,45.37297259334065,8923600
2012-09-10,45.066810607910156,45.31173785645246,45.03182004758026,45.14553770021068,7479300
2012-09-11,45.10179901123047,45.19801804221074,44.98808136403863,45.023071922695095,6631700
2012-09-12,45.22426986694336,45.30299696807754,44.84812964340051,45.13679345630324,7100200
2012-09-13,46.011531829833984,46.07276364123922,45.25050550459498,45.25050550459498,11184700
2012-09-14,45.79285430908203,46.14275329918493,45.635400097224135,45.88033072504979,9507000
2012-09-17,45.61791229248047,45.86283960565855,45.45170875549445,45.766617207800195,7852900
2012-09-18,45.39921188354492,45.591653281530434,45.28549423686031,45.51292619334621,7100800
2012-09-19,46.09901428222656,46.317700305067405,45.29424798299264,45.29424798299264,7822500
2012-09-20,46.064022064208984,46.28270807919989,45.862831330843406,45.862831330843406,8598300
2012-09-21,46.13399887084961,46.70258045445529,46.125249562414325,46.30894499695384,13229300
2012-09-24,46.29145431518555,46.40517197795586,46.02028579065822,46.07276829894929,6148000
2012-09-25,45.95906066894531,46.71134120830093,45.95906066894531,46.265219801527586,7421200
2012-09-26,45.434200286865234,46.01153116960427,45.285495414695866,45.85407698914059,8017900
2012-09-27,45.99403762817383,46.16898374537876,45.46044329480223,45.59165288270593,5309400
2012-09-28,45.73160934448242,45.950295316232065,45.530418650898724,45.84532698411951,6695200
2012-10-01,45.547916412353516,46.238964921610545,45.41670348739671,45.75785642490774,6557200
2012-10-02,45.17177963256836,45.70537400654615,45.02307475425116,45.60040566085851,7243900
2012-10-03,45.897823333740234,46.09026476388745,45.215520676486314,45.24176526818939,6626600
2012-10-04,46.03777313232422,46.43140856103658,45.827833124716555,46.11650021806669,6507800
2012-10-05,46.335182189941406,46.49263634781114,46.15148344783809,46.22146455661705,5223200
2012-10-08,45.77535629272461,45.924061174824665,45.582911539998776,45.81034351758816,5827900
2012-10-09,45.05806350708008,45.77535668145399,45.01432697296651,45.766607372501085,8072100
2012-10-10,44.7956428527832,45.16303709595979,44.69067449911152,44.95309705173263,6407900
2012-10-11,44.03461456298828,45.10180334640499,43.91215093280282,44.900612620116924,10118400
2012-10-12,44.253299713134766,44.3932586216192,44.104591495873024,44.21830915179275,6135600
2012-10-15,44.428253173828125,44.44574845607068,44.05211294782288,44.253303688286444,6871200
2012-10-16,44.82188415527344,45.049316127689316,44.68192524835207,44.760649005167004,4997300
2012-10-17,45.740360260009766,45.8365826248636,44.900606899821554,44.96183870711341,7787900
2012-10-18,45.85408020019531,46.13400135819785,45.5916576600068,45.71412128963586,6290600
2012-10-19,45.39921188354492,46.00278400170173,45.13678603167531,45.92405691351751,8454800
2012-10-22,45.30299377441406,45.53042575227767,44.96184413917682,45.32048905530874,6131800
2012-10-23,44.402008056640625,44.918107197595745,44.39326208406478,44.900615252444055,8531000
2012-10-24,44.305782318115234,44.6819224828516,44.227055229289405,44.568204835240216,6069500
2012-10-25,43.964630126953125,44.6381833791159,43.70220760534145,44.55071031753981,6794100
2012-10-26,43.807186126708984,44.20956761182933,43.31732822946426,44.052113406889376,8359800
2012-10-31,42.96742630004883,44.8218860669552,42.68750847426743,44.74315896989896,20702900
2012-11-01,43.54475784301758,44.008374459682585,43.10738581699487,43.10738581699487,10582900
2012-11-02,43.6147346496582,44.60319626490825,43.53600755929522,44.288287903456315,14027500
2012-11-05,44.017112731933594,44.48947523825848,43.57974078242163,44.44573871068391,9575100
2012-11-06,44.1483268737793,44.349517575698755,43.8071772776166,44.2357999313501,7691200
2012-11-07,43.807186126708984,44.30578999672418,43.37856004950936,44.30578999672418,8533200
2012-11-08,43.772186279296875,44.47198074347011,43.667214607008475,43.8159228076421,11124200
2012-11-09,41.16545867919922,41.94398039679268,40.70184203563242,41.10422685895371,34216900
2012-11-12,41.5066032409668,41.6640574270586,41.0779772150761,41.54159380162798,12344500
2012-11-13,41.95271682739258,42.35509822230776,41.35789070582961,41.35789070582961,12269300
2012-11-14,41.26167297363281,42.022702657947356,41.15670462771767,42.013953349272356,9776400
2012-11-15,41.52410125732422,41.672806144607144,41.07797992170796,41.32291052559122,11416900
2012-11-16,41.48035430908203,41.77776736979623,41.15669999906114,41.62906250788072,9833400
2012-11-19,41.90898132324219,42.01394965993984,41.506599918498466,41.725285899800475,8512400
2012-11-20,42.37260055541992,42.425086399666725,41.69030126463014,41.79526961624001,7465100
2012-11-21,42.58253860473633,42.818719887479574,42.33761135013604,42.42508441624083,6763300
2012-11-23,43.089881896972656,43.1073771749322,42.68750051455231,42.76622759692873,3353600
2012-11-26,42.88869094848633,43.23858983181217,42.7837226182418,42.84495442229136,6935800
2012-11-27,42.51255416870117,43.037402535071344,42.45132235982382,42.91493891731663,6720400
2012-11-28,43.037410736083984,43.08114727406157,41.84775821654349,42.398847938336154,8148500
2012-11-29,43.49227523803711,43.60598956199189,43.14237628324955,43.30857645148759,7232200
2012-11-30,43.43978500366211,43.684712245130434,43.08114011284775,43.5709979326678,12343900
2012-12-03,43.11613845825195,43.73720598234915,43.09864317543293,43.53601523525643,8395400
2012-12-04,43.124881744384766,43.25609468891038,42.73124624769173,43.08114520850416,8400900
2012-12-05,43.37855529785156,43.64972714040726,42.98491982862026,43.238596390667496,9182300
2012-12-06,43.573951721191406,43.63612382142353,43.12986335489028,43.325259932137534,4828900
2012-12-07,43.73383331298828,43.85817754048823,43.529549638522845,43.680541477719984,5279200
2012-12-10,43.78711700439453,43.973633325386835,43.68941701107693,43.70718095423702,5264500
2012-12-11,43.94699478149414,44.39996692027396,43.840414496892016,43.849294775556295,9040000
2012-12-12,44.08909225463867,44.471008518891715,43.89369229019516,44.195672513369075,6474300
2012-12-13,43.61836242675781,44.133503199917286,43.44072639224141,44.06245081898605,6108000
2012-12-14,43.22756576538086,43.627246026450784,43.12098549180415,43.52954603061971,8086400
2012-12-17,43.769344329833984,43.804872209066815,43.22755602997098,43.271967573074534,10324500
2012-12-18,44.6042366027832,44.693052920807816,43.65388776979333,43.83152040584256,14023800
2012-12-19,44.35554885864258,44.86180937142652,44.35554885864258,44.54206856450429,8382100
2012-12-20,45.23485565185547,45.35031961249837,44.25786229045798,44.25786229045798,8410700
2012-12-21,44.40884017944336,45.07497278213501,44.12462387334497,44.77299253338977,15996900
2012-12-24,44.3022575378418,44.586473828711036,44.26672965445179,44.33778203310637,2772000
2012-12-26,44.275611877441406,44.39107580947164,43.92034319230118,44.275611877441406,4200200
2012-12-27,43.991397857666016,44.40884205720398,43.4318488871958,44.23120601135001,6948200
2012-12-28,43.653892517089844,44.14238909559922,43.53842858060103,43.83152517245636,6985800
2012-12-31,44.222328186035156,44.23120846416371,43.34303157376634,43.42296762942714,10224500
2013-01-02,45.385833740234375,45.51906161729134,44.977273219843966,45.11938137424609,11674700
2013-01-03,45.4835319519043,45.598995881627225,45.1549074929819,45.34142380306281,7566600
2013-01-04,46.353939056396484,46.487166911769506,45.59010996838316,45.63451812413247,8745900
2013-01-07,45.27037048339844,45.97202754792411,44.99503446842604,45.97202754792411,9472100
2013-01-08,45.083858489990234,45.4568945542571,44.91510609670644,45.19044215870993,8637600
2013-01-09,45.10162353515625,45.74111201057237,45.08385958993623,45.23485143024331,8389000
2013-01-10,45.110496520996094,45.5101767234987,44.93286049898101,45.18154889692694,8097400
2013-01-11,44.923980712890625,45.31477725508918,44.808516789101716,45.13714123113517,7149000
2013-01-14,44.932865142822266,45.14602906889606,44.568712784712346,44.76411276793619,9308800
2013-01-15,45.376956939697266,45.43024877222844,44.79076033435807,44.826288222712186,7299500
2013-01-16,45.76774978637695,45.98979398815542,45.11938112375891,45.163789286489475,7371800
2013-01-17,46.54935073852539,46.80692285015825,46.043090181523404,46.043090181523404,10132100
2013-01-18,46.48717498779297,46.48717498779297,46.016442356446724,46.39835866086467,8490900
2013-01-22,46.83356857299805,46.895740686332,46.3450719447487,46.53158828475055,6635200
2013-01-23,47.917137145996094,48.10365345348282,46.877968569194124,46.94902433668934,13842700
2013-01-24,47.917137145996094,48.73425814343824,47.89048953912265,47.98818952536583,13608000
2013-01-25,48.299049377441406,48.45892145277936,47.615152919190216,47.78390527065796,7939400
2013-01-28,48.28129196166992,48.45892800139796,48.05036409358578,48.21023619052845,7133500
2013-01-29,47.95267105102539,48.14806765992169,47.54410711287662,48.09477921573448,7786400
2013-01-30,47.77503204345703,47.96154836282898,47.5618681155136,47.82832048434862,9821800
2013-01-31,47.85497283935547,48.183597347242014,47.65069255671648,47.81944494982016,7333900
2013-02-01,48.485572814941406,48.73426124072903,48.09477623325718,48.12142045369851,9552300
2013-02-04,47.87273025512695,48.40563497297369,47.78391054340212,48.103654729360386,7717400
2013-02-05,48.21912384033203,48.32570411772532,47.96155173084947,48.28129595115528,10246400
2013-02-06,48.423397064208984,49.29380987708516,48.32569707910928,49.20499355688113,26833600
2013-02-07,48.28129196166992,48.387872230256484,47.43752331405599,48.02371987347055,11723200
2013-02-08,48.54774856567383,48.60104039868259,48.23688801010424,48.299060121218155,9584300
2013-02-11,48.627681732177734,48.83196199771955,48.48557357405622,48.53886540389894,6358600
2013-02-12,48.80531311035156,48.8941294301382,48.574385257905625,48.64544102423527,8758100
2013-02-13,48.81419372558594,49.11617395833021,48.55662165304294,48.920777375819526,5701400
2013-02-14,48.74313735961914,49.00070602296715,48.59214556153566,48.778661851998926,8564500
2013-02-15,49.391510009765625,49.400390286562384,48.752021660384415,48.894129806010746,17783400
2013-02-19,49.49809646606445,49.69349646129974,49.35598830265494,49.36487196868884,7780500
2013-02-20,48.49445724487305,49.57803414394791,48.458932743951266,49.40039808683508,8460700
2013-02-21,48.1125373840332,48.6898536803342,47.97042922637652,48.476693137912044,6802500
2013-02-22,48.18359375,48.4766937345953,47.899377431188306,48.30793796596439,7603600
2013-02-25,47.59739685058594,48.6632097330641,47.59739685058594,48.494453965561895,9830200
2013-02-26,47.87273025512695,47.997074463416155,47.60627450807802,47.79279420863739,6238300
2013-02-27,48.387874603271484,48.54774670805452,47.828322236530845,47.87273378973511,7243500
2013-02-28,48.485572814941406,48.885253062189875,48.30793677303924,48.44116465149729,6605000
2013-03-01,49.142826080322266,49.178350578872106,48.22800163311747,48.23688529884925,8311500
2013-03-04,49.560264587402344,49.59579247242706,48.849723827536025,48.99183197950929,6357400
2013-03-05,50.16423034667969,50.25305006856598,49.64908951224301,49.693497679123176,7067900
2013-03-06,50.057647705078125,50.483972185625625,49.95994770967907,50.208636142966995,5572600
2013-03-07,50.022117614746094,50.15534549135412,49.74678158421481,50.05764550025832,4813700
2013-03-08,50.97245788574219,51.07903813607991,50.19974514157485,50.23527302106245,8157800
2013-03-11,51.21227264404297,51.29220868921352,50.92805634746447,50.972464508531324,7155200
2013-03-12,50.72377395629883,51.185626265787256,50.359621629911366,51.08792628268629,7159100
2013-03-13,50.92805480957031,51.01687112902201,50.57278275551272,50.768182724056935,5209800
2013-03-14,51.292205810546875,51.3543779101763,50.865881389605676,50.936933765699884,5908200
2013-03-15,51.141231536865234,51.31886422028769,50.928067573381526,51.07017575299525,13788100
2013-03-18,50.47509002685547,50.79483083425591,50.404034255349366,50.697134230623526,5125800
2013-03-19,50.013240814208984,50.670489801247015,49.52474082477086,50.475093193597644,8884200
2013-03-20,50.57278823852539,50.75930795059674,50.2175195340756,50.2619276986161,6018700
2013-03-21,50.013240814208984,50.492853749462775,49.88001292833933,50.395157139701034,5168500
2013-03-22,50.43067932128906,50.714895635828235,50.19975483627313,50.315218772843956,5500200
2013-03-25,49.92442321777344,50.723783790740114,49.62244293333336,50.62608378869685,7881500
2013-03-26,50.29745864868164,50.38627498317168,50.031006257085544,50.10205864705238,4675600
2013-03-27,50.15534591674805,50.181990137045375,49.729021451362385,50.03988198191682,6392400
2013-03-28,50.448448181152344,50.572792407366066,50.181995783819225,50.26193184183177,6705600
2013-04-01,50.35074996948242,50.75043027376392,49.8711369924708,50.52838603673266,6722400
2013-04-02,51.034645080566406,51.034645080566406,50.59055661995279,50.66161239995148,6575300
2013-04-03,50.84812545776367,51.29221388970921,50.62608124179091,51.19451389258106,8101000
2013-04-04,51.15009689331055,51.26556081435083,50.78594457752991,50.87476089332996,6412400
2013-04-05,51.247802734375,51.274446954537055,50.06652594801442,50.5283782968687,7034700
2013-04-08,52.242557525634766,52.242557525634766,51.301088926370554,51.36326441756652,9796200
2013-04-09,52.52677917480469,52.615598894046286,51.97611046801018,52.15374651836753,8864800
2013-04-10,53.38831329345703,53.41495751590355,52.704416682946714,52.73106090539324,8438100
2013-04-11,53.77910614013672,53.885686410588384,53.30837350652665,53.38830955639682,9241800
2013-04-12,53.77910614013672,53.938978239877066,53.53041771304094,53.54818165613717,8533000
2013-04-15,52.295860290527344,53.88569447203775,52.260332399019816,53.521542054401124,12027900
2013-04-16,53.95674514770508,53.95674514770508,52.473491392990404,52.63336011338926,10309400
2013-04-17,53.894569396972656,53.903449674346,53.30837283468771,53.60146942176735,11531200
2013-04-18,53.28171920776367,53.88567621816906,53.18401923327712,53.8590320026273,9203200
2013-04-19,54.67616271972656,54.67616271972656,53.512649941115725,53.512649941115725,9488300
2013-04-22,55.07585525512695,55.15579132206842,54.31202586761863,54.702822534817756,6306900
2013-04-23,55.59098434448242,55.61762856346598,54.6583994106775,55.42223197737741,6260800
2013-04-24,55.01367950439453,55.86633195820731,54.70281892465241,55.69757616795341,7335400
2013-04-25,55.06696319580078,55.21795162987602,54.66728294659321,55.07584347328285,6680900
2013-04-26,54.95149230957031,55.324528291024734,54.66727603233137,55.120248053517074,7038500
2013-04-29,55.95513916015625,56.177183363172745,55.59098680273423,55.79526706293432,7203900
2013-04-30,55.813026428222656,56.026190336411055,55.45775437728379,55.89296247027764,8528800
2013-05-01,56.14166259765625,56.3992347189719,55.777510194050926,55.8485659743281,7468900
2013-05-02,56.73673629760742,56.78114446105064,56.05283973857965,56.31041182992628,5249600
2013-05-03,57.55385971069336,57.59826448522053,56.736735287754186,57.003187651796615,9196000
2013-05-06,57.78478240966797,58.25551504551656,57.29628921876441,57.81142663037616,10239600
2013-05-07,58.68183517456055,58.69959572727566,57.52720273681204,58.12228628465196,14539100
2013-05-08,58.61078643798828,58.61967010353617,57.340693314694946,58.61967010353617,17803200
2013-05-09,59.214752197265625,59.60555220101003,58.18447051864671,58.379870520518914,11325000
2013-05-10,59.68547821044922,59.8897618558661,58.92164562084887,59.23251292164645,8654000
2013-05-13,59.79206848144531,59.96970115048254,59.436796367118895,59.472324256176734,5195000
2013-05-14,59.92529296875,59.943053524144474,59.49008821094364,59.889765081709456,9675400
2013-05-15,60.102909088134766,60.20949271992591,59.667704450091264,59.88086493742384,7925900
2013-05-16,59.037109375,60.29831872768184,58.79729785894381,60.05851398787645,8473100
2013-05-17,59.13482666015625,59.13482666015625,58.33546599985207,58.761793944098564,9160100
2013-05-20,58.72624969482422,59.15257074408287,58.66407759279688,59.13481019046831,5893300
2013-05-21,58.46867370605469,58.97493415330119,58.36209006275262,58.93052260786272,7359100
2013-05-22,58.23774719238281,59.25026810991847,57.97129146618896,58.40650293738896,8142400
2013-05-23,57.93577194213867,58.1222882450659,57.05647208744503,57.616027772477494,7536200
2013-05-24,58.166690826416016,58.20221870795744,57.18969780090352,57.50944195852587,8846100
2013-05-28,59.232505798339844,59.294677895772296,58.54860595033247,58.60190115973915,8280000
2013-05-29,58.8505973815918,59.045997364170105,58.388741645270095,58.94829737288095,6954000
2013-05-30,57.420631408691406,59.60554552100863,57.127531438730855,59.0104686919987,13052700
2013-05-31,56.02619934082031,57.75814155015651,56.01731567465012,57.349580997601606,11280900
2013-06-03,56.66568374633789,56.68344769034997,55.53769871251462,56.00843475852016,8705600
2013-06-04,57.154178619384766,57.6693228157751,56.718973862693694,56.78114597079242,8147700
2013-06-05,56.061729431152344,56.949909789808196,55.77751307163298,56.887737672921226,8893600
2013-06-06,56.07948684692383,56.23935895405283,55.102493648358426,56.04395895908941,8661900
2013-06-07,57.598262786865234,57.61603011715322,56.177181295124164,56.514689419959744,7611300
2013-06-10,56.692325592041016,57.70484658089729,56.57686166176558,57.65155814240519,6729500
2013-06-11,56.66568374633789,57.10977557038825,55.92849870452872,56.2393592544255,6454800
2013-06-12,55.94626235961914,57.242996384545826,55.83967869609706,57.127535831252374,7663200
2013-06-13,57.10976791381836,57.19858423384551,55.52881098995673,55.94625514796029,5584900
2013-06-14,56.66568374633789,57.22523612427798,56.514695304423995,56.85220346440184,5311800
2013-06-17,57.27851867675781,57.84695127417438,57.065358146789364,57.10976969631453,6752000
2013-06-18,57.98906707763672,58.166699736302846,57.34069499862738,57.385106551419696,5234400
2013-06-19,57.136409759521484,58.21998643710771,57.136409759521484,57.90024227728716,6871400
2013-06-20,55.049190521240234,56.41698342907946,54.907082387187145,56.150531101245555,12260800
2013-06-21,55.715328216552734,56.026192118041045,54.9070874936839,55.61762823003142,11892400
2013-06-24,55.457759857177734,55.9462598225197,54.90709117312264,55.28900747977597,6494500
2013-06-25,55.57322311401367,56.043955742360744,55.51105100793484,55.84855914673827,6776700
2013-06-26,56.14166259765625,56.36370682883331,55.733102025440736,55.91073808800759,5720400
2013-06-27,56.594627380371094,56.81667158272581,56.35481923525292,56.53245527476182,4875900
2013-06-28,56.08837127685547,57.305169264561016,56.08837127685547,56.63015632714291,10560300
2013-07-01,56.78114318847656,57.66043632457299,56.51469082566327,56.70120714082001,8221600
2013-07-02,56.186065673828125,56.96766224540646,56.026196958946386,56.69232959210245,7690500
2013-07-03,56.496925354003906,56.69232532923722,55.57322069233342,55.82190910581181,3351800
2013-07-05,56.68344497680664,56.798908913294774,56.05284024113233,56.73673680629172,5645800
2013-07-08,57.47392272949219,57.54497850327226,56.985429531320186,57.09200641573874,6679700
2013-07-09,57.678199768066406,58.21110445777775,57.420627699851586,58.01570449042507,4556400
2013-07-10,57.651554107666016,57.99794248612483,57.34957049942592,57.60714256119669,5761700
2013-07-11,59.13482666015625,59.35687091156003,58.30882177388406,58.30882177388406,8329800
2013-07-12,59.49008560180664,59.50784615642217,58.557497242586074,58.96605776125613,5889900
2013-07-15,58.55750274658203,59.82759597288784,58.521974857760306,59.52561230602918,6458000
2013-07-16,57.75814437866211,58.70849341785749,57.669328041366235,58.57526552378759,7470900
2013-07-17,58.051239013671875,58.1400553427416,57.518334263002004,58.1045274558634,6846700
2013-07-18,58.45979309082031,58.94829301112052,58.317688335256214,58.35320944195914,4962800
2013-07-19,57.87360382080078,58.646313303741145,57.65155961972574,58.52196909323922,7220400
2013-07-22,57.19858932495117,58.02459404960095,57.07424511059541,57.86472194882191,5973600
2013-07-23,57.24298858642578,57.52720487418128,57.13641171367423,57.37621645361604,4534500
2013-07-24,57.41175079345703,57.83807866116285,57.31405079827969,57.367339240648576,5326800
2013-07-25,57.33182144165039,57.50057044431677,57.07424932823628,57.12753777368334,5407800
2013-07-26,57.71372985839844,57.793662515599664,56.94101362419802,57.260757805505015,4949600
2013-07-29,57.385108947753906,57.758141612281115,57.260764726244844,57.55386472390987,3805800
2013-07-30,57.00318908691406,57.616033266578874,56.932133314380174,57.46503805588149,6210500
2013-07-31,57.420631408691406,57.838075588407726,57.1808198782687,57.225231428717706,7155300
2013-08-01,58.051239013671875,58.504211101054466,57.84695535818513,57.87360635553244,6338100
2013-08-02,59.07264709472656,59.14369609626795,58.024598089156804,58.22887497999769,6098500
2013-08-05,58.637420654296875,59.099276316471105,58.27327174397702,59.0637484365923,7265800
2013-08-06,59.55226135253906,59.64996134953292,58.59302871455482,58.69960560127416,11546300
2013-08-07,58.53973388671875,58.88612228328209,56.949896662780105,57.669317674680755,16970500
2013-08-08,58.39762878417969,59.028233544212256,57.90912879867826,58.92164988112512,8826400
2013-08-09,57.49169158935547,58.397629012253354,57.376224259830515,58.14894057366381,7945500
2013-08-12,56.78114318847656,57.225231589207255,56.550215322746254,57.07424315925912,8004900
2013-08-13,56.8255500793457,57.07424188211536,56.319289584891294,57.07424188211536,6025100
2013-08-14,56.80778503417969,56.994301341541444,56.37258031700225,56.79890475731147,6413700
2013-08-15,55.404476165771484,56.23936123498601,55.24460405215845,56.20383334571067,9014100
2013-08-16,55.21794891357422,55.51104887795005,54.809388406982634,55.04031626766521,8238800
2013-08-19,54.915977478027344,55.22683802716166,54.915977478027344,55.20019380527183,5659900
2013-08-20,54.96038055419922,55.41334922500796,54.88044450780643,54.88044450780643,5192100
2013-08-21,54.30312728881836,54.9603795907627,54.25871912785095,54.72945173273138,7185400
2013-08-22,54.747222900390625,54.907095011473935,54.32089840021046,54.46300656693718,5302300
2013-08-23,54.827152252197266,55.05808011247128,54.58734411489373,55.03143250513164,5505900
2013-08-26,54.489646911621094,55.164663196629554,54.4718863566544,54.853799274701075,4499100
2013-08-27,53.9034538269043,54.48965043434804,53.79687354958523,54.08997354737007,7734500
2013-08-28,54.01003646850586,54.31201673862365,53.6547643666758,53.681408588469004,7161700
2013-08-29,54.24985122680664,54.6406478758471,53.77911512641273,53.9745151449961,5396200
2013-08-30,54.027793884277344,54.4185904385701,53.77910208779518,54.30312651120786,5404100
2013-09-03,54.11661148071289,55.05808008731224,53.82351151698955,54.55181620559687,7016400
2013-09-04,54.2764892578125,54.37418925595467,53.75246476715295,54.10773348352116,14014600
2013-09-05,54.44523620605469,54.711688563749384,54.143255963833894,54.24095595221791,6356600
2013-09-06,54.525169372558594,54.91596930545549,53.850156542839535,54.59622513785816,7319400
2013-09-09,54.70280456542969,54.92484874642459,54.41858828480623,54.71168484189434,7224500
2013-09-10,55.80415344238281,55.928497660019296,55.0047929173971,55.14690107871392,9919600
2013-09-11,56.7900276184082,56.7900276184082,55.937378639806646,56.06172285900364,9439700
2013-09-12,58.166690826416016,58.930523338930456,56.319285031890054,56.66567340660584,22426500
2013-09-13,59.232505798339844,59.534482621225926,58.17557336573776,58.50420118145238,12718700
2013-09-16,59.45455551147461,60.085160208835134,59.40126029710188,59.79206024666374,9716500
2013-09-17,59.49008560180664,59.68547880758262,59.25915773429703,59.35685772531066,6450700
2013-09-18,59.60555648803711,59.836484395608984,58.80619586663637,59.21475645618509,9865600
2013-09-19,58.37098693847656,59.06376383611337,58.086770601593464,58.966063835036174,11864800
2013-09-20,57.74037551879883,58.47755711097685,57.6515591942745,58.273280242196016,29076200
2013-09-23,57.50944900512695,58.15782106426431,57.447276898874165,57.76702109567459,8286600
2013-09-24,57.127532958984375,57.873605013624356,57.09200507292996,57.67820502845076,8272800
2013-09-25,57.24298858642578,57.669316406184436,57.02094439985896,57.21634436823789,7281400
2013-09-26,57.94465255737305,57.989064107890954,57.06535942237857,57.16305941251698,6971200
2013-09-27,57.90024948120117,58.122293687800344,57.45616106800282,57.70484949519367,5586000
2013-09-30,57.27851867675781,57.68707918263528,57.189702353958545,57.49168598297733,7463200
2013-10-01,57.58050537109375,57.953538012459816,57.16306117783825,57.17194484346643,4881200
2013-10-02,57.62490463256836,58.03346512110027,57.198583590731054,57.24298836211993,7218800
2013-10-03,56.86106872558594,57.66931276627569,56.69231976229662,57.48279647448199,7264100
2013-10-04,57.99795150756836,58.11341205959737,56.816674660745754,56.86107943787153,6546000
2013-10-07,57.367332458496094,58.00682079632664,57.349571905223364,57.56273242574996,5840900
2013-10-08,56.843318939208984,57.52721213864561,56.8166747176565,57.305167924039324,8636300
2013-10-09,56.47916793823242,57.003192432990005,56.04395977623,56.8610808795803,8746900
2013-10-10,58.24663543701172,58.32656809540483,57.10088656628583,57.269642324561694,7676600
2013-10-11,58.80617904663086,59.143683756353255,58.1755743968532,58.31768592278927,6735000
2013-10-14,59.35686492919922,59.49009282186449,58.42427645679439,58.51309279315387,6461500
2013-10-15,59.01047134399414,59.4545597634372,58.557499258811795,59.2680434404213,5943100
2013-10-16,58.93052673339844,59.383498778830244,58.73512676179057,59.188098807222374,7724800
2013-10-17,58.99271011352539,59.14369856545085,58.601916871850804,58.78843321415617,6952100
2013-10-18,59.64106750488281,59.74764437341315,58.6107792674192,59.063751287424786,7587000
2013-10-21,60.04962921142578,60.06738976446188,59.64995239373205,59.747645599806624,4845800
2013-10-22,61.28420639038086,61.399666948477226,60.17398526012033,60.342741040320576,7860700
2013-10-23,60.50259780883789,61.46182347214278,60.41377471994366,61.115435109456236,5864500
2013-10-24,61.3286247253418,61.45296896357579,60.41379672083059,60.55590829381388,6045400
2013-10-25,61.51512145996094,62.056909800692125,61.25754939828131,61.56840989470479,6613300
2013-10-28,61.28420639038086,61.71053428595179,61.2131506117437,61.5950669516034,4469200
2013-10-29,61.2131462097168,61.63059040887537,61.088801994169756,61.39078564353508,4450200
2013-10-30,60.813472747802734,61.550661192867466,60.33385641401068,61.479605415360815,5816100
2013-10-31,60.92003631591797,61.55064773307357,60.706875806263504,60.81345944921595,5706100
2013-11-01,61.29308319091797,61.444071621419674,60.8401111231616,61.02662743900216,5008600
2013-11-04,61.11545181274414,61.77270761369259,60.76018646507186,61.64836338675686,4790200
2013-11-05,61.15097427368164,61.33749059752602,60.449313754694764,61.07991849995477,5140600
2013-11-06,61.28420639038086,61.8348785104408,60.94670160623238,61.444078504188454,6503200
2013-11-07,59.64106750488281,61.58616989431756,59.58777229436709,61.58616989431756,10496300
2013-11-08,60.911163330078125,61.64835166116305,59.259154027858095,59.39238189602117,16182800
2013-11-11,60.697994232177734,61.0532662780031,60.56477314421255,60.822345208029674,4954000
2013-11-12,60.19173812866211,60.79569861743305,59.880877607144235,60.68912173934186,6586700
2013-11-13,61.25754928588867,61.275309838687164,59.7742957940676,59.88975632788431,5681000
2013-11-14,62.19013595581055,62.30560327549985,61.28419861008159,61.40854281878456,7246600
2013-11-15,62.172386169433594,62.32337462383023,61.7727092545596,61.968102490468716,6184400
2013-11-18,61.72828674316406,62.25230779528967,61.57729831556019,62.2256635758597,4904400
2013-11-19,61.390777587890625,61.92368226691516,61.31972182368718,61.71939863889292,4801700
2013-11-20,61.48847961425781,62.10131696620165,61.35525174600885,61.39077962929196,4726800
2013-11-21,62.11907958984375,62.181251686816346,61.52399606024854,61.69275179899573,4498300
2013-11-22,62.350013732910156,62.46548106312501,61.99474840494627,62.127969514806836,4667500
2013-11-25,61.94145584106445,62.68752796953727,61.81711161569433,62.65200007996694,5830600
2013-11-26,63.22042465209961,63.673396715709224,62.08355943666868,62.10131999104989,8850000
2013-11-27,62.85629653930664,63.282624570597235,62.58096377975169,63.247096669968506,5446100
2013-11-29,62.65199661254883,63.300361926631,62.51876872809648,63.096085043222196,4801000
2013-12-02,62.980613708496094,63.335878971212466,62.847385846852184,62.87403006393086,6774600
2013-12-03,62.083560943603516,62.536533018207976,61.62170520346722,62.36777725435994,8304700
2013-12-04,62.14573669433594,62.59870879550477,61.56842037343476,61.657236705207616,4883800
2013-12-05,62.37666702270508,62.77634391947352,62.24343913169826,62.429955468607,5587000
2013-12-06,63.469120025634766,63.495764248251746,62.85627580043647,63.03391524496957,5542000
2013-12-09,63.15823745727539,63.48686523294539,62.989481737843555,63.380281603370086,6477100
2013-12-10,63.56679916381836,63.63785491831152,62.97172246649999,62.98060612987406,7112200
2013-12-11,62.63422393798828,64.06418910488216,62.55429127988606,63.70892381164856,9519200
2013-12-12,62.60725021362305,62.95791501807529,61.860967624093824,62.29255190961572,8756300
2013-12-13,62.5982780456543,63.05683559637544,62.292566151930096,62.850036746421225,5784300
2013-12-16,63.39849853515625,63.704203494405455,62.85901475654045,62.85901475654045,6246600
2013-12-17,63.53337097167969,63.75815645030594,62.78708153626252,63.5603441315295,6829100
2013-12-18,64.91805267333984,64.91805267333984,63.06582226242157,63.803118462293746,7971400
2013-12-19,65.6103744506836,65.70928059175849,64.82811866033869,64.86408515344839,6768100
2013-12-20,65.09789276123047,66.14089408373917,65.04393956771594,65.72728951964864,12989700
2013-12-23,65.88912200927734,65.93408185143058,65.33165838206635,65.53845719219018,5621900
2013-12-24,66.40162658691406,66.41061992650471,65.86214282991347,65.86214282991347,2883600
2013-12-26,67.0939712524414,67.15691091123726,66.45558132468105,66.49154096407156,4620100
2013-12-27,66.85120391845703,67.2378352389178,66.47356593844665,67.12094925269805,3844800
2013-12-30,68.54158782958984,68.82031961436786,67.33673415556308,67.42664697066165,8578900
2013-12-31,68.69445037841797,68.78436320670636,68.16395302967105,68.58655086852646,4692300
2014-01-02,68.57754516601562,68.78435080771854,68.24486707532584,68.37074638422055,5200900
2014-01-03,68.4336929321289,68.96418337877851,68.343780110991,68.6045320942269,4060700
2014-01-06,68.17295837402344,69.09008035990175,67.87623981450888,68.81134848515731,6816200
2014-01-07,68.6405029296875,68.96419462650333,68.24488508017566,68.44269743488641,4494900
2014-01-08,67.63345336914062,68.58654156758672,67.26480190526881,68.45166891348953,10900300
2014-01-09,67.34574127197266,67.84925862745577,66.82423723384547,67.84925862745577,8052900
2014-01-10,67.78631591796875,67.89421542926587,67.04002639962594,67.50758408867098,6219000
2014-01-13,65.880126953125,67.55253151102048,65.6823214885651,67.34573270628239,8232800
2014-01-14,66.94111633300781,67.05800917842002,65.89811522414577,66.27575320184192,5996500
2014-01-15,66.78826904296875,67.52556523485205,66.7612958795928,66.80625572515893,7283900
2014-01-16,66.72532653808594,66.89616571208235,66.28474888188937,66.88717237136964,5597400
2014-01-17,66.51852416992188,67.1029609467762,66.24877884221324,66.9231353015762,6624800
2014-01-21,66.7163314819336,67.32774829640556,65.90710919623119,66.52751249127579,7507100
2014-01-22,67.71437072753906,67.82227021942334,66.58145693233983,66.60843009033391,6795100
2014-01-23,67.246826171875,67.3906853143868,66.67137588201066,67.01304734789619,6280900
2014-01-24,65.3856201171875,66.74332672332544,65.3856201171875,66.62643385013695,7334900
2014-01-27,64.9630126953125,65.55644973725802,64.48646850945835,65.16082504262768,7415100
2014-01-28,65.52947235107422,65.6373718702915,64.95402196840142,64.97200865155914,5508400
2014-01-29,64.13578033447266,64.95399572997586,63.94696139704884,64.71123048469006,8604800
2014-01-30,65.83516693115234,66.20381152012921,64.73821278362237,64.81913225684612,7550500
2014-01-31,65.28669738769531,65.92508734753369,64.55839460504608,64.91804589628951,7748500
2014-02-03,62.930931091308594,65.39458450098206,62.80505179124146,65.33164485094849,11964800
2014-02-04,63.884029388427734,64.06385500940333,62.832028240006615,63.78512323891885,11278800
2014-02-05,64.5224380493164,64.78319007759583,63.27263109784897,64.78319007759583,11573300
2014-02-06,67.93916320800781,68.99116449779194,67.23783358809082,67.98412304924706,19821900
2014-02-07,68.03807067871094,68.06504384000954,67.08498239331357,67.50758021341504,11480100
2014-02-10,69.28787994384766,69.51266544261166,67.94816029198869,68.03807311951248,8781600
2014-02-11,69.94425201416016,70.06113799625558,69.33283522337533,69.36880172399897,8186200
2014-02-12,70.0521469116211,70.14205972731611,69.80937476334564,69.8273614424295,6329500
2014-02-13,70.04315948486328,70.34886445601443,69.41375600205006,69.70148115250765,5955400
2014-02-14,71.23902130126953,71.45481345329448,69.92626798835327,70.02517415384571,7001100
2014-02-18,71.55372619628906,71.93136421202392,71.41885351640963,71.48179318569878,6136500
2014-02-19,70.91532135009766,71.7335368799568,70.85238169395464,71.48177825538477,7024000
2014-02-20,71.20305633544922,71.61666082738236,70.8883511512334,71.22103615687719,5748700
2014-02-21,72.04825592041016,72.33598112566924,70.85240210912372,71.09516746422261,8252300
2014-02-24,72.58773803710938,73.3609938604674,72.34496585101591,72.38093235487825,6635200
2014-02-25,72.12017822265625,73.14519954286071,71.96732573067517,72.57874255850845,6064300
2014-02-26,72.00328826904297,72.78553736723441,71.56270377889597,72.49781222056116,5775600
2014-02-27,72.36294555664062,72.46184485784103,71.80547509038203,71.93135441181002,4919800
2014-02-28,72.65965270996094,73.36098227474419,72.08420245886144,72.68662586862058,7030700
2014-03-03,71.44581604003906,72.51579711851257,70.89733892081385,72.20109881893461,8449400
2014-03-04,73.4688949584961,73.88249947198027,72.41690042246617,72.47084674946996,8021400
2014-03-05,74.34105682373047,74.81760096043568,73.74761984298978,73.92745234923332,7709700
2014-03-06,74.93448638916016,75.00641939112442,74.48491541674645,74.50290209719184,5774400
2014-03-07,73.91846466064453,75.21323136495938,73.7476254816282,75.16827151998376,7478100
2014-03-10,73.70266723632812,74.11627171292952,73.45090858621501,73.89148622391298,5209700
2014-03-11,72.87545776367188,74.02635836164758,72.57873927390695,73.90047903748828,7171600
2014-03-12,73.17217254638672,73.18116588704522,71.97631891534616,72.46184955236201,6378300
2014-03-13,71.86843872070312,73.71168303622918,71.62567333695574,73.50487730496148,8570600
2014-03-14,71.99429321289062,72.30000503264296,71.54472225318483,71.79648089303473,7754700
2014-03-17,73.18116760253906,73.36998660134013,72.21009258592572,72.38093176289728,7280700
2014-03-18,73.72063446044922,73.9544132498551,73.08224460391294,73.3070300545204,5395900
2014-03-19,72.39889526367188,73.99937344206498,71.96731103796509,73.95441360776287,6403200
2014-03-20,72.65965270996094,72.84847168048658,71.71555785733275,72.46184039991272,5968200
2014-03-21,72.24607849121094,73.77462443375899,71.9763399318749,73.69369806402051,7840900
2014-03-24,71.47279357910156,72.76756021658994,71.37388741318738,72.56974788476157,7642900
2014-03-25,71.5267333984375,72.23704938833147,70.67254456694612,72.1471365797291,6692400
2014-03-26,70.6905517578125,72.1471575156128,70.68155841637028,71.86842567008995,6750800
2014-03-27,70.5646743774414,70.68156037979898,69.48569975141785,70.40282852653336,9194700
2014-03-28,71.0232162475586,71.44581403509348,70.41179948557566,70.78944429438,5281700
2014-03-31,71.99429321289062,72.282018352706,71.62564859308426,71.6616082331413,6848800
2014-04-01,73.343017578125,73.37898408372313,72.28202967266358,72.28202967266358,6555000
2014-04-02,73.43292999267578,73.70267535316603,73.10025182263522,73.47788983939398,6073500
2014-04-03,73.45088195800781,73.94540573861886,72.95635131749053,73.65768069138323,4930100
2014-04-04,72.3179931640625,74.49391521273579,72.29102000096552,74.01737103826453,8894400
2014-04-07,71.14910125732422,72.65067355317397,70.63659061140807,72.30899521595735,9000800
2014-04-08,71.54473114013672,71.61666414900286,70.24097793900714,71.27498578684335,7085100
2014-04-09,72.35396575927734,72.40791209001277,71.26600464335074,71.90439471005595,7004800
2014-04-10,69.69249725341797,72.7585678584278,69.66552409142426,72.7585678584278,10160200
2014-04-11,69.242919921875,70.08810864658072,69.06308742519738,69.69249087370659,9204100
2014-04-14,69.7914047241211,69.98022372151247,69.09906154044361,69.86333087081132,5964700
2014-04-15,69.82737731933594,70.32190134805428,68.61353002177799,70.03417615646426,6398700
2014-04-16,70.98725128173828,71.01423130144919,70.3039083670467,70.4747406657654,5958800
2014-04-17,71.92236328125,72.12916894989695,70.67255650874236,70.76246933253762,7627700
2014-04-21,71.1311264038086,71.91338243795516,70.75348839832097,71.89539575584094,7080300
2014-04-22,71.43683624267578,71.83246095709323,71.22104406204342,71.2300374037101,5876000
2014-04-23,71.49976348876953,71.88639479432868,71.00523954159945,71.50875682887329,4148600
2014-04-24,71.56269836425781,71.9852961420642,71.13111410685714,71.69757101716105,4632700
2014-04-25,70.33987426757812,71.4458149695107,70.2769346086056,71.4458149695107,6193300
2014-04-28,69.93524932861328,71.08614975514138,69.12602032248957,70.8164113263719,7522700
2014-04-29,70.70852661132812,70.74449311465969,69.89929743614044,70.44777460710604,4608700
2014-04-30,71.3379135131836,71.50875266566614,70.29491249885247,70.58263762624466,6550200
2014-05-01,71.53572082519531,71.81445945343572,71.26598239581425,71.34690186665627,6486800
2014-05-02,72.21009826660156,72.42589730498725,71.58969489599431,71.58969489599431,7599300
2014-05-05,73.02831268310547,73.10923216851586,71.7515327184095,72.30899635543818,5669800
2014-05-06,72.85747528076172,73.39695910965622,72.65067646197488,73.36099260640871,10696500
2014-05-07,72.19210815429688,74.12526472321325,72.03925566882432,73.41494175789474,11906800
2014-05-08,73.36997985839844,73.97240330300514,71.99429380791418,72.1201731288795,9257700
2014-05-09,73.68468475341797,73.74762441953187,72.74058976170937,73.07326791406469,5376600
2014-05-12,74.10726165771484,74.5748192109606,73.80155675436022,73.80155675436022,5704400
2014-05-13,73.80158233642578,74.40400587355543,73.5048638086182,74.1162806871719,5274700
2014-05-14,72.75856018066406,73.89148088421238,72.49780820905883,73.52282941610933,6192000
2014-05-15,72.06623077392578,72.67764759221886,71.22103512101536,72.50680842154746,7687700
2014-05-16,72.28202819824219,72.3090013619132,71.3379263103005,72.08421585144227,5823700
2014-05-19,72.87545776367188,73.17216939352814,72.05723529672775,72.31798728531734,4896900
2014-05-20,72.91142272949219,73.51385309328715,72.39891205515652,72.77655691512162,6023200
2014-05-21,73.90047454833984,74.03534034466892,73.20813144761199,73.20813144761199,4736400
2014-05-22,74.0443344116211,74.43995904449406,73.7656026165924,73.9004752741544,4652000
2014-05-23,74.91651153564453,74.95247803901127,73.90048354019325,73.90048354019325,4580300
2014-05-27,75.29413604736328,75.50993502891816,74.91649811950403,75.13229024115105,5197700
2014-05-28,75.16826629638672,75.4380116276769,74.85356798315401,75.34809880388308,4652100
2014-05-29,75.55488586425781,75.60883217816401,75.01540214547288,75.45597971549135,6522000
2014-05-30,75.53691101074219,75.87858245444973,75.18624622748999,75.3570785193897,6352400
2014-06-02,75.77068328857422,75.90555594269706,75.53691133866332,75.77068328857422,3933800
2014-06-03,75.4200210571289,75.7347262140392,75.27616191846019,75.5908602154621,4541400
2014-06-04,75.74370574951172,75.88757173489856,74.90750357419701,75.39304098501597,5800100
2014-06-05,76.229248046875,76.38210052121605,75.43800565624939,75.86060344052845,5956000
2014-06-06,76.076416015625,76.41808755477263,75.77070412488446,76.34616139804841,5302800
2014-06-09,76.85865783691406,77.20032931249257,76.00446885810467,76.067408520972,5667600
2014-06-10,76.20227813720703,76.78672176038855,76.1573182969975,76.78672176038855,4632600
2014-06-11,75.80665588378906,76.25622686041675,75.680776559126,76.06740787342216,4300900
2014-06-12,74.44895935058594,75.70775264586253,74.26912683704002,75.55490015428022,7231400
2014-06-13,74.44895935058594,74.61979166356835,73.54981736258325,74.40399950722222,4711100
2014-06-16,74.89851379394531,75.02439309565689,74.23314393071847,74.30507692024149,5181100
2014-06-17,74.77264404296875,75.04238249827272,74.27811325171565,74.61079822582303,4535900
2014-06-18,75.15028381347656,75.30313629450228,74.45794068898134,74.79062567113306,4536300
2014-06-19,75.32112884521484,75.45600152887799,74.85357798308017,75.21323618621204,4326900
2014-06-20,74.46692657470703,75.59984720871317,74.43995341721534,75.59085386958,11073400
2014-06-23,74.41299438476562,74.56584687950487,74.01736970670254,74.49391387260083,3946600
2014-06-24,74.34105682373047,75.1412926117654,74.17021765777626,74.34105682373047,5057100
2014-06-25,75.43801879882812,75.81565681060572,74.16123874382234,74.3320710672973,7899200
2014-06-26,75.93254089355469,76.13934657664689,75.32112404516764,76.13934657664689,6424000
2014-06-27,76.6968002319336,76.77771970323319,75.6447990856848,75.6447990856848,17932200
2014-06-30,77.09241485595703,77.38913329188836,76.48999150536245,76.82267643594372,6991400
2014-07-01,77.7488021850586,78.10846032164059,77.11041225108204,77.15536523071205,5608200
2014-07-02,77.72183227539062,77.96459758328787,77.50603326847234,77.84771159947196,4439600
2014-07-03,78.08147430419922,78.20736047325519,77.77576937052748,77.95559499505111,3210400
2014-07-07,77.856689453125,78.0634950968633,77.61392417212673,77.8746761316629,4897800
2014-07-08,77.20033264160156,77.61393713826679,77.0384868072622,77.49705114787523,4733600
2014-07-09,78.42317199707031,78.48611166721605,77.19134489860704,77.32621758032207,6311200
2014-07-10,78.09947967529297,78.773836218522,77.4970561430533,77.8027611498939,7249700
2014-07-11,78.12643432617188,78.54903209070653,77.65888358535328,78.22534047786755,5016000
2014-07-14,78.00956726074219,78.66593712479654,77.91965442647701,78.63896396050795,4012300
2014-07-15,77.46106719970703,77.91063809830092,76.9125901546299,77.84769844689407,7001300
2014-07-16,76.74176788330078,78.79181053383536,76.53496906604825,77.94662172347138,10667200
2014-07-17,76.45404052734375,77.4970485041517,76.31018137945472,76.72378586201032,6885900
2014-07-18,77.1553726196289,77.30823197275325,76.57992228995208,76.82269447085548,4719100
2014-07-21,77.09241485595703,77.32619364122785,76.87662274796489,77.15535450661754,4799800
2014-07-22,77.51502227783203,77.8297205704526,76.8856256925909,77.65888827440617,4984200
2014-07-23,77.3621597290039,77.80273728131037,77.11040112768592,77.60492499172985,3650200
2014-07-24,78.0455322265625,78.18939138656648,77.60494768550984,77.77578686917963,4168200
2014-07-25,77.53301239013672,77.95560333898983,77.37116656677922,77.5959520514475,4659800
2014-07-28,78.3602294921875,78.42316916005636,77.15537560167178,77.71284613130256,4546800
2014-07-29,77.50603485107422,78.49509650320708,77.47007520909557,78.48610316275801,5478700
2014-07-30,78.4141616821289,78.46810799917388,77.40712031787153,77.88367127143177,7294200
2014-07-31,77.21829223632812,78.18037364958097,77.04745996587503,77.85668206569149,6342400
2014-08-01,76.76874542236328,77.33520930171814,76.61589292091269,76.77773876359844,6759200
2014-08-04,78.4411392211914,78.69289786133818,77.33519850055974,77.47905764068285,8262700
2014-08-05,78.00057220458984,78.44114988474028,77.34419549505564,78.35123705245174,9361800
2014-08-06,77.856689453125,78.782811320405,77.47905152272418,77.48804486199312,9789500
2014-08-07,76.88563537597656,78.23434839413588,76.63387671017229,78.21636171234464,7916900
2014-08-08,78.09048461914062,78.12645112384551,76.98454375407984,77.01151691763117,6382700
2014-08-11,78.67491912841797,79.10651027456791,78.27030800257809,78.28828782287626,5047900
2014-08-12,78.4141616821289,78.78281314169111,78.02753040352107,78.36021536508393,4510100
2014-08-13,78.76483154296875,79.07952984587554,78.60298572148689,78.89071086413146,4532300
2014-08-14,79.67296600341797,79.9427113231221,78.95364972414593,79.15146204394117,8218000
2014-08-15,80.275390625,80.4462297873223,79.74490017765389,80.04161180180769,8211000
2014-08-18,80.89581298828125,81.2554711876087,80.54514813041212,80.61708114225952,4973300
2014-08-19,81.00370788574219,81.18354042033273,80.59909668775555,81.0396743926603,4153000
2014-08-20,80.7789306640625,80.96775655976559,80.62607813888425,80.85086368529126,3894500
2014-08-21,81.26444244384766,81.39931510081507,80.90479117181229,80.9767173102744,4719100
2014-08-22,81.36334991455078,81.73200139221656,81.03067179655898,81.03965827656906,4756400
2014-08-25,81.26444244384766,81.94779220854979,81.19251630538557,81.77695305239719,3515400
2014-08-26,80.94076538085938,81.52520909298228,80.86883922945019,81.47126276444801,4117700
2014-08-27,81.25545501708984,81.29142151585592,80.90479022900595,81.048649364162,3739700
2014-08-28,81.12957763671875,81.36334959441253,80.88680547923349,80.9047921589997,2678400
2014-08-29,80.81488037109375,81.26445137042987,80.32035638776945,81.21050504568043,4179400
2014-09-02,81.64209747314453,81.75898346519391,81.05765379307935,81.08462695586697,5602000
2014-09-03,81.76797485351562,81.96578718911333,81.52520267440607,81.87586750208965,3684000
2014-09-04,81.04866027832031,82.00174861428695,80.93177428652167,81.70503696435054,5458700
2014-09-05,81.76797485351562,81.76797485351562,81.01269201395246,81.04865851678014,4597100
2014-09-08,81.42630004882812,81.6780587196649,81.06664872472376,81.6061325707896,4331200
2014-09-09,80.5631332397461,81.40832903463856,80.48221374104023,81.37236252635483,4797700
2014-09-10,80.4911880493164,80.76093339069179,79.79885173431946,80.50917473069289,5078600
2014-09-11,80.89581298828125,80.95875265867033,80.07759041331354,80.20346975409171,4065500
2014-09-12,80.62606048583984,81.10260464229785,80.24842249693829,81.01269181540353,3870200
2014-09-15,80.99472045898438,81.25547248616617,80.5271627344137,80.68900858370205,4910000
2014-09-16,81.1655502319336,81.30941625339344,80.43724736304416,80.66203287664307,4324600
2014-09-17,81.219482421875,81.6151001587897,80.89579081718536,81.44426787735905,4058100
2014-09-18,81.22848510742188,81.37235112039107,80.84186063236255,81.20151194496742,4343600
2014-09-19,81.36334991455078,81.95678687082007,81.27343709509105,81.64208857275685,13382900
2014-09-22,80.28437805175781,81.47124504068002,80.19446523712439,81.36334554717507,5003000
2014-09-23,79.40322875976562,80.23943110400789,79.33130261244962,80.1315384530793,6155800
2014-09-24,80.4282455444336,80.59908471193302,79.34028459647719,79.44818410119926,5607000
2014-09-25,79.18743896484375,80.56312518457445,79.17844562369451,80.257420184594,7077400
2014-09-26,79.78984832763672,79.92472098130938,79.04356578247655,79.25935791240792,5786400
2014-09-29,79.87078857421875,80.06860091940217,78.5490486858652,79.23239855288725,5188600
2014-09-30,80.05059814453125,80.50916241073375,79.61002055695282,79.87975899714233,4824500
2014-10-01,78.66593170166016,80.23943020250894,78.40517969833041,80.09557104958405,7512500
2014-10-02,78.03653717041016,78.81879320170214,76.11237378576526,78.67492718495036,11051100
2014-10-03,79.52910614013672,79.93372415091359,78.71988383840092,79.21440781613846,7549000
2014-10-06,79.62800598144531,80.18547643960203,79.18742836285041,79.83481164073345,4047800
2014-10-07,78.32427215576172,79.3582869859921,78.26133248052562,79.12450810943938,6217600
2014-10-08,79.22340393066406,79.25937043465302,77.62293223265618,78.2793020657043,7008000
2014-10-09,77.0654525756836,79.26835437949747,76.93957325659805,79.15146154041203,8726200
2014-10-10,77.5689697265625,78.22534634065411,76.78672065349733,77.25427142935764,12675300
2014-10-13,75.44701385498047,77.6768823313231,75.31214117344865,77.2542844638145,9039800
2014-10-14,75.65379333496094,76.8946065958384,75.43800121565785,76.20227040228326,8607100
2014-10-15,73.80158233642578,75.3121412799167,70.61861860335885,74.08031418138526,21844400
2014-10-16,73.49585723876953,74.15223384639353,71.52674113571418,71.86841258932587,13216500
2014-10-17,75.37506103515625,76.12135039825469,74.34104656169438,74.34104656169438,12381800
2014-10-20,76.89461517333984,76.9755415145481,75.66279511416508,75.73472811525941,8302100
2014-10-21,78.71089935302734,78.83677869678857,77.551005234162,77.61394490604262,9170400
2014-10-22,78.31526947021484,79.67297585679562,78.20737681691656,79.07055234284925,9314500
2014-10-23,79.1155014038086,79.69095172588453,78.90870258863919,79.31331373825513,7245300
2014-10-24,79.67296600341797,79.71792584333814,78.74685092429343,79.04356940398627,4937500
2014-10-27,79.52910614013672,80.01464363712358,79.34028714573776,79.54709282145603,5644300
2014-10-28,80.85983276367188,80.88680592356098,79.97867066781312,80.05959700738887,4554400
2014-10-29,80.50018310546875,81.14756645063825,79.9786790929812,80.77891493356317,5442100
2014-10-30,81.12059020996094,81.40831536801814,79.94271641602502,80.4192605659408,4445300
2014-10-31,82.1635971069336,82.70308781860699,81.59714009156777,82.28048996242053,7472200
2014-11-03,82.46031188964844,82.55921805831262,81.82192189366715,82.03771405261217,5447700
2014-11-04,81.23748016357422,82.70308604703129,80.74295616834591,82.69409270605355,7928500
2014-11-05,81.8219223022461,82.3614061322571,80.55412878480658,82.3614061322571,7021000
2014-11-06,82.72105407714844,82.72105407714844,81.95678484080861,82.08266415691595,9938800
2014-11-07,80.92277526855469,80.94075508914344,79.70893501150809,80.37429813183067,16176300
2014-11-10,80.72496795654297,81.30041828984695,79.97867844744563,81.13857245486089,8155700
2014-11-11,80.90477752685547,80.94973049832423,80.14050155290818,80.93175068171814,5896800
2014-11-12,80.8328628540039,81.0306751810225,80.32035221577786,80.71597000990636,5262500
2014-11-13,81.36334991455078,81.56116223330721,80.94974545710934,81.01268511672198,5098800
2014-11-14,81.64209747314453,81.68705045782083,81.26445261439049,81.53419796208492,4281100
2014-11-17,81.29141998291016,81.62409808538347,80.96772836002775,81.37233945867672,4148400
2014-11-18,81.17453002929688,81.5431815028462,81.0396573716591,81.2194898684789,4461600
2014-11-19,80.76092529296875,81.17452974433985,80.19446836476864,81.15654992467515,7710000
2014-11-20,79.9337158203125,80.4372330862337,79.79884316410983,80.24841411151326,8604000
2014-11-21,79.98766326904297,80.74294603850505,79.80783763150399,80.64403987988611,7383500
2014-11-24,81.44428253173828,81.51621553681402,80.31136171147654,80.31136171147654,6504100
2014-11-25,82.4063491821289,82.64911445519058,81.56115367608514,81.56115367608514,7404200
2014-11-26,82.64910888671875,82.97280046893077,82.42432344684414,82.68507538028756,4607200
2014-11-28,83.17961883544922,83.5842299452488,82.92786020180431,83.1975986550346,3853000
2014-12-01,83.35045623779297,83.74608089199258,82.81097243837175,83.28751657552564,6714700
2014-12-02,84.04280090332031,84.34850587989061,83.09869909231901,83.30550476345859,6664200
2014-12-03,83.71910095214844,84.21363172985507,83.17062385684041,84.10573223474414,5492400
2014-12-04,83.82701110839844,84.18666241802583,83.23357409967703,84.16868259650806,6017300
2014-12-05,84.30355072021484,84.50136304578525,83.92590588962193,84.24061105843413,5226800
2014-12-08,84.33953094482422,84.96892766504584,83.9888660778565,84.70817563526553,6682200
2014-12-09,83.56625366210938,84.13271061178234,82.50526590405704,84.078764290835,9519900
2014-12-10,82.38835906982422,83.46733332488542,82.31643294074605,83.18859470754322,10346100
2014-12-11,83.5447998046875,84.37342186215301,82.55228181191458,82.9438202535018,8227800
2014-12-12,83.30805206298828,84.32789302158005,82.81634340154751,83.02577757010675,7890900
2014-12-15,82.77081298828125,84.4007340943418,82.12430913287696,83.7997545699082,6746800
2014-12-16,82.10609436035156,83.77243910995077,82.06967072708682,82.40658412446244,6549400
2014-12-17,83.20789337158203,83.48106718086314,82.13342037396079,82.27911492480366,6885900
2014-12-18,84.32789611816406,84.32789611816406,83.64496855449062,83.94545834981056,9387500
2014-12-19,84.58284759521484,84.8651220749835,83.66316994077465,84.08203131133705,12837900
2014-12-22,85.77570343017578,85.92139798552037,84.88334859353586,85.0381438482654,7477500
2014-12-23,86.22188568115234,86.5678998209622,85.95781951639012,86.03066679227595,5385800
2014-12-24,85.97602844238281,86.61343169004023,85.9305041049707,86.22188626338308,2165700
2014-12-26,86.5314712524414,86.78642975641567,86.06707857900359,86.26740510272572,3142400
2014-12-29,86.95944213867188,87.35098754869851,86.22188260119545,86.26740693667396,3584400
2014-12-30,86.23098754882812,86.95944642336067,86.04887630374434,86.6953802550201,3490100
2014-12-31,85.76659393310547,86.97764680146197,85.6208993927058,86.62252504311034,4797000
2015-01-02,85.36593627929688,86.75910724783937,84.54642190159609,86.4222007987996,5865400
2015-01-05,84.11846160888672,85.00171569927662,83.57212094953063,84.93797607147005,7789400
2015-01-06,83.6722640991211,84.85600769906497,83.00755198995158,84.29145188342922,6793100
2015-01-07,84.52821350097656,84.81959561872742,83.86349435421178,84.4280502467093,6589500
2015-01-08,85.40235137939453,85.86674397154115,85.1929172465921,85.47519863837772,7579400
2015-01-09,85.82121276855469,86.74999100651559,85.5844626502129,85.63910156804377,8621300
2015-01-12,86.01244354248047,86.28561732823093,85.38414800351318,86.22187770450222,6586200
2015-01-13,86.67716979980469,87.80627477546119,86.23098545014085,86.75911777396834,9364300
2015-01-14,85.80300903320312,86.3220336243269,84.9470710612421,85.59357488898596,6509300
2015-01-15,85.91227722167969,86.4677254717005,85.63000274767155,86.1490273644175,5662200
2015-01-16,86.6680679321289,86.71359921887681,85.57538652116924,85.593594867609,6117000
2015-01-20,86.26739501953125,86.85926687577643,85.36593271524552,86.70447165175615,7940600
2015-01-21,85.74837493896484,86.267399559303,85.4296768294761,85.93049310659966,7474700
2015-01-22,86.64075469970703,86.85928959944273,85.60270524208845,86.12172997089775,7014200
2015-01-23,86.24919128417969,86.98675075916417,85.98512515122404,86.43130250486053,4664700
2015-01-26,86.47683715820312,86.50415314766144,85.52984349009276,86.00333685059893,5446900
2015-01-27,85.56626892089844,86.26740480440307,85.01082063326179,85.53895293086683,5390000
2015-01-28,84.38250732421875,86.02153585232624,84.32787535564741,85.7210461309904,6198400
2015-01-29,84.88333129882812,85.13828977163541,83.33535822563088,84.78316804921135,7681700
2015-01-30,82.82544708251953,84.62837875483206,82.7070754824512,84.22772572829642,10212300
2015-02-02,83.70870971679688,83.81798062994282,82.0059411258733,83.13505305375242,9392000
2015-02-03,85.68462371826172,85.69373136218503,83.94543887213706,84.16397369661885,12329100
2015-02-04,92.22251892089844,92.82349839315714,89.98251778693765,90.50154235520786,32640500
2015-02-05,93.46089935302734,93.64301056465759,91.5213878554854,91.7490303435719,14089500
2015-02-06,92.89635467529297,93.77960874703312,92.55944819847127,93.4882266050558,8535200
2015-02-09,92.63228607177734,93.3334218917043,92.37732064470636,92.6960256917707,5461800
2015-02-10,92.80528259277344,93.05114035628573,92.1314628115825,92.84170622244552,5726300
2015-02-11,92.759765625,92.89634556323445,92.03130686796095,92.88724486541719,5868200
2015-02-12,94.31685638427734,94.5627072643523,92.60498008190788,93.02384845804849,6816800
2015-02-13,94.85407257080078,95.07261436657822,94.1802527348976,94.45342650607063,5175600
2015-02-17,94.80855560302734,95.10903843813561,94.30773929935002,94.9087188637628,4759300
2015-02-18,94.5718002319336,94.99976924109872,94.1529388679054,94.1529388679054,3760200
2015-02-19,94.59912109375,94.77213162477604,94.28953061412246,94.69928435412318,5094100
2015-02-20,95.20010375976562,95.32758301401526,93.54286650742205,94.57180818732219,5197000
2015-02-23,95.60073852539062,95.81928031854703,95.09992921370991,95.39131132415429,5587100
2015-02-24,95.30935668945312,95.65537772273194,95.01797457816953,95.19098509480894,4098800
2015-02-25,96.12887573242188,96.50221277134091,95.30936133353677,95.31846897882934,6547200
2015-02-26,95.2092056274414,96.2563626120035,94.82676785999736,96.06514372828147,5049000
2015-02-27,94.77214050292969,95.73734261465597,94.66286958671401,95.3093735433513,4161600
2015-03-02,96.42025756835938,96.5022124815507,95.01797892272202,95.01797892272202,5635500
2015-03-03,96.839111328125,97.10317744328196,95.80106215659612,96.32008674236056,4671900
2015-03-04,96.12887573242188,96.5204211148282,95.4095245904615,96.39294186912362,4972300
2015-03-05,95.63716125488281,96.34740470819352,95.4914736745845,96.10155387708498,3954700
2015-03-06,94.5353775024414,95.60985038464803,94.23488773392903,95.30936061613566,5704200
2015-03-09,95.84659576416016,95.99228334501011,94.53537280102321,94.64464369698378,4868900
2015-03-10,93.87065887451172,95.01797903081066,93.87065887451172,94.94513176280168,6472600
2015-03-11,93.68855285644531,94.69928617815307,93.67034451198043,94.25310879423196,4831900
2015-03-12,97.5857925415039,97.73148708702281,94.52627655658989,94.56270019296961,10730400
2015-03-13,96.92108154296875,97.6859570755986,96.08335178953338,97.6859570755986,8024200
2015-03-16,97.76789093017578,98.09569664413036,96.56593896137463,97.28528305617267,6407300
2015-03-17,97.39457702636719,97.6222195512831,96.6570174687112,97.43100066400557,4489400
2015-03-18,98.31424713134766,98.72400086551129,96.27457221180991,97.33993747831374,5520600
2015-03-19,97.76789093017578,98.77862405701958,97.55845680016712,98.19585294002498,4885600
2015-03-20,98.73310089111328,99.19749351519707,97.88627055171224,98.18676030536042,8710100
2015-03-23,98.54188537597656,99.11554196841077,98.3779824999814,98.88789947103403,5667000
2015-03-24,97.53117370605469,98.38711190859867,97.50385771186274,98.08662207828864,4493500
2015-03-25,95.60984802246094,97.84984934247831,95.60984802246094,97.8407416974793,6964700
2015-03-26,95.82841491699219,96.35654734997524,94.79036534711513,95.12727885376293,5915800
2015-03-27,96.04694366455078,96.93019088539255,95.50059601012624,95.79197818383979,5330400
2015-03-30,96.62969970703125,97.38546759611172,96.56596007910643,96.5750607780254,3831900
2015-03-31,95.50968933105469,96.81180474420562,95.50968933105469,96.15619321491313,5701600
2015-04-01,96.01050567626953,96.52042266728952,94.92692512325408,96.00139803083047,6117200
2015-04-02,96.52041625976562,96.73895110610987,95.48236705575859,96.05602363257378,3651600
2015-04-06,96.18350219726562,97.03944018116543,95.6462692564587,95.89212008848446,4153500
2015-04-07,96.00139617919922,96.89375784337071,95.97408019050687,96.3383095829666,4694600
2015-04-08,96.84822845458984,97.14871823026691,95.75554720297974,95.81928682687203,4277400
2015-04-09,97.2215576171875,97.43099177773188,96.4111508581686,96.98481441477827,3924400
2015-04-10,97.38546752929688,97.52205443107019,96.89376579827042,97.18514794674088,3251500
2015-04-13,96.98480987548828,98.25050158357475,96.94838624287674,97.49472683785474,4201500
2015-04-14,97.12140655517578,97.70417084153397,96.6205902401344,96.89376403872029,5389300
2015-04-15,97.41277313232422,97.82252681762837,97.3035022409311,97.35813421307908,4307300
2015-04-16,98.43260955810547,98.61472771516596,97.33992840413192,97.56757089013452,6379100
2015-04-17,97.14871978759766,98.15945308773352,96.55684787219677,98.15945308773352,9663500
2015-04-20,98.54188537597656,98.79684386150286,97.72237099600078,98.18676363583667,8094200
2015-04-21,98.05017852783203,99.24302301266778,97.959122916648,99.18839103537692,4579400
2015-04-22,98.28692626953125,98.5692007414239,97.40367227375377,98.3597665884374,4060500
2015-04-23,99.25214385986328,100.07165836372226,97.98645193888613,98.30515009397052,5983800
2015-04-24,99.7347183227539,100.59976388115699,99.42512789667697,99.7347183227539,6355600
2015-04-27,100.30838775634766,101.67424266405109,100.22643284939485,101.52854813928936,8479100
2015-04-28,100.08985900878906,101.20986323574148,99.15197296151496,100.84563382348307,7324500
2015-04-29,99.98968505859375,100.50870965777523,99.48887574898214,99.85310512230716,6024700
2015-04-30,98.99717712402344,100.33571621144543,98.0501834366834,99.87132353993005,7770300
2015-05-01,100.63619995117188,100.77278684955989,99.49798737643546,100.117175294976,6205100
2015-05-04,101.1005859375,101.5558709372705,100.61798494927892,101.51034660555212,7566200
2015-05-05,100.90026092529297,103.16758525974949,100.6726184220253,103.14026232379514,14619300
2015-05-06,99.90774536132812,101.9474202947365,99.45246034378441,101.58319089128193,8975300
2015-05-07,99.48888397216797,99.96237733365854,98.99717531960196,99.79847444946988,8291200
2015-05-08,100.26286315917969,100.80009612405522,99.77115452600164,100.39945004846766,6260600
2015-05-11,98.88790130615234,100.29017994966762,98.78773804967997,100.29017994966762,6728500
2015-05-12,99.47066497802734,99.8531096582954,98.04107035414042,98.8879007330733,6345000
2015-05-13,99.42514038085938,100.04432825785763,99.05180334678644,99.88952607828475,4141400
2015-05-14,100.09896087646484,100.16270049889842,99.26123813959572,99.88042602056373,4662000
2015-05-15,100.43586730957031,100.79098903092842,99.87131144497926,100.25374915304224,5852200
2015-05-18,100.46320343017578,100.83653356845737,100.17182126843207,100.59068269174497,4868900
2015-05-19,100.6726303100586,101.06417573979896,100.5906823338123,100.79100887187928,4549600
2015-05-20,100.34481811523438,100.90026640916362,100.18091522608971,100.87295041882255,4393500
2015-05-21,100.51782989501953,100.74547241347861,100.07165250402728,100.19913175859651,4880600
2015-05-22,100.39944458007812,100.98220879200787,100.27196534291208,100.43586821171091,4267700
2015-05-26,99.65279388427734,100.9366941117194,99.03360593890784,100.3175061663499,5970800
2015-05-27,100.49962615966797,100.71816104222421,99.5253164138605,99.71653530448454,3984200
2015-05-28,100.64530944824219,100.65441709419511,99.79847899917763,100.26287168339971,3392000
2015-05-29,100.49962615966797,100.63620611932896,99.62547968234432,100.46320252139215,5264900
2015-06-01,101.03683471679688,101.77439410868496,100.66350467233269,101.51033495257704,6778900
2015-06-02,100.84563446044922,101.30091949187336,100.18091525784672,101.00042970382984,4425900
2015-06-03,101.22807312011719,101.81994505565382,100.61799283988483,100.84563535762213,4510300
2015-06-04,100.43586730957031,101.30090597501238,100.15358590372611,101.02773221376893,5748200
2015-06-05,100.43586730957031,100.86382934644232,99.9805823388961,100.43586730957031,4323500
2015-06-08,99.51620483398438,100.3812436307724,99.44335756031214,100.19002474770657,6068100
2015-06-09,98.81505584716797,99.62546955903314,98.02286437323708,99.57083063362214,7711800
2015-06-10,100.1627197265625,100.3903622713956,99.006298655534,99.1610939187167,5128700
2015-06-11,100.72724151611328,101.03683193729378,100.17179333966892,100.17179333966892,5036300
2015-06-12,100.11717224121094,100.64530452708317,99.74384214057577,100.46319329951938,4009900
2015-06-15,100.32660675048828,100.53604091529546,99.18839420655331,99.49798468389656,5742200
2015-06-16,101.12791442871094,101.33734861122139,100.07165671114579,100.48141048275927,3848300
2015-06-17,101.51946258544922,101.92922331518297,100.96401424634928,101.25539641218049,4732300
2015-06-18,103.09474182128906,103.39523160406884,101.60140750014475,101.82905001186917,6929900
2015-06-19,102.54840850830078,103.33149936034212,102.3480819721369,102.73962739815758,9587700
2015-06-22,103.37701416015625,104.23295220948842,103.14026400770518,103.2586425574797,5906200
2015-06-23,104.1783218383789,104.27847815166726,103.55002628633625,103.74124516150181,6003100
2015-06-24,103.59554290771484,104.31489402098249,103.54091093233421,104.07815082960143,5636200
2015-06-25,104.2147445678711,104.9705194138359,104.16011258525627,104.36954676377728,6213500
2015-06-26,104.70646667480469,104.87947723806084,104.17834123193221,104.68825832729848,9509600
2015-06-29,102.93994140625,104.88856065289401,102.89441012735453,103.95067466326883,7618200
2015-06-30,103.93246459960938,104.58807614492703,103.39523160653405,103.74124572340808,6946700
2015-07-01,105.44363403320312,105.55354045199442,104.72009916470657,105.27877789876719,5435400
2015-07-02,105.29710388183594,105.93820721830136,104.82084969974537,105.67260526819359,5549500
2015-07-06,105.9656753540039,106.11221724304231,104.65598691760601,104.83916427890404,5880500
2015-07-07,107.24788665771484,107.33031821542555,105.19634916721547,106.62509761751839,8359900
2015-07-08,105.49859619140625,106.86323443799226,105.42532524175674,106.69837829503203,8445200
2015-07-09,105.87409210205078,107.3486366968146,105.79166752858669,107.00061018524066,7016800
2015-07-10,106.64342498779297,107.5501302498107,105.93820434927753,107.2021037319408,7020700
2015-07-13,108.11798095703125,108.35610107911795,107.38528538329547,107.84321837000462,7595200
2015-07-14,107.93479919433594,108.20040115436049,107.79741790639186,108.09965534236834,5061700
2015-07-15,108.34695434570312,108.89647256722546,107.9348104389339,108.1088272209589,4845200
2015-07-16,109.05213928222656,109.12541022239091,108.56673153176526,108.98802895645811,6303000
2015-07-17,108.85983276367188,108.89646824198536,108.09966231054902,108.70413722146687,5109900
2015-07-20,109.51925659179688,109.81233342864343,108.88730682367343,109.25365461660735,6951000
2015-07-21,109.27195739746094,109.72073671578461,108.83234568206505,109.68410124158459,4785200
2015-07-22,109.29027557373047,109.62914147248078,108.92392782947157,109.24447948538484,4714100
2015-07-23,108.80487823486328,109.60167714360801,108.59422599073946,109.26281121230379,3347200
2015-07-24,108.9056167602539,109.72073684654482,108.60337933837015,109.30859300193,4320900
2015-07-27,108.3011474609375,108.80487652319871,107.87068935091474,108.64917400281632,5179300
2015-07-28,108.49348449707031,108.8964677692662,107.953126916174,108.69497613316825,6447300
2015-07-29,109.75736236572266,109.77568359610027,108.44768088130803,108.85065711208867,6083500
2015-07-30,109.93138122558594,110.22445802973117,108.99720109596744,109.63830442144071,4430100
2015-07-31,109.90391540527344,110.56334001570552,109.53756762308863,110.0138218361797,5767300
2015-08-03,110.9296875,111.48836629414342,110.05961064620978,110.70987463877776,8426900
2015-08-04,111.45172882080078,111.80891597951009,110.46259192552762,111.2777120556594,12624400
2015-08-05,101.23065948486328,104.36291926865879,100.28731870092801,101.50542205712709,61011200
2015-08-06,99.417236328125,101.1115866766982,95.46984994117697,101.1115866766982,57175200
2015-08-07,100.14994049072266,100.34227150221344,98.60213178277229,99.60042231682004,15791600
2015-08-10,101.66110229492188,101.66110229492188,100.50710944750614,100.74523650848113,11617000
2015-08-11,98.91352844238281,101.19403283608133,98.86773234717677,101.05665153796629,13574000
2015-08-12,97.98849487304688,98.40063873816545,96.63301719610786,97.99765548893909,16923500
2015-08-13,98.47391510009766,99.3806275250069,97.76870131267171,98.18999885921887,9754500
2015-08-14,98.14419555664062,98.61128214586418,97.55803493805168,98.55633242654434,7104500
2015-08-17,99.87519073486328,100.08583600321109,97.85112071289315,98.27242522459497,7954000
2015-08-18,97.94270324707031,99.14248536046641,97.81448257789069,98.95015435669697,12021500
2015-08-19,97.49392700195312,98.68455552486438,96.87113788016153,97.61299404674583,9484400
2015-08-20,91.60489654541016,96.16591141862273,91.36677646242241,95.56143662141913,34651300
2015-08-21,90.52418518066406,92.16358603410822,88.48180806946166,89.29692818828272,30875700
2015-08-24,87.33696746826172,91.58658442665852,82.42792598399267,85.52355002211306,30159200
2015-08-25,87.82238006591797,91.66901402787458,87.66668454085118,91.33930873435172,19079400
2015-08-26,90.8813705444336,91.11949063226913,88.1612478766429,90.38680215142602,13755900
2015-08-27,93.57402801513672,93.98617190971807,91.38510882309255,92.82301817084755,17532200
2015-08-28,93.85794067382812,94.6455789207302,93.24430520923242,93.59233872385434,11005200
2015-08-31,93.30842590332031,93.83962986224995,92.42004174959698,93.69309493521945,8518200
2015-09-01,91.1378173828125,92.81384666411212,90.81726571630723,90.9546400108793,14212600
2015-09-02,93.31758117675781,93.36337726930317,91.17445820568624,92.42919008639812,12148200
2015-09-03,93.40916442871094,94.36166583629272,92.9237566028525,93.60149543589054,8953300
2015-09-04,92.47499084472656,93.25347554475708,91.91631202749811,92.46583022825476,9213800
2015-09-08,95.25920867919922,95.38742933874707,93.8945635365084,94.2883861301202,8571500
2015-09-09,93.33589172363281,96.12011774658367,93.12523950454347,95.93694737237702,9577500
2015-09-10,93.96784210205078,94.53568148860158,92.80469545682057,93.28094266126459,9026100
2015-09-11,95.6896743774414,95.70798862133677,93.60149421074655,93.73887549622026,9529800
2015-09-14,95.08519744873047,96.07433429762939,94.32502707480802,95.8453678226529,6959800
2015-09-15,94.7280044555664,95.06687733310076,93.2626205037319,94.56314832426615,9171400
2015-09-16,95.21341705322266,95.31416286008826,94.10522016520325,94.627263442824,6509700
2015-09-17,95.43323516845703,97.03600068127903,95.0210982601612,95.43323516845703,7792600
2015-09-18,94.18765258789062,95.44239147679102,93.77551569819852,94.51736489464544,13559400
2015-09-21,94.70970153808594,95.09436356128175,93.83962469037806,94.95698227085391,7152300
2015-09-22,93.86710357666016,94.10523069111417,92.9420839556134,93.58318735510154,8330100
2015-09-23,93.0245132446289,93.99532900937191,92.85049646132465,93.82131921357102,5818000
2015-09-24,92.15442657470703,92.8046905054578,90.89052719909107,92.50245309063641,10706800
2015-09-25,91.8613510131836,93.23514983997596,91.20192645832292,92.96954789496252,7179800
2015-09-28,90.20365142822266,91.9437984387905,90.02964161841861,91.49502600034272,8238300
2015-09-29,91.05537414550781,91.64152768554618,89.54419421142397,90.2219399194382,9466900
2015-09-30,93.60150909423828,93.8121613637939,92.04453957797055,92.30098095829666,9190000
2015-10-01,94.03194427490234,94.7646397431428,92.57572094083928,94.30670682236797,7503700
2015-10-02,94.33419036865234,94.34335098441214,91.4766861643146,92.6947895227745,9105600
2015-10-05,95.11267852783203,95.43323021626182,93.97700669417956,94.97529723636133,7144600
2015-10-06,95.03941345214844,95.71715933532111,94.52653071893944,95.42408248955837,5660600
2015-10-07,94.6913833618164,95.79041974570082,94.02280510766265,95.69883454496093,6947200
2015-10-08,95.8087387084961,96.06518005949344,94.05943136954555,94.51736434989876,7499100
2015-10-09,96.67881774902344,97.12759714335161,95.8636975256566,96.24835958864925,7341800
2015-10-12,97.40232849121094,97.72288013048586,96.73375035608062,96.99935228219461,5179000
2015-10-13,97.62213897705078,98.35483446240566,96.44983179048457,96.84365439104997,8342700
2015-10-14,96.8344955444336,97.86026078364343,96.37656263764303,97.53970914639035,5563600
2015-10-15,98.8127670288086,98.91351283236023,97.31990819322831,97.53971404302189,6739200
2015-10-16,99.1333236694336,99.37145076139934,98.41894938103864,99.16079852860227,5908900
2015-10-19,100.25984191894531,100.71777487227017,98.85856819977161,99.14248439483228,8001900
2015-10-20,100.59871673583984,101.23066650335927,100.20490106912827,100.33312174840715,9674400
2015-10-21,100.82767486572266,102.173998873931,100.75441090328798,101.35887877151276,8769800
2015-10-22,103.72181701660156,103.81340221249319,101.10243988658607,101.35888123008367,10028900
2015-10-23,103.57527160644531,104.60104393320886,102.43959984333367,104.60104393320886,7928400
2015-10-26,103.96907806396484,104.02403476109912,102.6868715891856,103.55694126671455,5729600
2015-10-27,104.19805145263672,104.655984363453,103.72180429988853,103.75843977125403,5857600
2015-10-28,104.72010040283203,104.83000682292277,103.36462282588992,104.38123450234754,6452900
2015-10-29,105.3612060546875,105.6909183129038,104.59187512301553,104.72009578037724,6125100
2015-10-30,104.17060089111328,105.54439994396559,104.10649054814698,105.32459405201016,8501600
2015-11-02,105.3612060546875,105.60848675459884,104.41786536659708,104.85747705255098,6949500
2015-11-03,105.81914520263672,106.60679042282052,104.90327931753946,105.29710192763137,7132100
2015-11-04,103.72181701660156,107.00061873704088,101.48710190183246,106.82660197359499,20740800
2015-11-05,103.49284362792969,104.34459916914636,102.21063000849031,103.73097071136179,14843700
2015-11-06,105.9382095336914,106.92734640657294,104.93075841686873,104.9582332765317,16803400
2015-11-09,106.6250991821289,106.90902234340794,105.48942749951827,106.14885202087342,9317500
2015-11-10,107.54096984863281,107.62340141125424,105.79166965302508,106.3961374997396,8240500
2015-11-11,106.71669006347656,107.68751265505921,106.6342654876594,107.6600377964535,6381700
2015-11-12,106.43277740478516,107.14715170223751,105.32458048341645,105.87409863626424,7223000
2015-11-13,105.17803955078125,106.625109390352,104.75674206346999,106.16717642751334,8078100
2015-11-16,106.16718292236328,106.31372483343765,103.804247012561,103.92331406218466,5770200
2015-11-17,106.35950469970703,107.66003959124379,105.79167231238337,106.3411904561653,6434400
2015-11-18,108.20039367675781,108.32861433997711,106.28623735619699,106.44193287760582,6744600
2015-11-19,108.72244262695312,109.13458648384221,107.74246637113156,108.20039933156224,6101000
2015-11-20,109.9680404663086,110.1328966409886,108.89647882464041,109.0888098638498,10821700
2015-11-23,109.37271118164062,110.4992293860709,108.98804915573866,110.17867769781927,6986400
2015-11-24,108.02637481689453,108.59421416257221,107.41274637096181,107.9805857166395,9158200
2015-11-25,108.6858139038086,109.29944243190727,108.20956666987452,108.33778734776072,4751500
2015-11-27,105.44363403320312,106.69837277793796,104.13394557282363,106.24043984756055,14912000
2015-11-30,103.92330932617188,105.8557870185046,103.77676742177574,105.83746578670379,16560300
2015-12-01,105.68177795410156,105.74588829507043,104.09733367551247,104.54610606229456,8896100
2015-12-02,104.40869903564453,105.75502285173596,104.25300352987242,105.68175191225447,7787800
2015-12-03,102.47624206542969,105.00403408041134,102.06410517698282,104.56441534356563,10446600
2015-12-04,104.6285171508789,104.69262748357697,103.06238731996724,103.25471831806142,8771300
2015-12-07,104.25301361083984,104.92159178262919,103.17229160524005,104.92159178262919,6738500
2015-12-08,103.01659393310547,103.90497793854027,102.94332298806901,103.81339275099566,7480600
2015-12-09,102.0915756225586,103.54779908709376,101.27645550954787,102.93417059527714,9050700
2015-12-10,102.09156799316406,102.84739187348103,101.54773963472613,102.45104477573594,7030200
2015-12-11,99.58444213867188,102.09156729495552,99.19731438044107,102.09156729495552,12334900
2015-12-14,100.79192352294922,101.27123062485003,99.80566537100398,100.17436151885981,9702600
2015-12-15,103.38201141357422,104.47887351432904,102.8474023376096,103.28061979460527,13361700
2015-12-16,104.88443756103516,105.76930409784774,103.05018318885993,105.71400213688887,12304500
2015-12-17,103.2437515258789,105.52044278054683,103.21610054420998,105.19782924162413,9375000
2015-12-18,99.28949737548828,103.64009655395574,98.94845219985363,103.2437494161133,28376900
2015-12-21,98.24791717529297,101.483215148963,97.08653392919058,100.2849615888472,22847200
2015-12-22,98.38619995117188,98.81019810376735,97.54742298451198,98.6166341883843,8644500
2015-12-23,97.29855346679688,98.84707187621278,96.13716993395626,98.8194208919492,12372900
2015-12-24,97.5750503540039,98.29400387494798,96.83765816046001,96.96670073948623,4356100
2015-12-28,98.85627746582031,99.73192466308943,98.00828124896898,98.16497482619918,9092700
2015-12-29,98.6995849609375,99.5844515053911,98.11888623667838,99.43697023183508,8607200
2015-12-30,98.01748657226562,98.81940010873011,97.93453363692116,98.52444461812713,4917000
2015-12-31,96.85609436035156,97.98982656603701,96.83765568822247,97.83313301440454,6670100
2016-01-04,94.92047119140625,95.33524999281875,93.76830004048864,95.04951379772545,12531500
2016-01-05,93.00325012207031,94.6347212620198,92.0722939290164,94.6347212620198,16212900
2016-01-06,92.50550079345703,93.51940981200795,91.58376404344833,91.60219568423945,13934500
2016-01-07,91.71280670166016,93.41801828412683,90.80950159169605,91.2150680123689,14680200
2016-01-08,91.48237609863281,93.02167484498528,91.25194190191081,92.75437033291253,10691600
2016-01-11,92.09994506835938,92.58846447742708,90.83717007487358,92.36724960077822,9583200
2016-01-12,93.5194091796875,93.87888594717687,92.48706149503225,93.06776014427913,8863900
2016-01-13,90.77263641357422,93.90653567488266,90.4408106276462,93.90653567488266,11615400
2016-01-14,91.35334014892578,92.09073244493366,89.58360707725979,90.92934204002418,11147500
2016-01-15,86.55108642578125,89.29785813580736,86.14551998579337,88.13647483777714,22337000
2016-01-19,86.61560821533203,87.62951728880499,85.74917337305642,87.56499599410108,13286800
2016-01-20,85.29751586914062,86.31142484227779,83.34343151502149,84.96569009141676,16918100
2016-01-21,86.66169738769531,87.43596001497119,85.07631587907181,85.60170561346486,12078200
2016-01-22,89.31629943847656,89.79559949160111,88.07195613551094,88.44064523839418,12303800
2016-01-25,87.83230590820312,89.11351957627775,87.67561233033365,88.87386602452236,7812200
2016-01-26,88.73558807373047,88.883069319667,87.64793849797351,88.016634580522,6915600
2016-01-27,86.9382095336914,89.06741916495861,86.52343081123189,88.77246368776015,6328900
2016-01-28,86.21004486083984,87.74934368411925,85.1408337914083,87.74934368411925,7312700
2016-01-29,88.3208236694336,88.3208236694336,86.30221774082683,86.83682679542586,8211600
2016-02-01,87.7032699584961,88.21944038697569,87.28848412221528,87.63874865493615,7027200
2016-02-02,85.83213806152344,86.79995753529982,85.601703848868,86.6432639584447,7244400
2016-02-03,87.69404602050781,87.94291891568149,85.18692058688994,86.73543882340131,10878000
2016-02-04,87.96134185791016,89.15960249383508,87.19629863700877,87.44517150756397,8350300
2016-02-05,86.55108642578125,87.9244722807943,86.15473932278228,87.8599509864593,8898500
2016-02-08,84.91041564941406,85.68467136009276,82.50468149762695,85.31597515069063,13750100
2016-02-09,85.09474182128906,85.90586768058913,82.07144621664168,83.09457463596114,19237400
2016-02-10,81.89631652832031,82.98396627683817,79.49980215953515,81.11284162364166,32649800
2016-02-11,83.24205017089844,83.93335278761778,80.15423322267745,80.19110353944441,17523800
2016-02-12,84.01629638671875,84.42185572753894,82.59682111311682,84.35733444384306,10786100
2016-02-16,85.63856506347656,86.00725413869871,84.60621736889182,85.23299864198017,9050900
2016-02-17,88.02587127685547,88.89230618687806,86.23769949482393,86.33909111332846,12610000
2016-02-18,87.72168731689453,88.9015092654477,87.05803571275999,88.8001176574664,8773900
2016-02-19,87.57422637939453,88.22865874603754,87.1594405477174,87.77700962613073,6838200
2016-02-22,88.8277816772461,89.40847335400191,87.57421901402915,87.57421901402915,6980400
2016-02-23,87.9152603149414,89.2425636608832,87.70326477247774,88.94760814315106,6253800
2016-02-24,87.96134185791016,88.25629734843564,85.93352373958417,87.24238828927264,6945600
2016-02-25,88.16413116455078,88.44064800034869,86.96587044587758,88.4129970199983,4562300
2016-02-26,87.8507308959961,88.68951474745086,87.8230799175602,88.2194270171598,5277000
2016-02-29,88.04430389404297,88.75404523142589,87.77700638662243,87.85073999265518,7794400
2016-03-01,90.00760650634766,90.01682584406386,88.05352181587111,88.39456698842851,7139900
2016-03-02,89.40845489501953,90.17349800094362,88.86463364796262,90.02601676169884,6498600
2016-03-03,91.08602142333984,91.10445306333546,89.30706929131003,90.13663373697293,8581300
2016-03-04,90.77263641357422,91.44550028949426,90.23802742154652,91.25193641975179,6739800
2016-03-07,91.6114273071289,91.90638282539753,90.77265040892205,90.85560335204715,7218700
2016-03-08,90.16429901123047,91.23351714014942,89.9615157776566,91.18742748441204,6229300
2016-03-09,90.0168228149414,90.55142483548988,89.23334087819568,90.33020996380452,7010700
2016-03-10,89.44532775878906,90.71732183827848,88.36689753711589,90.2748921724964,5453500
2016-03-11,90.27490234375,90.6528107661722,89.90620622586218,89.9338572040524,5605800
2016-03-14,91.07682037353516,91.45473587610648,90.18273445993415,90.27491377529896,6175000
2016-03-15,90.55142211914062,90.63438208871774,89.76794723819144,90.34863889605627,5942400
2016-03-16,90.73577880859375,91.32568983679938,89.84169292863685,90.47769361279055,6079400
2016-03-17,91.80498504638672,92.09072823999692,90.58829273613473,90.58829273613473,6385600
2016-03-18,91.43629455566406,92.31194880024374,91.21507967623407,92.15525522032642,10205100
2016-03-21,90.75419616699219,91.3625457747412,90.053674294149,91.17819421225981,7070300
2016-03-22,89.9430923461914,90.62517571315263,89.8140497370986,89.95230465234462,6475700
2016-03-23,89.25178527832031,90.19195381751344,89.17804463893023,90.07213055272537,5517700
2016-03-24,89.61124420166016,89.86011001951307,88.7632481149775,88.99368229281255,5577700
2016-03-28,90.41316223144531,90.754207389991,89.82325122314039,89.86934087753363,5317100
2016-03-29,90.47769927978516,90.67126318876126,89.74030693219507,90.3302179973493,5170800
2016-03-30,91.16900634765625,91.33491224992363,90.65282886663182,91.15978700898752,5677500
2016-03-31,91.53768157958984,92.5147273932657,91.26116475225407,91.26116475225407,7038800
2016-04-01,91.31646728515625,91.56533313455186,90.864818208397,91.06760143576064,5895500
2016-04-04,90.95698547363281,91.65750739348752,90.86481320235302,91.52846480723711,5334700
2016-04-05,89.40845489501953,89.97071481312831,88.62498015033611,89.27019299130069,10818800
2016-04-06,89.85090637207031,89.98916126625669,89.25177604551915,89.3715992979119,6952400
2016-04-07,88.63421630859375,89.79559964275997,88.41299440773876,89.5098634778563,7525400
2016-04-08,88.87385559082031,89.26098333738852,88.3023833074939,89.06741946410442,6982700
2016-04-11,88.73558807373047,89.99836987096384,88.67106678670645,89.34393766477939,5916600
2016-04-12,89.73108673095703,89.89699965595435,88.55126461199583,88.74482851911029,6277200
2016-04-13,91.69438171386719,91.99854951914783,90.29333781295715,90.35785910890078,7967400
2016-04-14,90.91090393066406,92.05386269981912,90.56986579328054,91.98012206330057,6676200
2016-04-15,90.87403106689453,91.1505549299462,90.49612262183749,90.7910781273554,6146800
2016-04-18,93.53784942626953,93.9710597960062,91.71280754867968,91.80497981814932,10665200
2016-04-19,94.60706329345703,95.52880008083078,93.95263101829691,94.01715231212133,10639800
2016-04-20,95.18775939941406,95.38133032225376,93.98028640169305,94.95732519176997,7712000
2016-04-21,94.85594177246094,95.97124250724974,94.61628822453211,95.27072053838535,6824800
2016-04-22,95.64863586425781,95.85141910921739,94.87438023691529,94.99420350334843,5731300
2016-04-25,96.38601684570312,96.43210649859718,95.26149682510787,95.39975875149631,6117100
2016-04-26,96.68096923828125,97.30775052314424,96.0265369754865,96.39523308992827,6452900
2016-04-27,97.04045867919922,97.33541420278394,96.56115859048445,96.95750573457902,5996100
2016-04-28,95.88829040527344,97.234025460989,95.67629485232696,96.35837820225521,5658300
2016-04-29,95.17855072021484,96.05419792970288,94.38585645313772,95.81454437558104,7006900
2016-05-02,96.19247436523438,96.38603829233017,94.75456688835408,95.21543539066651,5285700
2016-05-03,95.65785217285156,95.85141607355693,95.11403078976899,95.75002445428827,6243300
2016-05-04,95.55645751953125,96.3030691497395,95.12324007501026,95.2246316910596,6445100
2016-05-05,96.71784973144531,96.9021942919197,95.35367607413448,95.84220252075062,6466000
2016-05-06,97.28010559082031,97.46445014335082,96.22010683303515,96.33071778392979,7407500
2016-05-09,97.09576416015625,98.3308952946197,96.75472599908007,97.71333324353529,8130300
2016-05-10,98.25714874267578,98.39541067936324,97.19714993779756,97.27089057500343,15177200
2016-05-11,94.28446960449219,94.47803351220283,92.74517064867821,93.51942627952073,27068100
2016-05-12,93.7498550415039,94.8006344976927,93.21524597578143,94.47802800365125,11251700
2016-05-13,92.65299224853516,94.05403630720284,92.50551799789861,93.74986143537825,9570200
2016-05-16,92.50550079345703,92.79123693562588,91.59298337999054,92.5515904438748,9113000
2016-05-17,92.1183853149414,93.3627286867217,91.75890849714474,92.90186025033682,8694400
2016-05-18,91.25193786621094,91.96167206651685,90.66202691127546,91.79575917092293,9323100
2016-05-19,90.70812225341797,90.89246680129291,89.87855772339327,90.86481582234104,7063500
2016-05-20,91.97090148925781,92.10916342279783,91.03994530453528,91.25194787360253,7297000
2016-05-23,91.4178466796875,92.47784529685546,91.36254472772337,91.80497440802235,5588600
2016-05-24,91.72203063964844,92.2105500168975,91.60220035536899,91.66672164986805,5250800
2016-05-25,92.04464721679688,92.91108215143873,91.99855755896913,92.09994918035463,5667300
2016-05-26,91.99854278564453,92.62532405706216,91.77732793464223,92.07228341340974,3852600
2016-05-27,92.44098663330078,92.66220150132563,91.99854986495723,91.99854986495723,4589100
2016-05-31,91.4547348022461,92.07229682709011,90.85560442088195,92.03542650783601,10396200
2016-06-01,90.80950164794922,91.24271904624662,90.08133580280762,90.94776356710909,7243900
2016-06-02,90.99385833740234,90.99385833740234,90.21038346113824,90.39472800886142,4830100
2016-06-03,91.02151489257812,91.17820847097171,90.08134638992244,90.93856195070886,6857500
2016-06-06,91.04915618896484,91.36255034471272,90.76342004319243,91.21506908735057,4986600
2016-06-07,90.65283203125,91.28883280799035,90.62518104657349,91.25196248432329,5608400
2016-06-08,90.36708068847656,91.08603429891528,90.0536865059068,90.78185945379305,5466200
2016-06-09,90.18273162841797,90.26569160318267,89.50064831635957,90.16429998530037,5379400
2016-06-10,89.72186279296875,90.06290796361596,89.20569240045982,89.54673757110703,7204400
2016-06-13,89.93386840820312,91.23352080340504,89.13195477931507,89.17804443690306,8766300
2016-06-14,90.69891357421875,90.83717551751876,89.57439341607737,89.59282506011324,6125700
2016-06-15,90.57908630371094,91.25195736637981,90.50535269280739,90.50535269280739,6663200
2016-06-16,90.68045806884766,90.91089225415075,89.27942131641387,90.14585610348735,7129700
2016-06-17,91.25193786621094,91.38098044808474,90.57906694733185,90.70811656149894,8959400
2016-06-20,91.77734375,93.05855749095662,91.71282244766026,92.24743154264354,8268600
2016-06-21,91.08602142333984,91.98010715742691,91.0399317749113,91.92480520514707,5202500
2016-06-22,91.05838775634766,91.82343105901228,90.97542777986511,91.32569229700015,4948900
2016-06-23,91.27037811279297,91.82342583844839,90.89246966804198,91.65751292721055,5826100
2016-06-24,88.22864532470703,89.66655244494648,87.69403630687162,88.49594983362473,15079900
2016-06-27,86.9935302734375,87.77701230194663,86.64327276622146,87.48205676105553,9438400
2016-06-28,88.53282165527344,88.74481717927897,87.69403779932955,87.98899329138038,7143100
2016-06-29,89.39005279541016,89.67578900050343,88.74483270893857,89.32553148999249,6563600
2016-06-30,90.16429901123047,90.39473322532913,89.2978641158854,89.50064734945929,7189500
2016-07-01,90.35786437988281,90.92012443403098,90.06290886232101,90.09977918105301,5681600
2016-07-05,90.0168228149414,90.33020996380452,89.56516670187072,90.11820739723113,5846400
2016-07-06,90.74498748779297,90.80950878416552,89.187257037572,89.40847190623586,6223300
2016-07-07,91.3670425415039,91.43203253090434,90.5964418933434,90.64285926669936,5146000
2016-07-08,92.49044036865234,92.70397585888024,91.70126714377106,92.14691782272311,6045800
2016-07-11,92.82467651367188,93.1681919758784,92.28618400979805,92.65755839465507,5428000
2016-07-12,93.02893829345703,93.57671717905737,92.84325461757315,93.01037275921992,8508500
2016-07-13,92.73182678222656,93.58598998483293,92.7039749432004,93.270319281323,5494700
2016-07-14,92.8154067993164,93.58600754606887,92.54616049924464,93.23319862986106,7461500
2016-07-15,92.65756225585938,93.34460029227976,92.41616783313638,93.23318584716665,5764400
2016-07-18,92.98250579833984,93.50242567298451,92.7225458610175,92.75039769953389,5051300
2016-07-19,92.35118103027344,92.83396280899694,92.24905288957424,92.66684467725078,5742700
2016-07-20,91.19064331054688,91.6270077285879,90.18793448824556,91.58986957775696,10664900
2016-07-21,90.99566650390625,92.0355063156424,90.6335784146942,91.14421201270679,6726600
2016-07-22,90.7171401977539,91.37632643345022,90.49431837748227,91.3484745913385,5381700
2016-07-25,90.42005157470703,91.04209972513995,90.29007157561294,90.89355419048044,4825500
2016-07-26,89.77013397216797,90.20649834784548,89.44517695478952,90.07651129086773,6274800
2016-07-27,89.4359130859375,89.99297122320715,88.99954863533975,89.77942861084155,6911400
2016-07-28,89.04595947265625,89.58444490903842,88.9623968689941,89.5008893887537,7713500
2016-07-29,89.08309936523438,89.48232564070491,88.99025752792504,88.99025752792504,8264000
2016-08-01,88.70243072509766,89.31519241454426,88.27535267890714,89.2687750454187,7131600
2016-08-02,88.21038055419922,88.8974186733944,87.79258164722151,88.52604422831811,7644100
2016-08-03,89.21306610107422,89.52873680108523,88.20107818299559,88.2567818604305,9068700
2016-08-04,88.34963989257812,89.11095425745546,87.93184101853241,88.69315538340975,10038300
2016-08-05,88.97168731689453,89.1295191403616,88.5260366045065,88.57246106240989,6528500
2016-08-08,88.89742279052734,89.39877725209294,88.73959094615819,89.23165909823774,7792000
2016-08-09,89.75157928466797,89.9186974388756,88.47963113416762,88.76744297843348,15548700
2016-08-10,90.85639953613281,92.16548559881112,88.99024834035488,89.77941450107613,27181300
2016-08-11,90.77283477783203,91.3484654294598,90.19721120958151,91.17206100260768,9233900
2016-08-12,89.90941619873047,90.81928333035717,89.74230511847935,90.81928333035717,9360300
2016-08-15,90.15078735351562,90.62428987520109,89.98366923311941,90.38289546054494,5299600
2016-08-16,89.9465560913086,90.2900787352278,89.38021158604197,89.92799055427099,5777800
2016-08-17,89.93726348876953,90.03010532690833,89.6123064302164,89.9094045622875,5697300
2016-08-18,89.7330093383789,90.16937377977119,89.64016749802231,89.93726563719048,5250700
2016-08-19,89.49162292480469,89.86299740296602,89.17595922256392,89.50090923468795,6362400
2016-08-22,89.00882720947266,89.56588529833242,88.80457092410256,89.56588529833242,5495300
2016-08-23,89.10167694091797,89.52875508300889,88.94384510037148,89.25022247220333,4996300
2016-08-24,88.96240234375,89.33377676241717,88.67459053388744,89.13880678637693,5912500
2016-08-25,88.71174621582031,88.96241992501795,88.58176620610608,88.77673622067742,4518700
2016-08-26,88.39605712890625,89.25021332555137,87.96897903058368,88.81385600229719,6019600
2016-08-29,88.08039093017578,88.49818270809355,87.69973021766518,88.26607459072198,7903000
2016-08-30,88.07112121582031,88.47034753625366,87.98755859446597,87.98755859446597,6845000
2016-08-31,87.69973754882812,88.10825013623207,87.42121203472578,87.91328015134697,7375200
2016-09-01,87.51404571533203,88.08039008294125,87.18909577081303,87.95041010513366,6274200
2016-09-02,87.66259765625,88.16395207173282,87.39335137293267,87.96898209071918,5382000
2016-09-06,87.08697509765625,87.76472688526025,86.66917620457033,87.76472688526025,8463500
2016-09-07,87.00340270996094,87.30050080608576,86.65060093436813,87.25408343432156,6281500
2016-09-08,87.35621643066406,87.46763088821221,86.27923834121182,86.79915830967991,7438100
2016-09-09,85.80573272705078,87.03126338337938,85.77788088448983,86.81772786816,10248400
2016-09-12,86.93841552734375,87.14267180315194,85.36936239352406,85.37864870152741,9367300
2016-09-13,86.06568145751953,86.6227465694696,85.83357335533272,86.38135215984971,7795200
2016-09-14,85.65719604492188,86.24210604919547,85.4807915793278,85.96357342808683,6386500
2016-09-15,85.8800048828125,86.1121130041174,84.66376059385571,85.52720308844503,7559400
2016-09-16,85.93571472167969,86.10283286432667,85.23011108239531,85.66646843167187,10568600
2016-09-19,86.00069427490234,86.6413149244957,85.73144801758598,86.1585331728998,5421500
2016-09-20,86.29779052734375,86.62274754075067,86.04711689085718,86.06568242255436,6200100
2016-09-21,85.77787780761719,86.41849849705225,85.1372571181821,86.34422219730197,12049500
2016-09-22,86.72488403320312,87.00340953577198,86.00998703484947,86.09354964398466,6470700
2016-09-23,86.59488677978516,86.82699487964705,86.34421314862024,86.40920313324648,4407700
2016-09-26,85.37864685058594,86.0471193447835,84.85872694771113,85.85214938120545,10449300
2016-09-27,85.15583801269531,85.58291615270846,84.95158171021544,85.35080800595924,9167400
2016-09-28,85.60148620605469,85.694335136358,84.93302065817133,85.18369435320523,8272300
2016-09-29,85.23011779785156,86.43707596017559,84.97943702244032,85.54578149029085,7476600
2016-09-30,86.21424865722656,86.79915862387038,85.61076607256832,85.67575606886207,8923700
2016-10-03,85.87071990966797,86.08426250127467,85.46221442651706,85.85215437636113,5834700
2016-10-04,85.96356201171875,86.33493642941707,85.51791837718305,85.83358202803102,5903400
2016-10-05,85.83358764648438,86.60418837405886,85.76859765038643,86.28852470254834,5365000
2016-10-06,86.18638610839844,86.88271044650348,85.77787356336269,86.11210981232331,7484800
2016-10-07,85.87071990966797,86.61346874274243,85.43435550149006,86.39992615113573,6144100
2016-10-10,85.87071990966797,86.53919244275941,85.78716438472046,86.06568988459,4241000
2016-10-11,85.28581237792969,85.76859417460994,85.01656609546988,85.72217679835151,6651100
2016-10-12,84.86800384521484,85.49005181480602,84.84943123167015,85.30436109624226,6836600
2016-10-13,84.59877014160156,84.82159195349264,83.8560213241277,84.44093123660842,5725200
2016-10-14,84.7658920288086,85.20224936378602,84.75660572024967,85.20224936378602,4345700
2016-10-17,84.32952880859375,84.92372506400314,84.07884805758717,84.81231060984709,5134600
2016-10-18,84.64518737792969,85.17439360742145,84.46879002368422,84.8587299647039,4890800
2016-10-19,85.35079956054688,85.54576953451864,84.48735705674176,84.73803071374037,6140500
2016-10-20,85.44364166259766,85.71288793703874,84.89586988876697,85.10012617167936,6153200
2016-10-21,86.37207794189453,87.44906308680771,84.11598658951908,84.79374545945626,13814500
2016-10-24,86.687744140625,87.41192034947879,86.15853790466433,86.79915150606234,7281000
2016-10-25,86.11212158203125,86.67846602110087,86.00999343181356,86.47420972066548,6380700
2016-10-26,86.79915618896484,87.0126987898702,85.32295185025521,85.77788181154975,7152800
2016-10-27,87.29122161865234,87.58831973901121,86.63203538546166,87.08697241615019,6647000
2016-10-28,87.1333999633789,87.6440407376897,86.83630180833774,87.1705381181814,7309100
2016-10-31,86.05641174316406,87.10553793096682,85.70360285549144,87.012696096508,9957600
2016-11-01,85.77787780761719,86.33493588898872,85.10012605168478,86.13996591467757,6449800
2016-11-02,85.33223724365234,85.93571272153002,85.12798095368473,85.33223724365234,6716200
2016-11-03,86.687744140625,87.3933477329874,85.6386108935716,85.65718351006299,7751400
2016-11-04,85.83358764648438,87.07769096470297,85.75003211580629,86.80844467133194,7456500
2016-11-07,87.67188262939453,87.71830708847168,86.29779939121964,87.05911376979037,6996100
2016-11-08,87.6254653930664,88.0618298441994,87.17982171605549,87.76473169839926,6226900
2016-11-09,87.86685180664062,88.12681177499636,85.51791869965484,85.68503683408035,8635700
2016-11-10,88.16394805908203,89.18522237745277,87.48619631069738,88.09895806836873,13777900
2016-11-11,90.68929290771484,91.28348918051636,88.92526962385735,90.22507662687751,23008100
2016-11-14,90.91210174560547,91.27418982623706,90.475737370645,90.57786550450287,13208400
2016-11-15,90.70783996582031,91.11635247642758,90.44788003484365,90.89353069035856,7184600
2016-11-16,92.02623748779297,92.07265486555949,91.07923231411434,91.29277491865074,9702400
2016-11-17,92.25833129882812,92.37902496233097,91.2370499792765,91.96123321042506,8662600
2016-11-18,91.2092056274414,92.25833887212431,91.11636379532747,91.96124075933308,8586100
2016-11-21,90.64286041259766,91.23705663273552,90.05795050059942,91.08851111938989,10771100
2016-11-22,90.7171401977539,90.9213964844104,90.30862762444094,90.4293283847623,5323700
2016-11-23,91.22777557373047,91.24634110625875,90.60572044168089,90.67999673854912,5897400
2016-11-25,91.74768829345703,91.97979639044345,91.4505902126495,91.64556016411285,4396800
2016-11-28,91.88697814941406,92.10051368675039,91.28349552570134,91.46917921759196,7106700
2016-11-29,92.53684997558594,92.54613628236629,91.88695016849395,92.13762378455039,8396800
2016-11-30,92.02623748779297,93.11250187814942,91.91482303107247,92.28619747009589,11369200
2016-12-01,91.8591079711914,92.61113598165491,91.56200987343247,92.03550531826937,9958100
2016-12-02,91.45059204101562,91.98908453680065,91.21848393938868,91.71983828890814,7737200
2016-12-05,92.80610656738281,93.09391835931937,91.61771416836768,91.89624673586448,11331500
2016-12-06,93.45600891113281,93.51171258852791,92.67612201071599,92.7968156728644,8427500
2016-12-07,94.69083404541016,94.76511034962037,93.25176783907303,93.3167578344124,12255700
2016-12-08,96.72106170654297,97.26370432969794,94.93409276624966,94.93409276624966,16524800
2016-12-09,98.1057357788086,98.72322000562247,96.53394801332557,96.82397794274054,12173900
2016-12-12,97.35725402832031,97.95602958682336,97.04851551138147,97.87183011983123,7880200
2016-12-13,97.16078186035156,97.59115134864334,97.02980015252223,97.4882361299249,7393200
2016-12-14,97.34791564941406,97.6847278360779,96.83333949257525,96.94561260078606,7961900
2016-12-15,97.66600036621094,98.83548500239793,97.13271565762838,97.16078214682203,8745400
2016-12-16,97.2169189453125,97.98410055494972,97.067221490765,97.96538480414753,12635500
2016-12-19,98.51737976074219,99.41554302412283,98.30219146630184,98.89160910034212,11475600
2016-12-20,98.66706848144531,99.35940131412615,98.2928320098997,98.8354745367425,8947300
2016-12-21,98.76065063476562,99.08811209089302,97.77828768028978,97.87184503719669,5202400
2016-12-22,98.62964630126953,98.69513714989054,97.95602206518649,98.19927684776474,5230800
2016-12-23,98.37704467773438,98.55480148076414,98.00280818309328,98.46124414159571,3238800
2016-12-27,98.39575958251953,98.76063822518655,98.03088093985252,98.09637179525512,3639500
2016-12-28,97.58179473876953,98.53609100095227,97.35724856345935,98.22734536337624,5178600
2016-12-29,97.8250503540039,98.02152291992302,97.17949967683195,97.51631182925553,5896800
2016-12-30,97.50695037841797,98.2367076359243,97.26369557992665,97.8344046429442,6983300
2017-01-03,99.24715423583984,100.01433593626226,98.43319029084344,98.51739690348296,8884300
2017-01-04,100.51954650878906,100.5756794876092,99.40619484240443,99.77107348067089,8322000
2017-01-05,100.46340942382812,100.6879556218207,99.91141608085773,100.26693685406063,6303000
2017-01-06,101.96035766601562,102.30652057041158,100.80958157553783,101.06218713112321,9551300
2017-01-09,101.38028717041016,101.82001454635089,101.14639023750279,101.5861176134435,6195200
2017-01-10,101.39899444580078,101.81065532643329,100.43534023701815,100.94991633780879,7901900
2017-01-11,102.39071655273438,102.43749165330031,101.398988771973,101.54868622490582,7616800
2017-01-12,100.6037368774414,101.97905183788022,100.51017954188082,101.15573729179303,8218900
2017-01-13,101.099609375,101.37093067743025,100.01433130324705,100.25758611542037,6489000
2017-01-17,101.01539611816406,101.91355937364882,100.71600836633581,100.95926314531097,7586500
2017-01-18,101.19316864013672,101.41770768857808,99.93011953998096,100.04239263318547,7162900
2017-01-19,100.36984252929688,101.0528246584449,100.1827278534037,100.96861805771584,5350200
2017-01-20,100.72538757324219,100.87507791187494,100.27630228140683,100.4353504968193,5649000
2017-01-23,100.22014617919922,100.74407295051412,99.70557014453857,100.42596945509656,5716600
2017-01-24,100.94991302490234,101.0996033433313,100.18273140578904,100.29499736011886,5456100
2017-01-25,101.08088684082031,101.43640756506203,101.04346247964217,101.25865077192469,6180200
2017-01-26,101.099609375,101.62354336567856,101.02476778030423,101.23994896425262,6088100
2017-01-27,102.25973510742188,102.35329244675633,101.18380786015712,101.50190424148772,5578300
2017-01-30,103.79410552978516,103.89702075159796,101.94163867512255,102.78366906360554,13793600
2017-01-31,103.52278900146484,103.66312859567468,102.89594690369161,103.46664888099994,8485800
2017-02-01,104.13092041015625,104.7764711099132,103.55085343002877,103.57891992071801,10501300
2017-02-02,103.48535919189453,104.35545606467839,103.42922621234973,104.0467104012462,6515900
2017-02-03,103.19532775878906,103.99057588847622,103.11112115274551,103.75667895986425,7923400
2017-02-06,102.5123291015625,103.05497160179239,102.2597235999888,102.8397833213679,6896300
2017-02-07,101.97905731201172,102.66203946040338,101.76386900450083,102.58719073275024,10184800
2017-02-08,101.97905731201172,104.24317778876252,101.9603486990822,102.50298412964858,13615500
2017-02-09,102.43748474121094,102.77429684961557,101.97904881398067,101.97904881398067,6369700
2017-02-10,102.2223129272461,102.72753113600294,101.58611301303017,102.3065123930551,7671800
2017-02-13,102.58720397949219,102.8211009301349,101.88551312756401,101.93228823491148,5653200
2017-02-14,103.22339630126953,103.22339630126953,102.47492325963692,102.7275359448243,4768700
2017-02-15,103.08305358886719,103.55084744121493,102.72753283075129,102.8304480493052,7087100
2017-02-16,103.57891082763672,103.7286082821284,102.9988438984327,103.23274081760032,7179600
2017-02-17,102.97078704833984,103.3824479487562,102.4655687990929,103.13919313142215,6349200
2017-02-21,102.92399597167969,103.11111064030534,102.72752342823264,102.858505123864,5432700
2017-02-22,103.02690887451172,103.17659917846794,102.47490847987883,102.62460592180196,5478400
2017-02-23,102.66204071044922,103.37308221790926,102.5310518664775,103.19532541002806,5470400
2017-02-24,103.21403503417969,103.21403503417969,102.07261689527715,102.55912649774432,4786800
2017-02-27,103.12983703613281,103.35437608925636,102.7556005222817,102.84915786625253,3547700
2017-02-28,102.99885559082031,103.28889265733096,102.7556079066092,102.91465611658607,4766000
2017-03-01,103.88764953613281,104.59869812154743,103.53212881240901,103.53212881240901,7418100
2017-03-02,103.46663665771484,104.04670358086935,103.33565495538437,103.85023102737365,4715600
2017-03-03,104.07476806640625,104.31802285375437,102.95206574289806,103.4666346670196,5837900
2017-03-06,103.54148864746094,103.83152568716291,102.99884607043678,103.63504598950739,4983200
2017-03-07,103.71924591064453,103.78473675965382,103.06433742055155,103.56954846264203,5114400
2017-03-08,103.7005386352539,104.14962387799427,103.53213969944001,103.728612262524,4929900
2017-03-09,103.8782958984375,104.14961717417532,103.56019952286253,103.75667207330012,4005700
2017-03-10,103.775390625,104.31803322844866,103.56020944161148,104.22447588184633,4027400
2017-03-13,104.33673858642578,104.4864360466921,103.68183004268003,103.7753873863626,5213600
2017-03-14,105.07585144042969,105.61849401508815,104.52385812818471,104.53321600373887,7273500
2017-03-15,104.66419219970703,105.20682760783147,103.99056795462317,105.1881189956757,5319500
2017-03-16,104.5145034790039,105.08521255997502,104.22447356958077,104.95423085004406,4409400
2017-03-17,104.561279296875,104.87001780105003,104.01863673880057,104.66419451092247,9061200
2017-03-20,105.45008850097656,105.87110724752159,104.8326043325319,104.85131294577121,8156300
2017-03-21,104.55192565917969,105.81496762881115,104.3554530983897,105.69334379726526,7109800
2017-03-22,104.86067199707031,104.95422934025117,104.17768982971131,104.64548368358336,5044700
2017-03-23,105.01036071777344,105.70270075028671,104.46772528040935,104.51450038230287,8307900
2017-03-24,104.91680145263672,105.32846231437163,104.4864319780809,105.16005624711349,4707300
2017-03-27,105.14134979248047,105.30040513637492,104.27125289104433,104.60806505534013,4469800
2017-03-28,105.76819610595703,105.94595292146785,104.80453474475398,105.34717734318647,6280900
2017-03-29,105.28169250488281,105.66528692368962,105.0758620497151,105.40332348546465,3781200
2017-03-30,105.88981628417969,106.00208937796751,105.04778592569028,105.28168285093913,4192800
2017-03-31,106.08629608154297,106.38568388076563,105.67463518087375,105.72141742430186,4617400
2017-04-03,105.90852355957031,106.32954230248022,105.18812417961031,105.88981494649254,4643300
2017-04-04,105.75883483886719,106.23598656618691,105.56236227772794,105.86175005726885,3386100
2017-04-05,105.7214126586914,106.5073029194872,105.52494009349246,106.2640552509368,4795100
2017-04-06,105.76819610595703,106.1143589989825,105.15070477574739,105.58107427651413,4744000
2017-04-07,105.32847595214844,105.98338455518922,105.28169370708763,105.55301502490978,4300700
2017-04-10,105.1881332397461,105.61850275727997,104.82325458057677,105.53430328422623,4053600
2017-04-11,105.78689575195312,106.4979443676219,105.3378105373288,106.35760479192885,5230800
2017-04-12,105.75883483886719,105.98337388903094,105.49687142401486,105.74947696320312,4086300
2017-04-13,105.90852355957031,106.89089348839248,105.7120510013994,105.75883324104527,6530800
2017-04-17,106.45116424560547,106.6008616994448,105.92723743310275,106.03015264812541,5120200
2017-04-18,106.83476257324219,107.35868940514375,105.72141091748361,106.17049615766192,6191100
2017-04-19,106.4043960571289,107.59258933780573,106.22663210363844,107.18092845097222,5303400
2017-04-20,107.3961181640625,107.63937297652708,106.53537915130231,106.81605119217558,5279300
2017-04-21,107.06867218017578,107.70487218195892,106.90961682625357,107.012532057275,6654500
2017-04-24,106.37632751464844,107.94811526737318,106.33891028493656,107.83584930230101,7294600
2017-04-25,107.76099395751953,108.07909035633821,106.35761237644641,106.40439461766933,6918300
2017-04-26,108.1352310180664,108.49075178406056,107.46160671368348,107.96682494197067,4809800
2017-04-27,108.37847900390625,108.62173381185903,107.95746738142111,108.34106177619157,3910800
2017-04-28,108.1539306640625,108.43460981360492,107.8171185397985,108.40654332624413,3987600
2017-05-01,107.3399887084961,108.163303381917,107.3306308321026,108.14458762913002,4963300
2017-05-02,107.00316619873047,107.58322599564954,106.35760841135402,107.47096004164847,6604600
2017-05-03,104.4302978515625,106.74119339075568,104.0186369943612,106.68506041494365,11521200
2017-05-04,104.00927734375,104.1309083065565,102.03518683109186,103.45728405644053,10691200
2017-05-05,104.77645874023438,104.92615619019489,103.77538024201714,104.3086649160587,5871400
2017-05-08,104.2431869506836,105.15070822382907,103.85024180292004,105.15070822382907,5980100
2017-05-09,104.851318359375,104.92616709213212,103.24210629493716,104.36481587238981,9337400
2017-05-10,102.59654998779297,102.59654998779297,101.16509481955654,101.97905868330264,17061100
2017-05-11,102.52169799804688,102.92400097933599,101.51126160718574,102.67138831263699,8021300
2017-05-12,102.6246337890625,102.81174850430966,102.23168146629331,102.7275490238391,5067700
2017-05-15,102.1006851196289,102.98949773471816,102.09133438178354,102.66204346093488,6241300
2017-05-16,101.02477264404297,102.1942573808384,100.87507517150833,102.10069289152007,10047100
2017-05-17,99.46231842041016,101.02475518358344,98.45188920731084,101.02475518358344,12763200
2017-05-18,99.80848693847656,100.39790456557787,99.15357846391956,99.15357846391956,6532200
2017-05-19,100.59439086914062,100.91249441313239,99.82720920629556,99.88334932462823,6336700
2017-05-22,100.6972885131836,101.23057314745705,100.4914652417875,100.71600426201664,5487200
2017-05-23,100.1265869140625,100.85635127514581,100.02367883974755,100.74407818775593,7542600
2017-05-24,100.77214813232422,100.88442122356588,100.04239088417225,100.24822131579819,4366700
2017-05-25,100.36048889160156,101.16509488025605,99.90205291972974,101.16509488025605,8030400
2017-05-26,101.42706298828125,101.50190457721588,100.5569661674548,100.77214733483902,6236800
2017-05-30,101.36156463623047,101.60481942880854,100.99668601634708,101.50190421417811,4813400
2017-05-31,100.98733520507812,101.65160159304547,100.7066560493883,101.41770467595975,9963600
2017-06-01,101.23992919921875,101.23992919921875,100.26691727845422,100.79085116684536,5907400
2017-06-02,100.27630615234375,101.64226355820179,100.06111780591466,101.47385745950866,10876900
2017-06-05,99.65880584716797,100.31372156715798,99.2752185742604,100.14531548349977,6372800
2017-06-06,98.70449829101562,99.35005606161828,97.87182584329469,99.33134031112601,9589500
2017-06-07,99.09744262695312,99.40618826597373,98.74192188799952,98.97581880156653,5777700
2017-06-08,97.60050964355469,99.09744855229663,97.45081932166438,99.09744855229663,11002400
2017-06-09,98.81676483154297,99.09743682862045,97.37595907171779,97.56307373643611,9392500
2017-06-12,100.14530944824219,100.29499977026829,98.81677661165159,98.81677661165159,8049500
2017-06-13,99.69622802734375,100.35114373296659,99.32199863895131,100.23887063366804,4918900
2017-06-14,99.30327606201172,100.11723991555749,98.94775531228528,100.06109980078249,4781100
2017-06-15,99.15359497070312,99.32200105476308,98.451904143448,99.11617060335999,5309900
2017-06-16,98.71385955810547,99.49974979456661,98.0215195254505,99.43425894152819,8683400
2017-06-19,98.58287811279297,99.17229579169792,98.41447204196761,98.79805928564515,5956200
2017-06-20,97.24498748779297,98.51738732645549,97.12335651891185,98.30219901548959,7895700
2017-06-21,98.04959869384766,98.31156212080735,96.87075613456095,97.66600429153664,7765700
2017-06-22,97.50695037841797,98.02151932611129,97.3853194101885,97.96538634875469,6156000
2017-06-23,97.637939453125,97.84376990292374,96.52458773174173,97.14207908113795,18147900
2017-06-26,98.76998901367188,99.0319524164846,97.8250434781254,97.86246784109397,5867000
2017-06-27,98.62030029296875,99.31263317415372,98.3676876233417,98.5454515658224,5694500
2017-06-28,99.9769058227539,100.6131057673702,97.78762681352774,99.19100841447828,7874400
2017-06-29,98.9009780883789,100.49148151226636,98.54545732062351,99.92077242589065,7268700
2017-06-30,99.40618896484375,99.69621885555631,98.70449821920955,99.40618896484375,5113800
2017-07-03,100.53824615478516,101.6235312349565,99.88333766707291,99.88333766707291,5399400
2017-07-05,98.82612609863281,100.90313193296959,98.50802970712348,100.88442331969101,8049700
2017-07-06,97.41230773925781,98.67532545343506,97.02586690422777,98.59991990818628,8690800
2017-07-07,97.38401794433594,97.77046591284191,96.81849082138812,97.5631042898453,6030900
2017-07-10,97.63851165771484,97.94013382163858,96.95988336209099,97.36517915602828,4421300
2017-07-11,97.87415313720703,98.2040505965923,97.26150286364815,97.64794369479962,4557300
2017-07-12,98.38312530517578,98.6376172085044,97.69506951839173,98.34542253464309,5203300
2017-07-13,98.29830169677734,99.28797247922657,98.06266476889871,98.44910559126411,5339500
2017-07-14,99.0523452758789,99.20315637624002,98.41141967255135,98.43026746456196,4370300
2017-07-17,98.76958465576172,99.36338717995983,98.6941791060343,99.12775023036342,3973800
2017-07-18,99.67443084716797,99.72156111406709,98.3171597004474,98.59049942811025,5740500
2017-07-19,100.68294525146484,100.73007551299752,99.95718668491223,100.03258503586892,5789400
2017-07-20,101.19192504882812,101.52181531670367,100.6169703572157,100.84317979932057,6185500
2017-07-21,100.93742370605469,101.16364031809793,100.6735115164054,100.94685119599012,4328500
2017-07-24,100.85260772705078,101.36158436729309,100.7583543916878,101.14479522399657,4615500
2017-07-25,100.3059310913086,101.55009384932134,100.09856943312835,101.41813773794641,5394700
2017-07-26,100.79606628417969,100.88089213636094,100.2022565546342,100.42847320925591,4149000
2017-07-27,103.68025207519531,103.68025207519531,101.26733214622364,101.50296908275817,10468700
2017-07-28,103.64253997802734,103.85932910420547,103.36920029331056,103.6613949582522,4864500
2017-07-31,103.6142807006836,103.8122148772053,103.05817375525386,103.69910655159187,6815300
2017-08-01,104.25520324707031,104.46256489477345,103.63311830396088,103.66140077588544,5987200
2017-08-02,102.42666625976562,103.56714821879928,101.34273486679463,103.56714821879928,8812700
2017-08-03,102.85081481933594,102.8979378929968,101.84228899731328,102.28528040685546,6895800
2017-08-04,101.50297546386719,102.26643688509306,101.15423018708708,102.01195214170747,8503800
2017-08-07,100.23994445800781,101.46525932000242,100.01373502801752,101.40870156920374,8093100
2017-08-08,100.83375549316406,100.98455938488593,100.07971446135001,100.42845969700095,9787100
2017-08-09,96.92217254638672,97.08240391436975,94.72603488732193,94.92396902266584,27877600
2017-08-10,95.5271987915039,96.91274492813969,95.40467019104439,96.61112998072062,12259900
2017-08-11,96.13043975830078,96.62056859872527,95.22559481182682,95.43295646038577,9410400
2017-08-14,95.57434844970703,96.90333710962338,95.44239233286623,96.89391680918406,9707300
2017-08-15,95.67800903320312,96.23410866632595,95.53662545477727,95.7911101430898,8868500
2017-08-16,96.328369140625,96.75251990739571,95.87595028535124,95.98905140363566,6698800
2017-08-17,95.55549621582031,96.69597822479545,95.51779343977122,96.36608792320251,6612400
2017-08-18,94.91455841064453,95.89480896313144,94.87686282764827,95.49894062205082,6893900
2017-08-21,95.3575439453125,95.59318085761646,94.75431402509977,94.85799484179896,6492700
2017-08-22,96.8656234741211,96.99758676723525,95.35754859997601,95.58376522439896,6888700
2017-08-23,95.66858673095703,97.06356042075909,95.64973894197647,96.59228659449822,5954400
2017-08-24,95.68743896484375,96.16814030345856,95.60261312388903,95.97020615016264,6976600
2017-08-25,96.52631378173828,96.79022598818725,95.72514248078754,95.84767828454477,6186900
2017-08-28,96.66768646240234,96.94102614886238,96.21526760907184,96.60170841333048,5630400
2017-08-29,96.67710876464844,97.0729770378364,95.97019805206953,96.13985691073117,6011700
2017-08-30,96.95986938476562,97.506541500401,96.59227641430945,96.59227641430945,6573200
2017-08-31,95.38582611083984,97.26150124576742,95.19731944381411,97.08241487834509,9823800
2017-09-01,95.66858673095703,96.06445501915987,95.53663063488942,95.80997031704887,7827400
2017-09-05,95.76284790039062,96.65827255825685,95.10306736602055,96.13986843048859,9346100
2017-09-06,95.66858673095703,96.17756332624691,95.09363208763332,95.91365113411169,7531000
2017-09-07,91.48368072509766,96.0079127229546,90.67308909888939,95.71572522667087,26419400
2017-09-08,91.49309539794922,91.88896366475757,90.72963414180919,90.94641606317529,13147700
2017-09-11,91.51194763183594,92.38851723153654,91.38941902646174,92.27541611613509,9610300
2017-09-12,92.26599884033203,92.7089974342102,91.54966053552758,91.98323163838934,9151700
2017-09-13,93.14254760742188,93.26507619882756,92.38850669905769,92.59586830841118,7615300
2017-09-14,92.27542877197266,93.16141879209418,91.93611099709416,93.11429571790313,9710000
2017-09-15,92.85978698730469,93.24623495751146,92.36966539621083,92.41679565294204,23870300
2017-09-18,92.46392059326172,93.04830270966602,92.10575508447259,92.73726026749594,7013600
2017-09-19,92.77497863769531,93.00118809228515,92.44508835161245,92.58647195738193,6970300
2017-09-20,93.5101547241211,93.57613277425776,92.95405504312178,93.08601114339511,6459100
2017-09-21,93.20854949951172,93.67982339007092,93.07659338544066,93.49131671027479,4958000
2017-09-22,92.9352035522461,93.30279658696345,92.86922549963191,92.88808048098933,6359100
2017-09-25,93.84947204589844,93.92487758602297,92.76554077757964,92.93519964732579,7492500
2017-09-26,92.96347045898438,94.00969890695583,92.94462267039319,93.91544558186433,6220500
2017-09-27,93.5384292602539,93.81176894895181,92.38851994609999,93.28394455205549,7596600
2017-09-28,92.41680145263672,93.35934911787088,92.3696711929478,93.0954297311082,7149600
2017-09-29,92.90693664550781,92.9257844374957,92.04922188421274,92.2660038518841,8185900
2017-10-02,94.12281799316406,94.66949740880992,93.4159071874019,93.60441385917771,6923300
2017-10-03,94.99939727783203,95.05594784686441,94.16995777072339,94.30191389251182,5447700
2017-10-04,94.7731704711914,95.1313359946497,94.44327303600815,94.95224963738656,5126100
2017-10-05,94.35846710205078,95.07480549114051,94.27363405505895,94.85801631866761,4736700
2017-10-06,94.32074737548828,94.50925403771019,93.63268439534865,94.2076390635142,4360200
2017-10-09,93.84947204589844,95.17846772408791,93.73636373571165,95.01822915355626,5429600
2017-10-10,93.85889434814453,94.32074067150961,92.99175225784789,94.24533513555312,7704400
2017-10-11,92.88806915283203,93.85889203335911,92.4167953513282,93.85889203335911,7984000
2017-10-12,91.36115264892578,92.20001956153405,91.24804433143632,91.95495513584117,11018200
2017-10-13,91.78529357910156,92.06806076904672,91.23862137151238,91.23862137151238,6858000
2017-10-16,92.49220275878906,92.62415886085671,91.936103070228,92.0303564015523,4911600
2017-10-17,92.708984375,92.81266518836968,92.23771056552606,92.74668714268603,5942500
2017-10-18,92.60530853271484,92.83151795990639,91.94552804046114,92.70898935165015,5404300
2017-10-19,93.32164764404297,93.59498733368417,92.47335329534062,92.54875883546262,5634300
2017-10-20,93.68923950195312,93.93430390877785,93.25566843822817,93.73636257064418,5938700
2017-10-23,93.02945709228516,93.48188316197817,92.96347903952454,93.4253325999172,5888200
2017-10-24,92.64301300048828,93.18026489433309,92.42622386844964,92.85979494145876,4966200
2017-10-25,92.18116760253906,92.5770359092488,91.85127015587936,92.41680452668557,5144400
2017-10-26,92.89749908447266,93.7646484343717,91.66276389763607,91.97380636473893,6167500
2017-10-27,92.66187286376953,92.70900313067877,91.32345669994882,92.27543200117638,7868700
2017-10-30,92.4073715209961,92.68071119962028,92.08690158392824,92.48277705807887,7093200
2017-10-31,92.19058227539062,92.45449446375679,91.78528650295178,92.31311807075191,5701700
2017-11-01,93.34050750732422,93.74580334907073,92.36968442364673,92.49221304889325,6920400
2017-11-02,92.69956970214844,93.4253354960821,92.388527219034,93.18969855876546,6799200
2017-11-03,92.97291564941406,93.67039901716245,92.27543228166567,92.70900341248597,5416900
2017-11-06,94.85801696777344,95.31986341011755,92.6995814846781,92.71843646905843,14728700
2017-11-07,95.77227020263672,96.9881575710199,94.95225113342906,95.47065523311231,12177500
2017-11-08,95.36698913574219,96.1398780639073,94.65065077588429,96.02676973622367,8023200
2017-11-09,96.78079223632812,97.94012900087404,95.0088052569052,95.03708053561427,13172500
2017-11-10,98.76014709472656,100.13626587713273,98.10036657955521,98.95808124927797,16701500
2017-11-13,98.7224349975586,99.09945548106926,98.0061039890627,98.1569078678264,7856000
2017-11-14,97.24264526367188,98.56221349247718,97.08241387924214,98.56221349247718,6929300
2017-11-15,97.73277282714844,97.98725754081032,96.56400850740313,96.84677569242143,5691500
2017-11-16,97.64793395996094,98.00610666505617,96.85619739493153,97.67620923855945,6410900
2017-11-17,97.49713897705078,98.01553591116986,97.05414039572116,97.28977732697577,7500800
2017-11-20,96.84678649902344,97.47829179948653,96.79965623257196,97.47829179948653,5112600
2017-11-21,97.0824203491211,97.24265174422915,96.88448618026959,97.0541450665807,5725900
2017-11-22,96.83734130859375,97.38402065881066,96.79021824182398,97.2897673342034,4140700
2017-11-24,96.74308776855469,97.00699995329441,96.56400141845229,96.99757965460206,2217600
2017-11-27,96.88447570800781,97.05413457598047,96.4980277122103,96.73366462933521,4007500
2017-11-28,97.4688491821289,97.9118405064258,96.30008499957329,96.66767798230804,8401100
2017-11-29,99.19374084472656,100.15514374777467,97.48773141484092,97.55370948143677,14503100
2017-11-30,98.79784393310547,99.63671076248009,98.46795369532913,99.30682052470375,9949000
2017-12-01,99.2031478881836,99.7686750840118,97.90243461867186,98.5716426393599,9258400
2017-12-04,103.88760375976562,106.19684263975768,100.38132533006025,100.38132533006025,17824000
2017-12-05,101.05996704101562,103.71795130673098,100.40017932660486,103.23724995911388,13055600
2017-12-06,99.40106964111328,101.78571393312947,99.30681631875022,101.01282518404437,8121700
2017-12-07,99.21257019042969,99.91005345577283,98.48680445436605,99.66498904700488,9948600
2017-12-08,99.03205108642578,99.74464857201224,98.88953013952519,99.67813976331416,6536600
2017-12-11,101.50237274169922,101.51186882089834,99.54510033828119,99.64011912159583,7434000
2017-12-12,102.07246398925781,102.45251743084712,101.27435103702861,101.79692542532847,8147000
2017-12-13,102.24348449707031,102.79456160779759,101.42637216017575,102.75655553992851,10368300
2017-12-14,105.05587768554688,105.9775049793723,101.85393685781753,101.93945233040883,27571300
2017-12-15,105.72095489501953,106.4145529385169,105.0843695770022,106.39555352930098,19978600
2017-12-18,105.49292755126953,106.4050514365347,104.80883282509159,106.26253049376159,12270000
2017-12-19,106.2340316772461,106.78510881022639,105.24589561949689,105.77797334223355,10546600
2017-12-20,104.21975708007812,106.69959684245755,104.21975708007812,106.05350818312276,8661100
2017-12-21,104.1057357788086,105.54993007787294,103.74468901627152,104.24825671759714,9372800
2017-12-22,103.25061798095703,104.21975457108631,103.04158823606969,104.02972423531777,7378400
2017-12-26,102.7280502319336,103.91571263970187,102.50951715938118,103.07959366532673,3982400
2017-12-27,102.27198791503906,103.13660965474192,102.10096423295039,103.01308812111792,5624000
2017-12-28,102.3955078125,102.6615503039336,101.72091637642738,102.61404090394842,3477700
2017-12-29,102.14846801757812,102.93707032879031,102.14846801757812,102.66153903565244,4538400
2018-01-02,106.22454071044922,106.23403679156993,103.14611418078846,103.51666431416889,11014300
2018-01-03,106.68058776855469,107.54520948747891,105.89197818404678,106.59507955402344,9237900
2018-01-04,106.63309478759766,107.36469170972462,106.06301097938608,107.3171823094014,7417400
2018-01-05,106.05350494384766,107.06064034569866,105.69245093268141,107.06064034569866,6008300
2018-01-08,104.53329467773438,105.73046045322938,104.07723635777572,105.35991034991936,8052600
2018-01-09,104.45728302001953,105.33140078404848,104.38127088864766,104.63780277088291,5838000
2018-01-10,104.01073455810547,104.98936731990322,103.57367561831798,104.47629623869612,6060000
2018-01-11,105.45492553710938,105.54044100562709,104.04873721161326,104.75183137436132,6427000
2018-01-12,106.86112976074219,107.09866227741534,105.46443740287735,105.76847873426229,5899900
2018-01-16,105.16987609863281,107.51669800318855,105.10336729865784,107.43118254669756,8069200
2018-01-17,106.38605499267578,106.6140841581197,105.05587157123946,105.6544508488734,7030700
2018-01-18,104.9133529663086,106.40505677785977,104.70432320627064,106.16752427761966,8070900
2018-01-19,105.07485961914062,105.54992455764601,104.36226221138256,105.43591361171076,10514300
2018-01-22,105.55944061279297,105.99649953904166,104.57130455169815,104.77083098005625,8073600
2018-01-23,104.90384674072266,105.59743751495628,104.40977512860945,104.77082188444915,7477300
2018-01-24,104.98936462402344,105.87298581081578,104.78983819460795,105.4264235525883,7211800
2018-01-25,105.03685760498047,106.24351932252122,104.6283014803488,105.08435974803527,6291000
2018-01-26,106.59508514404297,106.91812585887887,105.15088351006133,105.28390112780747,7743800
2018-01-29,105.97747802734375,106.84209236991529,105.69243618975332,106.50954839200315,6847800
2018-01-30,104.61881256103516,106.8136104927341,104.60930923154915,105.86348051379375,8393900
2018-01-31,103.25061798095703,104.62831073184356,103.0605948941046,104.59030466468984,9841400
2018-02-01,104.97986602783203,105.13189031362228,102.0059616140005,103.2031274933894,9518900
2018-02-02,103.27913665771484,105.0653858450227,103.04160413803389,104.46679925611966,9947700
2018-02-05,99.47860717773438,103.21261833305678,98.82302241307846,101.758920606367,15107900
2018-02-06,100.87528991699219,100.90379265421474,96.68522082021211,97.74936167073868,17765100
2018-02-07,99.5356216430664,102.64254357893176,99.20307759013231,102.45252047694561,12445000
2018-02-08,96.29566955566406,100.54275161726028,96.14365253219603,100.21020758256493,12667500
2018-02-09,97.94889068603516,98.57597991727779,95.26002850204611,97.435826904548,12479700
2018-02-12,98.23394775390625,99.42161034620023,97.0082790887888,98.74701886364731,9584700
2018-02-13,98.92752838134766,99.10804813415005,97.2933037838781,97.52133293152718,8447900
2018-02-14,99.38359069824219,99.53561496877057,97.56884627453589,98.32894588042919,7425700
2018-02-15,99.93466186523438,100.30521194147587,98.74699950576397,100.10568553495474,6494700
2018-02-16,101.21734619140625,101.99645248952817,99.94417549036753,99.94417549036753,8746400
2018-02-20,100.69477844238281,102.20548163068973,100.25771227265587,101.06532855456815,6734500
2018-02-21,99.81116485595703,101.57840733248044,99.7826548653085,100.71378550573407,6743300
2018-02-22,99.99168395996094,100.72328815439849,99.69714596550573,100.05819277319007,4462200
2018-02-23,101.90144348144531,102.00595836236525,100.17220715474714,100.4762484677188,6101100
2018-02-26,104.33377838134766,104.33377838134766,102.30050065600518,102.61404531197631,8138200
2018-02-27,99.64012145996094,102.76604958278834,99.62111480328579,102.61402532504952,14179600
2018-02-28,98.01541137695312,100.30522083970844,97.99640471812266,100.19120263347487,10760800
2018-03-01,97.454833984375,98.84202291698648,96.27667481196411,98.05341327583578,10487300
2018-03-02,97.85387420654297,98.02489787471615,96.38117724347205,96.91324765604831,7835400
2018-03-05,98.25294494628906,98.78501541670843,97.31231104461932,97.58784960934835,5736700
2018-03-06,99.7066421508789,99.71613823143333,98.34795599320114,98.81351765244393,6216200
2018-03-07,98.42395782470703,99.04154374063296,97.64485155737597,98.54747935724195,6214800
2018-03-08,98.84201049804688,99.37408091249371,98.30994008360004,98.80400443288414,6627000
2018-03-09,99.50711059570312,99.52611000474897,98.47146520426031,99.22206871760281,5618400
2018-03-12,99.92516326904297,100.65676737651779,99.49760769895123,99.49760769895123,6485300
2018-03-13,98.5569839477539,100.55225541412108,98.26243873086861,100.55225541412108,6716700
2018-03-14,98.71849822998047,99.43109565620904,98.30994208231945,99.31707745840275,6235900
2018-03-15,98.09142303466797,99.08906247353717,98.09142303466797,98.81352389281217,5174600
2018-03-16,97.7398681640625,99.07004426223921,97.71135817717351,98.39545288418786,10468000
2018-03-19,96.41919708251953,97.81588211505644,95.9631314859343,97.67336841198299,6528300
2018-03-20,96.29566955566406,97.0557764197531,95.72559303205543,96.47619656689137,8330300
2018-03-21,96.74223327636719,97.80638145260725,96.36217983850172,96.43819197585809,6136400
2018-03-22,95.58308410644531,96.57122025443147,95.40256432143781,96.23867617792584,8911600
2018-03-23,93.62580108642578,96.06763463609315,93.54028562610777,95.82059883273826,7505100
2018-03-26,95.63057708740234,95.75409136634592,94.1388734155998,94.87997358709309,7340100
2018-03-27,94.4049072265625,96.1341433506246,93.95834501476409,95.84910148171451,7193500
2018-03-28,93.62580108642578,95.08900200027271,93.25525100585136,94.53792491929481,9099700
2018-03-29,95.43106079101562,96.22916652216826,93.92985363127609,94.07237458295812,9343600
2018-04-02,93.73983001708984,95.9536274253329,92.90371097120403,95.18402443893045,8203700
2018-04-03,94.4619140625,94.528422866349,92.82768945487771,93.87283815667054,8484700
2018-04-04,95.91561889648438,96.10564924245844,92.88470917959204,93.52129452854305,8759200
2018-04-05,97.01778411865234,97.27431605355787,95.9441397260221,96.30518655079362,6612800
2018-04-06,95.34553527832031,97.09377808691666,94.49041690720884,96.5617004066051,7162400
2018-04-09,94.72795104980469,96.44769115106725,94.6139400975972,95.67808097908625,7094300
2018-04-10,96.3146743774414,96.46669139801047,95.31703504346414,95.88711155620138,8116800
2018-04-11,95.77310180664062,96.58071081391108,95.4025517062587,95.75409514825803,6305000
2018-04-12,95.38353729248047,96.44768535897904,94.70894595307253,96.3621699010429,7337800
2018-04-13,95.34553527832031,96.45718553630725,95.16501552419165,95.96312117128505,6324600
2018-04-16,95.24102020263672,95.9631209643421,94.7564591674818,95.6685830117284,10328000
2018-04-17,97.07476806640625,97.47382087612897,95.72558537701099,96.15314092329736,9577400
2018-04-18,96.16264343261719,97.58783823998535,96.15314010420502,97.54983217525232,5822100
2018-04-19,95.8586196899414,96.51421174084868,95.22203429933356,95.96313457483727,6803400
2018-04-20,95.24102020263672,96.34317437834049,94.92748284133528,96.13414463819558,6396900
2018-04-23,95.15552520751953,95.6970990417956,94.566441971551,95.53557867430835,5889800
2018-04-24,94.49992370605469,95.82060375313249,93.92984718735256,95.56407185683722,6567700
2018-04-25,96.10564422607422,96.42868492399377,94.11037281545,94.53792838597087,8977700
2018-04-26,94.86097717285156,96.32417826512332,94.76596562118026,96.18166456207473,8038400
2018-04-27,94.2813949584961,95.00348847700126,94.00585641238914,94.80396206407883,8038000
2018-04-30,95.3265380859375,96.31467408787208,95.12701166952515,95.40255022045157,8558900
2018-05-01,95.07000732421875,95.67808995609911,93.99636301300552,95.18402553604011,6716200
2018-05-02,94.6519546508789,95.69709621701,94.30040393591585,95.17452180948608,9286400
2018-05-03,93.83483123779297,94.30039286050607,92.80868920294638,94.1673752540166,10450800
2018-05-04,96.10564422607422,96.29566731321323,93.66381058686558,93.78732486861433,9980100
2018-05-07,97.36932373046875,97.55934682727403,96.64722291455904,97.24580219352049,10181100
2018-05-08,96.71372985839844,97.52133887762243,95.81110204368757,96.15314941047454,14229500
2018-05-09,94.9844970703125,97.16979171660239,94.34791171132261,97.15079230616362,18345700
2018-05-10,96.60921478271484,96.97976488781507,95.29803804535376,95.41204900143609,8927300
2018-05-11,96.97976684570312,97.11278446309551,96.21016388094488,96.80874315921058,7036000
2018-05-14,97.3313217163086,98.32895388947402,96.89426277631468,97.3313217163086,9891900
2018-05-15,97.7873764038086,98.16742984793137,97.00827010536932,97.33131806999447,5762400
2018-05-16,99.80164337158203,99.80164337158203,98.00589847997743,98.1009100181053,8111600
2018-05-17,99.13655090332031,100.219705665062,98.89901842684245,99.98217318858413,7320600
2018-05-18,98.74700164794922,99.56411394890429,98.39545097230987,99.13655114087007,5427300
2018-05-21,98.87052154541016,99.45960473157528,98.44296596199304,99.02254581883975,5848700
2018-05-22,98.88002014160156,100.22920288358377,98.80400800852527,99.19356475385428,6971600
2018-05-23,97.75888061523438,98.18643623970117,96.97977426139651,98.0534186121374,8046600
2018-05-24,97.01778411865234,97.73038168651107,96.16266558743841,97.68287228242023,7474100
2018-05-25,97.103271484375,97.86337829301324,96.88474566990963,97.1507808782583,6982700
2018-05-29,94.71845245361328,96.58070619566595,94.42390725409741,95.5355647510028,11270400
2018-05-30,94.99400329589844,95.53557712137119,94.46192555147626,95.488067720451,7216400
2018-05-31,94.50943756103516,95.14602295700242,93.88234824638057,94.78497614636062,9620000
2018-06-01,94.4049072265625,95.06049917570618,94.2528829634329,94.71845183258043,6847700
2018-06-04,95.24102020263672,95.48805600907308,94.72794918107627,94.78496190497138,6598000
2018-06-05,94.95599365234375,95.49756745744045,94.80396937425233,95.35504650895889,5974400
2018-06-06,96.82775115966797,96.85625389965885,94.78497022296085,95.07000487178632,7833000
2018-06-07,97.35981750488281,97.82537915244865,96.73272825602916,96.82774705052185,7559200
2018-06-08,98.79450988769531,98.80400596744668,96.75172915919441,96.99875771321528,7090300
2018-06-11,99.14605712890625,99.56411661937516,98.57598061848617,98.7470042965038,8175000
2018-06-12,99.1270523071289,99.97266732201079,98.7755016412561,99.50710570962897,9215300
2018-06-13,101.00830841064453,102.50001207936128,97.54983611821952,98.05340381068399,22009400
2018-06-14,103.32662963867188,104.0297237554822,101.14132790536802,101.14132790536802,18068700
2018-06-15,103.42164611816406,103.96321991285353,102.47151614510071,102.77555744652432,16169200
2018-06-18,101.72091674804688,102.11997686219681,101.18884626106926,101.66391126698977,9288600
2018-06-19,100.80878448486328,101.6543995456836,100.48574378698412,100.59025865957234,8869500
2018-06-20,101.80643463134766,102.5190321571169,100.53325661586985,101.66391367641043,18625900
2018-06-21,100.6092529296875,101.90143015303316,100.51424139098297,101.67340101035914,7707800
2018-06-22,101.03681945800781,101.47388563159306,100.53325172412684,100.78028755073665,8959100
2018-06-25,99.2410659790039,100.78978236816236,98.56647461427559,100.71377023579176,7995800
2018-06-26,99.060546875,99.48810243678395,98.72800285484404,99.25056995825598,6550000
2018-06-27,98.77550506591797,100.59975276246819,98.31944676623841,99.28857608974447,8803300
2018-06-28,99.54512023925781,99.8776715495116,98.50948198410613,98.72801508093717,6303600
2018-06-29,99.58311462402344,100.40973026426957,99.43109760621628,99.6971328240658,6774000
2018-07-02,100.07717895507812,100.1151850189916,98.71849297806241,98.95602544083499,5488900
2018-07-03,98.85151672363281,100.66626108261528,98.33844570227278,100.59975227886024,2406300
2018-07-05,100.08668518066406,100.33372099668713,99.22207069795762,99.47860259423511,6202800
2018-07-06,100.3548583984375,100.60387994709832,99.64611262921717,100.08668471858034,4134500
2018-07-09,101.54249572753906,101.5903870200334,100.32613435434718,100.57515592238417,4725200
2018-07-10,101.55207824707031,102.06927353008894,100.40276026737483,101.76278824835777,4213600
2018-07-11,103.47718811035156,104.7222813140036,100.87205968023294,100.87205968023294,11753800
2018-07-12,103.6783218383789,104.58819795242354,103.26648156095983,103.48677127979649,5931400
2018-07-13,105.35440826416016,105.5842703816338,103.1132361776259,103.43887356844814,8188800
2018-07-16,105.54597473144531,105.7854166045268,104.17636692513176,105.18202571494844,8245900
2018-07-17,105.6417465209961,107.86376658362838,105.440608937857,105.60343494835938,9075900
2018-07-18,106.01526641845703,106.36963564835135,105.0191875341564,105.65131016221784,6414100
2018-07-19,107.39446258544922,109.83677252964605,106.59952114765645,106.82938329188654,17796800
2018-07-20,106.77192687988281,107.46151335970242,106.14937652732546,107.4136293677742,11787900
2018-07-23,106.39836883544922,106.51330354526114,105.68004334029058,106.36006457269673,5447800
2018-07-24,106.02484130859375,107.16458677819776,105.87160233437294,107.11669548846226,5648800
2018-07-25,106.48458099365234,106.71444312616468,105.00003858447563,105.96738571511051,6756800
2018-07-26,108.71617889404297,109.72183027301637,106.96346281002252,107.41361465416621,9466400
2018-07-27,107.86377716064453,109.23338496117191,107.19333553453713,109.18549366388352,5717000
2018-07-30,107.87334442138672,108.55335842871959,107.31784485818136,107.46150412881208,5199300
2018-07-31,108.7640609741211,109.23337224993944,107.61474304480335,107.79672118469963,8421200
2018-08-01,108.19898986816406,109.02267045876842,107.83503356099402,108.87900388000055,6466600
2018-08-02,107.98827362060547,108.53420074263066,106.96346280181486,107.74883177222276,4027300
2018-08-03,109.27168273925781,109.28126245958364,107.65306074910349,108.41927030990007,4747500
2018-08-06,111.0435562133789,111.9055410394226,109.33873138720651,109.81761509375765,12715600
2018-08-07,111.63737487792969,112.92078709796277,111.33088957731053,111.64695459872009,15466900
2018-08-08,109.16633605957031,111.49371123176573,109.08971291062244,111.00524779120515,11722900
2018-08-09,109.33872985839844,109.95170040963832,108.04573802304098,109.23337485985545,7042000
2018-08-10,107.92121887207031,108.9939208708619,107.65304519916855,108.7832108972435,5740200
2018-08-13,107.38489532470703,108.0744817904859,107.00178686115021,107.90209065443081,6080900
2018-08-14,107.98827362060547,108.40969361205835,107.22205678290665,107.63389705441233,4326400
2018-08-15,108.08404541015625,108.34264669008711,106.76232908032817,107.4423430309257,5183200
2018-08-16,107.72967529296875,108.54377608318659,107.6530521508533,108.51504423168954,5082500
2018-08-17,107.72967529296875,108.0936242572396,107.16458875384859,107.75840714446578,4764500
2018-08-20,107.26036834716797,108.22771546057079,107.1837525091523,108.16067203531627,5167600
2018-08-21,107.64347839355469,108.22771709697157,107.26994968903378,107.50939154101823,4770400
2018-08-22,107.21248626708984,107.98827553127684,107.21248626708984,107.69136997232833,3213000
2018-08-23,107.26994323730469,107.40403008177653,106.81979141349855,107.2124795345839,4257400
2018-08-24,107.20291137695312,107.94038910108551,106.73360737068705,106.91557821799019,5049000
2018-08-27,107.58600616455078,108.12235353220785,107.3369846122022,107.739245137945,4767700
2018-08-28,107.82545471191406,108.02658498730995,107.46149842646743,107.81587499198513,3131600
2018-08-29,107.70094299316406,107.95954428747633,107.28910271204697,107.82545743382755,4001500
2018-08-30,107.19331359863281,107.67219724477451,106.877248638455,107.33698015391224,3481600
2018-08-31,107.28910064697266,107.53812221632106,106.84852852100879,107.1741732358775,4642800
2018-09-04,106.16851806640625,107.26995207143398,105.97696750343863,107.07840150846637,6391200
2018-09-05,105.22990417480469,106.13978025863861,105.067078167512,105.90991813453475,6388300
2018-09-06,105.60342407226562,105.74709062806076,104.74143204467936,105.35440252936635,5267200
2018-09-07,106.28345489501953,106.64740389474564,105.36399902161746,105.43104245070347,4754800
2018-09-10,106.00570678710938,107.18376402276847,105.70880120154378,106.73361213033927,4636500
2018-09-11,104.97130584716797,105.93865296965517,104.88511028839638,105.83329797081075,5488600
2018-09-12,104.83721160888672,105.59384868037472,104.56903792424487,104.63608134540533,5236700
2018-09-13,105.9961166381836,106.04400793116342,104.75102339974718,104.92342182441504,5119400
2018-09-14,104.64566040039062,106.55161533886738,104.28170413881463,106.23555036660976,6012400
2018-09-17,104.74144744873047,105.23948330058928,104.02312187129706,104.9521574539273,5592900
2018-09-18,104.90425872802734,105.11496871829792,103.65916553298727,104.29128819661389,4937800
2018-09-19,105.15328216552734,105.5268108614205,104.85637661422388,105.00003587634797,5964600
2018-09-20,106.90599822998047,107.22205591382303,105.29694872960327,105.9099192719198,7121800
2018-09-21,105.73751831054688,107.2507924974379,105.73751831054688,107.22205333851953,25753600
2018-09-24,108.00743103027344,108.36180761378048,106.98262016141325,107.52854731011101,9232300
2018-09-25,108.83111572265625,109.86550635098708,107.8925076877229,108.52463042246778,12169400
2018-09-26,110.3443832397461,111.40750565722983,109.19506526217823,109.19506526217823,11141500
2018-09-27,111.13932037353516,111.67566773291044,110.23901675699688,110.32521961528775,5195300
2018-09-28,112.00132751464844,112.49936337158952,110.47847347521292,110.76580663199266,7366800
2018-10-01,111.33089447021484,112.4419083007787,110.79454699735575,112.3269735678005,8643900
2018-10-02,112.69091033935547,112.72921460317916,110.43057880013764,110.67002063855321,6441700
2018-10-03,111.97258758544922,113.11232579552848,111.8097615778506,112.96865922749919,6111700
2018-10-04,111.22552490234375,112.22160386957236,110.25818509498829,112.05878516621773,6442800
2018-10-05,109.93254089355469,111.65652513471484,109.88465690791352,111.10101828954264,5835700
2018-10-08,111.12017059326172,111.25426475194517,109.3004183780205,109.98043235552802,5652300
2018-10-09,111.95343017578125,112.7962628524844,111.13932935176787,111.69483619438795,6761400
2018-10-10,108.0936279296875,112.27907404333412,107.96912079990858,111.90553803962679,9006500
2018-10-11,106.45584869384766,108.46715878605936,105.66089999272864,107.74883323118479,10045400
2018-10-12,107.85419464111328,108.4863173672386,106.53247817217064,107.24122404909474,5963900
2018-10-15,108.64913940429688,109.77930526197461,107.16459696756249,107.20290854155662,6628800
2018-10-16,111.28298950195312,111.4553879153306,109.03223040864012,109.51111407833481,7619000
2018-10-17,112.18328857421875,112.26949143660703,110.55508698033218,111.19678935968399,7120600
2018-10-18,111.2734146118164,112.18329070085102,110.69875564467954,111.81934172667422,6056300
2018-10-19,113.87855529785156,114.13714930334433,112.26950563260218,112.46105620650896,10431000
2018-10-22,113.27515411376953,114.63518945844646,112.74838639584958,114.02221886951565,8406400
2018-10-23,112.87287902832031,113.4858495384714,110.53593169856362,112.01088696492508,8607400
2018-10-24,106.89642333984375,112.11625290524312,106.55162648081414,112.11625290524312,11630500
2018-10-25,109.33872985839844,109.84634541109533,107.3848834861268,107.86376718598204,7406900
2018-10-26,108.4096908569336,109.31956693479019,107.36572062478005,108.07446643196893,7984700
2018-10-29,108.26602172851562,110.08578114835797,107.23163124053977,109.61646988738553,9234100
2018-10-30,109.91338348388672,110.03789060919873,107.66263166561819,108.60123957959945,7365400
2018-10-31,109.98042297363281,111.59904477355016,109.83675641437311,111.32129868141543,9196700
2018-11-01,111.19679260253906,111.36919102515823,110.04747465653487,110.33480048944328,6779900
2018-11-02,110.31565856933594,112.01090379270836,109.53986924932316,111.89597637177964,6377900
2018-11-05,110.5742416381836,111.31172661640927,110.25818395470068,110.85199505660239,7920800
2018-11-06,111.7810287475586,111.90553587492906,110.57423981673166,110.85199323057513,5036600
2018-11-07,112.10667419433594,112.33653631838091,110.29649443971329,111.64694263906081,8249800
2018-11-08,111.10101318359375,112.85372919702486,110.34437609625708,112.48977292551467,11074800
2018-11-09,113.01654052734375,115.12362564820006,112.23117163969535,113.20809106299085,16878200
2018-11-12,111.77145385742188,113.45712654553594,111.67567857783042,113.01655441366695,9170600
2018-11-13,111.91512298583984,112.80584699003114,111.27342056002074,112.16414456421204,4650600
2018-11-14,112.17372131347656,113.22726399950514,111.52243918457401,112.48020659136098,7109100
2018-11-15,112.16414642333984,112.47063171442194,110.81369081416874,111.57032797497453,7088700
2018-11-16,111.28298950195312,112.384416096503,111.0914316497643,111.60862688989677,7141900
2018-11-19,110.5455093383789,112.8537322335593,109.94211851906067,111.1010161729682,9714600
2018-11-20,107.14544677734375,109.75056809152174,106.81022232561176,108.72575721694558,11194600
2018-11-21,108.2564468383789,109.17590265520178,107.55728073624628,107.74883129122324,7242500
2018-11-23,107.34657287597656,108.02658685900724,107.02092815741818,107.49981186156812,3242300
2018-11-26,107.79671478271484,108.40010556369387,107.19331669455109,108.40010556369387,7002400
2018-11-27,109.08971405029297,109.28126461747812,107.66264259536209,108.81196061284449,7357500
2018-11-28,111.19679260253906,111.38835046499663,109.2333738358498,109.49196781618589,9039800
2018-11-29,111.68526458740234,112.19288017428981,110.34438867605557,110.86158398359728,10834700
2018-11-30,110.61256408691406,112.12583845722907,110.20072377871911,111.90554872193067,16857800
2018-12-03,110.85200500488281,111.98217091251547,110.05706355771991,111.72357691060675,9273300
2018-12-04,108.10319519042969,111.3787575241925,107.90206493911279,110.73705520229794,10806700
2018-12-06,109.50155639648438,109.51112880999284,106.46543527591923,107.32742015157771,10546200
2018-12-07,108.08271789550781,110.02275774852875,107.72559250454029,109.89728484223154,8305500
2018-12-10,107.9668960571289,108.38193090426041,105.7179861328148,108.09236896854414,7337500
2018-12-11,108.07306671142578,109.76216079629774,107.55185965300139,109.03826333135261,6861800
2018-12-12,108.3047103881836,110.01311250634436,108.24680094820043,109.06721659138015,7723900
2018-12-13,109.44363403320312,109.64632442099786,108.43017473036429,108.94173507731117,6661500
2018-12-14,108.2950439453125,109.95518309725882,108.15027036195137,108.45913294622989,7601900
2018-12-17,106.77005004882812,108.96104308058666,106.20058022825366,108.38192659604012,7731800
2018-12-18,105.6407470703125,107.21402197529034,105.10989344835046,107.01133160721052,6682300
2018-12-19,105.41876983642578,108.22748800680728,105.15816264053412,106.17162197768545,9416900
2018-12-20,103.27604675292969,105.4091305732281,102.43632297413357,104.96514097552432,9387300
2018-12-21,100.59278869628906,104.96512802331775,100.2453173385509,102.76448100021977,15530600
2018-12-24,96.85746765136719,100.28391818426441,96.85746765136719,99.63723829426091,7133000
2018-12-26,102.1467514038086,102.16605209447168,96.88642585236256,96.9925980606725,9422800
2018-12-27,102.81273651123047,102.8416985942915,99.22221141754073,100.77617850120164,8201400
2018-12-28,103.56559753417969,104.74313119380874,102.49422872518802,103.54628947852517,7620500
2018-12-31,105.83381652832031,105.85311722165385,103.8069049904538,105.31260944192043,7241700
2019-01-02,105.17747497558594,105.34155663071897,103.98063325010726,104.33775128023613,9723500
2019-01-03,102.62934112548828,104.86859661303596,102.2529150960544,104.704514982537,10594700
2019-01-04,105.7951889038086,106.89551232417625,103.51732457578241,104.18331251690253,10122800
2019-01-07,106.7121353149414,107.52290430012084,105.49599288297092,106.08476340677213,6714700
2019-01-08,107.54219818115234,108.64252166259838,107.30089904287267,107.90897758421121,8730700
2019-01-09,108.74870300292969,108.87418327824405,107.67733414990823,107.90898664408893,5931900
2019-01-10,108.8741683959961,108.98034060034952,107.61940999756374,108.0923542217695,6160100
2019-01-11,108.72940063476562,108.99000048187051,107.841421512355,108.27575704548508,4819100
2019-01-14,108.50738525390625,108.77763908694877,107.55184281168746,107.76418721303935,6980600
2019-01-15,107.87036895751953,109.24094629713356,106.76039144743451,108.39157598044288,9800900
2019-01-16,107.0499496459961,108.11166434599808,106.9534241028336,107.5711492869753,5899900
2019-01-17,107.14646911621094,107.38776824929428,106.3260535365006,106.86656123817043,6392000
2019-01-18,107.1754150390625,108.0344392932378,106.97272466756925,107.96687583607337,8554700
2019-01-22,106.75072479248047,107.4553214337891,105.93030929124372,106.77003284504478,6986700
2019-01-23,107.25264739990234,107.94758275690481,106.17162457145592,107.32021086643864,6845600
2019-01-24,106.70247650146484,107.2429841874642,106.10405201777631,107.13681198287648,6716800
2019-01-25,107.22367858886719,107.61941269936764,106.80865115180343,107.5904579817925,5706900
2019-01-28,106.95343017578125,107.1271658539276,106.12336053173377,106.90517476532506,6178800
2019-01-29,107.04029846191406,107.06925318008584,106.17162009743473,106.79899932532898,5253700
2019-01-30,106.29710388183594,106.73144679048308,105.16782557431216,106.46119290805339,7853800
2019-01-31,107.63871765136719,107.65802570642511,106.18127614070575,106.26814029687023,8351600
2019-02-01,107.42638397216797,108.15028141843901,107.06925858101596,108.07306392350901,6557700
2019-02-04,107.90898132324219,108.08271700337806,106.82795849530049,107.53255524359203,7037000
2019-02-05,108.73905181884766,108.81626194983274,107.57115745986131,108.1213192239077,13619800
2019-02-06,107.53254699707031,109.95518494157044,107.2043763535959,109.88762148024703,14229000
2019-02-07,107.08855438232422,107.24298936513152,105.98823090335078,107.18507992851143,8658100
2019-02-08,107.62906646728516,107.65802118479056,106.22952708898194,106.61560717140576,6395500
2019-02-11,105.63111114501953,107.91862222005646,105.44772144693583,107.8800134749933,11086400
2019-02-12,105.39946746826172,106.97274266441885,105.35121205580563,106.37431811181031,7610200
2019-02-13,106.36466217041016,106.63492340353886,105.42842765585333,105.43807431985155,6919700
2019-02-14,106.80865478515625,107.61941636030045,105.72763198776529,106.02684056470679,6324300
2019-02-15,108.67147064208984,108.71007938583952,107.1657664551771,107.52289181196291,8197300
2019-02-19,109.55945587158203,109.81040165752572,108.90312196245078,108.9803394491403,8169600
2019-02-20,109.72354125976562,110.11926800581736,109.34711520411382,109.64632377043574,7081500
2019-02-21,110.31233215332031,110.55363132925359,108.94175460134726,109.45330767610717,9480100
2019-02-22,111.2389144897461,111.74081351024952,109.98415589268843,110.64048991264895,8734700
2019-02-25,109.63668060302734,111.76977161482782,109.51120769333677,111.59603592855927,9327700
2019-02-26,109.5498046875,110.04205697308815,108.92242547863118,109.69458563783358,8956000
2019-02-27,108.85487365722656,109.55947043013366,108.54601103329084,109.16373628116229,7249500
2019-02-28,108.91278076171875,109.48225058467987,108.82591660241225,108.97069756512207,6716700
2019-03-01,110.04206085205078,110.4570956635756,109.50154577601003,109.50154577601003,6996900
2019-03-04,110.35092163085938,110.43778578436746,109.15407262529227,110.43778578436746,6015000
2019-03-05,110.03240966796875,110.5536167026914,109.80076455160273,110.25440812055757,5225100
2019-03-06,110.85282135009766,111.0458650767718,110.03240576236186,110.03240576236186,7352800
2019-03-07,110.04206085205078,110.90108519341477,109.52085383079647,110.85282242031397,6324000
2019-03-08,109.84902954101562,109.87798426260306,108.97070440944327,109.51121218271857,6549100
2019-03-11,110.75630950927734,110.99760865853503,110.06136678119671,110.07102080904939,6952700
2019-03-12,110.73699951171875,111.28716123123912,110.07101155929644,110.72734548467733,9920300
2019-03-13,110.11927795410156,110.85282944127502,109.76215992045238,110.84317541327036,17994500
2019-03-14,110.49571228027344,110.77561281982737,109.96485119381083,110.14824090801898,17409600
2019-03-15,110.95899200439453,111.46089832285097,109.72354162644807,110.51500248506159,14932700
2019-03-18,109.18304443359375,110.03241480919938,108.54601112899016,109.09617290848152,21769800
2019-03-19,106.17162322998047,109.7525016388914,105.97858686056306,109.01895018014739,45384400
2019-03-20,106.1619644165039,107.02098874025735,104.28948815319787,106.47082701196733,35588700
2019-03-21,104.8782730102539,106.31641397725636,104.59836509412243,106.26815119852584,27438900
2019-03-22,104.46322631835938,105.20642442511495,103.76828362100255,104.5597445010222,24133800
2019-03-25,104.03853607177734,105.27398646643937,103.58489251914186,104.71417070515027,18187500
2019-03-26,106.30675506591797,106.49979144424131,104.50183473674487,104.62731501013427,16693100
2019-03-27,106.4418716430664,107.22367847220484,105.9110179724146,106.60595328505704,10794800
2019-03-28,106.8569107055664,107.39741842491279,106.40326714231553,106.75073849442832,11748900
2019-03-29,107.165771484375,107.71593322186288,106.54804628312071,107.67732447630134,16358800
2019-04-01,108.5942611694336,108.9417325013987,107.50358440259564,107.70627478559778,10785100
2019-04-02,108.06340789794922,109.36642180437563,108.02479915119797,109.21199418123612,9231800
2019-04-03,108.60391998291016,109.17338981551156,108.30471138841285,108.7776556683299,10534900
2019-04-04,110.75630950927734,110.86248172405998,109.09617018416597,109.29886058587854,14378400
2019-04-05,110.99760437011719,111.12307727189189,110.33161638745958,110.96864965154344,10907900
2019-04-08,110.95899200439453,111.79871563496678,110.6501294099079,110.99760074918849,11054200
2019-04-09,112.79286193847656,113.0824238298107,111.26784972333111,111.58636633102569,17340300
2019-04-10,113.08243560791016,113.92215192528313,112.23305789892434,113.48781640690854,14091100
2019-04-11,112.54190826416016,113.75805789266781,112.27165442757284,113.63258500107078,12784500
2019-04-12,125.5334701538086,126.3442317806831,121.96224560213895,123.4583033100325,65253500
2019-04-15,127.44454956054688,128.08158283609063,125.27285726206397,126.48901437496222,32773700
2019-04-16,125.3790283203125,127.5314272714029,125.05086502177407,127.16464786260651,14564300
2019-04-17,127.1646499633789,127.75342046882713,124.78061322227961,125.29216623366713,14253700
2019-04-18,127.84028625488281,128.24566705806603,126.54692635028897,127.1839596386046,11890600
2019-04-22,127.09708404541016,127.59899041233764,126.46971213254953,127.30942848035134,10197500
2019-04-23,128.71861267089844,129.567990348919,128.03331663927173,128.74756738921909,12159300
2019-04-24,130.39805603027344,131.02542787856308,128.10088359474065,128.47730964926046,11449500
2019-04-25,132.4635772705078,134.04649899288492,130.14709675852384,130.64900307861325,16382500
2019-04-26,135.05030822753906,135.16612710814258,132.7241808572086,133.8727671822984,14167600
2019-04-29,134.4518585205078,137.4150037451843,132.8206742838008,137.24127546629921,25746100
2019-04-30,132.20297241210938,134.53874629190165,131.29568530017963,134.27813910006998,15253100
2019-05-01,131.6334991455078,133.36119434469109,131.49837222896682,132.70486781512898,8906700
2019-05-02,129.47145080566406,130.96750824399277,127.77271036100268,130.66829970187283,16580400
2019-05-03,129.65484619140625,130.60073462727567,129.12398517667813,130.5138704778828,8874400
2019-05-06,130.30152893066406,130.62004554648883,127.69550129759676,127.927139034393,9955600
2019-05-07,128.7958221435547,131.23776808809865,128.13948087111217,130.6393509764217,10972700
2019-05-08,130.29190063476562,130.97718200636507,128.6703626099543,128.85375232925705,15423500
2019-05-09,128.9405975341797,131.73001484378247,128.21670015562123,130.33048285744874,15297100
2019-05-10,129.3749542236328,129.64522283877673,126.6627539571382,128.3808028389974,9858500
2019-05-13,126.76890563964844,128.04297209764525,126.00640687965087,126.92334061535652,11389900
2019-05-14,128.5641632080078,129.97335649439614,127.454193190116,128.87303313894785,12001700
2019-05-15,129.99267578125,130.5042435475052,127.44455725300347,127.9368169627865,9734100
2019-05-16,130.78414916992188,131.65282028438557,130.11816110922456,130.58145138842303,9689400
2019-05-17,130.3401641845703,131.24745149676073,129.3653207575007,129.5873118888663,8964200
2019-05-20,129.2494659423828,129.72240279831593,128.61243272219934,129.5776292154241,8009000
2019-05-21,129.4232177734375,129.88652277838835,128.47732916186115,129.88652277838835,7050300
2019-05-22,129.1915740966797,129.5004293581381,128.74757716915184,129.16261937615957,5093700
2019-05-23,128.1105499267578,128.90201826572527,127.35769770213298,128.0912565973189,6743300
2019-05-24,128.16845703125,128.6510553575978,127.6183025976342,128.46768036488064,4570100
2019-05-28,128.00437927246094,129.37495679377105,127.97542455021535,128.57385650799998,8938400
2019-05-29,126.99090576171875,127.55070675010168,126.22839230808715,127.36733179334409,7749600
2019-05-30,127.59896087646484,128.06225102376422,126.76889138503401,127.29010568750802,5274000
2019-05-31,127.44454956054688,128.30357392505977,126.2284071753796,126.40215021767834,7420700
2019-06-03,127.85960388183594,128.32289415905024,126.91371527026813,127.42526832646425,7901400
2019-06-04,130.1278076171875,130.18571705449685,128.29392531191706,128.8054783117907,8247500
2019-06-05,131.2088165283203,131.26672596274943,130.24362001388832,130.69726355388977,6842800
2019-06-06,132.43463134765625,132.65662244085465,131.00612978236163,131.75898194862685,6027300
2019-06-07,133.2357177734375,133.93066042849316,132.55043650908493,132.81104368666323,7026300
2019-06-10,132.29949951171875,134.046502928396,131.33430295198715,134.046502928396,8479500
2019-06-11,130.37875366210938,132.95582672124797,130.24362673222785,132.80139173631744,6352200
2019-06-12,130.99647521972656,131.53698292417423,130.12780422725433,130.3883966883578,5537000
2019-06-13,136.8069610595703,136.9131332666655,132.8206946895862,133.14885797416036,17939500
2019-06-14,136.7200927734375,137.9748513015033,135.63907729214088,137.10618025085154,11125200
2019-06-17,136.06375122070312,136.55599613168536,134.26848514901593,135.90931624668644,8542700
2019-06-18,134.3939971923828,138.51537660114113,134.1333899530587,137.04828818418542,11231400
2019-06-19,136.01547241210938,136.16026070607597,133.7569164124192,134.65454197855453,6877100
2019-06-20,137.0772247314453,137.27990776914052,135.04065932412593,137.03860862006348,8485800
2019-06-21,135.3495330810547,137.05793541385182,135.1275419573187,137.00967263189185,14150000
2019-06-24,134.3746795654297,135.58117538488102,133.00410208186085,135.2433506643418,10497400
2019-06-25,135.06961059570312,135.52325416260572,133.8438068259197,134.18163151709598,14675400
2019-06-26,135.5135955810547,135.84177361530226,134.654571203567,135.47499419758915,8842100
2019-06-27,134.4518585205078,136.80694004135856,134.0850791836687,136.09268941902135,6466300
2019-06-28,134.78004455566406,135.33021365399588,133.78589329547577,134.55805347473583,20078800
2019-07-01,136.7200927734375,137.0096546995652,134.374672100039,135.56185979665807,8972400
2019-07-02,137.56944274902344,137.88795933074775,136.35330057785387,136.4787660959428,7554100
2019-07-03,138.00379943847656,138.0231074933591,137.0579109374615,137.7335455810437,4150900
2019-07-05,138.3437042236328,138.77102306473955,136.64415008128123,137.34339639964932,5596000
2019-07-08,136.95494079589844,138.13005285853598,136.90637913949774,138.08149120213528,4993900
2019-07-09,137.52792358398438,137.63475329565316,135.721539707817,136.0226012173555,7396300
2019-07-10,139.4022979736328,140.09183797725044,137.9164030613649,138.295160297454,9533700
2019-07-11,139.42172241210938,141.15041076486398,139.40229478484875,139.85874770237876,10471100
2019-07-12,140.70367431640625,141.23780808705644,139.8490365730665,139.99470672525527,8510000
2019-07-15,140.87847900390625,141.16983412826505,139.8199030437086,140.94646828779608,5289200
2019-07-16,140.14036560058594,140.81047781374565,139.66448516048868,140.57739079471008,5854700
2019-07-17,138.46026611328125,140.50942875804492,138.26601948363444,140.4317478889109,5296400
2019-07-18,137.54736328125,138.35343939114384,136.12944287637876,138.35343939114384,8031700
2019-07-19,135.8186798095703,138.1397849056077,135.71185008469251,138.1397849056077,6109900
2019-07-22,136.7801055908203,137.36281576071488,135.9740296106714,137.1782903796171,7706400
2019-07-23,137.18801879882812,138.43112019642984,136.22656612881886,137.566776024364,7514500
2019-07-24,137.21714782714844,137.50850294823107,136.3528036865967,137.3239775442475,5896600
2019-07-25,139.08180236816406,139.1012151739647,136.97434224287107,137.32396539344722,7294400
2019-07-26,140.4803009033203,141.00474311612314,138.92643153039387,139.59654390289865,8139400
2019-07-29,142.17013549804688,142.90822226944607,140.98530224728992,141.39319347508447,11674100
2019-07-30,140.75222778320312,142.56833307332911,140.44145983758588,141.55830390746286,6563100
2019-07-31,138.8875732421875,140.82021462601028,138.23688851149845,140.81050822188809,9710700
2019-08-01,137.76101684570312,140.36375565619875,137.18801301058141,139.20805640118877,8911700
2019-08-02,137.62506103515625,138.12035439346235,135.90607906854197,136.9258146358195,6539100
2019-08-05,134.3133544921875,136.187713022263,133.0799594792474,135.12913701867825,10669700
2019-08-06,137.78042602539062,137.8581217097841,134.38131763259386,136.3625205372856,18818900
2019-08-07,130.97250366210938,131.953383898255,128.44744576967994,131.04047812454687,29084500
2019-08-08,133.91514587402344,134.0219755777486,132.08933450815138,133.9248522765675,14054800
2019-08-09,134.52700805664062,135.22625442561852,132.8177325685004,133.14794294530566,8811900
2019-08-12,131.83685302734375,133.60439658617776,131.33183846497155,133.35188189552304,7918900
2019-08-13,133.06051635742188,133.9442880676775,131.10846236371248,131.10846236371248,8145400
2019-08-14,129.02044677734375,131.25413468850607,128.85533418873501,131.16673260202123,11797700
2019-08-15,129.56430053710938,130.40921700315332,128.6513947918068,129.6517026227823,7590100
2019-08-16,131.30271911621094,131.5940742739632,129.97221550583353,130.15674093304128,6353800
2019-08-19,131.39010620117188,133.6529430939473,130.40922592841503,132.84686700449996,11741800
2019-08-20,131.2347412109375,132.11849824712098,129.41863583918177,129.48662512908587,8628000
2019-08-21,131.8465576171875,132.13791273835264,130.18585861873913,130.72971360814765,6325000
2019-08-22,132.1573486328125,132.73033768829103,130.80741747859904,132.27388476099443,6967100
2019-08-23,127.87445831298828,132.50696170004645,127.2432012417074,131.60376231891357,10190900
2019-08-26,130.72972106933594,130.7588551012215,128.7291051788568,130.3218298039998,8093800
2019-08-27,130.61317443847656,132.06993519136145,130.32181932411225,131.85627576209006,6013600
2019-08-28,132.61378479003906,132.7885889602066,129.67112937406333,130.19555670350206,5950500
2019-08-29,133.86660766601562,134.68239019062952,133.45871640370868,134.13853517422027,6532700
2019-08-30,133.30331420898438,134.50757508973126,132.81772729530303,134.303622065653,5622200
2019-09-03,132.3806915283203,132.48752123360745,131.16672434048238,132.43895958230686,5997400
2019-09-04,133.91514587402344,134.21620736117572,132.45838526991747,132.79830200511628,4285400
2019-09-05,134.83778381347656,135.2553963059068,134.33278404352384,134.9154795055319,5143500
2019-09-06,135.52732849121094,135.77982838489274,134.26479938492483,135.11943720806102,4090000
2019-09-09,134.8280792236328,136.0420466428268,134.4881624186832,135.5564596751492,5458700
2019-09-10,131.8756866455078,134.44930616275875,130.70057462059307,134.1385234269204,10974600
2019-09-11,132.26417541503906,132.31273707368084,131.04048682059184,131.65233111781546,7896400
2019-09-12,133.53640747070312,134.67267912327227,132.6040740327571,132.8954291582988,7333900
2019-09-13,134.04139709472656,134.2356288693043,133.15762547862326,133.8762993453888,5209100
2019-09-16,131.8854217529297,133.28391457356483,131.39983479126127,132.36128749124438,6329300
2019-09-17,132.3806915283203,132.7885827251616,131.7591409209047,131.88539825049918,4726500
2019-09-18,132.85658264160156,133.11880372447845,131.80771312903065,132.47782544141788,6857900
2019-09-19,129.4574737548828,133.40043711087358,129.1661186437787,133.05081394133597,12216100
2019-09-20,128.45718383789062,129.38950254088056,127.81620546774842,129.1952707126692,25231600
2019-09-23,128.64169311523438,129.0592907525283,128.088116914427,128.1852402258118,6096100
2019-09-24,128.16580200195312,130.282953680861,127.70934915027381,130.1469899475269,11904000
2019-09-25,129.25352478027344,129.57401393063355,127.4374344138364,127.99099580523153,6523000
2019-09-26,127.48599243164062,129.457474115122,125.33969175343569,129.30208274624255,11615100
2019-09-27,126.2137680053711,127.2237823525703,125.20373883923403,126.34973176016594,8401300
2019-09-30,126.56338500976562,127.08781237574549,126.07779807799508,126.59251904015689,5532500
2019-10-01,125.81558227539062,127.98129593284123,125.77672702061054,127.02954965585765,5978500
2019-10-02,125.41738891601562,125.49508460137105,123.89264628588998,124.80554465567704,8296100
2019-10-03,124.45592498779297,125.69902635063282,123.8635157463037,124.89296508259868,8498700
2019-10-04,126.51482391357422,126.67992169283555,124.90267173640528,124.98036742410541,6732900
2019-10-07,127.12663269042969,127.77733211668483,125.32024899737064,126.51480333010639,5784100
2019-10-08,124.7667007446289,126.29143592278457,124.66957743590771,126.1554721819367,6526000
2019-10-09,125.60191345214844,126.10692799401556,124.36851853638964,125.37854762012392,5004600
2019-10-10,125.61161804199219,126.38856006004598,125.16488638439334,125.49508192591186,4512000
2019-10-11,126.27201843261719,127.21405818031337,126.09719944719055,126.54394590422683,6559000
2019-10-14,125.96125793457031,126.54396823021825,125.74759848076195,126.37887043753696,3710300
2019-10-15,126.0195083618164,127.11693951014296,125.6698851971509,126.26230181453033,5914700
2019-10-16,127.08782196044922,128.02986186464577,125.96125663723339,126.01952470241037,7610800
2019-10-17,128.5542755126953,129.59343862693765,126.74789159083122,128.7096668824966,8005100
2019-10-18,127.11692810058594,129.3214966026564,127.11692810058594,128.55426106234034,8694000
2019-10-21,126.5051040649414,127.93273085169733,126.27203181824646,127.65109694729516,6257100
2019-10-22,128.58343505859375,129.82653662581495,128.29209470607285,129.3118155777752,9291600
2019-10-23,127.35002136230469,128.8553288525491,126.99067699007652,128.63196303447017,5970800
2019-10-24,126.5051040649414,127.90359682086047,125.89327459842983,127.72879263583926,5746300
2019-10-25,127.12663269042969,127.96184267364914,126.28171630492837,126.73816913406776,6696000
2019-10-28,126.7673110961914,128.27263340447135,126.38855391839904,127.6607891869084,8940300
2019-10-29,125.74757385253906,127.00039629712977,125.70873342260751,126.73817523355152,9305100
2019-10-30,125.86414337158203,126.55366854199887,125.42710326141797,125.95154546603976,10880000
2019-10-31,126.1749038696289,126.39826970415524,125.03863225190344,125.79614666372042,9628300
2019-11-01,128.92332458496094,128.97188623974068,126.74788989368194,127.21406399684373,8507600
2019-11-04,129.0884246826172,130.27325794970213,128.65139941959592,130.2538303236528,7631800
2019-11-05,127.66080474853516,128.94276139513804,127.11694974171122,128.94276139513804,7404500
2019-11-06,127.48599243164062,127.86474963144896,126.89357580435717,127.8064815728533,9132500
2019-11-07,129.12728881835938,129.8459480233227,127.95216187398486,128.53487214406007,18047600
2019-11-08,133.98313903808594,136.20712043791707,132.79830586016996,136.17798641050402,24175900
2019-11-11,132.79833984375,134.56586884117968,132.28361880248633,133.53642675865237,10138400
2019-11-12,134.58529663085938,135.32338354663986,132.79834000174486,134.0511479594014,17284000
2019-11-13,144.43296813964844,145.59837373116622,132.89541870006934,134.58526644007858,45725400
2019-11-14,142.90821838378906,146.28791386894156,142.063301921969,143.73372203929188,28393600
2019-11-15,140.49972534179688,142.95679410591742,140.05299364955908,142.89852604335923,13733400
2019-11-18,143.39381408691406,144.74374515565432,139.54797391103605,140.5774158286303,15353100
2019-11-19,144.102783203125,145.17106556602317,142.56832671418746,143.90853657447335,11504300
2019-11-20,142.69456481933594,144.69519537233228,141.82051429323076,143.82113002729037,9448400
2019-11-21,142.66543579101562,143.21901201084205,142.04388510603385,142.91795048171704,6241400
2019-11-22,144.01536560058594,145.1322244342171,142.451775088652,142.96651086938067,9639400
2019-11-25,145.37501525878906,145.88002980759458,143.44237397202684,144.5106711293199,11316800
2019-11-26,147.26881408691406,148.98779609155187,146.2685061249742,147.37564381192405,24949900
2019-11-27,147.11341857910156,148.1720093950588,146.7929294130526,147.90978829212096,6155400
2019-11-29,147.21054077148438,148.07488494521294,146.65696453828528,147.11341745441652,6284900
2019-12-02,146.27818298339844,148.56044718447419,144.80200957825616,148.53131315798686,10351000
2019-12-03,144.29701232910156,144.8117332837935,142.63629852621503,143.48122985211097,9273800
2019-12-04,144.00564575195312,145.0253811765195,143.90852244716177,144.99624714886923,7684800
2019-12-05,143.1898651123047,144.5397960795742,142.859669582224,144.40383234254475,7363300
2019-12-06,143.40353393554688,144.3261461272522,142.93735981892652,144.1221930988637,7084900
2019-12-09,141.99534606933594,144.22903424128833,141.20868274231782,143.69490043778376,11515000
2019-12-10,141.8885040283203,142.61688440871427,140.8687685319814,141.0727067398871,7084100
2019-12-11,143.33555603027344,143.62691117155305,142.52947989427298,143.14132420906637,8253700
2019-12-12,143.50067138671875,144.63694323976839,143.0053779591658,143.65606279028276,7748300
2019-12-13,143.01214599609375,144.39947335418455,142.9437493753942,144.03797604482463,9350100
2019-12-16,145.04429626464844,145.229912295605,143.1782372285102,144.19430275111134,9134400
2019-12-17,144.33108520507812,145.044300401149,144.22361544318534,144.69258253565636,8776100
2019-12-18,142.8948974609375,144.54601693750902,142.82651574763048,144.37016546810204,9467800
2019-12-19,142.7874298095703,143.42248379869275,141.9765392561694,142.81673838823684,10243900
2019-12-20,143.50067138671875,144.47766394265724,142.41620905331808,143.76444864326135,12629900
2019-12-23,141.3512420654297,142.96328834220748,141.0093036971821,142.55295335567854,9314000
2019-12-24,141.94723510742188,142.08401346240592,141.12656497751752,141.25357877418935,3508500
2019-12-26,142.34779357910156,142.5041159452162,141.82998878560298,142.05469286956694,4422000
2019-12-27,142.39663696289062,143.13914579228143,142.10353627233204,142.68973765344924,5495300
2019-12-30,140.4622039794922,142.51387911075287,140.1007066479177,142.3966447911726,6602800
2019-12-31,141.30242919921875,141.4392075520907,139.9639393449836,140.36450984543802,5662900
2020-01-02,144.79025268554688,144.79025268554688,141.76158556696657,141.94720157738908,9502100
2020-01-03,143.12939453125,144.4971780039548,142.68975090843216,143.03168932274747,7320200
2020-01-06,142.29893493652344,142.67019681335762,140.98976871825226,142.1914651778462,8262500
2020-01-07,142.34779357910156,143.49087292933734,142.0742368922616,142.6311297311495,6906500
2020-01-08,142.05470275878906,142.7679180134425,141.4880602306887,142.14264341317644,6984200
2020-01-09,141.497802734375,143.25639193218504,141.282863226436,143.100069579553,6664200
2020-01-10,141.29263305664062,142.152391120486,140.94091520395122,141.95699562626314,5152500
2020-01-13,140.56967163085938,141.41965025049527,140.06163140743837,141.41965025049527,9921300
2020-01-14,141.85928344726562,143.3443159642081,139.016232186852,140.11047373457168,14839100
2020-01-15,140.9995574951172,142.35757640387885,140.61851612832484,142.35757640387885,6818200
2020-01-16,141.7811279296875,142.08399317907907,141.1167802739538,141.75181935121222,6948400
2020-01-17,141.00930786132812,142.28916545638006,140.69666315318588,142.19146025815556,10355300
2020-01-21,140.25701904296875,141.26331996842757,139.71967027021887,140.9213815913832,9250200
2020-01-22,140.69667053222656,141.45872341364003,140.23748291038498,141.12654957460768,7550000
2020-01-23,138.9282989501953,140.30586164002926,137.41395793774998,140.29609708402813,11082000
2020-01-24,136.8571014404297,138.97717322548772,135.9973433312001,138.14672369655264,13076300
2020-01-27,132.7732696533203,134.56116764811912,131.89398240040637,132.73419651422893,12831800
2020-01-28,135.18643188476562,135.7335452365176,132.73418635897704,133.35946089065368,10390000
2020-01-29,132.92959594726562,135.48931150335005,132.6658038005194,135.41116522286157,9382700
2020-01-30,134.6393280029297,134.6784160495017,131.72789465763216,131.9819073294629,11847300
2020-01-31,135.12782287597656,135.47954075298844,133.9065823179799,135.2157486182991,12379100
2020-02-03,138.06858825683594,138.557084510378,136.534702865007,136.57377600589243,12639900
2020-02-04,141.40011596679688,142.24033008705536,139.95417128578995,142.14263978471766,23519700
2020-02-05,138.11740112304688,143.91097340041,135.3818345212335,143.22708174995665,27824100
2020-02-06,139.41680908203125,140.63804955210463,137.97086453962615,138.6547562213231,9504600
2020-02-07,137.77548217773438,138.72316606545542,136.8961800108404,138.62546085544875,10948900
2020-02-10,139.30934143066406,139.30934143066406,137.22835777544532,137.78523568620386,8162100
2020-02-11,137.7657012939453,139.70015709656565,137.22836736760595,139.5633787485975,10790100
2020-02-12,138.5863800048828,138.94786242789434,137.6289167048029,138.08810433238457,8168200
2020-02-13,137.658203125,138.63519538254496,137.58005686318893,137.9219952086984,7543100
2020-02-14,136.32952880859375,138.0295011492904,135.9289732078275,137.85364965252316,9110500
2020-02-18,135.93873596191406,136.44677623648082,134.92267032050304,135.82150163229193,8214900
2020-02-19,138.04901123046875,138.60588907436346,136.02663006856918,136.41743592261014,7080900
2020-02-20,137.14041137695312,138.3714312786959,135.65539373875072,138.3714312786959,5981700
2020-02-21,135.77261352539062,136.66168004648856,135.39158714602274,136.64213602742086,7725800
2020-02-24,129.9497528076172,131.34685968142279,128.19117842664468,129.8422830480937,19336500
2020-02-25,125.24065399169922,130.85836010557057,125.03548648896019,130.67272917048564,21032500
2020-02-26,120.52178955078125,125.41651637159795,119.32008555436715,123.21829080707715,31195900
2020-02-27,115.32418060302734,120.07236413210151,115.20693883487802,117.05345382353349,30827500
2020-02-28,114.94316101074219,115.58797213926653,110.60531223138294,111.87540537336888,35389900
2020-03-02,117.21955871582031,117.21955871582031,113.36043402369478,116.3891091611271,21775900
2020-03-03,113.77075958251953,118.97813075286686,112.50067396180624,118.3626282373269,19529700
2020-03-04,116.43795776367188,116.49657492406433,112.82308876483005,116.22301823708526,13842100
2020-03-05,111.35759735107422,114.2690305372624,109.53061887444464,114.1713327877543,22397200
2020-03-06,112.61791229248047,113.20411370402306,107.78180282427813,108.21168187171321,22899600
2020-03-09,101.94915771484375,107.88927342777744,101.88076854347835,106.18930870108007,26233600
2020-03-10,108.89557647705078,109.01281825325047,100.07333593573011,105.61288128206716,24083700
2020-03-11,103.08247375488281,106.39447750843509,100.49344231510418,105.92551786061443,24771300
2020-03-12,89.69766235351562,97.69923182523776,89.53157544833908,95.37399279118664,40392900
2020-03-13,100.1612548828125,100.50320817673254,90.12754648353142,98.46129023947229,40960100
2020-03-16,92.82405090332031,96.01881280233026,87.92931684519043,89.68790616363846,35379500
2020-03-17,91.37809753417969,95.21767794562732,89.05285831689824,93.59587444553634,27526200
2020-03-18,86.7569351196289,87.2845044989087,77.25079501894398,85.57476766060186,43592500
2020-03-19,92.74589538574219,95.15906797693091,83.1518296377562,85.97533727702225,30866800
2020-03-20,84.00182342529297,94.75850612321351,83.86503760960598,93.78151356511171,31957800
2020-03-23,83.78687286376953,85.27189807731436,79.22431255183055,82.54608830380536,32246600
2020-03-24,95.86250305175781,96.88834066450836,89.68791099027013,90.20571580249577,32538100
2020-03-25,98.41244506835938,103.48303041850883,93.3125436857605,98.34405590036461,28533000
2020-03-26,102.93592071533203,105.25139540595498,98.48083771956185,98.51014629918761,24520300
2020-03-27,94.18207550048828,99.15496358974553,93.34186138085622,98.13889052754254,30591500
2020-03-30,97.50384521484375,98.14865632755348,89.9809992074933,93.79127108613983,23119200
2020-03-31,94.3774642944336,100.78653950333769,93.94759270730829,97.91417946376998,21563200
2020-04-01,92.73611450195312,95.15905887311163,90.43041189925496,91.34878711754364,18303900
2020-04-02,94.73895263671875,95.02228132244515,92.03267955980188,92.03267955980188,13936500
2020-04-03,91.72005462646484,94.6901127665818,90.57697517282095,94.09414673611214,14814600
2020-04-06,97.28890991210938,97.88487590262532,92.34532304891376,95.02228772737784,20407400
2020-04-07,98.91070556640625,103.45372158294593,97.94348520606563,102.44742063329677,22899600
2020-04-08,98.74462127685547,99.99517035252723,96.38030146479728,98.21704448795762,22562500
2020-04-09,102.095703125,105.5054044245818,101.1480193292125,105.43701525652808,31453600
2020-04-13,101.11871337890625,102.45719565001681,97.31821354000789,102.3008732881964,17306000
2020-04-14,103.59050750732422,105.16346593638708,101.50951628775385,103.07270270530864,19866900
2020-04-15,100.99169921875,102.46695226126172,100.33710869671393,101.988228109566,14157600
2020-04-16,99.67276763916016,101.33365929597055,98.56876884109244,101.14802834305632,18029300
2020-04-17,104.17669677734375,104.3330191389698,101.94915530119586,103.76636175886608,17926900
2020-04-20,99.9072494506836,102.44742831533259,99.65322932806046,101.19687917912759,17021000
2020-04-21,98.22682189941406,99.17450576932245,96.84925896591155,97.70901709309979,16101400
2020-04-22,98.66646575927734,100.26873278617897,98.56876800473181,99.45783471497622,11463800
2020-04-23,98.67623901367188,100.17103629324143,97.17166972236643,98.33429314152541,17132200
2020-04-24,98.86185455322266,99.5750547676631,97.2302717253231,99.43827644013042,13614100
2020-04-27,103.61981201171875,104.06922762322003,99.27219879425819,99.65322523561494,15518300
2020-04-28,103.76636505126953,107.52778441438187,103.54166096662803,106.2870073085135,16503700
2020-04-29,109.66739654541016,110.10704014244446,106.06229221583126,107.41054649394263,20139800
2020-04-30,105.66173553466797,107.77203536217223,104.40141437282949,106.92205669650646,18638700
2020-05-01,103.07269287109375,104.45025566172613,102.06639194373764,103.91290688796313,13209100
2020-05-04,100.80606842041016,101.44111492261328,98.23658128831676,99.66298918876046,19514800
2020-05-05,98.73485565185547,102.76006727164769,98.57854073421646,99.17450673130334,30169800
2020-05-06,98.55899047851562,102.84798651167512,96.58546911321969,99.14519188071128,51992400
2020-05-07,103.14108276367188,103.18016335238984,99.4871334379344,99.5066700053633,20868800
2020-05-08,106.64849853515625,106.66803510429541,104.17670139591779,106.54102877023888,24079700
2020-05-11,105.29047393798828,106.3065469889552,103.9617710524202,105.9059839571105,20555900
2020-05-12,102.1543197631836,106.92204729651073,102.08593059547736,106.5507854256538,17049700
2020-05-13,100.55204772949219,102.13477797040056,99.26241816596458,102.09569738315915,21085800
2020-05-14,103.47327423095703,103.48303878870303,97.36707140231103,99.63369359414999,22002200
2020-05-15,106.54102325439453,106.86342507859442,101.8709933626683,102.56466451989877,29766000
2020-05-18,114.16156768798828,117.02415589965379,111.8363283119392,111.8363283119392,40044600
2020-05-19,111.7386245727539,113.79030714220444,110.81047731128923,112.45182485762177,20332600
2020-05-20,117.16092681884766,118.08907407116214,113.37019899024473,113.74145341885425,25749900
2020-05-21,115.1190185546875,117.5321910229687,113.81961684809599,116.59427174104627,17578300
2020-05-22,115.30464172363281,115.84199053428935,114.14202581654234,114.79660894671623,9288200
2020-05-26,118.16722869873047,119.69134192296727,117.65919592655855,118.26493390256323,16466400
2020-05-27,118.73388671875,120.93211964724976,116.95576082585127,120.83442189675522,19345400
2020-05-28,114.0638656616211,119.17353932599026,113.3311213425957,118.8022774338799,18606000
2020-05-29,114.60121154785156,115.04085514648503,111.49437541644176,113.51674938710453,17745100
2020-06-01,116.03738403320312,116.89714211541377,114.23972159559989,114.56213087642888,10538300
2020-06-02,116.01786041259766,117.09255068143683,115.11902909348572,116.26210853978208,10753100
2020-06-03,119.36892700195312,119.632711659806,116.57472825232246,117.22931134546792,12584300
2020-06-04,120.84419250488281,121.63555396471912,119.04652261044096,119.14422035980117,14195100
2020-06-05,121.94818878173828,124.87916592674452,121.42061200117392,123.40390534334382,16581600
2020-06-08,124.3515853881836,124.50790774237937,121.08843450987777,122.22174176235676,13858100
2020-06-09,121.03959655761719,122.89588374208911,120.6683421022672,122.73956136897691,10882800
2020-06-10,119.36892700195312,121.24475054672527,118.14768655032644,121.16658936889472,11497100
2020-06-11,110.04842376708984,115.28510364773655,109.66739732591888,114.8943051954467,26078800
2020-06-12,112.83285522460938,114.30811590153067,110.29267636201419,112.52021794081091,18361900
2020-06-15,114.38627624511719,115.4023492734585,109.13982417814563,109.50131406301134,14156400
2020-06-16,115.7149887084961,118.7045832343479,113.37997733830215,118.45056310906988,12951200
2020-06-17,114.94316101074219,116.48681084082092,114.44489278379561,115.91038143045905,8921600
2020-06-18,115.6465835571289,115.80289845226142,113.26271991201436,114.19085963411199,9577300
2020-06-19,111.71907806396484,117.3563283162275,111.71907806396484,117.21954997823232,23496300
2020-06-22,113.2529525756836,113.51674468702993,110.50760642947859,111.56275996714363,12868000
2020-06-23,113.90753936767578,114.74775342082616,113.3018088553072,114.26902923598573,10187600
2020-06-24,109.49153900146484,113.33111946779543,107.4984735922231,113.18456911564256,22252500
2020-06-25,108.7978744506836,108.94442480171212,106.00367558548545,106.4823997752422,17240400
2020-06-26,106.5898666381836,108.64154913522829,105.53471308409424,108.39730104144058,15270900
2020-06-29,108.95419311523438,109.00304571854828,105.61288077511978,106.49217545774486,12584300
2020-06-30,108.94441223144531,109.47198896195866,107.4007626259277,108.9346402214748,10565900
2020-07-01,110.409912109375,112.94031882227274,109.70647639577643,110.22428116999193,11930900
2020-07-02,109.59900665283203,112.45182264386327,109.42314772440625,112.3541248955957,10312000
2020-07-06,111.79724884033203,111.89494659673467,110.30245155117463,111.21105484805516,11933400
2020-07-07,111.01564025878906,112.4322836668278,110.01911132163443,111.01564025878906,10836500
2020-07-08,113.97593688964844,114.43511705611475,110.21451018894295,110.86910076146222,13629500
2020-07-09,114.12248229980469,115.1385553120014,112.72538283976681,113.82938904585181,13582900
2020-07-10,116.59426879882812,116.69197400138076,113.53628528698566,114.14202325505401,14207900
2020-07-13,113.54605865478516,117.36609508747735,113.223649371774,117.18047159890226,15620200
2020-07-14,115.92992401123047,116.34025903826564,111.9047125617399,112.57883971605527,12425100
2020-07-15,118.1183853149414,119.28100122853917,116.94598993618165,118.83158560886582,15314200
2020-07-16,116.68220520019531,117.22931857101068,114.89430727988858,115.01154905386072,10210100
2020-07-17,115.92015075683594,116.80920997254458,114.36672895134643,116.16439885895575,9843500
2020-07-20,115.07994079589844,115.76383252469459,114.13225693323747,115.33396091824878,8947900
2020-07-21,115.8908462524414,117.62011959656007,114.9529344017834,115.33396085818006,8946300
2020-07-22,116.2914047241211,116.55519684751863,115.21671456985906,115.4707346821299,7063300
2020-07-23,115.40235137939453,116.60404792395988,114.31788915886821,116.12532370845845,7255800
2020-07-24,114.9040756225586,115.49026956598216,112.87192966175385,113.0380165791828,8233300
2020-07-27,113.63397979736328,114.71844192082096,113.01847728966847,114.50350240750716,9413000
2020-07-28,113.50697326660156,114.15178435150986,112.0414847190661,112.80353757116691,6821100
2020-07-29,112.9500961303711,114.02478631927603,112.46159991233606,113.5460621126827,9496500
2020-07-30,112.99894714355469,113.61444968622739,110.76163360197523,112.26620282681358,9713500
2020-07-31,114.2494888305664,114.35695858635005,111.49437067672976,112.56906078070601,9601000
2020-08-03,113.67305755615234,114.42534583401942,112.6960652136777,113.49719863635251,10229200
2020-08-04,114.59144592285156,115.62705553974833,113.09664865956144,113.29204416898543,17293900
2020-08-05,124.67400360107422,127.31188015963549,120.44362462375621,120.53155781776726,53000200
2020-08-06,127.81014251708984,128.6015039114199,122.72000596814406,124.03894410998079,27238000
2020-08-07,126.94062042236328,128.9043847653671,125.69985075860001,127.22395657795002,16088600
2020-08-10,125.82685089111328,128.29865550108323,125.53376508272154,126.76477020113191,8529200
2020-08-11,127.48773193359375,129.70549374434304,127.00900033478361,127.52680506660785,13885700
2020-08-12,128.75782775878906,129.9399951765598,127.48774950654887,127.66360099093106,12204200
2020-08-13,127.9469223022461,129.3049410468243,127.44864667220294,127.63427760043707,6468600
2020-08-14,127.52680969238281,128.06415846406512,126.75499229867194,127.01876949845406,6507600
2020-08-17,126.39350891113281,127.14579727432509,125.58260338597886,127.10672413559122,7492200
2020-08-18,125.95386505126953,126.60844820481059,125.40675166369621,126.46190530018264,6714600
2020-08-19,124.83031463623047,127.22395046875668,124.49814080082984,126.27626665597425,7624200
2020-08-20,125.1722640991211,125.49467338669707,123.61884972893603,123.88264185653841,4918100
2020-08-21,124.5079116821289,125.35789028491862,124.30274417615,124.78146835676746,6064700
2020-08-24,127.68313598632812,127.86876692297675,124.98663494187471,125.20156700332119,7613600
2020-08-25,126.8038330078125,128.0739260690035,126.33488084487382,127.81991341985349,5494400
2020-08-26,129.13885498046875,129.54920492856627,126.54006639142195,127.00901859360548,8447800
2020-08-27,130.6531982421875,133.22269319702255,129.76414642841692,129.93999791650717,13667600
2020-08-28,132.4215545654297,133.65257463475675,130.5066576473777,131.40548894266854,11020100
2020-08-31,128.8359832763672,132.42154360264425,128.23025275762095,132.13822236547225,11617500
2020-09-01,130.4773406982422,130.53595785821832,127.87853728267724,128.88483828285774,7351200
2020-09-02,132.27499389648438,132.79279865025262,130.19399541695378,130.55549272432197,8187800
2020-09-03,130.1744842529297,134.08245419847606,128.98255222692026,132.12846922570287,12079200
2020-09-04,128.95323181152344,131.776739241772,126.44235419621447,130.6727330629934,11248300
2020-09-08,131.1123809814453,133.9847411077477,127.84922984665772,128.95323606182438,17257300
2020-09-09,130.2917022705078,132.43131793308632,129.2170047069276,131.19053345653833,8891800
2020-09-10,130.15493774414062,133.60371996262387,129.68598553379047,130.50665562883376,9853400
2020-09-11,128.71875,130.66297026241529,128.0739314316346,130.66297026241529,7165300
2020-09-14,128.23025512695312,129.8715952368719,127.88830181685941,129.48080423195447,8391900
2020-09-15,128.2205047607422,129.49058312115446,127.99578574570798,128.43544430955228,7289100
2020-09-16,129.0509490966797,130.54574658368958,128.37682181670974,129.12911029369167,6601000
2020-09-17,127.22396850585938,128.73830990957816,125.64124537702607,127.54637782982967,6723500
2020-09-18,125.6705322265625,127.7808243974737,125.17225658127096,126.52051081057228,9916300
2020-09-21,122.52462768554688,123.97057234863368,120.74649425700727,123.08151308822478,10352700
2020-09-22,124.283203125,124.53722323774764,121.83095009782903,122.37807091404399,6978800
2020-09-23,120.44361877441406,124.37113229532686,120.07236435537456,124.14642076942118,8323600
2020-09-24,119.67179870605469,120.95166383704422,118.00114257254619,119.12468533943968,8480000
2020-09-25,121.14705657958984,121.33268751926164,118.19654283614035,118.56779726162354,6851800
2020-09-28,123.09127044677734,123.94125651856665,122.48553992896332,122.85679435774806,6283700
2020-09-29,122.51484680175781,123.38436942974546,120.83441870375822,123.02287956322124,7405800
2020-09-30,121.2252197265625,122.66139975838333,120.40454222815323,120.40454222815323,13642500
2020-10-01,120.4729232788086,122.58323031489135,119.60340069093931,122.0654255663692,8908300
2020-10-02,119.73041534423828,120.83441401515175,118.8902013278404,119.18329456020658,6490200
2020-10-05,120.53155517578125,120.756259253814,119.51548218443797,120.42408541537932,5919200
2020-10-06,118.14769744873047,121.3326949274503,117.83506016242957,120.29707786031659,9052000
2020-10-07,120.08213806152344,120.47292905387788,118.14768985238327,119.1442188090637,10187800
2020-10-08,120.25799560546875,120.90281419234776,119.6034124609903,120.7367272668283,7404600
2020-10-09,122.1045150756836,122.66140045302694,120.49247610320741,121.00050887834882,11502200
2020-10-12,122.09474182128906,123.0424256450167,120.8832733283944,122.02635265121906,10958200
2020-10-13,125.9929428100586,128.33771853898023,124.95732582746261,126.81361282440912,22389000
2020-10-14,123.67745971679688,126.52051107241603,122.40737411657138,126.16879322524954,11531500
2020-10-15,124.42975616455078,124.46883675611464,121.56716805377899,122.1240534393078,7744000
2020-10-16,123.89241027832031,125.17226800340153,123.42345807618315,124.86940272894374,6291700
2020-10-19,121.37176513671875,124.46882915385164,120.86372493127914,124.43952057543403,6576900
2020-10-20,122.07520294189453,122.83726330974253,120.79534522501152,121.71372050795031,6161200
2020-10-21,123.71653747558594,124.6251406510036,120.99072794933294,121.49876814088907,6591500
2020-10-22,124.62515258789062,125.15273685096447,123.07173819453595,123.75562991729699,5177700
2020-10-23,125.39698028564453,125.54352318230204,123.44298803517238,125.15273218606808,5439900
2020-10-26,121.20568084716797,124.18551079839496,120.12121863238443,124.18551079839496,8578900
2020-10-27,120.4729232788086,121.74301630465766,120.19936661572972,121.17635895750284,6813800
2020-10-28,115.74429321289062,118.73388763344602,115.59774285908954,118.2258548546443,11654700
2020-10-29,118.74365997314453,119.80857813624718,114.53282501570168,115.44142826714862,9583700
2020-10-30,118.4603271484375,118.94882334286405,116.35002001066184,117.86436119492828,8090200
2020-11-02,117.3660888671875,120.10167044143626,117.05345161188994,119.42754333157022,9186000
2020-11-03,121.1666030883789,122.19244816544405,118.57757900086777,118.81205510704856,8144900
2020-11-04,122.19243621826172,123.94125346648192,120.57063274944416,120.73671966450578,7483000
2020-11-05,124.03894805908203,125.66075148665767,122.90564080728437,123.86308913764755,7654800
2020-11-06,124.5274429321289,125.09409282516974,121.74301625009544,123.35505510407062,6259700
2020-11-09,139.30934143066406,144.28222912213818,134.8933465576693,137.03294737110258,35634700
2020-11-10,138.8404083251953,139.09442101491717,134.50255912892416,136.74964491798713,18115400
2020-11-11,134.6490936279297,138.73291451934264,133.47669087482944,138.21510976340215,9600900
2020-11-12,132.40200805664062,135.30367654213725,131.01468070217038,133.20313403531998,13768200
2020-11-13,135.17666625976562,137.9415564834101,133.379003858862,137.65822034495645,21062300
2020-11-16,141.34149169921875,141.40988832436693,138.31282413999273,138.31282413999273,16382500
2020-11-17,141.1754150390625,141.49782435022374,139.2800472200845,141.0777098268116,9354900
2020-11-18,140.58920288085938,142.1328526890593,140.05186897754245,141.17540429430483,9456200
2020-11-19,138.45936584472656,140.00301564487475,138.43982182232133,139.28981535815578,8892500
2020-11-20,137.82432556152344,139.3288873039973,137.61915059732559,138.44960010365455,8481600
2020-11-23,142.62135314941406,144.35063395368113,138.43982667149538,139.17257100628564,12887000
2020-11-24,148.0045928955078,148.36607533465877,144.44834094310343,144.75120621998363,16711700
2020-11-25,145.65980529785156,146.81266417652435,143.85237815408152,146.81266417652435,9552000
2020-11-27,143.74488830566406,146.8908048451404,143.15868693632905,145.5718592179967,5306400
2020-11-30,144.60464477539062,145.2690073824607,142.92421659645757,143.67650494472588,9710100
2020-12-01,146.0017547607422,147.91665162291045,145.57187569560023,146.12876855027645,8825500
2020-12-02,150.07579040527344,150.4665813689715,144.92703672070738,146.05058682984873,10601900
2020-12-03,149.7143096923828,150.8866975043048,148.629847612118,149.91946973291624,9063200
2020-12-04,150.59359741210938,151.12116671183125,149.2941958220204,150.15395384438781,6033300
2020-12-07,150.14418029785156,150.33959069806954,148.75685292108275,149.6556841127476,6815500
2020-12-08,150.1832733154297,151.31658808026205,148.7470932910365,148.91318021054659,7900600
2020-12-09,150.87692260742188,153.83722316563973,150.34935329378837,152.69412898861327,10804300
2020-12-10,151.1309356689453,151.765974677313,148.991320226038,149.79246103804044,8993200
2020-12-11,171.67709350585938,175.3212707244157,161.52614378840434,165.7760514813925,87410700
2020-12-14,165.40481567382812,173.2207548441664,164.92608403286536,169.8012814571434,30939400
2020-12-15,169.9380645751953,170.4558693671739,163.95887571221462,166.56744369474484,18802600
2020-12-16,169.13693237304688,170.82714008707285,167.6714436616601,169.98692596290223,11105800
2020-12-17,169.5570526123047,170.81736638724084,168.0036381036533,169.82084476342064,9004600
2020-12-18,168.91221618652344,171.79434079772236,168.3162502235796,169.60588735298768,21172100
2020-12-21,166.76283264160156,167.9840731232962,164.3203516782123,166.17663124729984,11424200
2020-12-22,166.52835083007812,167.5053432255702,165.26803719929055,166.08870723365087,6419200
2020-12-23,169.5570526123047,171.9018286665814,168.33581197826,168.98063061088902,9994000
2020-12-24,169.73287963867188,170.56332911319106,168.41394888867842,169.9869071948742,2721000
2020-12-28,174.74488830566406,175.78049802471057,171.0225490707911,171.70644087509316,13145400
2020-12-29,173.2207489013672,176.05402079032353,172.1655953606449,175.8683898561612,6875400
2020-12-30,177.00172424316406,179.180413280083,174.2661423418766,174.3931561336214,11680400
2020-12-31,177.011474609375,179.1803989144691,176.1224228616061,177.05056265341895,7073500
2021-01-04,173.59201049804688,178.3890469815728,170.70988576640698,178.06663768574762,13426600
2021-01-05,174.3345184326172,176.19079794638418,172.14605018786133,172.14605018786133,7771800
2021-01-06,174.99888610839844,177.43160272064722,173.2012235450217,174.21730406012819,7517800
2021-01-07,174.47129821777344,175.80977298648713,173.4943058534054,175.3701294040656,7300800
2021-01-08,174.57876586914062,175.87816748700877,172.5368554300851,174.6960001809807,7894500
2021-01-11,174.96957397460938,177.08964579832917,173.26961665564124,173.66040767184222,6461300
2021-01-12,171.94090270996094,174.217296855326,170.8368964962388,173.2207604049549,8349800
2021-01-13,172.06790161132812,173.6408600163736,169.74266977044624,170.38747344291724,6839500
2021-01-14,169.43978881835938,174.24660465982265,169.41048023827787,172.9374234827236,8951200
2021-01-15,167.49557495117188,170.18230397914857,166.25479046227179,168.97082806884515,12232500
2021-01-19,168.2967071533203,169.71335807377412,167.4955811292614,168.14039969761296,7834700
2021-01-20,169.64495849609375,173.78741160850666,169.0196839609862,171.1886082657044,9809200
2021-01-21,167.3392333984375,170.97364580473277,167.08522077716353,169.2541447908468,8416400
2021-01-22,168.80474853515625,171.21792099659905,167.93522588075484,169.99668047593858,9517200
2021-01-25,167.9352264404297,169.12715838518434,164.88701486117318,167.9352264404297,7833700
2021-01-26,165.65882873535156,169.36163827468155,165.16056797880307,169.01968497205434,7523200
2021-01-27,159.27906799316406,162.51291041566313,156.82682246344405,161.2135087493086,18239200
2021-01-28,167.9254608154297,168.90245322900287,162.1318880509257,162.3468275745295,14449100
2021-01-29,164.30084228515625,165.9031095385321,161.97559514745907,164.91635238812876,12848800
2021-02-01,167.03639221191406,167.7789010708739,164.16403216394997,166.90937842914582,8140400
2021-02-02,172.8885955810547,175.62416259509305,168.82430329202316,169.7719871889301,12215200
2021-02-03,172.37075805664062,174.32474281220766,171.71617495245212,172.92765086768313,5508600
2021-02-04,176.0833282470703,177.20687840173642,172.42938637450962,173.50406902208383,9035400
2021-02-05,176.991943359375,178.12525809944128,175.20404551281888,177.52929215058924,6640500
2021-02-08,185.62855529785156,186.25382983517758,179.0827092241557,179.62005802366735,16085700
2021-02-09,183.8797607421875,184.8958263593484,181.75967394730333,183.8406726947647,11270800
2021-02-10,185.26707458496094,186.31244870660262,181.5349564410602,185.60901298217863,11464600
2021-02-11,186.5176239013672,186.84979774172163,183.74296904478106,184.82741630457573,17507900
2021-02-12,183.35215759277344,189.38997823432248,182.2676954580531,188.55952875082903,27233800
2021-02-16,182.06256103515625,184.10447181255162,180.60683682181113,182.99070094236117,11630700
2021-02-17,182.1504669189453,183.31309026961253,177.96894060564003,181.09531332945878,11391800
2021-02-18,178.7895965576172,182.11136451964344,178.63327420681787,180.53840627056,12380900
2021-02-19,179.42465209960938,180.52865830547822,178.58443802149318,180.0303975376977,8834500
2021-02-22,187.34805297851562,189.55606529302986,177.3534251289375,177.55860008764884,18799600
2021-02-23,192.55545043945312,194.3628925481204,184.31941072638992,189.1359766505213,23191400
2021-02-24,192.9657440185547,195.98466155874337,190.83590795791642,193.03414063533526,16205900
2021-02-25,186.5859832763672,193.40540019070153,185.99979684729303,193.18068123055644,12712000
2021-02-26,184.6906280517578,187.201505557393,181.18322907854187,185.69694389154034,15844000
2021-03-01,190.4939727783203,192.36979638558196,186.98657366225902,188.7842360890863,10709900
2021-03-02,189.4779052734375,193.405418829937,189.0382616823319,191.5882124000092,8371400
2021-03-03,187.83656311035156,192.28188174034565,187.7877254140185,190.15204535459702,8750300
2021-03-04,183.70387268066406,188.05148571111863,179.88382896642585,185.5308436275952,12542600
2021-03-05,185.61878967285156,186.18544704837484,179.12178133016982,184.79810473480913,10266400
2021-03-08,197.2645263671875,198.3489884577074,189.3313384524658,192.7703556533148,25093200
2021-03-09,190.0347900390625,197.059367916396,189.8980116967213,195.58411473059317,23331000
2021-03-10,190.5721435546875,194.22610065844725,190.20088165586034,192.77037655153373,13662100
2021-03-11,192.22325134277344,194.47033680507172,190.9043056627208,192.83876131449412,11933900
2021-03-12,192.62384033203125,193.84508092821062,190.68938449412323,192.00833030108578,13249100
2021-03-15,192.2330322265625,193.9720776232726,190.32789989957357,193.9720776232726,10311400
2021-03-16,189.77101135253906,192.06693457464104,188.44230107675827,191.5882178340081,9680700
2021-03-17,190.7480010986328,191.6761408949275,187.3676008431067,188.9894118011834,14418700
2021-03-18,187.85610961914062,190.59169149746535,187.3285402484449,190.46467770678666,9644500
2021-03-19,186.74234008789062,189.53653914792667,185.39408570904774,186.52740055190924,28354600
2021-03-22,188.42276000976562,191.81292492303402,187.58254592649433,188.81355101735727,8838500
2021-03-23,184.3877716064453,187.91471476921413,183.64526274870698,187.18197046870307,10701200
2021-03-24,180.47003173828125,186.11704644298896,180.39187055977243,185.6871674150507,13549100
2021-03-25,182.6096649169922,183.39126186927817,176.8454004381398,177.6660854372871,9609200
2021-03-26,181.64242553710938,184.63201990110846,178.3695099360114,184.48547700394028,10196100
2021-03-29,180.5970458984375,181.66196400589448,178.93614694012643,180.97807232714783,7544700
2021-03-30,181.26141357421875,182.03324598154063,179.33673719650602,179.600529340199,5929700
2021-03-31,180.27464294433594,182.5998747335598,180.17693774063935,181.55450061106745,8478000
2021-04-01,184.6222381591797,184.7492519300503,181.31999937830045,182.14066934149614,7749400
2021-04-05,184.16307067871094,187.2601348529224,183.76250020972645,187.0647393509879,7405300
2021-04-06,185.3647918701172,186.87913330034488,183.5475851353886,184.16309521080862,7926200
2021-04-07,183.24468994140625,185.95096303082076,182.64872398830892,185.43315825770415,6238700
2021-04-08,183.01023864746094,183.7234389842371,181.35911896977896,182.89298941252133,7763000
2021-04-09,183.5670928955078,183.88950216142769,181.86712083185395,183.84064956215735,6089300
2021-04-12,182.19931030273438,183.528020506598,181.2125384797122,183.43031530766027,6662500
2021-04-13,181.22232055664062,182.15046032904752,180.35279794135326,181.3200108492663,6826500
2021-04-14,183.14700317382812,186.01934832789436,181.43726646159482,181.69127912063277,9089900
2021-04-15,181.65219116210938,184.55385980486375,181.42748708255698,183.76249834006182,7262500
2021-04-16,182.9515838623047,185.11074353606816,181.91597434653156,183.25446401621673,9453500
2021-04-19,183.11767578125,185.95096264573078,181.3786305265125,183.19583696106886,7625800
2021-04-20,178.58444213867188,183.75274051168435,177.63677318384234,182.9809081332083,10765800
2021-04-21,178.89707946777344,179.1608715906836,174.74486175599515,177.11894613902348,8400200
2021-04-22,178.5551300048828,180.6263640805658,177.08964136919943,179.981545503012,7378300
2021-04-23,178.80914306640625,179.6688861923255,177.7735335664607,178.15455998451085,6075500
2021-04-26,180.03041076660156,181.32981257054936,179.04363880823718,179.72754547916304,6178300
2021-04-27,180.39187622070312,181.53495554028996,179.9131445777086,180.73382952394508,4870000
2021-04-28,179.17063903808594,180.5384224609408,178.6137611115383,180.5384224609408,5199300
2021-04-29,181.0659942626953,181.28093377260763,178.5453522073127,180.54818950910294,5958300
2021-04-30,181.74012756347656,182.0332282604104,179.31717571602934,180.04992000450363,7866300
2021-05-03,181.24185180664062,184.86650011102932,180.98783915355543,183.371702955982,7542800
2021-05-04,180.01084899902344,181.35910327624393,178.1154813651688,180.61657951419397,7069300
2021-05-05,177.33389282226562,180.75336637006828,177.18734991901985,180.75336637006828,5901700
2021-05-06,177.60745239257812,178.77985526843582,175.67301149976782,178.57468029284416,6944900
2021-05-07,180.5872802734375,180.86083696590072,177.33389363694113,177.8126253026126,6888400
2021-05-10,180.05970764160156,182.66827563803773,179.79591551161636,181.42749107907773,8260300
2021-05-11,177.4901885986328,178.0568459191537,174.32472819329112,177.61720236756386,10865600
2021-05-12,173.7581024169922,178.26203792841204,173.49431029769372,176.5425217821355,8988100
2021-05-13,174.23683166503906,176.59138707049897,171.75527737708362,174.26614024620895,12332200
2021-05-14,169.70358276367188,170.88575016792663,164.89678177846798,168.95129441550978,33149400
2021-05-17,166.1668701171875,169.0099215950596,164.6916169516548,168.7265854491394,17771600
2021-05-18,165.77606201171875,167.31971178086997,165.5513579355947,166.34271938832268,10401000
2021-05-19,165.37550354003906,165.50250241157718,163.25543187457933,163.85139781981698,9251000
2021-05-20,167.41741943359375,167.9449887738938,165.0921727348274,165.31689172196133,7400700
2021-05-21,168.43348693847656,169.1369226722145,167.57374374769117,168.2576354589027,8105700
2021-05-24,170.29953002929688,171.0811268719597,167.79843205895176,168.48232370588678,7346700
2021-05-25,172.1167449951172,173.36729404308292,171.36445669185449,171.55986709312208,8089700
2021-05-26,172.4098663330078,173.80695844148624,172.1460741858875,172.55640924378443,8086200
2021-05-27,174.92071533203125,175.45806414154848,172.72248239941445,173.12305286721104,13567800
2021-05-28,174.53968811035156,175.99541216825585,173.98281018858057,175.3799021793901,7124800
2021-06-01,174.72531127929688,176.84538292606723,174.62762098726108,176.0344774727959,7475600
2021-06-02,172.92767333984375,174.97936356289702,172.8592767088048,174.92073149012538,7851700
2021-06-03,172.1851348876953,172.89833511974268,171.38399401542623,172.2144434651959,5583900
2021-06-04,173.10348510742188,173.43567381266635,171.56961497901415,171.88224475676768,6343400
2021-06-07,172.9178924560547,173.97304605048672,172.34145560280862,173.87534084614776,5178100
2021-06-08,172.2730712890625,173.04488872390965,171.15930055190478,171.9213534295537,5356200
2021-06-09,171.98974609375,173.25007471543574,171.83343863002338,172.25353823210406,5082400
2021-06-10,172.50755310058594,173.5236186246836,171.51101669068885,172.38053931967843,5253000
2021-06-11,173.29891967773438,174.38338185678685,172.7420268444031,173.36730139490138,5476300
2021-06-14,174.08047485351562,174.7546019024972,172.82992594526993,173.56267014499446,10170000
2021-06-15,171.81387329101562,174.58852795524726,171.57938976293352,174.08048776492936,7895000
2021-06-16,170.64149475097656,172.2046736334195,169.55703259963414,171.96042553543896,8336000
2021-06-17,170.6317138671875,172.2046722014107,169.84035242154664,170.57309670939495,8906000
2021-06-18,168.45303344726562,169.85990493550602,168.15993273592863,169.1564691913858,12357500
2021-06-21,169.96737670898438,170.25069795840304,167.36857322957613,168.16971418952127,9196900
2021-06-22,169.50819396972656,170.68058195511975,168.3846585895002,170.35817265028527,8097100
2021-06-23,171.2960662841797,171.41330059281407,168.96105522165283,169.62540284754073,9174200
2021-06-24,173.83627319335938,174.13915339925137,171.73574522315738,172.0776985707358,7549400
2021-06-25,174.24661254882812,174.9695774338656,173.40639843043496,174.7155647590851,7431800
2021-06-28,172.50755310058594,174.54946361360228,170.96390333865776,174.39314125367318,9881400
2021-06-29,169.92828369140625,172.9472015855104,169.8012848146273,172.57593969710769,13498300
2021-06-30,171.7259521484375,171.93111219673804,169.3518529497739,169.88920173199986,7481900
2021-07-01,173.18167114257812,173.5138598955151,170.58288263314304,171.31562694873605,5887100
2021-07-02,173.03512573242188,174.25636624069438,170.6024092731635,173.76787003738536,11099300
2021-07-06,169.6938018798828,172.92764413928626,168.25762194780336,172.69316061096225,11557900
2021-07-07,168.84384155273438,170.3093302206868,168.0329360342074,168.88291469114893,6757300
2021-07-08,168.82427978515625,169.75241952909505,165.90306731396268,166.26454971025925,6960100
2021-07-09,172.96673583984375,173.435702946831,169.9282887407014,170.680577097237,7873300
2021-07-12,180.13787841796875,180.73384442769,173.28915158518927,173.62134035859944,21835500
2021-07-13,179.42465209960938,181.3981809635979,177.6562982033665,179.8545311499555,12534600
2021-07-14,179.199951171875,182.00391469819564,177.89078488293353,180.93899651873076,8787300
2021-07-15,179.91311645507812,181.15390078384738,178.83843392721417,179.22922486321585,7867000
2021-07-16,175.1844940185547,181.0269040348714,174.803467602441,180.6849656606627,8348800
2021-07-19,168.97084045410156,172.41962259382169,168.1990229816161,171.6673491444067,14651800
2021-07-20,172.68341064453125,173.4259195187125,168.89267527547042,169.7035807749201,8372400
2021-07-21,172.8201904296875,173.8069474176834,171.28632006586335,172.4391639781127,6302200
2021-07-22,171.10067749023438,172.65409177125446,169.89896614886828,172.63454774981133,5713700
2021-07-23,172.0874481201172,172.43916599551036,170.0259934713974,171.6184959221668,5126300
2021-07-26,174.6276092529297,174.66668238557435,171.3058264847951,171.57938313646602,5641000
2021-07-27,175.37013244628906,175.42874960393274,172.507551924738,174.14889196964359,6684100
2021-07-28,174.97933959960938,176.20058006329253,173.46499844309818,175.5557615206149,5926900
2021-07-29,174.24661254882812,177.24597167216015,174.1684513624983,175.67301320311208,6209100
2021-07-30,171.97019958496094,175.0770281377334,171.11044153667254,173.4454526835282,6813400
2021-08-02,171.51101684570312,174.70578613143317,171.27653330559755,173.1425923461708,5847200
2021-08-03,169.00991821289062,172.07767370847606,166.98753681826074,171.97020394971233,9931300
2021-08-04,168.60935974121094,169.2639428973998,167.39788372973976,168.53119855585263,5665800
2021-08-05,172.64431762695312,173.04487314411074,168.52140888691272,168.52140888691272,8864200
2021-08-06,173.05467224121094,174.69601235220628,172.5661760308831,173.34775804123063,5505200
2021-08-09,172.65408325195312,173.23050514045966,171.03227242976757,172.92763990777723,5339000
2021-08-10,172.9960479736328,173.31844234040884,171.5403239598849,172.19490706590398,5185000
2021-08-11,173.99258422851562,174.38339015850755,172.44893434742175,173.27938390439795,5359900
2021-08-12,175.16494750976562,175.5850619618175,172.39029288271894,173.992559700507,11081300
2021-08-13,176.91378784179688,183.26423852295247,176.718392340844,182.00390996252236,32504600
2021-08-16,174.96957397460938,176.4350626469456,172.44893166926448,176.35690146216106,8746700
2021-08-17,171.78457641601562,174.34429174747842,170.89550974932308,173.07419863902064,8534500
2021-08-18,170.71966552734375,172.72248811718538,170.4851819733227,171.85296543580796,7063500
2021-08-19,169.263916015625,170.661007849255,168.5897889432281,169.99666024080085,8478600
2021-08-20,171.09091186523438,171.1788525149818,168.67773933815917,169.0196926563329,6239600
2021-08-23,173.5724639892578,174.2075030518785,171.86272738158044,173.00580663892976,7395900
2021-08-24,174.3638458251953,175.93680428477785,173.67017461801862,173.82649698973756,5886900
2021-08-25,174.20750427246094,174.48106093898838,172.8104123618187,174.0609613824356,4842100
2021-08-26,172.49777221679688,174.82301885152233,172.28283270059265,174.23681746047066,4563000
2021-08-27,175.9954071044922,176.38619809422016,172.22421591350647,172.22421591350647,8697000
2021-08-30,175.83909606933594,177.21665899457957,174.75463385912394,176.34713631487602,6421300
2021-08-31,177.12872314453125,178.77006320269078,174.42245005226974,175.12588576511547,8620000
2021-09-01,179.258544921875,179.97176004196083,177.5976609758886,177.77352734375893,7302800
2021-09-02,177.6758575439453,181.03671414616028,177.3729922526508,179.9229432868423,6492600
2021-09-03,176.8356170654297,177.636757955907,175.00864612367724,177.636757955907,6847400
2021-09-07,180.09877014160156,181.2809374702323,175.90747942826093,176.85516322100807,10702900
2021-09-08,180.89013671875,183.14700168301277,179.68844024209542,180.09877526076477,8634000
2021-09-09,181.63267517089844,183.26425082030423,180.3235088281736,180.8901513466433,7190700
2021-09-10,179.88385009765625,182.79529841272293,179.77638032887566,182.07231861295134,5572200
2021-09-13,180.72406005859375,181.5252010269873,179.2781154001011,180.8608384059144,6818200
2021-09-14,178.2034149169922,180.8706150091187,177.9591668072333,180.70452808340923,6185900
2021-09-15,180.1671600341797,180.4114081178741,176.93331779130122,177.8712220843645,5933400
2021-09-16,179.1217803955078,180.39187347831393,177.9298484924751,179.7372903688977,5678200
2021-09-17,179.24879455566406,181.62287890195952,178.52581482201995,178.70168120381263,10035100
2021-09-20,174.5006103515625,176.71838723802722,172.4880084251925,175.6046165162632,8056600
2021-09-21,167.23179626464844,178.03733040142347,165.14103301311803,176.17128614747284,23216000
2021-09-22,169.65472412109375,171.305843660618,167.71051878805,168.96106786613632,14214500
2021-09-23,172.19488525390625,173.11326036049542,170.35813504072792,170.91502778278598,8052900
2021-09-24,171.95068359375,172.63457537649876,171.05185226389122,171.26679181100124,5712800
2021-09-27,174.15866088867188,175.32128423679285,171.91159028154038,172.56617340449063,7755000
2021-09-28,170.50473022460938,173.90465984975705,169.8599116158525,173.66041173199056,9133100
2021-09-29,168.70704650878906,170.93460297554356,168.61912076749812,170.2409317873426,6240800
2021-09-30,165.27781677246094,169.68404750967017,165.20943505057866,169.11740498759792,13978000
2021-10-01,171.96043395996094,173.24030657856676,168.01339106262284,168.31625633372104,12165000
2021-10-04,169.46910095214844,171.91158184677474,168.69726864112315,171.52077595900235,7200600
2021-10-05,170.59263610839844,172.18513842130469,169.6156437510759,169.8305832623045,6798200
2021-10-06,171.442626953125,171.66734594494332,167.6030538698853,169.01968990779946,6005200
2021-10-07,173.62132263183594,175.4971462149149,173.25006075648926,173.6115431670822,7780000
2021-10-08,172.67364501953125,174.49085151011485,172.34145626812906,173.83625347241477,4132200
2021-10-11,169.52774047851562,172.45871793882603,169.48865243072035,171.97022169544096,8046300
2021-10-12,169.14669799804688,170.4754082506227,168.5800406204183,169.62541473031936,5188400
2021-10-13,168.9806365966797,169.7036015367012,167.00710748799298,169.63521981078816,8914700
2021-10-14,170.3972625732422,171.97022106750748,169.99669207727572,170.0650887068066,7450200
2021-10-15,172.40008544921875,174.77416982531744,170.09438278909954,171.64779712711876,13943900
2021-10-18,167.20248413085938,169.35186449861843,165.8933178505005,168.39441608990893,20494800
2021-10-19,167.24156188964844,167.63236781767998,166.26456943115238,167.4955894697994,9669500
2021-10-20,166.62606811523438,167.0852557670303,165.97148495171555,167.03640316216908,9737600
2021-10-21,167.3978729248047,168.53118767776616,166.18641189925077,166.28410219385177,7509000
2021-10-22,165.52203369140625,166.8702878359932,164.72090775735097,166.6455837811352,7854300
2021-10-25,168.05245971679688,168.59958799096455,165.14102649808015,165.99100512754373,9798700
2021-10-26,168.081787109375,169.13694082321615,166.78240017248945,168.97085388322117,5850200
2021-10-27,165.64907836914062,168.0817801093256,165.53182913400389,167.8180028726429,7054700
2021-10-28,165.77606201171875,166.43066003351976,164.72092334656202,165.58066651475346,7884500
2021-10-29,165.18011474609375,166.53813360652256,164.28126860557344,165.13126214380355,7598800
2021-11-01,166.2743377685547,167.3099473200155,165.19964017304582,165.31688939746914,8182900
2021-11-02,165.92262268066406,166.919159112434,165.09217316956892,166.11801818100378,6777200
2021-11-03,166.1668701171875,166.27433987810187,164.496206544377,165.79560823262494,6829300
2021-11-04,166.36224365234375,166.49902197474708,164.78928549084594,166.11799558321502,7505500
2021-11-05,171.5891876220703,172.9178979415368,168.36510957698172,169.5081889469481,16859200
2021-11-08,172.80064392089844,175.12589064243758,172.04837049381794,174.57877727448042,10584600
2021-11-09,171.08114624023438,173.04489567183444,169.22486657301368,172.8788087464702,7293300
2021-11-10,170.43634033203125,172.80066041652876,169.86968288749048,170.67082390113447,11045800
2021-11-11,158.3802490234375,160.18769104593153,154.68721870008125,159.14230195316358,62366500
2021-11-12,155.95730590820312,159.84573159389313,155.2733992830571,159.75780585330742,25638400
2021-11-15,154.78489685058594,157.02221776707472,154.03262344550419,156.4067077922617,21285300
2021-11-16,155.17572021484375,156.5532832145982,154.90216350807694,155.40042431517597,15516200
2021-11-17,153.710205078125,155.23431072779195,153.14354773776066,155.0779883771287,14695500
2021-11-18,152.00048828125,153.68091650026443,150.17351715674317,153.47574152485328,14487700
2021-11-19,150.4568328857422,151.6390002749561,149.25513638166086,151.45336932966686,16776500
2021-11-22,150.61314392089844,152.23495479616602,149.05972966568535,149.70453328539256,12790400
2021-11-23,147.55516052246094,150.70107723333692,146.73449048685526,150.3005067727243,17382900
2021-11-24,147.85804748535156,147.92644411888622,145.37649299214934,147.2230082971848,14123700
2021-11-26,144.7023468017578,145.42532655373785,142.4943493164389,143.42248912670598,12027700
2021-11-29,144.4092559814453,145.86498014239586,140.9311651403404,145.38624846075442,21231300
2021-11-30,141.5662078857422,143.89145481604928,139.81739786274252,143.34434139897056,26011100
2021-12-01,138.87945556640625,144.9563491312606,138.7719858123891,143.32477370770545,16469000
2021-12-02,143.81326293945312,144.25290649095578,139.48519422538928,139.55357593407135,18177700
2021-12-03,142.85585021972656,144.90754051434996,140.99957035904677,144.40926477860606,14975600
2021-12-06,146.9103546142578,147.27185196952013,143.29548541568988,143.89145142547676,14333900
2021-12-07,147.34024047851562,149.2453729228998,146.27532220290126,148.34654158779864,14661100
2021-12-08,149.81202697753906,150.12467173450926,147.09598900918132,147.43794234865214,12886300
2021-12-09,149.4212188720703,150.7401496571176,148.20974293877012,148.7666357581187,11862300
2021-12-10,149.19650268554688,151.1016347144541,147.96548283016097,150.0464812274317,10247900
2021-12-13,146.9689483642578,148.9913296336795,145.8551777095345,148.62006777953178,10195800
2021-12-14,145.6695556640625,148.131565488831,145.1028983498071,145.82586309980394,10872000
2021-12-15,146.93966674804688,147.4477070246679,143.9598515348036,145.33739963660136,12231500
2021-12-16,145.32762145996094,148.5614639623388,145.16153453864752,147.86780769730754,11145600
2021-12-17,145.33738708496094,146.39254068786894,143.1977862068733,145.09313897987263,13785000
2021-12-20,143.10008239746094,144.33108749233278,141.74206351623354,143.59834316992115,11201900
2021-12-21,147.57469177246094,147.9459387139309,143.99889633115404,144.16498323533895,10781400
2021-12-22,148.3856201171875,148.69824995347173,146.42185572473835,146.95920456117275,7820400
2021-12-23,150.09535217285156,150.64246554980667,148.4344531114531,148.81549447153412,6572400
2021-12-27,149.28445434570312,150.47638636727558,147.91665592522017,149.36261553324977,7762000
2021-12-28,151.62921142578125,152.89930447645884,148.90340929834548,149.1085693458052,12198700
2021-12-29,151.3068084716797,152.332653474947,150.632681329312,151.0039432124063,8737000
2021-12-30,152.34242248535156,153.4562081671919,151.93208745359422,152.1274978658113,7228400
2021-12-31,151.32635498046875,152.9677099942114,151.179812080903,152.28380337564792,6410200
2022-01-03,153.15333557128906,153.9349325356764,151.78555206440282,152.2447397219408,10222800
2022-01-04,152.14703369140625,156.63144047367956,151.9711822019205,154.9412327613267,16582000
2022-01-05,151.6194610595703,155.71306181999404,151.53153531671543,152.9188628100722,12272100
2022-01-06,153.2901153564453,154.14010895799217,150.14419835344574,152.64531164443474,11095300
2022-01-07,154.19873046875,155.6349106587659,152.69415364696061,153.29011967756398,9554600
2022-01-10,152.9970245361328,154.62860014833637,151.09187732121057,154.34526398783984,8672900
2022-01-11,154.25732421875,154.57973348876436,152.36195664166462,153.0165397385833,8042600
2022-01-12,154.16940307617188,155.33202641269116,152.7332230613799,154.85329477185354,6995600
2022-01-13,151.86370849609375,154.88261158243608,151.59991636098255,154.0717060617029,9680600
2022-01-14,148.44422912597656,149.10857680891533,145.0052116694176,148.8447995918361,16832000
2022-01-18,148.76666259765625,149.60687680297684,146.38279834499207,147.6333476402055,10419500
2022-01-19,146.6563262939453,149.34305533044187,146.50978340049735,147.36952655492627,10413200
2022-01-20,144.2236328125,149.14768352241663,143.76444512981308,147.43794659130836,11760400
2022-01-21,134.21922302246094,138.60590943399743,133.4864787096862,137.98063488340517,34491800
2022-01-24,134.29737854003906,134.51230314761722,126.28602913211326,131.71811926417493,31419500
2022-01-25,133.3692169189453,134.58069276872422,129.33424875394556,132.17728508982796,14694400
2022-01-26,130.5261993408203,135.02035573703716,129.2170181073127,134.54163896993217,14569900
2022-01-27,132.3043212890625,134.73703795745377,130.93653776530175,131.96238286198346,11913900
2022-01-28,135.44046020507812,135.49907736341976,130.4871016171175,132.0991480101169,10011700
2022-01-31,139.68060302734375,139.85645450163184,135.28413727749225,135.66516371283723,10185500
2022-02-01,141.16563415527344,141.36102964945565,138.977165860359,139.72945416606717,8573300
2022-02-02,139.33865356445312,141.26332981610742,138.12719250985896,140.87253881289405,9529900
2022-02-03,136.80824279785156,138.77199212949986,136.04618992839275,136.77893421885088,9820600
2022-02-04,138.75247192382812,139.895551301407,136.31975535653663,136.8180161392592,8061100
2022-02-07,139.23118591308594,140.77483574230573,138.3518986886657,140.09094402245427,10937500
2022-02-08,139.20187377929688,139.6024442434562,137.50191653445074,138.5277466341802,9231700
2022-02-09,143.84259033203125,143.9598395600971,139.95416466081764,141.04839140462335,22877400
2022-02-10,148.65916442871094,153.87630017093934,147.6333194460272,152.43035561968532,42500300
2022-02-11,146.03106689453125,151.13096882284174,145.14200016160507,150.0074185283911,17975200
2022-02-14,147.3793182373047,150.19304637880586,145.77705120265756,145.93335866605295,14694700
2022-02-15,151.1602783203125,151.28729211370631,149.00111837122878,150.0074194371524,12726000
2022-02-16,152.75277709960938,153.12402409719624,150.21259074026253,151.41428729202252,10656400
2022-02-17,149.4309844970703,151.7855397573258,149.0988106591487,151.13095663869646,8110300
2022-02-18,147.8775634765625,150.14417798856877,146.59770587651013,149.39190460863767,10785500
2022-02-22,144.68280029296875,147.3206767796616,144.2138481172218,146.7344902869081,12227200
2022-02-23,142.5138702392578,146.29484079528905,142.15238783790682,146.0603572630039,9300700
2022-02-24,145.9626922607422,146.12879412584522,136.7789675457595,136.7789675457595,12475500
2022-02-25,146.08966064453125,146.82240488567257,143.83281076705114,146.11896922155933,10149500
2022-02-28,145.04429626464844,146.04081776535702,143.09031149157488,144.42878629065962,10834700
2022-03-01,142.34779357910156,144.7414220428118,140.4719699088899,144.4581007984852,8944000
2022-03-02,143.95005798339844,145.05406417618636,142.56273055136,142.94375699461196,7851000
2022-03-03,142.22079467773438,145.2299182324839,141.1265530228314,143.92075195885997,8048400
2022-03-04,137.4823760986328,140.94092274537022,136.33929674315888,140.69667463759234,12913000
2022-03-07,130.42849731445312,137.6484712136784,130.3698801503339,137.0525051989289,14549700
2022-03-08,128.71875,132.37270697968282,126.31534211232947,129.95953453469323,16552000
2022-03-09,130.57504272460938,132.3824848274084,130.29172145670142,132.37272026910904,14673100
2022-03-10,130.56527709960938,131.11239051435666,128.59174807550878,129.31472789226626,8447200
2022-03-11,128.71875,133.0272901053673,128.54289852193006,131.97213651378422,7058400
2022-03-14,126.06133270263672,130.00839048858631,125.42629358293901,127.9664649694513,9971500
2022-03-15,131.1123809814453,131.46409885217054,126.5302841045078,126.75500309672209,9834800
2022-03-16,134.9617462158203,135.78241635537086,131.83537313106393,132.52902947244968,10638700
2022-03-17,136.2611541748047,136.2611541748047,133.4181022340188,134.27786046132206,6816000
2022-03-18,137.072021484375,137.49212101403123,135.1180369012983,136.33927726572122,11308800
2022-03-21,135.43069458007812,136.09505722719095,133.73073718356585,135.70425128544153,9090300
2022-03-22,136.8863983154297,138.9185441858333,135.70423101632733,135.86055336967843,8511600
2022-03-23,134.47323608398438,136.54445524378255,134.37553087890205,135.87034299651106,8761300
2022-03-24,135.7628631591797,136.0657284016498,134.24852203910902,135.39160129668335,5858800
2022-03-25,135.93873596191406,137.15021202965863,134.94219943695842,136.07551431571406,5949400
2022-03-28,135.52838134765625,136.41744797295064,133.14451760444598,135.68470370308125,8456100
2022-03-29,139.1041717529297,141.13631757418867,137.71684444285975,137.71684444285975,11280700
2022-03-30,137.71685791015625,139.97370801229494,136.857099811162,138.05879631209532,7922400
2022-03-31,134.00428771972656,137.63870081820437,133.95543511579163,136.91572104004382,12306500
2022-04-01,133.8479461669922,134.9226436686471,132.41176628192588,134.18011997378753,10341000
2022-04-04,135.39161682128906,136.05596453801732,133.74049717956134,133.818658365245,8174600
2022-04-05,132.4997100830078,135.99734481084795,132.02099332784135,134.57094419525757,8694100
2022-04-06,129.5198974609375,130.84859289392458,127.80038119194839,130.67274140698987,11679700
2022-04-07,128.8359832763672,130.1451644248653,127.02855627736854,129.94975401829598,9858700
2022-04-08,128.8359832763672,130.0572237788207,127.6245222388747,128.96299705909306,6702000
2022-04-11,127.64405822753906,129.38310360407033,127.04809223393757,127.04809223393757,9915300
2022-04-12,127.82968139648438,130.14516351011167,127.15555425863292,128.777365212345,7885600
2022-04-13,129.304931640625,129.8325009019002,127.7417380607331,128.03483872042767,7694500
2022-04-14,127.46820068359375,130.51641222654254,127.35096636508682,129.75435934080534,7283500
2022-04-18,124.83031463623047,127.22395046875668,123.90217484544833,127.07740757305665,10571000
2022-04-19,128.86529541015625,130.1256239917743,124.8498633848875,125.14295664124411,12767200
2022-04-20,121.70393371582031,124.41997118868278,121.25451814045587,123.1498856375728,36465700
2022-04-21,118.86090850830078,123.54069592076597,118.48964659601177,122.65163664136762,18688600
2022-04-22,115.54888916015625,119.08560437108706,115.43165484131625,117.24886132194175,19472800
2022-04-25,117.19023895263672,117.56150084636717,114.06386615936333,114.95293284818024,16491000
2022-04-26,113.10640716552734,116.40864625667582,112.97940083658337,116.40864625667582,16116000
2022-04-27,112.55929565429688,114.21041522699348,110.78116975057002,112.77423517901012,15553000
2022-04-28,112.63745880126953,113.33112253612217,110.0972799593355,112.56906962892802,23192100
2022-04-29,109.06166076660156,113.32134829869794,108.79787609385467,112.5495233952273,16907000
2022-05-02,110.88862609863281,111.04494844455404,108.45591735764661,109.13980898640267,14300700
2022-05-03,110.93749237060547,112.18804147669317,110.09727829235393,111.42598858103727,11149500
2022-05-04,113.51675415039062,113.76100226073824,109.25706650961945,110.76163576382402,11488300
2022-05-05,110.01911926269531,112.61791527704014,108.9151204889054,112.10011047646735,12720200
2022-05-06,107.75249481201172,109.51107669432031,105.80828198481287,109.19843941831918,12525200
2022-05-09,104.5186538696289,108.19214005471062,104.03015765262604,105.62265263666548,17941600
2022-05-10,105.20254516601562,108.15305902507008,103.69797592927424,107.3128449389176,15657700
2022-05-11,102.78938293457031,107.53756721502621,102.37904786190411,105.41749521905605,26933300
2022-05-12,101.91007232666016,102.58419945114584,97.18143280600314,100.53251695289498,36298800
2022-05-13,104.86058807373047,105.21230590718199,102.88705940226804,102.93591200008181,16782600
2022-05-16,102.76007080078125,105.14393487099885,102.43766148888568,104.98761249413027,11993600
2022-05-17,106.14044952392578,106.28699986887707,103.85429097658215,105.25139035124553,11847600
2022-05-18,101.90030670166016,105.18300164599955,101.48996424322257,104.9094375224211,11794000
2022-05-19,100.7669906616211,102.87729772131541,100.5911317399799,101.05031933836858,11285000
2022-05-20,100.06355285644531,102.38879937712058,97.74808580003098,102.08592668556996,15650400
2022-05-23,103.39510345458984,103.5904989454367,99.22334189488167,101.37272956349807,14402400
2022-05-24,99.25264739990234,101.45088014623515,97.82623949007848,101.32387382650327,13970200
2022-05-25,100.88423919677734,101.42158055450487,98.83255660920003,99.09634128243201,11026600
2022-05-26,103.18016815185547,103.68820092109999,101.56812919809074,101.82214930964325,11297800
2022-05-27,106.80480194091797,106.85365453929286,104.07899242729074,104.430710264782,13671300
2022-05-31,107.8990478515625,108.68063733409083,105.4272581619835,107.46916879116239,20274600
2022-06-01,106.67780303955078,110.25359136424663,105.77896436241815,109.43292132226613,11829700
2022-06-02,108.31915283203125,108.39730656108914,105.42725614879112,106.91228135494012,8829900
2022-06-03,106.16976928710938,107.32262069292666,105.43702493901857,106.6582655191699,6767600
2022-06-06,105.34909057617188,107.65479319916993,105.1732316488632,107.22491416489086,7575900
2022-06-07,105.31001281738281,105.43701914735213,103.5611955082055,104.33302040692804,7279100
2022-06-08,104.870361328125,106.84389016327138,104.49910689707217,104.958294520711,7019500
2022-06-09,100.92332458496094,104.59681088544964,100.8744719801816,104.07900607177687,8261200
2022-06-10,97.11304473876953,99.77046522348532,97.09350071687172,99.09633809135745,15369700
2022-06-13,93.50794219970703,95.36422926020981,92.64819156658997,95.36422926020981,15239700
2022-06-14,92.0522232055664,94.05505311158332,90.95798905694105,94.05505311158332,12443700
2022-06-15,93.67402648925781,95.06136133050745,91.92520923873451,92.43324944929363,11751600
2022-06-16,92.11083984375,93.18552996456052,91.26086124869619,91.84705518242372,15298500
2022-06-17,92.16946411132812,93.76196657454197,91.31948545070317,91.84706226791565,15403800
2022-06-21,91.14362335205078,93.2539230938843,91.12407932957551,92.71658173758372,16649800
2022-06-22,91.34878540039062,92.43324751321744,89.89306887520856,90.04938377635703,11403500
2022-06-23,92.13038635253906,92.47233220195623,89.95169001963453,91.79820506034775,11348800
2022-06-24,95.53031158447266,96.30213644185162,93.20507245553388,93.25391760112385,11681200
2022-06-27,94.38724517822266,95.96997569747542,93.59588364552685,95.96020368548156,10793700
2022-06-28,93.71310424804688,98.09003324757059,93.57632591561115,97.44521471992206,16812400
2022-06-29,93.44932556152344,93.98666691501906,92.3550913782984,93.74241881237727,8653200
2022-06-30,92.22809600830078,93.24416913049964,90.41088931238802,92.24763257913513,10983500
2022-07-01,93.92805480957031,94.09414173937677,91.8177549652046,92.07176763884003,10543400
2022-07-05,94.94412231445312,94.99297491629795,90.18616661378226,92.09130627782302,10660600
2022-07-06,93.86943054199219,95.93088507948512,93.20507541919076,95.28606652476886,8640200
2022-07-07,95.18836975097656,95.2860675001232,93.72288115219555,94.67056497202495,7813100
2022-07-08,93.65449523925781,94.88550779212346,93.15622701126398,94.34815897233985,7717300
2022-07-11,91.4855728149414,93.14645700553636,91.2804052940228,92.81428314896172,7643700
2022-07-12,91.44648742675781,93.05852638242227,91.16315873543469,91.42695085839713,8665300
2022-07-13,90.80168151855469,91.1045467955887,88.91608577465777,90.0005480003833,12006400
2022-07-14,89.72698211669922,89.92238507702648,88.15403114576432,89.37527169583173,11146400
2022-07-15,93.00968170166016,93.12692348339034,90.56720048623987,90.77237546773297,14946700
2022-07-18,93.49817657470703,95.03205445736049,93.11715010699358,94.14299518398275,10430400
2022-07-19,97.31822204589844,97.55269815526248,94.45563376614278,94.45563376614278,13683400
2022-07-20,100.97216033935547,101.86122697734788,97.65038477773258,97.94348547141058,15112700
2022-07-21,101.78306579589844,101.85145496390685,99.27219569350378,100.34688581386168,8611300
2022-07-22,100.35665893554688,102.16409335622748,99.76069298465094,100.9037722856702,7803500
2022-07-25,100.32735443115234,101.01124614658093,99.46759632734422,100.41528017148146,6726700
2022-07-26,97.48430633544922,100.00494866779549,97.26936680191972,99.790009134266,6346600
2022-07-27,101.11871337890625,101.26526372964777,98.49060143821913,98.64692380003956,9684800
2022-07-28,102.48650360107422,102.55489277048626,100.34688787340264,100.87446466052141,7970300
2022-07-29,103.65888977050781,103.89336585404622,100.99170475387511,102.72097798249388,10320000
2022-08-01,103.77613830566406,104.19624535357005,101.47043554792806,102.4572000007046,7769700
2022-08-02,102.3008804321289,103.91291949513754,102.21295468786019,103.30718148157389,9093000
2022-08-03,106.51170349121094,107.17605859219252,103.29740519575287,103.29740519575287,11243000
2022-08-04,105.6324234008789,106.93181765783031,105.18300778100584,106.41401286653876,7322400
2022-08-05,104.17669677734375,105.22207834567142,102.94569172191073,104.35255570724281,10100000
2022-08-08,106.59964752197266,108.6708742130833,105.4174875441048,105.72035282037564,13025900
2022-08-09,105.6421890258789,106.70711465314055,104.56749884107354,106.70711465314055,8776500
2022-08-10,109.84326171875,110.07773782023912,107.38124401846213,109.89211432291313,26398700
2022-08-11,114.98223114013672,120.4338427447447,114.63051330063169,119.39823324723544,50375000
2022-08-12,118.7729721069336,118.81205269948198,116.18394061802468,116.26210180312145,21964800
2022-08-15,121.40107727050781,123.06196136293615,118.20630795993999,118.21607997098546,24628300
2022-08-16,122.0849609375,123.56999345660863,120.60970042879418,121.86025687525512,14607300
2022-08-17,119.98442840576172,121.61601129910485,119.74995232828071,120.60970291495114,9140900
2022-08-18,119.84765625,120.29707186077769,118.90974443787347,120.17983754292467,7343900
2022-08-19,117.37586212158203,118.5971025776946,116.73105103676191,118.46032424291882,8702500
2022-08-22,113.27249908447266,115.49026851054666,113.02825098912325,114.99200030895298,11575800
2022-08-23,112.21734619140625,113.69260678317632,111.98287010555643,113.31158034847272,7180700
2022-08-24,113.73168182373047,114.46442607838563,111.47482445076774,112.03170978615127,7840500
2022-08-25,114.75753021240234,115.06039548120343,113.43859191946711,114.32765115692155,6920900
2022-08-26,111.44552612304688,115.64659655099395,111.26966718760117,114.7673018737654,7807400
2022-08-29,110.9179458618164,111.83632110207834,109.82371914544693,109.95072547392253,6882700
2022-08-30,109.84326171875,112.1098839101071,108.88580583572308,111.6506962648728,8060000
2022-08-31,109.5013198852539,111.13289555190241,109.27660833323027,110.27314484552825,7353000
2022-09-01,109.94094848632812,109.99956564237732,107.49846759947694,109.21797623090102,7718700
2022-09-02,108.64154815673828,111.26966000745898,108.28983030854293,110.44898999757666,8465100
2022-09-06,107.55709838867188,109.20821806270229,106.02322049546066,109.19844605083541,9537300
2022-09-07,110.09727478027344,110.36105944579326,107.34215653948023,107.34215653948023,8193900
2022-09-08,109.74555206298828,110.39036313562238,107.82087594791095,108.51453961941039,8443300
2022-09-09,112.52998352050781,112.8719293654522,110.58577075594361,110.66392448203062,9563100
2022-09-12,113.71214294433594,114.78683307565089,112.61790879118487,113.46789484840706,7923400
2022-09-13,109.18867492675781,111.20127692636255,108.61224552305335,110.44899604279574,10504600
2022-09-14,109.9116439819336,110.1461200686808,107.35192123425348,109.27659743704368,8610400
2022-09-15,108.221435546875,111.77769443411574,108.16281839315923,109.80416578193963,9739800
2022-09-16,105.7594223022461,107.05882392176825,104.49910127134041,106.697334067461,15978800
2022-09-19,106.65826416015625,106.70711676428422,104.57727292148381,105.05599713572228,7979500
2022-09-20,105.09507751464844,105.91575504839295,104.40141376983416,105.78874125946272,6957400
2022-09-21,102.0859375,105.55426362762658,102.0859375,104.91921705376895,9776400
2022-09-22,99.8095474243164,102.25202843073926,99.67276163040506,101.81237737726684,10953400
2022-09-23,97.21074676513672,98.85209434535577,95.76479468933347,98.30498096990299,11976900
2022-09-26,95.86250305175781,98.34406479962159,95.80387843541425,96.6734011302575,9760500
2022-09-27,93.64472198486328,97.34752415186341,93.23438695730817,97.24005438933318,13360200
2022-09-28,97.11304473876953,97.57223235318357,93.25392033859023,93.5861016261099,12895500
2022-09-29,95.2079086303711,96.3314514074819,94.01598413567216,96.2630622360331,9435100
2022-09-30,92.1596908569336,95.2372182733308,92.11083825752247,94.27976248343784,12094900
2022-10-03,94.89527130126953,95.53031786658123,92.32578391383002,93.52748787304205,9468400
2022-10-04,99.10610961914062,99.18426334476978,95.96996496726281,96.40960855763565,10229000
2022-10-05,98.48084259033203,98.8911776331087,96.4291524687269,97.73832623635933,7562800
2022-10-06,97.73832702636719,99.12565453679386,97.57224009635716,98.1193534911483,6728200
2022-10-07,94.9245834350586,96.52685034560255,94.23091228428011,96.2435216602934,7051000
2022-10-10,92.9706039428711,95.4912387670263,92.247624172244,95.34468841060942,9532300
2022-10-11,90.95799255371094,92.87289679702626,90.5183489474999,92.62864869271776,8900900
2022-10-12,91.2608642578125,91.90567537001586,90.0786968866954,91.01661615621748,6156200
2022-10-13,94.41654205322266,94.73895132429259,88.62297700018702,89.46319103480913,11025400
2022-10-14,92.27692413330078,95.83317567778643,92.15968982220657,95.22744519350616,8202100
2022-10-17,95.0906753540039,95.7159499152174,94.04529374817567,94.16252806974025,7083800
2022-10-18,96.21421813964844,98.0607332428248,95.3935406194252,97.57223702602977,8533500
2022-10-19,96.71247100830078,99.52621375750344,96.23374684205565,98.12911439352021,11731000
2022-10-20,96.3216781616211,98.43198534589736,95.85272597880007,95.9699677514356,8212400
2022-10-21,99.69230651855469,99.94632663251005,95.63778652190273,96.08720213652494,10193400
2022-10-24,99.37966918945312,100.81584922551701,97.81648282341304,99.77046764442828,8221500
2022-10-25,101.95893096923828,102.32042085306877,99.68253680996938,99.80955059681128,7687500
2022-10-26,102.22270965576172,104.95829129113002,101.14801953253142,101.14801953253142,9203700
2022-10-27,102.03709411621094,104.41118607375134,101.9100803269251,103.3755690055584,8673500
2022-10-28,103.51234436035156,103.64912270342795,101.14802448276195,101.68537329760535,7250900
2022-10-31,104.0887680053711,104.44048585491744,102.40833993617412,103.22901740306902,8814800
2022-11-01,103.56118774414062,106.33584240396102,103.20946990643662,105.22207173585171,7955800
2022-11-02,99.47736358642578,103.63935320197172,99.44805500771622,103.02384323362953,9583200
2022-11-03,96.96649932861328,98.38313538008147,96.29237216215121,97.8946391618013,8978400
2022-11-04,97.28890991210938,98.83255977127727,95.85272981869751,98.82278775970104,11035800
2022-11-07,98.11934661865234,99.22334534263253,96.71247518331727,98.55899021526434,11355200
2022-11-08,97.6015396118164,99.62391352698093,95.79410521145802,98.42220962777407,27130300
2022-11-09,84.75409698486328,89.00401274923983,84.29490933019495,88.46667136171006,62029800
2022-11-10,88.37873077392578,88.41781136401953,85.59430395102432,87.68506707094755,36968100
2022-11-11,92.82405090332031,93.38093627851876,89.00400700474842,89.47296664095474,22373300
2022-11-14,92.11083984375,94.39700587530572,92.0424506757128,93.64471757303616,20598000
2022-11-15,93.31254577636719,94.94412128783968,91.5441844719803,93.79126996305604,15801900
2022-11-16,91.7884292602539,93.02921373188323,91.56372519156714,93.02921373188323,11137700
2022-11-17,89.34596252441406,90.14709608864219,88.75976850612592,90.00055317446616,12306400
2022-11-18,89.68791198730469,91.01662234666188,88.8183892827952,90.72352162326857,10011700
2022-11-21,95.33492279052734,98.5687653378119,94.10391024574993,97.81648444891833,70273500
2022-11-22,93.9964370727539,95.42284506959236,92.50163990667869,94.76826195634615,25753700
2022-11-23,96.60501098632812,97.05442661985906,93.5763358754,93.79127540749325,15503200
2022-11-25,96.5952377319336,97.51360548565752,95.82341286975165,96.53661312145661,6664300
2022-11-28,93.48839569091797,96.84924413855994,93.23437560551477,95.95041301034522,13660000
2022-11-29,92.51140594482422,94.21137050885427,91.7591176779297,93.7912635095633,13205300
2022-11-30,95.61824798583984,95.68663715505205,91.71027842203276,92.76542453932676,15368100
2022-12-01,96.3216781616211,96.56592626421637,94.35792878353465,95.61824988738955,13855700
2022-12-02,97.1423568725586,97.39637698950325,94.77803699890788,95.21768060751228,12608100
2022-12-05,93.72288513183594,96.8785739949058,93.46886501018015,95.9797352845532,10764500
2022-12-06,90.16663360595703,93.791274680934,89.86376833336864,93.52749000059262,11492400
2022-12-07,90.02985382080078,90.6551283790358,89.16033115532205,90.52812204665892,10353400
2022-12-08,90.42064666748047,91.28039726819262,89.5608886129081,90.3717940675215,9351200
2022-12-09,91.23155975341797,92.72636458532251,89.78561498341166,90.24480266505604,10111900
2022-12-12,92.48210906982422,92.48210906982422,90.47927156199063,91.57350579145076,14140700
2022-12-13,92.52118682861328,95.1492990405577,91.4171879862855,94.27000429921372,22882100
2022-12-14,91.98383331298828,93.27346294585166,90.48903617647166,92.3648597417529,11505400
2022-12-15,88.40804290771484,90.97753776920473,88.04656047906894,90.34249119890318,15957700
2022-12-16,88.00747680664062,88.98446920248558,86.76669228975568,88.1149465664924,26383900
2022-12-19,83.80641174316406,87.40174428197689,83.4449293046558,87.38220771254169,19225300
2022-12-20,85.01788330078125,85.81901684537553,83.78687812870349,84.09951542771928,14918400
2022-12-21,84.920166015625,86.07301718825443,84.49029448698755,85.18395810174245,11004800
2022-12-22,84.6759262084961,84.73455081882916,82.74148550628884,84.05065169325131,15487400
2022-12-23,85.98509979248047,86.04371694891461,83.79663153671018,84.07996021590883,11171600
2022-12-27,84.3828353881836,85.9167131419746,83.9822649305232,85.40867292513022,11561400
2022-12-28,82.23344421386719,84.6954691071335,82.1357464697541,84.09950317802556,12399500
2022-12-29,85.1741943359375,86.2098038534328,83.01504211244361,83.28859878092463,13045100
2022-12-30,84.88109588623047,85.1155794258542,83.26906441101451,83.75756060444004,23231000
2023-01-03,86.92302703857422,87.90001957365297,85.80925614489337,86.93279905100623,14997100
2023-01-04,89.86376953125,90.61605044391578,87.30404660890525,87.92932118547084,14957200
2023-01-05,89.80513763427734,90.35225843481047,88.42758225673033,89.55112498267086,11622600
2023-01-06,91.75912475585938,92.51141308078238,89.21894599730818,90.52811969412072,9828100
2023-01-09,92.58956909179688,93.49817234769627,91.29993938541004,92.25739524423786,11675800
2023-01-10,93.36139678955078,93.43955797502389,91.66143200174561,92.11084763742464,6914600
2023-01-11,94.11368560791016,94.32862514206404,92.86313644977218,93.71311512083045,8757300
2023-01-12,97.51361083984375,98.31474432432198,95.3251499109526,96.2337531577026,19764300
2023-01-13,97.11304473876953,97.30844023458555,95.75502591742529,97.09350071687172,12230200
2023-01-17,97.61131286621094,98.66645897819055,96.72224621706974,98.01187586847625,14914200
2023-01-18,96.7613296508789,98.80324021984437,96.4486923763147,97.97279815808263,11384500
2023-01-19,96.8004150390625,97.1618974799616,94.8855107057274,95.86250316888986,10973600
2023-01-20,101.09917449951172,101.2066368034811,97.01534606356431,98.03141157672817,14549900
2023-01-23,103.2583236694336,103.51233631319357,100.55205069068089,100.9135405429148,11479100
2023-01-24,103.56118774414062,105.94505143216547,99.65321839530513,102.29109472422509,8606700
2023-01-25,105.6324234008789,105.67150399224099,101.78307087111051,102.54512376801964,10008000
2023-01-26,107.17607116699219,107.23469578392134,105.095079885602,105.68127387786646,9204400
2023-01-27,107.01974487304688,108.03581783011488,106.64849045663865,106.74618820265553,10249700
2023-01-30,105.1146011352539,106.46285532020597,105.00713883657825,105.76919166084163,8548500
2023-01-31,105.993896484375,106.21860800143568,104.97782356009971,105.10483733429662,8251700
2023-02-01,106.87320709228516,107.41055593934497,104.44049789730576,106.0036843789419,9975500
2023-02-02,110.60530853271484,110.91794580206061,107.1662985699113,108.1237469462188,13093200
2023-02-03,108.16282653808594,110.5369183425279,107.83065270353656,108.90534284112509,12472500
2023-02-06,107.3421630859375,107.88927647229961,106.03298932789278,107.6352563484054,11956500
2023-02-07,109.06166076660156,109.54039241744906,106.35539505269209,106.78527410117209,10844000
2023-02-08,109.20820617675781,110.7225473352793,107.7524896291959,109.61854118417361,27719900
2023-02-09,107.82088470458984,115.46096517597834,107.28353588887056,115.324186832679,46137200
2023-02-10,105.57379150390625,107.21513895858257,104.7433494928666,106.45308611424359,15566000
2023-02-13,105.18301391601562,105.7985164946825,104.0985516675113,105.61288553835044,12341500
2023-02-14,105.18301391601562,105.94506685737302,103.38534387781003,104.36233635726538,10768100
2023-02-15,106.72665405273438,106.7559626338643,104.24509231430245,104.62611877671317,8156000
2023-02-16,103.39510345458984,105.53471165864565,103.26808967706522,105.0755315097695,9479900
2023-02-17,102.79914093017578,103.36579830784761,101.48996724568777,102.61350999000663,9492200
2023-02-21,99.74114227294922,101.34341653372601,99.4871296367779,101.16755761814441,10648200
2023-02-22,99.34058380126953,100.20033439760785,98.76415443089915,98.99863796487703,9885100
2023-02-23,99.38944244384766,99.70207972096628,97.31821582427385,99.1158783042408,10974800
2023-02-24,97.99234008789062,98.11934641570551,96.68316640408158,97.24005177043979,8523000
2023-02-27,98.13887786865234,99.13541423263179,97.75785145120727,98.4124419859232,6641200
2023-02-28,97.31822204589844,98.43199288270402,97.27914145202757,98.13889215560313,8233700
2023-03-01,96.27283477783203,97.33775294681136,95.84295572415047,96.90788134699051,7898300
2023-03-02,96.64408111572266,97.00557096727564,95.17859259614144,95.49122984883103,7776600
2023-03-03,98.8130111694336,98.85209176006681,96.60500624874994,97.37683114256991,7434300
2023-03-06,98.34405517578125,100.33711304376132,98.17796080856607,99.27219494228041,6773300
2023-03-07,96.78086853027344,98.61761908432152,96.61478160472761,98.09004227329882,6951300
2023-03-08,97.01535034179688,97.32798761821728,96.03835792125052,96.72224963408873,5668700
2023-03-09,93.92805480957031,97.74809891828468,93.71311527506268,97.16189747731441,8275600
2023-03-10,91.41718292236328,93.69357711167255,90.69421059902236,93.40047639617337,13978800
2023-03-13,90.46949005126953,91.85681739830099,88.37872702014887,89.7758263777538,11915300
2023-03-14,91.2120132446289,92.13038850785726,90.21547679860227,91.83728779929397,10323600
2023-03-15,90.95799255371094,91.21201266927274,89.30688043721074,89.52181250775931,9543800
2023-03-16,92.12061309814453,92.38439776303176,89.77582987772101,90.53788274724006,9931700
2023-03-17,91.0556869506836,92.10106850046355,90.77236571951903,91.88613643783188,12943200
2023-03-20,92.0522232055664,92.73611488979456,90.86029130974565,91.28039833116017,6657200
2023-03-21,94.31884002685547,94.6217052626172,92.98035785712472,92.98035785712472,7285800
2023-03-22,92.71659088134766,95.67687700014652,92.63842969145944,95.20791731467855,8811100
2023-03-23,93.62519073486328,94.78780671231587,92.57980908402313,93.08784189168612,9527000
2023-03-24,91.91544342041016,92.81427460662152,90.87982644564818,92.62864367217301,9534600
2023-03-27,93.42001342773438,93.81080441400547,92.2085375179411,92.59933595807246,7487900
2023-03-28,92.63841247558594,93.79126372367719,92.41370095988292,93.31253956883505,5426100
2023-03-29,94.6412582397461,94.68033883093956,93.15622558983664,93.86943333486141,5889100
2023-03-30,95.84294891357422,96.64408234968653,95.42284190110922,96.45845887012769,7669500
2023-03-31,97.82624816894531,97.89463734007745,96.23375321037662,96.61477965723576,8920000
2023-04-03,97.46476745605469,98.11935059893656,96.98603579586279,97.90441107050114,7313200
2023-04-04,97.27912902832031,98.10957104390063,96.4877676016198,97.9923367311214,6794200
2023-04-05,97.61131286621094,97.87509753074075,96.36075635084853,97.4061379057473,7747200
2023-04-06,97.66993713378906,98.01188300301898,96.2826096335643,97.15213232411791,7042500
2023-04-10,98.4906005859375,98.4906005859375,96.62454899448196,97.01534744179078,8016600
2023-04-11,98.10956573486328,99.56528963988616,97.98255941827179,98.83254540922651,7504600
2023-04-12,95.68663787841797,99.86816415068513,95.45215433603741,98.92048033168001,9289200
2023-04-13,98.51991271972656,98.74462425754152,96.24352603070034,96.24352603070034,8745000
2023-04-14,97.6015396118164,98.53945139599384,96.65385581682226,98.18773354519477,7337300
2023-04-17,97.99234008789062,98.25612475454014,96.86879734415446,97.27913236065831,6705300
2023-04-18,98.60784149169922,98.82278100852751,97.30843983368113,98.29520422736543,8180100
2023-04-19,96.47799682617188,97.53315037785546,96.09697039704062,97.48429777766519,11523300
2023-04-20,95.81365203857422,96.31192028953552,95.14929685524616,95.50101474370578,7762700
2023-04-21,97.27912902832031,97.42567937315452,95.47169465232547,95.90157367614312,9468000
2023-04-24,97.3865966796875,98.42220617411147,96.3998323299126,97.84578427177662,8540600
2023-04-25,95.75501251220703,97.41589635570885,95.75501251220703,97.09348712427378,6511400
2023-04-26,94.38724517822266,96.21422382029375,94.24069481375942,95.58894176832656,8634500
2023-04-27,97.63085174560547,97.76763008657916,94.48493499548961,94.89527001841067,8166500
2023-04-28,100.1417236328125,100.20034079311824,96.80041132589302,97.08374002380525,11329700
2023-05-01,99.8583984375,100.24919691225404,99.2722044522994,100.05380140180749,6909500
2023-05-02,98.28543853759766,99.36012873699653,97.32799011506188,98.99864630259174,6955900
2023-05-03,98.5394515991211,100.21987967776727,98.3245120838719,98.73484709269658,7772100
2023-05-04,95.2079086303711,97.24982667024629,94.38723857298554,97.24982667024629,13260700
2023-05-05,98.20728302001953,98.52969233460189,95.85273496623907,96.32168719303046,9300100
2023-05-08,100.60091400146484,101.5192892918214,99.35036485519433,99.36012941293706,10810100
2023-05-09,99.8290786743164,100.61067553627667,99.74114548676233,100.54228636989465,6829900
2023-05-10,98.8130111694336,100.8744657387078,97.73832101553181,100.63021763764554,19525200
2023-05-11,90.18616485595703,92.92174652101693,89.76605783140555,92.61888126629157,57127200
2023-05-12,89.87353515625,90.74305785754481,89.14079080433676,90.21548102970397,21837500
2023-05-15,90.72351837158203,90.73329038304118,88.61321112805376,89.4338886518239,16792000
2023-05-16,88.88677215576172,90.29363614826573,88.69136920273303,89.92238171830199,17013300
2023-05-17,90.63558197021484,90.9091461043689,88.75975834489286,88.9258452645196,12461600
2023-05-18,91.6028060913086,92.07175825163952,90.3327130371803,90.71373946264676,15014800
2023-05-19,89.24825286865234,90.86029179448792,89.2189442897234,90.86029179448792,16429000
2023-05-22,89.70744323730469,89.82468501048163,87.8218475784071,89.22871904108817,14150600
2023-05-23,87.75345611572266,89.91260840178343,87.74368410474797,89.00400518150805,14778700
2023-05-24,87.02071380615234,87.4310488301124,86.37590269048091,87.382203681847,15350800
2023-05-25,86.11210632324219,87.49943369049639,85.77016048678661,87.49943369049639,13605800
2023-05-26,86.25865936279297,87.18679915557107,86.07302842269318,86.45405486005349,12892700
2023-05-30,85.79946899414062,86.92301170201742,85.00810756558907,86.92301170201742,14800700
2023-05-31,85.93624877929688,86.14141628446404,85.14488733738636,85.5649943585935,11440600
2023-06-01,86.55174255371094,87.01093011817444,85.10579815269773,86.366119089036,11993200
2023-06-02,88.68159484863281,89.23848020579567,87.53851555559226,87.56782413430709,14350200
2023-06-05,88.90630340576172,89.64881967513242,87.38219773261244,89.10169889324135,18506700
2023-06-06,90.03962707519531,90.38157293928502,88.92584883323616,89.00401001755975,12109100
2023-06-07,90.3913345336914,90.93845535215985,89.74652341881219,90.6453546474853,11082400
2023-06-08,90.40110778808594,90.54765814243859,89.19941128088763,90.39133577676625,9030200
2023-06-09,89.8149185180664,90.78213898116168,89.44366406098464,90.64536063098097,9625400
2023-06-12,90.99707794189453,91.08501114008861,89.6585955763343,90.12755524102711,12341600
2023-06-13,91.69074249267578,92.26717193022039,91.29017945303927,91.95453463567688,12964400
2023-06-14,90.32295227050781,92.34532641661241,89.80514744599647,92.0913137372536,15877400
2023-06-15,90.80168151855469,91.36833147980207,89.50227975924594,89.94192338422184,13354600
2023-06-16,89.21894836425781,90.83098736371349,88.76953274114872,90.74305416905045,22683400
2023-06-20,87.68506622314453,88.69136718328274,87.67529421225046,88.21264300351861,14939200
2023-06-21,86.60060119628906,87.60690212287696,86.08279644407278,87.48966781149822,17873000
2023-06-22,86.45405578613281,87.13795494159127,86.09257336694269,86.40521063822467,10915300
2023-06-23,86.07302856445312,86.36612926468706,85.5943043776741,85.99486738387601,13538000
2023-06-26,86.65923309326172,87.43105807452437,85.75062975621695,86.01442190941198,13132700
2023-06-27,87.01094818115234,87.5971496342461,86.45406276380217,86.85463325982549,10032700
2023-06-28,86.7862319946289,87.3431173344037,86.49313130891161,87.33334532385044,12118300
2023-06-29,86.90347290039062,87.06956727695966,85.33051450565665,85.77993757888976,13402600
2023-06-30,87.22588348388672,87.53852076521797,86.57130034076516,87.12818573106959,12837500
2023-07-03,88.41780853271484,88.85745211293566,86.86439425899847,87.06956176002554,7979500
2023-07-05,87.72415161132812,88.3103455814104,87.19657480209585,88.03678889229606,11028800
2023-07-06,86.69830322265625,86.78623641439364,85.76039141599998,86.6299140530207,12084600
2023-07-07,86.60060119628906,87.6655267324264,86.0534878662281,86.2781919322774,9705100
2023-07-10,86.07302856445312,86.6396859428465,85.83855247658224,86.21957891457009,13642600
2023-07-11,87.43104553222656,87.52874327893278,86.12187932787063,86.17072447429359,13735500
2023-07-12,88.07586669921875,88.6229800601479,87.50920931605042,88.03678610860088,14912100
2023-07-13,88.38851165771484,88.72068552606612,87.03049269454009,88.46667284574849,15325500
2023-07-14,86.58106994628906,88.40804098016972,86.38566699222392,88.3298872524042,17770000
2023-07-17,83.59146881103516,86.45405689092254,83.33745614940163,86.38566771988881,34503400
2023-07-18,83.97248840332031,85.29143402166795,83.34721390380231,83.54261684356419,21885100
2023-07-19,85.03742218017578,85.86786425664693,84.20698010370464,84.21674466124543,17177000
2023-07-20,84.22651672363281,85.17420057591359,84.05065778760276,84.84201927280762,15277500
2023-07-21,85.1741943359375,85.87763002852306,83.9041012850069,84.31444374158859,19901000
2023-07-24,84.60753631591797,85.93624651288611,84.55869117056274,85.47705891415828,13911900
2023-07-25,83.65985870361328,84.32421385103972,83.20067852491823,83.75756390924181,15335400
2023-07-26,83.88456726074219,84.28513026491667,83.4839968027073,83.69893632127622,14983700
2023-07-27,83.39607238769531,84.88109756538782,83.22998546757151,84.60754088427555,16691400
2023-07-28,84.14835357666016,84.58800463340725,83.48399843981034,83.88456890570033,13638300
2023-07-31,86.84485626220703,87.30404389563364,84.8810993963476,84.9983411710078,20837800
2023-08-01,86.98163604736328,87.66553523009183,86.4247506527536,87.06956924328102,13717500
2023-08-02,84.31444549560547,86.29773883721197,84.27536490588659,86.229349668669,15162700
2023-08-03,83.52307891845703,84.47076274735231,83.48399832765242,83.84548820219965,14145400
2023-08-04,84.31444549560547,85.10580693929704,83.48399600833469,83.96272764199581,11533900
2023-08-07,84.8322525024414,85.22305095607665,84.01157500442135,84.6661655821511,10818400
2023-08-08,86.10233306884766,86.29773601104284,84.11903979219213,84.50983822272241,16767900
2023-08-09,85.47706604003906,87.49944008207368,85.0374224258901,87.1477222092102,32517900
2023-08-10,89.6488265991211,90.40110748326582,85.73108490553095,87.90000927182705,56716800
2023-08-11,86.97186279296875,89.24825694259309,86.81554788025888,89.21894836232627,21998900
2023-08-14,86.76669311523438,87.24542476053247,85.96555964117412,86.94255204631396,13676400
2023-08-15,85.05696105957031,86.20004790105438,84.8908741305367,85.96556434421302,13677900
2023-08-16,84.36329650878906,85.05696025334936,84.099511827169,84.54892745939705,12182700
2023-08-17,83.94317626953125,84.95924915166661,83.8259419645008,84.9201685653699,14206000
2023-08-18,83.98226165771484,84.72477793208807,83.40583974806438,83.40583974806438,12364400
2023-08-21,83.90410614013672,84.2655960180387,83.44492596510742,83.8357169690591,11215000
2023-08-22,83.8161849975586,84.10927826659795,83.40584994858689,83.73802381093702,9835300
2023-08-23,83.85526275634766,84.34375897542853,83.66963180786149,83.8357187334224,7576000
2023-08-24,80.57256317138672,83.97249249651092,80.5627911604573,83.54262091580095,27531000
2023-08-25,81.44208526611328,81.72541395033471,80.56279063471233,81.15875658189185,16050900
2023-08-28,82.22369384765625,82.74149868929456,81.60818379118241,81.90128452796627,12166400
2023-08-29,82.45816040039062,82.60471075178408,81.80357727854174,81.86219443755492,11210700
2023-08-30,82.34091186523438,82.73171028556428,81.90126830102568,82.45815362749131,11816600
2023-08-31,81.75472259521484,82.66332580608754,81.71564200558093,82.51677545842543,10448000
2023-09-01,79.76166534423828,80.33809478253075,78.6772030968514,80.22085300172692,27701900
2023-09-05,79.32200622558594,80.49439398931148,79.31223421562801,79.54671027760119,12741700
2023-09-06,79.11685180664062,80.20130656757352,78.67720073223566,78.93122085607892,15518500
2023-09-07,78.7162857055664,78.98984241391723,77.91515215088418,78.96053383143125,14768000
2023-09-08,79.70304107666016,79.7909668140302,78.32547822697944,78.68696809517505,16220900
2023-09-11,80.62140655517578,81.92080818753877,79.30246835524157,80.05475664928758,26579100
2023-09-12,81.75472259521484,82.72194296360826,80.67026045791968,81.11967605791925,16594600
2023-09-13,81.559326171875,82.11621152355936,81.20760832303644,81.4323123935465,9772700
2023-09-14,82.53631591796875,82.79032855883574,81.12944456730848,82.067356316462,22371900
2023-09-15,83.61101531982422,84.2069813082089,82.66333145456134,83.25929744294602,21631200
2023-09-18,83.06389617919922,83.94319088936695,83.02482303995708,83.27883571433588,11894200
2023-09-19,80.05476379394531,82.83919078761082,79.83005225059016,81.9892046721294,21478900
2023-09-20,80.66049194335938,81.28576649688459,79.76166070439945,80.14268715252074,12715200
2023-09-21,80.82657623291016,81.74494392599254,80.03520740153805,80.17198572718563,14378000
2023-09-22,79.3806381225586,81.43232081710791,79.33178551755415,81.00244919928507,11495300
2023-09-25,79.14615631103516,79.88866516731703,78.70650525927462,79.68349765803964,11034400
2023-09-26,78.20824432373047,78.88236400871071,77.95422421355187,78.64788792062456,14867900
2023-09-27,78.06169128417969,78.70650236766737,77.39733617927287,78.27663079662898,14662500
2023-09-28,78.2863998413086,79.05822474668553,77.81744765440907,78.43295019491242,12229800
2023-09-29,79.18524169921875,79.45879839482986,78.5599671224331,78.80421523692314,11261400
2023-10-02,79.79096984863281,79.88866760071308,78.9312191949215,79.05822552723977,9128100
2023-10-03,77.70996856689453,80.00589898497616,77.63180739383701,79.38062450823546,12586200
2023-10-04,77.49503326416016,77.95422086341277,76.91861135283291,77.7783619414407,12010500
2023-10-05,78.95075988769531,79.0777736805087,77.06516410399753,77.28010364211765,15466600
2023-10-06,81.03175354003906,81.60817548884782,78.6381176434489,79.18523846619384,15391100
2023-10-09,82.75125885009766,82.92711779205015,81.2173809773468,82.36046782696852,13604400
2023-10-10,83.03458404541016,83.32768475421348,81.99897446099689,82.83918854211504,9450600
2023-10-11,82.89781188964844,83.7477980455307,82.32138989420248,83.40585216231182,9499200
2023-10-12,82.40930938720703,83.11274512436705,81.58863932976077,82.87826902993393,9554900
2023-10-13,82.40930938720703,82.63402092419007,81.46162554430313,82.00874636979464,10808000
2023-10-16,83.73802185058594,83.95296138183289,82.37023093217324,82.37023093217324,10275100
2023-10-17,84.21674346923828,84.30467666288583,83.34722081332907,83.38630140452125,9985700
2023-10-18,82.7317123413086,84.27536204034583,82.65355116452847,83.71847670004253,10047000
2023-10-19,81.3346176147461,83.30813899068455,81.25645643351712,83.2983744334263,14316800
2023-10-20,80.74842071533203,81.52024558060472,80.70934012614427,80.99266880736035,10437000
2023-10-23,81.18806457519531,82.09666777878112,79.04845635038504,80.19153563603358,10772500
2023-10-24,80.66049194335938,82.26275891850032,79.8593584557889,81.49094146482125,11499500
2023-10-25,78.7358169555664,80.65072869234945,78.66742778309992,80.24038620368978,9372500
2023-10-26,77.94445037841797,78.75535583748682,77.59273252758956,78.23755107206173,11651000
2023-10-27,77.50480651855469,79.1656905663862,77.40710877230464,77.91514152512103,10300600
2023-10-30,78.82374572753906,79.06799382319284,77.70020299675966,77.88583393469183,10291200
2023-10-31,79.71280670166016,79.79096788294311,78.48180163882596,78.83351950073873,8672200
2023-11-01,79.20478057861328,79.70304883378557,78.33525786197875,79.65419622791846,9093000
2023-11-02,81.37371063232422,81.3834826449353,79.937530386823,79.96683897079458,11518500
2023-11-03,83.11274719238281,83.95296129335681,82.22368794136108,82.23345249905412,11331800
2023-11-06,82.08690643310547,83.82595934144234,81.66679936065316,83.12252355000024,14160900
2023-11-07,82.64379119873047,82.7317243988888,82.01851660108011,82.22369158349582,10540200
2023-11-08,82.55586242675781,82.9661974688281,82.01851359509847,82.20414454673731,26942600
2023-11-09,88.26148986816406,89.1114759398429,85.58453277833458,85.8190088673334,51062700
2023-11-10,86.23912048339844,88.08564307576695,84.93972618679516,88.05632704095531,25175700
2023-11-13,87.3822021484375,87.83161775543974,85.39890878024009,86.38566573189567,12834400
2023-11-14,88.97469329833984,89.4338808969128,87.91953976806924,87.95862035665633,13152000
2023-11-15,91.7688980102539,92.3941725607112,90.60627464900021,90.85052275320574,20593100
2023-11-16,92.33555603027344,92.43325378184942,91.47579792713931,91.72981804432537,12923900
2023-11-17,91.98383331298828,93.18552975636585,91.75912178773363,92.57002724540614,12189300
2023-11-20,92.84358978271484,93.39070316035625,91.7102824356204,91.81775219963721,14105300
2023-11-21,92.27692413330078,92.77519231703137,91.79819997065927,92.55048825152743,7654800
2023-11-22,92.88267517089844,93.5079497644517,92.57980988604452,92.72636024944069,7328200
2023-11-24,93.84989929199219,94.28955039927419,92.71659184231217,92.71659184231217,5440500
2023-11-27,92.9803695678711,93.53725496555963,92.34532298534818,93.53725496555963,11049500
2023-11-28,90.37179565429688,92.95105495558094,90.32294305348013,92.81427661792651,18660300
2023-11-29,90.37179565429688,91.09476793245034,89.33618611095322,90.46949340206999,13857000
2023-11-30,90.55742645263672,91.70050575292007,90.07869481772666,91.39764049913397,13396700
2023-12-01,90.44995880126953,90.70397146023211,89.65858988321688,90.60627371033415,11898200
2023-12-04,89.89306640625,90.28386482917793,89.50226798332208,89.78559665359833,12602800
2023-12-05,88.7011489868164,89.66836946402022,87.86093484981555,89.50228252978685,12357000
2023-12-06,89.3947982788086,90.42064320781431,88.53504771099215,89.01377186606018,10462000
2023-12-07,90.2252426147461,91.24131555977496,89.54135094687095,89.68790129108994,10264700
2023-12-08,90.97998809814453,91.68571641860984,90.2350518178585,90.2350518178585,9498200
2023-12-11,90.37227630615234,91.23483646941285,90.14683988395743,90.89177616727684,10811000
2023-12-12,89.2646713256836,90.37226805087622,89.05883516320459,90.29385961623163,13218400
2023-12-13,90.98979187011719,91.02899982990019,88.98042693062251,89.36269519081458,10173200
2023-12-14,92.0777816772461,92.95013815332821,91.36224955060692,91.36224955060692,12439300
2023-12-15,91.6072998046875,92.08758422208216,91.08780742776928,91.20543130633993,17551600
2023-12-18,91.0191879272461,91.85233643408851,90.86235610197302,90.86235610197302,9083600
2023-12-19,92.06797790527344,92.12678610160084,90.77414523899859,90.80354933716228,8804000
2023-12-20,89.46070861816406,92.40123820867194,89.4411083779482,91.39165757910213,13060600
2023-12-21,90.19583892822266,90.25465460381588,89.25487037841711,90.10762663206273,13037200
2023-12-22,89.21566009521484,90.41147659967841,88.95101573548011,89.80377196689751,9419800
2023-12-26,89.14705657958984,89.46071278472617,88.80399627368352,89.03923655799731,8086900
2023-12-27,88.58834838867188,89.13725230768691,88.25509197190662,89.10784820951976,11123500
2023-12-28,88.60795593261719,89.17646008991213,88.18647974402309,88.30409613646127,8479600
2023-12-29,88.50013732910156,88.80398965193962,88.07866113380042,88.3335091183938,9211000
2024-01-02,88.91181182861328,89.66655194184513,87.95124302033167,88.31390354914775,10587600
2024-01-03,89.83317565917969,90.25465184363398,88.21588297566194,88.44132685587599,11929800
2024-01-04,88.76477813720703,90.11742644278873,88.21588171068284,90.11742644278873,12087400
2024-01-05,89.0980453491211,89.50971768438045,88.56874914172197,88.61776095798518,9092100
2024-01-08,89.73516082763672,90.11742906123794,89.19606076581285,89.73516082763672,11103700
2024-01-09,87.89241790771484,89.29407048937172,87.82380585734644,89.24506615519579,11255100
2024-01-10,87.51996612548828,88.039458506886,87.11809014552176,88.039458506886,15091600
2024-01-11,87.67678833007812,88.00024838236479,86.9318595454921,87.6179801308091,9642200
2024-01-12,88.55895233154297,89.02944037939655,87.87283171816674,87.87283171816674,11919400
2024-01-16,91.20542907714844,91.24462955756023,87.68659144698974,88.50013976137349,16780900
2024-01-17,88.54914093017578,91.90135022501052,88.31390066536125,90.74474166228872,15735200
2024-01-18,90.382080078125,90.67613603861598,88.61776674964031,88.86281089066487,12203200
2024-01-19,91.21522521972656,91.72492120158901,89.81357248683499,90.48989668354908,19790100
2024-01-22,93.19518280029297,93.3422107699542,91.0289936469537,91.0289936469537,15119400
2024-01-23,91.91114807128906,93.98912496505329,91.33284751978326,93.5382446677386,11559400
2024-01-24,91.64651489257812,93.36182399484562,91.4112745952932,92.54827559729888,10454900
2024-01-25,92.97954559326172,93.05796150987813,91.89154905420763,92.05817726840245,8661600
2024-01-26,93.4696273803711,93.6362555830238,92.8227073303271,93.11676325819307,7812800
2024-01-29,95.55741119384766,95.5672150533772,93.11677364175215,93.52844600414826,13422200
2024-01-30,95.018310546875,95.60641494037498,94.10674611959645,94.60663074108723,9139600
2024-01-31,94.14595794677734,95.63582297010547,93.91071019718339,94.50861847396627,9592300
2024-02-01,95.13592529296875,95.98868150959177,93.99892448229102,94.45960861731197,8484800
2024-02-02,95.20453643798828,95.47899212719807,93.92050767419228,94.37138794637903,9321300
2024-02-05,94.73406219482422,95.43979048603563,94.5772303620424,94.7830665339535,11679300
2024-02-06,97.32173156738281,97.35113566768656,94.87129016668777,94.99871042738857,16455500
2024-02-07,97.1747055053711,97.31192962826572,94.72426405631866,95.45939649103438,28886300
2024-02-08,108.34871673583984,110.53450625460331,104.68285853267341,104.95730677017254,60558400
2024-02-09,106.2413330078125,107.96644578669107,105.55521243117789,107.42734570636857,21509100
2024-02-12,107.12349700927734,108.8584062279762,105.69244013079914,105.74144447184723,13424000
2024-02-13,108.27030181884766,108.45653775808246,106.06490456091258,106.13351662092218,14594500
2024-02-14,109.3484878540039,109.46611172603905,107.49595486883152,108.38791907258656,11405500
2024-02-15,110.2208480834961,110.68153225025532,108.87801102004862,108.87801102004862,9961900
2024-02-16,109.3876953125,110.32866385003027,108.95642273997771,109.79936764551577,8782200
2024-02-20,107.27052307128906,108.92701634091708,107.18230329393353,108.65256810586172,9770900
2024-02-21,105.53561401367188,107.05489075345274,105.11413777140812,106.32956215449444,10427500
2024-02-22,105.5062026977539,106.33935126531165,105.28076628018655,105.84926299284786,9266200
2024-02-23,105.60421752929688,105.85906552165793,103.73208424065551,105.43758931351036,11724000
2024-02-26,105.54541015625,106.60400261450697,105.25135420290522,105.38857832029184,8694200
2024-02-27,107.25090789794922,107.4077397231676,105.64341908022597,105.64341908022597,7595000
2024-02-28,108.60356140136719,108.83880167227147,106.5059842469333,106.62360064330875,10773000
2024-02-29,109.36809539794922,110.51490010539476,108.77018713615557,108.9368153459923,11658300
2024-03-01,109.73076629638672,109.92680610134543,108.82900562803837,109.2308816195883,7242400
2024-03-04,111.43626403808594,111.86753659498464,109.58373112847296,110.43647986194861,11558900
2024-03-05,110.63253021240234,112.90653951589,110.04441829816898,111.3578587676289,14929600
2024-03-06,107.87822723388672,111.05400459699736,107.08428663218581,110.83836456242341,14743900
2024-03-07,107.995849609375,108.87800997575559,107.03527332639317,108.50553811097633,8609300
2024-03-08,108.1330795288086,109.10345224483902,107.17250319426414,107.99585540646707,10009200
2024-03-11,110.0836181640625,110.67173003505654,107.848816984375,107.90762518021317,8794300
2024-03-12,110.23065185546875,110.71093626210947,109.42690739861645,110.2894600543605,8085000
2024-03-13,110.26985168457031,111.86753662128726,110.21104349001415,110.50509194094792,7267900
2024-03-14,109.83857727050781,110.12282935566436,107.33913165797121,109.5249210865684,10520500
2024-03-15,109.73076629638672,110.72074674650496,109.19167365859656,109.38770598540135,15364200
2024-03-18,111.59310150146484,112.16160570938219,110.06402843838737,110.06402843838737,11820800
2024-03-19,112.2400131225586,112.88692572399773,110.99518477964111,111.16182046805787,10999700
2024-03-20,114.15135192871094,114.20036374395725,112.09298281696745,112.33802693689293,11699600
2024-03-21,114.3865966796875,115.0335167711962,113.56325199393466,114.67084876733648,10353500
2024-03-22,113.57305908203125,115.327575996825,113.54364750400097,114.60223996848329,7144800
2024-03-25,116.9938735961914,117.04288541494864,114.5532360807843,114.65125224014515,12103600
2024-03-26,117.55258178710938,118.01326599286404,115.84707657015211,117.25852581122008,11870000
2024-03-27,118.58175659179688,119.61093743278127,117.64078056839222,118.56214887397627,10782800
2024-03-28,119.93439483642578,121.28703568833022,118.79738652873412,118.84639834405476,15367400
2024-04-01,119.120849609375,119.97360586195711,118.38571722967937,119.64034196118872,8419700
2024-04-02,120.3852767944336,121.08120120837607,117.77801120685709,117.83681940353716,15517100
2024-04-03,116.62140655517578,121.23803710322646,116.03329465603787,119.84618075050727,22480400
2024-04-04,114.76886749267578,117.8074207495584,114.64144723459597,116.85664830914125,13815400
2024-04-05,116.03329467773438,116.50378270150199,113.99453318315051,114.28858165462101,9653900
2024-04-08,115.02371215820312,116.17051688219354,114.50421980348028,115.68042862631866,6266000
2024-04-09,115.63142395019531,116.16072016237402,114.57283152583788,115.0531159213108,7451100
2024-04-10,114.86688995361328,115.22955048372633,114.06314549807011,114.28858191222362,6746300
2024-04-11,114.82768249511719,115.93527928680113,114.06314599482619,115.25895508508826,6559400
2024-04-12,111.74992370605469,114.38659337871023,111.47547548539045,114.08274105985384,12155200
2024-04-15,110.7109375,113.25940249338854,110.53450542319854,112.6026785264226,9637100
2024-04-16,111.62249755859375,112.23020968307395,110.28945691519755,110.58351285759355,9291400
2024-04-17,110.70114135742188,111.94596227887071,110.6521295389228,111.74012610185099,7379000
2024-04-18,110.20124816894531,111.98516916416295,109.96600789434339,110.9363805704606,8235600
2024-04-19,110.37767791748047,110.48549793234862,108.87800904650948,109.50532141765873,9436000
2024-04-22,109.76997375488281,111.38726661715761,109.53473346816313,110.85797036342292,6901700
2024-04-23,111.45586395263672,111.97535627799056,110.56390726601008,110.59331136319571,6839300
2024-04-24,111.66171264648438,111.91656064762446,110.89717612121784,110.89717612121784,6157200
2024-04-25,110.53449249267578,110.65211635616808,108.20167528622345,109.0152235162017,8045900
2024-04-26,110.49530029296875,110.77954489759928,109.1132478364842,109.63274018572056,6304800
2024-04-29,109.85818481445312,111.62249804201024,108.15267230621531,110.7991533647809,7151200
2024-04-30,108.89761352539062,109.81898187807359,108.60356504642945,109.77977391858138,8156600
2024-05-01,108.28990936279297,109.76997058034466,108.02525750450239,109.08384998135736,6338400
2024-05-02,110.38748931884766,110.63253346426302,108.36832047548044,109.2210767936613,6799800
2024-05-03,111.40686798095703,111.84794442816256,110.56391556696798,111.28924410523061,7411100
2024-05-06,114.1611557006836,114.6218398422981,111.88714656862832,112.52426277558132,16303200
2024-05-07,103.3008041381836,105.74144160966475,102.14419553097325,105.1239330864669,55084600
2024-05-08,103.34981536865234,104.36919985380266,102.3696388419486,102.82051914685391,15238100
2024-05-09,103.70268249511719,104.02613507482317,102.32062996325526,102.54607386125994,15096000
2024-05-10,103.69288635253906,104.89849941696902,103.33021830811686,104.80048324981966,15884600
2024-05-13,103.73209381103516,104.52603448268788,103.49684603723466,103.49684603723466,9666400
2024-05-14,103.2615966796875,103.88890906512961,102.86952456924782,103.21259233972849,11278400
2024-05-15,100.73273468017578,103.78108416515035,99.38009381485858,103.52624366178468,20745600
2024-05-16,101.32084655761719,101.96775915297889,100.80134673578564,100.99738652085976,9476700
2024-05-17,101.2032241821289,101.76192449107845,100.99738801337415,101.57568856204418,7356000
2024-05-20,100.86016845703125,101.61490110989224,100.48769658213702,101.28164467251699,7667400
2024-05-21,100.9679946899414,101.64431146569636,100.68374257566303,100.94838696997513,7333300
2024-05-22,100.977783203125,101.77173128050141,100.71313882943518,100.93858272255528,7190300
2024-05-23,98.6645736694336,100.96798703261287,98.28229794062348,100.93858293304751,10504000
2024-05-24,99.74275970458984,100.0662122563698,98.6939711805688,98.8507955271662,6451600
2024-05-28,100.40929412841797,100.82096650906975,98.94882559805413,99.35070159689566,7813100
2024-05-29,98.88021087646484,100.05642726147691,98.77239085421823,99.7427710544378,7376300
2024-05-30,99.68395233154297,100.04662034786153,98.96842763646094,99.135055855518,7300600
2024-05-31,101.85014343261719,102.01677164241558,99.39970218915882,99.50751472397003,14735800
2024-06-03,100.73273468017578,102.15399507888354,100.44849007858738,102.1049832630769,6908600
2024-06-04,101.2816390991211,101.43846344979913,99.61533456947858,100.08582257781909,7269100
2024-06-05,99.48792266845703,101.03660345647663,99.02723848028567,100.95818753547856,10796900
2024-06-06,99.20366668701172,99.90939499210991,98.81159457549566,99.0468423292974,10294700
2024-06-07,99.52713012695312,100.24265483752843,98.55675741349643,98.86060975813906,6047800
2024-06-10,100.70333862304688,100.8111586439083,98.64496932341237,99.24287762886077,7621900
2024-06-11,98.87040710449219,100.84055650230606,98.74297937236913,100.60531623414907,9134200
2024-06-12,98.80178833007812,99.67414476507538,98.26268829579767,99.19385292429723,9041800
2024-06-13,98.10586547851562,99.06644177006879,97.63538493101677,98.61556146281843,10164600
2024-06-14,97.98824310302734,98.39011156791058,97.28251484667794,97.8314112779928,7087600
2024-06-17,99.50752258300781,99.89959470855739,98.6253696482135,98.97823381339275,10389000
2024-06-18,99.48792266845703,99.74277067262383,98.61556611227655,99.11545826094695,7044700
2024-06-20,99.82117462158203,99.91919825749358,98.39011777948481,98.57635371393253,7886900
2024-06-21,100.2426528930664,100.50730475042796,99.57613253718121,99.78197619430847,14137300
2024-06-24,99.95841217041016,101.0366049262799,99.8898001080772,100.2230565599362,7393600
2024-06-25,100.17403411865234,101.6246986118056,99.75255792953344,100.62492188407056,10296100
2024-06-26,100.15443420410156,100.3406701305021,99.41930183545084,99.87998598297646,10122300
2024-06-27,100.14463806152344,100.25245808215209,99.79177389913039,100.01721779994129,8365200
2024-06-28,97.32173156738281,100.54651334807593,96.42976730801604,99.99760938917574,21439400
2024-07-01,96.09650421142578,97.76280125722981,95.93967238312965,97.42954483933026,15299000
2024-07-02,96.04750061035156,96.04750061035156,95.02811607369966,95.99849626843262,13340300
2024-07-03,96.65519714355469,97.11588125635859,95.89066073428549,95.9004571141922,5030000
2024-07-05,96.04750061035156,96.36115681561724,95.64563210273951,96.36115681561724,8550800
2024-07-08,95.88009643554688,96.78601725993649,95.40743784610471,96.19519965762385,8167600
2024-07-09,95.56500244140625,96.0376535638351,94.67877219603452,95.97857405169502,9044400
2024-07-10,95.48622131347656,95.79147546541938,94.7772371426962,95.46652313503607,7761100
2024-07-11,95.12187957763672,96.08688747387278,94.82647451665707,95.52560959409222,7422600
2024-07-12,95.64376831054688,96.33306180929092,95.49606953685168,95.61422855580784,6465700
2024-07-15,95.38775634765625,95.99826467322873,95.12188351784218,95.84071680337763,7417700
2024-07-16,96.96327209472656,97.20944674409364,95.06280350110661,95.5354546208051,10755500
2024-07-17,95.82101440429688,97.10112553648665,95.05295073004454,96.79587138714375,9456100
2024-07-18,95.3089828491211,96.5595468239897,95.2006653970473,95.87026077684236,7529400
2024-07-19,94.2750473022461,95.33852365466957,93.97964221278704,95.33852365466957,9301000
2024-07-22,92.6896743774414,93.7039202226979,92.05946788897664,93.65468228877093,13377000
2024-07-23,89.5484848022461,90.28700868391145,88.4554688563691,89.31215175100272,22534700
2024-07-24,88.42593383789062,89.36139446636126,88.2092989523112,88.8395054307311,11768500
2024-07-25,87.84496307373047,89.11522519627881,87.84496307373047,88.70165357851543,10765300
2024-07-26,88.55393981933594,89.16445561742704,87.97296377535908,88.62286841648705,11301900
2024-07-29,90.7301254272461,91.13385544607864,88.8099662252846,89.00690293376387,13024800
2024-07-30,92.3548812866211,92.60105593313219,90.26731757965156,90.26731757965156,9896100
2024-07-31,92.25640869140625,93.38880600320093,92.20717075930489,92.35487704295531,10241800
2024-08-01,91.62620544433594,92.5124281520564,91.18308657782178,92.42380888634592,9263600
2024-08-02,88.1994400024414,90.78919422539278,87.6381621855792,90.74981289846646,15433600
2024-08-05,86.43683624267578,88.189598433811,85.09764563340657,85.56045514710817,19103200
2024-08-06,88.59333038330078,90.5036479881022,86.6140841800093,86.8799569975094,21717500
2024-08-07,84.64468383789062,87.87449377994776,84.43789805030626,86.65346971926473,30581900
2024-08-08,84.64468383789062,85.00902499467462,82.62605638043168,83.8470804411147,21890500
2024-08-09,84.89086151123047,84.93025035494252,83.4138136789706,84.81208382380636,16008400
2024-08-12,84.63483428955078,85.05825495115853,84.17203229851049,84.54621502934737,11754600
2024-08-13,84.29019165039062,85.13703297700468,84.00462817861114,85.13703297700468,14615200
2024-08-14,84.97948455810547,85.21581009735196,84.25080225039414,84.69392108821646,9475100
2024-08-15,87.43138122558594,87.56923841537635,85.87555578349037,85.91494462523812,12401000
2024-08-16,87.93357849121094,88.29791212577659,86.98826132613758,87.59877709677801,10277700
2024-08-19,89.43031311035156,89.55832120455679,88.04189219960773,88.04189219960773,9723600
2024-08-20,88.36685180664062,89.28262182117031,87.94343110072573,89.0069074103707,8863400
2024-08-21,89.33185577392578,89.39093528427594,88.0615937128201,88.83950648726407,7637600
2024-08-22,88.5440902709961,89.98174922744127,88.32745539174412,89.59771740064136,7613000
2024-08-23,89.17430114746094,89.36139628201802,88.30776910019074,88.77057863557678,7369200
2024-08-26,90.3756332397461,90.39533141816409,89.52879187146507,89.52879187146507,8043800
2024-08-27,89.50909423828125,90.31654669952776,89.36138796225926,90.03098323592612,7237400
2024-08-28,88.12067413330078,89.23338834074713,87.40184837443667,88.9478248500155,8569700
2024-08-29,88.4357681274414,89.3121491740522,88.25852210044971,89.06597455393337,6181800
2024-08-30,88.99705505371094,89.06598365388058,88.03205465133598,88.60318163140099,8403600
2024-09-03,87.76618194580078,89.10537261889303,87.18521338825178,88.23884057092616,8465500
2024-09-04,87.88434600830078,88.64256058986356,87.46092532926724,87.58893343682482,6317200
2024-09-05,87.29353332519531,88.29792260235862,86.98827164732903,88.29792260235862,6234100
2024-09-06,86.59439086914062,87.72678816507708,86.37775599117427,87.0965817088042,7791500
2024-09-09,86.98826599121094,87.52985319684416,86.46637696359369,86.87010697373003,8750200
2024-09-10,87.04734802246094,87.5298481790398,86.63377645967905,86.97841942866395,6858300
2024-09-11,86.96857452392578,87.07689196405364,85.26504274863143,86.70270922439153,10779000
2024-09-12,87.93357849121094,87.96311824399699,86.83071347372756,86.87010231499339,7173300
2024-09-13,89.1644515991211,89.33184853999364,88.0221977404897,88.0812772460557,7084200
2024-09-16,90.44456481933594,90.95661229792329,89.5583345776687,89.70604087005559,9028600
2024-09-17,91.4391098022461,91.82314164349613,90.75966538496348,90.95660960653649,8193100
2024-09-18,92.14808654785156,92.63058670467368,91.27170549228245,92.08899952981488,10289800
2024-09-19,92.02008056640625,93.83192988520146,91.89207245379434,93.36912034418708,10912400
2024-09-20,92.31549072265625,92.5715144538035,91.39972075418135,91.77390350535512,19251500
2024-09-23,91.54743194580078,92.26625773164713,90.74982846728095,92.26625773164713,7338700
2024-09-24,92.25640869140625,92.35487704295531,91.0452261806572,91.91175819200404,7860300
2024-09-25,92.4828872680664,92.99493472810158,91.92160938745533,92.20717287234922,8408200
2024-09-26,93.74330139160156,94.32427745778277,92.73891215006219,93.01462654920422,10061600
2024-09-27,94.5409164428711,95.41729761211187,93.82208314597202,94.02886895428851,10155400
2024-09-30,94.71815490722656,96.07703618701873,93.97963100268989,95.36805203663894,7982300
2024-10-01,92.61090087890625,94.38335374689002,91.89206763768838,93.73345661575874,10099200
2024-10-02,92.7093734741211,93.13279416706256,92.15793715676341,92.15793715676341,6144200
2024-10-03,92.19731903076172,92.65027944504214,91.70496977445862,92.17762836607712,6180300
2024-10-04,93.69406127929688,93.88114888070415,92.45333909883622,92.85706907914488,6308900
2024-10-07,90.9762954711914,93.68421639551829,90.35593810944633,93.63497846456004,11043600
2024-10-08,91.09446716308594,92.30564220173791,90.28701463309999,91.10430873971283,10209100
2024-10-09,92.16778564453125,92.57151566866386,90.06053128299321,90.45441221777641,8654500
2024-10-10,91.5671157836914,92.44349688952542,91.27171072717813,92.28594902858242,6698000
2024-10-11,92.6896743774414,93.16233300011696,91.38003097923884,91.42926140051188,8089100
2024-10-14,93.5168228149414,93.73345769870593,92.36472731054319,92.73891005626591,6262000
2024-10-15,92.7782974243164,94.18641663373656,92.24655931243883,93.79253571612499,6535800
2024-10-16,95.26959228515625,95.30898113180558,92.1973298603972,92.2958057333477,9936300
2024-10-17,95.06279754638672,95.8407102911768,94.14702760759874,95.44682937433133,9542500
2024-10-18,95.79147338867188,96.04749711427064,94.58029838372508,95.5256080867201,8609700
2024-10-21,95.14157104492188,95.95886508403757,94.48181734536493,95.71269046092546,8189900
2024-10-22,95.25973510742188,95.77178255773413,94.72799699178393,94.72799699178393,5344300
2024-10-23,94.76737976074219,95.65360989666702,94.52120514035491,95.44682411706009,5388500
2024-10-24,93.94024658203125,95.31882610459664,93.7925402916396,95.12188187985645,5015300
2024-10-25,93.57589721679688,95.36804818559786,93.55620655237196,94.34396084447539,6638100
2024-10-28,94.72798919677734,95.21049685306949,93.75313982132,93.76298890949923,8146400
2024-10-29,94.65907287597656,95.14158059481868,94.21596151495851,94.78708850094262,6834400
2024-10-30,93.6251449584961,95.23020097652578,93.48728775511461,94.2356532841415,7718200
2024-10-31,94.72798919677734,95.1514098366472,93.54635404547469,93.81221932508922,8147700
2024-11-01,94.34396362304688,94.91509057268341,93.37896327208513,94.23564618388637,7944900
2024-11-04,94.32427215576172,94.55074860833204,93.57589917683273,94.36366099808993,6088000
2024-11-05,95.15142059326172,95.19080943777836,93.79253926438044,94.1371822630836,6561700
2024-11-06,97.37683868408203,98.0267433309907,96.7072433718066,96.7072433718066,11325100
2024-11-07,97.41622924804688,97.99719779479877,96.62846739169622,97.2685229608994,7805100
2024-11-08,97.50484466552734,97.74117772069992,96.11642365149272,97.2192887043375,7982100
2024-11-11,99.31670379638672,99.3560926428568,97.48516375512654,97.48516375512654,9137900
2024-11-12,99.4447021484375,99.74011471162937,97.97750344659926,99.01143990511726,9366200
2024-11-13,101.14823913574219,101.62089024610326,98.81450080129083,99.24777057966676,17701300
2024-11-14,107.45030975341797,113.05323946068607,106.7413255869947,108.64179411151392,47436100
2024-11-15,113.3191146850586,113.42743213015348,108.56301872821416,108.56301872821416,32048000
2024-11-18,111.80267333984375,113.67360207183387,111.16261778512954,111.59588754757984,14226200
2024-11-19,110.69981384277344,110.77859153312286,109.1242975990554,110.33548017205199,12166800
2024-11-20,112.51165771484375,112.61997515567087,109.76434787620357,110.54226062730129,9319300
2024-11-21,112.9646224975586,114.47121012557376,112.08824136083534,112.4033446064813,10261000
2024-11-22,113.8803939819336,114.55983090368584,111.86175885769535,112.10793350637543,10098000
2024-11-25,114.22502899169922,114.79615593969457,113.17140186960951,113.9099257639524,10397800
2024-11-26,113.68344116210938,114.63859992881264,113.67359958601703,114.22502835332881,6808100
2024-11-27,115.80055236816406,116.39137001803476,113.6834489028612,113.6834489028612,8142400
2024-11-29,115.67253875732422,115.93840405769797,114.94386394087982,115.46575296533271,5095200
2024-12-02,115.3672866821289,116.81478725202038,114.76661996062843,115.97779498010041,8390500
2024-12-03,114.66814422607422,115.43621541296177,113.68344566676863,115.2097314387538,9194000
2024-12-04,115.19988250732422,115.49529508058183,114.06747766004179,114.1954932810252,7996200
2024-12-05,114.71737670898438,115.47559125805994,114.28410695942495,114.76661463967193,9823600
2024-12-06,114.94386291503906,115.46575193483424,114.44166456031101,114.76661687882054,6677900
2024-12-09,112.85630798339844,115.38698310364728,112.16702196335173,114.60907030236362,8666100
2024-12-10,112.97447204589844,113.19109942412878,111.97992437077218,112.89569435600342,7526400
2024-12-11,112.85630798339844,113.28957777465874,112.2359505653564,112.88584773959269,6426800
2024-12-12,113.14186096191406,113.25017839965855,112.4131861638039,112.94491675117249,5285100
2024-12-13,111.60572814941406,113.20094247779052,111.56634681922031,112.57073601754013,6864500
2024-12-16,110.88372039794922,111.8332188323924,110.5078796257559,111.7639848073583,10528500
2024-12-17,111.78376007080078,112.79260732129272,109.58804923784723,109.81552922358578,12238600
2024-12-18,110.13202667236328,114.84985554493436,110.02322927389694,112.1002574834445,12292800
2024-12-19,110.15181732177734,111.67497342610584,110.03312718714842,110.43864615434012,9468500
2024-12-20,110.8045883178711,111.73430879160782,109.22209100316995,109.40012242269523,17955300
2024-12-23,110.18148803710938,110.62656283684323,109.10340673157249,110.38919011338137,6037200
2024-12-24,111.32878875732422,111.50682017510864,109.9737789820216,110.03312027263563,2475000
2024-12-26,111.31890869140625,112.0804829577595,110.63645363419558,110.89361181525133,4781400
2024-12-27,110.32984924316406,110.89361417976767,109.64739417140181,110.59689261484246,4523800
2024-12-30,109.58805084228516,110.3199544639852,108.6286596855734,109.22209525846377,5716300
2024-12-31,110.13202667236328,110.3693993844978,109.45946436636343,109.56826176482977,4757500
2025-01-02,109.60782623291016,110.97272877370663,108.96493456628087,110.47819788336757,5688100
2025-01-03,109.9441146850586,110.31995545721965,108.97483078872155,110.15181676014308,5393100
2025-01-06,109.83531951904297,111.61562629000218,109.65728808735275,110.2507236776725,6274400
2025-01-07,110.17159271240234,112.49588642085259,110.07268804211688,110.92328178926861,7878800
2025-01-08,108.5594253540039,109.89465727571495,107.45167342071821,109.78585987396625,7805300
2025-01-10,107.4615707397461,109.33089701914247,106.44283824891498,108.79680271846594,8835500
2025-01-13,106.8978042602539,107.42200582213037,105.55267956950455,106.7494434767557,6690200
2025-01-14,106.93736267089844,107.76817094638265,106.43293904881585,107.49123485455458,5501600
2025-01-15,106.99671173095703,108.40117775344288,106.8087875638839,107.97588085413315,6296900
2025-01-16,105.29552459716797,107.41211637162269,104.99881056705206,107.1055096100533,7872800
2025-01-17,105.8493881225586,106.56151380980845,105.37464269502037,105.66147151604837,7144300
2025-01-21,107.51101684570312,108.25281321091066,105.63180542393161,105.92851944244893,8643700
2025-01-22,107.61981964111328,108.35173085786397,107.04616949153079,108.35173085786397,8781700
2025-01-23,109.82542419433594,109.85509484125981,107.30331356260781,107.31320629356335,7608300
2025-01-24,110.93318176269531,112.14972362392321,109.41991077935286,109.94411990338145,8304500
2025-01-27,112.10025787353516,112.83216901957242,110.24082445444975,110.4584192521396,10176900
2025-01-28,110.91339111328125,111.72442149815572,110.33973345067807,111.6156240950433,6516800
2025-01-29,111.95191192626953,113.12889038296687,111.52661503383217,112.25851868153497,7607100
2025-01-30,112.18928527832031,113.9201435054987,111.88267852135047,112.84206217153721,6236200
2025-01-31,111.82332611083984,112.76293936031657,111.52661209464412,112.06070637892775,7793400
2025-02-03,112.75304412841797,113.34647969358954,109.64739070960889,110.13202887413902,8870700
2025-02-04,112.06070709228516,113.40583176957502,111.27934734989304,112.55523800170222,13521100
2025-02-05,109.33089447021484,117.29283759233114,109.0242877207673,114.43444953667974,23310000
2025-02-06,110.86392974853516,111.44748011446863,107.95609328722067,110.65622768315143,12470800
2025-02-07,109.64739227294922,111.31890913759743,109.59793616433703,110.38918862647579,8669300
2025-02-10,108.08467864990234,110.16170704280222,107.50113577565399,109.92433430971332,8239500
2025-02-11,107.8275146484375,107.85719284117596,106.51206818285583,107.19451569698599,7456700
2025-02-12,108.03522491455078,108.33193893022691,106.57141011434312,107.0659410197461,6521200
2025-02-13,108.39128112792969,108.5594273720852,107.3725486616563,107.72861152019068,6553200
2025-02-14,109.17264556884766,109.30122844026161,108.39128579265632,108.65833672102133,5964500
2025-02-18,108.36161041259766,108.71767327090824,107.52090937611987,108.57920522000332,8362900
2025-02-19,110.13202667236328,110.53754562045461,107.9462010643494,107.9462010643494,8452100
2025-02-20,109.34078979492188,110.30017344432837,108.18358170334704,110.02323733555593,5970100
2025-02-21,107.4714584350586,110.53754849517173,106.73954727253367,109.7858594169306,9082100
2025-02-24,109.9836654663086,110.33972830608549,107.4615624881551,107.64947909263448,7093300
2025-02-25,109.32100677490234,110.67602424703482,107.87697735693692,110.21116396294765,7289000
2025-02-26,110.60678100585938,112.01124692671783,108.85613742419079,108.85613742419079,7831600
2025-02-27,110.09247589111328,111.88268303235856,109.84521042011828,111.09143050679722,7854700
2025-02-28,112.55523681640625,112.7431534287647,109.78586073445726,110.24082826081666,14609400
2025-03-03,111.55628204345703,114.28609474184033,110.77492231092931,112.8222799482311,7884700
2025-03-04,107.81763458251953,111.02219286963422,107.08572337907499,110.47820583274208,12658000
2025-03-05,108.11434173583984,109.72651728123782,107.03626800793263,108.14401238215764,9956100
2025-03-06,104.27678680419922,107.6395984633264,103.87126784053645,107.19451612179827,11618800
2025-03-07,104.35591888427734,104.61306953460807,102.17997826632089,103.85149522318636,12715900
2025-03-10,101.9524917602539,103.65367925701753,100.99310061061796,103.2877236758952,10947100
2025-03-11,96.82915496826172,99.93480852047485,96.38407261580747,98.69848122911793,16906000
2025-03-12,97.67974853515625,98.40175944600449,95.32577654814791,97.60062177765583,11891800
2025-03-13,95.81041717529297,97.57094593322121,94.88069668903951,96.70056673896094,11059500
2025-03-14,97.5610580444336,98.01602557949354,96.35440140773669,96.37418687001137,10199800
2025-03-17,98.27318572998047,99.02487484662866,97.58084545539862,97.65996466824865,8332100
2025-03-18,98.26329040527344,98.63913872664965,97.4028114504234,98.18416364856868,6727000
2025-03-19,99.1930160522461,99.85568569548546,98.38198561901233,98.56990978940146,8614600
2025-03-20,97.77864837646484,98.95563431179785,97.56105357706454,98.4808813362024,7836500
2025-03-21,98.3720932006836,98.79739010885216,96.68079829962534,97.30390456445419,15089900
2025-03-24,99.08421325683594,99.34137144245197,97.7786519585479,99.12377663508016,8224400
2025-03-25,100.49857330322266,100.64693408713747,99.31170212379,99.54907485048794,7365200
2025-03-26,99.67765045166016,101.15135047187736,99.16334161804805,100.58758552817395,6314000
2025-03-27,99.35125732421875,99.92491499386828,98.49077836568732,99.608415511638,6598800
2025-03-28,96.9972915649414,99.29191466609062,96.67089935607648,98.95563727218817,7679700
2025-03-31,97.62039947509766,97.76876025859244,94.6532139889738,95.77085868481724,10554000
2025-04-01,96.61156463623047,97.511607022171,95.78074873403436,97.24456363507355,8762700
2025-04-02,96.80936431884766,97.23466118612484,95.39500567147866,95.5631519090106,7959900
2025-04-03,87.86824798583984,93.74327757918721,87.64076799421284,93.4762342094636,19353400
2025-04-04,82.6163330078125,86.58247303762616,82.17125820508556,85.0593169221124,22580900
2025-04-07,82.38884735107422,85.68241726595254,79.22384520208466,80.10410956186786,20456000
2025-04-08,80.82613372802734,85.99892285867644,79.96564722180375,85.00986103145327,14845600
2025-04-09,90.43981170654297,91.2409493347809,80.30192844712288,80.40083311607505,24970900
2025-04-10,84.29773712158203,88.036389366879,82.16136009801669,87.94736988459259,16377000
2025-04-11,83.96145629882812,84.73292330191377,82.43830020860707,84.17905110399438,10204400
2025-04-14,83.73397064208984,85.50438451862107,83.11085691565606,84.89117106840654,10841300
2025-04-15,84.08014678955078,85.0395379549817,83.59550106836969,83.82298860544886,7840500
2025-04-16,81.86463928222656,83.87244101145438,81.11295777102754,83.35812466595775,10144300
2025-04-17,83.88232421875,84.84171531920828,82.448187706193,82.45808043651155,14810900
2025-04-21,83.08119201660156,84.29774136277376,82.0723522909005,83.98124188550061,14166800
2025-04-22,85.14833068847656,85.61319096338407,83.67463065100156,84.08014962985894,9578500
2025-04-23,86.335205078125,88.8869863228245,86.07804689830174,88.05617049029651,12089100
2025-04-24,89.02545928955078,89.25293928947134,85.82089346037728,86.49345582065459,10310000
2025-04-25,89.2925033569336,89.35184465372777,88.0957394139445,89.08480127221084,7749600
2025-04-28,89.17382049560547,90.37058443500133,88.65950410512303,89.46064179321158,8491800
2025-04-29,90.17276000976562,90.65740571148727,88.77818683409099,88.84742085634515,6359900
2025-04-30,89.95516967773438,90.19254994805421,87.59131252721842,88.90676656128845,8474800
2025-05-01,89.81670379638672,90.60795629135099,89.37162898418372,90.27167133991111,7790600
2025-05-02,91.47832489013672,92.17067268618656,90.83543320307001,90.83543320307001,7594000
2025-05-05,91.10248565673828,92.06187683804932,88.629831084676,88.71884302721764,10231000
2025-05-06,91.16182708740234,91.72559202883363,90.00462655698173,90.20243590466387,11839400
2025-05-07,100.97332000732422,102.17997666406133,99.04465243037099,101.29971222679107,36155300
2025-05-08,103.97018432617188,105.02848020319932,102.72396428305537,102.83276169016555,19265400
2025-05-09,104.78121185302734,105.02847730856426,103.61411860105537,104.1086495121292,10438200
2025-05-12,109.28144073486328,109.72652309102423,107.47146330015973,108.66822722264683,18366600
2025-05-13,110.16170501708984,110.97273542401112,108.94516317967944,109.04406785448585,14076700
2025-05-14,111.70464324951172,112.16950350761837,109.61772222648577,110.16170169448542,15352200
2025-05-15,110.99251556396484,111.61562177671321,110.35951662042734,111.00240829475399,8322400
2025-05-16,112.17938995361328,112.199175415766,110.20126631114036,110.69579722175858,10961000
2025-05-19,111.42770385742188,111.75408851020013,110.67601479107952,110.89360959022673,7209700
2025-05-20,111.13098907470703,112.1596142950108,110.58700204370018,111.21011583302493,6433300
2025-05-21,109.25176239013672,111.25955657922054,108.92537019446844,110.46831168947189,10150600
2025-05-22,109.91443634033203,110.5771134886212,108.77702129443168,108.77702129443168,7903700
2025-05-23,108.51986694335938,109.14297318975905,107.59014639347852,108.40117680530766,8086100
2025-05-27,111.13098907470703,111.6551906431629,108.94516331129014,109.8155350149581,10201100
2025-05-28,110.3001708984375,111.23978415544833,109.95400077046209,110.97273323819383,5787900
2025-05-29,110.7947006225586,111.03208089000861,109.31110790773839,110.78481543753858,9682100
2025-05-30,111.80355072021484,112.11015747432553,110.15181926699353,110.78481823764054,12881100
2025-06-02,111.71453094482422,112.3574226450361,111.02219068056093,111.44748757030636,7546800
2025-06-03,112.357421875,113.4355031887562,111.28923329236346,111.49694291616186,9738800
2025-06-04,112.24861907958984,112.80249880654645,111.74420300585595,112.61457465401273,5614900
2025-06-05,111.29912567138672,113.0893251552944,110.61667059920407,112.48600438587579,8547200
2025-06-06,112.65414428710938,112.97064377182946,111.97168920764236,112.12004999177991,5790700
2025-06-09,114.3948974609375,114.83997227610253,112.73327324720866,112.73327324720866,7960400
2025-06-10,117.43131256103516,119.18194865256338,114.26631022692837,114.26631022692837,18948400
2025-06-11,118.2126693725586,118.24234756674636,116.36312853650462,117.08513946360216,10439200
2025-06-12,117.3126220703125,118.08408907596204,116.37301636772759,117.5697802541766,7980300
2025-06-13,116.64994812011719,117.02578887795518,116.01694918799924,116.02683437266742,13204900
2025-06-16,118.17311096191406,119.02369719483791,116.58072080933391,116.72907404732224,9592100
2025-06-17,116.8378677368164,118.02474642457864,116.36312229846567,117.68846148863274,9241200
2025-06-18,116.5708236694336,117.45108806260636,115.56197641361007,116.59060158510306,8181200
2025-06-20,116.34334564208984,117.74781923953545,115.6213346990533,116.95656672114197,17180400
2025-06-23,116.46202850341797,116.6994012257202,113.7618864331876,115.38395474909068,8348000
2025-06-24,117.85262298583984,118.27973350583949,116.95866985350084,116.95866985350084,8350200
2025-06-25,118.61744689941406,118.91543380786469,117.8327551134078,117.97181364985227,6976300
2025-06-26,120.64373779296875,120.85232559697707,118.87570133965093,119.17368824716101,10439600
2025-06-27,121.517822265625,122.11379608635268,120.66360878403398,121.03111738494454,13435600
2025-06-30,123.17660522460938,123.85203565522283,122.35218133848433,123.47458455751058,13456200
2025-07-01,122.66009521484375,122.92828494957035,121.62708352540444,122.67003013268005,9815700
2025-07-02,122.15352630615234,122.86868123943782,121.70654594746189,122.49123772647145,7317100
2025-07-03,123.16666412353516,123.40504909351313,122.07405813483778,122.24291383948378,4252300
2025-07-07,122.33231353759766,123.77256585999585,121.75620957738974,122.38197296843666,7023500
2025-07-08,121.0013198852539,122.87861771239797,121.0013198852539,122.39191283302186,6622900
2025-07-09,119.79945373535156,121.52775812574536,119.79945373535156,121.02118340544784,6724900
2025-07-10,120.7430648803711,121.13044331532811,119.8093872162264,119.8093872162264,6888700
2025-07-11,119.06442260742188,120.41528340417669,118.92536407641373,119.82924452796671,6112400
2025-07-14,119.16374969482422,119.69018664766304,118.7962335305209,118.97502415394932,6853300
2025-07-15,118.18040466308594,119.42200410552073,118.08107064519388,119.42200410552073,7943600
2025-07-16,119.01475524902344,119.75971491071691,118.0810700480354,118.5578475658927,6747500
2025-07-17,121.3886947631836,121.5674853880584,118.94522794197565,118.94522794197565,9933700
2025-07-18,120.60400390625,121.33903624634299,119.48160071715057,121.15031070251888,9486800
2025-07-21,120.02790069580078,121.15031147013362,119.96830634605631,120.25635833335758,6392500
2025-07-22,120.24642181396484,120.61393798144448,119.74978203105155,119.93850757355754,5614500
2025-07-23,122.1137924194336,122.35217739369311,120.68346741763307,120.70332967460399,8258900
2025-07-24,121.13043975830078,122.5706996724952,120.99138122563673,122.02439288122807,6702200
2025-07-25,120.65367126464844,121.62708100502067,120.05770503489295,121.43836303877318,5656600
2025-07-28,119.56106567382812,120.5841424278824,119.08428814144891,120.21662625546254,6042200
2025-07-29,119.10415649414062,119.9981020417757,118.55784970114436,119.76965198515667,6283700
2025-07-30,118.73664093017578,119.69018840979206,118.37905967805447,119.14388161401733,5281500
2025-07-31,118.30953216552734,119.10415886605173,117.78309519713173,118.65717850521108,7235000
2025-08-01,115.80646514892578,117.09773166265464,114.79332328935355,116.79974475083353,8637800
2025-08-04,118.54791259765625,118.7167683021518,116.93880457908668,116.93880457908668,8845000
2025-08-05,117.52484130859375,118.76644080161816,116.54149663199254,118.44859163452878,15365700
2025-08-06,114.39600372314453,115.33962384060702,111.44596225311774,115.00190485366755,22153700
2025-08-07,112.12139892578125,115.61774737418712,111.06852497096862,114.9721141162254,15484400
2025-08-08,111.67442321777344,113.52192383844323,111.26717495344046,112.53857917844859,9491000
2025-08-11,111.79361724853516,112.38958346752098,110.79040277340069,112.15119849555097,8532600
2025-08-12,112.95575714111328,113.63118757114158,111.73401990072314,112.54850886827593,7274000
2025-08-13,115.85613250732422,116.44217141482872,113.38286841303926,113.46233260017918,9025700
2025-08-14,115.5283432006836,115.92565654031509,113.84970589737605,114.70392692524119,6800900
2025-08-15,114.61453247070312,116.05478485986843,114.41587958189479,115.78660270216498,6768600
2025-08-18,115.76673889160156,116.22364659222919,114.38608087197494,114.41587804708429,5798400
2025-08-19,115.48860931396484,116.20377179856202,114.94231011131865,115.71706694359176,5914000
2025-08-20,116.2534408569336,117.09772696908973,115.22042920298055,115.29989338669732,7046700
2025-08-21,115.42901611328125,115.87599645965679,114.75358571313026,115.78659735913304,6337100
2025-08-22,118.06121063232422,118.97502602057473,116.34283363696201,116.79974133108728,7161700
2025-08-25,116.91893768310547,118.24993625217091,116.90900276549674,117.69369453790813,5424900
2025-08-26,116.85934448242188,117.58443433443024,116.37263960851416,116.64082176161217,5787400
2025-08-27,117.29637908935547,117.6638952530702,116.50175999170744,116.74014496318969,4378000
2025-08-28,116.84941101074219,117.57450844984554,115.82633423985592,117.30631871530683,5687700
2025-08-29,117.58443450927734,117.85262424089598,116.46203130668432,116.6010898422933,5212600
2025-09-02,117.47517395019531,117.48510886798425,115.22043261190494,116.23357446084289,6015900
2025-09-03,116.59115600585938,117.82282815856429,115.56807923662433,117.0381363699952,6288700
2025-09-04,118.01154327392578,118.87569922785605,115.97532470251925,116.29317386175997,6949300
2025-09-05,117.11759948730469,118.97502746097847,116.90900410573872,118.1108790721559,6669100
2025-09-08,118.04134368896484,118.08107578222587,115.95545805055379,117.16726037158817,6450700
2025-09-09,116.58123016357422,118.24994020591319,116.43223670694857,117.73343056669384,5444300
2025-09-10,115.0118408203125,116.72028287093971,113.73050928234208,116.06471472578767,7484900
2025-09-11,116.29317474365234,116.38256626812213,113.85963523208837,114.67412418245188,8399100
2025-09-12,115.18070220947266,116.22364882708563,114.32648114201034,115.47868912253979,7640900
2025-09-15,114.84298706054688,115.96539025091153,114.22715099661521,115.32969192987576,7150900
2025-09-16,114.45561218261719,115.07144068752592,113.93910254443091,114.67412733002617,6844900
2025-09-17,115.31975555419922,115.8759972616639,114.44567226835709,114.46553452521005,7333900
2025-09-18,114.08808898925781,115.00190435066159,113.28353498390464,114.55493158727018,9460500
2025-09-19,112.9954833984375,113.82983458049183,111.17778000851997,113.82983458049183,23398400
2025-09-22,111.80354309082031,112.86635190018592,110.77053145528677,111.00892400218635,15479800
2025-09-23,111.49563598632812,112.85643177726959,110.8500027255713,111.96247861453877,13145000
2025-09-24,112.6677017211914,113.38286422277672,111.44596451796286,111.65455989602667,8755200
2025-09-25,112.23065948486328,113.28354101025933,111.89294805955721,111.95254241034725,6365500
2025-09-26,112.70743560791016,112.80676205068485,112.00220801265147,112.36971660873002,6145700
2025-09-29,114.00862884521484,114.23708648271854,112.56837648716503,112.707435021951,9304100
2025-09-30,113.73051452636719,114.10795804732642,112.57830654956221,113.76031170195319,9303700
2025-10-01,112.19092559814453,115.28002570007743,112.03200480587098,113.31333637422672,9736300
2025-10-02,111.38636779785156,112.40944451879446,110.03550700763913,112.22072655798114,8695100
2025-10-03,111.71415710449219,112.80676314182585,110.81026903681929,111.28704657612008,7148400
2025-10-06,111.99227142333984,112.34985267448894,110.70100495217682,111.9326770741889,6141200
2025-10-07,111.77375030517578,112.63790627083965,111.0486604530571,111.87307674788936,5409800
2025-10-08,111.13805389404297,112.43924774570301,110.89966891179637,112.05186930775656,7074400
2025-10-09,110.24409484863281,112.2405888608638,110.13483349216455,111.06851869175823,6502400
2025-10-10,108.4561996459961,111.92274325451196,108.3767354609342,110.78047022314306,9635200
2025-10-13,109.52893829345703,110.214303643306,108.64492005461048,109.64813457372875,7435100
2025-10-14,110.42288970947266,111.08838521305776,108.46612771339308,108.91310807377432,7898000
2025-10-15,110.95925903320312,111.92274142146394,110.39308998562286,110.72087406004346,7012600
2025-10-16,109.14155578613281,111.33670271363943,107.78076763317718,111.03872339125253,7531200
2025-10-17,109.9262466430664,110.71093840167597,108.70451703294233,109.00249635286745,10090500
2025-10-20,111.20758056640625,111.49563255320116,109.85671973501306,110.2838302563818,8047500
2025-10-21,113.5318603515625,113.77024533167328,111.2870463526638,111.49563415752596,8163200
2025-10-22,112.32005310058594,113.51198552687362,112.22072666141555,113.23386846594792,7569200
2025-10-23,112.2703857421875,113.06501240931819,111.14798258462784,112.40944427221714,6945400
2025-10-24,110.9294662475586,112.88622827587592,110.84006714276074,112.46905266181125,6235200
2025-10-27,111.58502197265625,111.84327677975944,110.56194523982494,111.18771621172414,6029600
2025-10-28,110.89966583251953,111.72408969679515,110.71094028866513,111.15792064335369,6839400
2025-10-29,109.49913787841797,110.78046943547379,109.27068782064158,110.43282310095206,7097100
2025-10-30,111.08838653564453,112.81669849136719,108.81378292634732,109.38987933346628,8311300
2025-10-31,111.86315155029297,112.33992151569616,109.78719324065575,110.83013985442342,8700600
2025-11-03,111.36650848388672,112.05186623632473,110.28382980839201,111.79361900352049,8542300
2025-11-04,110.72087860107422,111.03872777103038,109.89645471152099,110.22423879938508,7950100
2025-11-05,110.61161041259766,111.21751153951793,109.85671583874066,110.60167549530281,5746000
2025-11-06,109.7474594116211,110.95926171988367,108.44626557805479,110.42288983369588,10291800
2025-11-07,109.99578094482422,110.68114629483698,109.30048825504456,109.5190109798673,8782100
2025-11-10,111.4856948852539,112.03200167054673,110.28382753573126,110.40302381019195,9158700
2025-11-11,114.07815551757812,114.19735179244971,111.6644858928104,111.89294352511719,9713300
2025-11-12,115.8660659790039,116.30310384657444,113.6212519781136,113.80004260788579,15248700
2025-11-13,106.8868179321289,108.62505722513409,104.20496605416966,108.15821460251318,44045400
2025-11-14,105.08898162841797,107.99929107416766,104.59234184298711,106.79741612467787,16691400
2025-11-17,104.97972106933594,106.94641039088046,104.41355201275533,105.03931541904281,12296400
2025-11-18,105.56575012207031,106.36037679904399,104.29435350140973,104.39367994150103,11796200
2025-11-19,103.96656799316406,106.86694244126105,103.38053670003252,105.36709578691344,12790000
2025-11-20,102.00981140136719,105.08898420915303,101.81115851356509,104.6618736800688,12609900
2025-11-21,103.57919311523438,104.07583290391742,101.99988222472078,102.78457400021458,10785400
2025-11-24,101.25492095947266,103.6387858454032,101.20525395013175,103.39046595494197,15024800
2025-11-25,102.61570739746094,103.22160852632899,101.31451361814831,101.8012184734595,10574500
2025-11-26,102.73490905761719,103.54939802432393,102.18860224782283,102.62564769565832,10130200
2025-11-28,103.7679214477539,104.03610360647413,102.54618420039697,102.60578612976299,6525500
2025-12-01,106.05245971679688,106.11206164600925,103.76792118024125,104.21489396966332,12628900
2025-12-02,104.12550354003906,105.85380794296738,104.11556862204534,105.81407584911452,8548200
2025-12-03,105.02938079833984,105.13864215852587,103.76791906453988,104.19502958759753,10177800
2025-12-04,104.76119995117188,105.50615964638382,103.8076524506752,105.12870855081175,11471400
2025-12-05,104.59234619140625,105.45649460398495,103.85731382216203,104.47314990982345,10680100
2025-12-08,106.90667724609375,107.32386042430089,104.1254990007359,104.5923416105027,13727700
2025-12-09,106.30077362060547,107.02587102316372,105.83393859986201,106.866942658392,8549400
2025-12-10,108.09861755371094,108.93296875603028,105.86373851848477,106.40011039631365,11237900
2025-12-11,110.7109375,110.81026393916609,108.37673207805003,108.46612359986304,13281400
2025-12-12,110.8499984741211,112.57830280370004,110.40302569895952,110.97912966819308,13059100
2025-12-15,110.48999786376953,111.55000305175781,108.55000305175781,110.69999694824219,14318000
2025-12-16,111.62000274658203,112.8499984741211,110.86000061035156,111.22000122070312,15580200
2025-12-17,110.62999725341797,112.12999725341797,110.45999908447266,111.05999755859375,12142500
2025-12-18,111.87000274658203,112.80000305175781,110.41999816894531,110.52999877929688,12913900
2025-12-19,111.23999786376953,113.4800033569336,110.91999816894531,112.31999969482422,21138400
2025-12-22,112.37999725341797,112.80000305175781,111.1500015258789,111.41000366210938,8803300
2025-12-23,113.22000122070312,113.30999755859375,112.04000091552734,112.29000091552734,7634500
2025-12-24,114.4800033569336,114.52999877929688,112.80000305175781,112.94000244140625,4606700
2025-12-26,113.55999755859375,114.73999786376953,113.2699966430664,114.1500015258789,5428900
2025-12-29,114.19000244140625,114.48999786376953,113.30999755859375,113.31999969482422,7966000
2025-12-30,114.79000091552734,115.27999877929688,114.0999984741211,114.0999984741211,6883900
2025-12-31,113.7699966430664,114.88999938964844,113.55000305175781,114.7699966430664,6608000
2026-01-02,111.8499984741211,113.44000244140625,111.62000274658203,113.44000244140625,8906200
2026-01-05,114.06999969482422,116.02999877929688,111.37999725341797,111.41999816894531,12029000
2026-01-06,114.56999969482422,114.76000213623047,113.11000061035156,113.79000091552734,7388300
2026-01-07,112.91000366210938,114.97000122070312,112.51000213623047,114.45999908447266,8296300
2026-01-08,114.16999816894531,114.98999786376953,112.55000305175781,112.55000305175781,9776800
