Date,Close,High,Low,Open,Volume
2008-01-02,17.018308639526367,17.320828600839466,16.833023066685286,17.209059433500016,172103724
2008-01-03,17.021787643432617,17.05954064465329,16.802970544144774,17.020049827902326,129969900
2008-01-04,16.318145751953125,16.9132491739775,16.26847224141302,16.881705358957312,214177608
2008-01-07,16.12565803527832,16.44928930436591,15.830094004992818,16.242144695815036,255879864
2008-01-08,15.689264297485352,16.39166551217181,15.672374547139887,16.218796399635693,213350436
2008-01-09,16.223766326904297,16.227243851709456,15.461507844673255,15.648533179812478,269318412
2008-01-10,16.063068389892578,16.32311415626764,15.898644137477268,16.0203480322443,253114632
2008-01-11,15.852445602416992,16.131119854853676,15.650270257171032,15.962971998917503,198880920
2008-01-14,16.23916244506836,16.328078777020796,16.026304659303072,16.172597297517935,177722100
2008-01-15,15.837542533874512,16.12068910459726,15.781161965881601,16.042451435639162,222505272
2008-01-16,15.298572540283203,15.895663667821696,14.950352518796064,15.621955806172744,421977600
2008-01-17,14.922039031982422,15.541730275614706,14.852990201867124,15.4180415302689,328343328
2008-01-18,14.908626556396484,15.150542622493223,14.86391944816613,15.110057952173134,341242416
2008-01-22,14.513711929321289,14.840322833029008,13.93872684746334,13.959342111538277,379679940
2008-01-23,13.626272201538086,14.10762060259969,12.890590331965488,13.926556503853703,677949372
2008-01-24,14.268815994262695,14.397969959064595,13.763374781693457,13.879117466788516,375659964
2008-01-25,14.06788158416748,14.778229812779873,14.062417308776759,14.69899829287575,278361360
2008-01-28,13.809075355529785,14.212931011454605,13.625776512977946,14.181388144355692,232435332
2008-01-29,13.67346477508545,13.941955399139305,13.428816110875395,13.920596168291109,251068680
2008-01-30,13.617579460144043,13.919601580710722,13.499353104266625,13.640429463004088,317266416
2008-01-31,14.01572322845459,14.231807725570974,13.270353672847524,13.387586183151592,594257148
2008-02-01,12.813593864440918,13.329465744086598,12.667054174862107,13.130767924082965,703315980
2008-02-04,12.30517292022705,12.73610101484386,12.233641364805655,12.643954196338056,525757716
2008-02-05,12.587574005126953,12.64221580809711,12.133546992586963,12.156149005667466,447683868
2008-02-06,12.461151123046875,12.696113059514929,12.36726649055321,12.695368146210303,305150544
2008-02-07,12.5416259765625,12.771123665375248,12.288533368971194,12.340692450895585,316838844
2008-02-08,12.833215713500977,12.859047263916173,12.634765875710091,12.652400539730667,272882844
2008-02-11,12.944238662719727,13.007574279385503,12.751501094874401,12.928342761319644,232806960
2008-02-12,12.867987632751465,13.178703567204117,12.742311195817287,12.99962621581222,266225508
2008-02-13,13.27855110168457,13.287740891199721,12.882892281559238,12.97752278793026,264723012
2008-02-14,13.219684600830078,13.438005718309658,13.188637712934476,13.371192580820718,258808932
2008-02-15,13.15485954284668,13.22986862173196,13.022972972582602,13.121825903048375,209394396
2008-02-19,12.640974998474121,13.289478382509369,12.580123055799927,13.286497782610768,253761984
2008-02-20,12.642216682434082,12.692140073713666,12.389372083759055,12.5058596812372,266221512
2008-02-21,12.489713668823242,12.746780680901221,12.406260666621803,12.737838882155678,226884888
2008-02-22,12.61241340637207,12.642217513910387,12.357830028823221,12.469846260613807,220415364
2008-02-25,12.08188533782959,12.580122548220576,12.06449961006568,12.566462333548932,334577088
2008-02-26,11.529254913330078,11.585883472508334,11.0985747870117,11.454991690013792,930560508
2008-02-27,11.74459457397461,11.809916944405018,11.416245852685737,11.428415294915807,404471124
2008-02-28,11.807435035705566,11.899331983575273,11.607990386193578,11.68597912868474,263212524
2008-02-29,11.70286750793457,11.915475424475956,11.540679906174784,11.720006193469317,376638984
2008-03-03,11.351170539855957,11.74111703279419,11.179544220151897,11.711063993318097,301877820
2008-03-04,11.04269027709961,11.26026459003084,10.82362424453407,11.200407446658986,544323132
2008-03-05,11.1196870803833,11.280384863733842,11.027788245539433,11.058835136412055,297166536
2008-03-06,10.747124671936035,11.25877500944288,10.709371673438561,11.11943647808321,298505196
2008-03-07,10.76327133178711,10.928439545061174,10.586677642854415,10.65224800374015,322549128
2008-03-10,10.273228645324707,10.704901628676128,10.258822571574628,10.651003793094604,319184496
2008-03-11,10.924464225769043,10.932164187419058,10.547185035371038,10.562336023217602,352722924
2008-03-12,10.932910919189453,11.124157726243912,10.880503849657892,10.928687534847418,265809924
2008-03-13,11.003199577331543,11.101804526340683,10.649764214293903,10.746381465628732,308754936
2008-03-14,10.876777648925781,11.160421170340452,10.695464593415767,11.002455044607007,262713024
2008-03-17,10.42846393585205,10.772213549068155,10.235725401552866,10.630142377513954,315212472
2008-03-18,10.907576560974121,10.949303069248618,10.569043239373162,10.654731942623552,289198512
2008-03-19,10.729740142822266,11.114719303231052,10.721544203132595,10.956008277098176,246912840
2008-03-20,10.76823902130127,10.821638994831634,10.36959961027276,10.613502429976483,396139464
2008-03-24,11.439095497131348,11.568745438566385,10.871809445298167,10.889444108987718,270269460
2008-03-25,11.196186065673828,11.36234812564269,11.077463723424358,11.362100136695314,233030736
2008-03-26,11.380230903625488,11.496469571583212,11.15917809682303,11.241141284396367,208818972
2008-03-27,11.029775619506836,11.142287822269946,10.940609398296125,11.077463324456074,233054712
2008-03-28,10.880752563476562,11.265483782907747,10.787115904884327,11.11372683982091,174872952
2008-03-31,10.940112113952637,10.995250843513057,10.729987875145085,10.820147942188521,177678144
2008-04-01,11.567007064819336,11.586629426754987,11.099071801821212,11.120680914888162,243480276
2008-04-02,11.566760063171387,11.816127166899152,11.434873473003696,11.671077284525012,239720040
2008-04-03,11.303977966308594,11.506900094436295,11.130364908681784,11.468153247673031,270864864
2008-04-04,11.700632095336914,11.868036933835103,11.330803919220216,11.350923205035324,235652112
2008-04-07,11.842949867248535,12.057047607674727,11.76123467530501,11.848166153478449,237502260
2008-04-08,11.619165420532227,11.776385669510542,11.475109408339463,11.74906524021962,181698120
2008-04-09,11.529254913330078,11.723235272325729,11.364086704855689,11.651951702420774,241682076
2008-04-10,11.65070915222168,11.76943148529963,11.471134879467565,11.548379644517063,202693104
2008-04-11,11.361849784851074,11.605504574409975,11.301246783498861,11.526273062123114,166621212
2008-04-14,11.218043327331543,11.361851362740996,11.180538311337228,11.3546483248923,153550296
2008-04-15,11.098326683044434,11.418232416692653,11.020833925131203,11.378740651129588,182920896
2008-04-16,11.301745414733887,11.382465819233138,10.953276447915592,11.037724258905364,304922772
2008-04-17,11.165388107299805,11.409538905067144,11.09037902291876,11.316647167321165,533585880
2008-04-18,13.397520065307617,13.603421859074354,13.033901103766667,13.29320380957391,728694576
2008-04-21,13.357284545898438,13.47650381028795,13.171005096024167,13.397024300694941,297290412
2008-04-22,13.784735679626465,13.929537554833061,13.351570945206321,13.351820827187028,317222460
2008-04-23,13.573369979858398,13.891784942282637,13.435770191664224,13.857757451908977,196663140
2008-04-24,13.487680435180664,13.772067889385175,13.412671357004747,13.692588384868516,165238596
2008-04-25,13.51301383972168,13.73505952349927,13.479980200904173,13.63620659596853,166409424
2008-04-28,13.713202476501465,13.82968911252099,13.387335589288456,13.558216982667899,160183656
2008-04-29,13.870922088623047,13.993369945268086,13.6607978335346,13.681165109165661,173666160
2008-04-30,14.263847351074219,14.526377694523852,13.870920270370533,13.963811050235922,315803880
2008-05-01,14.730542182922363,14.776491126314228,14.330412972216765,14.363694602612167,263847888
2008-05-02,14.437708854675293,14.963267428808766,14.388282390326355,14.864911424482926,279672048
2008-05-05,14.775745391845703,14.877578921518763,14.582758893801884,14.874101397393927,250988760
2008-05-06,14.563634872436523,14.703717385896473,14.48018186293811,14.678880631413685,184986828
2008-05-07,14.380830764770508,14.889748537116986,14.31699917122817,14.660748743551846,264255480
2008-05-08,14.480430603027344,14.636657015005147,14.378597064797468,14.55966212559184,204711084
2008-05-09,14.236775398254395,14.529856680638702,14.189584617038033,14.380831417413676,179216604
2008-05-12,14.528365135192871,14.57332022745149,14.130222696149005,14.2752725564116,194361444
2008-05-13,14.480180740356445,14.603124558560285,14.369653405386094,14.560404208334615,206333460
2008-05-14,14.313772201538086,14.683601353889063,14.287693606914837,14.566864810913073,174856968
2008-05-15,14.43050765991211,14.47893933200086,14.29663433273074,14.380831310509478,173534292
2008-05-16,14.407407760620117,14.521908608163406,14.363942493032818,14.441186315189658,170793036
2008-05-19,14.344072341918945,14.626226021531364,14.24472342791677,14.369654957033472,223955820
2008-05-20,14.370896339416504,14.46726654347707,14.229571988406546,14.27229234189149,132411456
2008-05-21,13.660299301147461,14.440689198113828,13.608141173461885,14.368908710478163,258465276
2008-05-22,13.647135734558105,13.765113156355287,13.418383928277324,13.708981524054732,202848948
2008-05-23,13.526924133300781,13.735060685040343,13.35778147650253,13.58504346555996,177082740
2008-05-27,13.931276321411133,13.973498803982952,13.507799246221023,13.53536861157857,154465380
2008-05-28,14.113582611083984,14.194304910027366,13.936244949848627,14.10613253058748,161853984
2008-05-29,14.480180740356445,14.55171229146214,14.236773939636748,14.276265701334484,193606200
2008-05-30,14.549726486206055,14.652055995742643,14.43795730634352,14.49185419872295,128878992
2008-06-02,14.281482696533203,14.502287510111932,14.188839895012947,14.467763094922956,146821032
2008-06-03,14.090234756469727,14.418087473959195,13.924071764784408,14.318737620661487,172039788
2008-06-04,14.212435722351074,14.355994818667329,14.02193288672645,14.041305366612418,134393472
2008-06-05,14.562143325805664,14.605361547964609,14.311535375162698,14.33314259319696,156511332
2008-06-06,14.082783699035645,14.423552686280763,14.082783699035645,14.39945989805855,189190620
2008-06-09,13.856019020080566,14.15729625002943,13.54629786109525,14.109112565293454,211320468
2008-06-10,13.764121055603027,13.879613862187488,13.580572320497943,13.649621151328938,146149704
2008-06-11,13.541329383850098,13.842853631149753,13.522948861002558,13.815533202112656,152363484
2008-06-12,13.733819007873535,13.859247453936256,13.58305593714708,13.629749791436527,219444336
2008-06-13,14.194799423217773,14.298868641358576,13.942204711411723,13.945929278014276,247128624
2008-06-16,14.227089881896973,14.383316292412903,14.07036560044303,14.07036560044303,141570288
2008-06-17,14.143882751464844,14.357732499644774,14.117059246987077,14.315012147793983,138377484
2008-06-18,13.968034744262695,14.132209090093896,13.888058316756165,14.020937785699406,135112752
2008-06-19,13.91388988494873,14.002808117679631,13.68066669888825,13.793428784216754,227096676
2008-06-20,13.571878433227539,13.833912810716745,13.524190730242552,13.833912810716745,239084676
2008-06-23,13.54157829284668,13.738787241608508,13.462346771601496,13.545303806150319,145290564
2008-06-24,13.469300270080566,13.690105073057959,13.290471853430512,13.539838923788931,186717096
2008-06-25,13.685386657714844,13.854280384348964,13.503328693202564,13.535617422476195,164723112
2008-06-26,13.134493827819824,13.534623037128895,13.120584677118684,13.514007773279232,226153620
2008-06-27,13.115864753723145,13.163800445996742,12.793475358510355,13.106178041087333,217682100
2008-06-30,13.074883460998535,13.362499514235337,12.991430451508226,13.225149611695427,150461388
2008-07-01,13.281283378601074,13.330708903044714,12.840916513327988,12.904997995879663,198197604
2008-07-02,13.090282440185547,13.421612695797329,13.065942610095398,13.325492373592981,168751080
2008-07-03,13.337662696838379,13.393049416286468,13.10170785125193,13.185657784740368,95923980
2008-07-07,13.50928783416748,13.635711076303705,13.302890055114554,13.469300092447813,170037792
2008-07-08,13.773061752319336,13.789455525265014,13.412175368160169,13.560950750687581,197098704
2008-07-09,13.45067310333252,13.801624780613688,13.43030677494356,13.679424917234574,165993840
2008-07-10,13.4263334274292,13.648131157432433,13.1816856916648,13.53636385780566,173094732
2008-07-11,13.258183479309082,13.399756768361112,12.90127060330848,13.325244610599272,199056744
2008-07-14,12.95566463470459,13.413665193051045,12.802417879022705,13.387337664504727,176815008
2008-07-15,12.818313598632812,13.101708166303927,12.446001744462453,12.823032960684369,242597160
2008-07-16,13.302891731262207,13.325245759126563,12.681957660742542,12.767398376636162,189498312
2008-07-17,13.249241828918457,13.338904976096554,13.027196126338916,13.267124481956447,351144504
2008-07-18,11.954717636108398,12.3933456724254,11.876976895712584,12.377697760864596,451244304
2008-07-21,11.643755912780762,12.023517856179085,11.566759130957356,11.94379035637517,235823940
2008-07-22,11.850153923034668,11.928142662075789,11.564276614170646,11.592093970219915,187472340
2008-07-23,12.150933265686035,12.34988096612801,11.874741745722163,11.961921213385438,195568236
2008-07-24,11.813145637512207,12.340939945635379,11.813145637512207,12.336717507876395,141494364
2008-07-25,12.219486236572266,12.248049452747008,11.95919059504108,12.083128280229165,127212660
2008-07-28,11.850401878356934,12.222216793263435,11.800974466306647,12.222216793263435,126273600
2008-07-29,11.999177932739258,12.102253307114422,11.872258705290285,11.90454743380074,111999888
2008-07-30,11.988994598388672,12.071454704159962,11.743352096639676,12.058538456230636,139488372
2008-07-31,11.766700744628906,11.944038398336088,11.709326324579939,11.786819084640468,114489396
2008-08-01,11.620408058166504,11.753536475720928,11.48727964061208,11.735902757846496,120195684
2008-08-04,11.499699592590332,11.748320830349027,11.472378213404802,11.626866817129887,99380520
2008-08-05,11.918207168579102,11.923920379303128,11.582406487963608,11.613701366387811,143236620
2008-08-06,12.079401969909668,12.164593735186596,11.73590135157603,11.881447182972817,134896968
2008-08-07,11.900076866149902,12.021282881208421,11.832766798921574,11.971608424523849,110841048
2008-08-08,12.294742584228516,12.313121214829666,11.81488398836587,11.925659322030956,149422428
2008-08-11,12.439544677734375,12.639236354097319,12.214517428735908,12.231655168420549,169402428
2008-08-12,12.48350715637207,12.570934618966504,12.369006304876963,12.468356167450171,110117772
2008-08-13,12.419424057006836,12.506603519286248,12.26667424296144,12.458419840801955,144874980
2008-08-14,12.555037498474121,12.607692551385,12.326533688597669,12.361554078722595,116627256
2008-08-15,12.67077922821045,12.68344559380372,12.5552854856215,12.592292626703976,141686172
2008-08-18,12.376457214355469,12.667054826074063,12.307161341334094,12.663080377277888,133222644
2008-08-19,12.182723999023438,12.37595847185978,12.086603686947125,12.180985237088212,121738140
2008-08-20,12.046120643615723,12.336469316245363,11.985765624723555,12.287538826139027,159124716
2008-08-21,12.084120750427246,12.167823644765209,11.903802499242742,11.99445854924615,140423436
2008-08-22,12.184961318969727,12.291513270420538,12.157391952787126,12.20756333411287,91796112
2008-08-25,11.996692657470703,12.344167743563398,11.95918953750523,12.073689434509502,80491428
2008-08-26,11.776883125305176,12.007871572664373,11.688214774051012,12.007871572664373,132195672
2008-08-27,11.638289451599121,11.793523889973722,11.545398670539733,11.766202515237081,175308516
2008-08-28,11.76744270324707,11.833758911935702,11.681754017741426,11.735402915283235,121066812
2008-08-29,11.506901741027832,11.6986454653769,11.483057888270226,11.667350586105545,153774072
2008-09-02,11.555582046508789,11.976079467401073,11.460454626908524,11.841708272114287,244215540
2008-09-03,11.534719467163086,11.780112104744004,11.414755286167855,11.642017281286419,172411416
2008-09-04,11.183271408081055,11.505660844344332,11.161911229080944,11.425187479759348,193746060
2008-09-05,11.033997535705566,11.237912600594994,10.930426182053457,11.064796437915211,181190628
2008-09-08,10.430450439453125,11.249835286684815,10.370840331192491,11.226985281547783,360355284
2008-09-09,10.398409843444824,10.739177875637965,10.307503914768738,10.510426066859285,288894816
2008-09-10,10.286640167236328,10.542963222045781,10.175368862506764,10.542713340077317,248822928
2008-09-11,10.773205757141113,10.806487387890678,10.093407483603716,10.142337027428526,258597144
2008-09-12,10.870320320129395,10.9778670806991,10.655229638558394,10.68528268411122,240878880
2008-09-15,10.775938034057617,10.977369431748766,10.523838327484428,10.531042312070952,262433304
2008-09-16,11.001212120056152,11.158929294730713,10.568048338059478,10.579722748317275,279348372
2008-09-17,10.294838905334473,10.907078177615617,10.268758419104035,10.890686297651229,364710924
2008-09-18,10.90558910369873,10.908071832673372,10.19573685193993,10.497263008104392,343232424
2008-09-19,11.155701637268066,11.476599342090992,11.0099059030898,11.45002477019543,399839760
2008-09-22,10.683541297912598,11.279390508073122,10.655227021704695,11.279390508073122,176115708
2008-09-23,10.661931991577148,10.948059134063953,10.573760576082666,10.760784914096151,207959832
2008-09-24,10.806984901428223,11.052625514728268,10.682797342800843,10.688509607033001,169510320
2008-09-25,10.918503761291504,11.176811676905595,10.828591684721843,10.899627260712206,200611188
2008-09-26,10.70589542388916,10.857900324689744,10.457273284142167,10.630389424582438,211488300
2008-09-29,9.463035583496094,10.518870272922985,9.455831599391175,10.419521359558049,430085484
2008-09-30,9.947858810424805,10.557865176366148,9.744192703216418,9.83509673363052,123328548
2008-10-01,10.226037979125977,10.356682719003222,10.011941173835277,10.211880839352716,249142608
2008-10-02,9.698741912841797,10.182822026814467,9.587222606136558,10.178102664539537,239156604
2008-10-03,9.609822273254395,10.24541029299658,9.514446871955654,9.869124973742602,319396284
2008-10-06,9.219877243041992,9.338598630264066,8.870911385992917,9.288676187079046,448375176
2008-10-07,8.593976020812988,9.313515042816109,8.57808011775755,9.27253344733014,441733824
2008-10-08,8.397760391235352,8.91636490637883,8.099711754036386,8.200303453047844,472582944
2008-10-09,8.170994758605957,8.65755850043441,7.989433735067979,8.556967754911417,322677000
2008-10-10,8.246003150939941,8.491645657037937,7.7070328006173074,7.778067906134377,423488088
2008-10-13,9.463530540466309,9.486628530894295,8.587516323975546,8.836884322344018,355863780
2008-10-14,9.008760452270508,9.798339333830883,8.86693915980595,9.774247489809497,311080608
2008-10-15,8.424086570739746,8.916611467291599,8.415641696640991,8.808568758958193,268587144
2008-10-16,8.768084526062012,8.85451812904586,7.685672531981698,8.264879044542448,648938412
2008-10-17,9.252909660339355,9.587221444024745,9.02962213851961,9.412365590799602,569398032
2008-10-20,9.421305656433105,9.462536177613858,8.931265389230443,9.431986216603068,269865864
2008-10-21,9.009753227233887,9.53208228942872,8.991124714851573,9.249184651639046,231048720
2008-10-22,8.833904266357422,9.182124264448852,8.544052533044178,8.866689917370733,262137600
2008-10-23,8.750699996948242,8.89177542160767,8.394780006748842,8.783732693197651,258896844
2008-10-24,8.427068710327148,8.704751025055277,8.0656853921208,8.10865373718353,294065640
2008-10-27,8.183660507202148,8.519214110975957,8.087043270948326,8.315796002306481,247779972
2008-10-28,9.158777236938477,9.172686388337514,8.159322124810187,8.421107593155885,323891784
2008-10-29,8.89177417755127,9.21465953328064,8.751939663736284,9.085257591376635,389873736
2008-10-30,8.93375015258789,9.239497788841511,8.900964501379761,9.15157435427905,319236444
2008-10-31,8.925555229187012,9.238504991837345,8.799132918368027,8.846075714048538,296635068
2008-11-03,8.605897903442383,9.01571383363836,8.48022051337018,8.881343579157722,237941820
2008-11-04,9.113821983337402,9.248440228625979,8.581308309137876,8.778517261383069,293702004
2008-11-05,8.500338554382324,9.16200521935359,8.4772396154052,8.994850264247003,277582140
2008-11-06,8.226631164550781,8.554483915538386,8.092260907270536,8.443958458425818,342649008
2008-11-07,8.224644660949707,8.473265896221848,8.080338750414905,8.273822196469068,187064748
2008-11-10,7.917653560638428,8.18241961265804,7.6864176007084355,8.146654307298801,322880796
2008-11-11,7.735844135284424,7.856056773938961,7.4641244521431505,7.667045188371175,405458136
2008-11-12,7.2276716232299805,7.76142663487649,7.147198740139849,7.502124859774219,401641956
2008-11-13,7.75124454498291,7.774094550231963,6.954461710027759,7.246797621803698,528858612
2008-11-14,7.70007848739624,8.071894369178784,7.514792411910841,7.5319301516958195,380303316
2008-11-17,7.454188823699951,7.703555885526628,7.400290986483883,7.525720377217151,301450248
2008-11-18,7.387127876281738,7.543851674758925,7.087340967288194,7.490202771684631,333510156
2008-11-19,6.9589314460754395,7.455926312657469,6.919190749339427,7.336707062017151,313070616
2008-11-20,6.446784496307373,7.027483222690249,6.4338691951554,6.82754167745459,390784824
2008-11-21,6.518068313598633,6.690440027886488,6.142279888403136,6.520055064655218,409370220
2008-11-24,6.394129276275635,6.704845668477553,6.184750432713528,6.687706983841207,401785812
2008-11-25,7.005377292633057,7.11987813572107,6.6395235778793875,6.673302131134591,430417152
2008-11-26,7.2547454833984375,7.338447433987619,6.8600795842740645,6.961415726384904,254009736
2008-11-28,7.276353359222412,7.363036858544645,7.160114687251521,7.217241120879611,102517380
2008-12-01,6.6064887046813965,7.137760478061911,6.606240715761937,7.120373804544525,228219552
2008-12-02,6.833006858825684,6.899321657579984,6.521794460949253,6.699381519457581,233354412
2008-12-03,6.940303802490234,6.988239494381054,6.590345045312983,6.702361738794244,235955808
2008-12-04,6.8138813972473145,7.041143384982572,6.675537642812177,6.86827521591264,195268536
2008-12-05,7.053562641143799,7.059771830260193,6.557560593687555,6.731421675037513,260587152
2008-12-08,7.503614902496338,7.685673335058492,7.004135828207156,7.2025866138874255,325446228
2008-12-09,7.5994873046875,7.898280837223387,7.376944689036252,7.39383396565874,275320404
2008-12-10,7.670273780822754,7.821284847500774,7.563224432912677,7.680705880453523,209270520
2008-12-11,7.456672668457031,7.77111413362857,7.396566110973127,7.554780692389384,246920832
2008-12-12,7.842645168304443,7.860279831467584,7.302183584805755,7.344655475102835,228655116
2008-12-15,7.716223239898682,7.910450627902474,7.578126536264853,7.799179321822338,269246484
2008-12-16,8.079094886779785,8.183909002719808,7.731124345581902,7.811845677719573,282101616
2008-12-17,7.829729080200195,8.000857998968337,7.75968735473428,7.91417640629218,231356412
2008-12-18,7.706536293029785,7.956648277275207,7.677476154671142,7.865991757772135,190349460
2008-12-19,7.703804016113281,7.893065002378084,7.674744351541386,7.724171290098528,224279496
2008-12-22,7.379428863525391,7.687163762673816,7.218483080129648,7.663817305564872,156547296
2008-12-23,7.4020304679870605,7.53341964273031,7.368499430005128,7.461888086833892,150956892
2008-12-24,7.524477481842041,7.608676346259929,7.410971438156075,7.487967738848212,76783140
2008-12-26,7.460150718688965,7.581853187976344,7.409233476437381,7.552296123549267,78285636
2008-12-29,7.387127876281738,7.485483409815746,7.24207754148866,7.456672207263198,147927924
2008-12-30,7.528451442718506,7.620350268314445,7.4191673632974595,7.471077975419808,153586260
2008-12-31,7.641214370727539,7.7244198687888215,7.5160343768437,7.555526143614199,115356528
2009-01-02,7.980740547180176,7.993158923524977,7.587812991839,7.664809291483232,144275580
2009-01-05,8.147896766662598,8.227128291815328,7.823769521079128,7.972793846665052,195364440
2009-01-06,8.29716968536377,8.464573582522286,8.106666848318469,8.270345232143336,256750992
2009-01-07,7.997879505157471,8.218932343111156,7.916910628280972,8.154603811087597,179600220
2009-01-08,8.076860427856445,8.076860427856445,7.881886723859568,7.905234122001895,143883972
2009-01-09,7.825507640838623,8.13423588268856,7.784029124924124,8.13423588268856,173446380
2009-01-12,7.766394138336182,7.921876096054751,7.70529468352543,7.856305741655321,132039828
2009-01-13,7.806879043579102,7.962856974485389,7.709268428199718,7.743543430976049,177122700
2009-01-14,7.475301265716553,7.793964225695386,7.395324356382131,7.699582660554373,218497284
2009-01-15,7.426122665405273,7.540126117667198,7.123107150445294,7.390854283414136,237142620
2009-01-16,7.443011283874512,7.656116116277497,7.344407291267165,7.575891226395883,208767024
2009-01-20,7.022764205932617,7.438789786868536,7.022764205932617,7.429848460497986,201726072
2009-01-21,7.527707099914551,7.538138251688533,7.161852470865178,7.161852470865178,196783020
2009-01-22,7.612650394439697,7.6834365610315185,7.330746619213099,7.402526161283297,330349320
2009-01-23,8.064691543579102,8.245010746001709,7.556022192347234,7.6814506496166866,428882688
2009-01-26,8.044075965881348,8.146654414352644,7.96186479234874,8.068416743013204,184243572
2009-01-27,8.233087539672852,8.292449652307514,8.054011139108361,8.108156019061695,196894908
2009-01-28,8.660041809082031,8.750946784726795,8.353052352800146,8.394530865546836,307348344
2009-01-29,8.5271635055542,8.570131850709476,8.447435057729185,8.557464537219012,291060648
2009-01-30,8.408190727233887,8.663270981188829,8.345352041930372,8.561189471129953,186693120
2009-02-02,8.45885944366455,8.568888908979302,8.246002603443149,8.302881039085614,208067724
2009-02-03,8.455880165100098,8.51921578776524,8.291456860260602,8.508535225160204,261997740
2009-02-04,8.519213676452637,8.80335310710628,8.424086271551282,8.446439347053763,272423304
2009-02-05,8.78547191619873,8.826700550362407,8.370189830332931,8.467304948622605,290285424
2009-02-06,9.221614837646484,9.284453527163581,8.828190821993882,8.853524499635133,281242476
2009-02-09,9.407647132873535,9.463034795832282,9.122762760856453,9.221614741587226,198892908
2009-02-10,8.904441833496094,9.376103520115862,8.88904285699629,9.338350518906742,283863852
2009-02-11,8.892768859863281,9.065637028033123,8.767588396945625,8.915370874743932,209054736
2009-02-12,9.017203330993652,9.031361416911766,8.729836212461954,8.771562717316488,221789988
2009-02-13,8.883828163146973,9.015714755568824,8.822977159542727,8.995845349174878,165702132
2009-02-17,8.51076889038086,8.62079834675136,8.43700165811278,8.60639227406104,226988784
2009-02-18,8.770320892333984,8.777026058852881,8.457618201361637,8.624525167544979,240739020
2009-02-19,8.510275840759277,8.936483717996888,8.47972492300531,8.878613311469715,199348452
2009-02-20,8.604903221130371,8.66625208350604,8.32051482656208,8.396269762923056,248435316
2009-02-23,8.197818756103516,8.688107983851264,8.185151444504935,8.618564130822614,208635156
2009-02-24,8.580065727233887,8.683638018794692,8.21843445410737,8.221663042776346,243592164
2009-02-25,8.48543643951416,8.750201541920934,8.417877438679817,8.498102805647948,257306436
2009-02-26,8.37466049194336,8.754920260443969,8.374163567587393,8.592732669360224,223999776
2009-02-27,8.394779205322266,8.539581076088911,8.223897796664263,8.26959874857543,216583200
2009-03-02,8.125791549682617,8.462089179426783,8.09698034457653,8.279038310834466,231308460
2009-03-03,8.084064483642578,8.287979538489642,8.00632373836438,8.198067458382175,260731008
2009-03-04,7.921131134033203,8.171492059191348,7.833206750239299,8.026441246216274,312423264
2009-03-05,7.591292381286621,7.925105876182838,7.516780216507527,7.860528887562934,260934804
2009-03-06,7.664063930511475,7.70430107909125,7.308393396063433,7.630533367746075,289078632
2009-03-09,7.224941253662109,7.61439088499577,7.189174524669926,7.4507124892907814,258593148
2009-03-10,7.654129981994629,7.712000378862618,7.308394114661097,7.407743501825905,268938792
2009-03-11,7.896046161651611,7.947955832749528,7.593029697751564,7.702065799800726,236707056
2009-03-12,8.03563117980957,8.072142345912841,7.790238547714489,7.886855324185023,200763036
2009-03-13,8.057735443115234,8.133241434226957,7.923862143400188,8.099461940033565,156099744
2009-03-16,7.940255641937256,8.189623665360894,7.912935211551653,8.096731930395432,197674128
2009-03-17,8.328961372375488,8.328961372375488,7.925353688498938,7.952427076807216,188311500
2009-03-18,8.273324966430664,8.444702347937158,8.147895577898053,8.315796381903866,200287512
2009-03-19,8.194839477539062,8.345353628364414,8.13125586690477,8.238055812157683,164283552
2009-03-20,8.20030403137207,8.270593757903358,8.105425536633653,8.203781555984936,189326484
2009-03-23,8.658305168151855,8.679416410765178,8.271586275933416,8.284750513839894,170689140
2009-03-24,8.622786521911621,8.788451652603984,8.544052872997169,8.60614570681262,152647200
2009-03-25,8.545790672302246,8.726357855600023,8.351563273826146,8.703011873936129,173278548
2009-03-26,8.77479076385498,8.920586479422512,8.65581949875705,8.770816315459715,239891868
2009-03-27,8.635951042175293,8.742751931386007,8.580563373154657,8.693076526878924,132779088
2009-03-30,8.511514663696289,8.539332963246414,8.346595403447395,8.508037139621871,123640236
2009-03-31,8.644890785217285,8.780254872654028,8.598196933222841,8.666499895754729,146065788
2009-04-01,8.794660568237305,8.823223782027698,8.459853739474369,8.538587385943947,131915952
2009-04-02,9.00354290008545,9.18386112228666,8.949397078426182,9.023660290060906,179340480
2009-04-03,9.184358596801758,9.232543222417158,8.891774265627179,9.053217891613597,151440408
2009-04-06,9.146110534667969,9.185354315865704,8.976222946041151,9.115312576282694,131080788
2009-04-07,8.907918930053711,9.03458920659981,8.824961905554872,9.006025994876229,147056796
2009-04-08,8.991125106811523,9.065637266543762,8.847316127406048,9.028381186677642,110497392
2009-04-09,9.251916885375977,9.29786582581261,9.096682443593924,9.177404731929638,135168696
2009-04-13,9.391252517700195,9.415842226105054,9.197273140095847,9.222856697140957,121881996
2009-04-14,9.162751197814941,9.363436720724348,9.08053907813348,9.362194882979294,137006856
2009-04-15,9.425777435302734,9.464523336526678,9.044772760438319,9.117795083331313,197030772
2009-04-16,9.655274391174316,9.758597743689993,9.46353068433242,9.475452136361396,406996596
2009-04-17,9.742207527160645,9.930474688639249,9.557665879234206,9.58771892313532,428802768
2009-04-20,9.420811653137207,9.702715462308293,9.336116799865959,9.590947219585576,176978844
2009-04-21,9.474708557128906,9.544998281128471,9.341332147058658,9.343070909302464,147668184
2009-04-22,9.534070014953613,9.68657186774482,9.4136089038476,9.481662943209031,139931928
2009-04-23,9.554683685302734,9.680361062313839,9.465765459759517,9.624724464227464,104255640
2009-04-24,9.673903465270996,9.765553360010175,9.450615933579163,9.5884627590877,135280584
2009-04-27,9.585980415344238,9.673904809164295,9.506500897742399,9.54599266757569,91532376
2009-04-28,9.530343055725098,9.662974536259958,9.476446165344251,9.531335957941556,117626256
2009-04-29,9.723082542419434,9.810013080611869,9.58299907525404,9.586476599669004,144255600
2009-04-30,9.83484935760498,10.028084797813872,9.805790165480186,9.829634017759124,174053772
2009-05-01,9.778220176696777,9.87508635282413,9.725068200222202,9.81150275080016,97010892
2009-05-04,9.984124183654785,9.994555811517065,9.805543725549688,9.889493672921901,127991880
2009-05-05,10.009206771850586,10.059129208799977,9.866639657765472,9.93444663761456,95935968
2009-05-06,10.021129608154297,10.140597803325102,9.959781689459653,10.10358971443934,105210684
2009-05-07,9.850746154785156,10.058883666646906,9.748664623355541,10.036778574480941,119872008
2009-05-08,10.1170015335083,10.186546335509778,9.810756983692421,10.00573022891498,154449396
2009-05-11,10.133148193359375,10.232994041537857,9.964750433055926,10.004490191848701,102269628
2009-05-12,9.910356521606445,10.207908258742915,9.813491274503344,10.183568425745825,151480368
2009-05-13,9.675146102905273,9.845282616016261,9.645589037803845,9.788156183533742,113598288
2009-05-14,9.624476432800293,9.7414609457897,9.554683643103488,9.656765157913224,117362520
2009-05-15,9.68657112121582,9.78865264565208,9.663969106157605,9.713891551830182,120227652
2009-05-18,9.856459617614746,9.868133082915783,9.57232010824036,9.804052544981337,133933932
2009-05-19,9.907126426696777,9.975677381278228,9.761082718297008,9.83807760121466,113386500
2009-05-20,9.86490249633789,10.075772602279832,9.810757613669912,9.98685436985561,91268640
2009-05-21,9.848013877868652,10.005483070925129,9.78194659443729,9.843045580293706,108683208
2009-05-22,9.773500442504883,9.901412554961817,9.736244367956326,9.851986093315745,68675256
2009-05-26,10.043233871459961,10.059129771447124,9.686569970443937,9.735003530188083,124055820
2009-05-27,10.073038101196289,10.229513413124435,10.054409592074016,10.075024851902436,121250628
2009-05-28,10.193251609802246,10.223553582039466,10.049442655910518,10.150531261987082,106645248
2009-05-29,10.362890243530273,10.362890243530273,10.20070266128121,10.235723048414249,105822072
2009-06-01,10.594626426696777,10.67013149590339,10.395182717295313,10.400150068879176,132763104
2009-06-02,10.640326499938965,10.679072406978788,10.516139881120207,10.586925581815777,104839056
2009-06-03,10.721047401428223,10.741165742515813,10.531042424250021,10.580716884782497,141170688
2009-06-04,10.935393333435059,10.959237186392752,10.791833291279275,10.811702695482676,145378476
2009-06-05,11.035736083984375,11.110746113640987,10.915026046101932,11.054364596926932,147084768
2009-06-08,10.897889137268066,10.951289106961076,10.782395387122342,10.916019779086483,123824052
2009-06-09,10.819650650024414,10.94085855901389,10.723779260275194,10.893169906560145,130065804
2009-06-10,10.74464225769043,10.876031908079987,10.597356705702015,10.834802327411616,134221644
2009-06-11,10.655227661132812,10.772708156729154,10.639579749039493,10.724026604903383,114493392
2009-06-12,10.551904678344727,10.622939311080428,10.461744608701213,10.602076058565233,116619264
2009-06-15,10.35146713256836,10.468947632170064,10.282667239929507,10.468947632170064,149326524
2009-06-16,10.332341194152832,10.4587644337163,10.31793606647875,10.414553308903324,121866012
2009-06-17,10.311477661132812,10.42473666107772,10.222063458247959,10.337060273666124,139464396
2009-06-18,10.284156799316406,10.399153609883736,10.257828328093623,10.324392526351541,123284592
2009-06-19,10.433926582336426,10.443116370269774,10.297072665544666,10.387232729382674,170193636
2009-06-22,10.117497444152832,10.36934815409777,9.981885377794402,10.355935930105288,164811024
2009-06-23,10.076020240783691,10.158232357249869,9.998279497242969,10.100112081400034,115868016
2009-06-24,10.165681838989258,10.23870416290195,10.097876747531158,10.152022571653953,98213688
2009-06-25,10.326629638671875,10.329858227236414,10.096635060334423,10.108805447834527,121658220
2009-06-26,10.563827514648438,10.636103041582844,10.260562587734027,10.274719727774597,130137732
2009-06-29,10.534518241882324,10.625423226917293,10.487328406979486,10.580716121012975,86685228
2009-06-30,10.471181869506836,10.610768399148569,10.387480874638499,10.531040906219134,103652244
2009-07-01,10.40660572052002,10.59065137022741,10.385742468319641,10.536008617776279,92339568
2009-07-02,10.14581298828125,10.317688246622042,10.104086484648285,10.317688246622042,100603296
2009-07-06,10.173632621765137,10.199214292246324,9.976175670416778,10.096388792830043,90413496
2009-07-07,9.851242065429688,10.163198862402316,9.835096283673527,10.139603001609766,130241628
2009-07-08,9.996788024902344,10.083967486056991,9.886758562426003,9.934943186811212,137510352
2009-07-09,10.193004608154297,10.293845244459405,10.079001627066491,10.086949578248737,130892976
2009-07-10,10.2926025390625,10.366370733428221,10.151030189962272,10.172887292511714,116946936
2009-07-13,10.538492202758789,10.543956477957005,10.311975137270958,10.336564848924253,161666172
2009-07-14,10.548178672790527,10.598846975043527,10.4532992455831,10.52383695062878,115716168
2009-07-15,10.882986068725586,10.895653381589932,10.642560792378019,10.671619984804849,150928920
2009-07-16,10.993014335632324,11.071252944245886,10.781897210356044,10.845977734458039,261917820
2009-07-17,10.686274528503418,10.81617340072515,10.598101213227652,10.75457749428013,273889836
2009-07-20,10.684285163879395,10.75084935720489,10.586923022136908,10.677083074337785,126013860
2009-07-21,10.62790584564209,10.727254749656678,10.57376096744569,10.703410899110466,118609272
2009-07-22,10.622692108154297,10.685033881375336,10.518622880292643,10.630391124056459,103364532
2009-07-23,10.862369537353516,10.958490796105291,10.568295390509238,10.64727891183625,138988872
2009-07-24,11.095346450805664,11.188984049086784,10.804252857734184,10.824370251332224,144930924
2009-07-27,11.047656059265137,11.09608866785079,10.869075663676888,11.078454007596353,100075824
2009-07-28,10.924714088439941,10.99823240092185,10.831573413510016,10.953276357950886,101198700
2009-07-29,10.835050582885742,10.873797435562773,10.727007857838714,10.8596402957472,79400520
2009-07-30,11.068521499633789,11.21332337628896,10.993264429168601,10.993264429168601,127816056
2009-07-31,11.004192352294922,11.243873667703228,10.988794321156114,11.176316557148688,114301584
2009-08-03,11.23170280456543,11.27367729451483,11.11819487128572,11.145516245307942,103508388
2009-08-04,11.269455909729004,11.276161076250663,11.137818270824459,11.16116425222716,95496408
2009-08-05,11.205126762390137,11.348437857227754,11.12415648599864,11.32583584390199,93586320
2009-08-06,11.18575382232666,11.298018034005523,11.140300858260199,11.283612905829777,84351564
2009-08-07,11.353157043457031,11.410779445817992,11.300749980578459,11.317639729711628,101622276
2009-08-10,11.340987205505371,11.38569430926365,11.270945476819728,11.304476041269098,69610320
2009-08-11,11.274672508239746,11.356386758240719,11.23592565556759,11.267965448487086,68431500
2009-08-12,11.389917373657227,11.468651024060694,11.299012387982447,11.311183723253759,93562344
2009-08-13,11.481815338134766,11.542418341818262,11.398112449951045,11.47858580296104,79728192
2009-08-14,11.425187110900879,11.504169699597647,11.347943284447936,11.494234997087474,66936996
2009-08-17,11.049893379211426,11.226239076413709,11.005932132537566,11.214068687572446,104703192
2009-08-18,11.059579849243164,11.11968687876471,10.986061539919236,11.055110369165046,93949956
2009-08-19,11.027043342590332,11.05262595797698,10.892673087835286,10.928191351945985,90109800
2009-08-20,11.435370445251465,11.479331691996244,11.207362592342648,11.226487083471474,159796044
2009-08-21,11.555334091186523,11.576445332484568,11.49100557198194,11.56278511752701,142277580
2009-08-24,11.642017364501953,11.675795920606307,11.53496753856281,11.60774093744989,98037864
2009-08-25,11.707588195800781,11.781603435462015,11.641768896651671,11.651952534943616,93546360
2009-08-26,11.623885154724121,11.748071767774217,11.59159642709611,11.742110568038012,79432488
2009-08-27,11.575700759887695,11.638290518817307,11.443318204411584,11.638290518817307,79876044
2009-08-28,11.54316234588623,11.7324233301222,11.509135804170143,11.655179512036396,70793136
2009-08-31,11.46666431427002,11.471383676419606,11.375511339321855,11.419970456756309,78237684
2009-09-01,11.319875717163086,11.59457742715927,11.286594086112078,11.417238827806138,103692204
2009-09-02,11.251572608947754,11.383707164636776,11.241140036792995,11.32136539976642,72119808
2009-09-03,11.363588333129883,11.381720867400947,11.300998576841927,11.321365851073004,65782152
2009-09-04,11.457474708557129,11.48976438423785,11.320372787263787,11.364831905408805,59908032
2009-09-08,11.390911102294922,11.598798718084511,11.321862272784555,11.53173853272495,106161732
2009-09-09,11.52379035949707,11.580915841704824,11.39538036258366,11.4018394332278,87728184
2009-09-10,11.696906089782715,11.696906089782715,11.474860400095556,11.590354144569716,101282616
2009-09-11,11.72671127319336,11.755522475774429,11.614694105064995,11.683494942583074,76039884
2009-09-14,11.800725936889648,11.842453385385166,11.674800571167893,11.686226045383371,78948972
2009-09-15,11.860833168029785,11.89486065854353,11.740869936452523,11.799734182211905,95828076
2009-09-16,12.12783432006836,12.154658771641275,11.884180462485437,11.916965167112505,103308588
2009-09-17,12.21302604675293,12.353358439149675,12.099519998879078,12.184464726239971,179144676
2009-09-18,12.206568717956543,12.343671573422176,12.200856453924793,12.338455287245047,131208660
2009-09-21,12.344167709350586,12.391359434908512,12.076422011894866,12.114174067209516,84571344
2009-09-22,12.395333290100098,12.468106684999608,12.364287346772999,12.441531168207078,121526352
2009-09-23,12.380431175231934,12.592542170201593,12.36180266280641,12.438053581585324,108059832
2009-09-24,12.338455200195312,12.453700954430106,12.244817610775897,12.430353081045334,101002896
2009-09-25,12.231902122497559,12.416941612084376,12.219980670323343,12.276859106532388,81902016
2009-09-28,12.382169723510742,12.455936019039319,12.252269902738723,12.290518882674435,73498428
2009-09-29,12.382169723510742,12.412470752827296,12.245067811960924,12.40700647761896,83884032
2009-09-30,12.315606117248535,12.422158069205125,12.101756353457754,12.418681491374612,125542332
2009-10-01,12.100762367248535,12.331004954846863,12.095795016241896,12.244818386009106,112415472
2009-10-02,12.035689353942871,12.213524880201128,11.986510873517286,12.014826100376638,103927968
2009-10-05,12.13354778289795,12.23066195414124,12.004890744073613,12.11193867061362,85698216
2009-10-06,12.387385368347168,12.403033281038843,12.212530450419274,12.212530450419274,109182708
2009-10-07,12.854329109191895,12.890343353963576,12.364288716463882,12.393843889871745,194773032
2009-10-08,12.770872116088867,12.996147320866596,12.750008866198273,12.904745424988954,171979848
2009-10-09,12.822287559509277,12.952932293112449,12.778821346936828,12.832222261115488,109414476
2009-10-12,13.015769958496094,13.058490310969052,12.898538397908991,13.00037192831862,132755112
2009-10-13,13.067184448242188,13.100715013319824,12.94970394926389,13.024464094700505,121374504
2009-10-14,13.295934677124023,13.302392800895849,13.163800120690397,13.224900994769621,130205664
2009-10-15,13.161564826965332,13.335177889933073,13.095994475878275,13.256940227281987,243771984
2009-10-16,13.656821250915527,13.778525121696818,13.524686701521622,13.594231500104486,353322324
2009-10-19,13.712457656860352,13.74996266885166,13.629004651175672,13.727360655391625,128587284
2009-10-20,13.703267097473145,13.73381800611192,13.429559276024689,13.701280346621678,161586252
2009-10-21,13.687870025634766,13.892778936853619,13.63571189276375,13.658313908094971,146677176
2009-10-22,13.762131690979004,13.784734650273322,13.610872649520521,13.660548047748513,93366540
2009-10-23,13.752198219299316,13.856515429076275,13.690353374686559,13.790945071241769,95612292
2009-10-26,13.765114784240723,13.949656432734317,13.682654668349329,13.803364715292355,118697184
2009-10-27,13.61807632446289,13.773806745902721,13.515497881190761,13.684640528267423,128531340
2009-10-28,13.419625282287598,13.660548414551467,13.368708991585452,13.607643479847962,102609288
2009-10-29,13.686626434326172,13.705999858277282,13.437011395361004,13.486933835240496,100803096
2009-10-30,13.31580638885498,13.664771327145967,13.269111584130275,13.660549835870913,138601260
2009-11-02,13.26290225982666,13.398762332075385,13.120087139291208,13.339649154251358,127955916
2009-11-03,13.344865798950195,13.350081138782711,13.121578264919386,13.164049683000107,95112792
2009-11-04,13.420371055603027,13.548779151470582,13.323256890030198,13.432044518863714,93214692
2009-11-05,13.627017974853516,13.654835328059907,13.478241656785979,13.498856919395635,73834092
2009-11-06,13.687870025634766,13.704758830004923,13.5487804092818,13.603920088628522,72994932
2009-11-09,13.971264839172363,13.973003601385148,13.765611957574029,13.795912988993665,105890004
2009-11-10,14.076821327209473,14.126993650575834,13.958595922072885,13.976726562442696,89142768
2009-11-11,14.17120361328125,14.244225937585473,14.054468036483872,14.16921591585502,92695212
2009-11-12,14.10389518737793,14.22932458864557,14.045528811998597,14.14636755368601,75376548
2009-11-13,14.208212852478027,14.219637380992788,14.073096742661777,14.139660948776157,66605328
2009-11-16,14.313274383544922,14.33090904767434,14.226343847182196,14.281482579627856,87880032
2009-11-17,14.343327522277832,14.343575511206405,14.24968993172086,14.278253145070343,76591332
2009-11-18,14.322465896606445,14.375368945344972,14.208709954673028,14.322465896606445,61922016
2009-11-19,14.231558799743652,14.256643541569204,14.157294636901876,14.250932224228045,86633280
2009-11-20,14.15630054473877,14.197034143935007,14.14239234195988,14.144876017207723,80167752
2009-11-23,14.464037895202637,14.569596947665907,14.302843184222837,14.318491097705463,101798100
2009-11-24,14.482415199279785,14.512220248293055,14.319730687094431,14.468258061292188,64143792
2009-11-25,14.548235893249512,14.581020598466583,14.472481899042652,14.564876708055106,58389552
2009-11-27,14.399707794189453,14.46676797449716,14.181387621866996,14.206969288413825,55328616
2009-11-30,14.480180740356445,14.496820607351776,14.333888103094537,14.421315554445943,68934996
2009-12-01,14.650814056396484,14.684343674295466,14.48018158102659,14.607596779306105,92719188
2009-12-02,14.59219741821289,14.728803356562494,14.560157625710367,14.678880911186997,66461472
2009-12-03,14.548235893249512,14.690057168807286,14.529856316325844,14.630199076076172,57090852
2009-12-04,14.530104637145996,14.77400838666587,14.385302758438746,14.72905139907275,100443456
2009-12-07,14.560903549194336,14.621506556683899,14.430507745536744,14.510235243730644,65382552
2009-12-08,14.58077335357666,14.670436502780907,14.455344897488233,14.492600977630833,60899040
2009-12-09,14.6297025680542,14.63740253007549,14.494587401664864,14.591949564344155,71168760
2009-12-10,14.691298484802246,14.771026924807991,14.664226044772278,14.664970958075667,66665268
2009-12-11,14.66671085357666,14.772020968621346,14.597662969499769,14.770282206430647,68731200
2009-12-14,14.796359062194824,14.835601886010522,14.718866316690365,14.786921286115078,76459464
2009-12-15,14.73203182220459,14.812505179244019,14.678632799495388,14.736006270877944,91124784
2009-12-16,14.846780776977539,14.911606221826727,14.818963422131832,14.867644976265161,112263624
2009-12-17,14.751901626586914,14.843800455323239,14.747431200202165,14.813995404205441,105446448
2009-12-18,14.813498497009277,14.875841214135447,14.778230114972715,14.803812730299308,141118740
2009-12-21,14.869632720947266,14.89844392652511,14.794872569123605,14.843056255550415,102745152
2009-12-22,14.930235862731934,14.93967458754333,14.873854342390933,14.93570013853781,75156768
2009-12-23,15.192517280578613,15.22207339789953,14.973203242154138,14.989348079569844,82825092
2009-12-24,15.361410140991211,15.387241690103664,15.207170492239943,15.22356331767978,34313652
2009-12-28,15.470446586608887,15.547939345031779,15.361410959838928,15.440394491484524,67848084
2009-12-29,15.384261131286621,15.519376290645683,15.356691766550956,15.516892615256307,56935008
2009-12-30,15.46696949005127,15.46696949005127,15.349737927317673,15.361907369020194,58565376
2009-12-31,15.398666381835938,15.533285564406993,15.398666381835938,15.517140727724874,48743208
2010-01-04,15.566815376281738,15.635367279386827,15.504474554822151,15.571782727161896,78169752
2010-01-05,15.49826431274414,15.593888656095245,15.43741331835948,15.577495830390257,120067812
2010-01-06,15.107572555541992,15.544709831970051,15.060381777036955,15.544709831970051,158988852
2010-01-07,14.755873680114746,15.15078843898377,14.719860390597413,15.135885441626474,256315428
2010-01-08,14.952588081359863,14.983137099253128,14.631936502934911,14.703716993127122,188783028
2010-01-11,14.929986953735352,15.013191977014573,14.754386171891024,15.013191977014573,288227484
2010-01-12,14.665966033935547,14.856716860830625,14.604369176120004,14.844049547522614,193937868
2010-01-13,14.581766128540039,14.613805919702656,14.254161393578189,14.318489911356181,259604136
2010-01-14,14.65031909942627,14.758361833400128,14.475464163090432,14.502536607194267,169434396
2010-01-15,14.405669212341309,14.742463731670952,14.356986714265911,14.736998510045005,217162620
2010-01-19,14.594931602478027,14.664476416897438,14.313524702135355,14.435476589597938,172495332
2010-01-20,14.415852546691895,14.554196299468392,14.288686280071236,14.554196299468392,129897972
2010-01-21,14.47968578338623,14.57506119781935,14.213180955882182,14.491111259028546,252055692
2010-01-22,13.660797119140625,14.172197632400971,13.284510822338149,14.02069059002026,271743984
2010-01-25,13.412175178527832,13.657568753946874,13.300654930553046,13.575852611931383,176619204
2010-01-26,13.472281455993652,13.650613902535127,13.320029495588669,13.361756001752601,174045780
2010-01-27,13.464332580566406,13.602180349245996,13.295686858789391,13.443717317843992,158417424
2010-01-28,13.270353317260742,13.586036599107526,13.178703423807415,13.523694832444887,129034836
2010-01-29,13.162310600280762,13.436763356299263,13.054764805722447,13.37467052507978,165454380
2010-02-01,13.238809585571289,13.308106400963965,13.171252478787746,13.278052414153766,89941968
2010-02-02,13.191618919372559,13.286994327311543,13.104439451028506,13.286994327311543,163684152
2010-02-03,13.432540893554688,13.464332695677747,13.119839158542394,13.130767708837524,119844036
2010-02-04,13.083824157714844,13.362498387936204,13.053522183975694,13.337661635549273,134972892
2010-02-05,13.195841789245605,13.250732532352421,12.976528698805172,13.12406129548356,126113760
2010-02-08,13.249985694885254,13.461849636223144,13.201802015025418,13.225893854955336,107664228
2010-02-09,13.323752403259277,13.450174690297603,13.289724916874162,13.400748228224048,112671216
2010-02-10,13.274328231811523,13.357284317798253,13.106426469194837,13.264889507789528,106873020
2010-02-11,13.322759628295898,13.424345171289273,13.151382237991863,13.246260721514927,96303600
2010-02-12,13.241293907165527,13.341388681046825,13.176220472609128,13.237569340402189,91096812
2010-02-16,13.444464683532715,13.514754407889944,13.270602656108391,13.334435202410315,146029824
2010-02-17,13.367715835571289,13.496622756361452,13.352813782844068,13.461850353475278,81106812
2010-02-18,13.492151260375977,13.53661037573877,13.316302496488449,13.351074899057757,93382524
2010-02-19,13.431052207946777,13.512269535704245,13.404724678734672,13.42533994338467,102021876
2010-02-22,13.481719970703125,13.598455558483783,13.437012865290505,13.594729098720281,85698216
2010-02-23,13.289725303649902,13.502333209471011,13.220678373217002,13.486686244413898,114789096
2010-02-24,13.200311660766602,13.373427811612304,13.176467809003292,13.262653427768255,92970936
2010-02-25,13.075133323669434,13.126297609440874,12.915428437726533,13.092270117562542,132235632
2010-02-26,13.084321975708008,13.207267703404572,13.001861863836629,13.099721900180823,81890028
2010-03-01,13.230615615844727,13.245518617002999,13.107670825533571,13.143933059726939,89426484
2010-03-02,13.438501358032227,13.552753258978017,13.288236165999876,13.299908682444354,174097728
2010-03-03,13.544310569763184,13.61385442957176,13.393547493066036,13.47079131475915,123452424
2010-03-04,13.774551391601562,13.812800370250452,13.566165920422131,13.573616946403918,127224648
2010-03-05,14.013487815856934,14.099426401533368,13.90643988002789,13.942454123770899,156331512
2010-03-08,13.970518112182617,14.037580188334974,13.934007894071017,14.027644540096118,95360544
2010-03-09,13.913640975952148,14.024664291793021,13.821990138331465,13.905195154719983,126936936
2010-03-10,14.317498207092285,14.368414503406067,13.963812957878112,14.002310876194072,225969804
2010-03-11,14.433984756469727,14.559910137299003,14.261612559925826,14.263103333188049,169162668
2010-03-12,14.394243240356445,14.611321570811466,14.384804517084762,14.607844046814257,110025864
2010-03-15,13.98790454864502,14.143634970791311,13.809572112565432,14.074835080227658,185969844
2010-03-16,14.03807544708252,14.118051874150927,13.927797992027356,13.954373507061378,137122740
2010-03-17,14.047018051147461,14.193310699508597,14.01448038839262,14.115072083449363,132731136
2010-03-18,14.06788158416748,14.118549889371137,13.982440875529054,14.026154132132152,71016912
2010-03-19,13.908923149108887,14.107621929543237,13.84136509049985,13.908923149108887,191576232
2010-03-22,13.84682846069336,14.079057793035005,13.76685202932508,13.812304993532857,160031808
2010-03-23,13.635710716247559,13.866946189634083,13.46184965733012,13.835403323688091,219831948
2010-03-24,13.842605590820312,13.905195345663667,13.404723402798322,13.549027402044507,262345392
2010-03-25,13.980453491210938,14.206969607896443,13.875639361250776,13.88458021401414,157078764
2010-03-26,13.975733757019043,14.092469336394354,13.90941849028,14.039814283888102,107740152
2010-03-29,13.969773292541504,14.026153860986266,13.923079436944066,13.983434454015553,124055820
2010-03-30,14.075581550598145,14.098431554452198,13.915876672992132,13.979212291147558,79036884
2010-03-31,14.085763931274414,14.150838310147256,13.978715058859732,14.034350713843176,121110768
2010-04-01,14.127490043640137,14.242984734475243,14.046768701042206,14.190825658642106,84023892
2010-04-05,14.182381629943848,14.278501001942843,14.132457294384153,14.17964901914167,75983940
2010-04-06,14.113083839416504,14.179400049110214,14.043042116950655,14.143881790275216,82321596
2010-04-07,13.996848106384277,14.126250071251322,13.955121597426103,14.090236773618608,103136760
2010-04-08,14.094953536987305,14.153570737565822,13.910163921961322,13.991382190140056,77822100
2010-04-09,14.063410758972168,14.126745428789585,14.008271082224546,14.094953626152916,82181736
2010-04-12,14.225103378295898,14.256645301160836,14.063411742920536,14.09147803438588,94001904
2010-04-13,14.573817253112793,14.626224314989113,14.185361549182243,14.220133002460102,156335508
2010-04-14,14.629205703735352,14.712161786161987,14.505267084689608,14.655532284028295,135971892
2010-04-15,14.78567886352539,14.848766484290245,14.61156982719922,14.707938127219206,270201528
2010-04-16,13.664274215698242,14.127738074411685,13.651358914427036,13.983434073978977,488930580
2010-04-19,13.663032531738281,13.75965072990794,13.536363184204042,13.62950196490971,155604240
2010-04-20,13.785728454589844,13.9004772879435,13.68687552254394,13.764120289116779,118976904
2010-04-21,13.767350196838379,13.915132684676642,13.714198212590706,13.820998158999787,95564340
2010-04-22,13.587526321411133,13.722641479631104,13.495379504283246,13.710223102788913,131096772
2010-04-23,13.536113739013672,13.643660491807028,13.468556625279016,13.592247269851706,83492424
2010-04-26,13.204534530639648,13.53611277971366,13.144179512677933,13.535616801835326,174577248
2010-04-27,13.14045524597168,13.370696890359046,13.095002279866332,13.137722634965117,153634212
2010-04-28,13.143683433532715,13.283765947834599,12.941010215208177,13.215959903948276,136107756
2010-04-29,13.213476181030273,13.325245370570173,13.081093619570385,13.247504619541408,122233644
2010-04-30,13.057001113891602,13.354551875880727,13.050542989662045,13.191868290660882,97318584
2010-05-03,13.178704261779785,13.236326670261048,13.041601396276608,13.076871671371672,74237688
2010-05-04,12.57689380645752,13.082830972329111,12.523245850668168,13.077366697222423,242808948
2010-05-05,12.661092758178711,12.80912321838768,12.430353257507958,12.44302056986634,183104712
2010-05-06,12.38564682006836,12.853831012894522,11.425186592617205,12.636006801799338,199803996
2010-05-07,12.248295783996582,12.550814816679644,11.954965592652798,12.417934402800554,203356440
2010-05-10,12.956408500671387,12.98546863786664,12.731631150638261,12.76565769197212,164954880
2010-05-11,12.643457412719727,12.912445878355394,12.62284215094911,12.807881636008116,132771096
2010-05-12,12.552552223205566,12.717721356941134,12.468354308629447,12.717721356941134,153917928
2010-05-13,12.688911437988281,12.965102017097829,12.676244125250834,12.828496080946056,132898968
2010-05-14,12.605704307556152,12.69164193135153,12.325539305654145,12.661339957761218,164475360
2010-05-17,12.6166353225708,12.626322036456031,12.3776998506519,12.58707920299095,111640248
2010-05-18,12.378195762634277,12.69114644890905,12.345907034498794,12.667054607170344,112906980
2010-05-19,12.280336380004883,12.404770980949941,12.114174327778777,12.325788397936513,137690172
2010-05-20,11.797995567321777,12.06052688850884,11.767942525185775,12.04785957526182,196335468
2010-05-21,11.724475860595703,12.046120351419637,11.53447090178553,11.650212639198436,387244368
2010-05-24,11.851395606994629,12.165091214358599,11.842454753551827,11.940064907192413,173650176
2010-05-25,11.849160194396973,11.858597971722668,11.524784043273927,11.627609531166511,120575304
2010-05-26,11.809419631958008,12.164344777237718,11.797745222414301,11.9733459851326,138884976
2010-05-27,12.181731224060059,12.227680162017018,11.948011139498886,12.04487731236071,112251636
2010-05-28,12.061766624450684,12.25599590273302,11.996444259855142,12.238360293541358,115676208
2010-06-01,11.980796813964844,12.196634265207518,11.924913170621723,11.932613132319464,106565328
2010-06-02,12.254008293151855,12.2664266698293,11.958195367123269,12.08784624850815,101530368
2010-06-03,12.557768821716309,12.617378921162107,12.287041591988698,12.297224281973104,145881972
2010-06-04,12.38688850402832,12.64842596885163,12.336717123423558,12.411726205391366,156655188
2010-06-07,12.059036254882812,12.441282824623928,12.000172007707054,12.395333879791202,145162692
2010-06-08,12.040657043457031,12.141496736209152,11.860833814455594,12.116907022044051,107296596
2010-06-09,11.773405075073242,12.14248832482424,11.723234642866286,12.101258745416583,109050840
2010-06-10,12.09604263305664,12.133050722049322,11.818610219430258,11.931122420010096,103012884
2010-06-11,12.133051872253418,12.138268159058018,11.962171389896534,11.984028492943507,71196732
2010-06-14,12.001164436340332,12.282075327412528,12.001164436340332,12.281578403010736,81534384
2010-06-15,12.368756294250488,12.428615331366837,11.9760790798611,11.998432158094202,170213616
2010-06-16,12.450223922729492,12.518029966099716,12.322062862321951,12.323553635502124,91480428
2010-06-17,12.420668601989746,12.564475691081356,12.336469727379836,12.504370552174434,79012908
2010-06-18,12.419424057006836,12.50486475730582,12.372234227232097,12.481020906979772,114801084
2010-06-21,12.134541511535645,12.44277379656738,12.04338853378547,12.416197331563492,119220660
2010-06-22,12.077166557312012,12.334233598710927,12.064251255332607,12.167823553155566,88699212
2010-06-23,11.972846984863281,12.093060074228903,11.876230701276054,12.093060074228903,81082836
2010-06-24,11.80023193359375,11.99023787239291,11.754530971941472,11.913490962017589,75668256
2010-06-25,11.74012279510498,11.863564484074335,11.687467743904474,11.848910421469872,89718192
2010-06-28,11.7252197265625,11.861079780014943,11.648968820545367,11.737887037169973,70421508
2010-06-29,11.282620429992676,11.538195752377794,11.20463074696305,11.510627332698187,139943916
2010-06-30,11.051384925842285,11.371289742923883,11.045672660964623,11.300006167082685,143983872
2010-07-01,10.915772438049316,11.137073238431409,10.770225637845922,11.059828464952844,140403456
2010-07-02,10.842751502990723,10.985068773598092,10.829090339855565,10.968676892272335,77362560
2010-07-06,10.830827713012695,11.118940663273865,10.77022376618338,11.027786754117708,102301596
2010-07-07,11.181779861450195,11.208853249923981,10.813690439011399,10.886463835956024,125062812
2010-07-08,11.33974552154541,11.35887190634624,11.16836906261269,11.26498537025582,106649244
2010-07-09,11.611217498779297,11.754528598015023,11.49423392665734,11.722240817863847,173086740
2010-07-12,11.81836223602295,11.908025387116297,11.70038480417285,11.732424598370084,133242624
2010-07-13,12.150437355041504,12.24457093238716,11.928888568541598,11.977818113923355,158892948
2010-07-14,12.20358943939209,12.265433336453357,12.082382481141446,12.16732626353407,124595280
2010-07-15,12.27015209197998,12.287041841354338,11.988496306753682,12.213275548609372,194133672
2010-07-16,11.415498733520508,11.687467800755675,11.413263047172483,11.651702498322807,312679008
2010-07-19,11.578680992126465,11.664866612281264,11.363588451880709,11.450271942950904,181829988
2010-07-20,11.961423873901367,11.996196274882873,11.440088687669405,11.450767355711797,162017820
2010-07-21,11.85983943939209,12.063507460128974,11.8084271662081,12.021283082738142,131052816
2010-07-22,12.041400909423828,12.144973204306227,11.983529567840586,12.002158080192359,85822092
2010-07-23,12.171797752380371,12.184961043032306,11.92218174264157,11.941058244077649,90485424
2010-07-26,12.14472484588623,12.188935028106044,12.043140243750424,12.14770449934234,79728192
2010-07-27,12.235629081726074,12.356587103041731,12.174529152215868,12.184712789308449,97949952
2010-07-28,12.029975891113281,12.300704096954272,11.988249384854036,12.293004134872362,99740160
2010-07-29,12.04587173461914,12.142488984238437,11.905292292360853,12.069715587583204,106912980
2010-07-30,12.04239273071289,12.104734493194538,11.9005714681161,11.913238779656423,85678236
2010-08-02,12.180490493774414,12.251773114685378,12.094304873710042,12.14522116672111,74273652
2010-08-03,12.166084289550781,12.231406656627922,12.089833372051654,12.18272510411591,72019908
2010-08-04,12.575653076171875,12.59254187956281,12.196386188611969,12.224452477809304,152347500
2010-08-05,12.61986255645752,12.632281880205715,12.507101419595235,12.564972761207036,96719184
2010-08-06,12.424145698547363,12.561247626451058,12.320574339212019,12.552803696960634,132647220
2010-08-09,12.551560401916504,12.555286861848266,12.452460420104051,12.474565511606817,74813112
2010-08-10,12.51082706451416,12.567705504460495,12.383162927114144,12.47704756366871,82877040
2010-08-11,12.213523864746094,12.369005351243391,12.207562665216308,12.362299238403038,88831080
2010-08-12,12.220231056213379,12.288285092863617,11.984276194805137,12.019793513144245,88095816
2010-08-13,12.07965087890625,12.199863042467634,12.071205057235609,12.145469224923445,77310612
2010-08-16,12.060775756835938,12.167079728628723,11.934353443662546,12.013336035829308,52147800
2010-08-17,12.183221817016602,12.287042097700649,12.071702521297963,12.133795352043494,75552372
2010-08-18,11.975333213806152,12.191914626936304,11.960431161658502,12.181235012201679,107348544
2010-08-19,11.623140335083008,11.984275648593155,11.605256735730228,11.947018623202862,156843000
2010-08-20,11.475358009338379,11.713051625287756,11.450520307590121,11.623140489021276,156547296
2010-08-23,11.526274681091309,11.630094971593623,11.368806429633352,11.46244308224647,119328552
2010-08-24,11.211336135864258,11.38470121937373,11.199661725840203,11.368059458627586,110397492
2010-08-25,11.291561126708984,11.370792646400854,11.17681229033391,11.17681229033391,103580316
2010-08-26,11.201152801513672,11.35713121518619,11.18774057559272,11.327327110048651,71008920
2010-08-27,11.396126747131348,11.424937951760448,11.118444434530945,11.240396312937676,92403504
2010-08-30,11.24362564086914,11.419225476452883,11.236919527625298,11.40407448778751,49206744
2010-08-31,11.177308082580566,11.297769171069797,11.12713670699648,11.179543768901542,77794128
2010-09-01,11.433382987976074,11.547882894732055,11.238906644105242,11.30050350306877,129002868
2010-09-02,11.504168510437012,11.535214452572147,11.432884944944965,11.495724582089832,67300632
2010-09-03,11.681011199951172,11.720254978003451,11.60997656366002,11.686475475552239,101514384
2010-09-07,11.53447151184082,11.613702088349344,11.500195084933832,11.536954240909857,68327604
2010-09-08,11.68796443939209,11.735652143013752,11.537202313377671,11.554091116833693,95975928
2010-09-09,11.82705307006836,11.931867192403878,11.687963472747164,11.8680356039226,97126776
2010-09-10,11.82606029510498,11.916717287723875,11.799733714197872,11.897591851116086,78893028
2010-09-13,11.978314399719238,12.029975606910652,11.910259419926959,11.944287856345765,89570340
2010-09-14,11.93261432647705,12.039912143982667,11.92392146165726,11.971857159167444,88571340
2010-09-15,11.937828063964844,11.968874952104137,11.884676086785426,11.920691272106,96015888
2010-09-16,11.948262214660645,11.98278568490834,11.907279673267196,11.920692846949272,78701220
2010-09-17,12.174032211303711,12.20011080306818,11.951241605455234,12.015073199220197,225438336
2010-09-20,12.624334335327148,12.677237381226817,12.221472510648217,12.232401061567089,175963860
2010-09-21,12.75299072265625,12.914931280482254,12.639980652508166,12.65910608889505,178473348
2010-09-22,12.816079139709473,12.86028837520424,12.708781327054265,12.73808945576859,101382516
2010-09-23,12.753486633300781,12.907726270698648,12.699340810201349,12.78155292027822,92603304
2010-09-24,13.096490859985352,13.109903085228616,12.872209490326398,12.95864404112135,134141724
2010-09-27,13.173986434936523,13.33393836538819,13.135238633737039,13.135238633737039,124171704
2010-09-28,13.093509674072266,13.252965596756866,12.876928275462198,13.250233932655314,146041812
2010-09-29,13.106426239013672,13.236822985236026,13.032411953949337,13.110400687616991,86801112
2010-09-30,13.059236526489258,13.210246644357726,12.888603100879575,13.14293752511726,129634236
2010-10-01,13.055013656616211,13.179200264773439,12.989939279525615,13.163800341641208,88911000
2010-10-04,12.973795890808105,13.120335582972483,12.886864409869375,13.03837239949189,77542380
2010-10-05,13.368212699890137,13.412174891065066,13.078112025227197,13.123564989581743,140143716
2010-10-06,13.271842956542969,13.410932562370547,13.16231041254119,13.393794823829607,110381508
2010-10-07,13.164050102233887,13.342630537358609,13.142441935840385,13.318041771027607,95736168
2010-10-08,13.321517944335938,13.352564834009208,13.10468853406331,13.23260160593446,114253632
2010-10-11,13.38336181640625,13.52642586606006,13.341884250064348,13.374420964037167,104946948
2010-10-12,13.446699142456055,13.560951059081669,13.357284928235213,13.415156273181294,149993856
2010-10-13,13.49413776397705,13.598206034319908,13.47004592342482,13.586036592840317,122101776
2010-10-14,13.435273170471191,13.542570026708457,13.340393744318671,13.515994511464202,265098636
2010-10-15,14.938430786132812,14.943150148217203,14.693783068934092,14.884285902724155,592399008
2010-10-18,15.342284202575684,15.391462674251619,14.916075513996955,14.916075513996955,283644072
2010-10-19,15.096893310546875,15.270506387686797,14.973451612886397,15.122226989220371,183332484
2010-10-20,15.100619316101074,15.334090493113182,15.088697862960876,15.104592818306914,140862996
2010-10-21,15.200216293334961,15.299813189983626,15.051439974158438,15.188293894355768,116703180
2010-10-22,15.213628768920898,15.270506260889086,15.152031915069012,15.198476834497662,90153756
2010-10-25,15.312232971191406,15.51689293876521,15.274231979723556,15.28963095676327,126209664
2010-10-26,15.364391326904297,15.429713695703828,15.17637311786096,15.22778633607279,100415484
2010-10-27,15.31148910522461,15.39916550455832,15.208662663272571,15.294103375947252,89586324
2010-10-28,15.36389446258545,15.424000541500687,15.23275280815275,15.400404679302993,87284628
2010-10-29,15.242688179016113,15.374325817079674,15.225053515454997,15.326390123805606,91040868
2010-11-01,15.274977684020996,15.415557128751622,15.180844108272286,15.293109272898468,123360516
2010-11-02,15.28987979888916,15.399165310488998,15.264546118671166,15.366130721537449,79824096
2010-11-03,15.403633117675781,15.44461470681325,15.237720010182441,15.33706986214992,135084780
2010-11-04,15.505219459533691,15.645551863000115,15.451322563396575,15.514410195045114,142689168
2010-11-05,15.525338172912598,15.535520863847772,15.426733226745773,15.478146445393921,70557372
2010-11-08,15.567313194274902,15.634871252472893,15.476906077934714,15.49901022270666,83967948
2010-11-09,15.518879890441895,15.668649118266066,15.411831016585127,15.64753787674329,89398512
2010-11-10,15.470695495605469,15.47367609534074,15.337318153434554,15.450825146211205,99780120
2010-11-11,15.329371452331543,15.395438736700463,15.255356216861681,15.3917132233584,90373536
2010-11-12,14.984131813049316,15.322168192140026,14.932469658381894,15.249891719917011,135584280
2010-11-15,14.789902687072754,15.00176472798807,14.754632416375859,14.97891377999235,139016844
2010-11-16,14.498064994812012,14.850009578955037,14.491358881575406,14.722594373982242,132163704
2010-11-17,14.493841171264648,14.641623646934518,14.439696289125054,14.529856358409106,97602300
2010-11-18,14.816975593566895,14.901919371660124,14.618276835822876,14.62920538581412,103496400
2010-11-19,14.674657821655273,14.850008711337905,14.662487433658322,14.827904568322444,91808100
2010-11-22,14.684345245361328,14.739484927488803,14.473972994562452,14.59120551485394,87376536
2010-11-23,14.480430603027344,14.629454923745133,14.36096240028632,14.579780465680104,86417496
2010-11-24,14.777483940124512,14.817968605262159,14.580771931873867,14.587229109129291,95760144
2010-11-26,14.65404224395752,14.728057472589853,14.579530090954279,14.665466771875371,52391556
2010-11-29,14.458075523376465,14.649075272569418,14.404426620381502,14.633427360355007,114273612
2010-11-30,13.80237102508545,14.264593081302198,13.742760918424642,14.264593081302198,284411304
2010-12-01,14.01696491241455,14.19629025362553,13.968531348546414,13.983434347629936,150013836
2010-12-02,14.202499389648438,14.240004402890786,14.041801614733075,14.124013732015296,101814084
2010-12-03,14.231806755065918,14.318240358713801,14.107620151263633,14.143634389414233,105142752
2010-12-06,14.364934921264648,14.45534392427261,14.321470601634367,14.41982660872804,83668248
2010-12-07,14.583008766174316,14.728555559596147,14.554694486546166,14.685587215743787,121566312
2010-12-08,14.667454719543457,14.716633195695293,14.497319170313512,14.702972034614024,70205724
2010-12-09,14.691298484802246,14.792634143219436,14.629205654286688,14.75041166210424,74681244
2010-12-10,14.708934783935547,14.753145913997114,14.661247075897228,14.732032778045728,68119812
2010-12-13,14.768791198730469,14.976928696486683,14.7556279078202,14.83088497958152,95844060
2010-12-14,14.775995254516602,14.859945190977905,14.715640235535904,14.83014013816393,65666268
2010-12-15,14.661493301391602,14.814243120723525,14.632930088490502,14.758359479112569,86621292
2010-12-16,14.696515083312988,14.747679364724124,14.606106080120918,14.724829361624574,63812124
2010-12-17,14.67391300201416,14.717626256987806,14.596171311695096,14.67888035281644,123360516
2010-12-20,14.779718399047852,14.849760124442271,14.62075939469997,14.769535708987268,78853068
2010-12-21,14.978666305541992,15.019647894861528,14.84305422553259,14.866898076528004,75104820
2010-12-22,15.038774490356445,15.076279507392782,14.983884690160751,15.001767344281172,48251700
2010-12-23,15.007476806640625,15.051438993597788,14.95283500560609,15.035047115853223,44387568
2010-12-27,14.961530685424805,14.99630214264223,14.889999126836704,14.970471538671642,48275676
2010-12-28,14.875594139099121,14.998538925673715,14.852991175819131,14.953333945636484,42549408
2010-12-29,14.927252769470215,14.962273158656924,14.87559156668607,14.952090468668798,40727232
2010-12-30,14.874101638793945,14.935449557216698,14.837591420981115,14.8527414623653,39540420
2010-12-31,14.752647399902344,14.863173800453781,14.704463716055571,14.821446347847312,61510428
2011-01-03,15.010459899902344,15.041258802693713,14.814989706870692,14.814989706870692,94513392
2011-01-04,14.955071449279785,15.055912081576906,14.905396992995781,15.04200293093013,72907020
2011-01-05,15.127690315246582,15.15898613811605,14.903656937228265,14.90415386158728,101190708
2011-01-06,15.237720489501953,15.36016833639957,15.152031795566597,15.167678761207219,82229688
2011-01-07,15.310742378234863,15.355698418685254,15.154019995094082,15.297579087546307,83963952
2011-01-10,15.255354881286621,15.28466300756315,15.115023438263814,15.270007997902269,63104832
2011-01-11,15.30006217956543,15.369358047678627,15.262558113479061,15.342285607474645,57514428
2011-01-12,15.321422576904297,15.383019430851203,15.269264446739351,15.383019430851203,65242692
2011-01-13,15.316953659057617,15.390968897352083,15.254114014693132,15.323907761590315,53306640
2011-01-14,15.502983093261719,15.50521783314497,15.326637412233135,15.334585362593005,94529376
2011-01-18,15.886722564697266,15.945338821422542,15.530056726781485,15.549678142004243,144535320
2011-01-19,15.69100284576416,15.96942910807421,15.639092704227938,15.948565855886304,136107756
2011-01-20,15.567313194274902,15.748875179893654,15.480879580257868,15.702428364148174,219212568
2011-01-21,15.196242332458496,15.938879274919872,15.184568868554983,15.88548025281815,355819824
2011-01-24,15.177614212036133,15.212635551173722,14.932967441615764,15.0904356871732,183784032
2011-01-25,15.396927833557129,15.416301259235649,15.064355740863357,15.106082245534642,145726128
2011-01-26,15.312232971191406,15.461009294816487,15.281930994982087,15.407360390851213,81442476
2011-01-27,15.319436073303223,15.39171254338255,15.231511690660364,15.346757449794053,80687232
2011-01-28,14.927006721496582,15.408106230963105,14.896456754514654,15.376065490713222,169074756
2011-01-31,14.911357879638672,15.01343940101345,14.791890630212526,14.991831235416505,112083804
2011-02-01,15.176620483398438,15.233994899008643,14.979660482812847,15.013935013690192,109702188
2011-02-02,15.200464248657227,15.258583577245739,15.0894409311301,15.17562654852057,70357572
2011-02-03,15.154515266418457,15.18680399255084,15.054668488291272,15.137873505715513,59744196
2011-02-04,15.175131797790527,15.18655632676777,15.066592146847837,15.154516533405745,61969968
2011-02-07,15.257344245910645,15.35917683918421,15.131168981343329,15.15476484621159,71912016
2011-02-08,15.358925819396973,15.389972706897916,15.262805503778289,15.273238075774126,67728204
2011-02-09,15.312232971191406,15.385503289750895,15.208909611880307,15.321422759628224,73626300
2011-02-10,15.310742378234863,15.3370708526573,15.189536365016181,15.247655696155128,93282624
2011-02-11,15.510932922363281,15.523352247039147,15.225302652659234,15.244925015273013,103492404
2011-02-14,15.601587295532227,15.638595383574385,15.400156869579135,15.482120049607339,85034880
2011-02-15,15.502238273620605,15.649772762809322,15.476159680907914,15.580973815730532,83596320
2011-02-16,15.50397777557373,15.560606333355805,15.451321773401258,15.538998167520294,67292640
2011-02-17,15.52980899810791,15.579235466930342,15.406119304839601,15.430211147098882,59092848
2011-02-18,15.649523735046387,15.676844163693762,15.502983104392753,15.548187131254632,128587284
2011-02-22,15.156006813049316,15.521612551913227,15.095402859649868,15.39990866723619,145450404
2011-02-23,15.183574676513672,15.267525554974037,15.001765662538144,15.15898685806186,115468416
2011-02-24,15.121481895446777,15.227537863843345,14.935946421246808,15.185313489020315,108359532
2011-02-25,15.15178394317627,15.268022609912427,15.13837266303536,15.19698892082111,77218704
2011-02-28,15.235236167907715,15.31198400579962,15.101361905466849,15.150789315248252,91168740
2011-03-01,14.921292304992676,15.379790708154154,14.885029129863863,15.344024457407848,132795072
2011-03-02,14.922039031982422,15.051440988275123,14.782949415974434,14.897449319061717,80986932
2011-03-03,15.139862060546875,15.187798701345837,15.026603050482265,15.060879476057401,77734188
2011-03-04,14.917817115783691,15.125457698231836,14.907384542347959,15.109311913649481,120319560
2011-03-07,14.695270538330078,14.994064037529968,14.579528817016508,14.916075313790126,138369492
2011-03-08,14.711417198181152,14.852244623539763,14.659010132318858,14.726816175108505,91304604
2011-03-09,14.698004722595215,14.766059699684622,14.548483489273426,14.678880232858198,85953960
2011-03-10,14.41312026977539,14.570091581936483,14.392008082620583,14.540784401892802,124998876
2011-03-11,14.323955535888672,14.405670735629398,14.240005595998431,14.361459605750678,121158720
2011-03-14,14.157047271728516,14.3631970625402,14.108117730521707,14.226840064904227,112531356
2011-03-15,14.146367073059082,14.182133324867701,13.797153216249088,13.846828618567875,160063776
2011-03-16,13.836892127990723,14.152079422459591,13.692340142453428,14.107868298156385,151788060
2011-03-17,13.942700386047363,14.132457348463438,13.922334058768028,14.020193139715927,115856028
2011-03-18,13.935249328613281,14.107372574175482,13.902464624593781,14.024166610141583,131812056
2011-03-21,14.318737983703613,14.400702111676743,14.13295546653244,14.162759571407062,120715164
2011-03-22,14.339104652404785,14.386544368228169,14.219637401565201,14.337862814672139,75400524
2011-03-23,14.459318161010742,14.466520251673238,14.20696954973918,14.286201065730268,72575352
2011-03-24,14.576798439025879,14.614053569036395,14.375863046757775,14.540535264712796,83864052
2011-03-25,14.399210929870605,14.577294426837557,14.386791606669332,14.576550460063972,114221664
2011-03-28,14.290422439575195,14.529605849837761,14.274277604342293,14.457080452050892,88647264
2011-03-29,14.448637962341309,14.452612410948333,14.232056542631355,14.30631976322162,64127808
2011-03-30,14.451371192932129,14.542275232128807,14.420075366693073,14.514456930254688,56835108
2011-03-31,14.573570251464844,14.608341707098246,14.448885770869994,14.480181595376276,81094824
2011-04-01,14.698749542236328,14.782948408764652,14.623244486008183,14.623244486008183,104423472
2011-04-04,14.596420288085938,14.771771179379698,14.482664357608668,14.728554848669605,82097820
2011-04-05,14.134693145751953,14.44267646533328,14.049997354258037,14.432493774875065,241658100
2011-04-06,14.261116027832031,14.285455858275414,14.10762128610495,14.211441571619739,106625268
2011-04-07,14.405669212341309,14.421565113274138,14.261363319741678,14.299613245464945,101158740
2011-04-08,14.359967231750488,14.527123126037587,14.357484502924242,14.527123126037587,75995928
2011-04-11,14.340347290039062,14.358477931445805,14.231807644442926,14.311287151565045,74253672
2011-04-12,14.172446250915527,14.328921587231463,14.108861699706356,14.281481872647548,83340576
2011-04-13,14.313274383544922,14.346060036280402,14.200761232073512,14.294149892710566,82693224
2011-04-14,14.368661880493164,14.392008808743967,14.20945487385887,14.286201771749077,218033748
2011-04-15,13.181187629699707,13.554989309267649,13.165291727970844,13.543564780634364,561186252
2011-04-18,13.085314750671387,13.105682024648699,12.890590435853262,13.074883124753367,201390408
2011-04-19,12.953428268432617,13.185657597568055,12.937781302710432,13.162558659120036,107256636
2011-04-20,13.057745933532715,13.084819321487045,12.949952145685609,13.061968371167378,122277600
2011-04-21,13.042098999023438,13.121080636962214,12.97478893216734,13.101459221947703,98705196
2011-04-25,13.04085636138916,13.08928898059644,12.965350353857197,13.045823712433734,65166768
2011-04-26,13.233841896057129,13.348589779079791,13.044828902214288,13.077366563594522,139860000
2011-04-27,13.356538772583008,13.36523258347193,13.271843922464264,13.362499972471786,91844064
2011-04-28,13.361754417419434,13.393546217683793,13.265136232484782,13.36398915722008,79920000
2011-04-29,13.514007568359375,13.514007568359375,13.375166891962026,13.41217498144943,168970860
2011-05-02,13.376409530639648,13.554493993710842,13.340643276740701,13.55374813381002,85262652
2011-05-03,13.260419845581055,13.462099227669567,13.154611856778356,13.340893207254302,83176740
2011-05-04,13.307610511779785,13.387338012848156,13.238810615420247,13.29221153377996,84595320
2011-05-05,13.269857406616211,13.39776953841244,13.201058457299279,13.259674715358587,79832088
2011-05-06,13.295439720153809,13.448437539717105,13.292459120224304,13.36622636554214,82161756
2011-05-09,13.354551315307617,13.37467060049906,13.191121877077935,13.287987110796504,77870052
2011-05-10,13.478242874145508,13.522205067609672,13.35107565595024,13.412175589475167,81634284
2011-05-11,13.299163818359375,13.500346246751576,13.25545056593082,13.415651406067619,93458448
2011-05-12,13.289230346679688,13.336173138502339,13.186402963370133,13.293948762190041,57874068
2011-05-13,13.15262508392334,13.31083919591594,13.140205759331769,13.278302477461914,84263652
2011-05-16,12.876182556152344,13.095994438649791,12.826012127433623,13.07215058863841,118209672
2011-05-17,13.175227165222168,13.194103667894012,12.79198768671802,12.80192238922234,132011856
2011-05-18,13.159083366394043,13.171998669045228,13.057001836483623,13.152377252851819,78049872
2011-05-19,13.19484806060791,13.326236758272415,13.15684612401358,13.231607213004668,98649252
2011-05-20,13.015522003173828,13.213226918444573,12.993167978116022,13.208507556589206,92607300
2011-05-23,12.875439643859863,12.915427386066492,12.751501022128663,12.83098052867565,91908000
2011-05-24,12.872210502624512,13.013783792098689,12.86947883818583,12.924617570067657,75924000
2011-05-25,12.907232284545898,12.984227174147593,12.847125253082668,12.849112004244681,52011936
2011-05-26,12.86898136138916,12.968082281158173,12.7912406178993,12.858300799988266,84655260
2011-05-27,12.93778133392334,12.959886423655206,12.823528479108143,12.877674306722746,69762168
2011-05-31,13.139460563659668,13.14020453044696,13.002358653728741,13.039613784451163,107384508
2011-06-01,13.05451774597168,13.24328087497619,13.047314708225104,13.11512075488102,118117764
2011-06-02,13.115617752075195,13.17125341016394,12.977025058012208,13.103446416609074,88091820
2011-06-03,12.991926193237305,13.104191350320557,12.952684311176107,12.965101741667938,69870060
2011-06-06,12.941756248474121,13.084819364553313,12.896799261028782,13.003352158005102,77606316
2011-06-07,12.891335487365723,13.030424149937966,12.89034163859235,12.987206872658499,76227696
2011-06-08,12.894813537597656,12.94622676029953,12.81061465990209,12.829243174133017,66069864
2011-06-09,12.834209442138672,12.915427712840446,12.807137000745637,12.915427712840446,67496436
2011-06-10,12.65488338470459,12.833214871263063,12.64941910964102,12.768390376844437,97498404
2011-06-13,12.536161422729492,12.672021496982007,12.472577817585229,12.667054146145441,96994908
2011-06-14,12.626570701599121,12.768391989189928,12.592294273768816,12.621105479322807,93566340
2011-06-15,12.491950988769531,12.626072308356889,12.433831655629406,12.543612197550665,82849068
2011-06-16,12.427870750427246,12.581861466385837,12.335971920110048,12.48847375594495,110169720
2011-06-17,12.046616554260254,12.584841488386974,12.041151332747562,12.572174176384143,209606184
2011-06-20,12.035689353942871,12.076670947702837,11.902808923779716,12.046120980725988,121022856
2011-06-21,12.244817733764648,12.26816560738393,12.039412858663491,12.100513733749453,110505384
2011-06-22,12.09604263305664,12.228674119030694,12.08908853116582,12.206321040188495,96187716
2011-06-23,11.927397727966309,11.992968083678944,11.766203029755221,11.974836496035042,191875932
2011-06-24,11.79476547241211,11.940560237781115,11.748566652018322,11.938821475809688,152071776
2011-06-27,11.991477012634277,12.130566617714006,11.762974148824545,11.772908850180922,137650212
2011-06-28,12.260964393615723,12.324548002097531,12.021780001926194,12.021780001926194,108495396
2011-06-29,12.35832691192627,12.42489112228015,12.229420929076863,12.332744295823252,93626280
2011-06-30,12.577142715454102,12.58434575314748,12.45593669853062,12.468107087316616,97038864
2011-07-01,12.941009521484375,12.944735981002083,12.577141620403767,12.586083419505567,145322532
2011-07-05,13.22440242767334,13.297921674532615,13.047064800263385,13.047064800263385,153814032
2011-07-06,13.296929359436035,13.375167030284018,13.239306952338312,13.250732427486586,107716176
2011-07-07,13.576102256774902,13.677437919007223,13.309844486703502,13.437012645303732,157262580
2011-07-08,13.213228225708008,13.353808620852883,13.095996653219784,13.237072079751453,190617192
2011-07-11,13.096242904663086,13.312328335682242,13.052032726944693,13.118596928966744,113458428
2011-07-12,13.263400077819824,13.39776938597902,13.06445236581889,13.118101272113316,113534352
2011-07-13,13.368958473205566,13.511525617525926,13.324747343728733,13.337663592692335,111496392
2011-07-14,13.137474060058594,13.461850211084947,13.082582372135024,13.390317708487462,265714020
2011-07-15,14.843303680419922,14.908626051555009,14.608342671318892,14.840323080435798,548734716
2011-07-18,14.776739120483398,14.953332803058254,14.703717735436406,14.715888124031352,178553268
2011-07-19,14.965751647949219,15.01865469177947,14.791393657522558,14.806543699023077,118581300
2011-07-20,14.786924362182617,14.972707841702249,14.786924362182617,14.956563003663904,89022888
2011-07-21,15.076030731201172,15.102606248774931,14.753641316816,14.754138241228373,138641220
2011-07-22,15.35520076751709,15.386744580325304,15.008471548166062,15.036289847945016,140986872
2011-07-25,15.373828887939453,15.533532805848752,15.225300562310911,15.234242361267148,125138736
2011-07-26,15.461755752563477,15.585445452151529,15.330117154942547,15.350732420381473,93622284
2011-07-27,15.081742286682129,15.422759251580802,15.020394367920979,15.329122605805438,157218624
2011-07-28,15.1741361618042,15.299316613575183,14.976927234165991,15.03132104770461,124211664
2011-07-29,14.99406623840332,15.273983279903396,14.99406623840332,15.007478464601554,165330504
2011-08-01,15.070564270019531,15.287394616592758,14.882049147396515,15.181091608515736,158485356
2011-08-02,14.713652610778809,15.14259300288347,14.693037347933243,15.051440034205022,127895976
2011-08-03,14.931476593017578,14.97692861185264,14.49582912027614,14.760099197551604,152874972
2011-08-04,14.344072341918945,14.873853393184167,14.34283145067967,14.765810668325585,196387416
2011-08-05,14.38182544708252,14.654043479995348,13.958597290987406,14.46875693060053,236926836
2011-08-08,13.561695098876953,14.13245772081716,13.520216583398497,13.982937431165826,299564136
2011-08-09,14.24199104309082,14.27179609439301,13.437260337067519,13.9337587860676,258529212
2011-08-10,13.63595962524414,14.011252078957394,13.604167821706852,13.94319804529872,214569216
2011-08-11,13.961825370788574,14.120039472403711,13.621057337444373,13.755426640294974,193030776
2011-08-12,14.00256061553955,14.169716536295493,13.918858660679026,14.14487883235123,126045828
2011-08-15,13.840123176574707,14.032860742723937,13.562440882385989,13.745740671265635,285510204
2011-08-16,13.387336730957031,13.721151596410621,13.171252242181257,13.720903607483852,277298424
2011-08-17,13.24203872680664,13.50382512945301,13.182926492535278,13.41292014495842,163000836
2011-08-18,12.539887428283691,13.036881878661088,12.43085085496236,13.001613497031999,251376372
2011-08-19,12.193157196044922,12.788012624317442,12.191667369349835,12.40228854216901,216183600
2011-08-22,12.373229026794434,12.592543074946128,12.282820962129202,12.518030912935824,196039764
2011-08-23,12.886119842529297,12.950448364002611,12.395333630741485,12.505611096124307,173698128
2011-08-24,12.997142791748047,13.163801781427301,12.8466295867966,12.89878772183153,143636220
2011-08-25,12.916422843933105,13.344370394888276,12.873205561075977,13.173240972299014,131588280
2011-08-26,13.08581256866455,13.17497879269943,12.745043574678249,12.9151800827251,143708148
2011-08-29,13.389325141906738,13.398515877698632,13.252223216264696,13.277059972925798,93338568
2011-08-30,13.429560661315918,13.486438154279432,13.18392004797285,13.367218893055297,119440440
2011-08-31,13.436019897460938,13.568651395707958,13.312826177404968,13.529904541026495,107624268
2011-09-01,13.225894927978516,13.507301801168843,13.19410312405691,13.430802891297816,96523380
2011-09-02,13.035640716552734,13.112139624591014,12.93355919401502,13.026450928030647,95951952
2011-09-06,12.969573020935059,12.983978148863272,12.67947235309579,12.686923379250654,108523368
2011-09-07,13.263895988464355,13.3113357056458,13.09922470361516,13.174978700520581,110121768
2011-09-08,13.286995887756348,13.38982233404366,13.210993896417508,13.258184681539813,95124780
2011-09-09,13.035887718200684,13.279294520916606,12.944983688659283,13.198572234875588,130621248
2011-09-12,13.166781425476074,13.21322729246325,12.853333820546943,12.864759295590805,106709184
2011-09-13,13.15187931060791,13.260170021246783,12.999874397588579,13.213475219020143,94073832
2011-09-14,13.215213775634766,13.336419777359259,13.059980287365569,13.228129076160565,107668224
2011-09-15,13.475757598876953,13.535863676428574,13.277057897511618,13.300405770255246,118313568
2011-09-16,13.578089714050293,13.582063216373056,13.490164380255997,13.53139490936023,141230628
2011-09-19,13.577840805053711,13.658065230262652,13.297426826985522,13.420868532544347,98637264
2011-09-20,13.5768461227417,13.872163082726884,13.47849011456566,13.645646014634838,111052836
2011-09-21,13.392305374145508,13.78473653036158,13.383861445026318,13.603175490151521,100471428
2011-09-22,12.9318208694458,13.133500245881033,12.766403723928512,13.07066155076967,175835988
2011-09-23,13.052281379699707,13.074883394074753,12.7788215206983,12.82998674910223,110980908
2011-09-26,13.21074390411377,13.236574506249756,12.747775084019706,13.095497203678681,105262632
2011-09-27,13.395781517028809,13.58727818640328,13.314067273154041,13.36746629300136,120315564
2011-09-28,13.134988784790039,13.512019971969766,13.10667450770706,13.44943021846341,90441468
2011-09-29,13.101709365844727,13.345115265878515,12.900774888595437,13.313820383849501,116147736
2011-09-30,12.792234420776367,13.014777035569379,12.77584064881608,12.920642520398104,108835056
2011-10-03,12.307408332824707,12.716728252999875,12.294493031698577,12.663328286445617,178797024
2011-10-04,12.46587085723877,12.504121730638781,11.93683568414412,12.171051767781634,166185648
2011-10-05,12.535415649414062,12.612412427480239,11.941058109181254,12.32802401794269,181182636
2011-10-06,12.784039497375488,12.796954799695172,12.483258244562196,12.60496118754223,136835028
2011-10-07,12.794221878051758,12.927847217789283,12.674505689137275,12.83669424387221,114121764
2011-10-10,13.34188461303711,13.349335639054917,12.994906460133127,13.044084935591366,92795112
2011-10-11,13.491158485412598,13.581070572076488,13.249739345775522,13.249739345775522,114021864
2011-10-12,13.623292922973633,13.790448834500094,13.527172594709626,13.614103133930538,126984888
2011-10-13,13.88383674621582,13.884084735153804,13.611370732139866,13.661294123532983,227276496
2011-10-14,14.695770263671875,14.892482292183539,14.593688736033588,14.889253703223288,340854804
2011-10-17,14.46552848815918,14.699496594971107,14.355994988191584,14.498065205994907,160167672
2011-10-18,14.66671085357666,14.717627148908305,14.341091902136675,14.410388721682347,151879968
2011-10-19,14.423055648803711,14.705207430968416,14.386296494405089,14.587975865718613,117142740
2011-10-20,14.496821403503418,14.626473234367767,14.393498046231882,14.452860159758156,135024840
2011-10-21,14.666213989257812,14.72234657139156,14.572080413809859,14.641874158056387,135504360
2011-10-24,14.813498497009277,14.901671818407413,14.56711296107601,14.572577236578468,136938924
2011-10-25,14.484155654907227,14.778229838136173,14.47645663947255,14.731039057151825,101518380
2011-10-26,14.562393188476562,14.658513511689724,14.228331264974473,14.642866545504884,114809076
2011-10-27,14.869382858276367,14.969477625053429,14.73600551670799,14.863172723384412,151060788
2011-10-28,14.905895233154297,14.959543192939051,14.759602578583605,14.766308691872037,100219680
2011-10-31,14.719613075256348,14.894716924449927,14.695521234450691,14.780465015907575,102209688
2011-11-01,14.372139930725098,14.542523483316483,14.324948201570598,14.408154173225789,124878996
2011-11-02,14.525386810302734,14.603376501046085,14.417593956876292,14.52737450813468,84751164
2011-11-03,14.84032154083252,14.84032154083252,14.498063700423913,14.579529954288397,106685208
2011-11-04,14.806543350219727,14.895958503082072,14.714397479582836,14.740972995338772,113278608
2011-11-07,15.1093111038208,15.120488590039217,14.709430831557867,14.73650327298552,134161704
2011-11-08,15.208909034729004,15.259329348011939,14.991830698187146,15.125952006488008,121054824
2011-11-09,14.926012992858887,15.135640325612156,14.869134549722723,15.008225116527226,148291560
2011-11-10,14.780218124389648,15.05019953021323,14.692790661028885,15.049702605789308,114621264
2011-11-11,15.109807968139648,15.202699696854754,14.867643945061952,14.934705071814196,158920920
2011-11-14,15.225300788879395,15.351475092256246,15.095650854481487,15.101114182981904,127420452
2011-11-15,15.31372356414795,15.351476568569911,15.16320941740043,15.220334901928302,106932960
2011-11-16,15.187299728393555,15.356939295717899,15.165940499293429,15.202450715728737,104235660
2011-11-17,14.924025535583496,15.207668091852298,14.822439989740934,15.152032435676384,139592268
2011-11-18,14.775249481201172,15.014185882999485,14.74718413691699,14.952092101483485,131376492
2011-11-21,14.42901611328125,14.61678632439555,14.20920611143195,14.598406748132852,119931948
2011-11-22,14.405669212341309,14.529110906759305,14.287442857576751,14.405669212341309,96115788
2011-11-23,14.160028457641602,14.411879211369548,14.160028457641602,14.290175325642174,92938968
2011-11-25,13.98343563079834,14.263352692049324,13.941956165014448,14.037829452768605,62433504
2011-11-28,14.609086036682129,14.62473394831003,14.318737389477102,14.390020953027117,113042844
2011-11-29,14.478443145751953,14.662984775440513,14.438703391933512,14.601387920391263,73198728
2011-11-30,14.887266159057617,14.890246758909354,14.705953118155968,14.851499907359424,135744120
2011-12-01,15.244426727294922,15.29981344612201,14.877579161454975,14.902415915539718,144679176
2011-12-02,15.408105850219727,15.4985139111362,15.306272313955429,15.325894675767683,163264572
2011-12-05,15.539495468139648,15.694728027924109,15.458774120581749,15.58892193618831,127772100
2011-12-06,15.492801666259766,15.6132618226221,15.405125269705755,15.473427293366923,92966940
2011-12-07,15.483362197875977,15.539742765576907,15.351972550354416,15.4408907804011,90201708
2011-12-08,15.301056861877441,15.584202495788412,15.282428349022378,15.42499548805267,96427476
2011-12-09,15.583456993103027,15.625928410648278,15.324900135138,15.349487953853272,110537352
2011-12-12,15.533038139343262,15.552659555592541,15.406367841591578,15.445859609568844,87268644
2011-12-13,15.5389986038208,15.81047077593931,15.469950720260698,15.616739351746638,160966872
2011-12-14,15.351226806640625,15.506460297642954,15.212634129309377,15.445112382434637,155991852
2011-12-15,15.387738227844238,15.498513561427648,15.366626986322593,15.46175440720712,96247656
2011-12-16,15.547195434570312,15.630648446618535,15.435675185358198,15.506461830842255,178193628
2011-12-19,15.444615364074707,15.61028048969614,15.399164293272161,15.598111048072859,85654260
2011-12-20,15.65672779083252,15.693238956409495,15.597613663831316,15.59786354581691,95432472
2011-12-21,15.543717384338379,15.69274075031441,15.373331948618292,15.647785656934383,99816084
2011-12-22,15.64008617401123,15.690506490730463,15.573273977494297,15.59662090595544,72819108
2011-12-23,15.725526809692383,15.763776737593936,15.661447224457294,15.697212530331637,58089852
2011-12-27,15.902119636535645,16.007429743916582,15.697211685822339,15.698453523507794,64191744
2011-12-28,15.888459205627441,16.02009778458359,15.848718507188796,15.964213196453871,85002912
2011-12-29,15.955520629882812,15.970422682182836,15.77669126966937,15.932917669458233,62952984
2011-12-30,16.042449951171875,16.063809179248274,15.946080703304698,15.946080703304698,71220708
2012-01-03,16.527027130126953,16.595082106962824,16.203149803926806,16.21730599632677,146912940
2012-01-04,16.598312377929688,16.647241920746097,16.408057535505616,16.517589138684226,114445440
2012-01-05,16.36806869506836,16.491262405306994,16.299021760095265,16.445562398255795,131184684
2012-01-06,16.1447811126709,16.392658344553876,16.139067902249238,16.37154521140848,107608284
2012-01-09,15.460264205932617,16.069772766036564,15.42971423926479,16.057354388211497,232671096
2012-01-10,15.477151870727539,15.741917897318297,15.322414360576293,15.641327157449117,175648176
2012-01-11,15.547195434570312,15.632387208789988,15.426982321023623,15.486094555716885,95904000
2012-01-12,15.638595581054688,15.71931692442066,15.560605902013592,15.677838409505629,74932992
2012-01-13,15.523101806640625,15.571782412195123,15.425490713556432,15.554644673396155,92199708
2012-01-17,15.61226749420166,15.696714347631623,15.540239017298868,15.696714347631623,76295628
2012-01-18,15.719813346862793,15.746885786407278,15.451818722610396,15.563833993761099,110357532
2012-01-19,15.88523006439209,15.92049939088049,15.68379963555512,15.92049939088049,251959788
2012-01-20,14.554445266723633,14.67888081572641,14.447893317000203,14.667206405145725,422628948
2012-01-23,14.542773246765137,14.620761989696351,14.484156985192902,14.554695647468597,136379484
2012-01-24,14.428768157958984,14.596420031145502,14.355993819519142,14.562641478276285,122109768
2012-01-25,14.144627571105957,14.373627343472716,14.067382812436055,14.343822294939386,199308492
2012-01-26,14.11010456085205,14.268566649047656,14.021932190611789,14.206473817176438,128918952
2012-01-27,14.405173301696777,14.413618177134625,14.140654284731696,14.176669473076245,144555300
2012-01-30,14.348295211791992,14.405669628774136,14.241742317458302,14.357237011271177,93126780
2012-01-31,14.408401489257812,14.505019683167033,14.285207778529042,14.480181981957438,85610304
2012-02-01,14.426284790039062,14.54227546851045,14.384310294123374,14.528366317347299,92735172
2012-02-02,14.532588005065918,14.564876732465645,14.4573318816497,14.526626805371858,96491412
2012-02-03,14.811262130737305,14.829642652880358,14.605609274922616,14.670434713953123,126613260
2012-02-06,15.128188133239746,15.17140541336948,14.753641527191071,14.778478282937018,147036816
2012-02-07,15.070564270019531,15.135638646145251,14.995804128001033,15.080002993510472,83600316
2012-02-08,15.147064208984375,15.184320285748791,15.020144991145889,15.117010222819802,73382544
2012-02-09,15.187053680419922,15.262559691300654,15.125953745425525,15.200962831875223,90497412
2012-02-10,15.049205780029297,15.104343564478553,15.001766064364924,15.098134375836128,92914992
2012-02-13,15.205431938171387,15.246164593615015,15.151287056868295,15.163208509564127,72579348
2012-02-14,15.144829750061035,15.200465407529768,15.020643132955097,15.189040878605363,72075852
2012-02-15,15.040511131286621,15.223562924182685,14.965998978684349,15.223562924182685,96938964
2012-02-16,15.064355850219727,15.1212333434237,14.846035665916537,14.972457965092602,101134764
2012-02-17,15.017662048339844,15.091926216565296,14.962026392666585,15.025857988088305,97866036
2012-02-21,15.250139236450195,15.346508494110733,14.973947711627341,14.998537423698009,99132768
2012-02-22,15.099625587463379,15.319187615457144,15.069075621237463,15.199471426082571,78601320
2012-02-23,15.05417251586914,15.09962453209276,14.911109407911308,15.076277605142076,82117800
2012-02-24,15.148305892944336,15.19177115764133,15.039269328032866,15.08497027913073,77346576
2012-02-27,15.133652687072754,15.20940573527556,15.02809364024555,15.066094632076998,72483444
2012-02-28,15.359176635742188,15.39345211599778,15.093167787292188,15.15079114315434,113790096
2012-02-29,15.355697631835938,15.53825250216882,15.287394666854725,15.364390495536881,125350524
2012-03-01,15.458773612976074,15.540736795604357,15.353214567127011,15.455296088748343,89418492
2012-03-02,15.430211067199707,15.498514037855898,15.407113073894049,15.44883958034353,62869068
2012-03-05,15.25635051727295,15.461010500810701,15.185066944201576,15.409844321772855,63668268
2012-03-06,15.025609016418457,15.121232408827906,14.749417507188088,15.102355908572312,126849024
2012-03-07,15.071310043334961,15.180345661568188,15.047963116711285,15.12719368457344,50529420
2012-03-08,15.079754829406738,15.188045533711822,15.060133415879443,15.15178235980648,53766180
2012-03-09,14.908626556396484,15.197982341852684,14.902417367270425,15.099875260615491,106717176
2012-03-12,15.030329704284668,15.076278648062486,14.884037051026622,14.902416628537749,66693240
2012-03-13,15.344023704528809,15.345762466520952,15.04026283637151,15.119742337993918,89742168
2012-03-14,15.299566268920898,15.468212002803554,15.236728520534479,15.27497750246337,117358524
2012-03-15,15.427229881286621,15.486094125400866,15.270754541521537,15.314716732904882,97306596
2012-03-16,15.524343490600586,15.545951655582764,15.400404871697823,15.421269069897575,121897980
2012-03-19,15.74638843536377,15.828103622673167,15.42996120451694,15.476655056395124,86825088
2012-03-20,15.734220504760742,15.798052104424901,15.57973190482621,15.670388905096583,61558380
2012-03-21,15.895414352416992,16.07945810351862,15.709878881667674,15.76203701059278,98685216
2012-03-22,16.04617691040039,16.114479877491917,15.672374294484548,15.858654683587504,96311592
2012-03-23,15.960240364074707,16.107028990136012,15.918265870507984,16.059837263706353,77530392
2012-03-26,16.127643585205078,16.131618980649264,15.884487576338646,16.020099673212567,72695232
2012-03-27,16.070270538330078,16.231215364218574,16.01512991225261,16.07051852727598,80207712
2012-03-28,16.2873477935791,16.35763846124293,16.171109128674782,16.194704046176653,101454444
2012-03-29,16.10479164123535,16.307960814669084,16.002711076699548,16.229723153299375,76895028
2012-03-30,15.926708221435547,16.230966023116796,15.920747022003637,16.18774969354199,92335572
2012-04-02,16.067787170410156,16.082193246092782,15.76775082885408,15.915037335084152,91276632
2012-04-03,15.96098518371582,16.09336963511851,15.862133192130118,16.030282003884654,81714204
2012-04-04,15.7754487991333,15.871072190601042,15.674857110575562,15.857411976540678,65038896
2012-04-05,15.705160140991211,15.807241662974826,15.612020418543791,15.703173389935163,92655252
2012-04-09,15.668401718139648,15.779921022734612,15.530553938102369,15.609785460331493,87220692
2012-04-10,15.569547653198242,15.759304617449523,15.512173237326897,15.734964787963385,99180720
2012-04-11,15.795568466186523,15.796562314992682,15.679825780743833,15.746141998749518,87872040
2012-04-12,16.169370651245117,16.222273695012774,15.902369863936675,15.95427905892533,230033736
2012-04-13,15.513416290283203,16.11919930406686,15.487087816290796,16.083432106222993,326045628
2012-04-16,15.053178787231445,15.493793589169572,14.943646242221398,15.473676197238603,227456316
2012-04-17,15.140110969543457,15.341790341322366,15.07652641601749,15.115024332649101,120835044
2012-04-18,15.087454795837402,15.220334272662928,14.972209036188394,15.10235684861395,106673220
2012-04-19,14.885028839111328,15.306271156673393,14.877578759609774,15.043739858125651,131652216
2012-04-20,14.804555892944336,15.122225908311528,14.798843629172008,15.007974007206917,122213664
2012-04-23,14.842806816101074,14.863918057154018,14.659010102556344,14.726070285364809,87824088
2012-04-24,14.933959007263184,15.06708741020452,14.835851940324899,14.858701942283,77086836
2012-04-25,15.143835067749023,15.184320680738978,14.97394750472761,15.001765805192267,72771156
2012-04-26,15.286649703979492,15.349487447174896,15.143338608273497,15.17339164774143,83616300
2012-04-27,15.274479866027832,15.31819406793475,15.165692232172606,15.27547371480668,65390544
2012-04-30,15.022878646850586,15.301801861921987,14.917568526419599,15.225054958318665,96195708
2012-05-01,15.012445449829102,15.190527995013632,14.907134400527632,14.99654954954087,80011908
2012-05-02,15.08273696899414,15.103848211251472,14.917567811661511,14.93222187607274,64395540
2012-05-03,15.176124572753906,15.270755071840336,15.124711353219647,15.141353115174272,74645280
2012-05-04,14.82715892791748,15.098383098967483,14.823185425851273,15.049453557326085,88207704
2012-05-07,15.089938163757324,15.16494724355373,14.778229327352763,14.778229327352763,79700220
2012-05-08,15.220087051391602,15.322168579018621,14.919803668530895,15.039767849696263,106984908
2012-05-09,15.129677772521973,15.309252046414974,14.947371834310736,15.071807378753164,93058848
2012-05-10,15.241695404052734,15.30453315051151,15.156502685372121,15.224308729281672,61374564
2012-05-11,15.032315254211426,15.26379966329957,15.020889779785191,15.159482459920428,83892024
2012-05-14,15.001766204833984,15.113534441012133,14.916822421060406,14.921790718543525,72903024
2012-05-15,15.178360939025879,15.27497819356734,14.995558056988505,15.035297813953152,83999916
2012-05-16,15.620962142944336,15.65002133664334,15.29832473310738,15.34849611583789,193210596
2012-05-17,15.4749174118042,15.84250989373596,15.429713383201696,15.74266500573471,134017848
2012-05-18,14.91235065460205,15.707642591669872,14.820451830522963,15.525832640935413,238701060
2012-05-21,15.2528715133667,15.292114341809915,14.902415828656828,14.915083141079778,122892984
2012-05-22,14.922285079956055,15.245419365024613,14.803065830251727,15.23622863091617,121953924
2012-05-23,15.137378692626953,15.140855270477326,14.830885179496146,14.943398331980193,126996876
2012-05-24,14.99332046508789,15.198475442455667,14.874349205778431,15.129924493045372,75576348
2012-05-25,14.692042350769043,14.945382898536323,14.611321014287283,14.927252259007371,143132724
2012-05-29,14.761837005615234,14.88080828009476,14.612316711828138,14.798348171247156,104123772
2012-05-30,14.610079765319824,14.701232730545746,14.493344187463702,14.608341003317394,76191732
2012-05-31,14.42702865600586,14.654042645306864,14.380830779130429,14.622250842969297,118613268
2012-06-01,14.18163776397705,14.223116284035576,14.116315389261178,14.201756105080698,122193684
2012-06-04,14.370646476745605,14.417838197096911,14.15754260802294,14.162757947168828,97210692
2012-06-05,14.167479515075684,14.359224186227474,14.069620428397755,14.292659978866608,93502404
2012-06-06,14.41982650756836,14.454598909551285,14.246958346418793,14.318240965939552,83748168
2012-06-07,14.36170768737793,14.601637001420686,14.337367855393357,14.594434909973257,70269660
2012-06-08,14.416847229003906,14.43050839142361,14.271051494853412,14.302595311024618,56359584
2012-06-11,14.120038986206055,14.537803783710018,14.075082947657162,14.510234419241144,106337556
2012-06-12,14.03559398651123,14.164748908676259,13.873654355884398,14.151584670281284,128839032
2012-06-13,13.935994148254395,14.082782768359518,13.876136058112095,13.951642060117655,78089832
2012-06-14,13.885327339172363,14.034848586142623,13.822488642560316,13.941211933387798,93702204
2012-06-15,14.020938873291016,14.021186862232753,13.836645228673182,13.91736752225398,119927952
2012-06-18,14.178407669067383,14.261861624766349,13.890293745997823,13.97399663715425,99776124
2012-06-19,14.443671226501465,14.511974196873583,14.234788813131544,14.246462277470107,82964952
2012-06-20,14.34382438659668,14.405670178941698,14.244475472361636,14.400950816826112,93774132
2012-06-21,14.038325309753418,14.40169727735481,14.001566153161976,14.40169727735481,80371548
2012-06-22,14.19405460357666,14.19405460357666,14.053476113099245,14.107620994760897,89026884
2012-06-25,13.926308631896973,14.10985546102614,13.843102666931252,14.090978960186487,63200736
2012-06-26,14.025161743164062,14.07284945021607,13.89600777319555,13.977474036112055,53953992
2012-06-27,14.139910697937012,14.256397355448572,14.058444434364334,14.100170941740252,67624308
2012-06-28,14.015972137451172,14.063659845126683,13.83962643602374,14.05546390489481,76759164
2012-06-29,14.407407760620117,14.408898533827363,14.211937577685877,14.28048853562979,100679220
2012-07-02,14.417341232299805,14.48018086708298,14.318737241434656,14.450871795068204,66153780
2012-07-03,14.600144386291504,14.61455046041447,14.355993611675954,14.40591700021352,47532420
2012-07-05,14.801081657409668,14.903908100716771,14.617780905066764,14.62324612731036,93742164
2012-07-06,14.554197311401367,14.741471566387213,14.475711646528474,14.714895101139973,86385528
2012-07-09,14.55494213104248,14.619270650826802,14.436716717749057,14.528613656632569,68535396
2012-07-10,14.447892189025879,14.714396983520029,14.37437293961458,14.658761331991869,76847076
2012-07-11,14.186850547790527,14.352267673770463,14.031618004791797,14.313769760796996,139832028
2012-07-12,14.169218063354492,14.205233253131125,13.960832566218262,14.085765047527262,92299608
2012-07-13,14.319234848022461,14.384557214672741,14.121280997059506,14.210695204353573,78960960
2012-07-16,14.279495239257812,14.38555026207844,14.201506505911041,14.315509479382957,58445496
2012-07-17,14.324451446533203,14.422310530915324,14.117555791721564,14.366674875704886,67136796
2012-07-18,14.424546241760254,14.49731963630711,14.309549417970493,14.330660659330617,61866072
2012-07-19,14.730043411254883,14.864662582217026,14.554692535008758,14.558169112368182,186801012
2012-07-20,15.171157836914062,15.223812896354367,14.857213284958652,15.119992604249939,258289452
2012-07-23,15.287644386291504,15.358182094785311,14.858951020421038,14.914338687153888,142325532
2012-07-24,15.090434074401855,15.347749076863018,15.010209660238315,15.274975688435351,80295624
2012-07-25,15.100868225097656,15.234741561383624,15.035793840438785,15.10906416547323,72847080
2012-07-26,15.234243392944336,15.321422862473096,15.151535296457798,15.274976995584476,67340592
2012-07-27,15.770730972290039,15.771724821109277,15.33707119241236,15.371594660824682,141846012
2012-07-30,15.704663276672363,15.960488474734035,15.635118470740778,15.797802999476076,87380532
2012-07-31,15.721303939819336,15.808979386459786,15.603326517029435,15.604320365812997,74549376
2012-08-01,15.714102745056152,15.883741383811756,15.68181306949828,15.82885063910424,73710216
2012-08-02,15.61648941040039,15.846980921377021,15.483858873823072,15.536017003180593,79028892
2012-08-03,15.928946495056152,15.988308617046462,15.800040505647734,15.895912850412651,75808116
2012-08-06,15.96595287322998,16.128885382500016,15.876536775182357,15.886223487586763,71224704
2012-08-07,15.909322738647461,16.001718491694835,15.808235068289052,15.940368680910552,79192728
2012-08-08,15.951297760009766,16.041705818531383,15.858654961484698,15.872315176533318,52835112
2012-08-09,15.954279899597168,16.05412479276484,15.933664635266432,16.0079288060373,42769188
2012-08-10,15.945587158203125,15.951546465146555,15.79979142656122,15.860891360140052,57326616
2012-08-13,16.392906188964844,16.396381819926308,16.06182394420749,16.080203519918204,130585284
2012-08-14,16.607746124267578,16.711814379275335,16.367817816773247,16.374027004324187,146321532
2012-08-15,16.579931259155273,16.74658927596214,16.49449055887515,16.64798433963496,96331572
2012-08-16,16.71231460571289,16.75627679559703,16.5685056370642,16.57918619837524,68639292
2012-08-17,16.81836700439453,16.821100561465908,16.683252806047893,16.743358879852135,87020892
2012-08-20,16.77863121032715,16.861340257014202,16.707098703697323,16.777637361490758,70253676
2012-08-21,16.628860473632812,16.839728663015237,16.446554549077906,16.71827467396408,88799112
2012-08-22,16.81936264038086,16.904307367487164,16.559067023474018,16.575956773323423,76291632
2012-08-23,16.809925079345703,16.901326979877624,16.665868127071032,16.747087337567926,71296632
2012-08-24,16.855379104614258,16.900583135911653,16.742369972893478,16.780121084419616,57006936
2012-08-27,16.621660232543945,16.690707172001563,16.373782969301093,16.466922698101175,104443452
2012-08-28,16.821104049682617,16.830292892325286,16.51038903378752,16.516846211837407,82261656
2012-08-29,17.08835220336914,17.11269487396633,16.79378298329403,16.824083067715723,119492388
2012-08-30,16.931135177612305,17.07295647782286,16.893880039417454,16.99471879456803,65010924
2012-08-31,17.01582908630371,17.10251164130247,16.89040156836196,16.988756642122947,84998916
2012-09-04,16.915237426757812,17.013592495291434,16.727964121175678,17.002415955053106,75508416
2012-09-05,16.90728759765625,17.05084858322961,16.86804476798517,16.889405891478102,68259672
2012-09-06,17.37125015258789,17.383420540911157,17.006886255788885,17.037436221065114,121618260
2012-09-07,17.538902282714844,17.69041027353859,17.32828205807219,17.386152454147382,129190680
2012-09-10,17.4052791595459,17.704319767768247,17.34616502837402,17.62856765988168,102297600
2012-09-11,17.192171096801758,17.40229722437292,17.162614981613615,17.33548408599783,74877048
2012-09-12,17.159635543823242,17.259730311657123,16.911262327291638,17.1231243799989,105586308
2012-09-13,17.536169052124023,17.60968735442219,17.15118992072876,17.214525533046963,106253640
2012-09-14,17.626577377319336,17.709036533245868,17.5602621108701,17.624589679857895,104635260
2012-09-17,17.634031295776367,17.706059784458315,17.510341595074905,17.587585424142116,60271668
2012-09-18,17.84018325805664,17.84962009056769,17.554552959842557,17.579389718627905,82589328
2012-09-19,18.06917953491211,18.095506115427025,17.793733876521213,17.82080631687095,123808068
2012-09-20,18.084579467773438,18.16554879993588,17.913202079747023,17.99392342297948,116179704
2012-09-21,18.230375289916992,18.253474229593284,18.134254017912134,18.18616510820907,254109636
2012-09-24,18.612621307373047,18.62901318596961,18.13748210045439,18.15610966546076,142409448
2012-09-25,18.607158660888672,18.9978510674685,18.56990352572012,18.703775916413697,242097660
2012-09-26,18.713958740234375,18.90719514569447,18.40448744805489,18.624296533192517,226689084
2012-09-27,18.78946304321289,18.94693223267452,18.669002889900174,18.875153632998906,157086756
2012-09-28,18.73978614807129,18.8590063471982,18.65658302647286,18.731095177665882,111228660
2012-10-01,18.92060661315918,19.000582103167694,18.782260960561068,18.85279961913321,126593280
2012-10-02,18.801633834838867,19.025170311017543,18.63472781084116,19.005548895779178,111496392
2012-10-03,18.938486099243164,18.973755424393072,18.682661863752145,18.770090263340105,88243668
2012-10-04,19.07633399963379,19.122035897212584,18.861490405146384,18.94469542147812,98069832
2012-10-05,19.0664005279541,19.23355643121228,19.000829223570673,19.142402512144468,109326564
2012-10-08,18.822744369506836,18.965309596468916,18.731094483726167,18.90123001961768,78265656
2012-10-09,18.481231689453125,18.90917919448353,18.442486730811254,18.868198549314272,120007872
2012-10-10,18.492904663085938,18.566670954486238,18.33717330162507,18.425843537701496,81514404
2012-10-11,18.664779663085938,18.839138604427365,18.63522354614154,18.700048990876308,95260644
2012-10-12,18.497621536254883,18.748976280635432,18.48147764750767,18.673968154013625,96071832
2012-10-15,18.403987884521484,18.47477452837702,18.148659610157218,18.42783079039586,120643236
2012-10-16,18.496381759643555,18.553260199529475,18.291722736329074,18.382876654900162,82245672
2012-10-17,18.764379501342773,18.785490744185,18.386105480677195,18.477755383023286,91624284
2012-10-18,17.261962890625,18.86198734373984,16.7900551375468,18.76561809574677,497198304
2012-10-19,16.933862686157227,17.55256096168,16.690704819474398,17.52474455587347,458828712
2012-10-22,16.85637092590332,17.004401379866234,16.633578438635322,16.914489305983317,162061776
2012-10-23,16.898099899291992,17.07146500225916,16.690707304232284,16.690955293187173,116547336
2012-10-24,16.822345733642578,17.063267947468084,16.771926361432747,17.05830059623738,99760140
2012-10-25,16.833768844604492,16.939078953477495,16.728210746799935,16.889405445355482,95947956
2012-10-26,16.768945693969727,16.964663886028973,16.670838608974655,16.802475316534757,77953968
2012-10-31,16.89685821533203,16.914243944968945,16.765219619133013,16.885929663808305,61418520
2012-11-01,17.077919006347656,17.160130169182306,16.857612096123653,16.87698551973169,81921996
2012-11-02,17.086116790771484,17.275625760149204,17.07245468352732,17.256748313365385,92883024
2012-11-05,16.962926864624023,17.059792116282658,16.779131064754242,17.001175851505977,65370564
2012-11-06,16.9321231842041,17.050845500550878,16.828550906886637,17.025510879492614,63248688
2012-11-07,16.569499969482422,16.84544350476628,16.553852056973717,16.76521813769558,89202708
2012-11-08,16.201162338256836,16.678039374697946,16.174833864505008,16.64599958333688,103776120
2012-11-09,16.467914581298828,16.59980114846682,16.151734383197343,16.259778045867197,124439436
2012-11-12,16.539199829101562,16.636066968219456,16.41426829019038,16.48579890810534,56179764
2012-11-13,16.369062423706055,16.581422353011614,16.34869514926611,16.4671713896996,63704232
2012-11-14,16.20762062072754,16.446805015095727,16.15670337836455,16.40905201050618,66669264
2012-11-15,16.076231002807617,16.392659204162793,15.992776100671593,16.14428408836706,73882044
2012-11-16,16.074243545532227,16.219294357871117,15.796562191266139,16.044687428791207,137390472
2012-11-19,16.596574783325195,16.614210395927845,16.281638255776908,16.28585974741537,94633272
2012-11-20,16.640287399291992,16.839731090097924,16.50616513294171,16.62886287032341,83464452
2012-11-21,16.538450241088867,16.63606321813675,16.402592074077088,16.61594393491464,84403512
2012-11-23,16.59061050415039,16.641031763758246,16.54416463951819,16.640285903939006,36863100
2012-11-26,16.421222686767578,16.566521496624073,16.368319638844998,16.552611398716138,88095816
2012-11-27,16.65866470336914,16.765216642020224,16.342982389161058,16.396879277291944,100247652
2012-11-28,16.980554580688477,17.011354422140304,16.489273446469877,16.591601991625286,121558320
2012-11-29,17.184722900390625,17.234644398892215,16.939079444811966,17.082640430757383,110948940
2012-11-30,17.345666885375977,17.36677812592238,17.03072852053176,17.170315997591484,126417456
2012-12-03,17.268173217773438,17.532442305177806,17.239857050084364,17.44178627131887,87612300
2012-12-04,17.163362503051758,17.27463381944406,17.030979944202,17.26196555953325,79588332
2012-12-05,17.083635330200195,17.249549405652594,16.947277373364454,17.191181135281276,74421504
2012-12-06,17.165842056274414,17.277113345945022,17.00141974327776,17.077917690088512,58433508
2012-12-07,16.99397087097168,17.308661274720613,16.949512699515346,17.261965523589534,76695228
2012-12-10,17.024024963378906,17.178762496141484,16.983540293992306,17.02327910348279,54613332
2012-12-11,17.30866050720215,17.433840022439963,17.081150533813297,17.137779091700118,107396496
2012-12-12,17.325546264648438,17.473328723168954,17.224211560621036,17.367024775762662,96942960
2012-12-13,17.45321273803711,17.795223544060523,17.37497507093608,17.78156332954285,137658204
2012-12-14,17.43483543395996,17.580382236907646,17.347159031820116,17.36553861053923,85118796
2012-12-17,17.902273178100586,17.930587455604268,17.48599821118028,17.522757363454566,121294584
2012-12-18,17.909473419189453,18.10891897542079,17.75995314228924,17.79845200118876,120075804
2012-12-19,17.885631561279297,17.957412050883907,17.800438846112982,17.90053361344891,76667256
2012-12-20,17.941516876220703,17.998393422912773,17.807642604111646,17.963869955379963,66213720
2012-12-21,17.77435874938965,17.853588365323347,17.64743954167993,17.73312822744293,140898960
2012-12-24,17.62210464477539,17.76318004143135,17.571685282772588,17.746540175395285,33602364
2012-12-26,17.606456756591797,17.706055536212013,17.446007936637212,17.58658735566629,47248704
2012-12-27,17.542381286621094,17.605716909937883,17.351630449788953,17.563492530044858,65830104
2012-12-28,17.386402130126953,17.557777629774208,17.386402130126953,17.428128635039467,56023920
2012-12-31,17.5694522857666,17.64868380563832,17.286803578342536,17.3861524910961,79816104
2013-01-02,17.963621139526367,18.056762760975158,17.797212980641447,17.868495606462638,101550348
2013-01-03,17.974050521850586,18.1792073913032,17.900780211331796,18.005346343411023,92635272
2013-01-04,18.329227447509766,18.416157980520744,18.073651188265714,18.11488171479996,110429460
2013-01-07,18.249248504638672,18.36424531733632,18.14567811236414,18.266636124185776,66161772
2013-01-08,18.21323585510254,18.287748007207387,17.992928933898654,18.268870560476117,66976956
2013-01-09,18.332950592041016,18.3386619089594,18.09649790692089,18.1876518122089,80907012
2013-01-10,18.416404724121094,18.503833122132782,18.218202895093206,18.44993434012627,73354572
2013-01-11,18.3794002532959,18.440002317041163,18.287750351251006,18.429323647700986,51356592
2013-01-14,17.963621139526367,18.4342909188531,17.941268059040468,18.305136001065918,114441444
2013-01-15,18.005348205566406,18.255459242828728,17.686684319079657,17.866258595649647,156950892
2013-01-16,17.763431549072266,17.990693521804644,17.72567854807934,17.942507948557193,80855064
2013-01-17,17.667312622070312,17.873959359604775,17.65986159506492,17.826023661985225,88371540
2013-01-18,17.4981689453125,17.70332583311893,17.41918541762184,17.643467741764553,128942928
2013-01-22,17.457433700561523,17.518783509138256,17.274879780532867,17.501893759936774,151544304
2013-01-23,18.416902542114258,18.603183884335607,18.27508126313702,18.28004861415263,236127636
2013-01-24,18.73258399963379,18.797657424086943,18.392311040447467,18.410442626175826,135172692
2013-01-25,18.719175338745117,18.838643543125855,18.63423060396921,18.64714685297474,88946964
2013-01-28,18.64615249633789,18.76711052418226,18.5756138392461,18.671735111654794,65018916
2013-01-29,18.719419479370117,18.80063868403222,18.542080912487286,18.547296251589565,69814116
2013-01-30,18.723148345947266,18.899990966706273,18.70029928814664,18.72091265934722,69250680
2013-01-31,18.769346237182617,18.81728193245906,18.634230122722613,18.640689193581284,65302632
2013-02-01,19.26385498046875,19.288693626357237,18.82920234048509,18.83168601576942,149694156
2013-02-04,18.852052688598633,19.136441100336125,18.833425122688837,19.067392272433704,121498380
2013-02-05,19.01896095275879,19.152337356011778,18.863231470000702,18.904460104701037,74753172
2013-02-06,19.128992080688477,19.198288904796843,18.839140309762165,18.853298397166046,83040876
2013-02-07,19.222875595092773,19.34358562928471,19.01299934070937,19.117317495562048,113494392
2013-02-08,19.50651741027832,19.53880518986772,19.362212464785813,19.37637055012523,120683196
2013-02-11,19.43324851989746,19.44765459521993,19.217908929075268,19.33340173450872,86625288
2013-02-12,19.390527725219727,19.569356145792245,19.35749408413203,19.41660631774833,74285640
2013-02-13,19.444175720214844,19.506019615355232,19.372395230578395,19.376370625594916,47880072
2013-02-14,19.567371368408203,19.590220426795526,19.31775629053796,19.36643595387102,69342588
2013-02-15,19.693296432495117,19.702485274882868,19.548741592451655,19.556938479048064,109082808
2013-02-19,20.040021896362305,20.043747409188242,19.752653858759178,19.770289467238058,117154728
2013-02-20,19.682613372802734,20.092677243856834,19.665973505818922,20.00152522620751,110457432
2013-02-21,19.75886344909668,20.00525085063099,19.65181553061579,19.820213257085094,140115744
2013-02-22,19.86268424987793,19.900933228621675,19.71589563019128,19.85150771087753,82073844
2013-02-25,19.640642166137695,20.07877239803158,19.633687117045575,19.927016407157957,92063844
2013-02-26,19.624744415283203,19.769297354495066,19.482425269526946,19.745702437858913,88011900
2013-02-27,19.864421844482422,19.987863524289292,19.64908229407341,19.740732175777644,80962956
2013-02-28,19.899694442749023,20.043501524582243,19.895471058609147,19.897210767270977,90541368
2013-03-01,20.023632049560547,20.047228859563408,19.774264974706405,19.815247512993764,86928984
2013-03-04,20.40389060974121,20.43717413065908,19.994074717015415,20.001525742969957,110912976
2013-03-05,20.82861328125,20.867110253919485,20.587689170426838,20.588435030341852,161602236
2013-03-06,20.6492862701416,20.962732942175368,20.585454672137597,20.888966641887045,114805080
2013-03-07,20.679588317871094,20.779433211993418,20.604578286498153,20.71584960272241,82025892
2013-03-08,20.652759552001953,20.737206397116772,20.492060853646198,20.72677382603408,116359524
2013-03-11,20.734725952148438,20.855931964263924,20.65226489840938,20.65698426036924,63724212
2013-03-12,20.555648803710938,20.661952769096644,20.45778971393,20.6326465329977,80251668
2013-03-13,20.49852180480957,20.632148090998818,20.42400964621753,20.562851272385974,65586348
2013-03-14,20.40488624572754,20.540248455469857,20.30181181794963,20.540248455469857,65981952
2013-03-15,20.225061416625977,20.37408571602961,20.20121662005973,20.329377668990467,123864012
2013-03-18,20.063371658325195,20.18681145825511,19.906398455295022,19.99407484485065,73458468
2013-03-19,20.151046752929688,20.34800864912034,20.030088731698505,20.149059055385354,83844072
2013-03-20,20.235244750976562,20.3047895524498,20.154027432806696,20.287899803184914,58493448
2013-03-21,20.14955711364746,20.290136550516262,20.114537668681248,20.150302973494842,59044896
2013-03-22,20.12596321105957,20.24841106623418,20.109321449007098,20.235992688454154,59468472
2013-03-25,20.109317779541016,20.34750827964315,20.039277005815183,20.178118608760496,68411520
2013-03-26,20.178369522094727,20.217612351624325,20.06337269790589,20.205193974310568,47628324
2013-03-27,19.935956954956055,20.04374884572097,19.902921421935236,20.03580184167413,86441472
2013-03-28,19.725582122802734,20.00326345833894,19.703477033972543,19.96898798190155,91420488
2013-04-01,19.899446487426758,19.925773068929445,19.70223659639175,19.74595079931546,72219708
2013-04-02,20.193767547607422,20.238227610033743,19.969237228086808,19.982651347236636,81578340
2013-04-03,20.023881912231445,20.222581647497865,19.88653199566794,20.20420206869675,69470460
2013-04-04,19.747440338134766,20.01270331212547,19.65380274494671,19.97544628738962,97806096
2013-04-05,19.448896408081055,19.546755495698147,19.283726306063823,19.523656556031963,137218644
2013-04-08,19.245227813720703,19.36196434058804,19.08502696847899,19.34209304485739,113170716
2013-04-09,19.314773559570312,19.466281548537363,19.202012422168565,19.2613726441997,86205708
2013-04-10,19.62598419189453,19.679881079009345,19.273788829699672,19.445664073695855,79064856
2013-04-11,19.63119888305664,19.698507992500936,19.473977706389757,19.69304466451533,81066852
2013-04-12,19.62275505065918,19.673672285804173,19.445912452765736,19.67094062166638,65402532
2013-04-15,19.421077728271484,19.79537633167408,19.29912585454006,19.520924511588884,98025876
2013-04-16,19.705217361450195,19.77054068058191,19.47050622904619,19.536821503990495,69610320
2013-04-17,19.436723709106445,19.642376562024815,19.325948386062297,19.54079197318405,81398520
2013-04-18,19.023181915283203,19.51719664633893,18.907687233118644,19.506018214964048,132767100
2013-04-19,19.866661071777344,19.95532942337628,19.031877287367134,19.10390387720971,231895872
2013-04-22,19.872623443603516,19.968246849493067,19.248955827007304,19.88479193989275,115220664
2013-04-23,20.066104888916016,20.25486801512961,19.878831589410105,19.894727491397944,91600308
2013-04-24,20.203948974609375,20.316958083523666,20.068584896983612,20.071316560956063,73090836
2013-04-25,20.095909118652344,20.27896092810297,20.059397952340316,20.273497599126117,79608312
2013-04-26,19.90515899658203,20.062132218372774,19.78494682439217,20.05865469388043,99408492
2013-04-29,20.343290328979492,20.43369649706116,19.944401058401514,19.950610247238917,91939968
2013-04-30,20.48014259338379,20.556392561935137,20.309011305192872,20.341796955416083,92175732
2013-05-01,20.377317428588867,20.483871281592553,20.27622879799216,20.44760810167288,58141800
2013-05-02,20.60532569885254,20.72802344642312,20.343042344325788,20.36912283292071,80651268
2013-05-03,21.005451202392578,21.032275653102488,20.7640330390486,20.787875943543398,100403496
2013-05-06,21.39862632751465,21.40607735317087,21.06853794015449,21.06853794015449,85566348
2013-05-07,21.291332244873047,21.456252472877935,21.12839971460809,21.434893240878267,78281640
2013-05-08,21.698665618896484,21.704874807800532,21.184033655384127,21.285618257508798,98633268
2013-05-09,21.645263671875,21.84843286646206,21.564540433870626,21.629367770427535,87935976
2013-05-10,21.862590789794922,21.870289805003477,21.662153261076664,21.740390930010626,75832092
2013-05-13,21.795528411865234,21.918224242488623,21.692452101539633,21.82930601710196,57882060
2013-05-14,22.03322410583496,22.072714926902258,21.785844712927997,21.794785566573594,63108828
2013-05-15,22.748291015625,22.760461404418283,22.20509867922225,22.2418578345478,159276564
2013-05-16,22.449745178222656,22.84987626686302,22.40354730111116,22.825533597555665,128255616
2013-05-17,22.581632614135742,22.688680542953005,22.366541014643715,22.602495867009317,111568320
2013-05-20,22.565488815307617,22.865275265269656,22.47781241926569,22.47781241926569,90817092
2013-05-21,22.52674102783203,22.64322767643667,22.294263708487584,22.552819619686577,79240680
2013-05-22,22.090845108032227,22.584861788540348,22.027759372536398,22.41720990836086,102321576
2013-05-23,21.926177978515625,22.104260564467356,21.707856815229615,21.782368983203572,90912996
2013-05-24,21.69096565246582,21.827571600379734,21.633591230063796,21.739149339063378,91780128
2013-05-28,21.88842010498047,22.158402422760172,21.86681099422688,21.943806820918137,90209700
2013-05-29,21.566530227661133,21.806956470314887,21.466685329300542,21.75032790748079,80455464
2013-05-30,21.62738037109375,21.829555719682322,21.519338594766296,21.606517118471583,84743172
2013-05-31,21.638803482055664,21.782364458573273,21.54690560235411,21.561809547289535,78697224
2013-06-03,21.549638748168945,21.707107938668013,21.236440075838072,21.68301704367395,98928972
2013-06-04,21.337778091430664,21.623160374336774,21.21284655600259,21.555105389888872,74669256
2013-06-05,21.352680206298828,21.59484426194245,21.288848606099904,21.42247300668241,84187728
2013-06-06,21.475378036499023,21.51735253387484,21.042711134310494,21.466933160623253,103060836
2013-06-07,21.850168228149414,21.856875286920808,21.492263443363715,21.61893276980181,106877016
2013-06-10,22.110715866088867,22.130087398439944,21.85911311095846,21.90903650108478,93418488
2013-06-11,21.852155685424805,22.03073609249456,21.844952648917673,21.955478085571805,70233696
2013-06-12,21.657684326171875,22.00590436797073,21.59981392503573,21.99249214055661,88103808
2013-06-13,21.78236198425293,21.848429254564298,21.49673178328845,21.583166324696666,82713204
2013-06-14,21.733684539794922,21.973614786813943,21.711083471340174,21.859361927653392,89710200
2013-06-17,22.01211166381836,22.09109330165013,21.814157805268184,21.837752722432636,85766148
2013-06-18,22.3690242767334,22.378463000706276,22.064270482610233,22.071719615950244,86589324
2013-06-19,22.370512008666992,22.62286060552626,22.29153037916006,22.387649746357567,116519364
2013-06-20,21.974605560302734,22.378462154784426,21.939088245323777,22.204351210968497,134745120
2013-06-21,21.879974365234375,22.102268973041898,21.684752195505453,22.064018103605065,159132708
2013-06-24,21.603288650512695,21.76547530327455,21.440852115776348,21.655197844622794,120555324
2013-06-25,21.514122009277344,21.848927880648034,21.47214562447926,21.788821801739225,102025872
2013-06-26,21.699161529541016,21.807203309181975,21.6226616722167,21.701645205094938,73182744
2013-06-27,21.784103393554688,21.973362474712097,21.773670821774875,21.82707173219707,76982940
2013-06-28,21.86606788635254,21.90257905337463,21.712574084535138,21.730207802625603,93878028
2013-07-01,22.052593231201172,22.15690948020264,21.98106073685368,22.01707591945513,68923008
2013-07-02,21.91425323486328,22.130088806201773,21.789073714709538,22.11021940167808,75584340
2013-07-03,22.01658058166504,22.084633661138188,21.819618700839875,21.854392046881273,41838120
2013-07-05,22.19193458557129,22.239622292225597,22.039184752300038,22.105501918729068,68007924
2013-07-08,22.48004913330078,22.50935536992308,22.281101414704818,22.334004462870105,78701220
2013-07-09,22.48377227783203,22.675268949357733,22.3034521454697,22.62683538660456,79096824
2013-07-10,22.50240135192871,22.63031253508692,22.36306374686781,22.439313721655502,68267664
2013-07-11,22.856334686279297,22.870490879682492,22.56524109713659,22.676512411932837,103264632
2013-07-12,22.924888610839844,22.924888610839844,22.732150062890597,22.850376441729207,102625272
2013-07-15,22.96685791015625,23.049069077232165,22.759963213829895,22.957171197852492,78341580
2013-07-16,22.84068489074707,23.048323556896474,22.698863621185005,23.027460305406912,79240680
2013-07-17,22.81435775756836,23.02075649121338,22.758473166025347,22.875209700088945,60183756
2013-07-18,22.618886947631836,22.850372311732517,22.43285549397931,22.825285675554973,145234620
2013-07-19,22.269176483154297,22.426893653906532,21.747841290517854,22.02105125804402,294077628
2013-07-22,22.619382858276367,22.66831239563581,22.279109890008392,22.403297436333077,116011872
2013-07-23,22.448009490966797,22.676513329730977,22.342947360787324,22.61938689677857,81746172
2013-07-24,22.4256534576416,22.60944923301102,22.371010702918785,22.533945118265844,83056860
2013-07-25,22.048124313354492,22.275386293267317,22.007887635750414,22.201372008583043,119923956
2013-07-26,21.989757537841797,22.105002346793523,21.90655062676285,22.030490192564592,71036892
2013-07-29,21.913257598876953,22.224966429102352,21.878982121650782,21.978580911184665,75600324
2013-07-30,22.128101348876953,22.244587995851447,21.87848629405507,21.9924892656496,70153776
2013-07-31,22.049367904663086,22.26694318913927,22.01037495471233,22.179516671633888,86853060
2013-08-01,22.458438873291016,22.466635759674215,22.229437176807064,22.229437176807064,85450464
2013-08-02,22.51680564880371,22.527486209983813,22.373990530663114,22.439063960398315,68487444
2013-08-05,22.477811813354492,22.490728061526113,22.33375485111443,22.48749852622188,52335612
2013-08-06,22.268434524536133,22.594797445616567,22.247571271114012,22.470113902980263,60183756
2013-08-07,22.121397018432617,22.315127491480276,22.08264827355962,22.23043075034184,55112832
2013-08-08,22.17131805419922,22.25030158288162,21.988266253681466,22.241608718904686,59460480
2013-08-09,22.115432739257812,22.242350052733247,22.10524815679707,22.119156358904704,52895052
2013-08-12,21.993732452392578,22.030739596432998,21.897859169363922,22.028255920900694,55024920
2013-08-13,21.88792610168457,22.06799827035945,21.762498584891663,22.02651975004538,56735208
2013-08-14,21.603784561157227,21.86259035020536,21.537965270671872,21.81639247379233,83204712
2013-08-15,21.3516845703125,21.482329294807588,21.31045404708495,21.470406896493213,74693232
2013-08-16,21.28338623046875,21.4207361506899,21.274195494300688,21.391925890392944,66936996
2013-08-19,21.500463485717773,21.65818068180349,21.29679828829504,21.303255466630596,72363564
2013-08-20,21.494749069213867,21.660911117502213,21.448053321619124,21.567521515357992,49270680
2013-08-21,21.591859817504883,21.78012693380223,21.52156916175903,21.624645464723177,70221708
2013-08-22,21.700651168823242,21.726481772969986,21.614714480963546,21.675564531509014,34761204
2013-08-23,21.613719940185547,21.807202422670365,21.602295411711022,21.802980931618468,43040916
2013-08-26,21.518840789794922,21.730206874126168,21.510395914535625,21.608504882298096,42057900
2013-08-27,21.115480422973633,21.452771857341453,21.059597728851383,21.350691288308653,69294636
2013-08-28,21.075742721557617,21.246126263148877,21.056369296029647,21.11796709681669,53142804
2013-08-29,21.246623992919922,21.369567818653334,21.076736430323972,21.08865693645444,59080860
2013-08-30,21.034761428833008,21.311448945223603,21.00147979756821,21.254820384979293,74389536
2013-09-03,21.369571685791016,21.51387666058219,21.209866784857216,21.22005137030864,81822096
2013-09-04,21.648988723754883,21.69543458938588,21.240166667848232,21.368821810298353,81566352
2013-09-05,21.845949172973633,21.853896177168146,21.648491296242543,21.69543503374029,51600348
2013-09-06,21.84644889831543,21.950765168756423,21.701396182477108,21.917481643361388,62401536
2013-09-09,22.05681800842285,22.099042385170726,21.916984426838663,21.949520197435646,49334616
2013-09-10,22.072216033935547,22.154925071631723,21.956225368633305,22.105747543507594,51452496
2013-09-11,22.258995056152344,22.27836848219222,22.007888270544438,22.06899009507923,64359576
2013-09-12,22.181255340576172,22.301469409707735,22.105503231378677,22.289049138105256,43776180
2013-09-13,22.082151412963867,22.246325762701392,21.977089294358127,22.217019529109155,52962984
2013-09-16,22.04961395263672,22.27911161708501,21.977835355047915,22.259242213907225,53406540
2013-09-17,22.008634567260742,22.065263126774138,21.88171533972261,22.040922349271188,50325624
2013-09-18,22.436086654663086,22.452230546062214,21.93312909437228,22.014596304311475,77310612
2013-09-19,22.313636779785156,22.50240180345805,22.23937450115442,22.50240180345805,63852084
2013-09-20,22.43086814880371,22.45620277431218,22.244836692228716,22.3136356382688,173638188
2013-09-23,22.018320083618164,22.39311465291107,21.986030410317515,22.25800043926503,71024904
2013-09-24,22.026765823364258,22.10773515915816,21.89164971136833,22.018320948049176,59412528
2013-09-25,21.78807830810547,22.0195617761743,21.747593642064793,22.0195617761743,65894040
2013-09-26,21.811426162719727,21.925181150584894,21.732690620703654,21.81465380503405,50345604
2013-09-27,21.7672176361084,21.79528392853608,21.641044261186146,21.72822089902421,50301648
2013-09-30,21.75529670715332,21.877744576834615,21.566531663397303,21.585657103271615,68827104
2013-10-01,22.030736923217773,22.047378683092127,21.858117708577478,21.86308505903935,67324608
2013-10-02,22.055328369140625,22.089355859770194,21.80273175246936,21.924683628622212,59752188
2013-10-03,21.759763717651367,22.207084667165738,21.660662790821668,22.055576671408563,84595320
2013-10-04,21.666872024536133,21.79503118736442,21.60850376061465,21.732689421481684,54265680
2013-10-07,21.502695083618164,21.70760397299561,21.462210419406844,21.545167445268085,51692256
2013-10-08,21.202909469604492,21.50865710124284,21.152240220398976,21.49226522240885,77670252
2013-10-09,21.25730323791504,21.4259489673813,20.937399400354302,21.267735810738106,105945948
2013-10-10,21.56479263305664,21.57944669835698,21.36534893020397,21.455509008754447,90121788
2013-10-11,21.657928466796875,21.69493560682931,21.49176642698169,21.50989801362196,56299644
2013-10-14,21.76026153564453,21.763739060040773,21.494004700407064,21.525548515874977,49694256
2013-10-15,21.90679931640625,21.996709495834796,21.707851629347324,21.75156582796537,63612324
2013-10-16,22.30469512939453,22.31214615588635,21.956475116668244,22.0026729953538,80223696
2013-10-17,22.075199127197266,22.276628615486167,21.999195250261867,22.179515390081153,170093736
2013-10-18,25.120756149291992,25.221348796362843,24.191590776970244,24.255670364146056,462193344
2013-10-21,24.91932487487793,25.30927137831272,24.82618326118983,25.121996195211693,144986868
2013-10-22,25.011220932006836,25.16024524265406,24.73279561810002,24.961547423821283,88255656
2013-10-23,25.617504119873047,25.700461154606728,24.853009100590775,24.86219983592079,106421472
2013-10-24,25.471956253051758,25.845014932424096,25.453328685892078,25.62892947423548,83600316
2013-10-25,25.214889526367188,25.553174845668046,25.10411608194831,25.553174845668046,81138780
2013-10-28,25.20992088317871,25.419299265476926,25.15999749254213,25.214888234044416,46301652
2013-10-29,25.73746681213379,25.754852539918613,25.17266539674083,25.311753112064693,64135800
2013-10-30,25.592912673950195,25.76901132216207,25.483133082571037,25.76702362457196,52911036
2013-10-31,25.596887588500977,25.868607737012397,25.432711342821836,25.555905051053063,65534400
2013-11-01,25.50896453857422,25.731507168200828,25.46077896128883,25.626942913194316,51280668
2013-11-04,25.485864639282227,25.64134613021435,25.38452803047593,25.619737017933172,45506448
2013-11-05,25.37186050415039,25.62346135949381,25.27002602908234,25.342800366834524,47208744
2013-11-06,25.40241050720215,25.50797050331079,25.219112602836965,25.47319904589313,36479484
2013-11-07,25.03481674194336,25.431718278944444,25.027115834045826,25.398932629023754,67116816
2013-11-08,25.235504150390625,25.29685207099681,25.048478842148313,25.054688030891125,51580368
2013-11-11,25.100387573242188,25.233020007029168,25.03606000045034,25.07356501419779,44459496
2013-11-12,25.12994384765625,25.273502929079598,24.961546120391855,25.02860724598587,48675276
2013-11-13,25.643829345703125,25.653268069478983,24.99880445459944,25.005013643124276,63112824
2013-11-14,25.712379455566406,25.824644609274515,25.591173449285733,25.67984368737571,46621332
2013-11-15,25.670902252197266,25.781181607099427,25.590180906864106,25.703439915094155,51000948
2013-11-18,25.620983123779297,26.047936817819096,25.56360870102589,25.725299395582997,70317612
2013-11-19,25.4632625579834,25.70045923358347,25.409861644791736,25.62520122004401,45218736
2013-11-20,25.391481399536133,25.665935111746563,25.34304972776629,25.58124026359996,38509452
2013-11-21,25.683570861816406,25.78888097419982,25.48313332794497,25.507970082833886,43628328
2013-11-22,25.629423141479492,25.735727098750345,25.563107872542524,25.667424132277375,50117832
2013-11-25,25.978139877319336,26.15846001696541,25.707165583019687,25.760316616685916,64455480
2013-11-26,26.288110733032227,26.364858576205272,25.9038774323397,26.044456870499474,91360548
2013-11-27,26.40484619140625,26.526300187805266,26.32760237350255,26.378021740379502,44899056
2013-11-29,26.317419052124023,26.492025981097054,26.313941527854503,26.381252540620604,47664288
2013-12-02,26.190500259399414,26.485319357715426,26.098106394501254,26.414782594546814,54873072
2013-12-03,26.160202026367188,26.413046647800577,26.054891905524606,26.102827603528844,66976956
2013-12-04,26.282398223876953,26.426453286705293,26.079227144622166,26.11325463262221,47616336
2013-12-05,26.26153564453125,26.3191580497464,26.106302145649792,26.258056227310398,45302652
2013-12-06,26.57274627685547,26.57597581205925,26.32958840003506,26.57076047238374,57094848
2013-12-09,26.77815055847168,26.88172284812697,26.526795801273067,26.60056398710593,59244696
2013-12-10,26.940092086791992,27.130097041631444,26.716305738915676,26.72872600900337,74081844
2013-12-11,26.757041931152344,27.105509941770606,26.704386873430362,27.008146830903915,68403528
2013-12-12,26.574981689453125,26.8973710790236,26.551138784721296,26.813668190923355,63796140
2013-12-13,26.34722328186035,26.73220244702168,26.27519669284032,26.71009924965525,86409504
2013-12-16,26.649991989135742,26.69246435547858,26.377525966327536,26.42695338142878,64015920
2013-12-17,26.572500228881836,26.843226543515033,26.535741073449405,26.6460185397467,61366572
2013-12-18,26.94232940673828,26.947296757856407,26.30375976170359,26.62192579439212,88323588
2013-12-19,26.978839874267578,27.12215097918501,26.80149938620004,26.843473880669737,66561372
2013-12-20,27.336496353149414,27.35015656818817,27.02304780188808,27.030500721318177,130333536
2013-12-23,27.69614028930664,27.713526017161094,27.44826494030164,27.515822047220393,68795136
2013-12-24,27.615169525146484,27.699616377678947,27.522277798056255,27.692909318598435,29338632
2013-12-26,27.754756927490234,27.793005907908448,27.536933669295646,27.66906823169066,53458488
2013-12-27,27.77810287475586,27.824796728638272,27.642490792919546,27.817843573472857,62725212
2013-12-30,27.556058883666992,27.830264619895644,27.545132225495298,27.826291117556355,49394556
2013-12-31,27.83547592163086,27.84267895841385,27.476575385323297,27.62510370752918,54261684
2014-01-02,27.646961212158203,27.761958027367644,27.526251186612413,27.70507959205754,72783144
2014-01-03,27.44528579711914,27.741594735566185,27.443547981399643,27.69365903878065,66601332
2014-01-06,27.751277923583984,27.78952690196279,27.481047613532215,27.644230003298677,70701228
2014-01-07,28.286277770996094,28.30689303514756,27.84665584318205,27.942031255347263,102001896
2014-01-08,28.34514045715332,28.496400453558117,28.14793246589555,28.463614802484507,89610300
2014-01-09,28.072175979614258,28.41940209873447,27.955937331075162,28.4000286751371,83296620
2014-01-10,28.070688247680664,28.29174103404883,27.873726355107376,28.29174103404883,85654260
2014-01-13,27.891860961914062,28.4862166155718,27.747554117017994,27.978541614163127,96659244
2014-01-14,28.54806137084961,28.587802069853026,28.018777276286585,28.263672968530482,99204696
2014-01-15,28.528690338134766,28.68715338349022,28.40872615732504,28.637229989882513,77929992
2014-01-16,28.71745491027832,28.75992538343145,28.51329185883674,28.540612289794883,67288644
2014-01-17,28.576128005981445,28.826984900767304,28.41890870274136,28.73309932029034,107943948
2014-01-21,28.903236389160156,28.910687415270825,28.59525307107154,28.834435552532586,79116804
2014-01-22,28.936023712158203,29.007306335230343,28.783025893028913,28.975514531436065,62793144
2014-01-23,28.813823699951172,28.8731839230341,28.67150455043513,28.811340024450175,77886036
2014-01-24,27.9129695892334,28.65113604078191,27.892354327607485,28.58804841828923,155544300
2014-01-27,27.351646423339844,27.979287493327416,26.88073057566881,27.969352791470705,173969856
2014-01-28,27.89260482788086,27.960659806960713,27.567979738101982,27.57741846204335,88319592
2014-01-29,27.492969512939453,27.86130688408122,27.306690082002678,27.795985467403668,95100804
2014-01-30,28.200090408325195,28.624810270994665,27.9979150608304,28.438778814017905,203452344
2014-01-31,29.33218002319336,29.47052378101869,28.59103192562968,29.093243618907675,222429348
2014-02-03,28.151411056518555,29.350806725675803,28.11614172871138,29.28821696746161,182581236
2014-02-04,28.268892288208008,28.687153095631235,28.24033001931696,28.26466890393601,112363524
2014-02-05,28.39406967163086,28.582088818972945,28.017039421235335,28.398541044512946,95684220
2014-02-06,28.810346603393555,28.815313954469303,28.50211338252559,28.591031617045005,77786136
2014-02-07,29.244504928588867,29.255929458086378,28.8252502521443,29.00085104430975,105342552
2014-02-10,29.132484436035156,29.367693402383736,29.03536932699888,29.104416255655032,77730192
2014-02-11,29.560932159423828,29.602906655524983,29.114605054622434,29.312310932212853,81949968
2014-02-12,29.474246978759766,29.55645814792819,29.34236040915502,29.531621394232655,68911020
2014-02-13,29.802352905273438,29.802352905273438,29.299643324487477,29.326715767643798,73382544
2014-02-14,29.87437629699707,29.91386900719858,29.6260030798286,29.695795872451995,87380532
2014-02-18,30.075061798095703,30.124489209797254,29.804831480478526,29.839852817762274,84271644
2014-02-19,29.862953186035156,30.033834603619635,29.742739127222876,29.936471495217933,84059856
2014-02-20,29.90691566467285,29.975962601402173,29.810298415213204,29.88282287628238,67963968
2014-02-21,29.89896583557129,30.04997784591155,29.875370918847615,29.998812617316595,74417508
2014-02-24,30.115549087524414,30.305554044736954,29.931503436930438,29.93796061446408,66905028
2014-02-25,30.30158042907715,30.413347716481173,30.06363788651056,30.20073979912974,57490452
2014-02-26,30.305801391601562,30.52213481832575,30.146594391820933,30.400928809182524,79208712
2014-02-27,30.281959533691406,30.40664307129706,30.227316780245104,30.261592258987484,50349600
2014-02-28,30.193540573120117,30.40565063303443,29.95932352881819,30.310027229851375,92451456
2014-03-03,29.871646881103516,29.99955995890879,29.609611536574793,29.972487516616454,84107808
2014-03-04,30.175155639648438,30.202228079060173,30.04078729131999,30.177391326030175,58649292
2014-03-05,30.258363723754883,30.37808180741725,30.088228162156057,30.1786362240075,49362588
2014-03-06,30.291893005371094,30.454329539393214,30.266806369678655,30.3582082736281,50673276
2014-03-07,30.172176361083984,30.475192323992633,30.08897134435532,30.470472962249303,60543396
2014-03-10,30.092201232910156,30.242963356316793,29.906415879403745,30.194529793693,48535416
2014-03-11,29.804580688476562,30.1604996662498,29.72137567805145,30.1468394529486,68451480
2014-03-12,29.98615074157715,29.999810958568048,29.412158494622094,29.715422505393317,78493428
2014-03-13,29.533109664916992,30.06562326602003,29.426309736607607,30.00228765438795,93730176
2014-03-14,29.129253387451172,29.578066001743625,29.122548221456597,29.35750920195199,91664244
2014-03-17,29.608619689941406,29.732061394962518,29.261143632963037,29.289459806188802,86397516
2014-03-18,30.084503173828125,30.091210233770532,29.63246285668235,29.672451548249782,72527400
2014-03-19,29.78620719909668,30.102635428090835,29.665995025832743,30.097916065740876,64451484
2014-03-20,29.734296798706055,30.043521977211057,29.68958874571029,29.803591725238217,67320612
2014-03-21,29.383596420288086,30.04402134731679,29.36894235426293,29.96156217382633,128211660
2014-03-24,28.759923934936523,29.42978747497197,28.462373183678775,29.412153758123456,121362516
2014-03-25,28.7795467376709,29.055736361066437,28.48845316899209,28.960360955088834,96311592
2014-03-26,28.115148544311523,29.09870867179668,28.10347602644355,28.861262095621242,103096800
2014-03-27,27.6757755279541,28.11440170140781,27.373255527112757,28.087329260247703,152735112
2014-03-28,27.821571350097656,28.145450593463668,27.76245722158799,27.79300718815183,90265644
2014-03-31,27.68148422241211,28.19040101351512,27.640253699190716,28.076150059980648,77614308
2014-04-01,28.18767547607422,28.252499030652935,27.768170930172644,27.824551502144082,87152760
2014-04-02,28.192890167236328,28.433812374129992,27.917194609682795,28.36178389031174,83360556
2014-04-03,28.360713958740234,29.194414865714162,28.088272567854258,28.454504884839626,80366000
2014-04-04,27.058059692382812,28.7686344959624,27.020344547783136,28.710572898812533,107274000
2014-04-07,26.82879066467285,27.286334065191472,26.327578492249064,27.035231054555044,79232000
2014-04-08,27.666458129882812,27.784069242371828,27.030762191811622,27.048130881566433,69650000
2014-04-09,28.139387130737305,28.177102274064996,27.560758876481295,28.079837601868196,60632000
2014-04-10,27.129518508911133,28.197449818994837,27.07046495564531,28.187028603712633,65890000
2014-04-11,26.686365127563477,27.17417828306392,26.469999518867954,26.695296515129208,63494000
2014-04-14,27.05557632446289,27.44364304781426,26.82332994947197,26.979154083923103,50824000
2014-04-15,27.229263305664062,27.437193513751794,26.333035060000952,27.34340068889073,79956000
2014-04-16,27.983564376831055,27.98852794175641,27.447614840659654,27.67588960804663,91644000
2014-04-17,26.963272094726562,27.64115077796785,26.767748915297492,27.607405353206246,112294000
2014-04-21,26.766260147094727,26.996024721978333,26.49977428144965,26.996024721978333,48502000
2014-04-22,27.070463180541992,27.194525799969814,26.599024848107195,26.599024848107195,46622000
2014-04-23,26.67395782470703,27.035724450351385,26.208475036125403,26.97964866407468,39114000
2014-04-24,26.521608352661133,26.921586081865385,26.350897324755238,26.881389160592416,41348000
2014-04-25,25.9588623046875,26.492827906904377,25.9290865955217,26.41342790884086,47400000
2014-04-28,25.95290756225586,26.097812610391845,25.358398568160048,26.092850938571445,75056000
2014-04-29,26.615400314331055,26.686364901622696,25.953898368215977,25.99806500694677,50704000
2014-04-30,26.54344367980957,26.615896200418003,26.2561153796902,26.555354720482324,40770000
2014-05-01,26.724578857421875,26.793061669661608,26.443204153749125,26.512182943897056,40086000
2014-05-02,26.493322372436523,26.91662430967263,26.463546664970426,26.86898393494494,35616000
2014-05-05,26.565778732299805,26.585131335863263,26.181183834015574,26.31318589275372,24568000
2014-05-06,25.932559967041016,26.527068934911206,25.91717708133556,26.470495277600403,36700000
2014-05-07,25.705774307250977,26.024864136042197,25.362866182042172,25.966306564663636,61486000
2014-05-08,25.813459396362305,26.16976837853349,25.530100807013074,25.592628092535943,49040000
2014-05-09,26.133543014526367,26.16977022456145,25.5211712196683,25.73803282284482,45224000
2014-05-12,26.71961212158203,26.735492877987,26.177707102003662,26.392582879571343,38968000
2014-05-13,26.873947143554688,26.995527976500107,26.693312763178632,26.77668247719835,40240000
2014-05-14,26.52012062072754,26.887840862923085,26.455607533674996,26.887840862923085,25618000
2014-05-15,26.257604598999023,26.499776209735813,26.068532909945432,26.45709750262894,36658000
2014-05-16,26.21691131591797,26.34295783565916,25.98218317979955,26.281422509293858,38154000
2014-05-19,26.739465713500977,26.765271709039165,26.085905024123715,26.245696990333993,39530000
2014-05-20,26.816879272460938,27.11264298606333,26.627311612326466,26.797524777636596,48506000
2014-05-21,27.278888702392578,27.281368591728203,26.902233266262584,26.941438234308965,31294000
2014-05-22,27.564231872558594,27.688792362896237,27.34340056144676,27.40295198175773,42994000
2014-05-23,27.978601455688477,28.038150980816294,27.500711641946154,27.6972267786087,53450000
2014-05-27,28.5279483795166,28.5279483795166,27.99596861235501,28.17610700449915,43716000
2014-05-28,28.308609008789062,28.66640595429711,28.2837968622711,28.513065487962482,31632000
2014-05-29,28.31406593322754,28.45897097570194,28.209357813804658,28.454505281933525,28222000
2014-05-30,28.3681583404541,28.414308891713844,28.07735440129056,28.36766236258667,37434000
2014-06-02,28.005401611328125,28.306626805229705,27.62626623479804,28.27387333113508,33210000
2014-06-03,27.5175838470459,27.909126179567178,27.41932533400383,27.834687854746058,40626000
2014-06-04,27.480365753173828,27.719559600388404,27.222315281617288,27.36920613251726,34582000
2014-06-05,28.034677505493164,28.03815124360022,27.544382561486845,27.646608900189403,35868000
2014-06-06,28.089265823364258,28.226727416318802,27.769184041317637,28.194967794964818,34804000
2014-06-09,28.3225040435791,28.385527308173216,28.049068792332463,28.12499505378689,30594000
2014-06-10,28.201913833618164,28.385525969098385,28.094226062965355,28.225732128635457,29676000
2014-06-11,28.162214279174805,28.235162780509512,27.97264661406111,28.083806235142568,22580000
2014-06-12,27.765213012695312,28.13740084961336,27.64859385424042,28.13740084961336,30930000
2014-06-13,27.80739402770996,27.822280935509195,27.47838087124828,27.793995053472553,27066000
2014-06-16,27.407913208007812,27.690279846356514,27.293775827168727,27.653556660399644,39436000
2014-06-17,27.324542999267578,27.479373279282036,27.168224785666805,27.410890473405903,29552000
2014-06-18,27.82278060913086,27.85950190315429,27.372184699629145,27.432726183501874,41212000
2014-06-19,28.03765296936035,28.038148947185697,27.624772253257483,27.847093366945618,52548000
2014-06-20,28.11358070373535,28.125985829157464,27.758761556284817,28.11010696572992,63212000
2014-06-23,28.499170303344727,28.506613757935206,27.963714834185108,28.00589756527353,34456000
2014-06-24,28.41232681274414,28.894184486392028,28.244593523515405,28.49569653293638,56886000
2014-06-25,29.076805114746094,29.144791948880034,28.448056572620175,28.462447504097767,42294000
2014-06-26,29.019241333007812,29.25892928164367,28.762678777302174,29.244042372287968,40248000
2014-06-27,29.06489372253418,29.173571560133613,28.912545222920404,29.05298268150968,40426000
2014-06-30,29.014278411865234,29.165138992575756,28.945795598436234,29.117994587842347,29578000
2014-07-01,29.35271644592285,29.46040421509608,29.094667882707313,29.162156837086155,32864000
2014-07-02,29.317487716674805,29.484725035063217,29.234613970883878,29.390934095888028,23916000
2014-07-03,29.431623458862305,29.48968505406204,29.22915468207014,29.363140648782892,17978000
2014-07-07,29.316492080688477,29.55915776646382,29.17654870985078,29.452961713474263,26734000
2014-07-08,28.703126907348633,29.178038964759853,28.484777384731593,29.09863896625863,42504000
2014-07-09,28.949268341064453,28.985991529145217,28.63365412969328,28.730422825415353,27456000
2014-07-10,28.78451156616211,29.043058002140466,28.39048745651083,28.435150072207744,28724000
2014-07-11,29.112533569335938,29.190941611165563,28.81130842068403,28.832150849051303,30232000
2014-07-14,29.49017906188965,29.519954770861894,29.114517480379103,29.308552726990218,39032000
2014-07-15,29.43062973022461,29.541789348911752,29.046034865583657,29.534345894881135,33476000
2014-07-16,29.309541702270508,29.6261497045459,29.291181058112915,29.620690162556983,28816000
2014-07-17,28.823219299316406,29.253964709528418,28.626208186654626,29.22766273876497,58706000
2014-07-18,30.028614044189453,30.107516175553187,29.324433345267302,29.924400003073696,97432000
2014-07-21,29.697612762451172,29.981467322773508,29.499607803389406,29.842019931865952,44758000
2014-07-22,29.952186584472656,30.216192556657802,29.738302769202676,29.76013904521644,37632000
2014-07-23,30.032583236694336,30.124886234680996,29.842021720065013,29.8767609951948,22120000
2014-07-24,29.924400329589844,30.217188196205186,29.824653874478287,30.04945680168422,27100000
2014-07-25,29.679750442504883,29.82465550352116,29.56412511627212,29.737812041104814,27200000
2014-07-28,29.726398468017578,29.829618665678982,29.407308615514033,29.66337519800798,27162000
2014-07-29,29.47480010986328,29.70009713604845,29.38646681992141,29.660894056424638,27332000
2014-07-30,29.548738479614258,29.698111118634262,29.412766708863114,29.567101019832926,24302000
2014-07-31,28.760194778442383,29.377530060182565,28.667395811090607,29.22716548221085,46190000
2014-08-01,28.46492576599121,28.95273890740109,28.301162210836754,28.71056920567768,44266000
2014-08-04,28.895177841186523,28.972096061280347,28.39843137382238,28.609337453239416,30388000
2014-08-05,28.442100524902344,28.7924540112162,28.301661165029177,28.751761107070816,32876000
2014-08-06,28.509096145629883,28.715038668171147,28.15973460599821,28.26146686901531,26456000
2014-08-07,28.376100540161133,28.69866413170988,28.257993432653087,28.58651065223698,23260000
2014-08-08,28.6802978515625,28.760691696533748,28.23764329855042,28.386518054839247,29866000
2014-08-11,28.64605712890625,28.767143877086617,28.54928844037076,28.732902474092956,24068000
2014-08-12,28.391483306884766,28.579065170209446,28.281811617815716,28.53440255136376,27890000
2014-08-13,29.008817672729492,29.08672784437252,28.54432683091944,28.60635813873358,37988000
2014-08-14,29.01327896118164,29.169597151641653,28.828177021573044,29.11451332837789,25458000
2014-08-15,28.96663475036621,29.252475120866613,28.82024177356872,29.154714477048064,34468000
2014-08-18,29.412765502929688,29.52938466594524,29.107570631781638,29.134864558999972,29320000
2014-08-19,29.631610870361328,29.666348251563456,29.499112843925406,29.556180587452342,20864000
2014-08-20,29.547250747680664,29.625658794949707,29.427653818679083,29.623672990329,19346000
2014-08-21,29.398866653442383,29.539305986924393,29.33336161541041,29.521937298546412,22640000
2014-08-22,29.404827117919922,29.526407957010917,29.268853454856817,29.44105243418065,17544000
2014-08-25,29.307065963745117,29.555687196558406,29.242056889506603,29.515492162246467,25912000
2014-08-26,29.185482025146484,29.380509227188558,29.152232578162153,29.378027444849884,29434000
2014-08-27,28.931406021118164,29.24751812910763,28.827193862345453,29.170102030415347,27292000
2014-08-28,28.79840660095215,29.016260137671413,28.67731985663544,28.783517800313493,28116000
2014-08-29,28.89964485168457,28.926442803378986,28.695190261627197,28.89914887377104,24122000
2014-09-02,29.210790634155273,29.244040081693825,28.901627942014624,28.928919976013898,31660000
2014-09-03,29.254955291748047,29.50159257417229,29.105088585135825,29.364626970362526,31580000
2014-09-04,29.434600830078125,29.675778595844854,29.308554297403504,29.384480560958018,32616000
2014-09-05,29.66486167907715,29.70059101765434,29.45494755558404,29.533355602343004,35982000
2014-09-08,29.85591697692871,29.94970980255716,29.67677052190666,29.732352226853113,31984000
2014-09-09,29.376537322998047,29.804802841394597,29.302596868846976,29.788426106996354,31424000
2014-09-10,29.4484920501709,29.463380850090118,29.136847603190386,29.365122342803765,23202000
2014-09-11,29.333864212036133,29.37554907354896,29.08226521616485,29.278780374601965,30028000
2014-09-12,29.025693893432617,29.352225313661403,28.94530003666251,29.298135324269573,37030000
2014-09-15,28.86391258239746,28.97705611265589,28.63414799770236,28.893686398551665,30908000
2014-09-16,29.218233108520508,29.286219934918762,28.82967043065526,28.82967043065526,31592000
2014-09-17,29.442041397094727,29.57999895768515,29.135856483474104,29.254459550136808,34390000
2014-09-18,29.639551162719727,29.653942092567032,29.428643207425335,29.529383502446933,29890000
2014-09-19,30.043004989624023,30.043004989624023,29.663869647184573,29.749721148173055,83832000
2014-09-22,29.639551162719727,29.9636026453903,29.43360677202145,29.899089556957477,35644000
2014-09-23,29.337337493896484,29.608786960466862,29.290689067855972,29.526905172464414,28074000
2014-09-24,29.696624755859375,29.780492355261387,29.29366917550789,29.356694342807877,35160000
2014-09-25,29.04305648803711,29.679248373322153,29.017746474866378,29.625654373107004,33420000
2014-09-26,29.17456817626953,29.257441921252365,29.030655072859485,29.076805628593792,25782000
2014-09-29,29.170101165771484,29.244539501571577,28.860442459317813,28.87334356451281,22874000
2014-09-30,29.19987678527832,29.32840511021035,29.005843406548173,29.154222206702787,31430000
2014-10-01,28.7641658782959,29.215257740872374,28.68426800994317,29.11997698671587,28954000
2014-10-02,28.826196670532227,28.943311806655355,28.487256387546985,28.6832755418505,30726000
2014-10-03,29.092683792114258,29.193918176168733,28.956214155700717,28.98598986538512,24290000
2014-10-06,29.168611526489258,29.397880148633465,29.050504423620175,29.276297414399302,25722000
2014-10-07,28.489736557006836,29.072830422317967,28.489736557006836,29.025687919654683,30914000
2014-10-08,28.968124389648438,29.01526878874049,28.169160852642403,28.523980004385912,44158000
2014-10-09,28.326475143432617,28.908079269760442,28.238141858674815,28.862424693692038,48234000
2014-10-10,27.55133056640625,28.54581542593111,27.54239728551155,28.16072646652394,59574000
2014-10-13,27.03324317932129,27.83369655322949,27.01736431549761,27.54835215876894,55116000
2014-10-14,27.2287654876709,27.722038173967398,27.02083718668025,27.30072202956856,52198000
2014-10-15,26.83375358581543,26.99205571974081,26.222867841250885,26.900746568816345,76720000
2014-10-16,26.644678115844727,26.846650885046575,26.050665168955174,26.15239741333064,76100000
2014-10-17,25.952407836914062,26.96872883166705,25.726117016454804,26.81985219591777,119930000
2014-10-20,26.41938018798828,26.45808917584198,25.762345852782545,25.82735302428568,54964000
2014-10-21,26.699766159057617,26.736487453959764,26.3112015508341,26.662051015314166,49190000
2014-10-22,26.93101692199707,27.33149065256402,26.80893821749789,26.849631118997618,59474000
2014-10-23,27.47490882873535,27.661002759890835,27.070463473475073,27.208421047194218,43026000
2014-10-24,27.239187240600586,27.5419003217995,27.05358929736508,27.540908366084036,43508000
2014-10-27,27.287818908691406,27.49227536381268,27.15482491033866,27.18261481405686,31934000
2014-10-28,27.737424850463867,27.750325954528165,27.315114828426626,27.378635965165806,34774000
2014-10-29,27.713106155395508,28.03666165111883,27.590531480123826,27.83220519972049,41066000
2014-10-30,27.80342674255371,27.914090391105365,27.399479247836236,27.70318430898165,32250000
2014-10-31,28.180574417114258,28.223253123041566,28.028721896614584,28.201914716600555,46810000
2014-11-03,27.97711181640625,28.144845093873375,27.870913868969556,27.965202668519044,30834000
2014-11-04,27.997953414916992,28.027729123320146,27.705663445506104,27.847590725441872,27726000
2014-11-05,27.58904457092285,28.132437530290044,27.499719337840116,28.12697988083941,32906000
2014-11-06,27.377641677856445,27.631226456779,27.322557845127125,27.5667133653094,33014000
2014-11-07,27.38409423828125,27.571677999387095,27.261521442085407,27.571677999387095,31782000
2014-11-10,27.702190399169922,27.821289449665706,27.374167299831008,27.41287628963515,26090000
2014-11-11,27.85404396057129,27.914089465926768,27.603436938424494,27.716582365758004,21966000
2014-11-12,27.703182220458984,27.852056979378904,27.56671258717265,27.847095307734524,21882000
2014-11-13,27.61336326599121,27.830720848252927,27.49674409583949,27.83022487035247,30220000
2014-11-14,27.55133056640625,27.690776071230438,27.418334667008686,27.690776071230438,28502000
2014-11-17,27.12703514099121,27.551329045686295,27.017859436960237,27.551329045686295,33612000
2014-11-18,27.021333694458008,27.432228632973192,26.98610033611268,27.19105088099,36440000
2014-11-19,27.15482521057129,27.205441454020374,26.757327358564716,27.0332424874147,30346000
2014-11-20,26.984113693237305,27.06450564371883,26.871962123446,26.90123996049941,35016000
2014-11-21,27.08981704711914,27.345385734319297,27.04565040730797,27.345385734319297,50120000
2014-11-24,27.168720245361328,27.35282836009089,27.00346875425853,27.123561651182378,33076000
2014-11-25,27.255565643310547,27.41783938584784,27.14043630277683,27.15532321160096,38072000
2014-11-26,27.181129455566406,27.2878233943217,27.05706682413214,27.255567791645177,29604000
2014-11-28,27.24812126159668,27.273925362216705,27.019846499850193,27.14490107302596,24202000
2014-12-01,26.78015899658203,27.233732692170182,26.729044875736555,27.05011863945784,39888000
2014-12-02,26.727556228637695,26.889333997488755,26.53252900996742,26.77023304466618,41480000
2014-12-03,26.64716148376465,26.867496819328178,26.559822049981445,26.673463455999162,32476000
2014-12-04,26.92555809020996,26.93101763296319,26.543940973677113,26.68041061205447,32598000
2014-12-05,26.20599365234375,26.708199633289787,26.16530264416238,26.63376130699494,61402000
2014-12-08,26.33750343322754,26.49084389716382,26.152401453477786,26.26256912389624,64566000
2014-12-09,26.604482650756836,26.631280598842636,25.974244358119872,26.096819035892942,43322000
2014-12-10,26.204010009765625,26.765765521684344,26.176716082713813,26.594062527409587,46222000
2014-12-11,26.405982971191406,26.65063446748015,26.25958999154161,26.301770827063216,41426000
2014-12-12,25.87995719909668,26.41243295234865,25.877475416842294,26.174232968148058,47314000
2014-12-15,25.59858512878418,26.071511407202376,25.576750743258124,25.9916154265255,52352000
2014-12-16,24.72121238708496,25.58567903179572,24.673076034744444,25.487422415786515,86998000
2014-12-17,25.132606506347656,25.262624650738594,24.76835806811292,24.805577233787627,72788000
2014-12-18,25.53804588317871,25.618933826731567,25.138066180743845,25.606030828223382,77534000
2014-12-19,25.8070125579834,25.845223681010822,25.25220446764364,25.655655999621516,97442000
2014-12-22,26.41541290283203,26.448662351444185,25.834302877215926,25.835296726027206,66390000
2014-12-23,26.73648452758789,26.91166125170544,26.485879417284664,26.525082490431085,57544000
2014-12-24,26.645177841186523,26.811917278195367,26.55436277520531,26.738968774504,14754000
2014-12-26,26.872957229614258,26.958808732515664,26.573717860733005,26.645178432341684,22270000
2014-12-29,26.664033889770508,26.9925529777923,26.65659043550001,26.82233791314687,44300000
2014-12-30,26.563295364379883,26.690335743430015,26.480421625923686,26.547414607106617,20972000
2014-12-31,26.334030151367188,26.71812717775537,26.311201916426576,26.685373705581686,24648000
2015-01-02,26.27894401550293,26.58910055297391,26.196068386511584,26.430298664187116,26480000
2015-01-05,25.778228759765625,26.20153076596937,25.69337110318611,26.159845904552313,41182000
2015-01-06,25.14203453063965,25.86506993560834,25.08794265394188,25.82983657629222,54456000
2015-01-07,25.06809425354004,25.382716517088017,24.993657812737325,25.355920458504503,46918000
2015-01-08,25.15543556213379,25.18471340329742,24.56539222110889,24.887459832181587,73054000
2015-01-09,24.848255157470703,25.239301563873617,24.745532830169346,25.218459133053575,42000000
2015-01-12,24.6666259765625,24.826417927884677,24.36143111102275,24.77480783466235,57138000
2015-01-13,24.90184783935547,25.239298298247874,24.6765508458732,24.94005895758154,60958000
2015-01-14,25.106796264648438,25.22242345832523,24.721211376893727,24.83336293979792,52800000
2015-01-15,25.01152229309082,25.296368842329816,24.91227181306124,25.25369202564846,51068000
2015-01-16,25.331602096557617,25.350954698690078,24.965863850974774,24.968841611236375,49658000
2015-01-20,25.305795669555664,25.58717034639147,25.27750978712287,25.446235019043122,46796000
2015-01-21,25.824382781982422,25.89683531596165,25.288431285886936,25.350462603876938,46356000
2015-01-22,26.66353988647461,26.739962132444344,25.899811511647165,25.953901500106248,56068000
2015-01-23,26.8942928314209,27.065995819308014,26.58661808424548,26.69976350422547,45966000
2015-01-26,26.634754180908203,26.871962210382318,26.403997649494404,26.871962210382318,30932000
2015-01-27,25.864078521728516,26.439233025193477,25.847701786405633,26.370750216611732,39148000
2015-01-28,25.429363250732422,26.087391490349304,25.425393534652653,26.053150086223937,35822000
2015-01-29,25.46906280517578,25.566327469471204,24.98521747991436,25.4526860708274,79018000
2015-01-30,26.675947189331055,26.951366378927414,25.714709797352825,25.75540270339148,121108000
2015-02-02,26.41044807434082,26.623835907323016,25.890377465305317,26.515652164315735,75378000
2015-02-03,26.465038299560547,26.67098080454053,26.142970716833847,26.29829697662218,47062000
2015-02-04,26.107736587524414,26.636242637507667,26.05463666846763,26.4570961940132,33896000
2015-02-05,26.2928409576416,26.335517773497997,26.084910742202876,26.19855215156569,33176000
2015-02-06,26.493820190429688,26.80844242635538,26.23428178666283,26.351396927233946,42938000
2015-02-09,26.26554298400879,26.493817723378637,26.17969149457252,26.35387436255801,30314000
2015-02-10,26.805465698242188,26.847150557367968,26.26008689830117,26.40796970983827,47430000
2015-02-11,26.69827651977539,26.89429569442898,26.599026041172312,26.784128022858194,38306000
2015-02-12,27.095773696899414,27.211399015379424,26.648651523608574,26.780653577630602,48590000
2015-02-13,27.351341247558594,27.419824054184307,27.12505039897322,27.17020899450773,47382000
2015-02-17,27.0461483001709,27.442652344719843,26.95930484104793,27.35134319142639,39174000
2015-02-18,26.929031372070312,27.172194934591545,26.775194938373996,26.98709296463159,31164000
2015-02-19,27.11760711669922,27.137953567668845,26.834744500697806,26.92010002058703,30834000
2015-02-20,26.886852264404297,27.173684614462704,26.703240109300214,27.173684614462704,38234000
2015-02-23,26.54939842224121,26.762786261938356,26.40052366951058,26.74789935457885,32906000
2015-02-24,26.730531692504883,26.76774896233429,26.350898502837588,26.378192429409328,28406000
2015-02-25,27.16127586364746,27.27243547629072,26.69876895967286,26.72010925792435,40836000
2015-02-26,27.754793167114258,27.79647802517196,27.05011651008926,27.082374002428192,54032000
2015-02-27,27.92053985595703,28.257494342129995,27.64263891703325,27.69821872620895,68328000
2015-03-02,28.53539276123047,28.583529115340724,27.946343342215318,28.137400825105498,50406000
2015-03-03,28.722482681274414,28.824709024406257,28.31108984712828,28.60139592710162,50526000
2015-03-04,28.699655532836914,28.86341721502514,28.41133335350622,28.632164676682212,37964000
2015-03-05,28.853492736816406,28.94132814890123,28.694692732976936,28.763671520139305,35918000
2015-03-06,28.43018913269043,28.920484069243443,28.388504276039424,28.88177697278826,37592000
2015-03-09,28.489736557006836,28.556729530815257,28.239129564673625,28.33192852957974,23478000
2015-03-10,27.78257942199707,28.274364137148414,27.78108959552201,28.210843009612553,40080000
2015-03-11,27.576143264770508,27.99745944103969,27.562248311796857,27.78010186536099,40524000
2015-03-12,27.84808921813965,27.881336774494798,27.568204348837554,27.714597335688122,35602000
2015-03-13,27.442651748657227,28.006393093425856,27.31015371576543,27.751816349465276,35428000
2015-03-16,27.871416091918945,27.976124229066304,27.359284791895696,27.63768175409742,36856000
2015-03-17,27.67142105102539,27.82178373510804,27.512621064660753,27.70516458101788,28892000
2015-03-18,28.095714569091797,28.113083258212196,27.467460214668634,27.67737431063525,35324000
2015-03-19,27.972152709960938,28.13541841552837,27.89523448689159,28.014333548867,24660000
2015-03-20,28.035667419433594,28.14236133725009,28.01234510315994,28.123008736660356,44320000
2015-03-23,28.056514739990234,28.26841467909188,27.941881370812307,28.087778386129667,30234000
2015-03-24,28.660449981689453,28.875821743222122,28.191491553551952,28.213823808722918,79156000
2015-03-25,28.137401580810547,28.786000541047912,28.137401580810547,28.661937925517922,53070000
2015-03-26,27.970664978027344,28.146835587679465,27.706164860666725,28.020787146385633,49842000
2015-03-27,27.668445587158203,27.992001106815056,27.63767792160523,27.88083959269852,34552000
2015-03-30,27.84659767150879,27.897215809325353,27.630729931821506,27.802432925061265,24788000
2015-03-31,27.527015686035156,27.911608685545964,27.52552585929373,27.68779960529353,34932000
2015-04-01,27.268468856811523,27.715589140377404,27.09676585390289,27.533466815645557,38902000
2015-04-02,26.862533569335938,27.194524486830748,26.819358886342425,27.165246649010005,47760000
2015-04-06,26.993545532226562,27.07244955672539,26.58413850086125,26.739960745254912,33718000
2015-04-07,27.0387020111084,27.301714143465453,26.97567874924372,27.04515350925915,27318000
2015-04-08,27.236209869384766,27.368213810191627,27.09527454092067,27.09527454092067,28386000
2015-04-09,27.195520401000977,27.2625152821139,26.894297104093123,27.254575849184043,32366000
2015-04-10,27.22132110595703,27.286330169677417,27.04465645281421,27.27243521822849,26104000
2015-04-13,27.22628402709961,27.456048607430134,27.110162738822524,27.14738190135355,29326000
2015-04-14,26.78660774230957,27.123562229879163,26.586122888939016,27.123562229879163,47206000
2015-04-15,26.849136352539062,26.955830282800797,26.418886893232866,26.69629186913152,46962000
2015-04-16,26.97220802307129,27.057065678117738,26.70324034038023,26.71564546717092,31722000
2015-04-17,26.437246322631836,26.78759978583808,26.251650269776206,26.664033147859083,49234000
2015-04-20,27.022327423095703,27.085352583011485,26.467519361562132,26.487369835441832,38508000
2015-04-21,26.94243049621582,27.183112277676983,26.907197136796636,27.110659754302254,29128000
2015-04-22,27.253082275390625,27.343399464948178,26.86302976391744,26.94937723755585,31806000
2015-04-23,27.663978576660156,27.8480885959411,27.297746235723558,27.31412297111057,78184000
2015-04-24,28.46790313720703,29.015763665240605,28.204393140414467,28.78500713624957,92168000
2015-04-27,28.09372901916504,28.560203740512463,27.904161370600587,28.42373600848635,48062000
2015-04-28,28.00688934326172,28.178592347834297,27.837668121218687,28.004407560732176,37178000
2015-04-29,27.859004974365234,28.079836281035774,27.74040190009841,27.815334312291217,33622000
2015-04-30,27.232736587524414,27.845110245025943,27.13100622521979,27.718565844702574,47240000
2015-05-01,27.351341247558594,27.354319007809096,26.98858076358933,27.319083755715877,36572000
2015-05-04,27.434709548950195,27.625765135599128,27.164252074499405,27.342902535963194,35260000
2015-05-05,26.948387145996094,27.423299230382103,26.915137696674705,27.30171649682963,28528000
2015-05-06,26.553369522094727,26.992552242544452,26.41243419353689,26.928535130080345,39034000
2015-05-07,26.898759841918945,27.055575929843123,26.472482004515168,26.594062839964238,31844000
2015-05-08,27.241668701171875,27.43272429163105,27.19601412921147,27.237698985311653,28226000
2015-05-11,27.08435821533203,27.461013661759058,27.07542682738903,27.218842049765822,21858000
2015-05-12,26.7345027923584,26.944416913070892,26.549400817165026,26.93697156567433,35282000
2015-05-13,26.772216796875,26.98808453606404,26.746906781502496,26.820849130077665,24238000
2015-05-14,27.254074096679688,27.278392156024342,26.92158720028717,26.994535699185377,31736000
2015-05-15,27.119590759277344,27.323551244821893,26.921587687257777,27.313130030505075,33440000
2015-05-18,27.128520965576172,27.21139469285305,26.909177618869656,26.98708967500595,26706000
2015-05-19,27.258047103881836,27.4625016810365,27.150857196914174,27.194525967094666,47126000
2015-05-20,27.418333053588867,27.594997712177225,27.050610913643407,27.339429035987404,30840000
2015-05-21,27.63172149658203,27.671422441690996,27.25903767703205,27.30370029375701,34170000
2015-05-22,27.51807975769043,27.70268574269061,27.473417141515885,27.51510199753943,24266000
2015-05-26,27.154329299926758,27.45902628925859,26.944911170470053,27.421807126833745,37474000
2015-05-27,27.504680633544922,27.55629072544195,27.124057388957606,27.228269528448177,34844000
2015-05-28,27.50120735168457,27.57961539304968,27.33347597002123,27.481854750055476,23544000
2015-05-29,27.06153106689453,27.489298724900063,27.0476361144687,27.452575539326666,43446000
2015-06-01,27.25457191467285,27.32206087092486,26.97518304517786,27.230751726276477,33210000
2015-06-02,27.489795684814453,27.729981493651664,27.122569495097526,27.166240158443934,31842000
2015-06-03,27.556291580200195,27.690279432149282,27.400469343979207,27.54686232165517,26710000
2015-06-04,27.377641677856445,27.589541598826578,27.2501053215843,27.40195784499536,26866000
2015-06-05,27.27045249938965,27.45902821399386,27.163758569250536,27.39302718714373,24396000
2015-06-08,26.97022247314453,27.287326518365866,26.943920499505314,27.27442352050169,27336000
2015-06-09,26.904714584350586,27.037710479211373,26.74045504699281,26.967241869344562,30016000
2015-06-10,27.422801971435547,27.53098573209508,27.051111965018936,27.080389805754574,30316000
2015-06-11,27.295761108398438,27.53346512420555,27.252586424854886,27.516592411686425,25872000
2015-06-12,27.168228149414062,27.236709070723666,27.076917099258743,27.15234739063407,25468000
2015-06-15,26.946401596069336,26.998507671064868,26.758323748187195,26.933002620635428,27150000
2015-06-16,27.03919792175293,27.129515109548503,26.87543625827291,27.01984532039401,32526000
2015-06-17,27.125049591064453,27.212389019281595,26.887345579469812,27.066492022669436,24440000
2015-06-18,27.6004581451416,27.65355617208708,27.1945248744358,27.1945248744358,41192000
2015-06-19,27.666954040527344,27.686308534655065,27.405927716995535,27.617329753647052,59290000
2015-06-22,27.77414321899414,28.06842087384126,27.735932102616808,27.76074613845897,34752000
2015-06-23,27.958255767822266,28.033190073921567,27.64859519983743,27.779605294519836,31396000
2015-06-24,27.71906280517578,27.921037496370687,27.631723370276966,27.913098064028627,28924000
2015-06-25,27.688291549682617,27.945846019979392,27.663975384872124,27.804910702425758,26684000
2015-06-26,27.445629119873047,27.790027076584188,27.385583614019517,27.77563614573837,43676000
2015-06-29,26.859556198120117,27.33843796864444,26.809434038337013,27.132493573025446,37756000
2015-06-30,26.799510955810547,27.090313001819293,26.77469691808607,27.05011607802913,34510000
2015-07-01,26.96129035949707,27.08584896140911,26.78561763845942,26.979155029034807,30760000
2015-07-02,27.161773681640625,27.19452525842251,26.97468590742082,27.032747499899706,28124000
2015-07-06,27.076417922973633,27.223308771939404,26.90173716920965,26.909180623274132,25614000
2015-07-07,27.295265197753906,27.34340155641525,26.79008331380378,27.16624090180923,33578000
2015-07-08,26.881887435913086,27.208420719320955,26.857075290667094,27.07542671214066,27662000
2015-07-09,27.02828025817871,27.238194360637053,27.026792324656007,27.226781191160725,29766000
2015-07-10,27.596982955932617,27.754790987929432,27.393024375579834,27.477882018658086,43436000
2015-07-13,28.37212562561035,28.42770543072524,27.72551062723455,27.76570754759591,41792000
2015-07-14,28.989959716796875,29.264386924519492,28.493213266804048,28.50959000185922,74832000
2015-07-15,28.979042053222656,29.213768310697166,28.792948129203957,28.968124861045165,41466000
2015-07-16,29.863361358642578,29.99834116790108,29.175557422517723,29.25396546593354,112642000
2015-07-17,34.71867370605469,34.88640887561023,33.645782724786116,33.74503130241583,257162000
2015-07-20,34.3822135925293,34.62835489975829,33.83286702399274,34.1906639223663,102436000
2015-07-21,34.50677490234375,35.01542855589257,33.950973066852185,33.98719837840989,75604000
2015-07-22,34.49436950683594,35.39903309921943,34.321674563923004,34.440773610668714,83100000
2015-07-23,33.48350524902344,34.54250500559855,33.3276811289362,34.3330849906707,76232000
2015-07-24,32.49298858642578,33.63535806253163,32.41408646304961,33.58474182033316,82622000
2015-07-27,32.666683197021484,33.10338227144955,32.333200530759136,32.33419248655619,58382000
2015-07-28,32.735660552978516,32.95599588518795,32.42550400588598,32.83987269847073,34364000
2015-07-29,32.82349395751953,32.917782759060806,32.39721422517398,32.86468283769812,36756000
2015-07-30,32.978824615478516,33.152015559305006,32.34014893529991,32.62549525095597,39606000
2015-07-31,32.62846755981445,33.000655402702066,32.613580651873434,32.98576849476105,34922000
2015-08-03,32.98676300048828,33.08353169567605,32.63640951456979,32.63640951456979,31348000
2015-08-04,32.8160514831543,33.149534143632,32.777842255176175,32.96790401146846,26188000
2015-08-05,33.41204833984375,33.74056362978259,33.029437388290205,33.03787279801008,36448000
2015-08-06,33.2562255859375,33.484500352211846,32.7887569678244,33.44678710279884,40660000
2015-08-07,32.97039031982422,33.1892339555708,32.69645905908001,33.13861770412109,27544000
2015-08-10,32.90835189819336,33.329172043127265,32.76394284396823,33.10436914858394,34458000
2015-08-11,34.256168365478516,34.93603285306355,33.95941080486726,34.71668948520077,109880000
2015-08-12,34.314231872558594,34.53903099700302,33.77034103934489,34.46409669349137,58498000
2015-08-13,34.068092346191406,34.44127216369703,33.85321655369994,34.2015823326534,36354000
2015-08-14,34.21001434326172,34.353431445329264,33.888942524184785,33.94551428604047,27598000
2015-08-17,34.44524383544922,34.4765055865474,33.896885385612144,34.14401867145234,24680000
2015-08-18,34.178260803222656,34.5271225681172,34.00903768867541,34.29438399425269,27710000
2015-08-19,34.441768646240234,34.74745761512294,34.082483776397616,34.24674332451473,50194000
2015-08-20,33.71922302246094,34.546968370689854,33.51079875191918,34.19661871948456,57798000
2015-08-21,31.96002197265625,33.392201751637366,31.913869523622534,33.30039283148818,91880000
2015-08-24,30.673738479614258,31.148650547042262,29.43211844491522,29.804804171606992,129788000
2015-08-25,30.39385414123535,32.10740472630289,30.35415319394515,32.08110654016158,71430000
2015-08-26,32.739627838134766,32.87560149596297,31.28214007968239,31.913866333792097,87740000
2015-08-27,33.147544860839844,33.44629012428268,32.310868061452695,33.34753373754855,58974000
2015-08-28,32.737152099609375,33.09990884431476,32.44237840634722,33.038373505981795,38836000
2015-08-31,32.148094177246094,32.97137572981981,32.07514757517647,32.47164966934492,38936000
2015-09-01,31.241947174072266,31.980367404582257,31.018634070034246,31.452853258368286,51458000
2015-09-02,32.00368881225586,32.01113226667077,31.295540291382007,31.660780679963988,37630000
2015-09-03,31.613637924194336,32.31831270130379,31.452852116514986,32.153557177503835,34572000
2015-09-04,31.212169647216797,31.48709283279749,31.09009283373357,31.248892833359136,40478000
2015-09-08,31.952571868896484,32.010135584162605,31.407689126857893,31.80965075027106,39092000
2015-09-09,31.929248809814453,32.621516454693676,31.80468644542644,32.34957296086699,40978000
2015-09-10,32.30987548828125,32.49944125399584,31.844390804513925,31.953566510442663,27850000
2015-09-11,32.519290924072266,32.51978690191675,32.12774859761522,32.266701901971416,34892000
2015-09-14,32.37885665893555,32.55006368439517,32.23146793062689,32.53567275330777,29942000
2015-09-15,33.00413513183594,33.19171701014727,32.42203121364822,32.58926663895632,35546000
2015-09-16,33.026466369628906,33.1530088922759,32.86171082956647,33.02795430342899,26252000
2015-09-17,33.33164978027344,33.84377903064524,33.000650861744354,33.12421748117854,47752000
2015-09-18,32.798187255859375,33.240841823898094,32.75401872297474,33.0036318898315,72544000
2015-09-21,33.09891128540039,33.19915560197183,32.65328086846901,33.02596468089905,39094000
2015-09-22,32.41508102416992,32.693975821743166,32.00964371788415,32.62698094720563,54362000
2015-09-23,32.41954803466797,32.7664258702772,32.292505764245156,32.400193539469,29160000
2015-09-24,32.49993896484375,32.59224385638462,31.86771860742162,32.205169086426785,38692000
2015-09-25,31.767473220825195,32.6820639789857,31.74315705404557,32.6820639789857,48480000
2015-09-28,30.978437423706055,31.90146555976382,30.66034142520254,31.71288794459709,47646000
2015-09-29,30.897050857543945,31.496023636672415,30.669768054673835,31.040466075203458,42130000
2015-09-30,31.679141998291016,31.725788527579894,31.221598627910975,31.354592632564238,52954000
2015-10-01,31.859275817871094,31.95058874334657,31.319356626795713,31.65779902339487,42506000
2015-10-02,32.6031608581543,32.60365683606337,31.437468900379354,31.661277985325597,48788000
2015-10-05,33.332149505615234,33.39914437575399,32.54757691649381,32.83193123815367,37960000
2015-10-06,33.33016586303711,33.685479094380334,32.90537408567345,33.216522571807786,42774000
2015-10-07,33.248779296875,33.68250245164468,32.65873604281736,33.61600356034712,44354000
2015-10-08,33.09989929199219,33.34256872977101,32.47909033057505,33.22148199977581,39308000
2015-10-09,33.31031799316406,33.45174741332424,32.869647317985795,33.12422406036488,32124000
2015-10-12,33.56787109375,33.644789314657274,33.11181752516438,33.20858622019141,26684000
2015-10-13,33.902347564697266,34.1648637575576,33.403117389258895,33.460188925252325,42446000
2015-10-14,33.765377044677734,34.24326495582343,33.69044274212037,33.93013255751556,31292000
2015-10-15,34.39114761352539,34.44771937396022,33.962884015507356,34.00556082474449,47156000
2015-10-16,34.50529098510742,34.549955501942556,34.19662612120126,34.509262594682745,36316000
2015-10-19,34.73505401611328,34.74944494698388,34.35095511139818,34.43978437214165,30172000
2015-10-20,33.74502944946289,34.638281743443635,33.431397297855305,34.63282220117296,52434000
2015-10-21,33.338104248046875,33.9881911038774,33.2835163975171,33.9043254167443,31952000
2015-10-22,33.80160140991211,34.14451140013563,33.333140877177165,33.51873881283811,88632000
2015-10-23,35.69678497314453,37.342848475277144,35.627806186980585,37.221761723035236,126726000
2015-10-26,36.28186798095703,36.471933536493665,35.731029597756994,35.731029597756994,48776000
2015-10-27,36.3662223815918,36.52204649870805,35.935478891922564,36.056065866924456,38778000
2015-10-28,36.5696907043457,36.592021067079884,36.09080702675448,36.375161366047585,39604000
2015-10-29,36.963218688964844,37.05949140684257,36.48235107747625,36.55530147578001,36520000
2015-10-30,36.593013763427734,37.035668348417275,36.550336948603395,36.99845107644041,39984000
2015-11-02,37.106632232666016,37.12846661643491,36.2982375527312,36.45108581129445,39914000
2015-11-03,37.16023254394531,37.30314990417095,36.78010144292342,36.992001379797124,36306000
2015-11-04,37.482295989990234,37.71007478990221,37.179086901347056,37.213824285230444,41840000
2015-11-05,37.74828338623047,38.0301540336404,37.589483394769,37.6559785012239,45486000
2015-11-06,37.794437408447266,37.86490412672247,37.46839821629869,37.68476572199348,33544000
2015-11-09,37.45549392700195,37.87879777209568,37.17461901933125,37.64158784582532,35538000
2015-11-10,37.628684997558594,37.74480817884704,37.139881785395815,37.391478856445374,29798000
2015-11-11,37.97556686401367,38.165628607680326,37.70262759905492,37.83314171116004,41866000
2015-11-12,37.5428352355957,38.00286037201333,37.50958578909172,37.72396558975158,35452000
2015-11-13,36.726009368896484,37.48328426315379,36.69623176699996,37.419269044734655,48188000
2015-11-16,37.23963165283203,37.3036468798992,36.44116398590926,36.7329618073721,50704000
2015-11-17,37.019290924072266,37.46442915354146,36.92351419329553,37.341358496521714,38864000
2015-11-18,37.71553039550781,37.769622270355725,37.089261809085315,37.19744555878115,36266000
2015-11-19,37.712059020996094,37.87532281719481,37.57757329898008,37.70411580304644,28078000
2015-11-20,38.558658599853516,38.67378982538205,37.918498848634584,38.17654741775388,55478000
2015-11-23,38.54376983642578,38.85144646479687,38.38546582872933,38.58198284584127,34648000
2015-11-24,38.19292449951172,38.50854059295471,37.62124373334218,38.35817600056143,47880000
2015-11-25,38.174560546875,38.360158474103706,38.039082881588186,38.29514751944256,23612000
2015-11-27,38.30904769897461,38.40978800051288,38.062410392032795,38.16960219213621,14434000
2015-11-30,37.856468200683594,38.46089862651932,37.77061481137449,38.304082542033804,33586000
2015-12-01,38.89561462402344,38.955662021482496,38.01030547883759,38.0594337909075,40398000
2015-12-02,38.6008415222168,39.35514051008055,38.530371023137306,38.968065780381366,46876000
2015-12-03,38.12196350097656,38.929858502318396,37.83662097609839,38.73532915316572,41950000
2015-12-04,38.668331146240234,38.82762712082141,37.98847043502684,38.19689472082552,49800000
2015-12-07,38.35966873168945,38.757162833223155,38.04851643098514,38.710514408403206,36626000
2015-12-08,38.46636199951172,38.640544898694394,37.84009334102144,37.93834997275619,31082000
2015-12-09,37.841575622558594,38.513500651174375,37.31852723913321,38.265871411087964,46550000
2015-12-10,37.717018127441406,38.01625935999546,37.46690899092913,37.89318870314611,32458000
2015-12-11,37.23963165283203,37.58800124640497,37.15179434102944,37.169164926656606,43184000
2015-12-14,37.84108352661133,37.920981399703884,36.536938065215146,37.281313795347444,53864000
2015-12-15,37.719505310058594,38.447006447791104,37.61578913805301,38.101616526371046,49386000
2015-12-16,38.53831481933594,38.781976261495615,37.56864397393786,38.04107237726127,53120000
2015-12-17,38.20284652709961,38.786434470597825,38.17654455847705,38.765096066228054,36510000
2015-12-18,37.5587158203125,38.41673482621627,37.54581282340079,38.07382481057931,67794000
2015-12-21,37.75473403930664,38.03015318243674,37.424727045387485,37.86638963006958,34848000
2015-12-22,38.0688591003418,38.22815506908267,37.77458522169027,37.92693371449257,36338000
2015-12-23,38.1373405456543,38.30557168181728,37.598413308718996,38.24552428974038,30594000
2015-12-24,38.004844665527344,38.17158409148472,37.93289001542925,38.13783866678994,10412000
2015-12-28,38.818695068359375,38.84747692836857,38.09863744591142,38.21128499666828,31156000
2015-12-29,39.400306701660156,39.63503297706872,39.01521582751535,39.0544170123401,38430000
2015-12-30,39.21867370605469,39.5243664463715,39.064837273207026,39.40030382992259,28566000
2015-12-31,38.60878372192383,39.12091305153029,38.57454231863726,39.095603035943086,32752000
2016-01-04,37.6872444152832,37.824210024536455,37.09670516636444,37.824210024536455,67382000
2016-01-05,37.790958404541016,38.17158163092196,37.49916442792482,37.918496641160885,45216000
2016-01-06,37.681785583496094,37.99938557560447,37.11953599204981,37.23714710898058,48206000
2016-01-07,36.77215576171875,37.4822899992494,36.48830121505529,37.04459903227423,63132000
2016-01-08,36.271446228027344,37.22474223719677,36.17268983635346,37.1096110029378,47506000
2016-01-11,36.37863540649414,36.47838375713797,35.70820200349906,36.3230555921978,50896000
2016-01-12,36.98753356933594,37.13641023577878,36.54537494336249,36.759754768498375,46816000
2016-01-13,35.70869827270508,37.367664876802756,35.57024471374164,37.186034736953346,51728000
2016-01-14,36.29526138305664,36.71707350544237,34.985656484787164,35.950367474118316,55558000
2016-01-15,35.25810241699219,35.93647522316844,34.81246818004304,35.23328837836136,76676000
2016-01-19,35.68437576293945,35.99552803448234,35.22633832625563,35.73747568151615,48724000
2016-01-20,35.6585693359375,36.07492186747487,34.131109185136495,35.03031313302352,82440000
2016-01-21,36.06103515625,36.60690995150858,35.28886949590144,35.738471572568294,51938000
2016-01-22,36.99348831176758,37.147328540145075,36.74735076132707,36.82178530689106,47146000
2016-01-25,36.405921936035156,37.3408590309046,36.35034213303571,36.913091424495235,45340000
2016-01-26,36.41436004638672,36.69573471299149,36.07591763913051,36.48483054706643,30940000
2016-01-27,35.60993957519531,36.51857095264771,35.404987150299355,36.51857095264771,42428000
2016-01-28,37.134422302246094,37.27634769042169,36.25605688032963,36.6327123068158,62104000
2016-01-29,37.78202819824219,37.9686180905342,36.93095672738148,37.167174692399655,75808000
2016-02-01,38.2495002746582,38.587942710930236,37.78351958612073,38.273814549313805,111522000
2016-02-02,38.7526969909668,40.213658489846225,38.737310318741926,39.72485147600155,135846000
2016-02-03,37.188018798828125,39.274749109661,36.5369361647275,39.01918042516304,131114000
2016-02-04,36.22776794433594,36.9825666672435,35.85905576678328,36.95030917897262,104922000
2016-02-05,34.92411804199219,36.063507784488756,34.74447563865739,36.00296820369877,109556000
2016-02-08,34.943973541259766,34.96184010303973,33.84477677313804,34.12615145810582,89410000
2016-02-09,34.78814697265625,35.777671983621644,34.16684196822003,34.387673262133276,84300000
2016-02-10,35.07746124267578,35.8898237302454,35.00501061670168,35.322610596345456,60314000
2016-02-11,35.05315017700195,35.34891580034356,34.300339036527134,34.55590773437024,65004000
2016-02-12,35.07945251464844,35.531534471514185,34.81594059566735,35.343456625432225,46538000
2016-02-16,35.612918853759766,35.872955130987954,35.24271491113473,35.663039121631215,43444000
2016-02-17,36.32404708862305,36.41287635201058,35.56180856331581,36.07740977275679,49154000
2016-02-18,35.60646438598633,36.524030947870976,35.50919972559641,36.42279846482288,47276000
2016-02-19,35.83474349975586,35.9300242604359,35.38861327826768,35.526570854269394,34918000
2016-02-22,36.17914581298828,36.46697204121512,35.90124671599201,36.20197215707262,37516000
2016-02-23,35.59554672241211,36.27094361594726,35.51515666338139,36.03274551987704,41332000
2016-02-24,35.774696350097656,35.79057900104926,34.83777895976725,35.26405492416314,37092000
2016-02-25,36.1826171875,36.201967897549466,35.39407291341634,35.875436496998525,36146000
2016-02-26,35.97120666503906,36.53196825623458,35.826301638539846,36.40492978892983,42474000
2016-02-29,35.59207534790039,36.25605718743341,35.573216831001,35.77965720290548,45068000
2016-03-01,36.830223083496094,36.83816251564413,35.66254349977129,35.79454555119767,60112000
2016-03-02,36.69672775268555,36.87736213117078,36.387563173386724,36.864958898642634,36292000
2016-03-03,36.3051872253418,36.77215986668217,36.207922555156095,36.696729581586425,40534000
2016-03-04,36.23719787597656,36.47440398949342,36.00891936278648,36.464480647484734,48516000
2016-03-07,35.37273406982422,36.08783195977834,34.99260677267381,35.98560372350222,61690000
2016-03-08,35.408958435058594,35.84168966543364,34.93603406638649,35.15388572215254,52530000
2016-03-09,35.99850845336914,36.039697336594756,35.36578829544877,35.49034690094924,39544000
2016-03-10,36.33396911621094,36.5508287971323,35.89329849255441,36.11660967136832,44616000
2016-03-11,36.96420669555664,36.96569462909776,36.55876941518836,36.72005308164717,35380000
2016-03-14,37.23069763183594,37.43019053998108,36.90416244829631,36.96917341270694,32824000
2016-03-15,37.247066497802734,37.368153233005174,36.86346362981525,37.02127165339016,29832000
2016-03-16,37.58402633666992,37.66541214221778,37.04509904299183,37.171641552241276,29306000
2016-03-17,37.63960647583008,37.980032823502285,37.584026663965226,37.59841759481661,44564000
2016-03-18,37.48725891113281,37.82123376858197,37.30910440753043,37.79592753753153,56222000
2016-03-21,37.822227478027344,37.880783155524995,37.28180847539839,37.412818569052284,28774000
2016-03-22,37.7175178527832,37.96316321303674,37.60983385690874,37.63762376372678,22096000
2016-03-23,37.59394836425781,37.982514838530285,37.518022104148095,37.88127856302047,24678000
2016-03-24,37.45896911621094,37.5939470259952,37.243597362316855,37.27833474197719,31116000
2016-03-28,37.38155746459961,37.630674659384916,37.32002213272256,37.524970793595514,21676000
2016-03-29,38.00733184814453,38.07135086482336,37.13393360569545,37.40140959311688,40062000
2016-03-30,38.128910064697266,38.574048330382446,38.0911968143954,38.12245856600091,40396000
2016-03-31,37.85894775390625,38.16562865790518,37.62818932303009,38.12890736598787,32554000
2016-04-01,38.19491195678711,38.213270710505526,37.476834425802885,37.57410288152156,31674000
2016-04-04,37.9691162109375,38.33237267312875,37.80386471471298,38.18696786380617,26924000
2016-04-05,37.644073486328125,37.857461342495476,37.49668476269407,37.62223910144288,24478000
2016-04-06,38.115509033203125,38.13287961678415,37.531421267245825,37.60784350560307,25312000
2016-04-07,37.72099304199219,38.17952649911455,37.590974897734576,37.97904163283596,25498000
2016-04-08,37.6887321472168,38.06885941560105,37.505121904215606,38.006332131636086,23434000
2016-04-11,37.59295654296875,38.07332814288153,37.58303319957296,37.98549084155288,31774000
2016-04-12,37.929412841796875,37.959186656338254,37.29669278016015,37.63712288040206,27388000
2016-04-13,38.306068420410156,38.496626134826585,37.94281197985296,38.22666653316887,35426000
2016-04-14,38.47876739501953,38.68818364752694,38.37107961533215,38.477279461348076,26992000
2016-04-15,38.70753479003906,38.75368723249099,38.45593393600295,38.484223603763475,31712000
2016-04-18,39.08865737915039,39.131833958236626,38.58893504514366,38.716965490459344,33540000
2016-04-19,38.52144241333008,39.250931203936716,38.22468484675957,39.22860084163421,43952000
2016-04-20,38.455440521240234,38.690666549805485,38.27431015647353,38.66585251141412,34262000
2016-04-21,38.70753479003906,38.79090450150677,38.2882025573725,38.57404481333931,77628000
2016-04-22,36.61186981201172,37.413313231947384,36.2446455376091,36.91656680205609,140798000
2016-04-25,36.83220672607422,36.964704754411734,36.47937336635226,36.491780385407644,49442000
2016-04-26,35.99652099609375,36.99993721811807,35.74591208995123,36.94187751942796,55864000
2016-04-27,35.802490234375,36.08485310247026,35.18812884738829,35.994039927794645,66262000
2016-04-28,34.9886360168457,36.18956510082308,34.8963349082586,35.893303492597134,62590000
2016-04-29,35.128578186035156,35.33849040191123,34.92511368228933,34.9419882876707,58278000
2016-05-02,35.452632904052734,35.50225719682701,35.05315110016992,35.32906625697301,33476000
2016-05-03,35.156368255615234,35.40101785302601,35.101284424597104,35.357845062793025,38620000
2016-05-04,35.3017692565918,35.484387546774165,34.93851280156946,35.073494500818576,34172000
2016-05-05,35.46751403808594,35.60844746094753,35.20648583300938,35.48190496706447,29668000
2016-05-06,35.98709487915039,36.027291808216624,35.33055639600851,35.34296341649924,39952000
2016-05-09,36.18311309814453,36.439177776356786,35.903722314592194,36.062522320480696,38074000
2016-05-10,36.69176483154297,36.72253060043532,36.30617804821735,36.47242148241552,32634000
2016-05-11,36.253578186035156,36.76223567428409,36.12207211455834,36.74834072172119,29834000
2016-05-12,36.1305046081543,36.492769087381554,35.94193080803441,36.325529906164135,27094000
2016-05-13,35.9697265625,36.290302453464385,35.904219617282386,36.058555827827455,25244000
2016-05-16,36.24116897583008,36.35927606547364,35.73003162913223,35.944411425153625,22538000
2016-05-17,35.73945999145508,36.516589140023775,35.630784049934775,36.278887020581564,33404000
2016-05-18,35.8183708190918,36.00644867624959,35.482904224892046,35.655599194264354,32536000
2016-05-19,35.497291564941406,35.75484795221574,35.24916632942593,35.645672242814435,30598000
2016-05-20,35.81489181518555,36.11214536480229,35.48240490592018,35.55436334493607,34798000
2016-05-23,35.593563079833984,35.90371961379226,35.57818019412265,35.729040756282096,24816000
2016-05-24,36.37664794921875,36.434707647390326,35.712662323731934,35.72258945308347,37884000
2016-05-25,36.62824630737305,36.71707556634119,36.35531081808167,36.474409871843534,32216000
2016-05-26,36.5701904296875,36.77712680829582,36.37516509352758,36.524037979768266,27202000
2016-05-27,37.09968948364258,37.11507237120219,36.57415734222013,36.59897138235444,34802000
2016-05-31,37.16171646118164,37.391479150204965,36.99894485773948,37.15724887437336,42484000
2016-06-01,37.142364501953125,37.286773576253076,36.93790802797835,37.142860479844515,20788000
2016-06-02,36.9344367980957,37.08480139568827,36.57366020223531,37.025249972912654,33916000
2016-06-03,36.51708221435547,36.796472954004905,36.42031353513087,36.796472954004905,24608000
2016-06-06,36.22926330566406,36.648099616884046,36.14142978174097,36.648099616884046,29992000
2016-06-07,36.28037643432617,36.55926744362353,36.26598550377393,36.388560188496065,24314000
2016-06-08,36.86793899536133,36.911607768374644,36.5126257180091,36.697723918446755,32314000
2016-06-09,36.84758758544922,36.91755832287654,36.548846119256766,36.5771320009363,19180000
2016-06-10,36.38459014892578,36.70467005218769,36.25159613700398,36.521555770108435,29050000
2016-06-13,36.319580078125,36.672909402759835,36.21735184827314,36.21735184827314,23354000
2016-06-14,36.387569427490234,36.52403908357011,36.05260258375727,36.19204810749365,26584000
2016-06-15,36.334964752197266,36.58110229443643,36.29129219601864,36.47043864948237,23234000
2016-06-16,35.940948486328125,36.245645544050554,35.50871315620282,36.12505474923064,45002000
2016-06-17,34.94844055175781,35.799012305008986,34.79311239929035,35.799012305008986,82262000
2016-06-20,35.04174041748047,35.525087980219574,35.00601107365943,35.24917278891917,45654000
2016-06-21,35.178199768066406,35.500763296017745,34.968783546156665,35.23625946149615,30318000
2016-06-22,35.257110595703125,35.44270856991521,35.02933178000072,35.43476913677589,29058000
2016-06-23,35.475460052490234,35.4759560304029,34.74994280463064,35.26108022540139,42500000
2016-06-24,34.00307846069336,34.98565599713085,33.98868753111872,34.24971574700766,95436000
2016-06-27,33.80160140991211,33.91028113376816,33.38078125220872,33.86859627887684,58146000
2016-06-28,34.303810119628906,34.37725649246694,33.98571414010763,34.30926966236989,38246000
2016-06-29,34.498836517333984,34.71272035796615,34.37427791659481,34.45268785675434,43124000
2016-06-30,34.91271209716797,34.92462313975083,34.484448403029226,34.6209180565255,42250000
2016-07-01,35.246192932128906,35.35933647243899,34.92263739032194,34.9906242245258,30984000
2016-07-05,34.98019790649414,35.140485835922306,34.69435942841312,34.9861534269257,28440000
2016-07-06,35.182674407958984,35.38266330533006,34.687911825710025,34.72959668732177,28902000
2016-07-07,35.09781265258789,35.24222173319167,34.77078526162171,35.23924586571344,21174000
2016-07-08,35.61986541748047,35.62582093790213,35.13998979962691,35.26157252518358,29946000
2016-07-11,36.08733367919922,36.17318328142322,35.67395695948042,35.70125088593832,28822000
2016-07-12,36.3508415222168,36.5041819726617,36.102220318805394,36.3215636845513,26468000
2016-07-13,36.20048141479492,36.50021866280845,36.17765507248144,36.50021866280845,20436000
2016-07-14,36.51411056518555,36.530981385031104,36.25556222217988,36.421805675635575,21408000
2016-07-15,36.505672454833984,36.77215642408673,36.45654036036793,36.77215642408673,32342000
2016-07-18,37.377586364746094,37.47385907995491,36.54934494165479,36.61881970664149,38698000
2016-07-19,37.38801193237305,37.54581620458886,37.14385449699268,37.21233731071244,30436000
2016-07-20,37.570133209228516,37.74679978175306,37.419768610029756,37.419768610029756,22502000
2016-07-21,37.4376335144043,37.62323146708686,37.29421639831904,37.566159935728116,19062000
2016-07-22,37.6793098449707,37.68774525565149,37.35079073151822,37.58204516795567,20920000
2016-07-25,37.59196853637695,37.706107820917374,37.42076150261181,37.59990796914576,21466000
2016-07-26,37.598419189453125,37.67831706544286,37.35525750223135,37.59196769058156,23792000
2016-07-27,37.81279373168945,37.93586438487268,37.513060316302855,37.663920872715174,32172000
2016-07-28,38.004844665527344,38.16017281469463,37.66987409395257,38.15372131646958,73464000
2016-07-29,39.27029037475586,39.895563310217796,39.2037914717074,39.586402474062695,101810000
2016-08-01,39.74668502807617,40.07172847201896,38.957644831751125,39.038534655865156,60594000
2016-08-02,39.705989837646484,39.81516553779431,39.42858678680272,39.56753630113983,39928000
2016-08-03,39.64643859863281,39.677208154709525,39.353652661568205,39.52485966609494,29206000
2016-08-04,39.56356430053711,39.70995726697156,39.39831281846075,39.612692607898964,21520000
2016-08-05,40.04393768310547,40.05832861288158,39.59135600365888,39.70549527226197,36146000
2016-08-08,39.9595832824707,40.0771944173981,39.7839086539415,39.997792514175806,24426000
2016-08-09,40.07123565673828,40.36154174300593,39.90151656327975,39.92285497117527,32154000
2016-08-10,40.12135314941406,40.23995622241922,40.022104571371635,40.04989447611076,18370000
2016-08-11,40.10696029663086,40.388830939512026,39.997784594363246,40.21960784377915,25646000
2016-08-12,40.04989242553711,40.056839901366175,39.88066933035673,39.95262776393017,17946000
2016-08-15,39.99580764770508,40.263783385546915,39.90003090262271,40.0578389633326,18596000
2016-08-16,39.759090423583984,39.911438914089175,39.551158340317876,39.873721881796804,21158000
2016-08-17,39.9690055847168,39.97942869228269,39.51642388031734,39.70003791868389,21322000
2016-08-18,39.836509704589844,40.09704197469958,39.780929890816125,39.966031872791405,17292000
2016-08-19,39.68266296386719,39.76107289264058,39.545205171783806,39.68961043944899,22416000
2016-08-22,39.548683166503906,39.665302336066844,39.41866502151459,39.62609736558362,17056000
2016-08-23,39.53081130981445,39.74965868840932,39.50103749556139,39.72385269680849,18350000
2016-08-24,39.3824348449707,39.62361258679487,39.24149763143552,39.544210699830195,25672000
2016-08-25,39.26830291748047,39.43802202162598,39.06633010355701,39.30304030299668,24054000
2016-08-26,39.36357879638672,39.67026349279013,39.17450900429268,39.32735348158125,24978000
2016-08-29,39.49260330200195,39.626589256355444,39.21966404264613,39.35514171663045,15474000
2016-08-30,39.29906463623047,39.60078574511991,39.177481918143755,39.346705010586184,23348000
2016-08-31,39.19633865356445,39.281692269609195,39.06483259875173,39.18393163618605,21428000
2016-09-01,39.273258209228516,39.347200552139654,39.02166115272705,39.302040067436934,26070000
2016-09-02,39.54471206665039,39.55612713063201,39.36556560482018,39.465313954956045,26998000
2016-09-06,40.0980339050293,40.240455284688544,39.473253192283245,39.62014215915034,39790000
2016-09-07,40.09653854370117,40.22605690173716,39.88463865003114,40.09355889075095,22906000
2016-09-08,39.84096908569336,40.117879954127496,39.75015592048381,39.95907996294997,23554000
2016-09-09,39.128353118896484,39.786879156307975,39.10701471418403,39.63899447070322,37752000
2016-09-12,39.64148712158203,39.70847821783294,38.88122866671199,38.93184870496646,37274000
2016-09-13,39.14026641845703,39.49111585104216,38.92241098615698,39.402782574057184,36180000
2016-09-14,39.22661209106445,39.517913893274326,39.081211071931776,39.081211071931776,25842000
2016-09-15,39.761077880859375,39.88116889209936,39.13728914761188,39.20428402273063,31144000
2016-09-16,39.599300384521484,39.65140835380926,39.383432624809814,39.65140835380926,42612000
2016-09-19,39.47126388549805,39.898039560421246,39.38045072268415,39.755118436304606,22990000
2016-09-20,39.689117431640625,39.836506149440616,39.61368715023783,39.70003651669637,20984000
2016-09-21,39.94965744018555,39.99333000280301,39.503031185381076,39.76257152694935,26970000
2016-09-22,40.49155807495117,40.645890488382086,40.082648925777185,40.196288436832035,35186000
2016-09-23,40.44242858886719,40.543661077902705,40.33176494828004,40.45135997646666,28234000
2016-09-26,39.83153533935547,40.200251269623934,39.72235965301929,40.187348275483494,29454000
2016-09-27,40.23250961303711,40.36947521453538,39.79084703903281,39.79084703903281,27346000
2016-09-28,40.19926071166992,40.208691862652444,39.837991973511556,39.9025031664426,29406000
2016-09-29,39.831050872802734,40.390324651932666,39.74271758545197,40.05882967497996,27000000
2016-09-30,39.901512145996094,40.101501013469054,39.77447366848317,39.87868580693293,33204000
2016-10-03,39.71889114379883,39.87570342554269,39.512946770206256,39.82657511978412,29784000
2016-10-04,39.8384895324707,40.02259953976899,39.683661148855165,39.9481612150694,25174000
2016-10-05,39.761077880859375,40.12185067855309,39.735271886577976,39.997788058157994,24276000
2016-10-06,39.852882385253906,40.04493183353091,39.725347921671634,39.90250667541786,21998000
2016-10-07,39.73527145385742,39.99481175531273,39.54223004891363,39.994315777435084,23262000
2016-10-10,40.403228759765625,40.56252475368347,39.811201491786825,39.895067194151096,29922000
2016-10-11,40.17495346069336,40.68559490941451,40.06577774119929,40.4032282441396,34432000
2016-10-12,40.28413009643555,40.41960400695674,40.12433812299786,40.293557463189714,18158000
2016-10-13,39.90251159667969,40.025582274562886,39.631559985816736,40.00126799740279,27380000
2016-10-14,39.928314208984375,40.20075751665259,39.815170671603966,40.06974741680068,22238000
2016-10-17,40.03947448730469,40.36948152483003,39.89010563074342,39.99729364904683,21128000
2016-10-18,40.7664794921875,41.12973215836576,40.361538183600246,40.40520695133663,45786000
2016-10-19,41.031978607177734,41.178871371478884,40.83546533231081,40.83546533231081,30002000
2016-10-20,40.7734260559082,41.11286041920532,40.719830160100656,41.06769993282552,27878000
2016-10-21,40.894012451171875,40.90542751358719,40.60866996560209,40.692535653018915,32316000
2016-10-24,41.473636627197266,41.58281233923913,41.14114971222664,41.19325767882507,28952000
2016-10-25,41.1168327331543,41.610599508196984,40.95554906512244,41.610599508196984,37814000
2016-10-26,40.7967529296875,41.07515176062275,40.51141040816944,41.04587013414104,35898000
2016-10-27,40.56103515625,41.019072643956065,40.4250614886426,40.84191387983384,59470000
2016-10-28,40.67070388793945,41.63541491643057,40.54366161795539,41.18581287194011,87098000
2016-10-31,40.19132995605469,40.82305819245661,40.09704492850911,40.81313106149951,44854000
2016-11-01,39.971981048583984,40.392805020344774,39.613688149406194,40.239460778291196,47118000
2016-11-02,39.12538146972656,40.03550466138214,38.95566238328915,40.03550466138214,47014000
2016-11-03,38.81621551513672,39.20378624508538,38.639548958523115,38.930846978309965,43504000
2016-11-04,38.762123107910156,39.12835542657127,38.26090909129383,38.275795999079094,39412000
2016-11-07,39.800777435302734,39.94816236931584,39.34769976194644,39.44943201577227,39852000
2016-11-08,40.2945442199707,40.49602103004838,39.68117861597495,39.80077743122523,35382000
2016-11-09,39.97743606567383,40.28114107599666,39.30501887654253,39.79084618306013,61970000
2016-11-10,38.721923828125,40.19926003135776,38.12344518339161,40.19628416441805,118192000
2016-11-11,38.29813003540039,38.57304942295509,37.98995741521665,38.549231127786086,71852000
2016-11-14,37.378578186035156,38.29962047581752,36.90069024300515,38.298628520048524,73766000
2016-11-15,38.467350006103516,38.71944684458934,37.974079200334565,37.98648243293769,58878000
2016-11-16,38.706539154052734,38.88121799203003,38.02915841973902,38.23212313669693,35968000
2016-11-17,39.01322555541992,39.14919921380259,38.70009314493386,38.831599216389655,30674000
2016-11-18,38.50754928588867,39.267803884664836,38.47678351229251,39.06335119699981,36126000
2016-11-21,38.94573974609375,39.032581309353134,38.523923804782555,38.61324904356612,32616000
2016-11-22,38.95566177368164,39.390872889319226,38.89313448725489,39.15366674041165,27884000
2016-11-23,38.65791320800781,39.179969683000955,38.34279309262319,39.179969683000955,26260000
2016-11-25,38.71895217895508,38.85145020792031,38.61771590062323,38.837059277296895,12270000
2016-11-28,38.994869232177734,39.68713701400045,38.61325020475658,38.62565722447838,51508000
2016-11-29,39.17599105834961,39.5233648182351,38.97252658035238,39.12338712352837,31240000
2016-11-30,38.503082275390625,39.27872355867141,38.36760837343348,39.15912852164099,45582000
2016-12-01,37.92991256713867,38.63806297685768,37.385525725757915,38.635583087431,57342000
2016-12-02,37.936363220214844,38.2361004442691,37.66541164332212,37.80932473476723,34376000
2016-12-05,38.61920166015625,38.70753493652383,38.060919906264076,38.21128448861968,33770000
2016-12-06,38.517967224121094,38.969556970569805,38.37604183061883,38.71696414783872,34682000
2016-12-07,39.27674102783203,39.303039215638044,38.38646445520646,38.70506022337349,40588000
2016-12-08,39.460350036621094,39.65041558282734,39.10007320456806,39.35018236538926,32250000
2016-12-09,40.16899490356445,40.193808941970715,39.60326965993606,39.66530096986102,38090000
2016-12-12,40.092079162597656,40.26328619434512,39.92484374023328,39.9392346718492,32572000
2016-12-13,40.461280822753906,40.90592305519874,40.29255749404697,40.31488785471283,42564000
2016-12-14,40.58782958984375,40.903941647693976,40.33424481733955,40.49006894588856,35994000
2016-12-15,40.47666931152344,40.84141369647383,40.29553517063618,40.561526957518716,35394000
2016-12-16,40.188350677490234,40.652839656835134,40.1029932600866,40.60867490748878,51978000
2016-12-19,40.32035827636719,40.50496430374825,39.9233563112095,40.16056629159273,25272000
2016-12-20,40.45433044433594,40.51834944084434,40.24590618756219,40.36351728860524,25438000
2016-12-21,40.30546188354492,40.48014073835432,39.953124520746776,40.48014073835432,29192000
2016-12-22,40.18041229248047,40.2493910828205,39.99927813103099,40.151630429361475,22632000
2016-12-23,40.08710861206055,40.24442066269139,39.95361864139527,40.09753171856805,15310000
2016-12-27,40.192813873291016,40.49403904001457,39.98786520842909,40.13078256232712,19520000
2016-12-28,39.926822662353516,40.36153778224822,39.82112258904492,40.36153778224822,24296000
2016-12-29,39.842960357666016,39.98538173439257,39.607738109925165,39.81566642926072,21148000
2016-12-30,39.32536315917969,39.863298395291615,39.1849219375729,39.85932678690574,34718000
2017-01-03,40.0975341796875,40.26774545030832,39.545703917091544,39.73080209555945,39180000
2017-01-04,40.085628509521484,40.36650724309658,39.9040021517086,40.19083262034752,30306000
2017-01-05,40.346160888671875,40.38189022959723,39.9938234725593,40.0722296314258,26810000
2017-01-06,40.95108413696289,41.13717805073643,40.27072369781279,40.4439146156118,40342000
2017-01-09,41.048851013183594,41.21013091518885,40.772935849595285,41.008654085637936,28178000
2017-01-10,40.990779876708984,41.159506988128165,40.84835852025762,41.04338381446413,23948000
2017-01-11,41.18184280395508,41.18382671550217,40.76549019150774,41.021058888553455,26508000
2017-01-12,41.16546630859375,41.207647143820246,40.74265842841387,41.108394779089735,26990000
2017-01-13,41.23543930053711,41.41954553755068,41.16497257868924,41.23841516790077,25804000
2017-01-17,41.062740325927734,41.19771823560679,40.851336394965074,41.18878684829836,28818000
2017-01-18,41.14015197753906,41.17935694145192,40.89500263776526,41.17886096363709,20554000
2017-01-19,40.909400939941406,41.33766839501273,40.88905827368643,41.139167436687345,21410000
2017-01-20,41.09797668457031,41.15107660663391,40.92081414245824,41.14362936622756,26124000
2017-01-23,41.90488052368164,41.959964358364125,41.12427947209764,41.26868854642984,49148000
2017-01-24,42.15796661376953,42.256719213077204,41.79818200283484,42.03142032387728,33768000
2017-01-25,42.60062026977539,42.61749108882122,42.16838503962544,42.357458610615055,33108000
2017-01-26,42.52766799926758,42.72716088235843,42.20709216284259,42.630392200820424,69866000
2017-01-27,41.93465805053711,43.024919776931355,41.779333662763165,42.627921621445374,75050000
2017-01-30,40.88260269165039,41.54757648162101,40.74364938443711,41.5391410720008,70338000
2017-01-31,40.70196533203125,40.844886464904974,40.36501084360784,40.66772392892892,40404000
2017-02-01,40.456329345703125,40.89104453854684,40.30794864980142,40.89104453854684,45020000
2017-02-02,40.6061897277832,40.91882995126663,40.29802087738559,40.444413859380475,33784000
2017-02-03,40.69898986816406,40.996739391700366,40.660280877807196,40.84786652297752,30562000
2017-02-06,40.77293014526367,40.811139369718404,40.40917772268014,40.73819276571827,27018000
2017-02-07,41.150577545166016,41.284071319426445,40.855807662616314,40.965479353787416,33332000
2017-02-08,41.182830810546875,41.39969428117468,40.946120654169825,41.215088300547556,26044000
2017-02-09,41.19176483154297,41.287045588029244,41.01510205722818,41.27463856907488,23884000
2017-02-10,41.42947006225586,41.54360554813792,41.21409830101388,41.33518126306503,28302000
2017-02-13,41.633426666259766,41.77138422105831,41.49894095617691,41.570895600475346,25914000
2017-02-14,41.686527252197266,41.784287897768046,41.47810296426607,41.67362425540763,27266000
2017-02-15,41.55204391479492,41.77287521421095,41.49745606225699,41.62598247577518,27144000
2017-02-16,41.792724609375,41.81852681532986,41.54906319064616,41.61059851762846,20102000
2017-02-17,42.01008605957031,42.029440556270586,41.67412349712995,41.75004976411493,29224000
2017-02-21,42.14506149291992,42.29046250632525,42.01007980012941,42.081542255291,25206000
2017-02-22,42.24878692626953,42.369373930060185,42.018028455499156,42.08204747110657,24488000
2017-02-23,42.23091125488281,42.31130509746699,41.8090991424148,42.234882863664524,27734000
2017-02-24,42.072608947753906,42.09990287422303,41.83192717418725,42.064669515959515,26924000
2017-02-27,42.164913177490234,42.21453746500001,41.834410197870355,41.93068290579729,20206000
2017-02-28,41.9296875,42.12322865919275,41.756496577131536,42.04978228999186,27662000
2017-03-01,42.516258239746094,42.57828954515215,42.13265534469995,42.249770479595306,36374000
2017-03-02,42.173851013183594,42.503362087487744,42.1177752189755,42.49442691266288,25018000
2017-03-03,42.13563537597656,42.22198474867026,41.91877566759099,42.1286878993732,20100000
2017-03-06,42.045814514160156,42.128688256208726,41.74310140841063,42.02546806207148,20958000
2017-03-07,42.23835754394531,42.346541296992676,41.95897055967206,42.04531614208958,20774000
2017-03-08,42.36192321777344,42.525190799363294,42.243320146074254,42.33611722477396,20576000
2017-03-09,42.57035446166992,42.71277963822278,42.313793781571896,42.36441382013088,26954000
2017-03-10,42.74750900268555,42.887450477189084,42.55893519659828,42.81152421968965,26732000
2017-03-13,42.90482711791992,43.03136963625567,42.718237196873325,42.71873317478979,23332000
2017-03-14,42.970829010009766,43.053702753161105,42.68399476535968,42.86363720517168,21234000
2017-03-15,43.09389877319336,43.167841132912265,42.74205732472036,43.07156840772372,26658000
2017-03-16,43.173789978027344,43.308275700168785,43.05071931886995,43.200091949022436,22090000
2017-03-17,43.291404724121094,43.39313698551303,43.09290376645389,43.3564119041769,37366000
2017-03-20,43.0700798034668,43.19066680399866,42.90929587406062,43.14798998547448,30844000
2017-03-21,42.188236236572266,43.34598864129953,42.066653511858306,43.17676553963307,50760000
2017-03-22,42.171363830566406,42.446782974730674,42.032410527796834,42.1554811814528,27334000
2017-03-23,41.66767120361328,41.76890748635961,41.337667954548785,41.75402057720973,65754000
2017-03-24,41.44386672973633,41.883545486797864,41.1441332572461,41.784293109148955,42114000
2017-03-27,41.61110305786133,41.75352823516695,40.90593222079652,41.094010085325046,38692000
2017-03-28,41.716304779052734,41.95301494948104,41.301436329331494,41.669656356765074,30384000
2017-03-29,42.174835205078125,42.26018882548904,41.753519073099476,41.821505897164364,29146000
2017-03-30,42.15548324584961,42.28053781698494,42.02100130922451,42.27954586125871,18988000
2017-03-31,42.072113037109375,42.159454359168194,41.94507455601519,42.023976682319145,28820000
2017-04-03,42.516258239746094,42.62791383225891,42.05871299883934,42.11925637071118,39388000
2017-04-04,42.30883026123047,42.330168669016004,42.05772536066973,42.08204342192,26970000
2017-04-05,42.127197265625,42.70681744000787,42.05821848190618,42.41502344136857,37104000
2017-04-06,41.93812561035156,42.35944174794427,41.88353775923895,42.15647322871163,30672000
2017-04-07,41.789249420166016,41.9768312701363,41.55105132734069,41.93316250320609,22232000
2017-04-10,41.76939392089844,42.019506810180076,41.72423722586715,41.761454490238535,20924000
2017-04-11,41.6790885925293,41.91480683476378,41.41706837582039,41.7694057943556,19486000
2017-04-12,41.75749206542969,41.8696436369159,41.56544262705152,41.60861541652074,22716000
2017-04-13,41.6939697265625,41.87014030447037,41.57834630822357,41.73664653888498,21474000
2017-04-17,42.43585968017578,42.46116969180656,41.73614481562712,41.75351539653393,20982000
2017-04-18,42.37929153442383,42.54801486343201,42.24331788668126,42.30733310180716,18724000
2017-04-19,42.50435256958008,42.6874668557753,42.356467859174096,42.54802134197697,21606000
2017-04-20,42.68151092529297,42.872564625316954,42.553476702041586,42.66463631982733,23776000
2017-04-21,42.62543487548828,42.79862960082511,42.56489528300526,42.708308617818545,23458000
2017-04-24,43.616947174072266,43.668063190280265,42.98075513885307,43.096382361650804,33930000
2017-04-25,44.10872268676758,44.27794198631676,43.63430665969497,43.78218755512156,40760000
2017-04-26,44.123619079589844,44.31467658823856,43.9256140940101,44.23527468840342,26466000
2017-04-27,44.23774719238281,44.33401989750991,44.02634705224293,44.16628852333417,46846000
2017-04-28,45.87935256958008,46.4440820900862,45.81483758202033,46.10167182248549,76918000
2017-05-01,46.291229248046875,46.440105884368236,45.6947383193261,45.860981751100546,46556000
2017-05-02,46.50312805175781,46.7959177533759,46.20091098592226,46.31356230918587,35026000
2017-05-03,47.06687545776367,47.15371701656006,46.40984109093424,46.45152594781824,36496000
2017-05-04,47.37802505493164,47.59736842959079,47.0132806556512,47.158185702399734,38752000
2017-05-05,47.15769577026367,47.562637145695795,47.04951200268294,47.47727972146021,32310000
2017-05-08,47.575042724609375,47.68917822396756,47.01477319198405,47.01725686768162,37534000
2017-05-09,47.476776123046875,47.74921941001433,47.36214466069312,47.70604661993539,33758000
2017-05-10,47.38398361206055,47.47678069939129,47.135858360518014,47.4524664237961,22920000
2017-05-11,47.43608474731445,47.54030067802731,47.074815979290726,47.20780998489091,20622000
2017-05-12,47.39886474609375,47.53979817562925,47.24602027611878,47.53335046365582,24298000
2017-05-15,47.601341247558594,47.77403621766561,47.28374121549761,47.40631591256237,26754000
2017-05-16,47.86881637573242,47.93283159665836,47.65741621748658,47.8162162181547,22030000
2017-05-17,46.75522994995117,47.68917138623922,46.650518046111664,47.62515616874931,48982000
2017-05-18,47.16860580444336,47.35122408833866,46.71056458900086,46.806341317609295,36010000
2017-05-19,47.374549865722656,47.61821130278275,47.243043792492934,47.28373669498251,27206000
2017-05-22,47.842018127441406,47.8792391845147,47.46933429537857,47.49116868009444,27748000
2017-05-23,48.16358947753906,48.360102725018464,47.863356277557,48.13431163878371,30908000
2017-05-24,48.513938903808594,48.53924513139674,48.217181359735214,48.39731975028225,22660000
2017-05-25,49.221099853515625,49.415632984536856,48.52436449538357,48.58292396167472,39082000
2017-05-26,49.291072845458984,49.445901237505566,48.997787117442726,49.22804579399912,32728000
2017-05-30,49.43498229980469,49.50694073938105,49.19628821251165,49.252859979540474,30324000
2017-05-31,48.98439025878906,49.60519935961232,48.71591855745543,49.43697198540054,34482000
2017-06-01,49.043941497802734,49.28462329148241,48.6965638786128,49.17643953227833,26128000
2017-06-02,49.432498931884766,49.45036549257431,48.983392886325596,49.058823165752976,34710000
2017-06-05,49.81759262084961,49.992271484562316,49.39925232202065,49.520339072768635,27578000
2017-06-06,49.460289001464844,50.0523161762549,49.36699594712542,49.789304046112,31042000
2017-06-07,49.699485778808594,49.81908081046018,49.42009500491669,49.57988696106635,27482000
2017-06-08,49.83744430541992,49.902947461120334,49.4573170101493,49.83496062990177,33758000
2017-06-09,48.14225387573242,49.897989138965876,47.31103277630268,49.89749316106592,72958000
2017-06-12,47.72986602783203,48.037046702383286,46.48874388291965,47.57652557253585,84042000
2017-06-13,48.161109924316406,48.52883019214543,47.739789971222606,48.23753216399073,40108000
2017-06-14,48.0335693359375,48.6176570835201,47.615725034402175,48.40923280364804,30110000
2017-06-15,47.64897537231445,47.67378940965939,46.66590560748003,47.04553690509626,48552000
2017-06-16,47.57156753540039,47.63757046045884,47.079288620418744,47.5363341722045,51184000
2017-06-19,48.39533615112305,48.5978049035857,48.04696662178621,48.118921268467076,29376000
2017-06-20,48.08617401123047,48.6717497013078,48.04696904390916,48.39980239152941,25946000
2017-06-21,48.56257247924805,48.61021285475798,48.1089988492639,48.175497741058905,23232000
2017-06-22,48.464813232421875,48.65735865136736,48.30055369567204,48.477216464930635,20190000
2017-06-23,48.93476486206055,48.96106683451977,48.35762454598657,48.40923653512779,31280000
2017-06-26,48.24001693725586,49.32680679482114,48.15267560331807,49.12880180620966,30358000
2017-06-27,47.04901123046875,47.99833940653162,46.999386939253284,47.719448391080846,48872000
2017-06-28,47.69016647338867,47.800830118697014,46.45698372447624,47.17654919401256,54912000
2017-06-29,46.53936004638672,47.226172023960025,46.13144286001968,47.21078913788872,64134000
2017-06-30,46.13541793823242,46.89567255825816,46.13194230680851,46.84555228724542,45754000
2017-07-03,45.62824630737305,46.36170672945465,45.42230190340284,46.31108669671117,33896000
2017-07-05,46.26344680786133,46.463435693270874,45.587057909915366,45.86346903704223,41882000
2017-07-06,46.03665542602539,46.45598765133131,45.647596779338656,45.903165451668826,40298000
2017-07-07,46.687744140625,46.87880164410643,46.14087360344202,46.20042502670777,33266000
2017-07-10,47.193416595458984,47.29912045428234,46.74431054819273,46.74431054819273,29030000
2017-07-11,47.318965911865234,47.38645675818733,46.90162138808365,47.16959707594584,29224000
2017-07-12,48.02016830444336,48.117928942045616,47.493152107047464,47.68271786221216,32042000
2017-07-13,48.079227447509766,48.56803445929512,47.878246614600265,48.175996136913994,30492000
2017-07-14,48.47920608520508,48.510467835780986,48.14373952231558,48.33479701526849,21592000
2017-07-17,48.43206787109375,48.79879623140557,48.17600316880628,48.44993443519847,33210000
2017-07-18,48.97744369506836,49.170981090140856,48.237535520956925,48.303038679768875,28266000
2017-07-19,49.266258239746094,49.406695699521066,48.98041596928831,49.129292625079735,28242000
2017-07-20,49.23747634887695,49.559540148205805,48.86181286451785,49.47617043256222,28368000
2017-07-21,49.31935119628906,49.382374452032636,48.83947563484904,49.079165426667736,29266000
2017-07-24,49.54117965698242,49.93222601384906,49.142193868345935,49.332259397329445,79690000
2017-07-25,48.08816146850586,48.470272682282825,47.828621158219754,48.17103520998085,118672000
2017-07-26,47.9035530090332,48.332312625528374,47.65145995228316,48.27425292612219,44432000
2017-07-27,47.26835250854492,48.11247654391243,46.501646453008206,48.095601938273454,74358000
2017-07-28,47.55717086791992,47.728873861858474,46.9110517937302,47.04404958365928,36276000
2017-07-31,46.92047882080078,47.69909585251819,46.733389171187284,47.640040416827176,45670000
2017-08-01,46.973079681396484,47.36660590772958,46.89368158160399,47.03511098495856,28052000
2017-08-02,47.026676177978516,47.09913058907893,46.27634500557477,47.06290149048355,40788000
2017-08-03,46.66242980957031,47.143793358053344,46.61975299724924,47.09913263430074,22478000
2017-08-04,46.934879302978516,47.021720872676646,46.63762572491079,46.84356635978719,25092000
2017-08-07,46.93288803100586,47.09218779849019,46.82123242927371,47.020725335952655,28916000
2017-08-08,46.855472564697266,47.267361364108034,46.77061491545383,46.86043612951046,30102000
2017-08-09,46.651519775390625,46.83413808605424,46.34582700636274,46.57062994234074,28018000
2017-08-10,45.83320617675781,46.463938701831246,45.74338494629752,46.39942749184081,54148000
2017-08-11,46.155757904052734,46.31802973618093,45.715583254611374,45.839149885156594,32334000
2017-08-14,46.59444808959961,46.699156220448366,46.37411274165074,46.601395566462045,23012000
2017-08-15,46.55226516723633,46.799894433640944,46.480806490160866,46.6986581527084,22130000
2017-08-16,46.85945129394531,47.13883832210315,46.64953525327502,46.709582659757785,26906000
2017-08-17,46.03517532348633,46.836618855977704,46.034183367639976,46.793942038038246,33914000
2017-08-18,45.961727142333984,46.201912960923664,45.82625323888696,46.00142809117825,26748000
2017-08-21,45.69821548461914,46.06444781218914,45.585567931692054,45.941380937995106,26024000
2017-08-22,46.66740036010742,46.74481456452141,45.96123379530671,46.00043876849138,35502000
2017-08-23,46.77557373046875,46.91700313151311,46.41132534641642,46.4986628761525,22690000
2017-08-24,46.49320983886719,46.96067464247233,46.18801308649525,46.83165225161101,25892000
2017-08-25,46.176109313964844,46.68377107831637,46.15625884016076,46.608340792297135,23746000
2017-08-28,46.05849838256836,46.39197725724702,45.958254057354154,46.24459231590403,20988000
2017-08-29,46.43663787841797,46.55772463302447,45.62080346980942,45.652564985174116,23172000
2017-08-30,46.82767868041992,46.938342313979845,46.35227067894128,46.43266452050314,22406000
2017-08-31,47.403831481933594,47.50109615115193,46.95770127435581,46.96018116374227,33866000
2017-09-01,47.24254608154297,47.55717020443395,47.157688434535075,47.51449339200041,20858000
2017-09-05,46.72098922729492,47.2127720964175,46.42919144524409,46.987969186022546,29148000
2017-09-06,46.7477912902832,46.870858173291566,46.28429047651146,46.839596421161126,27830000
2017-09-07,47.138336181640625,47.168609762943674,46.52497055645284,46.85845321212498,22332000
2017-09-08,46.71752166748047,47.17853884473027,46.64804689453454,47.12891454778192,19998000
2017-09-11,46.81081008911133,47.27678696180678,46.69716679707367,47.004843440445214,26748000
2017-09-12,46.9775505065918,47.049009179940434,46.52348087888303,46.990949481105986,25696000
2017-09-13,47.165626525878906,47.28522533617417,46.88276392446798,46.920480957237665,21908000
2017-09-14,46.65399932861328,47.0460376849171,46.56616201931172,46.945297377766416,28548000
2017-09-15,46.41380310058594,46.734382705024224,46.213318273146015,46.65200495729628,39886000
2017-09-18,46.13888931274414,46.4917226900335,45.92302155757706,46.39991755941593,29474000
2017-09-19,46.491722106933594,46.54531800815113,45.985548271000006,46.32051886751881,24854000
2017-09-20,47.02172088623047,47.14379960507572,46.523486452377355,46.534901516802314,40080000
2017-09-21,47.022212982177734,47.28274524202069,46.616779458784144,47.05099862982551,27414000
2017-09-22,46.80931854248047,47.14379313555057,46.6892275379007,46.78500426928739,21496000
2017-09-25,46.36368942260742,46.63513697475437,45.8788502316786,46.62025006648833,37468000
2017-09-26,46.52000427246094,46.850011277574154,46.40537281078783,46.4832829808281,33454000
2017-09-27,47.63508605957031,47.909513292070834,46.74431729035093,46.78352226244843,46692000
2017-09-28,47.87874221801758,47.946725260130066,47.419213048362934,47.45395042925969,28018000
2017-09-29,48.320899963378906,48.42461612640098,47.9377930383633,47.9377930383633,40622000
2017-10-02,48.0107421875,48.5203916019427,47.73681097508973,48.416675441604816,30782000
2017-10-03,48.23951721191406,48.25738377408989,47.77453226445452,48.01521026635215,21666000
2017-10-04,47.97650146484375,48.35464482078487,47.91843798169234,48.22363473292049,21156000
2017-10-05,48.890098571777344,48.95560551159922,48.149694477185655,48.27474905020129,35618000
2017-10-06,49.30942916870117,49.34019872609693,48.558601991850274,48.63254433908038,31060000
2017-10-09,49.24342727661133,49.647868798117685,49.203230356155686,49.37691724754709,25910000
2017-10-10,49.019622802734375,49.49949845019626,48.6876318609449,49.391810670282275,23268000
2017-10-11,49.90542984008789,50.00071059689556,49.02656840811587,49.08115626282671,36300000
2017-10-12,49.90542984008789,50.19771982285468,49.67963496706493,49.81560862596943,30614000
2017-10-13,50.01559829711914,50.35751257519346,49.975401372258496,50.07713362911123,26552000
2017-10-16,50.089046478271484,50.22055256700061,49.70048373340533,50.102941432657275,21420000
2017-10-17,50.170921325683594,50.34758788475635,49.92527976825698,49.99425855270142,20260000
2017-10-18,50.25727081298828,50.434429564257954,49.88905078577245,50.17340512014817,25596000
2017-10-19,49.71635818481445,49.98830551315165,49.49106306703262,49.86076725923442,34284000
2017-10-20,49.87664794921875,50.05430267976816,49.737694637071314,49.97490457320311,32120000
2017-10-23,48.907466888427734,49.912374798986946,48.78638014398963,49.8821012198322,32786000
2017-10-24,49.05386734008789,49.09208035672033,48.487646070254186,48.95511472809701,28902000
2017-10-25,49.20125198364258,49.3486369224814,48.51940355088725,48.94369559147272,30574000
2017-10-26,49.19926452636719,49.948107837748644,49.15212012471834,49.54912202546478,47396000
2017-10-27,51.295921325683594,52.78219286366731,50.95747889494824,51.162927318854706,103682000
2017-10-30,51.26912307739258,51.601609961020664,50.73317169757723,51.07211007918639,46804000
2017-10-31,51.26466369628906,51.65967792551335,50.93018906168293,51.26267978462052,30326000
2017-11-01,51.739070892333984,52.00009910313571,51.312295219643225,51.42742644008691,43262000
2017-11-02,51.7574348449707,51.883981140435175,51.04730052943399,51.60955392842729,26694000
2017-11-03,52.105804443359375,52.13905389188489,51.493430775303956,51.74651958031252,27770000
2017-11-06,51.7430419921875,52.23482865285594,51.709296567056526,52.06163772643483,18294000
2017-11-07,52.22489929199219,52.27551932057107,51.75892243055798,52.08892564155223,26104000
2017-11-08,52.51769256591797,52.73604019981871,51.959906760843886,52.108779631309304,24276000
2017-11-09,51.99315643310547,52.14996873634093,51.404105088900465,52.00705138585244,35892000
2017-11-10,51.81599044799805,51.93906110303014,51.6705894316979,51.80209549617476,19442000
2017-11-13,51.66959762573242,52.043769370356685,51.573324918379186,51.64974715362872,18814000
2017-11-14,51.69143295288086,51.72418642175443,51.080547251487864,51.49690362323988,21012000
2017-11-15,51.43189239501953,51.59168434353382,51.15150967877325,51.36192165694365,18106000
2017-11-16,52.030372619628906,52.19364020404737,51.5107998360815,51.54801710655975,23768000
2017-11-17,51.406089782714844,52.15592505067583,51.29890176821728,52.09637741576298,26712000
2017-11-20,51.34505081176758,51.545535660609886,51.2467904057093,51.41154591875335,17526000
2017-11-21,52.12118911743164,52.125656704610606,51.56737489523608,51.61203562266244,22206000
2017-11-22,52.20158004760742,52.37576293256396,51.96982965480921,52.16386301287419,14538000
2017-11-24,52.42985534667969,52.60602593101643,52.20158058272845,52.32415526773204,16492000
2017-11-27,53.198543548583984,53.249659556822905,52.343008243811624,52.531585840905464,35430000
2017-11-28,52.765811920166016,53.59504518806566,52.33159280405901,53.29679971641899,36424000
2017-11-29,51.48003387451172,52.541513664144034,51.0964309354443,52.412983451889076,55866000
2017-11-30,51.41998291015625,51.81549686363573,51.117273609217705,51.607072576658794,45092000
2017-12-01,50.8691520690918,51.473086567299426,50.463714742743875,51.13414814090085,37762000
2017-12-04,50.21409225463867,51.18029496499004,50.08258618899026,51.00462036816599,38778000
2017-12-05,50.59769821166992,51.445294117772754,49.74017896190089,50.170426520421735,38998000
2017-12-06,51.248775482177734,51.58920178969037,50.384801038586986,50.444848430425395,28710000
2017-12-07,51.83683395385742,52.05270168945246,51.37978846771622,51.41502182585161,30866000
2017-12-08,52.07553482055664,52.42489255494484,51.90085216727183,52.196121809743886,31170000
2017-12-11,52.204063415527344,52.40405230745998,51.814508739827055,52.16138659924124,23254000
2017-12-12,52.045257568359375,52.72660997707188,51.85172019697783,52.10629691851809,33882000
2017-12-13,52.1752815246582,52.378246283905405,51.93658363979962,52.20952293046763,27680000
2017-12-14,52.47699737548828,52.95389333302223,52.2849479356192,52.37874075521263,30962000
2017-12-15,53.19804763793945,53.35933130860984,52.60701618899297,52.7901304576841,63760000
2017-12-18,53.84764099121094,53.917115750781115,53.11716027393845,53.41887760717587,30292000
2017-12-19,53.58412551879883,53.84168187594953,53.21144173124198,53.74491319686013,26350000
2017-12-20,53.27546691894531,53.65609018183929,53.02932559511545,53.64070729562258,28728000
2017-12-21,53.1409797668457,53.471978731006146,53.04917464379209,53.36627865572526,25640000
2017-12-22,53.04222869873047,53.18415409225254,52.98168532339537,53.098800464990056,17788000
2017-12-26,52.89285659790039,53.04222923320552,52.535059671069966,53.03131014770581,18376000
2017-12-27,52.61246871948242,53.01294620728233,52.5221515353247,52.93007247665864,22324000
2017-12-28,52.40156936645508,52.84273600720423,52.27403111683675,52.714205801835746,19884000
2017-12-29,52.2750244140625,52.505782858979245,52.24028703146211,52.378744370066606,23606000
2018-01-02,53.25809860229492,53.39556020053394,52.25617025270984,52.25617025270984,31766000
2018-01-03,54.16673278808594,54.39401559956042,53.2690166056818,53.293826858111245,31318000
2018-01-04,54.377140045166016,54.79002080218762,54.30270550308476,54.44314296338079,26052000
2018-01-05,55.09819030761719,55.2614578852317,54.67687416456261,54.758755942293035,30250000
2018-01-08,55.292720794677734,55.53836613302585,55.08380053427195,55.13342482258022,24644000
2018-01-09,55.222259521484375,55.502642267895226,54.994480721798055,55.502642267895226,26808000
2018-01-10,55.09075164794922,55.2217617465006,54.78506268002627,54.93492751056001,20734000
2018-01-11,55.1855354309082,55.324484959266414,54.90912430783334,55.19843842798299,22424000
2018-01-12,56.108558654785156,56.14081235967413,54.985047659986655,55.088763822884715,38586000
2018-01-16,56.11104202270508,57.01322579553875,55.9105571605299,56.587938010459986,36462000
2018-01-17,56.52789306640625,56.538808365710146,55.7532437778964,56.39191940730114,27830000
2018-01-18,56.372562408447266,56.60182911673487,55.80137765608824,56.540293788359044,27498000
2018-01-19,56.746246337890625,56.76014129190576,56.20037152182837,56.47479875667284,30552000
2018-01-22,57.7714958190918,57.90647752409935,56.662871675936096,56.762124043174204,29550000
2018-01-23,58.36748504638672,58.483608222147026,57.92483051222768,58.09206590711238,39138000
2018-01-24,58.12531661987305,58.90740931133954,57.932275229255815,58.80468510693005,37128000
2018-01-25,58.663753509521484,58.80568269348987,58.15261611382517,58.59279081058267,29984000
2018-01-26,58.93272399902344,58.93272399902344,57.96354908408981,58.93123606528734,42170000
2018-01-29,58.87912368774414,59.45080440839492,58.759028900108504,58.95455396687607,31494000
2018-01-30,58.427032470703125,58.951072766281655,58.28510331311308,58.444403051838535,37338000
2018-01-31,58.667728424072266,58.87119295247367,58.165522388162245,58.74663055976049,36022000
2018-02-01,58.636451721191406,58.92725752667357,58.02953766913244,58.35855269734796,73514000
2018-02-02,55.54035568237305,56.140818339864445,55.14186582970479,55.94827290136698,117842000
2018-02-05,52.72115707397461,55.33143581319407,52.44077811074088,54.6178258240209,83550000
2018-02-06,53.81489181518555,53.96128479980708,51.1142960056207,51.31130902345979,76630000
2018-02-07,52.37477111816406,53.91910234091689,52.335566149712285,53.84168814584848,51942000
2018-02-08,50.007659912109375,52.79757719506311,49.85828727297066,52.596100374751174,66792000
2018-02-09,51.92119598388672,52.19165157410531,49.47616901467817,50.9093405758253,98360000
2018-02-12,52.33259201049805,52.878962767049636,51.8824939696113,52.43730013636036,56240000
2018-02-13,52.31174850463867,52.66309393318882,51.953455599699886,52.106300080249994,31586000
2018-02-14,53.232784271240234,53.370245858338976,52.0963740689642,52.320677213428844,41304000
2018-02-15,54.158790588378906,54.294764243227036,52.96133723775234,53.76625629569793,37396000
2018-02-16,54.36424255371094,54.99993855138818,54.168221490455714,54.259034663539495,39948000
2018-02-20,54.76570510864258,55.39594152717007,54.09130015779495,54.2282657694196,33754000
2018-02-21,55.26988983154297,56.38397337340694,54.96022930076371,55.03913520647194,41486000
2018-02-22,55.078834533691406,55.85100008677696,54.84311633508414,55.53885965461492,28010000
2018-02-23,55.98151779174805,56.0266782802514,55.00638744491953,55.51355320929471,25292000
2018-02-26,56.756168365478516,56.78097861765138,56.04355037921634,56.168604954108694,30912000
2018-02-27,55.456485748291016,56.78346128607395,55.4207564112541,56.75616735890439,42964000
2018-02-28,54.782081604003906,55.959684526717496,54.736428922811236,55.67930179671217,49292000
2018-03-01,53.16876983642578,55.14682419570041,52.964313375252146,55.060974592776226,55338000
2018-03-02,53.80049514770508,53.936964773941106,52.11175498548934,52.50230156213313,50162000
2018-03-05,54.327518463134766,54.64611043461338,53.21145082107033,53.50225667192004,28648000
2018-03-06,54.6322135925293,54.86694364392529,54.31461358782907,54.6917650131946,23382000
2018-03-07,55.33390808105469,55.39147558559538,54.08683048055281,54.23123954061141,30748000
2018-03-08,56.0455322265625,56.1477566640328,55.44109805825202,55.44109805825202,33862000
2018-03-09,57.60673904418945,57.61467847617771,56.28919465974288,56.547739214637446,42662000
2018-03-12,57.859336853027344,58.46625101462743,57.525358200223764,57.815664294190796,44306000
2018-03-13,56.568084716796875,58.458305561520525,56.30308866796422,58.15211684765045,43140000
2018-03-14,57.01372146606445,57.553144739239166,56.68917398475328,56.86038100642698,41870000
2018-03-15,57.09907150268555,57.68911477146329,56.35717950356119,57.04746330353441,33382000
2018-03-16,56.295650482177734,57.406754575910874,56.14379794872815,57.33430394062387,58656000
2018-03-19,54.59103012084961,55.54878994224514,54.03770809253903,55.46889585385812,63656000
2018-03-20,54.379127502441406,54.86297095428456,53.715141858503905,54.508149898872496,54598000
2018-03-21,54.2898063659668,55.01929521895213,53.95285184678439,54.21884366396185,44898000
2018-03-22,52.26261520385742,53.78957571607382,52.08842854679746,53.59554237358972,69312000
2018-03-23,50.942588806152344,52.939005648036364,50.85921909488901,52.17428353085247,49880000
2018-03-26,52.30926513671875,52.56632555070059,50.15008032860988,52.13607420386283,65984000
2018-03-27,49.96944808959961,52.827852036652054,49.506943016228995,52.79609052042724,60816000
2018-03-28,49.882102966308594,50.8651765277223,48.83104636258187,49.719831124387454,77698000
2018-03-29,51.46812057495117,52.00953154308469,49.825532702903686,50.181345719506616,69338000
2018-04-02,50.25181198120117,51.58672696755063,49.33970488229298,50.99569171418106,65068000
2018-04-03,50.552040100097656,50.86567226945512,49.48857648250298,50.42648955121837,51322000
2018-04-04,51.09940719604492,51.24977178426137,49.45185579622921,49.53720942273687,50724000
2018-04-05,51.244808197021484,51.943031453160124,50.816048581015046,51.927152589186726,35836000
2018-04-06,50.11882019042969,51.411550611883996,49.93520614397591,50.77138701791852,40134000
2018-04-09,50.62201690673828,51.837829076941425,50.57784837233873,50.61953323122258,33220000
2018-04-10,51.43635940551758,51.67009369839782,50.38976664103749,51.12669885509428,36620000
2018-04-11,50.868648529052734,51.40509591777414,50.57784648349582,51.213046472913256,34060000
2018-04-12,51.47556686401367,51.84080726653926,50.91778480903561,51.1867524922895,32896000
2018-04-13,51.41353225708008,52.254180681132055,51.121242272639556,51.951967353092115,25410000
2018-04-16,51.91276550292969,52.1772655978723,51.308331238358484,51.885471573778354,29776000
2018-04-17,53.563289642333984,53.84317639363368,52.45814113987707,52.66210162928209,54584000
2018-04-18,53.36627960205078,53.69429891878459,53.12460586736447,53.5459220284732,31126000
2018-04-19,54.06401443481445,54.463992245244505,53.050174954323765,53.050174954323765,39884000
2018-04-20,53.462059020996094,54.327021748971184,53.20301468966142,53.80695296082263,42434000
2018-04-23,53.287872314453125,53.99205491089215,52.93404698665616,53.74293392362876,69590000
2018-04-24,50.74856185913086,52.825369021078025,50.26323043790111,52.56285283583598,128220000
2018-04-25,50.765926361083984,51.415021280640595,50.4691650191451,51.101389119640196,57860000
2018-04-26,51.77431106567383,52.20654633751157,50.639880888595115,51.27359298316897,50926000
2018-04-27,51.18575668334961,52.190664713408836,50.99420698696241,51.88497573496711,40746000
2018-04-30,50.54708480834961,51.52916271055921,50.53318985478102,51.333145426878986,34492000
2018-05-01,51.64726638793945,51.69589872220166,50.15156749478104,50.43393413466236,35326000
2018-05-02,50.917781829833984,51.80755857112997,50.77436471513222,51.31230005016539,34698000
2018-05-03,50.9301872253418,51.14804267801984,50.016592148829915,50.88403856416642,39282000
2018-05-04,52.15591812133789,52.19959067204122,50.520773904358805,50.59818809111484,36892000
2018-05-07,52.57575607299805,52.85067927939502,52.11970249067856,52.29934493286772,34400000
2018-05-08,52.5325813293457,52.86209238246906,52.187687389366474,52.831818800559255,26030000
2018-05-09,54.039188385009766,54.289797272827684,52.70725318275452,52.80600956161968,47160000
2018-05-10,54.85900115966797,55.05452624445205,54.283848541119106,54.3394283533808,36414000
2018-05-11,54.75528335571289,55.03467412844142,54.449594397395124,54.60789841925767,30504000
2018-05-14,54.91508102416992,55.48824973417262,54.825755784553216,54.86396501263832,39338000
2018-05-15,53.836727142333984,54.54388561127285,53.534510015766045,54.43371794094132,35738000
2018-05-16,53.79801940917969,54.308664632772334,53.675944480399515,53.84764748865277,25628000
2018-05-17,53.6575813293457,54.14092883207688,53.41739551168557,53.667508459563784,25738000
2018-05-18,53.080928802490234,53.28389731580695,52.834791287908104,52.9002944356798,35482000
2018-05-21,53.794044494628906,54.25506157797582,53.495799009653055,53.54542329649362,25180000
2018-05-22,53.362308502197266,54.180626558439414,53.210951957145525,54.08137797870641,22226000
2018-05-23,53.89081954956055,53.992055832667575,52.94794284377033,53.09880341958403,23740000
2018-05-24,53.86550521850586,53.948378954377326,53.212938438795966,53.937463655345056,20604000
2018-05-25,53.79751968383789,54.0699629796909,53.72407709774085,53.9200943680781,22224000
2018-05-29,53.003021240234375,53.661547311615664,52.755391993922906,53.396547482289485,36076000
2018-05-30,53.46949768066406,53.54492796055853,52.927590769477206,53.27149272267977,28686000
2018-05-31,54.58755111694336,55.083801581642845,53.495801609040726,53.69429876604806,79368000
2018-06-01,56.32442855834961,56.48124464641408,55.18354693646333,55.22622753620622,63202000
2018-06-04,57.21966552734375,57.45885937837239,56.4236778223204,56.49811615122291,44754000
2018-06-05,57.11941909790039,57.61964116647464,56.94275632709376,57.30005726377672,32964000
2018-06-06,56.917449951171875,57.30254081706033,56.389937708237184,57.20626810058822,34934000
2018-06-07,56.295650482177734,56.863855644801475,55.88376165416387,56.799840420019244,36108000
2018-06-08,56.21078872680664,56.51201009610915,55.74034046530058,56.136350399231766,27284000
2018-06-11,56.617218017578125,56.956656208456494,56.14578155460053,56.22220379881585,24796000
2018-06-12,56.97897720336914,57.00676710578704,56.623164227983324,56.623164227983324,26092000
2018-06-13,56.78246307373047,57.34868804339596,56.7402822401383,57.18194483432741,34302000
2018-06-14,57.57051467895508,57.86230868631221,57.09857847787727,57.17847634912753,35422000
2018-06-15,57.52882385253906,57.75908250447119,57.251916782394005,57.5610775555466,44438000
2018-06-18,58.73521041870117,58.76250434434158,57.11842488006886,57.20229056835582,33038000
2018-06-19,58.4925537109375,58.69700640958237,57.6449577386717,58.06676992008915,47282000
2018-06-20,58.759525299072266,59.62399575518171,58.658292813107096,58.721316074434654,51686000
2018-06-21,58.033512115478516,59.070177749541266,57.737746517315756,58.83098770064752,44966000
2018-06-22,58.02607345581055,58.30943205905109,57.5476857463178,58.13524916841904,34220000
2018-06-25,56.536827087402344,57.366060483234236,55.575091871407416,57.316932168851984,57682000
2018-06-26,56.206321716308594,56.91347637029559,56.026679286981775,56.77800247453239,34688000
2018-06-27,55.428199768066406,56.88072585384283,55.41628872704481,56.3740522795533,34538000
2018-06-28,55.91651153564453,56.27480443799909,54.88877722932603,55.20240562030966,29726000
2018-06-29,56.03610610961914,56.64004435435744,55.92842212029621,56.19093828539304,31562000
2018-07-02,56.67726135253906,56.720933907593775,54.91507848869472,55.349297647265566,23216000
2018-07-03,55.395450592041016,57.06434052658334,55.30364546010263,57.04002625087778,16448000
2018-07-05,56.636566162109375,56.77799935679493,55.73487843376797,55.80832480232201,28594000
2018-07-06,57.320899963378906,57.37647977280669,56.435587049351156,56.66038996246997,21820000
2018-07-09,57.92631912231445,57.95857661209418,57.42758879881518,57.56505038114294,21584000
2018-07-10,57.91938400268555,58.235000133751576,57.692101164413614,58.06081722396266,21334000
2018-07-11,58.133758544921875,58.57938897670396,57.3352909750362,57.347694207729944,33252000
2018-07-12,59.612579345703125,59.648804658136044,58.215137184992756,58.302478503190386,44148000
2018-07-13,59.7693977355957,60.06813920593165,59.316320072410456,59.68900389007117,32612000
2018-07-16,59.37686538696289,59.982291565284704,59.22252918906716,59.73912610934193,26784000
2018-07-17,60.19914627075195,60.481016907690254,58.656799092001,58.69352416793623,40162000
2018-07-18,60.19071578979492,60.621459318789775,59.77634710269954,59.97335632772588,38948000
2018-07-19,59.50539779663086,60.36788062933353,59.43741096490853,59.88006555184665,38338000
2018-07-20,59.444854736328125,60.084522345305295,59.38083572737768,59.51234559052119,37938000
2018-07-23,60.09592819213867,60.29939269211473,59.15354756632844,59.334681704918964,65446000
2018-07-24,62.43574905395508,63.27192981684845,61.74050171699509,63.07342888765596,107600000
2018-07-25,63.318580627441406,63.4327161104275,61.98416168678937,62.16132421765145,51104000
2018-07-26,63.792999267578125,63.88728806818272,62.67643571297238,62.88386804542999,54686000
2018-07-27,62.17472457885742,64.08776798099251,61.757872223898254,63.97264053973768,48362000
2018-07-30,61.04079055786133,62.17472467751857,60.749492537052284,61.78566222653327,43896000
2018-07-31,60.900848388671875,61.59510380491476,60.35348571191414,61.12366360109108,39382000
2018-08-01,61.18718719482422,61.8278429337004,60.7877054234707,61.490892233737846,36994000
2018-08-02,61.59113311767578,61.75390472318255,60.446283694807484,60.46811807908729,34704000
2018-08-03,61.443748474121094,61.85861313566656,61.01002529538977,61.79211424069517,21264000
2018-08-06,61.419429779052734,61.65713568765559,61.065108495658905,61.61495485292469,22114000
2018-08-07,62.32112121582031,62.82928274626681,62.1206363514822,62.131055673270545,42506000
2018-08-08,62.593563079833984,63.10916426676246,62.136513785255126,62.364788550559744,34344000
2018-08-09,62.74888610839844,63.12107395854261,62.53252238899547,62.663036504089156,27326000
2018-08-10,62.1558723449707,62.58711567367954,61.89038029093258,62.48687134421892,26602000
2018-08-13,61.96382141113281,62.823824372478335,61.883927322299485,62.09086368915397,27500000
2018-08-14,62.43525314331055,62.55683207567791,61.512227039748964,62.155366416378016,28080000
2018-08-15,61.14897537231445,62.12956526957245,60.85221780377346,61.747454074193485,37052000
2018-08-16,60.74403381347656,61.718671972483435,60.52419446273991,61.63381053775664,32176000
2018-08-17,60.336612701416016,60.88745102381948,59.74855710834635,60.64379337671935,33092000
2018-08-20,60.63932418823242,60.835841215995266,59.98179384989175,60.57530896994104,22218000
2018-08-21,60.414024353027344,61.17577060671646,60.29591726151543,60.692423155818,23082000
2018-08-22,60.62940216064453,60.86660830823275,60.20609830233034,60.25572259168166,22296000
2018-08-23,60.60011672973633,61.29536407312525,60.51029552224222,60.53659749191266,24666000
2018-08-24,61.373783111572266,61.40603682006108,60.6130287200367,60.840311543641825,24454000
2018-08-27,62.34244918823242,62.42185107048877,61.56879574449103,61.74049871808475,28580000
2018-08-28,61.82585906982422,62.35684691047061,61.682441959984544,62.324093441166944,27330000
2018-08-29,62.75831985473633,62.883378225993226,62.170264203268864,62.27943992285241,36926000
2018-08-30,62.25164794921875,62.99850358999853,61.89285904912853,62.696286459497806,30104000
2018-08-31,61.12813186645508,62.15785005739838,60.827898672018804,62.14097923791253,42308000
2018-09-04,60.1113166809082,60.93311040296844,59.87559845454381,60.667614572557156,41458000
2018-09-05,59.50539779663086,60.28798275608987,58.32630312437928,60.0076000189941,53988000
2018-09-06,58.75556182861328,59.49993755136597,57.74420234710536,59.479095121995066,46854000
2018-09-07,58.43796157836914,58.98185243735843,58.02508081574689,58.16055471304496,32658000
2018-09-10,58.31240463256836,58.88805698068228,58.09157333038977,58.765978277724024,27670000
2018-09-11,59.053306579589844,59.10045097732192,57.86032085101732,58.11588952558452,29254000
2018-09-12,58.140708923339844,59.088049407654154,57.87074550815637,58.65680609849579,35716000
2018-09-13,58.663753509521484,58.94761187745826,58.02259797135822,58.542670541225995,40068000
2018-09-14,58.457305908203125,58.954552075546175,58.23597864242827,58.954552075546175,24176000
2018-09-17,57.55662155151367,58.64787513949441,57.4886347193315,58.446894296393765,34096000
2018-09-18,57.917884826660156,58.62355529006376,57.63601418079308,57.697053530585144,32314000
2018-09-19,58.27320861816406,58.372457204043535,57.49657537164375,58.00970048019866,25962000
2018-09-20,59.13172149658203,59.252312279981524,58.37146685816614,58.59081025226573,29244000
2018-09-21,58.166507720947266,59.38033591795316,58.163531853788456,59.29795816013988,91222000
2018-09-24,58.53572082519531,58.81510780926661,57.14324213348181,57.53577643530643,31150000
2018-09-25,59.246849060058594,59.39423400008724,58.26427143492876,58.768465137754866,33152000
2018-09-26,59.255279541015625,59.909338018891724,58.82552798991805,59.236920788581685,37650000
2018-09-27,59.9152946472168,60.386731062528824,59.45328559721843,59.55005428398629,36274000
2018-09-28,59.901397705078125,59.96938452970199,59.44236453745292,59.75301703771534,35612000
2018-10-01,59.973350524902344,60.75097560058265,59.70835449638578,60.19517755243099,33164000
2018-10-02,59.929195404052734,60.766868005530505,59.53318923116429,59.88105904493324,40180000
2018-10-03,60.12223815917969,60.25374424183991,59.65675342264651,60.14556047936127,26246000
2018-10-04,58.41215896606445,59.84284700124705,57.75611649048401,59.799674206536594,46576000
2018-10-05,57.95362091064453,58.65680778061668,57.283187512731836,58.35905823684474,31852000
2018-10-08,57.362586975097656,58.35210828288025,56.34428001970252,57.565055747605335,46190000
2018-10-09,56.82911682128906,57.641975370596384,56.779492529239974,57.133813836283075,33690000
2018-10-10,54.19849395751953,56.42467363442066,54.16623646486712,56.3939040754082,58980000
2018-10-11,54.128021240234375,55.38453003561712,53.3910890068607,53.547409112755275,67696000
2018-10-12,55.60685348510742,55.86936966423178,54.340917228377016,55.56218897171443,49370000
2018-10-15,54.708641052246094,55.6693805237119,54.499221011714134,55.48080669913585,30074000
2018-10-16,56.229148864746094,56.39241645434236,55.17064876899754,55.256498375798905,38378000
2018-10-17,55.95670700073242,56.91992629729388,55.28230204951744,56.5725524894266,35652000
2018-10-18,54.48383712768555,56.19292391752789,53.9096764680673,56.0763047507784,46152000
2018-10-19,54.844608306884766,55.62719702430532,54.44016674849358,54.77166169889283,41286000
2018-10-22,55.151790618896484,55.66391996800423,54.587553303028656,55.20836238663094,27116000
2018-10-23,55.327457427978516,55.48080166372436,53.545920134962536,54.155314110783664,37686000
2018-10-24,52.459632873535156,55.41232567743511,52.35740463248994,55.331931822749944,49286000
2018-10-25,54.76570510864258,55.4718677869976,53.374218394302666,53.6099366056621,72956000
2018-10-26,53.78114318847656,55.43117444083791,51.720711082397315,52.02342416355418,106438000
2018-10-29,51.3485221862793,55.025739808415615,49.982345526254335,54.415846071811124,81290000
2018-10-30,52.08198547363281,52.15096426421509,50.31831452362724,50.61804798397232,59768000
2018-10-31,54.12008285522461,54.98455335098819,53.009474823109436,53.009474823109436,70916000
2018-11-01,53.891807556152344,54.58258735240126,53.486866239489316,54.16077521616879,40132000
2018-11-02,53.17274475097656,54.48830528379817,52.98267920811792,54.04167908584754,43438000
2018-11-05,52.390647888183594,53.26504169765376,51.312297384741356,53.22434879721173,45358000
2018-11-06,53.077457427978516,53.58611487425037,52.28544141116368,52.35541214607463,28660000
2018-11-07,54.996463775634766,55.080329473469874,53.62433145586528,53.76824455416379,43388000
2018-11-08,54.32106399536133,54.99546896044465,53.811414549994645,54.949816279666464,33694000
2018-11-09,53.447166442871094,54.00941600878873,52.813950398854814,53.79454023531401,34860000
2018-11-12,52.07453918457031,53.30226618062105,51.62742080099039,53.2541298232068,34002000
2018-11-13,52.00556182861328,52.93355162007457,51.62990211094706,52.345000015364555,25750000
2018-11-14,52.33358383178711,52.88988171686323,51.66513436671668,52.602551504272974,34666000
2018-11-15,53.150909423828125,53.538976148928775,51.67406523636363,52.178754913456274,41584000
2018-11-16,53.01294708251953,53.21988342358048,52.349457462655934,52.86208652584949,35366000
2018-11-19,50.98575973510742,52.99954708641015,50.75996866838578,52.77077258053871,45684000
2018-11-20,51.136131286621094,51.47854533930505,49.734721132277805,49.986814202643885,54458000
2018-11-21,51.780269622802734,52.340039396577424,51.58325658958547,51.87356269205299,29698000
2018-11-23,51.1187629699707,51.7589265430641,51.04035303166369,51.28748631573186,14178000
2018-11-26,52.40107345581055,52.453673613271235,51.598634258168,51.808550268407,31558000
2018-11-27,52.21944046020508,52.93801392428901,51.882985746599815,52.17279582590606,33048000
2018-11-28,54.18013000488281,54.233229925381984,51.75644139831833,52.4765028229212,46042000
2018-11-29,54.31858825683594,54.594999396350445,53.6943035117648,53.77022977899704,31004000
2018-11-30,55.066436767578125,55.066436767578125,53.75286386096738,54.37069711724362,59668000
2018-12-03,55.3994140625,56.3244240810467,55.16964759831994,56.183490654404444,57532000
2018-12-04,52.72512435913086,55.29421400450673,52.641258665994336,55.23218269592703,45630000
2018-12-06,53.49977111816406,53.56627001523358,51.733120619701985,51.85817519555065,47436000
2018-12-07,51.936580657958984,53.844664335294944,51.57878373321062,53.20946433467188,42682000
2018-12-10,52.26411056518555,52.58270253817698,51.26267817663023,51.75594902324796,33652000
2018-12-11,52.68443298339844,53.11865215603475,52.11126428129302,52.94694915573629,33852000
2018-12-12,53.283905029296875,54.17715365005835,53.196563700200635,53.450148491054506,28960000
2018-12-13,53.27447509765625,54.01289912348752,52.85018303424843,53.38017896964493,24986000
2018-12-14,52.191158294677734,53.18415523719888,52.07503510632937,52.6035430815478,36358000
2018-12-17,50.89793014526367,52.72065637642869,50.45031201389184,51.95791813973228,49932000
2018-12-18,51.77927017211914,52.587165091175336,51.13761491426649,51.31229755726115,43640000
2018-12-19,51.38474655151367,53.382155317002606,50.58925867627678,51.9718101519405,58264000
2018-12-20,50.79520797729492,51.97926242167568,50.015102911737074,50.91529898932836,53674000
2018-12-21,49.19082260131836,51.494416189706484,48.69159631724299,51.21502923418787,104656000
2018-12-24,48.86429214477539,50.226497141724,48.516418596920985,48.846921562533424,36360000
2018-12-26,51.99960708618164,52.02938090270089,49.26030238369198,49.525302223421406,46318000
2018-12-27,52.25020980834961,52.27204419186641,49.97241829703395,50.92522202886211,45996000
2018-12-28,51.9415397644043,52.812457908084404,51.709293411653476,52.57773166617034,34398000
2018-12-31,51.85619354248047,52.75093389414254,51.26466227780044,52.49486542452971,33110000
2019-01-02,52.33854675292969,52.64175582636701,50.87956913081294,50.97484988928361,31868000
2019-01-03,50.88899612426758,52.91320299775853,50.73515968820897,52.13954944438551,41960000
2019-01-04,53.499271392822266,53.59504812257249,51.45422221619562,51.73708481873224,46022000
2019-01-07,53.392581939697266,53.72903666857893,52.73355986232169,53.643187063810046,47446000
2019-01-08,53.861541748046875,54.25754792027639,53.01692167125715,53.892803500177465,35414000
2019-01-09,53.67692947387695,54.17268393766972,53.315656941289234,53.991553586577936,26998000
2019-01-10,53.536991119384766,53.585623453477346,52.83479624922909,53.34394971663049,26598000
2019-01-11,52.82437515258789,53.26603778530063,52.42538933503741,53.09383880488812,30864000
2019-01-14,52.18124008178711,52.525638071535134,52.034351105837786,52.272053262628944,28490000
2019-01-15,53.918113708496094,54.00545503857425,52.32663798715181,52.50380053682224,37518000
2019-01-16,54.066986083984375,54.70466978962712,53.99255153834507,54.09130414535982,38280000
2019-01-17,54.54388427734375,54.62229042996936,53.75682795333171,53.99155800550626,24896000
2019-01-18,54.9498176574707,55.48080552292405,54.551823800800285,55.01383287939406,44892000
2019-01-22,53.527061462402344,54.53643696175892,53.14296258651769,54.38904824673365,39632000
2019-01-23,53.81389617919922,54.23769221739753,52.97821135737118,53.935475116784644,25194000
2019-01-24,53.79355239868164,53.99205334645868,53.09979293026308,53.71961004788179,29114000
2019-01-25,54.6624870300293,54.754292157150836,54.1806274814527,54.3012144700217,23260000
2019-01-28,53.588104248046875,54.25853761526493,53.32757198939038,54.094777834646884,29334000
2019-01-29,53.10177993774414,53.82978085263334,52.90129506676685,53.646662780575326,19704000
2019-01-30,54.48780822753906,54.563734490383474,53.42831239288675,53.46404173079753,29452000
2019-01-31,55.872337341308594,55.96067061326041,54.84807876997991,55.194956573886884,40232000
2019-02-01,55.51156997680664,56.29465467435647,55.29471027760024,55.69369229446657,33116000
2019-02-04,56.64302062988281,56.68867709695987,55.45648632466018,55.53092465281359,78408000
2019-02-05,57.161598205566406,57.20626271434756,55.75870025831117,56.057937701392255,82296000
2019-02-06,55.72346878051758,57.267303996040056,55.49866586767106,57.032577739846545,48256000
2019-02-07,54.88084030151367,55.18255766508734,54.26945856973418,55.174122254739345,38298000
2019-02-08,54.70566177368164,54.84064348388017,54.30171617106462,54.33347390092957,21766000
2019-02-11,54.69275665283203,55.254018093652185,54.58755255107971,54.773646480231115,18498000
2019-02-12,55.95621109008789,56.21823127293412,55.13392144104267,55.13392144104267,35036000
2019-02-13,56.0083122253418,56.71398267481857,55.87779811887205,56.227159605716324,28042000
2019-02-14,56.03660583496094,56.380507826955004,55.435647203348694,55.828181532567825,21106000
2019-02-15,55.56168746948242,56.5378135213202,55.417278407818245,56.5378135213202,27826000
2019-02-19,55.90311050415039,56.05843486725791,55.41331154725843,55.41331154725843,21980000
2019-02-20,55.60933303833008,56.1224581378499,55.17065005604538,56.02072587815568,24090000
2019-02-21,54.79647445678711,55.53787432825052,54.48730985473035,55.5195117878996,33272000
2019-02-22,55.409339904785156,55.443581307322496,54.612364067156655,55.06891357692749,29436000
2019-02-25,55.44755935668945,55.84803312649058,55.28776738831832,55.675834138089776,26208000
2019-02-26,55.67980194091797,55.89964131160998,54.92004328499551,55.30066657982733,35026000
2019-02-27,55.72346878051758,55.86440221537003,55.01234253576699,55.282798128536434,22092000
2019-02-28,55.90510177612305,56.27431379893314,55.50115615441572,55.530433996172015,27422000
2019-03-01,56.995361328125,57.06880770480383,56.12593099420194,56.12593099420194,34086000
2019-03-04,57.238525390625,57.838988028664076,56.48571045995308,57.295097158928186,35490000
2019-03-05,58.0211067199707,58.38337122054725,57.21867133389695,57.36655224406928,40094000
2019-03-06,57.810203552246094,58.29652688981277,57.716410729812935,58.148645977068384,23602000
2019-03-07,57.11098861694336,57.74271680894225,56.657414930799895,57.58987232054816,30086000
2019-03-08,57.06731414794922,57.24000909353134,56.08622451892473,56.269838549483914,23694000
2019-03-11,58.52083206176758,58.553085766615624,57.146712166962345,57.16805057294,30032000
2019-03-12,59.4135856628418,59.833413885860075,58.67169364703401,58.67169364703401,42220000
2019-03-13,59.50340270996094,59.90338043221836,59.44633497106818,59.84432878201533,25888000
2019-03-14,59.17935562133789,59.783293858123756,59.11484442416776,59.50142320150544,27302000
2019-03-15,59.06869888305664,59.63541612970674,58.90543128045856,59.45081390427072,51886000
2019-03-18,58.98185729980469,59.29945733014455,58.63100781822809,59.038429071653844,24442000
2019-03-19,59.67212677001953,59.71927116385812,59.02699973470535,59.13915129544151,29788000
2019-03-20,60.86164474487305,61.03831130394564,59.52970943386916,59.619530647007004,41508000
2019-03-21,61.34300994873047,61.358392835207184,60.37283935357607,60.5425584409725,28150000
2019-03-22,59.9296875,61.21894600459302,59.84780571840149,60.98173985576471,34422000
2019-03-25,59.42003631591797,60.01851499920074,59.05380399596057,59.52822006580645,27576000
2019-03-26,59.045860290527344,59.929681406309,58.64489061927288,59.80760271312892,30752000
2019-03-27,58.458805084228516,59.149088938796496,57.77496894223521,59.149088938796496,29428000
2019-03-28,58.17395782470703,58.4210911263963,57.735274822794636,58.334249557918085,22402000
2019-03-29,58.403221130371094,58.75456654246122,57.881660661688244,58.566484924810155,30890000
2019-04-01,59.49944305419922,59.559982646194584,58.87317441562949,58.93173009604227,27706000
2019-04-02,59.82497787475586,59.83837684908402,59.115339571492136,59.55253458747691,18288000
2019-04-03,60.08650207519531,60.57232942381467,59.802151533259135,60.18029110939912,22180000
2019-04-04,60.515262603759766,60.56985045761731,59.9986656896631,60.1103212867024,21022000
2019-04-05,60.11825942993164,60.561909727480234,60.04779271372844,60.50781785264706,20012000
2019-04-08,59.96094512939453,60.242315988072114,59.783286637090114,60.101382569831145,21750000
2019-04-09,59.68354797363281,59.90487526510873,59.469664136518006,59.64385081240381,19668000
2019-04-10,59.87013626098633,59.993702900560606,59.58280984381281,59.80264919567973,15510000
2019-04-11,60.025962829589844,60.182282945466525,59.775357695168374,59.99172142462984,16998000
2019-04-12,60.678035736083984,60.69391460033964,60.20957516572621,60.32519858859302,24312000
2019-04-15,60.866607666015625,61.00406925558365,60.272596561487696,60.745520918072685,23796000
2019-04-16,61.13359069824219,61.33556348231489,60.79266460655032,61.03880592245281,22622000
2019-04-17,61.54200744628906,61.788148776562416,61.18272258076238,61.38618331028247,30366000
2019-04-18,61.608009338378906,61.829832604219995,61.50578110439343,61.783184181163996,24750000
2019-04-22,62.21790313720703,62.24668500018895,61.20604762903879,61.36981120460046,19084000
2019-04-23,63.05309295654297,63.243654486130865,62.129074744171035,62.36082515718075,31868000
2019-04-24,62.5300407409668,63.22231228489113,62.51813348565007,63.053089174036955,23396000
2019-04-25,62.89179992675781,63.162751468885205,62.428302983576394,63.03868886660154,31344000
2019-04-26,63.392024993896484,63.465967342647225,62.77568352459379,63.19154014016387,27228000
2019-04-29,64.32398223876953,64.36219903675915,63.108666103374446,63.545365145430786,72368000
2019-04-30,59.49844741821289,59.59868795220461,58.70643134530683,59.08507069125952,133178000
2019-05-01,58.2260627746582,59.51284144439897,58.144676967482674,59.4259960943342,74340000
2019-05-02,57.88811111450195,58.52678670901442,57.48217785694761,58.19032821083705,45098000
2019-05-03,59.03147888183594,59.12328401239134,58.23747884247491,58.429028536065694,41588000
2019-05-06,59.225502014160156,59.32326264870078,58.11886192932555,58.16054678220856,31774000
2019-05-07,58.5009880065918,59.290520472643735,57.81318401696037,58.84588195722359,36604000
2019-05-08,58.100013732910156,58.76945512946755,57.94369362397736,58.42306948603235,25520000
2019-05-09,57.9605598449707,58.26327290924979,57.29905793289903,57.69407587882412,29556000
2019-05-10,57.944190979003906,58.3729506059401,56.88866675392275,58.00374239955809,31650000
2019-05-13,56.40332794189453,57.16656213002464,55.85298940597136,56.83258730516244,45626000
2019-05-14,55.821231842041016,56.81422878558775,55.755228922522,56.68768627545845,40392000
2019-05-15,58.101009368896484,58.47319724338551,55.64953069071298,55.7065984380292,59302000
2019-05-16,58.78086853027344,59.260248195738754,57.98438862075223,58.15261599071827,35308000
2019-05-17,58.000762939453125,58.86969725966883,57.88364779556979,58.35062043745472,25362000
2019-05-20,56.80380630493164,57.217679002864074,56.480250796098304,57.217679002864074,30602000
2019-05-21,57.28914260864258,57.46580917920083,56.73681631931188,57.29112652024029,20562000
2019-05-22,57.35911560058594,57.75264189742789,57.118433796754466,57.13084081690793,18826000
2019-05-23,56.837554931640625,57.07128925796887,56.23312443797136,56.87378403617833,25214000
2019-05-24,56.50357437133789,57.28516734129185,56.4092855711958,57.16805220096117,18554000
2019-05-28,56.55072021484375,57.39087266945291,56.506551680851864,56.64600097315336,20948000
2019-05-29,55.57707595825195,56.324427519527866,55.180570051498236,56.21028824722078,36230000
2019-05-30,55.650028228759766,55.91750798232078,55.37659295413161,55.5875009366912,18088000
2019-05-31,54.91011428833008,55.25252453201234,54.753794181505,54.86743747559679,31582000
2019-06-03,51.54751968383789,52.94992167307215,50.96641158625489,52.946449828100434,96890000
2019-06-04,52.3291130065918,52.52513405659916,51.41303433315086,51.83286255141034,60512000
2019-06-05,51.84031295776367,52.44425126628497,51.26268040962608,52.35443004300591,46988000
2019-06-06,51.995140075683594,52.10629969708444,51.38723400310241,51.918221858095734,29020000
2019-06-07,53.017906188964844,53.26901105703743,52.16336288795024,52.31869102928199,43828000
2019-06-10,53.732017517089844,54.331488188465315,53.36082161243836,53.446175241234826,28510000
2019-06-11,53.646663665771484,54.786553427555084,53.57371705136141,54.43818384060775,33508000
2019-06-12,53.55038833618164,53.72010362901701,53.078948132983314,53.59256917046261,23670000
2019-06-13,54.14141845703125,54.418325537388,53.72258599159079,53.828782041481766,20814000
2019-06-14,53.907684326171875,54.32751253464041,53.66849427776035,54.07839535714609,24582000
2019-06-17,54.28434371948242,54.651072036648614,53.99205373152484,54.04664158720511,19770000
2019-06-18,54.84758758544922,55.51950886943129,54.62675627931569,55.158240104858095,34526000
2019-06-19,54.811363220214844,55.0555206515991,54.39054300031456,54.946840911680276,26714000
2019-06-20,55.24260330200195,55.71503548558903,54.934926641298766,55.664415452935344,24018000
2019-06-21,55.84653854370117,55.906086175008376,55.06990537261878,55.07685284867732,50774000
2019-06-24,55.41628646850586,55.757212554697425,55.248059111817135,55.580050024561366,24236000
2019-06-25,53.97121047973633,55.3666650513055,53.82332577933562,55.33589927876439,31644000
2019-06-26,53.610931396484375,54.34538378224577,53.281920110559724,54.14092730971984,34698000
2019-06-27,53.42781448364258,54.01487811376861,53.38910549375229,53.9300204660367,24078000
2019-06-28,53.73400115966797,53.73400115966797,53.28737497218664,53.45759003713629,33672000
2019-07-01,54.58755111694336,55.01383084160599,54.35580072635864,54.6391593176599,29196000
2019-07-02,55.212825775146484,55.22721670492879,54.57117431085143,54.827238965933375,20630000
2019-07-03,55.728431701660156,55.9765569294655,55.32448234664557,55.50561270283813,20154000
2019-07-05,56.208797454833984,56.30705407221741,55.4559863892494,55.548783464313665,29794000
2019-07-08,55.42075729370117,55.93785019845802,55.171144122246865,55.87135130201756,29888000
2019-07-09,55.792945861816406,55.97010840456372,54.94237029434849,55.09968236348599,29472000
2019-07-10,56.617713928222656,56.68867662457347,56.109056440518735,56.19143420006635,30710000
2019-07-11,56.7750244140625,57.22959004285512,56.54923331942551,56.87824460644455,26004000
2019-07-12,56.837554931640625,56.94474673931869,56.50110017107554,56.717959889929176,21878000
2019-07-15,57.094112396240234,57.10254780589926,56.57255192568418,56.837547972746464,21164000
2019-07-16,57.24050521850586,57.49458596594316,56.906526603224165,56.906526603224165,25352000
2019-07-17,56.90702438354492,57.487636486009706,56.90106886339431,57.11445670268782,19538000
2019-07-18,56.93183898925781,56.97799143438814,56.21823283580338,56.671802710632605,25450000
2019-07-19,56.15322494506836,57.147213882726206,56.13833803578368,57.03506229909685,23184000
2019-07-22,56.533348083496094,56.57354500725381,55.838600460858665,56.34775013685135,28914000
2019-07-23,56.97203826904297,57.012235195228826,56.21773918200493,56.7437634955171,20648000
2019-07-24,56.55915451049805,56.84350506009228,56.00236066629564,56.206321153848776,27192000
2019-07-25,56.37107849121094,56.75070980948168,55.76416435986441,56.52044734299529,54762000
2019-07-26,61.79410171508789,62.94391091786699,60.93955835741268,60.93955835741268,121216000
2019-07-29,61.62636947631836,61.98119054293162,61.04873318310525,61.65912294737773,41382000
2019-07-30,60.9395637512207,61.38172237730634,60.8065659499865,60.889935671666564,28616000
2019-07-31,60.4532356262207,61.28246902864512,59.95599317150628,60.78423461812994,39960000
2019-08-01,60.134647369384766,61.35145160826719,59.897437405171104,60.42495347485475,35426000
2019-08-02,59.367435455322266,60.02149015325406,59.05380329437899,59.698930391022664,34910000
2019-08-05,57.30452346801758,58.40272829512704,56.70902440596299,58.208691146682185,47840000
2019-08-06,58.11490249633789,58.62703184457215,57.64098237571722,57.83898734854081,36014000
2019-08-07,58.35458755493164,58.55110079193506,57.11048581608974,57.455875700470024,30686000
2019-08-08,59.85723876953125,59.86170257050078,58.25980758304627,58.87664505680203,30116000
2019-08-09,58.99922180175781,59.771387460692296,58.80022486609972,59.54956418323278,20418000
2019-08-12,58.28461456298828,58.83594885008432,57.997784131552514,58.5575538283192,22064000
2019-08-13,59.387779235839844,59.81951849658045,58.209684163982665,58.27717122757567,28434000
2019-08-14,57.775962829589844,58.69600935885796,57.61815478543299,58.36253049488311,35430000
2019-08-15,58.027557373046875,58.379894739111016,57.7139289960398,57.9833926276096,28506000
2019-08-16,58.51835250854492,58.74811899803839,58.21018365174988,58.596762448028,24916000
2019-08-19,59.571895599365234,60.016041926122995,59.073661177610795,59.14462387987335,24450000
2019-08-20,58.73273468017578,59.45081225325763,58.70891638229714,59.319306171789414,20206000
2019-08-21,59.13220977783203,59.57784398495233,58.95058344558923,59.34262175595248,14152000
2019-08-22,59.129234313964844,59.48951111379449,58.50346170389062,59.24237784247647,17352000
2019-08-23,57.24646759033203,59.33518582013697,57.068809058396305,58.81412126647175,36254000
2019-08-26,58.1198616027832,58.153607029039634,57.30948675302142,57.537761518563784,21166000
2019-08-27,58.101993560791016,58.805676311330274,57.791341062327135,58.70642773916501,23460000
2019-08-28,58.24740219116211,58.483120420447044,57.57746477621355,57.80673150671596,16810000
2019-08-29,59.264225006103516,59.50986659504166,58.81958268417866,58.8761544570195,19636000
2019-08-30,59.08010482788086,59.56742388475068,58.84140697094788,59.56742388475068,18064000
2019-09-03,58.038970947265625,59.00814572148851,57.749160872894805,58.64935686645036,25908000
2019-09-04,58.67020034790039,58.799722502190875,58.13722860917999,58.53025887269184,21312000
2019-09-05,60.154991149902344,60.244812370609246,59.18730038857636,59.23543674838363,26394000
2019-09-06,59.863685607910156,60.192696866650635,59.71182930668091,60.00362708254267,18972000
2019-09-09,59.81157684326172,60.56984745309452,59.21111426670487,59.9013980515206,31854000
2019-09-10,59.83292007446289,60.046307931779786,59.352052482156836,59.356024091289484,27922000
2019-09-11,60.54255676269531,60.66513144541207,59.663199363226745,59.74309723285985,23522000
2019-09-12,61.28544616699219,61.65515035041213,60.66959686972781,60.71475735944428,31644000
2019-09-13,61.53654861450195,61.58716864809238,60.89390513944056,61.143518317793806,23676000
2019-09-16,61.11969757080078,61.4864258802319,60.80010987565315,61.06064212934276,28218000
2019-09-17,61.03285217285156,61.28693292791448,60.70880067713809,61.1196975193719,20806000
2019-09-18,61.170318603515625,61.34847311148348,60.36738715897677,61.05072356371775,17440000
2019-09-19,61.4730224609375,61.7504255143638,61.15343857498691,61.153934552821994,16554000
2019-09-20,61.03086853027344,61.67400795973817,60.7202160078767,61.219442346351414,37692000
2019-09-23,61.27155685424805,61.51918613843625,60.7301458361468,60.86859939923033,20798000
2019-09-24,60.45968246459961,61.887890472586925,60.07806725363248,61.53505712198621,35804000
2019-09-25,61.829833984375,61.93305417641819,60.00660791020394,60.34455437030646,26798000
2019-09-26,61.64870071411133,61.76681160275581,61.12912790123598,61.64125725959552,23166000
2019-09-27,60.837825775146484,61.78268631820922,60.30435425876705,61.675494522635425,34122000
2019-09-30,60.5991325378418,60.91028105495529,60.21602936438333,60.57233458690206,24470000
2019-10-01,59.847801208496094,61.18073216781802,59.82547084776758,60.66611919885547,24504000
2019-10-02,58.4543342590332,59.48852003887032,58.19181809812556,59.37636846440927,33030000
2019-10-03,59.0255241394043,59.103434317624526,57.720882653713154,58.72330700673478,28368000
2019-10-04,60.09394836425781,60.16838669335828,59.10194338370747,59.26669890627173,24282000
2019-10-07,59.95946502685547,60.48846899773662,59.76642361303443,59.89743371448087,17040000
2019-10-08,59.06025695800781,59.89097823911531,59.027999466165745,59.48901657316592,20086000
2019-10-09,59.669151306152344,59.96988046335535,59.45675542311153,59.61605517495991,15948000
2019-10-10,60.02000427246094,60.32519724822251,59.443859724165584,59.48058101672487,12842000
2019-10-11,60.32966995239258,60.97678103745483,60.22694573399598,60.74255073761244,22330000
2019-10-14,60.4318962097168,60.834353873471784,60.13960621545957,60.239350777041764,13296000
2019-10-15,61.64622116088867,61.88888686604547,60.58821701108463,60.616998873514845,27584000
2019-10-16,61.683929443359375,62.23923151934815,61.46210241356997,61.624874007096274,22986000
2019-10-17,62.170257568359375,62.71365243260032,62.024856545768664,62.10078280623721,20958000
2019-10-18,61.75390625,62.43376697711885,61.542006328101955,62.264051677322506,31624000
2019-10-21,61.74745178222656,62.205489221809074,61.53455991481383,61.966795147808796,18094000
2019-10-22,61.594608306884766,61.96828408455127,61.527613434843985,61.75737612513315,22862000
2019-10-23,62.40995407104492,62.430300523993616,61.54548727491261,61.54548727491261,21282000
2019-10-24,62.483394622802734,62.67147246098987,62.14792806244017,62.483394622802734,20224000
2019-10-25,62.74094772338867,62.924561762183096,61.989128556438885,62.13055797308663,27104000
2019-10-28,63.96569061279297,64.47484407974726,63.13844495607343,63.27193493925215,65428000
2019-10-29,62.5603141784668,63.55976261853793,62.30970526205606,63.32156072139052,52654000
2019-10-30,62.56229782104492,62.92555429284906,62.0635674519653,62.286878653382274,29204000
2019-10-31,62.46800994873047,62.85111689975829,62.00550488853947,62.52756137017092,31904000
2019-11-01,63.13546371459961,63.17268477057608,62.51316673112723,62.8153838353089,28812000
2019-11-04,63.996952056884766,64.1403691605057,63.32701472229099,63.32701472229099,30632000
2019-11-05,64.0877685546875,64.3755947325822,63.98554410909074,64.07585751373018,25148000
2019-11-06,64.0664291381836,64.16468575930595,63.63270975280702,64.02077645871792,24626000
2019-11-07,64.85696411132812,65.6365732365274,64.202409569136,64.2287077566494,45140000
2019-11-08,64.95917510986328,65.3616364910308,64.58797926101639,64.58797926101639,30392000
2019-11-11,64.42720794677734,64.75572703245952,64.30761291533182,64.71105873497332,17234000
2019-11-12,64.37409973144531,64.97655000563367,64.22671480495114,64.44159057864232,28852000
2019-11-13,64.32299041748047,64.63761454266125,64.12300154214594,64.17411376464824,20538000
2019-11-14,64.96662902832031,65.29267201875889,64.21183397776251,64.26443792254808,28948000
2019-11-15,66.17698669433594,66.17698669433594,65.10260019319165,65.25942006575623,39286000
2019-11-18,65.49712371826172,66.1958467947769,65.31450540955062,66.11743685213465,27984000
2019-11-19,65.13733673095703,65.83406821762365,65.09664383210311,65.83406821762365,21864000
2019-11-20,64.60487365722656,65.16811528154169,63.977117041056246,65.07631014524446,28892000
2019-11-21,64.5195083618164,65.06438734597921,64.05352392914187,64.47533983135945,25546000
2019-11-22,64.19843292236328,64.85497128596099,63.984549103644646,64.6614339170369,27776000
2019-11-25,64.79244232177734,65.02915627328088,64.29470771763064,64.32696520886269,23590000
2019-11-26,65.15768432617188,65.20780459082586,64.713045870139,65.00434009297838,21910000
2019-11-27,65.11451721191406,65.38795627217733,64.98251893719141,65.27778859784624,18808000
2019-11-29,64.71553039550781,65.00633246444156,64.67285357901707,64.84009278572654,12802000
2019-12-02,63.959739685058594,64.78252533740228,63.5389157070264,64.63960041458883,26538000
2019-12-03,64.25153350830078,64.37510393525106,63.37366781140592,63.45356189650626,25270000
2019-12-04,65.45246124267578,65.71696511841891,64.66391696658111,64.81527730474004,35506000
2019-12-05,65.85044860839844,65.90106863745048,65.22319186246219,65.85243251978387,24408000
2019-12-06,66.46729278564453,66.62013727183943,66.06235522863464,66.13778172984779,32968000
2019-12-09,66.64593505859375,67.36848011288853,66.30252909180109,66.44098641584695,30842000
2019-12-10,66.64097595214844,66.89456071406927,66.19980555592782,66.49458298125603,17606000
2019-12-11,66.70846557617188,66.98834851678667,66.55214547915192,66.9094463945745,20480000
2019-12-12,66.91888427734375,67.22109762614981,66.40824662381249,66.65686406966326,29114000
2019-12-13,66.83849334716797,67.0608126152682,66.5799487596334,66.88960557672098,33170000
2019-12-16,67.5248031616211,67.66523683096499,67.02408511896854,67.24193676714194,28128000
2019-12-17,67.23648071289062,67.70494128866822,67.0320242423483,67.60966052985063,32948000
2019-12-18,67.08859252929688,67.46177232689692,67.01664166516937,67.34118534402695,23330000
2019-12-19,67.31340026855469,67.36749593369899,66.93178503391336,67.08859734207033,28922000
2019-12-20,67.0543441772461,67.6885521335127,67.03002990648528,67.64389141443849,50090000
2019-12-23,67.02508544921875,67.58187556195193,66.89457132071418,67.42704715712873,19936000
2019-12-24,66.71739959716797,67.09356285074838,66.70450417230641,67.00423382720653,13468000
2019-12-26,67.6126480102539,67.64888090457565,66.77100747295665,66.8226194703855,23662000
2019-12-27,67.22406768798828,67.8399131132369,67.1426818939323,67.68855280086393,23212000
2019-12-30,66.48316955566406,67.34118857344946,66.39037247271645,67.33176120761757,19994000
2019-12-31,66.46729278564453,66.53031605334827,66.10701595588644,66.2886423044557,19514000
2020-01-02,67.92080688476562,67.92080688476562,66.81963000871814,66.91491076451707,27278000
2020-01-03,67.56549072265625,68.17240862427808,66.86081596073402,66.89456517269056,23408000
2020-01-06,69.36639404296875,69.39170027421379,67.04344557379943,67.07470353986153,46768000
2020-01-07,69.2323989868164,69.64875536577131,69.05623219302926,69.49789480129157,34330000
2020-01-08,69.72518157958984,70.0631280606545,69.10933602043706,69.21801197598803,35314000
2020-01-09,70.4571533203125,70.8983162087163,69.98174145327377,70.56334559897189,33200000
2020-01-10,70.91219329833984,71.20895460356724,70.44770820676389,70.93750709598153,26258000
2020-01-13,71.46156311035156,71.53351398026712,70.73405818738722,71.22434937620667,30730000
2020-01-14,70.99309539794922,71.5905783300735,70.85314635097474,71.46006422047215,26076000
2020-01-15,71.42036437988281,71.49877431407914,71.04619262822877,71.11368347743128,21550000
2020-01-16,71.96427154541016,71.99106949862211,71.46007778598154,71.730533421718,26080000
2020-01-17,73.42124938964844,73.47236161437567,72.28136348423534,72.57861703888604,52424000
2020-01-21,73.55672454833984,73.93536387662941,72.9592340508193,73.39543709748455,48930000
2020-01-22,73.63712310791016,74.46636033692931,73.5770832763965,73.92793275973034,28458000
2020-01-23,73.67781066894531,74.1150132847147,73.4609509628069,73.81974363908597,26650000
2020-01-24,72.75875854492188,74.1497455459025,72.61037407881075,74.08126273759932,29786000
2020-01-27,71.04966735839844,71.29034912825152,70.44274948721724,71.04023999318002,34132000
2020-01-28,71.98113250732422,72.19451657572402,70.98168030050765,71.54641358018323,29724000
2020-01-29,72.28881072998047,72.65802274423001,71.72755303995011,72.37614827530244,21566000
2020-01-30,72.16722106933594,72.21684156955847,71.2119374669288,71.36577389032585,27110000
2020-01-31,71.10177612304688,72.93244183951124,70.81791775939544,72.8426206238996,43822000
2020-02-03,73.5740966796875,73.75771451445905,72.28434210997459,72.53445127251754,71636000
2020-02-04,71.72854614257812,72.81682013376593,70.56831370623127,72.17914397442904,95880000
2020-02-05,71.76029205322266,72.67984253452366,70.94793336208039,72.63170618173763,36376000
2020-02-06,73.24508666992188,73.5224935524737,71.98014611752211,72.05458066523562,37822000
2020-02-07,73.40089416503906,73.7055911376281,72.72103350779275,72.81929012242819,28360000
2020-02-10,74.86731719970703,74.87823628434978,73.20686668811356,73.30760698082317,38302000
2020-02-11,74.9367904663086,75.92036372100134,74.70801974601746,75.09608642959354,34852000
2020-02-12,75.3620834350586,75.44495338113576,74.86781690908632,75.22461806580742,31042000
2020-02-13,75.10205841064453,75.7253474175751,74.63607391004925,74.93382724585919,22914000
2020-02-14,75.36705780029297,75.43256474859952,74.71299541746157,75.1586334849378,23198000
2020-02-18,75.40228271484375,75.95411300380982,74.98394241111538,75.14919769716833,25642000
2020-02-19,75.67174530029297,75.9630471132219,75.47870768352672,75.7873725080763,22746000
2020-02-20,75.28070068359375,75.78091896387954,74.64896876279927,75.38094121635825,25962000
2020-02-21,73.61677551269531,74.98097223836919,73.37014197480975,74.66485635902535,42520000
2020-02-24,70.46061706542969,71.28042685845558,69.81202186636781,70.61892109008193,49560000
2020-02-25,68.79619598388672,71.30374648103692,68.50341002838334,71.0134442009436,51580000
2020-02-26,69.00214385986328,70.15344868855172,68.31136399152298,69.22595484103678,49776000
2020-02-27,65.25444793701172,67.95653516579354,65.21921458048752,67.44738173946918,62290000
2020-02-28,66.4603500366211,66.61914625982655,62.934984529715464,63.23769763901328,80198000
2020-03-02,68.79619598388672,68.85325994086891,65.76311339989533,67.06279499656021,55430000
2020-03-03,66.3844223022461,69.8814980608443,65.96359831152199,69.35994133870133,56602000
2020-03-04,68.56197357177734,68.6205292551604,66.34869292368212,67.43845864014934,47598000
2020-03-05,65.24503326416016,67.17396336378967,64.59395432942128,66.77298603210595,54380000
2020-03-06,64.30115509033203,64.64902106500841,62.38909999241039,63.02132406345207,64640000
2020-03-09,60.33363723754883,62.16678659987144,59.45279189368406,59.796197886210365,69252000
2020-03-10,63.28036880493164,63.31411422982918,60.270112587742254,62.249162685435664,54872000
2020-03-11,60.09096908569336,62.37521226684703,59.11037916246386,61.9454606818698,54732000
2020-03-12,55.16071701049805,58.99177101016054,55.00787254144613,55.710067367843244,94326000
2020-03-13,60.258209228515625,60.264660727196514,55.19744391380035,58.30893660682994,79400000
2020-03-16,53.247676849365234,56.8440010306716,52.95389514808521,54.071946637182414,96520000
2020-03-17,55.48377990722656,55.87780214419819,52.06163860584557,54.12306272429023,83194000
2020-03-18,54.15035629272461,54.83518057354146,51.461171864578795,52.59957358482276,93044000
2020-03-19,55.16667938232422,57.19832981284174,52.381721811582096,54.002971351103,74064000
2020-03-20,53.009971618652344,56.49712392196647,52.70676254783707,56.12096445623993,82878000
2020-03-23,52.311248779296875,52.94545678283434,50.06521879688069,52.422408393551905,83672000
2020-03-24,56.07680130004883,56.24155682605298,53.9141408183896,54.78506285069466,72468000
2020-03-25,54.66794204711914,56.87873487195251,53.744419951306355,55.807331872007914,90324000
2020-03-26,57.7099609375,58.13475274319394,54.19204281681304,55.318033766714024,76562000
2020-03-27,55.09670639038086,57.12091328372302,54.78605386186068,55.9507538013928,62794000
2020-03-30,56.885684967041016,57.1184273116547,54.51261641318761,56.207312192064094,58736000
2020-03-31,57.66181945800781,58.230024543303415,56.40977830125608,57.0057770759988,65228000
2020-04-01,54.6917610168457,56.04751835147688,54.26448935397661,55.77855070150848,51970000
2020-04-02,55.43266296386719,55.71750946745041,54.24662474488015,54.587547031869654,56410000
2020-04-03,54.22528839111328,55.520006471483256,53.35089831480392,55.31753769881237,51374000
2020-04-06,58.71585464477539,59.09101833360275,55.828173276543126,56.22517513427911,63320000
2020-04-07,58.68459701538086,60.58126950041357,58.421088880395914,60.394179822540586,61620000
2020-04-08,59.897422790527344,60.289461067566705,58.75356544751008,59.703885434102745,40334000
2020-04-09,59.87609100341797,60.64130912701154,59.17389614347068,60.45223933607273,54028000
2020-04-13,60.066654205322266,60.27061469622001,58.673183531399104,59.624495605528445,38702000
2020-04-14,62.78710174560547,63.30915444171393,60.96635555655687,61.53357252929676,63358000
2020-04-15,62.39357376098633,63.277394976794355,61.2373092479215,61.858118318287886,42236000
2020-04-16,62.400020599365234,63.19054874433473,61.44573267770072,62.881880136039015,57896000
2020-04-17,63.47043991088867,64.01631470542216,62.82531274438218,63.60442588043865,51050000
2020-04-20,62.58462905883789,63.36225423770926,62.350894746468136,63.01835225673442,35292000
2020-04-21,60.15349578857422,62.031305781008385,59.798178772892086,61.66954105330568,49648000
2020-04-22,62.44865036010742,63.51409779327607,61.396102136297344,61.59013547366675,46296000
2020-04-23,63.081871032714844,63.92450716957352,62.553862820825465,62.812407383951104,34202000
2020-04-24,63.351341247558594,63.40642508386922,61.7335635421252,62.279438340079025,37402000
2020-04-27,63.06648635864258,64.21977499252665,62.77866017804189,64.11555906230626,44186000
2020-04-28,61.167335510253906,63.75627174373277,61.05766382769787,63.67886133804558,80700000
2020-04-29,66.60575103759766,67.49751173595581,65.83904492056368,66.74569252820935,108358000
2020-04-30,66.8300552368164,66.99381881368947,65.57950183208328,66.06880865105774,55842000
2020-05-01,65.3720703125,67.06478615350073,64.9919467787964,65.70803288109285,48872000
2020-05-04,65.64897918701172,65.72689694131952,64.31456381571466,64.91602224376798,30806000
2020-05-05,66.94518280029297,68.03644021724791,66.25093487839713,66.37350578620796,39666000
2020-05-06,66.76702117919922,67.92130167738333,66.75213427208723,67.39080984704172,31732000
2020-05-07,67.95059204101562,68.28407852805599,67.11987062157155,67.55508180757198,30652000
2020-05-08,68.69794464111328,69.3083306365863,68.08606692584334,68.57289006017024,33326000
2020-05-11,69.6532211303711,70.24574435202634,68.25925819267765,68.32327341716166,32718000
2020-05-12,68.24337768554688,70.18619502601786,68.21012823629849,69.88298973182424,33918000
2020-05-13,66.91093444824219,68.74706720442754,65.90255466644857,68.29200183826535,40368000
2020-05-14,67.33424377441406,67.35955000420634,65.66882579886473,66.17599535572523,36660000
2020-05-15,68.13817596435547,68.21360247174582,66.44794373128208,66.90747675547625,41544000
2020-05-18,68.7396240234375,69.11577969209408,67.20223652116248,67.56847263256927,47094000
2020-05-19,68.20466613769531,69.1023785172191,68.17290840940507,68.75451250919471,31586000
2020-05-20,69.92963409423828,70.07205925671711,68.85078753013752,68.93713311617326,38262000
2020-05-21,69.81004333496094,70.29189913641048,69.19667387656828,70.02045155614233,30894000
2020-05-22,70.1321029663086,70.31868908167836,69.27408397743726,69.66860218679889,28544000
2020-05-26,70.53555297851562,71.71365570635362,70.43779611422846,71.55733558967322,44590000
2020-05-27,70.48146057128906,70.73306143347727,69.20709277694024,70.46756561892757,31684000
2020-05-28,70.3802261352539,71.68139184261054,69.42941009442607,69.47506277315657,35170000
2020-05-29,71.13850402832031,71.297800014484,70.26808174332169,70.48890927787944,37044000
2020-06-01,71.20549011230469,71.53847677860361,70.580709445191,70.75043231360314,25162000
2020-06-02,71.57469940185547,71.60894080375162,70.54745734497106,71.21193893289512,23442000
2020-06-03,71.42284393310547,71.9071833180926,71.0442046165178,71.59405093550622,27732000
2020-06-04,70.18470001220703,71.52557428848117,69.77331097931382,71.30027160879436,26982000
2020-06-05,71.46106719970703,71.77271549614922,69.85321278073467,70.25120666904046,42642000
2020-06-08,71.85905456542969,71.90669115835331,70.68988704719936,70.77921607068053,33878000
2020-06-09,72.05953216552734,72.8396409679758,71.57717666408816,71.72010158033224,33624000
2020-06-10,72.68580627441406,73.08627622015612,72.17268498934844,72.52750225479329,31762000
2020-06-11,69.56935119628906,72.03571651726546,69.39616027535422,71.51117640380802,47144000
2020-06-12,70.11622619628906,71.18762928156453,68.77039211409114,70.75836989233277,36676000
2020-06-15,70.50428771972656,70.71568786340231,68.8398618016423,68.95350509114319,30468000
2020-06-16,71.78113555908203,72.31211956711883,70.91368928598088,71.90668231055088,30648000
2020-06-17,72.08236694335938,72.56174660860705,71.21839618065276,72.10222120320456,30610000
2020-06-18,71.16826629638672,72.10369560935757,70.77721618095585,71.94886723551764,34862000
2020-06-19,70.69783782958984,71.68338762751483,70.41794726010522,71.4600764031913,52784000
2020-06-22,71.98906707763672,72.00346179403014,70.42737286211982,70.71619099609049,29442000
2020-06-23,72.65007781982422,73.20687548167953,71.70819685962732,72.05557069329991,37752000
2020-06-24,71.0978012084961,73.23613958578959,70.96381147221909,72.61533435670397,31592000
2020-06-25,71.51465606689453,71.5751956563901,70.44473713789317,71.02435732770277,23958000
2020-06-26,67.61610412597656,71.31217631166523,67.24193239698072,71.09432467765036,97640000
2020-06-29,69.33464050292969,69.37583317837169,67.07570687464711,67.50695026786353,45074000
2020-06-30,70.37079620361328,70.66606584717748,68.82646494071054,69.32023932105565,40286000
2020-07-01,71.55931091308594,71.88088628212557,70.17874335966512,70.42637638438264,42182000
2020-07-02,72.94535064697266,73.86788472318719,72.00942138081768,72.04763818332158,57218000
2020-07-06,74.42019653320312,74.93381756362824,73.29519761693808,73.84951154751805,44712000
2020-07-07,73.93734741210938,75.49557348396944,73.9264283274638,74.24552002438814,42364000
2020-07-08,74.61622619628906,74.99188970628182,74.05546070282946,74.47727666073511,31766000
2020-07-09,75.36357116699219,75.88364370968078,74.21872553346911,74.93034396940267,41836000
2020-07-10,76.37344360351562,76.48907081040657,74.47330317027439,75.09510040151585,35918000
2020-07-13,75.04448699951172,78.22693841771529,74.76311232191661,76.91584554850776,42954000
2020-07-14,75.47274780273438,75.56902051449428,73.73934679927795,74.07977692160784,38108000
2020-07-15,75.27523803710938,76.24044119944688,74.32988156049042,75.59035433858878,31026000
2020-07-16,75.17798614501953,75.227114462003,73.85547426548348,74.51201273584942,26484000
2020-07-17,75.27375793457031,75.60029313499953,74.34328822168523,75.27673380206025,34264000
2020-07-20,77.60564422607422,77.86220490203237,74.57156927277606,75.18195530454253,30166000
2020-07-21,77.21259307861328,78.75742390910581,77.04882953115545,78.65718338377883,27486000
2020-07-22,77.65575408935547,77.76145416596226,76.58285931506369,77.20218043875396,24482000
2020-07-23,75.26878356933594,77.92868610933714,74.86383850371978,77.70934275850684,33910000
2020-07-24,74.8449935913086,75.20328650022337,73.82172685321873,74.39737923019781,29902000
2020-07-27,75.89802551269531,76.3014788657862,75.04944152464174,75.09559396523198,27124000
2020-07-28,74.61869812011719,75.72831031816976,74.46336997984878,75.67819005490078,30910000
2020-07-29,75.60425567626953,76.0915709811105,74.58694068015295,74.68569706970071,22676000
2020-07-30,76.34169006347656,76.46674464281898,74.19788429386662,74.33683382646932,36042000
2020-07-31,73.83959197998047,74.68669194397553,72.15481941817586,74.29118175072095,91468000
2020-08-03,73.58203125,74.32491519567483,73.03416882186066,73.9909441597244,45482000
2020-08-04,73.11257934570312,74.09565287557423,72.65255421158827,73.77805289203164,37212000
2020-08-05,73.39990997314453,73.94132093873706,73.00935957632822,73.28726620357594,29134000
2020-08-06,74.68321228027344,74.74871922040799,73.04310810672321,73.25401607153279,33306000
2020-08-07,74.35667419433594,75.43452861250951,73.75620787677603,74.8861740390756,27718000
2020-08-10,74.27976989746094,74.79239144853135,73.32051078592585,73.98102461614714,20546000
2020-08-11,73.47187042236328,74.95566211247646,73.35525125440243,74.13982012855085,31098000
2020-08-12,74.79685974121094,75.01670289215501,73.6931991158398,73.79840700821114,22512000
2020-08-13,75.26383209228516,76.27221957426538,74.84499955940771,74.84499955940771,22388000
2020-08-14,74.6673355102539,75.41965445670148,74.38794473023643,75.1129659624535,21942000
2020-08-17,75.24346923828125,75.61764853212141,74.68568728658938,75.23007405117605,19990000
2020-08-18,77.20565795898438,77.28456008844866,75.51294982781033,75.73377735195302,28378000
2020-08-19,76.6513442993164,77.85475322202173,76.42257355605528,77.04238688913141,30472000
2020-08-20,78.22148132324219,78.41601066185866,76.14765015883633,76.42108162701231,26382000
2020-08-21,78.18773651123047,78.99711936961243,77.52970640732595,78.00064306227968,34838000
2020-08-24,78.66313171386719,79.83577467817327,78.16142177284854,79.02638434061674,25638000
2020-08-25,79.69038391113281,79.84074471193138,78.30236524817361,78.41253291150737,25150000
2020-08-26,81.59002685546875,82.01978600785452,79.44871240871136,79.71271651139712,52188000
2020-08-27,80.81537628173828,81.78157137153234,80.33351300226576,81.71308857092342,31350000
2020-08-28,81.35679626464844,81.45207703160946,80.67098373475415,80.8625372245271,22418000
2020-08-31,80.8655014038086,81.60838536257283,80.65707712251383,81.56223291953953,26422000
2020-09-01,82.1334228515625,82.33887127868402,80.86550650072458,80.99602062020955,22652000
2020-09-02,85.22557067871094,85.65780598932935,82.38701698489714,82.77508375610142,49522000
2020-09-03,80.86450958251953,84.36257702738146,79.78267965722253,84.33875494599933,63726000
2020-09-04,78.4676284790039,81.13645913479783,76.3218387159225,79.84670453576004,55850000
2020-09-08,75.60871887207031,77.19423512243685,75.25637772077722,75.67819363218968,54032000
2020-09-09,76.7813720703125,77.35155737015681,75.68663901115721,76.8642420294293,39242000
2020-09-10,75.73030090332031,78.09295018003152,75.43007148898609,76.92775807382651,33024000
2020-09-11,75.21967315673828,76.35806746285036,74.09119840936351,75.83452678262374,30706000
2020-09-14,74.87576293945312,77.26620229395557,74.6911607194586,76.00820544352806,42660000
2020-09-15,76.18040466308594,76.96795700532972,75.53429310503509,75.8216195441486,23042000
2020-09-16,75.03752899169922,77.13567417610655,75.01271495645636,76.5456347332643,22128000
2020-09-17,73.79443359375,74.37107796130607,72.57465352945174,73.73339423552551,40008000
2020-09-18,72.01041412353516,74.19938051714477,71.04421883540799,73.85696644381204,63056000
2020-09-21,70.97077941894531,71.463054569721,69.608074327747,71.04422201615769,56908000
2020-09-22,72.44363403320312,72.64958222034359,70.93900374694141,71.97219759731894,33950000
2020-09-23,69.94103240966797,72.10915203002553,69.60805336058911,72.06002372533587,37726000
2020-09-24,70.60948944091797,71.3603166157109,69.58175518077466,69.608060937413,34552000
2020-09-25,71.4134292602539,71.7548437978997,69.85619490752299,70.71818180664128,30326000
2020-09-28,72.38607025146484,73.09719651380165,71.77171646612977,73.04757600974902,30784000
2020-09-29,72.7513198852539,73.04807369267076,72.15482125858226,72.6466117543797,31816000
2020-09-30,72.73046112060547,73.7527357851772,72.24215391271358,72.49920672624663,40924000
2020-10-01,73.83710479736328,74.19292159737675,73.28626646757014,73.62669659515059,32884000
2020-10-02,72.23421478271484,73.39693074596006,71.824809673111,72.4342036548503,31222000
2020-10-05,73.58551788330078,73.67831497337035,72.4570431761626,72.58408167311056,21602000
2020-10-06,72.00694274902344,73.6693773856631,71.70869722745235,73.22176300740041,26096000
2020-10-07,72.4098892211914,72.89770426386879,71.12410260316045,72.41832463079594,36108000
2020-10-08,73.61528015136719,73.8435511132823,72.72301980086279,72.72301980086279,26076000
2020-10-09,74.9561538696289,75.02562863489327,73.79244587231484,74.0832479306486,32966000
2020-10-12,77.6428451538086,78.82540773717346,75.89157394902875,76.32331696836458,55344000
2020-10-13,77.76593017578125,78.6636502086918,77.34709764690986,78.2592048255547,39072000
2020-10-14,77.58577728271484,78.59862463075144,76.71535508565292,78.13959902321865,33174000
2020-10-15,77.19026947021484,77.9807976103411,76.47865102987744,76.64588265062753,31210000
2020-10-16,77.79718017578125,78.2939227856747,77.29894584633858,77.50587839375657,34194000
2020-10-19,75.92384338378906,78.60260869103162,75.57498539804158,78.20560677367027,29734000
2020-10-20,76.972412109375,78.10187856628933,75.45487896936599,75.58440111837055,41670000
2020-10-21,78.704833984375,80.1514084583867,77.76940450098931,77.90388645043627,60322000
2020-10-22,79.73057556152344,80.06603832391136,78.28251710135257,78.65569689727067,30512000
2020-10-23,81.03670501708984,81.09327677877012,79.99110045121893,80.14692835693684,30548000
2020-10-26,78.62047576904297,80.86799030379444,77.80116565806325,80.14446072510476,35826000
2020-10-27,79.34449005126953,79.49931843074643,78.25820014746962,78.8507232899388,25902000
2020-10-28,74.97352600097656,77.10789684447866,74.85839855107197,76.91932680468821,45174000
2020-10-29,77.26023864746094,78.84128724607514,75.25885830217857,75.28218061851324,55406000
2020-10-30,80.19952392578125,83.43557859087133,79.47797841043996,82.74678275654098,99878000
2020-11-02,80.60696411132812,82.29024494886494,80.10673821901906,80.56825511870791,44228000
2020-11-03,81.66595458984375,82.32795255609419,80.00103633038269,80.92654621228101,31432000
2020-11-04,86.63790130615234,87.83783471306926,84.51146598755264,84.6394964423136,71342000
2020-11-05,87.46414947509766,88.91915931430586,86.39869809059148,87.85866770874907,39758000
2020-11-06,87.32669830322266,87.76190947389938,86.18283689124186,86.91034186616899,28622000
2020-11-09,87.41055297851562,90.16325299322276,87.21850731003066,89.12559909444359,53440000
2020-11-10,86.23443603515625,87.30931470732818,85.1625332301368,85.83991783029099,43022000
2020-11-11,86.70637512207031,87.4839927088133,86.49943497923725,86.76443103612137,31838000
2020-11-12,86.48751068115234,87.5872032588804,86.2468289353245,86.4468177850668,26474000
2020-11-13,87.94849395751953,88.19016771935601,86.14810166809453,86.74459273573792,29744000
2020-11-16,88.03631591796875,89.04420345983792,87.40607574489121,87.54552502493586,25468000
2020-11-17,87.4224624633789,88.19066026800272,87.3147784714661,87.73013533866205,21314000
2020-11-18,86.37934875488281,87.588217331153,86.27662453313168,87.17335262075193,20108000
2020-11-19,87.26911163330078,87.5132690324479,85.85231873640768,86.0116147048315,20106000
2020-11-20,86.16793823242188,87.75494624561959,86.099455426142,87.43933016329416,27694000
2020-11-23,85.73025512695312,86.64484600686835,84.86777600478176,86.35851151001768,22530000
2020-11-24,87.53360748291016,87.66163790492705,85.39129384637128,85.72725633537328,27984000
2020-11-25,87.54502868652344,87.85518522073961,86.7624437790224,87.72765454815004,19600000
2020-11-27,88.68094635009766,89.17670461109734,87.56537478708843,87.56537478708843,14790000
2020-11-30,87.06218719482422,88.34945805842784,86.73664396560041,88.1167194862883,32418000
2020-12-01,89.0948257446289,90.40294282397186,87.49044706213408,87.67058926121352,37350000
2020-12-02,90.56421661376953,90.94980721667606,88.58914191662642,89.09481973864247,29424000
2020-12-03,90.40888977050781,91.50013942106152,90.168700204573,90.34437479252027,24728000
2020-12-04,90.50418090820312,90.7890236553359,89.99948744675892,90.32850630008762,20544000
2020-12-07,90.17019653320312,90.77859855213794,89.4759411272012,90.09674637845352,22288000
2020-12-08,89.8873291015625,90.11759154794318,88.89235211475021,89.74788739186799,19936000
2020-12-09,88.22638702392578,90.73295326690491,87.43933447683615,89.8392011100304,31728000
2020-12-10,87.7197036743164,88.08394826570479,86.0264959983759,87.46909479344431,28688000
2020-12-11,88.07453918457031,88.19910157718995,86.97981369971886,87.34009054339363,18628000
2020-12-14,86.95598602294922,88.81890924399337,86.80065786516951,87.87206853297646,33050000
2020-12-15,87.39366912841797,87.53857037296576,86.43044991788793,87.33312197376682,21352000
2020-12-16,87.20064544677734,87.79217675488445,86.79719957450624,87.79217675488445,24676000
2020-12-17,86.3729019165039,87.67308350632767,85.9084166720359,87.53512591403275,34880000
2020-12-18,85.66374969482422,86.7624505284676,85.10695960958034,86.65377457814161,85256000
2020-12-21,86.07762145996094,86.19870821457275,84.06482960264226,84.81565683297735,33974000
2020-12-22,85.36601257324219,85.98086620916249,84.64942666723742,85.81809457702732,20370000
2020-12-23,85.76350402832031,86.55154859463029,85.41463845328948,85.55011993593516,22974000
2020-12-24,86.05776977539062,86.46717488960903,85.57094668185455,85.8017013279546,9312000
2020-12-28,88.03284454345703,88.67995556645543,86.43790089801071,86.5912375649003,27650000
2020-12-29,87.22891998291016,88.75290469779057,87.09741391594572,88.691373155201,19726000
2020-12-30,86.16149139404297,87.72517717388291,85.75208625390715,87.58821155391553,21026000
2020-12-31,86.974853515625,87.21602750872316,86.15355195162485,86.21211520633824,21070000
2021-01-04,85.6592788696289,87.46363865106508,84.71689827186873,87.3400758073068,37324000
2021-01-05,86.35006713867188,86.68652187444044,85.20124606667888,85.6076753306863,20360000
2021-01-06,85.49800872802734,86.54460545984638,84.1690528949986,84.3754932976986,46588000
2021-01-07,88.05171203613281,88.22440320804346,85.69054682012181,85.69054682012181,41936000
2021-01-08,89.21739196777344,89.29331822175078,87.4006138422846,88.191641679299,35484000
2021-01-11,87.15596008300781,88.54993029849837,86.95001949954259,88.18468618909493,34796000
2021-01-12,86.22005462646484,87.73212854927601,85.17544937290144,86.61358093635074,29528000
2021-01-13,86.70736694335938,87.16094060271311,85.71833405616691,85.71833405616691,23432000
2021-01-14,85.89698028564453,87.7147504644655,85.65629851518884,86.78774893221043,29212000
2021-01-15,85.73321533203125,86.72571621304921,84.94368675719375,85.80269009081528,31444000
2021-01-19,88.55440521240234,89.51564055637627,85.99176721747224,86.49645306604887,41660000
2021-01-20,93.29855346679688,94.27368371302536,90.29326108063897,90.63368359442,64152000
2021-01-21,93.50102996826172,95.87955813281762,93.26580772759824,93.97247397752348,58634000
2021-01-22,93.91838073730469,94.50544439835653,93.12140106015978,93.86379288072814,32744000
2021-01-25,94.00373077392578,95.37041104765358,92.26090239757879,94.91981325917729,50586000
2021-01-26,94.6821060180664,95.06918077277226,93.10304122733542,93.59234042721772,31462000
2021-01-27,90.26498413085938,93.31841329790922,89.19010540093252,93.0424981499985,82512000
2021-01-28,91.96514129638672,93.69159105835183,90.86346464048778,90.86346464048778,55278000
2021-01-29,90.68281555175781,91.68425159297891,89.40249609555491,91.01331852253465,44530000
2021-02-01,93.94369506835938,95.05876695305972,91.537869114529,91.537869114529,40252000
2021-02-02,95.23643493652344,96.73758979165359,94.603710954502,94.93918134758349,66332000
2021-02-03,102.17202758789062,104.54112860676844,99.922521611961,102.50600624841188,97882000
2021-02-04,101.91148376464844,102.68910130885799,100.99192568967557,102.25835779899022,48596000
2021-02-05,103.65827941894531,104.01111275805967,101.73134112371685,102.20575339863728,29866000
2021-02-08,103.44439697265625,104.95697040723631,102.39384015907453,104.21259473058925,28828000
2021-02-09,102.99131774902344,104.13864697563528,102.72383804284246,102.96203612678922,21892000
2021-02-10,103.54167175292969,104.1570250983957,101.84251204141984,103.37592426780195,25102000
2021-02-11,103.6543197631836,103.91484823820412,102.66727833879833,103.76597915086751,20480000
2021-02-12,103.9659652709961,104.1877847485389,102.90100612778934,103.20868656852795,18990000
2021-02-16,104.74359130859375,106.45267806427309,103.80319453901487,103.80319453901487,31004000
2021-02-17,105.1366195678711,105.32618913024353,103.63447293017356,103.91385613661629,20294000
2021-02-18,104.50091552734375,105.30385447020758,103.88159440474723,104.46072238989566,22546000
2021-02-19,103.65728759765625,105.13462765654127,103.39030764472844,104.59917603105531,37938000
2021-02-22,101.9427490234375,103.23647893744953,101.63210028023519,101.9099993387489,29466000
2021-02-23,102.2335433959961,102.84790471803919,98.7652498236748,99.94434439439259,34658000
2021-02-24,103.40916442871094,103.63297538297377,100.61627147183141,100.74082627734853,22608000
2021-02-25,100.04161834716797,103.36897879825909,99.57216580668543,102.02562835554662,41548000
2021-02-26,100.3373794555664,102.05490166561077,99.30021775417421,100.7363652714973,40042000
2021-03-01,102.70697784423828,103.03301325641854,100.95819013474573,101.63209913010583,26060000
2021-03-02,102.44992065429688,103.95157512845779,102.06235368431534,102.46778343065205,25564000
2021-03-03,99.81632232666016,103.02110427360444,98.95234399009125,101.82812222319419,33892000
2021-03-04,100.93388366699219,102.95163541392552,99.51956667031071,99.98802727764506,49216000
2021-03-05,104.06719207763672,104.52026594581169,100.62867233193391,102.28466284780541,53100000
2021-03-08,99.6222915649414,104.89445355872637,99.50765630191395,103.42158844138253,36868000
2021-03-09,101.25296020507812,102.42212772357182,101.01674600755987,101.71894467377746,33920000
2021-03-10,101.04603576660156,102.29708138284172,100.20935509208553,102.29708138284172,27100000
2021-03-11,104.23939514160156,104.77187091897011,102.05142854718905,102.13926584834769,27702000
2021-03-12,101.7313461303711,103.10149446258991,100.85893998678274,103.04194682941647,33818000
2021-03-15,101.9516830444336,101.97897318600187,100.62917885594194,101.48223051757223,26168000
2021-03-16,103.41313934326172,104.89146380814894,102.19235989786293,102.52484679250944,31900000
2021-03-17,103.33026885986328,104.16297408675445,101.43955571786044,102.64792444093051,26382000
2021-03-18,100.30909729003906,102.66181951662611,100.2019054886591,101.64102887234584,31700000
2021-03-19,100.5879898071289,101.08820812478666,99.39549992944659,100.72545519221457,46072000
2021-03-22,100.7730941772461,101.64897601791101,99.9448489322674,100.62124164348486,33536000
2021-03-23,101.30109405517578,102.43155255458386,100.6395958801365,101.23261124865263,28510000
2021-03-24,100.86439514160156,102.60473976614479,100.68921273652307,101.81867923928972,25218000
2021-03-25,100.86092376708984,101.51497849194996,99.05605651294476,100.69170066123667,35616000
2021-03-26,100.47732543945312,101.20482275574092,99.44114815336599,100.82767512282554,27978000
2021-03-29,101.52243041992188,101.69215330390179,99.52055755994432,100.3497947664904,26492000
2021-03-30,101.5561752319336,102.3600985997057,101.04404587909158,101.87923478436586,27312000
2021-03-31,102.35264587402344,103.5307484849651,101.58246421687518,101.94969227085818,42570000
2021-04-01,105.69043731689453,105.98669892569983,103.78732089156456,103.82801379599191,39880000
2021-04-05,110.11597442626953,110.61371653494447,106.45612780582566,106.55240050248781,48510000
2021-04-06,109.63463592529297,110.56461342527915,109.26393976837547,109.71701369040595,35240000
2021-04-07,111.11196899414062,111.38341654754359,109.82519037364484,109.82519037364484,24134000
2021-04-08,111.67770385742188,112.73769574092296,111.30948379590893,112.35111313829853,28664000
2021-04-09,112.68209838867188,112.84586194117158,111.0241239862525,111.43006102264019,26146000
2021-04-12,111.38937377929688,111.99826800652428,110.5556690671648,111.86081020287733,25024000
2021-04-13,111.87620544433594,112.3248193787845,111.31147209584789,111.7054981688155,25682000
2021-04-14,111.25489044189453,112.52132265803313,110.96260423492673,112.52132265803313,21002000
2021-04-15,113.40563201904297,113.93910731506152,111.71441568076216,112.24937512425728,29174000
2021-04-16,113.28157043457031,113.85176324145186,112.69450680826098,113.60363801209377,26282000
2021-04-19,113.62945556640625,114.34058187974813,112.65780076460334,112.65780076460334,30290000
2021-04-20,113.09598541259766,114.08798664621497,112.00969537265847,114.0130523362759,22288000
2021-04-21,113.063232421875,113.14511042002438,111.39929855085491,112.75059219366896,23204000
2021-04-22,111.78141784667969,113.58578546454932,111.17599162675704,112.91683621189621,24146000
2021-04-23,114.13414001464844,114.44132071147847,112.2146449476843,112.49998747236313,29066000
2021-04-26,114.63037872314453,115.35490771445889,114.00460611598119,114.36190704701553,32038000
2021-04-27,113.68999481201172,115.05319189753914,113.45079717646414,115.01249899515436,44386000
2021-04-28,117.06746673583984,120.65733919240779,116.77864861756532,118.72791724786315,81106000
2021-04-29,118.7408218383789,119.3065470422006,117.80240903725968,118.56564700649055,41234000
2021-04-30,116.79256439208984,118.19943039371044,116.44816640568712,117.51311809663473,44856000
2021-05-03,116.27545166015625,118.18452723288044,115.89929599373691,117.35876574374358,28242000
2021-05-04,114.47654724121094,115.37773525338912,111.98785142103567,114.81002610533777,44818000
2021-05-05,114.87057495117188,115.87448718948492,114.54850735953089,115.55837890460862,26636000
2021-05-06,115.9911117553711,115.9911117553711,113.7922258951969,114.45174020961404,25190000
2021-05-07,116.71463012695312,117.67338940045705,116.42829567342216,117.30815282057624,28898000
2021-05-10,113.72819519042969,115.67597966626334,113.37039450678947,115.534046710745,30914000
2021-05-11,112.65184020996094,113.15900979976799,110.85839167705417,111.31246512837205,34186000
2021-05-12,109.18750762939453,111.5561162328278,108.85849635134446,110.47478602478672,46376000
2021-05-13,110.61622619628906,111.13232339055422,109.50859016058438,110.47131735337267,33204000
2021-05-14,113.06470489501953,113.37932900228232,111.65634743812632,112.0801472464364,31996000
2021-05-17,113.58775329589844,113.63043010621978,111.92977890258439,112.32975663054633,21598000
2021-05-18,112.27517700195312,114.51873100821115,112.26128204938492,114.2542271454535,22204000
2021-05-19,112.72329711914062,112.89648805759676,110.43757351383768,110.58595041306152,23684000
2021-05-20,114.48250579833984,114.73310713657823,113.31978979628988,113.69098569300493,32352000
2021-05-21,113.84629821777344,115.07502083676242,113.60660840966908,115.00157068390298,40632000
2021-05-24,117.16671752929688,117.3905209078687,114.73111797181262,114.87651898938388,31832000
2021-05-25,117.25753784179688,118.30611079968943,116.86698744390246,117.71061174116315,22440000
2021-05-26,118.12300872802734,118.55375229526585,117.4356969215563,117.43867278904202,21572000
2021-05-27,117.24810791015625,118.55671711942162,116.92951595867764,118.55671711942162,35224000
2021-05-28,116.95877838134766,117.91257022947067,116.76028124331418,117.83069224238149,21482000
2021-06-01,118.16615295410156,118.39095584312635,116.83123814300086,117.83168217765606,23354000
2021-06-02,117.6406478881836,118.78450163427122,116.73597664095516,118.56168261975796,21158000
2021-06-03,116.49876403808594,116.96722459641707,115.60253582286343,116.4069589139595,18696000
2021-06-04,118.78101348876953,119.05196883289784,117.2346984558086,117.57512855840817,24458000
2021-06-07,119.21424865722656,119.32392413070295,118.15724030193509,118.57607279219508,24120000
2021-06-08,119.02269744873047,120.06879431068795,118.8410711054014,119.69611425817284,24240000
2021-06-09,119.494140625,119.73928242428627,118.94627815938065,119.66733155702187,17942000
2021-06-10,120.84343719482422,120.88661377093757,119.287694745619,119.44351508642232,25904000
2021-06-11,120.59879302978516,121.17047000516757,120.04100343499866,121.08511637699016,21958000
2021-06-14,121.52727508544922,121.52776727722208,119.99336321142542,120.7010138258984,22098000
2021-06-15,120.50897216796875,121.85479867979801,120.1481955864892,121.5317391337335,21562000
2021-06-16,119.8668212890625,120.97197359175446,118.57409090880724,120.66032532200343,26472000
2021-06-17,120.8305435180664,121.60370111962469,119.59636878457852,119.79238984947777,25842000
2021-06-18,119.21028900146484,120.69109729937942,119.11500823804992,120.45686700018894,46116000
2021-06-21,120.8990249633789,121.08511889610858,118.99937664421553,119.59686719825068,27414000
2021-06-22,121.41313171386719,121.48211428370058,120.15613450667915,120.83698717040798,22390000
2021-06-23,121.2111587524414,122.17239413660434,120.92085647379636,121.17790930527332,19148000
2021-06-24,121.58136749267578,122.13269801966713,121.38287032972356,121.779864655628,21362000
2021-06-25,121.58980560302734,121.71337603387175,120.65338419848014,121.08511970218902,34594000
2021-06-28,121.6170883178711,121.86422157689813,120.49506530954162,121.75851393538643,28526000
2021-06-29,121.3555679321289,122.09845947524772,120.77843143323554,121.750585903445,23108000
2021-06-30,121.17393493652344,121.34018216338318,120.44444619404047,121.07964614267887,24474000
2021-07-01,121.52628326416016,121.66770889111173,120.62012792060024,120.81217357840106,18110000
2021-07-02,124.31818389892578,124.46358492049245,122.13666881147289,122.22649002373326,25982000
2021-07-06,125.24369812011719,125.4799123179405,123.64824707773293,124.70625497523152,26404000
2021-07-07,125.52556610107422,126.32948945977284,125.20697413933541,126.208410278611,24060000
2021-07-08,124.10628509521484,124.6536477834332,123.09195356628405,123.0959213892183,23790000
2021-07-09,124.57723236083984,124.7916083872216,123.61748109045698,124.08743338198082,18632000
2021-07-12,126.02330017089844,126.11659701235094,124.66903075282382,125.2317800964702,17668000
2021-07-13,126.38655090332031,127.09717735782496,125.72455299411631,126.0858217415927,19240000
2021-07-14,127.27534484863281,128.3566826384462,126.95526116951177,126.99843774774149,23742000
2021-07-15,126.05258178710938,127.73487061260049,125.58114534521543,127.68425815211094,24218000
2021-07-16,126.0178451538086,126.8530340257524,125.20747031972039,126.70564909050017,20424000
2021-07-19,123.64379119873047,125.25858921852814,122.57883200311225,125.14395396093992,27968000
2021-07-20,125.26304626464844,126.09029189296702,123.4179859291458,124.5861538619806,26312000
2021-07-21,126.5925064086914,126.6391510453154,125.0784411915478,125.18761690110053,20746000
2021-07-22,127.45845794677734,127.51950487431337,126.54288276082305,126.88529680984055,14302000
2021-07-23,132.0175323486328,132.39865543395226,128.82714473165672,129.4524101224055,41506000
2021-07-26,133.0298614501953,133.23034251225275,131.3093559344711,132.32866235257328,30572000
2021-07-27,130.91085815429688,133.39112593555546,129.12833653384382,133.2437410108282,54710000
2021-07-28,135.07342529296875,137.2599079039197,134.26305040717065,135.28979281293505,95130000
2021-07-29,134.75929260253906,135.63616633400994,134.52655404007479,135.12899677919694,31716000
2021-07-30,133.71615600585938,134.28982435675994,133.24819528667174,134.02234467319062,25576000
2021-08-02,133.8432159423828,134.32159603083082,132.79066767952273,134.10374439184372,21634000
2021-08-03,134.6129150390625,134.71413996372158,132.31974039561504,134.1216167474908,20762000
2021-08-04,134.11219787597656,134.63227046149845,133.4784819870635,134.33451713154457,19676000
2021-08-05,135.229736328125,135.32750833169953,133.83477396423808,134.66301914321753,17870000
2021-08-06,134.72059631347656,135.44910079449588,134.196071269819,135.0218328558006,20488000
2021-08-09,135.88629150390625,136.15527055748314,134.32458951731195,134.9230796484028,17760000
2021-08-10,135.7810821533203,136.739341684584,135.3418956435353,136.3120586436504,19414000
2021-08-11,135.25704956054688,136.6500129504423,135.24959853381438,136.15277807095418,15352000
2021-08-12,136.16519165039062,136.27039955007274,134.40995981317207,134.95582328461904,16506000
2021-08-13,136.69467163085938,136.82271722045272,136.00539109097147,136.22075907791498,15948000
2021-08-16,137.27230834960938,137.3249198670096,134.2843860879526,136.4936912096848,22384000
2021-08-17,135.6366729736328,137.22864843735246,135.06152034652905,136.71701126967452,21716000
2021-08-18,134.43325805664062,136.07634558098277,134.30671177014443,135.47637140289288,19258000
2021-08-19,134.66250610351562,135.32996352122413,133.2432371779156,133.4273471733115,21782000
2021-08-20,136.39891052246094,136.52247337439283,134.23575039027023,134.9801260855952,31194000
2021-08-23,138.9913330078125,139.8180789523817,136.57557987363364,136.93486475189124,28454000
2021-08-24,140.20217895507812,141.01453771679073,139.2860964529623,139.55704424673573,19268000
2021-08-25,141.01353454589844,141.12321001802496,140.31581862814912,140.56294433294897,15848000
2021-08-26,140.3798370361328,141.34950029059405,140.29695193911797,140.6870101446203,20610000
2021-08-27,142.92408752441406,143.42877334902713,140.43588418463617,140.5902203658404,28780000
2021-08-30,143.50621032714844,144.87586650188038,143.08191071362054,143.3171329571625,24434000
2021-08-31,143.61239624023438,144.08284070648722,143.1990308749765,144.05853400521448,22448000
2021-09-01,144.12652587890625,145.15723608656572,143.79701482675657,143.91264203896188,21936000
2021-09-02,142.21249389648438,144.4282505704674,142.1112538267308,144.12702918117816,32342000
2021-09-03,142.6615753173828,143.07395626316057,141.33261222025337,142.00752066125906,19850000
2021-09-07,143.19854736328125,143.4809140278703,142.54200890024745,142.7558927513599,20124000
2021-09-08,142.61343383789062,143.31711657655697,141.9276214453262,143.01937843726546,18344000
2021-09-09,142.46458435058594,143.22831458600484,142.10381533079317,142.76183791118086,15314000
2021-09-10,139.81956481933594,143.63324834342055,139.6825992095329,143.13103101123474,36840000
2021-09-13,141.26513671875,141.87799874708952,140.1907502683079,140.88499809629892,22094000
2021-09-14,141.47555541992188,142.2879293728358,140.6870186953344,141.92317737522325,19674000
2021-09-15,143.34642028808594,143.3672589310745,140.28753163392904,141.70084898830657,27408000
2021-09-16,142.53306579589844,143.21789389256512,141.33363224313416,142.871012257135,26190000
2021-09-17,139.74412536621094,142.3742466109802,139.41659826215943,141.95789782730313,53384000
2021-09-20,137.67922973632812,137.95762854767855,135.29971724995474,137.12541555299168,46518000
2021-09-21,137.99038696289062,138.961549489437,137.24104391217074,138.70150564295537,25332000
2021-09-22,139.23150634765625,139.83048106126535,137.51249995610252,138.25935937751655,25056000
2021-09-23,140.15699768066406,140.63389359261095,139.34860686187037,139.93021088227076,20952000
2021-09-24,141.14852905273438,141.26317188611173,139.18933300671583,139.4846026662083,22984000
2021-09-27,140.0140838623047,140.87408668323022,139.0171154416389,139.7485880718307,21882000
2021-09-28,134.8114013671875,138.0534004027572,134.34492472467014,137.61521342871015,45772000
2021-09-29,133.34597778320312,136.1224998181307,132.86114615387476,135.952776944704,30848000
2021-09-30,132.67352294921875,134.5260264161904,132.55442770740598,133.2546423056328,37996000
2021-10-01,135.51905822753906,135.88381020641216,133.06757963803923,133.4392677350906,35360000
2021-10-04,132.6571807861328,134.94092038251742,130.06725246602704,134.94092038251742,51202000
2021-10-05,135.00296020507812,136.195457682752,133.03582852986017,133.03582852986017,32404000
2021-10-06,136.5334014892578,136.7170117498164,133.54101160192383,133.739508771599,24364000
2021-10-07,138.1809539794922,138.99182860687787,137.61125333266637,137.850443401675,25110000
2021-10-08,138.7372589111328,139.2786547710328,138.17350997032952,138.53031118041213,26526000
2021-10-11,137.8722686767578,139.6567893779869,137.81767325329827,138.24743994592924,17954000
2021-10-12,135.42578125,138.46084813693733,134.74193748410298,138.43404261228585,36332000
2021-10-13,136.55027770996094,136.96514241440264,135.49524559946482,136.3721194131422,19654000
2021-10-14,140.09249877929688,140.27759317448889,137.78393763383104,138.4280727926186,31894000
2021-10-15,140.307861328125,140.65524269555343,139.69946688773342,140.55251849051083,30274000
2021-10-18,141.707275390625,141.7251457353719,140.01159169518291,140.01854295640226,20396000
2021-10-19,142.16287231445312,142.58518805329703,141.53065568841217,142.3122411781201,20164000
2021-10-20,140.70587158203125,142.4695538565035,140.3163131219319,142.2631058944433,23288000
2021-10-21,140.82200622558594,141.0899857507834,139.44639818872457,140.70587924060632,26292000
2021-10-22,136.53488159179688,139.52875553803523,135.03571082515822,138.10650299028052,50588000
2021-10-25,136.4163055419922,136.96515247409252,134.4084656297971,136.5185300057674,34412000
2021-10-26,138.26380920410156,139.0324915543169,137.26734051447318,138.21914848241224,49236000
2021-10-27,145.12100219726562,147.5352558412774,138.35958967330268,138.35958967330268,85782000
2021-10-28,144.75526428222656,146.05445366795587,143.54242804880974,146.03113135042497,36206000
2021-10-29,146.93580627441406,147.13033561970673,143.56477703683294,143.99006104419053,43320000
2021-11-01,142.42088317871094,146.93578052178322,142.15141957153645,146.93578052178322,46924000
2021-11-02,144.34188842773438,145.50956421119818,143.25311477300548,143.49528827408025,33482000
2021-11-03,145.49867248535156,145.56913921007816,143.50671917135764,144.8063933276679,27494000
2021-11-04,147.1556396484375,148.61064946538178,145.2108308442372,146.02120570689476,38412000
2021-11-05,147.7357635498047,149.20019319950708,147.08567660753985,148.05087231856265,38354000
2021-11-08,147.9134063720703,149.48552742281953,147.31740001470018,148.70144323665562,23052000
2021-11-09,147.8017578125,148.71088906033273,146.14079981403162,148.11389827574533,19530000
2021-11-10,144.79942321777344,146.95961498797055,143.4536043601575,146.39388220777226,29970000
2021-11-11,144.67335510253906,146.42910128389866,144.5085996148736,145.3909402916239,16518000
2021-11-12,147.5630645751953,147.7337869920276,144.32056534887636,145.51603116453387,22360000
2021-11-15,147.33872985839844,148.42800315960721,146.4683077163778,147.78386805797064,23508000
2021-11-16,146.76705932617188,147.64690125348622,146.2077780831521,147.03850684850835,18904000
2021-11-17,146.93678283691406,147.44543653660836,146.13584294303453,146.91742834177577,19594000
2021-11-18,148.71484375,149.45128376291623,146.77550224440623,147.1298197269716,35608000
2021-11-19,147.80967712402344,149.83438735066673,147.78238698513604,148.85080652363035,33682000
2021-11-22,145.20486450195312,148.7059076930002,145.05152784228244,148.2126406962462,30594000
2021-11-23,144.6887664794922,145.56018822180644,143.03427520363064,145.05698650074015,27218000
2021-11-24,145.02423095703125,145.1527611600918,143.29033776996786,144.38257946964197,18040000
2021-11-26,141.11676025390625,143.47345022970194,140.7788138039504,143.2660178960678,30470000
2021-11-29,144.4391632080078,145.2004097478787,142.81443053508832,142.92013818734432,32596000
2021-11-30,140.8334197998047,144.90514856073972,140.53963428895196,143.9210829537651,42068000
2021-12-01,139.99374389648438,144.8560080310681,139.85529413547832,142.92013447496637,34020000
2021-12-02,141.8938751220703,142.78563565182435,139.1629985850342,140.1907403286436,29194000
2021-12-03,140.93663024902344,143.31714251294005,139.24888176478848,142.603540088609,41230000
2021-12-06,142.08145141601562,142.77371527498664,139.09898165315073,141.96780813545473,30618000
2021-12-07,146.16513061523438,146.42467472211027,144.138436129141,144.5046722790173,32240000
2021-12-08,147.07522583007812,147.2801896212736,145.30809084120318,146.48965394073545,24270000
2021-12-09,146.53135681152344,147.98189902251838,146.01178401342344,146.48421241020347,23270000
2021-12-10,146.8916473388672,147.8603263554127,145.60387655241385,147.584910934077,24458000
2021-12-13,144.7329559326172,146.86037554582492,144.42626742648753,146.67328207860228,27070000
2021-12-14,142.8278350830078,143.3965362015146,140.15602113354242,142.88838224618928,38446000
2021-12-15,145.3428192138672,145.62071825548696,140.61553692266676,142.33355877435457,36370000
2021-12-16,143.36180114746094,146.56955875627122,142.53007278515918,146.06685680328061,33650000
2021-12-17,140.66221618652344,142.7558942261801,140.2404002149466,141.43139843606167,50416000
2021-12-20,140.54507446289062,140.7113292733153,138.27622180996892,138.95013079239632,27192000
2021-12-21,142.39659118652344,142.79011743592406,139.4488622569165,140.9882260878411,28756000
2021-12-22,145.3170166015625,145.4013858438992,141.9946312572679,141.9946312572679,26322000
2021-12-23,145.8147735595703,147.1318182358359,145.3537488598615,145.40139302599,26384000
2021-12-27,146.79736328125,147.23158252773206,146.06589042951018,146.15174383730547,15976000
2021-12-28,145.58697509765625,147.18688605386762,144.95922615738593,147.12435498406532,18200000
2021-12-29,145.55520629882812,146.31150052438304,144.5552695994406,145.54478697871397,17788000
2021-12-30,145.10414123535156,146.19539861632148,144.89969233180167,145.59394023080418,15688000
2021-12-31,143.76576232910156,145.59841206525712,143.76576232910156,144.95477660937993,18136000
2022-01-03,143.90419006347656,144.7572416495097,142.63527431481612,143.9672057510473,28646000
2022-01-04,143.316650390625,145.38650621065128,142.6387735560891,144.30566816404834,28400000
2022-01-05,136.74180603027344,143.41588090539815,136.65546802283728,143.33697877967595,54618000
2022-01-06,136.71449279785156,138.8905555091398,135.5344140258664,135.97111677308752,37348000
2022-01-07,135.989501953125,137.41027034450386,134.74837599268508,137.109533589017,29760000
2022-01-10,137.6295928955078,137.77847711136317,132.16588595061782,134.0650342896381,44408000
2022-01-11,138.68809509277344,139.16450641786577,135.6674310302053,136.97207234315368,28730000
2022-01-12,140.36990356445312,141.53857889929625,139.63943036795163,140.09150474264098,26108000
2022-01-13,137.54774475097656,141.7787770936722,137.37107060354336,140.47858803319025,31436000
2022-01-14,138.4345245361328,139.68656954146815,135.97114257121223,136.05102908212427,29662000
2022-01-18,134.9781494140625,136.10314842718847,134.42285105215512,135.15382402606036,34872000
2022-01-19,134.103271484375,136.924954324365,134.00303093607937,135.49971818596012,28648000
2022-01-20,132.30780029296875,136.59392702460264,131.96737020442174,135.22823884786024,29908000
2022-01-21,129.37399291992188,133.85413470989914,129.11098076605415,131.59918447816986,55652000
2022-01-24,129.82308959960938,130.21909952147814,123.56636302838503,125.03327622017262,76622000
2022-01-25,125.98310852050781,128.42863539946603,125.55187278454918,127.77458065092937,46960000
2022-01-26,128.26388549804688,132.0026351291837,126.18856248123481,130.13574398925348,49130000
2022-01-27,128.03756713867188,131.65770522937257,127.96560114019877,130.31932241896405,31950000
2022-01-28,132.35098266601562,132.35644978053813,127.52147605383999,128.68666808776362,34362000
2022-01-31,134.2888641357422,134.45710287849602,131.2180716800117,133.15592938853976,39986000
2022-02-01,136.6117706298828,136.75965530146428,133.3608369631448,136.56264232731135,68644000
2022-02-02,146.89015197753906,150.41005044814193,144.43123734697568,150.11578031488366,123200000
2022-02-03,142.01695251464844,148.5525777136567,141.5956363601921,144.6128476273502,71518000
2022-02-04,142.21844482421875,143.78858213047806,139.4612771720624,142.3688132081946,57998000
2022-02-07,138.15711975097656,143.16825272340563,137.85836692860573,143.16825272340563,54974000
2022-02-08,138.3536376953125,138.95012868811895,135.98652845498887,137.98393352600814,54284000
2022-02-09,140.53018188476562,141.45569926676154,139.13571933998102,139.90640076704875,40144000
2022-02-10,137.58047485351562,140.42349572216153,136.92245230630547,138.65586088469732,39330000
2022-02-11,133.2755126953125,138.11295539537267,132.39962332012644,137.5606404788322,39958000
2022-02-14,134.5096893310547,135.27788715232825,132.25720762086638,132.25720762086638,34302000
2022-02-15,135.58407592773438,137.07282740423187,134.80297510881232,136.5388523034239,26680000
2022-02-16,136.70509338378906,137.05047569540287,133.91218535408186,135.62177176243202,25022000
2022-02-17,131.5450897216797,136.08527894268366,131.48504232159402,135.22130816652052,38950000
2022-02-18,129.42510986328125,133.06461847926178,129.2201611900481,132.46612837230094,45620000
2022-02-22,128.8400115966797,131.18925024339552,127.26192379084993,128.8643182954154,44990000
2022-02-23,126.6312026977539,131.06073168464098,126.5711553027141,130.6612537057356,32786000
2022-02-24,131.69595336914062,132.00264189308302,124.01648090757979,124.01648090757979,54456000
2022-02-25,133.45118713378906,134.25709440677767,130.76348675698117,132.55049129326056,36406000
2022-02-28,134.04420471191406,134.73348521833475,131.5981781769132,132.05225159221422,38864000
2022-03-01,133.05616760253906,135.23371506860198,132.21950209052739,133.86704226332247,26496000
2022-03-02,133.56234741210938,134.24815989047295,132.07359595195584,133.6184269882909,23520000
2022-03-03,132.8953857421875,135.41633147676816,132.02793179963612,134.99004795968622,24604000
2022-03-04,130.9173126220703,132.84773411932804,129.36007848583986,131.93066729654552,30430000
2022-03-07,125.4307861328125,130.74711632419786,125.3479086063169,130.50197452038165,45112000
2022-03-08,126.15133666992188,130.26574953506457,124.73206001019544,125.30324479087164,40428000
2022-03-09,132.4194793701172,132.73261936692816,128.92637143258065,130.26575405375206,37026000
2022-03-10,131.43641662597656,132.27259751382948,129.9307942927176,130.28164376257828,27102000
2022-03-11,128.89657592773438,132.79214466049783,128.6593698076574,132.48744012522693,31526000
2022-03-14,125.0064926147461,129.43106235138268,124.335567012558,129.27325808126395,38812000
2022-03-15,128.22914123535156,128.88072746557518,124.77771812675637,126.02380390981074,30920000
2022-03-16,132.28102111816406,132.33311772405185,127.76910672795162,129.75262441968042,35576000
2022-03-17,132.83534240722656,133.07503224064973,131.19373888959393,132.15051431173177,28264000
2022-03-18,135.1046905517578,135.22230167112554,131.2666850458185,132.42394150815238,44566000
2022-03-21,135.0808563232422,136.0222449574991,133.0869194437915,135.1423878626477,26832000
2022-03-22,138.81912231445312,139.99226524903366,135.08087260988333,135.08087260988333,35496000
2022-03-23,137.2385711669922,138.5417285094916,136.80138367889504,137.66237103767637,25154000
2022-03-24,140.51036071777344,140.55700535804056,136.71751540077963,138.15613908829116,26396000
2022-03-25,140.61058044433594,140.9698652761117,138.68959391227574,140.8517544009212,24126000
2022-03-28,140.39471435546875,140.93760943218095,138.7630305417239,139.84386848888616,35050000
2022-03-29,141.4368438720703,142.71519472589625,140.97335063207385,141.57779246166834,34318000
2022-03-30,140.87408447265625,141.65021781088518,140.53812197630958,141.39167328610918,19884000
2022-03-31,138.0246124267578,141.04230801546345,137.98193561849044,140.9877125953769,37524000
2022-04-01,139.09950256347656,139.4175947580096,137.2703210012843,138.453883236437,25942000
2022-04-04,141.89935302734375,142.63430898174366,139.2583123546928,139.3059565218583,25942000
2022-04-05,139.53671264648438,141.91820924459833,139.32978006321648,141.79762982217596,21418000
2022-04-06,135.5240020751953,138.31541054878005,134.50072794464424,137.70948469684797,32468000
2022-04-07,134.86949157714844,136.13592396737522,133.22093656578176,134.9900710123702,26234000
2022-04-08,132.28797912597656,134.65260481245758,131.96838763466556,134.56675141890017,25142000
2022-04-11,127.8574447631836,131.10192750746063,127.70360833102498,130.83494754462106,36884000
2022-04-12,126.75675201416016,130.61311975477608,125.83819349438248,130.61311975477608,32710000
2022-04-13,128.91990661621094,129.35660942683415,126.78305234113374,127.04011273465291,27928000
2022-04-14,125.77964782714844,129.5010341712906,125.65160981411958,129.5010341712906,31598000
2022-04-18,126.71904754638672,127.25102357948299,125.23575564563903,126.04762222036051,20808000
2022-04-19,129.0340576171875,129.35561786649717,126.04711985372514,126.73393183820416,26490000
2022-04-20,127.07981872558594,130.41363823819555,126.54387486028567,129.91043648589024,31696000
2022-04-21,123.87850189208984,129.12287322992793,123.59265963521985,128.28074070309174,36446000
2022-04-22,118.73834228515625,124.46160122256957,118.03317534641822,124.06261542731319,56884000
2022-04-25,122.15106201171875,122.35303480833002,117.62228414008575,118.20785607828329,46128000
2022-04-26,117.76024627685547,121.59130077881997,117.62228869712972,121.37741693245442,73054000
2022-04-27,113.43739318847656,116.3627840575596,111.89107816216398,113.6110762978176,91820000
2022-04-28,117.63369750976562,118.75224503349594,113.25924819107051,115.54200349366656,48884000
2022-04-29,113.2537841796875,117.03571013783196,112.96099821693325,115.85909917190497,42676000
2022-05-02,115.70873260498047,115.87001248679226,111.75559982416154,112.55456335153875,35534000
2022-05-03,116.45410919189453,117.55380196982412,115.16435465778821,115.55738116745341,24968000
2022-05-04,121.34416198730469,121.93320955294836,114.25273835602403,116.15387837554545,49916000
2022-05-05,115.63182067871094,120.13132441982566,114.14306924777586,119.30258703193357,45840000
2022-05-06,114.87850952148438,116.68982830154226,113.16049515980836,114.32072750015296,39710000
2022-05-09,111.66726684570312,114.2140259534267,111.1605970905631,112.40072341287154,40802000
2022-05-10,113.53714752197266,115.37824019184765,112.05385557858307,114.64130790321892,39900000
2022-05-11,112.75059509277344,115.49188386833971,112.38734239433477,112.38734239433477,37534000
2022-05-12,111.99777221679688,113.437887434489,109.00091505173944,110.54227032758833,53836000
2022-05-13,115.18022918701172,116.99104817996168,112.75307250236035,113.67410719481575,35038000
2022-05-16,113.5867691040039,115.2988317009477,113.03543859089471,114.0934388924006,25990000
2022-05-17,115.59957885742188,116.02337876069228,114.00860276257595,115.96432331033483,23054000
2022-05-18,111.06035614013672,114.53460916918733,110.71893406247878,114.13760728159772,35126000
2022-05-19,109.55622100830078,112.16252780264969,109.1750980007813,110.59586629730997,34144000
2022-05-20,108.0912857055664,111.34222744755039,105.00312313802856,111.11146523229964,48962000
2022-05-23,110.65194702148438,111.3065015318097,107.92554522357145,108.76570147382164,37184000
2022-05-24,105.17533111572266,105.66017033298499,101.12046571648337,104.9788178581926,76780000
2022-05-25,105.01156616210938,105.70135403815657,103.07767643363695,104.19820785575082,40258000
2022-05-26,106.98416137695312,107.83472935545615,104.43591035610642,104.88452423587293,37948000
2022-05-27,111.4742202758789,111.47571199545855,108.32005116042606,108.66197297575128,37914000
2022-05-31,112.90889739990234,114.86710140737668,111.23801982101067,111.90100974803613,50012000
2022-06-01,113.03791046142578,116.22334524027508,112.4007265817402,113.99369385313507,36606000
2022-06-02,116.74043273925781,117.01535590801267,112.0995036968005,113.1451007120963,37992000
2022-06-03,113.68205261230469,115.44920287025536,112.66722129124575,115.19214245668354,26136000
2022-06-06,115.94446563720703,118.4520163103312,115.29288697757941,115.82933061507269,33542000
2022-06-07,116.27098846435547,116.8084316076851,114.18922165172008,114.61450564492854,31590000
2022-06-08,116.31517028808594,117.68135097510425,115.72562289754279,115.88591085062366,26108000
2022-06-09,113.9743423461914,117.41187026218664,113.91528690568272,115.45515051267915,25798000
2022-06-10,110.327880859375,112.42950168530383,109.5383447471123,111.6017563504371,41452000
2022-06-13,105.59465789794922,107.97566213644032,105.32321034517643,105.98570048108614,47252000
2022-06-14,105.91522979736328,107.11516302340985,105.0065983723719,105.73608714050434,33706000
2022-06-15,108.94136810302734,110.58792369792694,106.86207751338269,107.73100798954947,39698000
2022-06-16,105.23834991455078,107.83373777282833,104.34956513406651,106.41694479005933,51684000
2022-06-17,106.34001922607422,107.88435035184875,104.25824499723922,105.23834264435271,51376000
2022-06-21,110.70751953125,111.6459323463121,107.78559662841934,108.11262398002309,47416000
2022-06-22,110.65145111083984,112.49650392931514,109.55473424500163,109.72743298190343,30774000
2022-06-23,111.40028381347656,111.89703403190568,109.67185020461025,111.38986449241077,28362000
2022-06-24,117.0903091430664,117.19353312859221,112.10547355859575,112.14765818472281,41164000
2022-06-27,114.96484375,117.69024552311903,114.31574132866179,117.3860483325213,36420000
2022-06-28,111.16755676269531,116.4297990650934,111.00925273017768,114.93409628469169,35792000
2022-06-29,110.86383819580078,112.31189663204833,110.04105259478725,110.71546131167834,24716000
2022-06-30,108.14588165283203,110.05644906667376,105.94947953010497,109.17510771252034,43170000
2022-07-01,107.92207336425781,108.43072706417608,105.93012023346462,107.12360200109673,35476000
2022-07-05,112.41363525390625,112.52677878685982,104.93861261421623,106.29734968195305,39342000
2022-07-06,113.71281433105469,114.72268583730312,110.64003080778706,112.45234149088837,37432000
2022-07-07,117.89225006103516,118.29570349695413,113.97237368361536,114.21702331596285,40936000
2022-07-08,118.45845794677734,118.78746921249528,116.02484225798968,116.37073191522165,38238000
2022-07-11,114.80902862548828,117.1131221270681,114.46562264821,117.1131221270681,31196000
2022-07-12,113.16545867919922,116.09680918580032,112.83743934520429,115.34349827319495,29960000
2022-07-13,110.51844787597656,113.33963043551984,110.36758731712142,110.86333799664993,43722000
2022-07-14,109.53984832763672,110.25990976214192,107.56030598074837,109.38402798124689,37004000
2022-07-15,110.93927764892578,112.29206306351027,110.06836316457388,111.16061252157375,46770000
2022-07-18,108.2123794555664,112.82751047657966,107.55733275345759,111.79530855999529,43164600
2022-07-19,112.95653533935547,113.16495963876075,108.73840612847393,110.01873331526212,36530900
2022-07-20,113.04586029052734,114.5346117230483,111.63651075173104,112.32133126160736,35600400
2022-07-21,113.4825439453125,113.69097578804946,110.27677042918938,113.42299631720513,32676200
2022-07-22,107.09085083007812,111.4975497677554,105.70134802702376,110.16760216901068,48901200
2022-07-25,106.70378875732422,109.04609181369489,105.50286340953636,107.59704120630998,34690900
2022-07-26,104.2324447631836,106.39609710232087,103.28957190469941,105.80059805632132,47991000
2022-07-27,112.21215057373047,113.05578240581903,107.20002551652622,108.44065165526703,59858500
2022-07-28,113.36345672607422,113.4825519907323,110.62415205622167,111.5273315315114,32816600
2022-07-29,115.44772338867188,115.83479819761281,112.21216780186455,112.23202206355404,37223400
2022-08-01,113.9986572265625,115.84470955891426,113.48255250344202,114.4353600580981,26034300
2022-08-02,114.2666244506836,115.47747674496975,112.8672021368574,113.14510117380554,20236000
2022-08-03,117.19451141357422,117.73046282343833,114.61401051481387,114.84228148786751,28499000
2022-08-04,117.30369567871094,117.88926763439125,116.01344134911656,116.59902087697859,21602900
2022-08-05,116.5890884399414,117.22428844560957,115.13011082398499,115.35838937548199,19159500
2022-08-08,116.42036437988281,119.24899057090587,116.00350822632574,117.50218677995531,19138300
2022-08-09,115.75537109375,116.44019910147966,114.84227213156414,116.26154864607977,19086500
2022-08-10,118.80235290527344,120.01320519651877,117.52203342714638,117.88925390839957,30930400
2022-08-11,117.94880676269531,120.57893573886966,117.67090771413612,120.37051145245026,24293700
2022-08-12,120.76751708984375,120.76751708984375,118.56416374756623,119.35816754426888,19096300
2022-08-15,121.16452026367188,121.38287168867272,119.70554262587667,120.22163979863927,19494800
2022-08-16,120.78736877441406,121.51189783679357,119.73532013661259,120.60871829137403,19041200
2022-08-17,118.65349578857422,120.38044538230633,118.48476486626201,119.21922104715102,22847000
2022-08-18,119.26884460449219,119.91397177569962,117.82972116826019,118.53439597699447,17987700
2022-08-19,116.3310317993164,118.25648600514175,115.8844094146696,118.16715698490374,21809500
2022-08-22,113.38330841064453,114.76288414973949,112.99623363908157,114.33610843081347,21456600
2022-08-23,113.00616455078125,114.14754221607616,112.57938881757295,112.62901689648295,15870400
2022-08-24,112.83743286132812,113.91925523756754,112.02358240373205,112.6488552620206,17734600
2022-08-25,115.77523040771484,115.84470516717248,113.25427723682488,113.3832996266231,16956800
2022-08-26,109.5125503540039,114.25671121949163,109.36368127038317,113.85970932808003,37245700
2022-08-29,108.59944915771484,110.1179743580815,107.98410343176194,109.16517438083538,21191200
2022-08-30,108.12305450439453,109.67135354308121,106.99160404194176,109.34382641653404,27513300
2022-08-31,107.40845489501953,110.01872968878591,107.31912587125797,109.82023252604237,28627000
2022-09-01,108.91705322265625,109.62172799554575,106.55490366400493,107.46800272981824,28360900
2022-09-02,107.04122161865234,109.90954864249888,106.4556497164562,109.76067199157715,24160700
2022-09-06,106.00901794433594,107.21987024518616,104.98674323622889,106.49534883381243,25068300
2022-09-07,108.62922668457031,109.15525855226639,106.09835378823291,106.25715000377444,23167000
2022-09-08,107.56725311279297,108.77810551573627,106.35640828203118,107.22980641541218,24238300
2022-09-09,109.82022857666016,110.15767525562512,108.20244722697193,108.25207530196377,23197700
2022-09-12,110.0286636352539,110.78296653033767,109.10563738416695,110.15768604181248,22966800
2022-09-13,103.53768920898438,107.4878459557865,103.30941067987318,106.99159552676103,38172900
2022-09-14,104.21260070800781,104.49049976501348,102.88265305742887,103.78582499269729,26395100
2022-09-15,102.1382827758789,104.48057819770708,101.58247706009536,103.24987906308242,34188300
2022-09-16,102.02909088134766,102.35661040850711,100.18303868602453,101.30456192573307,42797200
2022-09-19,102.29707336425781,102.55512573336215,100.78847524094766,100.98697240353168,23036800
2022-09-20,100.38153839111328,101.60231780519607,99.7661851195669,101.31449164135248,26517100
2022-09-21,98.5354995727539,102.10850171286519,98.52557244239148,100.90757639319294,31487300
2022-09-22,99.3890380859375,100.48078754574622,98.04916340470949,98.07893721973088,34298600
2022-09-23,97.9995346069336,98.91264116986241,96.73906182320323,98.8828597828804,31625400
2022-09-26,97.43382263183594,99.1309984554555,97.06660210321118,97.3643478638111,27072700
2022-09-27,96.76884460449219,99.2500970302484,96.14357171918695,98.68437178006324,30072800
2022-09-28,99.29972839355469,99.94484798785372,96.38177302120951,96.91772447156976,32466300
2022-09-29,96.68943786621094,97.90029020087542,95.24038743081641,97.90029020087542,31047200
2022-09-30,94.9327163696289,98.15834442273268,94.84338734754718,96.32221919924832,32941500
2022-10-03,97.9002914428711,98.54541856387281,95.7961867385492,96.0343924144823,27982000
2022-10-04,100.87779235839844,101.07628951245434,99.62723908573932,99.68679428970093,28850800
2022-10-05,100.66937255859375,101.16562303801653,98.05909776281518,99.0813725388771,22176900
2022-10-06,100.65943145751953,102.15810981757437,99.83565395869242,99.92498297012419,22324000
2022-10-07,97.93998718261719,99.77611229695586,97.56283957404312,99.10121139538383,27502800
2022-10-10,97.12614440917969,98.35684347756712,96.28252010885105,98.2575948961487,18225100
2022-10-11,96.45124816894531,98.50572495067155,95.58776956681797,96.69937342071023,26507100
2022-10-12,96.8283920288086,98.00947060399531,96.01454153781964,96.5703472290624,21876400
2022-10-13,98.31714630126953,99.03174823037912,93.67224133423892,94.43647134205176,34574500
2022-10-14,95.83588409423828,99.93491764089593,95.64731407308213,99.24016247039046,25410700
2022-10-17,99.22032928466797,100.17312936580501,98.08887871505635,98.11865253443845,28419200
2022-10-18,100.01432037353516,102.69407756152302,99.22032413323551,102.35662329095497,24060700
2022-10-19,98.88288116455078,100.26245707797568,98.17820629721868,99.26003642606825,23811100
2022-10-20,99.22032928466797,101.55270519317675,98.64467686934081,99.25010310405007,25323200
2022-10-21,100.37162017822266,100.55027065536837,96.98719581452741,97.11621821439542,32458700
2022-10-24,101.75119018554688,101.97946872710929,99.23024453211379,101.03659588940504,27176400
2022-10-25,103.69650268554688,104.03394937421807,101.94969889168885,102.12834936574457,40611400
2022-10-26,94.21810913085938,97.57275938958455,93.9799110391379,95.70686045543493,88114100
2022-10-27,91.5284423828125,94.71436964764622,91.11159378491239,93.81119011334766,60710900
2022-10-28,95.56792449951172,95.82597688593535,91.43911660546121,91.57806614303196,43697300
2022-10-31,93.80125427246094,95.3098521815377,93.27523005134982,94.70442607779617,31675000
2022-11-01,89.79157257080078,95.30987606963726,89.6923239787276,94.73422363455774,47161400
2022-11-02,86.31780242919922,90.4962302100432,86.22847341279218,90.25803211992569,57038300
2022-11-03,82.80435943603516,85.87118391743043,82.71503040774212,85.67268674461754,61288000
2022-11-04,85.93072509765625,85.9902727253418,83.08224494253571,84.75957379603037,51124900
2022-11-07,87.82640075683594,88.2333297523098,86.19869991930204,86.62547560061769,34078900
2022-11-08,88.23334503173828,89.64269470816676,86.93316350461546,88.23334503173828,30429000
2022-11-09,86.66516876220703,88.76927316498985,86.62546782190772,87.78669192998716,31769100
2022-11-10,93.23553466796875,93.68215703307337,90.92300581072043,91.5582057652687,51620100
2022-11-11,95.68702697753906,96.20312417620435,93.21569398564695,93.97992401150627,33090500
2022-11-14,94.98233032226562,96.06416020914902,93.8012594349028,94.37690418520387,30179500
2022-11-15,97.70178985595703,99.38903833699794,95.98475998763868,97.52313939319663,41640800
2022-11-16,98.10871887207031,98.89279554305216,96.90779361312791,97.16584598422887,29105200
2022-11-17,97.62239837646484,98.5354974736292,96.06417211875853,96.24282260056737,26052600
2022-11-18,96.6993637084961,98.15834125388724,95.64731516977584,98.02931128973258,28342300
2022-11-21,94.88308715820312,97.66209278418218,94.64488905580471,96.56041614884042,21647400
2022-11-22,96.32221984863281,96.49094319214763,93.34471701030947,95.23046275016921,23438500
2022-11-23,97.72164154052734,98.01939485108537,96.36191252817821,96.36191252817821,18868100
2022-11-25,96.72914123535156,97.90029265387534,96.66959360172228,97.5032907612572,9701400
2022-11-28,95.32971954345703,96.84824478966246,94.8930167011355,96.31229336649913,26237500
2022-11-29,94.47616577148438,95.39919193752951,93.40426295178399,95.01211718133456,20061700
2022-11-30,100.232666015625,100.28229409060886,93.71193525947234,94.10893714279987,43647500
2022-12-01,100.232666015625,101.48321929784336,99.49821745338677,100.26243983174288,28687100
2022-12-02,99.6867904663086,100.01431000072103,98.15833820772113,98.30721485364356,21480700
2022-12-05,98.73400115966797,100.6197469703689,98.25759735587957,98.65459926367298,24405100
2022-12-06,96.25273895263672,99.0317368813684,95.69693330914573,98.55534069801135,24910700
2022-12-07,94.2280502319336,96.15349708147154,94.00969879373666,95.6870279579022,31045400
2022-12-08,93.00725555419922,94.8632349057904,92.74920320796852,94.66473018862035,32213300
2022-12-09,92.13386535644531,93.55314202323372,92.05446346281963,93.0668111039124,28225400
2022-12-12,92.61026000976562,92.85838524401936,90.92301144571273,92.0147609619929,29420000
2022-12-13,94.91285705566406,98.78361202768082,94.31735803816476,97.02688879023073,40593700
2022-12-14,94.3570556640625,96.14356022591579,92.89807820057908,94.48607804879279,28733600
2022-12-15,90.17863464355469,92.93778600326951,89.33501037181313,92.43160841135212,40107000
2022-12-16,89.58313751220703,90.64511322161134,88.84868136014701,90.07938798524047,58011800
2022-12-19,87.77678680419922,89.88088398070708,87.54850825299513,89.5831382377842,29493000
2022-12-20,88.3524398803711,88.5112436825532,86.78429398082407,87.44926786505202,23453800
2022-12-21,88.90823364257812,89.54343362140024,87.6576803714429,88.41198318586204,24745600
2022-12-22,87.10189056396484,87.87604013849288,85.67268668964738,87.49889248151766,27658300
2022-12-23,88.56085968017578,88.8784596690233,86.41705407631922,86.45675502144779,23003000
2022-12-27,86.73464965820312,88.27302902200118,86.35750205691602,88.13407950720169,20097300
2022-12-28,85.37492370605469,87.37977975554813,85.29552938926575,86.32773122933094,19523200
2022-12-29,87.78670501708984,88.18370690708726,85.96050692415548,85.97043405375527,23333500
2022-12-30,87.568359375,87.63783413641092,85.9208042155681,86.32773322681854,23986300
2023-01-03,88.45169067382812,90.36721788133093,87.8561840239744,88.91815977701387,28131200
2023-01-04,87.41948699951172,89.97021418207204,86.61555606707714,89.67246086306939,34854800
2023-01-05,85.5535659790039,86.91329480174967,85.2558202821454,86.81404623613017,27194400
2023-01-06,86.68502044677734,87.03240180139032,84.22362258367278,86.13914952357796,41381500
2023-01-09,87.35993957519531,89.37472307853587,87.20114334384667,87.69739387160715,29003900
2023-01-10,87.7569351196289,88.00506036543571,85.18636120771751,85.33523786963791,30467800
2023-01-11,90.83367919921875,90.91308108868463,88.34250738771924,88.51123072369855,26862000
2023-01-12,90.44661712646484,91.18107334866319,89.07696841608055,90.79399854850715,30258100
2023-01-13,91.42918395996094,91.49865871880165,89.45410175315347,90.1687035996184,26329200
2023-01-17,90.60541534423828,91.5582153760755,89.37471624963791,91.36963776683697,32602400
2023-01-18,90.43668365478516,92.10408544977494,89.96027989671057,91.44903122894499,29116700
2023-01-19,92.35221862792969,92.90801675008117,89.95036051681471,90.03968954197848,37000400
2023-01-20,97.28494262695312,97.56284926169742,94.30743969004087,94.38684158568209,63191100
2023-01-23,99.04167175292969,99.28979699304459,96.76884364481533,97.21546604814961,40005100
2023-01-24,96.96733093261719,98.86301120868093,96.47108050292687,97.36433279080558,33078500
2023-01-25,94.50593566894531,95.4388889257961,93.05688528262908,94.85330946494906,42330000
2023-01-26,96.78868865966797,96.83831673570589,94.66473724676266,95.77634102925325,30114000
2023-01-27,98.62482452392578,99.5676974204637,96.58026736816271,96.58026736816271,33879800
2023-01-30,96.2130355834961,97.55291022716331,95.67708421159308,96.7489869553991,27226200
2023-01-31,98.09879302978516,98.1384939775665,96.09394438600727,96.14357246377932,29870700
2023-02-01,99.67686462402344,100.4311674201682,96.84823860370668,97.96976188272887,35531100
2023-02-02,106.93206024169922,107.04123596219264,104.81803574631043,105.00661336755944,69883800
2023-02-03,103.99424743652344,107.001524077653,101.81074839414418,102.15812220922525,65309300
2023-02-06,102.12834930419922,103.57739978303069,101.11599409443309,101.6320988290303,31999600
2023-02-07,106.83280181884766,107.36875324134532,102.34670084961068,102.44594943032921,49010200
2023-02-08,98.62482452392578,102.36654986458451,97.3047964110275,101.28472743744483,94743500
2023-02-09,94.29752349853516,99.27987525907268,92.92786725246418,99.25010144018972,119455000
2023-02-10,93.86080169677734,96.02445377463832,93.54320173911795,94.73419968729561,54980700
2023-02-13,93.90050506591797,94.48607692679491,93.13627517879665,94.02952744911616,50076100
2023-02-14,93.9699935913086,94.13871694148641,91.56814302420062,93.72186834498302,54726100
2023-02-15,96.2130355834961,96.3916860407971,93.44395728142085,93.78140393844463,50169000
2023-02-16,94.79376983642578,96.94749512562706,94.0295398485276,94.65482030629548,42462600
2023-02-17,93.6424560546875,94.84338120494091,92.51100566280641,94.13870649225572,34284100
2023-02-21,91.1016616821289,92.40183548316473,91.03218691960443,92.30258690415565,33629300
2023-02-22,90.96270751953125,91.41925701744177,89.9305056916628,91.0123280204154,30884000
2023-02-23,90.20841979980469,91.25054893084341,89.0868963396498,91.23069466942782,41206400
2023-02-24,88.46160125732422,89.21590405101533,87.91573031324553,88.76928168111633,36585100
2023-02-27,89.19606018066406,89.48388635539742,88.67002833376313,89.19606018066406,27502300
2023-02-28,89.38463592529297,90.54586782791486,88.65018731956766,88.66011444958845,30142000
2023-03-01,89.68238067626953,90.34735445265166,88.99755264174358,89.30523306552612,31111200
2023-03-02,91.3100814819336,91.58798051837316,88.91815071281441,88.98763304410512,32204400
2023-03-03,92.94770812988281,93.02711001692573,91.75670254078115,91.78648392755778,35160100
2023-03-06,94.41661071777344,95.25031543626798,93.29508739318105,93.31493408001563,32639300
2023-03-07,93.15614318847656,94.95256755074698,92.8286160456438,94.26774701922037,27835500
2023-03-08,93.543212890625,95.24038857658361,93.29508765749337,93.41419049538177,34103300
2023-03-09,91.62767791748047,94.81360472856946,91.21082937894857,93.34470771502453,28813500
2023-03-10,89.95036315917969,92.0941689599083,89.72209216895389,91.4788156121773,35941000
2023-03-13,90.42676544189453,91.87581597281934,88.74943635242563,89.41441019573425,37335600
2023-03-14,93.26531219482422,93.65238694590275,91.74678700641138,91.86588227001643,36050200
2023-03-15,95.38926696777344,96.20311744437676,91.94528745764846,92.52093982631897,50622100
2023-03-16,99.56769561767578,100.43117417550806,94.78384131193948,95.47858895236912,65492000
2023-03-17,100.85794067382812,102.06878536905513,99.34933511791077,99.50813889103078,61028500
2023-03-20,100.46094512939453,100.9869694096106,99.12107039122168,99.36919562318633,32960400
2023-03-21,104.13319396972656,104.31184443694538,100.46094362067213,100.49071743651176,42110300
2023-03-22,102.59481811523438,105.79066457024909,102.55511717159571,103.48806284447173,43427400
2023-03-23,104.80809020996094,105.50284536129094,103.67663982552884,104.27213883225404,40797800
2023-03-24,104.64929962158203,104.69892012436522,103.06129208889809,104.20266966344676,30393300
2023-03-27,101.69164276123047,103.97439789278444,101.16561848824847,103.83544837056961,31120900
2023-03-28,100.27237701416016,101.68172664769772,98.99204978746245,101.67180708945132,32057900
2023-03-29,100.62967681884766,101.72142641563612,99.89522819150731,101.51300211215501,28779600
2023-03-30,100.1334228515625,100.40140235547389,99.03174616255232,100.15327711150191,33086200
2023-03-31,102.9521255493164,103.11092176173695,100.28229560510373,100.54034796899097,36863400
2023-04-03,103.577392578125,103.74611591062242,101.16561513368151,101.62216463041729,25035400
2023-04-04,103.93470001220703,104.78825142936967,103.25979906775706,103.54762525002644,24420100
2023-04-05,103.68658447265625,105.30435843582173,102.88266105636043,104.98675840709654,28290500
2023-04-06,107.6069564819336,108.35133223109835,103.54763103113567,104.47065726298723,48711500
2023-04-10,105.64179229736328,106.7831622106392,104.33169148568801,106.17774366198232,27067400
2023-04-11,104.55997467041016,105.92963084204611,103.89500084422305,105.75098036627539,26311800
2023-04-12,103.85529327392578,105.94947077272556,103.5575399759029,105.78074743753035,24370300
2023-04-13,106.62437438964844,106.68392202189075,105.04629398559699,105.04629398559699,24843600
2023-04-14,108.05357360839844,108.12304836716059,106.0387904599343,106.0884185328419,26578000
2023-04-17,105.17533111572266,105.3639087269098,103.73620013699751,103.87515724199652,37571200
2023-04-18,103.71633911132812,105.74104175957935,103.28956344176271,105.69141368807013,26596400
2023-04-19,103.39874267578125,104.19274641398663,102.2970660858072,102.80324365821765,20905700
2023-04-20,104.50041961669922,105.45321956243694,103.09107017022347,103.13077111448514,27820800
2023-04-21,104.6195297241211,105.20510165529122,103.99424927374733,104.67907735856379,25800100
2023-04-24,105.17533111572266,105.83037783155005,103.91485061807437,104.69892730879049,23542800
2023-04-25,103.07122039794922,105.88992698575956,103.06129326840653,105.03637557743666,46664100
2023-04-26,102.93226623535156,105.552467975158,101.86036345847234,104.13319140174777,53347600
2023-04-27,106.78317260742188,107.55732970203324,102.76354833968519,103.6667202584599,50089200
2023-04-28,106.53504943847656,106.54497656828984,104.3019222779164,106.23730369371071,36139800
2023-05-01,106.3960952758789,107.18017190898796,106.01894765339576,106.03879433997653,26681700
2023-05-02,104.53019714355469,106.39609615702363,102.93227004814128,106.3365485246071,30997200
2023-05-03,104.6195297241211,106.68392596400858,104.17289974925679,104.73862499300647,21795400
2023-05-04,103.9049301147461,104.80810206984134,103.1903281969406,104.69892635616654,23419500
2023-05-05,104.77832794189453,105.08600082196858,103.32927742271336,104.03395220841355,26639300
2023-05-08,106.96182250976562,107.15040011064862,104.37140203396783,104.3912487209223,26511400
2023-05-09,106.54496765136719,109.32397313635732,106.3861714485516,107.57716947230122,36360100
2023-05-10,110.91197204589844,112.09305050241566,107.1206190314225,107.16031997482098,63153400
2023-05-11,115.6958236694336,117.03569830119834,113.55202577304613,114.53459949338286,78900000
2023-05-12,116.62879180908203,117.14488898483823,115.23928892825631,115.80501418168475,41102300
2023-05-15,115.63627624511719,117.59150413271162,115.14002581972491,115.23927439036726,36266800
2023-05-16,118.6137924194336,119.84449149553303,115.55688763062979,115.6164352654177,45035600
2023-05-17,119.93379974365234,120.75757727103849,117.99842610430477,118.71302793181175,33323600
2023-05-18,121.90888214111328,122.38527831228066,119.92388042616106,120.0429756828626,35234200
2023-05-19,121.83940887451172,125.0253357573237,121.23398273827031,122.6234854701716,41353400
2023-05-22,124.11225128173828,125.48189991592048,121.81956885585257,122.01807359628725,35253000
2023-05-23,121.64091491699219,123.6953915959423,121.29354109633519,123.22892250659226,34046300
2023-05-24,119.99336242675781,120.99579047353133,118.96116056401159,120.21171384013235,34182600
2023-05-25,122.55401611328125,124.38021415921419,121.04541048455478,123.58621039965489,42317000
2023-05-26,123.67554473876953,124.32067187463625,121.53173903906134,122.24634093896407,35635900
2023-05-30,122.74259185791016,124.71767421950892,121.08511707268141,124.6978199598951,35076700
2023-05-31,121.94859313964844,123.12966410835033,121.58136506611656,121.82949030094537,37325800
2023-06-01,122.79222106933594,123.4869687186112,121.70047151811134,121.89896868299529,30772700
2023-06-02,123.73509216308594,125.20399690730267,122.8319202321501,123.060191211232,26980100
2023-06-05,125.06505584716797,126.47440548046157,122.91132287552142,123.0800538040451,32305500
2023-06-06,126.35528564453125,127.32793227447583,124.41991194155317,125.06503903327281,26638300
2023-06-07,121.58136749267578,128.07231710182637,121.20421985419401,126.01784799150856,52539000
2023-06-08,121.22406768798828,122.30589768119812,120.33081530189335,121.31339671268852,29389200
2023-06-09,121.31338500976562,122.83191013354642,120.99578503336821,121.3332316954614,23778300
2023-06-12,122.71282196044922,123.11975100153568,120.74767423806664,121.86919763226754,28306400
2023-06-13,122.90139770507812,124.2214258208004,122.25627055608605,124.04277534219001,22278300
2023-06-14,122.74259185791016,123.11974706875885,120.53923851602217,122.17686661381849,30592300
2023-06-15,124.15194702148438,124.51917511914434,121.48212446839356,122.21657309153177,35246300
2023-06-16,122.60364532470703,125.16429968039003,122.35552007874196,124.98564920040793,45535600
2023-06-20,122.17687225341797,123.63584994294223,121.22407219687149,122.00814889981929,26097500
2023-06-21,119.64599609375,121.74017376602716,119.19936610971777,121.48212139117618,30306300
2023-06-22,122.22649383544922,122.31581528654226,117.93889002281252,119.10011432011007,26952200
2023-06-23,121.42256164550781,121.86919161284854,120.15216165092147,120.46976164956806,34913600
2023-06-26,117.45256042480469,121.08511758706368,117.38308566022395,119.85441851212727,33969900
2023-06-27,117.44263458251953,118.18701026555762,115.22935421985997,116.20200844412273,39535900
2023-06-28,119.27876281738281,119.48718710532653,115.97373288245846,116.21193098693968,27091400
2023-06-29,118.20686340332031,119.15966342094775,117.41286717472148,118.34581293262964,24090900
2023-06-30,118.80235290527344,120.17200897276508,118.79243334839367,119.26882953277098,29532200
2023-07-03,119.0008544921875,119.28868064991963,117.9289517472914,118.34580029069079,14467900
2023-07-05,120.83699035644531,121.69054177705794,118.33589130053984,118.34581085804417,27584800
2023-07-06,119.20929718017578,119.39787479559047,117.51212135798899,118.90162428949438,24745200
2023-07-07,118.5840072631836,120.14223332598381,118.50460537627106,119.19935295630401,21709500
2023-07-10,115.57672882080078,117.42278113323385,115.26905595945563,117.41286157602863,35315200
2023-07-11,116.26155853271484,116.82728376089246,114.48498095632307,115.41793425521223,23078800
2023-07-12,118.03814697265625,119.42764991934418,117.52204977243713,117.90912456564693,30404400
2023-07-13,123.60606384277344,123.89389001441005,119.54673119638662,120.02313496341503,44297900
2023-07-14,124.47945404052734,125.82925579417832,122.56392710866825,123.8641083634262,33283100
2023-07-17,123.71524810791016,126.14687246896142,123.26861812563564,124.99557527494002,25716200
2023-07-18,122.83191680908203,123.74501584432612,122.03791303884648,123.66561395286634,26193600
2023-07-19,121.1148910522461,124.24127059365078,120.88662007165094,123.66561821898068,37224000
2023-07-20,118.30610656738281,123.1594354576292,117.33345990676118,120.50945982007009,37906800
2023-07-21,119.11996459960938,120.08269176427814,117.8396449955782,119.71547124691322,72937900
2023-07-24,120.61864471435547,122.07762238859752,120.07277371039838,120.74767468990552,29686100
2023-07-25,121.29353332519531,122.22648658848489,120.1124548384505,120.4499090798837,52509600
2023-07-26,128.3005828857422,129.99775077593387,127.35771015292899,129.09458655603345,61682100
2023-07-27,128.4296112060547,132.24082619562287,127.82418504749104,130.6825925035767,44952100
2023-07-28,131.58575439453125,132.7370589266702,129.59083329136288,129.7992499729984,36591200
2023-07-31,131.72471618652344,132.52863946512642,130.7917629491062,131.7346357432163,28055500
2023-08-01,130.56349182128906,131.6353945728261,129.7000057705623,129.79926191480814,23166800
2023-08-02,127.41728210449219,129.11445031870784,126.60342402236246,128.4792502900743,26273300
2023-08-03,127.48674011230469,128.41969339996243,126.46446537651686,127.01034391124875,20089500
2023-08-04,127.14929962158203,130.52379685517826,126.9508024568463,128.31052393686713,26147200
2023-08-07,130.54364013671875,130.62304202480823,128.05246836840342,128.1914178864696,22746300
2023-08-08,130.4146270751953,130.52380279242055,128.56857458489054,129.64047749645752,23535200
2023-08-09,128.6876678466797,131.04980964495556,128.0326136306667,130.67266960839547,24912900
2023-08-10,128.71746826171875,131.05977143036745,128.47926254911619,130.33524987803614,20857800
2023-08-11,128.58840942382812,128.95562989704715,127.20883382963942,127.6951647046181,19591100
2023-08-14,130.34515380859375,130.3848471837526,127.99293136308722,128.4196995095872,24695600
2023-08-15,128.8067626953125,130.43446352895285,128.31051225646652,130.1168711231594,19770700
2023-08-16,127.73487854003906,129.30303197258323,126.91110844639537,127.73487854003906,25216100
2023-08-17,128.9457244873047,131.00020876899563,128.32044402863997,128.82662921684016,33446300
2023-08-18,126.50418090820312,128.2807586680511,125.43227797396266,127.54630245078526,30504800
2023-08-21,127.40735626220703,127.76465724968314,125.61093176619487,126.2262851495553,25248700
2023-08-22,128.1120147705078,129.3030127917116,127.35771955742976,127.54628200242816,22054900
2023-08-23,131.37733459472656,132.40954397470435,128.89608243334328,129.20375527825698,27819700
2023-08-24,128.8067626953125,133.24324283014445,128.59834599183964,132.94548953796456,28500700
2023-08-25,128.90603637695312,129.77942696997056,126.29575386732984,128.56857452291544,26762900
2023-08-28,130.02757263183594,131.5460982080756,129.1641014614472,130.32532601125598,20543300
2023-08-29,133.56085205078125,135.54585383099212,131.24832315951218,131.24832315951218,43075600
2023-08-30,134.8610076904297,135.25800193543597,133.0645837435827,133.76925080012282,28315800
2023-08-31,135.1488494873047,136.9651280020466,134.77169428863934,134.99004570424955,30053800
2023-09-01,134.64268493652344,136.4291897075704,133.83876157564302,136.4291897075704,21543700
2023-09-05,134.75186157226562,135.3969811480602,133.57078298930236,134.42433443329878,19403100
2023-09-06,133.45169067382812,135.5061598618362,132.66760640562674,134.99998980551268,18684500
2023-09-07,134.2456512451172,134.56325876683553,131.95297684601852,132.58817674509504,18844300
2023-09-08,135.3572998046875,135.63519889075076,133.83877438999752,133.8983220306733,23558300
2023-09-11,135.89320373535156,136.44900174396227,134.77167301803075,135.51604859621148,20763400
2023-09-12,134.32505798339844,135.84358303367614,134.17618891743425,135.23815692482054,18405500
2023-09-13,135.68479919433594,135.8733616364172,133.14398427221744,134.0769375034417,20749500
2023-09-14,137.06439208984375,137.65988359424148,135.21833965192076,136.56814159733074,24751000
2023-09-15,136.36964416503906,137.48125568773057,135.4565449765043,136.94529661649105,38919600
2023-09-18,137.17355346679688,138.11642627515133,135.58554599898608,135.58554599898608,21861300
2023-09-19,137.00482177734375,137.3720574197808,135.59547227341233,136.38947604665375,20353700
2023-09-20,132.73709106445312,137.0445418305698,132.61798064460575,137.0445418305698,29927500
2023-09-21,129.4618377685547,131.23840796235106,129.09461723083658,130.45433880616167,31503900
2023-09-22,129.27325439453125,131.03990495129133,128.62813480654572,129.77942444921084,26397300
2023-09-25,130.12680053710938,130.1863481711838,127.99292954617495,128.85640052897944,20094600
2023-09-26,127.60586547851562,129.38243566958448,126.26598302205768,128.7968636929427,25718700
2023-09-27,129.56106567382812,129.91836661698156,127.60585276042912,127.60585276042912,22746500
2023-09-28,131.3177947998047,132.30037616629912,128.81668823150392,128.86631630656447,22513100
2023-09-29,129.87867736816406,133.04475788137387,129.38242688382053,132.28052789506322,30859800
2023-10-02,133.16384887695312,133.41197411116025,130.1863460664677,130.2260545847838,22288000
2023-10-03,131.4368896484375,133.2531681504959,130.85131773991853,132.93557573096578,22989400
2023-10-04,134.22581481933594,134.5533419035272,131.53613096426483,131.79417572255468,26752300
2023-10-05,134.05711364746094,134.47396223865763,132.44925177357314,134.05711364746094,19832600
2023-10-06,136.54827880859375,137.123931161278,133.00504324406194,133.00504324406194,27597600
2023-10-09,137.38197326660156,137.8980779769235,134.59304815042893,135.9130761696135,19278100
2023-10-10,137.02467346191406,138.67222861017186,136.30015203671138,137.46137628621005,27786600
2023-10-11,139.4960174560547,140.05181558848287,137.54078929024345,137.54078929024345,25884300
2023-10-12,137.92787170410156,140.16099905970523,137.22318929725753,139.99227569905,24765500
2023-10-13,136.32994079589844,138.95014288451765,135.59548458868076,138.33479709793974,23420500
2023-10-16,138.05686950683594,138.58289372755178,136.95519299575244,137.13383587326624,28501900
2023-10-17,138.67221069335938,138.85085356511095,136.1512502222243,137.59038847390352,23515800
2023-10-18,136.92544555664062,139.6647428833376,136.34979315539405,138.4042623643259,23375000
2023-10-19,136.7169952392578,138.6126755411059,136.34977476248778,137.46137089391803,26066000
2023-10-20,134.5831298828125,136.83609605175457,134.06702516754572,136.30015222216522,26335700
2023-10-23,135.4763946533203,136.62769951725605,132.94551392213268,134.02733644259234,26317900
2023-10-24,137.76904296875,138.31492147464493,136.38946736895807,136.79639635920353,44814300
2023-10-25,124.66804504394531,127.34779458240867,124.13209362181638,127.19892549752396,84366200
2023-10-26,121.3630142211914,123.39764418527096,120.36058614753718,122.34558803554405,57061100
2023-10-27,121.25384521484375,122.38529574778306,119.30854416571684,121.95852001538093,44566500
2023-10-30,123.52665710449219,124.4596103433731,121.8294815291229,122.28603101967423,28940100
2023-10-31,123.14952087402344,124.42984802046038,121.76994514607122,124.12216757392719,26292300
2023-11-01,125.50174713134766,125.54144807960145,122.79222366961514,123.13959750160885,30082400
2023-11-02,126.533935546875,128.01275974342613,125.97813747508253,127.45696167163366,27124600
2023-11-03,128.13186645507812,128.55863455349083,126.9011599427464,127.05996371421396,26393100
2023-11-06,129.27325439453125,129.36257584929294,127.70510100758493,128.08225623128538,19052700
2023-11-07,129.98785400390625,130.9208073441977,128.90603157499936,129.72980920218515,29757300
2023-11-08,130.851318359375,131.21855399990926,129.7992698016351,129.98784740054361,26425800
2023-11-09,129.26333618164062,131.55601107722748,129.09461282832507,130.97043911965648,23747800
2023-11-10,131.595703125,131.80413499720473,128.43955723420933,129.1243853429863,26913300
2023-11-13,131.09945678710938,131.59570729972106,130.26575956056902,130.79178389238834,18324800
2023-11-14,132.61798095703125,134.68238488834018,132.32024276762044,133.1837138056391,32395200
2023-11-15,133.6104736328125,134.01740265875648,132.56835974620077,133.8585988714082,23861500
2023-11-16,135.9031524658203,136.1909862320152,133.3127394362453,134.17621044610362,28013200
2023-11-17,134.2952880859375,135.03966372618416,132.6477330342115,134.9801160980622,37240600
2023-11-20,135.22824096679688,135.63516995040786,132.61795888212296,132.68744121099556,27815500
2023-11-21,135.94285583496094,136.15127255285424,134.9404353311043,135.2679473163652,22635300
2023-11-22,137.45147705078125,138.37449576593937,136.43912173063663,136.43912173063663,17813900
2023-11-24,135.6649627685547,137.09416661748833,134.97021510431284,136.9949104607267,12514300
2023-11-27,135.38705444335938,137.3819758451791,134.98012543057615,135.00989924669568,23436500
2023-11-28,136.17111206054688,136.22074013136128,134.40446177895313,135.0595159672369,18730000
2023-11-29,133.97772216796875,137.25296351690287,133.82883792387636,136.53837669384325,23967200
2023-11-30,131.53614807128906,134.53350514378005,130.29552189907486,134.03725467489437,38988300
2023-12-01,130.8711700439453,131.11929527039416,129.69009154295097,130.8711700439453,31442300
2023-12-04,128.3005828857422,129.05487804312068,126.94085406132697,128.90600898059873,36669900
2023-12-05,130.0076904296875,131.14906033747008,127.28823267724465,127.98298023608452,27384800
2023-12-06,129.0449676513672,130.85131136380824,128.90601813502556,130.45431707264976,23576200
2023-12-07,135.9031524658203,137.52093391588886,133.68987951198724,134.02732621189014,56767100
2023-12-08,133.97772216796875,135.3771371385065,133.02491449661565,133.19363785776235,32260100
2023-12-11,132.2904510498047,132.34007912846104,130.3749313974492,131.38728665345792,31138000
2023-12-12,131.5262451171875,132.00264138703446,130.27568408533818,130.82156269889427,29032800
2023-12-13,131.57586669921875,132.49888537297187,130.583365685189,132.37979009748466,30104800
2023-12-14,130.95057678222656,132.71722724840416,128.71744966150473,132.37978056258655,38722400
2023-12-15,131.60562133789062,132.5087856193142,130.19625677632916,130.63295958195536,50847100
2023-12-18,134.7816162109375,136.12148324947407,131.43687810405666,131.6353903862347,32258000
2023-12-19,135.62525939941406,136.43911751155446,135.05954168860268,135.8138370178058,25476800
2023-12-20,137.30258178710938,140.63738568200563,137.03461742674637,137.9278622500159,49107200
2023-12-21,139.36697387695312,139.63495335905975,138.1362673150206,138.44395531377506,27488300
2023-12-22,140.42897033691406,140.9252208312421,139.65482077731141,139.71436841353267,26532200
2023-12-26,140.458740234375,141.6100298393638,140.13121309993724,140.52820742657298,16780300
2023-12-27,139.31736755371094,141.01455101287016,138.8409712900939,140.52822004635922,19628600
2023-12-28,139.17840576171875,140.0815852724405,138.70200954003505,139.72428432008698,16045700
2023-12-29,138.64247131347656,139.30744518629933,137.7392917414662,138.58292367477063,18733000
2024-01-02,137.1338653564453,138.40426546198694,135.45653619437576,137.51102059365306,23711200
2024-01-03,137.8782501220703,138.58293256213108,136.05205174427556,136.22077511288396,24212100
2024-01-04,135.3671875,138.1164190375322,135.32749413034747,137.38196297189364,27137700
2024-01-05,134.71214294433594,136.13142710669655,134.1364906048939,135.72449810296587,22513900
2024-01-08,137.79884338378906,137.96756674647926,135.23818883448922,135.26796265470722,21404000
2024-01-09,139.89300537109375,140.42896436301152,137.11399969220417,137.46138108120132,24759600
2024-01-10,141.21304321289062,141.92764515529154,139.85332166843838,139.94264312514758,21320200
2024-01-11,141.01454162597656,144.13099411000476,139.58533778589887,142.4139716480829,24008700
2024-01-12,141.5802459716797,142.12612449032548,140.75648355960536,141.6001002299109,18785500
2024-01-16,141.4214630126953,143.26751534885753,140.38925356432378,140.93513210487004,22670500
2024-01-17,140.40908813476562,140.77630858129382,137.85835383223127,140.28999288602355,20968600
2024-01-18,142.40402221679688,143.12855876412843,140.92520559596517,140.98475322574876,25746400
2024-01-19,145.2822723388672,145.35173951998564,143.29727073355673,143.65457162828704,34271900
2024-01-22,144.8952178955078,147.2772140972634,144.7463336676715,145.99689454630132,32200400
2024-01-23,145.93734741210938,146.0762969530336,144.40890246194306,144.79597726482936,21636100
2024-01-24,147.5848846435547,148.7262697948882,146.98939317466798,147.4260808607733,25233500
2024-01-25,150.7311248779297,151.9022839551748,148.41859568681784,148.94463515959285,29149100
2024-01-26,151.04872131347656,151.39608755777192,149.87756232275885,149.9668989175663,26115500
2024-01-29,152.3588104248047,152.62678991300623,150.29440669865645,150.919687123006,27784300
2024-01-30,150.32418823242188,152.46797859903648,150.05620875745953,151.6541357617942,36331800
2024-01-31,139.04937744140625,142.92012476265015,138.8210913381924,142.54296958721974,71910000
2024-02-01,140.10145568847656,141.98720167736062,139.7342199917544,141.05424824171908,40466500
2024-02-02,141.31228637695312,141.55047690627347,135.47637609880854,138.21567319652831,62499600
2024-02-05,142.6025390625,144.37912436638035,141.70929420363484,141.74900272521677,38505400
2024-02-06,143.01939392089844,144.2699396743933,142.11621441563744,143.56525733160348,29128200
2024-02-07,144.4485626220703,144.52796450496214,142.85063569672877,143.67441319432578,25208900
2024-02-08,144.81581115722656,145.2326597213676,144.01188784464298,144.73640926724323,22563800
2024-02-09,147.8826446533203,148.31934750358255,145.08378464629212,145.58003513170593,26829500
2024-02-12,146.4236602783203,148.2200845297744,146.26485649564665,147.30698549594433,21564100
2024-02-13,144.0515899658203,145.57011523611322,142.61246659033287,143.83323854119595,27837700
2024-02-14,144.8455810546875,145.42123338322318,143.00944836635193,144.9845305723091,22704200
2024-02-15,141.69937133789062,142.44374708435768,139.40669646187024,142.06659185995144,37590700
2024-02-16,139.4662322998047,142.1162079157189,139.08907710730534,141.9177107623263,31468900
2024-02-20,140.0617218017578,141.01452932682773,138.44395563708255,138.6126789723254,25144700
2024-02-21,141.4810028076172,141.61995232438937,139.62501587257833,140.38924578700608,23223300
2024-02-22,143.00946044921875,143.9126399622496,141.72914086755702,143.84315762538745,27191900
2024-02-23,142.8804473876953,143.59503415869767,142.35440793679425,142.5926136233704,19493800
2024-02-26,136.5383758544922,141.37185109123465,136.35971779155244,141.07409774924443,53641800
2024-02-27,137.83853149414062,138.20575198535647,136.06194638095468,136.98498010411188,33099200
2024-02-28,135.3572998046875,136.975066239049,134.394572562124,136.86589051635528,37328600
2024-02-29,137.42169189453125,137.81868622745773,135.377127161307,136.25053286698093,42133000
2024-03-01,136.11158752441406,137.82861002648335,135.89323609127652,137.39190716020826,31151100
2024-03-04,132.35000610351562,134.64268084656484,130.9208023300921,134.64268084656484,55999400
2024-03-05,131.6750946044922,132.2408273954596,129.69009277405854,130.89102554499024,40194800
2024-03-06,130.4146270751953,132.57828715901485,129.86876363343262,132.12173002942825,35318600
2024-03-07,133.3722686767578,133.92806672802465,130.6230370899261,131.79418082018677,37738200
2024-03-08,134.39456176757812,137.05445713321666,132.99513174664168,133.20356361663008,39370400
2024-03-11,136.63758850097656,138.05687257387362,135.10914387452527,135.10914387452527,32437800
2024-03-12,137.4613800048828,138.33478567710262,136.0024024134986,136.0024024134986,27563400
2024-03-13,138.74168395996094,140.03193806409257,137.9476954137514,137.95761497005276,23347200
2024-03-14,142.0269012451172,142.513217049872,139.40669917238256,140.13122067260912,42753400
2024-03-15,140.1212615966797,142.10626328057222,138.97989168618588,141.43136997734203,49475400
2024-03-18,146.57252502441406,151.00900524024846,146.06635501951953,147.4955587325886,69273700
2024-03-19,145.92742919921875,147.6742256075683,144.9845562239412,147.04896023982576,24070400
2024-03-20,147.62460327148438,147.74369854454548,145.63960128386148,146.89014708409312,21311500
2024-03-21,146.49314880371094,149.24236557867428,145.7983860112411,148.34912076601722,24755600
2024-03-22,149.63938903808594,150.44331247348805,147.86280366006199,148.0017532026702,29211800
2024-03-25,148.94464111328125,149.2523140183074,146.71151373173285,148.8156111294841,19229300
2024-03-26,149.5401153564453,151.1181882221387,148.85528728225617,149.09349296069317,22149100
2024-03-27,149.73863220214844,150.50286226962177,147.78340387463692,150.0463051120188,22879200
2024-03-28,149.79815673828125,150.2944071987847,149.0438614902864,149.71876999163942,24485400
2024-04-01,154.323974609375,154.57209984115423,149.48056523884867,149.5599671303415,31730800
2024-04-02,153.4009552001953,153.53990473719549,151.00902410778318,152.3489065422849,24586000
2024-04-03,153.75823974609375,153.9170435269461,151.58466032180885,152.44814641496717,24705000
2024-04-04,149.4011688232422,153.60937836042848,149.3217669288391,152.34889789636918,34724700
2024-04-05,151.3563995361328,152.26949862092886,148.47815275024013,148.90492090258869,23459200
2024-04-08,153.68878173828125,154.10563032964885,151.46557410662442,151.63429745472348,20702000
2024-04-09,155.4256591796875,157.37095261531294,154.02622916635622,154.91947398862214,31079500
2024-04-10,154.96908569335938,155.43556231518494,153.520027755364,155.0385680237579,22838600
2024-04-11,158.21458435058594,158.48254871038773,155.28670949781988,155.73333190851926,27166400
2024-04-12,156.54714965820312,159.0184821450273,155.96157781069545,156.7754357501012,25353700
2024-04-15,153.69869995117188,158.0458590213951,153.43072045036504,157.6687038087309,27136500
2024-04-16,153.2421417236328,154.4827679200494,152.27941458366453,153.03372500347797,20779500
2024-04-17,154.30413818359375,155.90206546670152,153.42081286214687,154.45300728212143,21763100
2024-04-18,154.84007263183594,155.76310641946125,153.4604968736819,154.17509879172633,19883000
2024-04-19,152.93447875976562,155.18746031886693,151.15790859489965,155.02865652078847,32615600
2024-04-22,155.10804748535156,156.45784938513543,152.90469416152254,153.15281939939192,26446200
2024-04-23,157.07321166992188,157.77789408319916,155.1080638194722,155.78297241261876,21151600
2024-04-24,157.93667602539062,158.37337885267914,155.991367561386,156.30897512463662,22779100
2024-04-25,154.83013916015625,155.3164700492321,149.73860473773226,150.19516181159548,57109700
2024-04-26,170.6605224609375,173.39983456886753,168.3777674191163,173.06237276158643,64665300
2024-04-29,164.9040069580078,168.2785188689009,163.9710688984415,167.79218800990293,45610000
2024-04-30,161.55931091308594,166.8394234809616,161.38066800310506,164.36809054901573,33562900
2024-05-01,162.63121032714844,165.86675805283966,161.86698033617475,163.0679131791334,33493200
2024-05-02,165.37049865722656,165.4796743643417,162.6609753825577,163.55422015396346,24294500
2024-05-03,165.98587036132812,166.70047228284332,161.8272888066215,166.30346280179975,34662400
2024-05-06,166.8394012451172,166.87909461614606,164.7849171879721,166.20420129812592,21871300
2024-05-07,169.96578979492188,170.47195983372737,167.12723643695188,167.23641214858006,28039700
2024-05-08,168.10980224609375,168.87401701223217,167.47460229491972,167.73264706920992,19569100
2024-05-09,168.68545532226562,169.4099767203528,166.9187898325422,168.11972255441077,15346700
2024-05-10,167.38526916503906,168.57628234941276,164.94372545466877,166.76992345897793,29799900
2024-05-13,167.87159729003906,168.01054680668042,162.77014340140366,163.02818817677723,31327600
2024-05-14,169.06260681152344,169.96578630331507,167.5341620244905,168.49688914969917,25127100
2024-05-15,171.21633911132812,171.3552886431622,169.23133714549078,169.35044756160798,26948400
2024-05-16,172.87379455566406,173.80674779811807,171.39497794928866,171.9904693856651,27867900
2024-05-17,174.73971557617188,174.94814744007684,172.387493160876,172.87380893604973,24479300
2024-05-20,175.59329223632812,177.4294253232356,174.7595949496267,174.86877067605414,22554400
2024-05-21,176.5163116455078,176.814049834635,174.4916010932611,175.57342356539291,16989400
2024-05-22,175.05731201171875,175.82152679389606,173.89608778649955,175.31535679142465,17880000
2024-05-23,172.24853515625,176.91328638262783,171.6530285552818,175.74214258358214,21024900
2024-05-24,173.677734375,174.45188384954722,172.34777168660725,173.6677996738125,16579400
2024-05-28,175.07717895507812,175.94066516572397,173.06240303751144,173.1418049387412,20572200
2024-05-29,174.58090209960938,175.51385536789155,173.4097583079271,174.1144254654683,23388700
2024-05-30,170.81935119628906,173.90602997495594,170.50174360052324,173.88617571412965,22931500
2024-05-31,171.2064208984375,171.7622190301401,168.16937028994596,170.57122087015406,37638900
2024-06-03,171.87139892578125,173.22120091176382,169.8764773378859,171.24611844022382,27459100
2024-06-04,172.48672485351562,172.5462876288162,170.60097920010114,171.98055484617473,26879600
2024-06-05,174.09458923339844,175.32528067630372,172.62567697442577,173.88615737761106,22068500
2024-06-06,175.40469360351562,175.8215421969568,174.43204688548622,174.5809159744427,23251000
2024-06-07,173.15171813964844,176.53613478615,172.9929143569092,175.72229190224542,19661400
2024-06-10,173.89694213867188,175.9339073021769,171.66125199471998,173.85720320728015,23726700
2024-06-11,175.4967041015625,175.71530612964037,172.66483900249895,175.09925413873597,21540600
2024-06-12,176.65924072265625,179.26258771171092,174.98993287783568,177.1163217725909,27864700
2024-06-13,174.0459747314453,175.6159276488582,173.76775676245995,174.98992963777008,20913300
2024-06-14,175.6656036376953,175.93389067490244,173.04239472317744,173.1119567987189,18063600
2024-06-17,176.11276245117188,177.22563442085436,173.69820932054725,174.34408443003642,19618500
2024-06-18,173.9764404296875,176.2618156783684,172.99274644008725,176.01340565485404,21869900
2024-06-20,175.17872619628906,176.16242004315566,173.87706028782432,174.2546331587941,20160100
2024-06-21,178.48756408691406,179.69980614084275,175.48676694016078,175.87428594679412,57759000
2024-06-24,178.08016967773438,179.73954672974688,177.53366462186347,179.01419374381484,18298000
2024-06-25,182.85955810546875,183.11789903328065,178.27887734653552,178.47760230344795,23130200
2024-06-26,182.7105255126953,183.33650839401088,181.31942043498108,181.4684755299556,19839000
2024-06-27,184.23081970214844,184.86674877735993,182.84966053121667,183.0086314287107,18848900
2024-06-28,180.99151611328125,183.95257416720727,180.802737253132,183.14772821008222,29156600
2024-07-01,181.82618713378906,182.71052611795955,180.1469331256833,181.86592606220148,16006100
2024-07-02,184.06187438964844,184.38977740074063,180.40527139828873,180.89216044416673,17372500
2024-07-03,184.63818359375,184.90645546496816,182.8297515992084,183.6743516250974,10242100
2024-07-05,189.38780212402344,189.64614308224583,184.618326787977,184.67794276589416,20967500
2024-07-08,187.82778930664062,188.9605384287447,186.58573916566047,188.69225135300442,21035900
2024-07-09,187.77809143066406,190.14295958916762,187.5197504772306,189.09963450972523,15121400
2024-07-10,189.96408081054688,190.53046286697955,187.82776095522303,187.94699289900143,15952500
2024-07-11,184.38980102539062,189.64615049436205,183.90291191713072,188.6425794494634,25625800
2024-07-12,183.89295959472656,185.9199784961909,183.31664658309873,183.90289053636494,22898400
2024-07-15,185.3436737060547,187.04280482965035,183.74391265022248,183.74391265022248,16474000
2024-07-16,182.75027465820312,187.47999579867826,182.203769602895,186.16839882768255,18290700
2024-07-17,179.86871337890625,182.38262131472416,178.75582629160562,181.80630830706235,20734100
2024-07-18,176.55990600585938,181.33931230427376,175.3476639106666,180.77293018820677,25315700
2024-07-19,176.53009033203125,179.14335328560048,176.0034623321631,177.74233237445245,18881900
2024-07-22,180.5145721435547,181.53802010319112,179.08372815601643,179.44143915290098,24100300
2024-07-23,180.63380432128906,182.44223635279693,180.38539432762542,180.89216041821464,36352700
2024-07-24,171.53207397460938,175.069429864651,170.72722801961868,172.4959059646395,49585200
2024-07-25,166.21609497070312,172.31704385351824,166.12667101114428,171.422773934444,44852000
2024-07-26,165.93788146972656,167.020945440501,163.0165774179734,166.08692140634935,41336900
2024-07-29,168.45179748535156,169.3460674710784,166.92159847023703,167.75625247848131,20293800
2024-07-30,169.20697021484375,170.14099435822163,167.36874508064338,169.15730033798988,18959700
2024-07-31,170.44900512695312,173.14177629603867,168.92873708461033,172.13820531777287,25729100
2024-08-01,169.67396545410156,172.94304963161613,167.80593251440823,169.1672144988525,24531400
2024-08-02,165.6000518798828,167.438276847675,163.62270275190997,165.38144985923282,29130100
2024-08-05,158.23716735839844,163.38421519483722,153.944635352421,154.51101742060257,53630700
2024-08-06,157.2832794189453,159.54879271884894,155.41524640434096,158.31667357844438,49004600
2024-08-07,157.9291534423828,161.94345261056785,157.46214140159782,160.2244595533612,25138600
2024-08-08,160.99948120117188,162.64892717046854,159.1910643615004,159.48914421954225,25578800
2024-08-09,162.62905883789062,162.74829078749448,158.04837777910737,158.99233275753915,28602300
2024-08-12,161.25784301757812,163.85124425062764,160.81070801086153,163.30475433227653,15895300
2024-08-13,163.11593627929688,163.68230316130368,161.93350232416512,162.37070632388532,18551700
2024-08-14,159.3500518798828,162.18193212107965,156.70698083807574,161.36713999266024,40591100
2024-08-15,160.27415466308594,160.61198866564624,158.5949004315282,159.4792395333743,31524300
2024-08-16,161.923583984375,164.0102189248703,160.1052209322512,160.44305489951088,24208600
2024-08-19,165.6099853515625,165.6298623978553,163.21530919170212,164.22882628821975,22416200
2024-08-20,166.1167449951172,167.56746621538298,165.7590491136282,165.8385269794626,18341500
2024-08-21,164.79519653320312,165.7888365119098,163.62269347422293,164.09963641871417,22902000
2024-08-22,162.75823974609375,166.52412878399306,162.2713506737651,166.19622575508728,22493300
2024-08-23,164.56666564941406,165.12310166986182,162.78805657250106,163.67239563965794,13955700
2024-08-26,165.10321044921875,166.48436931233536,163.41402564106588,165.32181244151707,14190400
2024-08-27,163.63262939453125,165.3814455137806,163.4140425413684,164.78525544371954,11821900
2024-08-28,161.8142852783203,164.54679536636124,160.50267315842373,163.99034421256823,16407400
2024-08-29,160.75108337402344,164.91443753942139,159.2308153360169,163.2649914453281,19699800
2024-08-30,162.34091186523438,162.6191298588304,160.66165779990888,161.58573574397926,22123800
2024-09-03,156.3591766357422,160.82062528392495,155.48476866434984,160.6914472440397,38945300
2024-09-04,155.45498657226562,157.9887717937597,154.9681126394364,155.66365765900977,19353800
2024-09-05,156.23995971679688,158.4358956354768,154.98796360800392,155.30593568698094,18688700
2024-09-06,149.9601593017578,156.82621590471155,149.59251732330907,156.29958787438167,37912100
2024-09-09,147.9602813720703,152.62662386310816,146.47778778010462,151.7411114283819,39260500
2024-09-10,147.9105224609375,150.5073645461692,147.59212847902893,149.691491353924,31118800
2024-09-11,150.39791870117188,150.73620092097835,146.77627065265514,149.16416479252044,29607700
2024-09-12,153.91012573242188,154.0394751896829,151.88040198370663,153.02461331532527,29621500
2024-09-13,156.66616821289062,157.58152818841413,154.42751164329223,154.6463885405626,29591200
2024-09-16,157.2631378173828,157.45218236116395,155.8105069116596,156.51691894363321,18379800
2024-09-17,158.51681518554688,159.74061004154726,157.5815516503455,158.2183245621199,20715600
2024-09-18,159.0043182373047,159.6908420434117,157.80042693308812,159.05406919954734,23677300
2024-09-19,161.3225860595703,162.9642616693234,160.52661614683478,162.88467834172684,26587700
2024-09-20,162.76527404785156,162.90456764484875,161.2429886014312,162.67573141732413,40896400
2024-09-23,161.03404235839844,164.65569075995793,160.85494193042624,163.52143865567453,24150900
2024-09-24,161.47181701660156,162.39713636620655,159.87989243963506,162.20809181188605,23332100
2024-09-25,160.6758575439453,161.9891949013652,160.48681299524299,160.6559541225392,18869200
2024-09-26,161.9095916748047,163.2527917160846,161.46186338833198,162.81500754909376,20319300
2024-09-27,163.1234588623047,164.86463640620642,161.81012140947348,161.98920666955183,21101300
2024-09-30,165.0138702392578,165.31234563823617,162.43691623380593,162.4966264954632,20413900
2024-10-01,166.14813232421875,168.3071905376278,163.75027859535956,166.84460026695353,28338100
2024-10-02,165.02383422851562,166.67546915041717,163.89952615078477,165.58100861617797,17760200
2024-10-03,165.02383422851562,165.79990072302581,163.09361211278292,163.58114729291918,15073100
2024-10-04,166.2177734375,167.3818731227034,164.6457371019136,167.21273199051447,19047400
2024-10-07,162.15834045410156,167.63061248672904,161.92950423820415,166.87444945314562,22463100
2024-10-08,163.55130004882812,163.89952645082283,162.0489028416346,163.11351583433103,23072700
2024-10-09,161.04400634765625,164.00897884890495,158.93469888551658,162.625986944261,31181800
2024-10-10,161.2628936767578,162.24790816824293,159.591355313801,160.0589870760538,14144100
2024-10-11,162.4170379638672,163.07369906378534,160.4271208786136,161.31263337427697,15344300
2024-10-14,164.1283721923828,165.3919586438415,162.5762240722605,162.81501959424767,19016100
2024-10-15,164.62583923339844,166.8346331245922,163.8000218608721,164.95416217665158,20247200
2024-10-16,164.32736206054688,164.96413494193072,162.91452270440968,163.70053329945262,16406000
2024-10-17,162.1085662841797,165.53122564009172,161.93942517648014,164.89445286563324,21453400
2024-10-18,162.59613037109375,163.87963544942022,162.2578480953578,162.3672941471386,19757700
2024-10-21,163.24285888671875,163.67068378195492,161.8001568233936,162.12849497134508,20946500
2024-10-22,164.30743408203125,164.9342627494447,162.15832023535148,162.15832023535148,16568100
2024-10-23,161.95936584472656,164.98404860544863,161.1136449298604,163.92937969662665,18280500
2024-10-24,161.89964294433594,162.50656821640374,160.1982572859619,162.00908898296657,22412500
2024-10-25,164.43679809570312,164.75517692607178,162.59611876941653,162.84485839827352,19828900
2024-10-28,165.87948608398438,167.89925067008892,163.12344672576728,167.89925067008892,32138600
2024-10-29,168.82455444335938,169.52103755308448,166.24761551933543,166.88438836507615,42169000
2024-10-30,173.58047485351562,181.1023590425056,173.18248232545162,179.7691030508194,68890800
2024-10-31,170.24734497070312,175.92856453316725,170.13789893136754,172.2571653376557,44769000
2024-11-01,170.42645263671875,171.45127396637912,168.02861393876626,169.2126171068855,31796500
2024-11-04,168.3867950439453,169.86927360734452,167.16298506324307,169.07330370933886,21492700
2024-11-05,168.88426208496094,169.67027262380228,167.98879032144563,168.57581219568198,18242100
2024-11-06,175.6201171875,176.04795723175238,172.62529760518007,172.92378818784377,33695500
2024-11-07,179.83876037597656,180.16709852379773,176.2967103185547,176.51560241710214,25352900
2024-11-08,177.45086669921875,179.9879989024669,177.1822236349013,179.7392592604337,22006200
2024-11-11,179.44076538085938,179.6397540376483,177.57023860694844,177.67968464546155,17450400
2024-11-12,180.70436096191406,181.569985195191,178.48560772038502,178.91344777717472,25134900
2024-11-13,177.97821044921875,180.04772628954274,177.63991296567008,179.55024695817247,23184000
2024-11-14,174.69480895996094,177.91847984932647,173.44116676058277,177.3811937768349,31007500
2024-11-15,171.62042236328125,173.26209805690692,170.35682063157654,172.85416136828243,32504600
2024-11-18,174.41624450683594,174.55553810267529,172.0283347729084,172.54571749253887,20135300
2024-11-19,177.22201538085938,177.96823430730947,172.68500673714084,172.84420375176396,23434900
2024-11-20,175.09278869628906,176.78421507240827,172.90388308120177,176.44593283355675,18997100
2024-11-21,166.784912109375,173.2521428982115,162.87471698401734,173.02329149320352,59734400
2024-11-22,163.9293670654297,165.62080876483188,163.07370209558795,165.0138834352713,38604600
2024-11-25,166.80479431152344,167.77986461840595,164.77508555590978,165.25266140749017,33135300
2024-11-26,168.26739501953125,168.96387819100605,166.73516544238646,166.7849164091866,20486700
2024-11-27,168.37681579589844,168.62555541069312,167.17292456213445,168.14797960120848,19266500
2024-11-29,168.09823608398438,168.57581191461244,166.31726704322566,167.6505077939042,14257200
2024-12-02,170.6254425048828,171.21246438956555,167.72016544073577,167.91915410888186,23789100
2024-12-03,170.4761962890625,171.80943711786688,169.98867631030456,170.62544918240982,22248700
2024-12-04,173.49090576171875,174.02819184419297,170.19759561324068,170.2871382330325,31615100
2024-12-05,171.76962280273438,175.17237881259683,171.46118811843368,174.47591094774677,21356200
2024-12-06,173.82919311523438,174.19732287429628,170.99355553118355,171.16269664161362,21462400
2024-12-09,174.6858367919922,175.57236409115308,172.9725456881121,173.28134907482925,25389600
2024-12-10,184.44760131835938,185.63296124734805,180.34367938541618,182.13666015198473,54813000
2024-12-11,194.6376953125,194.8468827437387,184.12886535477608,184.5870622814724,67894100
2024-12-12,191.2111358642578,194.4185600761266,190.96211115966233,194.2392695844635,34817500
2024-12-13,189.07948303222656,191.97811901209872,188.90017734316862,190.2648278463795,25143500
2024-12-16,195.89280700683594,198.22367470987274,191.86855906897816,192.11758378595036,44934900
2024-12-17,194.6576385498047,200.6342317451905,194.21935261692775,196.48050129830887,43504000
2024-12-18,187.66502380371094,196.231480292107,187.00761009122783,194.45842549322595,34166100
2024-12-19,187.7745819091797,192.27695280314458,187.64509939888953,190.88242054359256,32265200
2024-12-20,190.66326904296875,192.13749096545695,184.49741523030252,185.0552281091218,63462900
2024-12-23,193.87071228027344,194.3388799273183,189.40817875947414,191.86854398568468,25675000
2024-12-24,195.34495544433594,195.34495544433594,193.02404318868335,194.0799055884088,10403300
2024-12-26,194.83694458007812,195.98245219810025,193.62170274567876,194.38868793025316,12046600
2024-12-27,192.0080108642578,194.55803671433245,189.9062416607854,194.18946980047588,18891400
2024-12-30,190.4939422607422,191.7988292724579,188.3822024440024,189.0595575397149,14264700
2024-12-31,188.56150817871094,191.21113466683676,187.77458160553064,190.33456284838633,17466900
2025-01-02,188.6909942626953,191.25097555403835,186.76853081449056,189.90623605246924,20370800
2025-01-03,191.0417938232422,192.45626758091493,189.23885731709424,190.62343412562188,18596200
2025-01-06,196.1019744873047,197.44671400594865,193.09376692292446,193.2232494371018,29563600
2025-01-07,194.72735595703125,200.2158547626208,193.84082865087865,196.3410311167276,26487200
2025-01-08,193.193359375,195.52422692104554,191.62949216136246,191.818753365396,24864800
2025-01-10,191.2908172607422,195.75335107074358,189.5675704988791,193.54201039861906,26665200
2025-01-13,190.26483154296875,190.43416651970912,186.62907690279673,189.32851141262705,21823700
2025-01-14,188.9201202392578,191.23106177406842,187.57538065012295,190.49395831865004,17174900
2025-01-15,194.78712463378906,195.59396223510123,191.1115176062456,192.33671488233958,21776000
2025-01-16,192.1574249267578,194.71739096273467,192.05780896613516,193.38262220625612,17815400
2025-01-17,195.23536682128906,196.46056410218043,192.9941444980855,195.76329797481387,27735100
2025-01-21,197.27737426757812,201.50082353528188,197.0980685764286,198.29339931939404,29971300
2025-01-22,197.59613037109375,199.6978996202174,196.7594109579838,198.28344103159932,26200600
2025-01-23,197.2076416015625,199.5185981768782,194.43848807720923,197.3670210617764,26951400
2025-01-24,199.428955078125,200.11625050908367,197.22756995808922,197.32718592161126,23877500
2025-01-27,191.06170654296875,196.11193470563097,189.98591802549169,191.65937189687645,41728900
2025-01-28,194.53810119628906,194.71739168696277,189.93611434526252,191.99804618358004,24157900
2025-01-29,194.64767456054688,196.0222806001553,192.6753879484473,194.7970833042233,18218300
2025-01-30,200.08636474609375,200.6142959037936,196.89885156773758,197.22756600165175,24354700
2025-01-31,203.22409057617188,204.6783863780237,201.0127499247283,201.21196665384008,32001100
2025-02-03,200.44496154785156,202.9551348332388,199.31938021531738,199.90707487204236,27838300
2025-02-04,205.57489013671875,206.24227455727316,202.01880986682883,202.59654903669593,43856400
2025-02-05,190.58358764648438,191.998046136523,187.29645852491726,190.32460742693195,70373900
2025-02-06,190.8525390625,191.35058847007514,187.98376961110344,188.7607254709797,29297400
2025-02-07,184.61695861816406,190.43417229867478,182.52516013677956,190.3046897826863,49315000
2025-02-10,185.7425537109375,187.46580046504565,185.13493280467802,186.61912556239702,23105600
2025-02-11,184.59703063964844,186.21070577705743,183.5610794112602,184.3081534858771,21239500
2025-02-12,182.89370727539062,184.38785552440282,181.12065256917043,182.5052293386179,22072600
2025-02-13,185.41383361816406,185.5532868448968,182.42553716023775,183.6009416706382,21402500
2025-02-14,184.5074005126953,185.67283443666003,183.6009620380095,184.33806551853942,20448400
2025-02-18,183.05308532714844,185.23454418579348,181.03100592832718,184.87594800082087,29916700
2025-02-19,184.54722595214844,184.73648715297452,182.87377209155156,183.35191045129994,19549400
2025-02-20,183.83999633789062,184.587070455128,182.00717815142445,184.07906552714084,20441500
2025-02-21,178.95912170410156,184.61695583425816,178.38138255149903,184.42769462228776,35199200
2025-02-24,178.5507049560547,182.40560234155157,178.19210879001352,181.28002106421596,29854200
2025-02-25,174.7356414794922,178.0426966360842,174.0084936453782,177.34541534936753,41913400
2025-02-26,172.05613708496094,175.39307405965482,170.9106295738481,174.38701976901885,35431300
2025-02-27,167.8426513671875,173.87900779159736,167.28483845921406,173.31123936714644,39991000
2025-02-28,169.61570739746094,169.94442183496423,166.11940597917265,168.02194319125016,48130600
2025-03-03,166.35845947265625,172.69364861452485,165.28267091657344,171.2592638730811,40770500
2025-03-04,170.2532196044922,172.6139690982364,165.15319817693035,165.5914841182232,45388000
2025-03-05,172.3450164794922,173.10204608630403,168.40045859307807,169.8547695105912,30954900
2025-03-06,171.6776580810547,174.1280529574759,169.83486896565157,169.86475071785694,28302000
2025-03-07,173.18174743652344,174.28741777289434,169.60575619699736,170.5918843353401,27385800
2025-03-10,165.41319274902344,167.99607150995365,163.23920372577845,167.7966101322015,43604000
2025-03-11,163.58824157714844,166.29078517095678,160.9255963482493,164.4558560210946,39587400
2025-03-12,166.6497802734375,167.17831943801426,163.07963775446962,166.12124110886077,28372400
2025-03-13,162.31175231933594,165.67248166266438,161.6635485106855,165.58271795856493,31756200
2025-03-14,165.0342559814453,166.0315020416508,162.00261943703092,162.8203685104477,31995900
2025-03-17,163.83755493164062,165.84202932963498,163.21926721954216,164.57552252303753,31184300
2025-03-18,160.22750854492188,163.79765095180105,156.28838999765335,163.2292134435371,42074800
2025-03-19,163.4386444091797,165.41318720526314,160.5566041117451,161.31450558479577,34275600
2025-03-20,162.35166931152344,164.43591002375265,160.5167401261188,161.12506086024152,28138500
2025-03-21,163.53839111328125,163.7877026347692,160.44692216012342,160.7660482116765,36625800
2025-03-24,167.2182159423828,167.85646804378672,164.68521758619846,166.60991043967152,30879100
2025-03-25,170.09027099609375,170.16008551836464,167.85644975168057,168.51462053018605,24174400
2025-03-26,164.60543823242188,169.14291101426645,164.3860428738787,168.53459028680902,28901600
2025-03-27,161.793212890625,164.96444818748884,161.55386834836875,164.1766304631432,24508300
2025-03-28,153.90499877929688,161.37437785404254,153.2069295238927,160.0480386603904,48669300
2025-03-31,154.21412658691406,155.11164193370462,150.24509161947617,152.68834136730996,54603500
2025-04-01,156.637451171875,157.66461343058796,153.19693997672525,153.19693997672525,30672900
2025-04-02,156.6074981689453,157.9737354754909,154.2739462849113,154.72270392156926,25041700
2025-04-03,150.30491638183594,152.35924068042604,149.97582338010557,150.69384170810525,46883400
2025-04-04,145.19903564453125,150.65397293111235,144.9796402891217,147.60238713771614,62259500
2025-04-07,146.34585571289062,152.42906261628312,140.14298415460087,141.1601793715283,76794100
2025-04-08,144.30149841308594,151.82074204837693,142.63609935843277,150.80354683062922,52200200
2025-04-09,158.27293395996094,159.11061702523395,143.51368875470308,144.0222787835972,70406200
2025-04-10,152.39913940429688,157.28563866565491,149.51708388683267,156.10888048544342,48022000
2025-04-11,156.70724487304688,157.2357840662013,152.39914981719627,152.47891611104427,33636200
2025-04-14,158.63192749023438,161.27462328630523,157.12607630131762,159.5593589601424,30333000
2025-04-15,155.87953186035156,159.2103301054895,154.78257030571797,158.6917731015249,27551500
2025-04-16,152.90773010253906,155.46067741277207,151.09273508921532,152.67836778458886,28187400
2025-04-17,150.74371337890625,154.25400844452392,148.09103529003713,153.86508310192784,33046600
2025-04-21,147.26332092285156,148.53979463690146,145.6976525525358,148.46999532680982,26049100
2025-04-22,151.0528564453125,151.77087479980403,148.13091768280205,148.47995987784566,26971800
2025-04-23,154.92218017578125,157.09616926384234,153.38641273519517,155.1814586711159,31128800
2025-04-24,158.8413543701172,159.15049822016638,155.36096007364648,155.7199692710382,45894000
2025-04-25,161.51397705078125,165.6425750916004,160.59649729347288,164.61541287682232,56034000
2025-04-28,160.1676788330078,162.70067694860023,158.16321987401656,161.98265861948803,29745800
2025-04-29,159.71893310546875,160.29733764803302,157.086204107764,159.87849612757626,26809000
2025-04-30,158.36268615722656,158.83139304877153,154.97204023505506,157.54493703861002,34981100
2025-05-01,160.8557891845703,161.5039930234171,158.47237175928248,160.00812396444732,30203200
2025-05-02,163.57826232910156,164.51567601619934,161.42420728854916,162.95997467027814,25715000
2025-05-05,163.7577667236328,164.93450965911595,162.27186475669814,162.551092409754,21341800
2025-05-06,162.7804718017578,164.3461554362482,160.74609651363122,161.72339340187466,21277200
2025-05-07,150.96310424804688,164.5455898895658,147.43284488902702,163.62812539619352,127490100
2025-05-08,153.85513305664062,155.50058309873845,152.47892851591033,154.57315149382438,57498700
2025-05-09,152.32933044433594,154.62299934708025,151.78084208678038,153.7454179749914,32435300
2025-05-12,158.0236053466797,158.66184216787673,155.81968502629073,157.0562755246952,44138800
2025-05-13,159.09066772460938,160.12781218093087,155.72995326636035,158.35270013902556,42382100
2025-05-14,164.91458129882812,166.5400972975048,159.170449289238,159.51949150800576,48755900
2025-05-15,163.5084686279297,165.75227223459135,161.92283584781248,165.3832808496498,33146700
2025-05-16,165.73231506347656,168.88361607338598,165.16387753981013,167.26806720706887,42846900
2025-05-19,166.0813446044922,166.18107529267584,163.7677417629434,164.0569364118495,30426100
2025-05-20,163.5283966064453,168.03595283640126,162.45136908866291,165.9716462897934,46607700
2025-05-21,168.09579467773438,172.66318349220677,163.1095643409873,163.2392111991083,73416000
2025-05-22,170.39942932128906,176.28319020253375,170.23988151650855,171.3767414156938,74864400
2025-05-23,168.00604248046875,169.49194456610303,167.42763794814334,168.5944139952117,35211400
2025-05-27,172.423828125,172.69308880696215,169.53182079809207,169.69138381086714,37995700
2025-05-28,171.8853302001953,174.7873198647011,171.4365725199691,172.6831300854681,34784000
2025-05-29,171.38670349121094,173.93965089581198,170.1600951338123,173.5208093888165,29317300
2025-05-30,171.2670440673828,171.73575093359455,166.97888295989642,170.87811871209726,52639900
2025-06-02,168.5644989013672,169.40218193277036,166.92901598525125,167.37777366516244,38612300
2025-06-03,165.7223358154297,168.01600469808255,164.82482048675826,167.0287408798973,45084900
2025-06-04,167.5872039794922,167.75673398423967,165.90185569784677,166.28081407126308,26900800
2025-06-05,167.74676513671875,170.45926039928958,167.1284622369502,169.87088888051295,36379100
2025-06-06,173.20169067382812,174.01943975782734,170.35954849552294,170.35954849552294,35731800
2025-06-09,175.817626953125,176.1970440586742,174.1002861656323,174.27002138780236,28935900
2025-06-10,178.3237762451172,180.8298886948226,174.63948090794972,175.92747903926403,61766100
2025-06-11,177.07569885253906,180.09101684926247,176.47662077845203,179.49195401036374,31646800
2025-06-12,175.42823791503906,176.44666452455314,174.47971034788216,175.90749122267417,20941900
2025-06-13,174.39984130859375,176.85604320367563,172.1233689351953,172.17329464872896,27663100
2025-06-16,176.49659729003906,176.66633252587772,174.37986589593493,174.45974398959817,27389200
2025-06-17,175.6778564453125,177.08567926563504,174.30998028900405,175.4282431183839,24973000
2025-06-18,173.05194091796875,176.28692000243774,172.93211615674434,175.73776761612697,28707500
2025-06-20,166.38226318359375,174.07035081830173,165.20409556084024,173.68095462694552,75659900
2025-06-23,164.9344940185547,167.08116240174218,161.7494257286143,166.0128253516346,57671000
2025-06-24,166.51206970214844,167.95982401484335,165.87306016657053,166.66183161080377,40524300
2025-06-25,170.41600036621094,172.0934098171055,167.29085192583665,167.3707300173257,35479000
2025-06-26,173.27159118652344,173.4213683331891,169.6771681943881,172.16330733603075,31796700
2025-06-27,178.25387573242188,178.40363764116194,171.46438989107267,173.27158802075178,108140200
2025-06-30,175.95741271972656,180.94967899066734,174.30997094439113,180.5003780733202,63378900
2025-07-01,175.56802368164062,175.81763700531283,173.26159900853952,175.46818749328466,35904500
2025-07-02,178.3636932373047,178.58335417760583,174.79922295185074,175.26848197683447,29128900
2025-07-03,179.2523193359375,179.39210218822254,176.7761594232363,178.22391365801445,21689700
2025-07-07,176.5165557861328,179.0226833705182,175.40827199123135,178.78304908898676,34175600
2025-07-08,174.09031677246094,177.67476043779465,172.54271112131266,177.5749242496101,40442500
2025-07-09,176.34681701660156,179.1624626362242,172.50278095171484,174.97894087050608,43025600
2025-07-10,177.34527587890625,178.15402063985096,174.11029683512743,175.35836349959487,29252400
2025-07-11,179.91131591796875,181.14938835134018,176.20704719654847,176.51656530489134,34282900
2025-07-14,181.2791748046875,183.3859118317051,179.40207776586954,180.7300224544814,32536600
2025-07-15,181.718505859375,183.93507346834292,181.31913062189142,182.5272506181519,33448300
2025-07-16,182.68701171875,184.04490889196538,181.74846312672318,182.95659839065306,33104200
2025-07-17,183.29605102539062,183.77530432362263,180.20083982993623,181.85827589550698,31992600
2025-07-18,184.77377319335938,186.1316703490662,183.42587032160213,185.11324367348885,34014500
2025-07-21,189.8059844970703,189.99567783258155,185.86208164773134,185.9619330750015,45803100
2025-07-22,191.04405212402344,191.35357021159422,187.17006365240448,191.20380830960463,44660200
2025-07-23,189.93577575683594,192.23222149983224,188.88739669642578,191.20381577219638,58681900
2025-07-24,191.8727569580078,197.64381545602902,190.70456849752816,196.7252403051011,74881700
2025-07-25,192.88119506835938,194.02942546808288,190.96416662133603,191.68305419336826,39785900
2025-07-28,192.28213500976562,193.7498625541434,190.54482081320737,193.35047209995227,38139500
2025-07-29,195.44723510742188,195.61697034161693,191.78291329403916,192.13236281084488,41389200
2025-07-30,196.2260284423828,197.2943808004953,194.3888780023715,195.2974741739121,32445400
2025-07-31,191.60317993164062,195.68686545955075,190.79443520574372,195.40729975764043,51329200
2025-08-01,188.8374786376953,190.53484621084553,187.52950724447476,188.73762721302066,34832200
2025-08-04,194.7383270263672,194.96798225717674,189.82593856567027,189.9956738002762,31547400
2025-08-05,194.368896484375,197.55396485726567,193.5901041516216,194.40884314692985,31602300
2025-08-06,195.78671264648438,196.3258859841649,193.3704573812648,194.1991754853375,21562900
2025-08-07,196.21604919433594,197.23446060352177,194.0294340028213,196.75520727948205,26321800
2025-08-08,201.10845947265625,202.29662132319493,196.86503299798275,196.9149587094283,39161800
2025-08-11,200.68911743164062,201.16837075965444,198.76210983585918,200.62921267003748,25832400
2025-08-12,203.02549743652344,204.18370696130674,200.27975076589462,201.0585431482033,30397900
2025-08-13,201.6476287841797,204.21364576160173,197.2044995517677,203.81427054832747,28342900
2025-08-14,202.62611389160156,204.12379383237695,200.91875205563483,201.18833871082708,25230400
2025-08-15,203.58462524414062,206.12070520105007,200.96868242883633,203.534714766441,34931400
2025-08-18,203.18524169921875,204.9525082638803,202.17680937496152,203.88415594549542,18526600
2025-08-19,201.25823974609375,203.1253425488118,199.65072931767816,202.7159730378366,24240200
2025-08-20,199.01171875,200.9686786831588,196.29592455953664,200.41952632200108,28955500
2025-08-21,199.44105529785156,202.1668286588479,199.12154291514705,199.44105529785156,19774600
2025-08-22,205.771240234375,208.21744781149425,200.98865555430208,202.41643648326647,42827000
2025-08-25,208.1675262451172,210.19438514977915,204.9624845680577,206.11069972619865,29928900
2025-08-26,206.81961059570312,207.52851912382437,205.3818354433132,207.18903343187435,28464100
2025-08-27,207.15908813476562,208.58688428789492,205.3319167524022,205.38184246485358,23022900
2025-08-28,211.31265258789062,211.8917573213033,206.57997853322107,206.92944327697995,32339300
2025-08-29,212.58070373535156,214.31800279201352,209.87488848734807,210.1844065843309,39728400
2025-09-02,211.0231170654297,211.3525932568575,205.88107328271496,208.11761422314743,47523000
2025-09-03,230.30325317382812,230.95224175670688,224.4423216543269,225.86013881710127,103336100
2025-09-04,231.94070434570312,232.01058815431742,225.76027598883607,229.2947939629136,51684200
2025-09-05,234.63653564453125,235.39535470067108,231.5413241866342,231.84086323662245,46588900
2025-09-08,233.8870086669922,237.97434675109136,233.5172554040335,235.31608185012894,32474700
2025-09-09,239.47335815429688,240.3128053844981,233.07753270088136,234.0169206603603,38061000
2025-09-10,239.01365661621094,241.50203443312756,237.6945274082077,238.74382884116824,35141100
2025-09-11,240.21287536621094,242.09165136894262,236.09557331646107,239.7232054178332,30599300
2025-09-12,240.64259338378906,241.92175543476245,237.84442067897936,240.21286654309478,26771600
2025-09-15,251.44552612304688,252.24500622225327,244.5000723057695,244.5000723057695,58383800
2025-09-16,250.99581909179688,252.87457975705254,249.30692141357196,251.91521585326547,34109700
2025-09-17,249.36688232421875,251.43553649547647,246.11900683222018,251.0557800198683,34108000
2025-09-18,251.86524963378906,253.82397511354577,249.6367116291099,251.51547232528497,31239500
2025-09-19,254.55349731445312,255.83265939150547,251.64539584681071,253.08445699569828,55571400
2025-09-22,252.36492919921875,255.6128047936517,250.13639113793755,254.2636811395151,32290500
2025-09-23,251.49549865722656,254.1937306726042,250.31626206974443,252.8745862102155,26628000
2025-09-24,246.97845458984375,252.18505574615793,246.2789151995329,251.49550432970327,28201000
2025-09-25,245.6293182373047,246.32887284028934,240.58263166512353,244.24022750230412,31020400
2025-09-26,246.3788299560547,249.25695217808112,245.80921049475367,246.90849752367055,18503200
2025-09-29,243.89047241210938,250.98582213384148,242.61131034259105,247.6879914773483,32505800
2025-09-30,242.94110107421875,243.13096406959585,239.09361157011617,242.65128209661555,34724300
2025-10-01,244.7399139404297,246.13900797357311,238.45403213601972,240.59263270567308,31658200
2025-10-02,245.52940368652344,246.64866670301694,242.14162021805868,244.98974812584623,25483300
2025-10-03,245.1896209716797,246.138996907564,241.5020306823554,244.33018254314118,30249600
2025-10-06,250.26629638671875,251.1557292673991,244.42012945214807,244.61999567020933,28894700
2025-10-07,245.59934997558594,250.27629875611288,245.35951661425605,248.10771903747053,23181300
2025-10-08,244.46009826660156,245.84918907751907,243.66063338889384,244.79988761332393,21307100
2025-10-09,241.3721160888672,244.60000044134677,238.99366696134817,244.3101967172578,27892100
2025-10-10,236.4153594970703,243.93043262992407,235.6858257251368,241.27216783484693,33180300
2025-10-13,243.9904022216797,244.34017953936018,239.55331729181,240.05299046060216,24995000
2025-10-14,245.28955078125,246.95845730298234,240.35277752895155,241.07230809804528,22111600
2025-10-15,250.86590576171875,251.94520161834686,245.82920701293574,247.0883778879278,27007700
2025-10-16,251.29562377929688,256.79201310331337,249.93651222042618,251.60541868813706,27997200
2025-10-17,253.13442993164062,254.05382673080507,247.64801305801078,250.59608169913423,29671600
2025-10-20,256.3822937011719,257.1617826336821,254.06381810029453,254.52352413042843,22350200
2025-10-21,250.29627990722656,254.71338870395212,243.99039197294186,254.5734808325197,47312100
2025-10-22,251.52548217773438,256.19241249616164,249.12704181794433,254.20372304336274,35029400
2025-10-23,252.91456604003906,254.8732762688867,251.68537434804077,252.81462530948346,19901400
2025-10-24,259.7501220703125,261.5089509442133,255.1531226659378,256.412278354529,28655100
2025-10-27,269.0939636230469,269.9634205104271,264.10723541197956,264.6468909460984,35235200
2025-10-28,267.295166015625,270.5530448339537,266.3257988486908,269.5137161039883,29738600
2025-10-29,274.3905334472656,275.1600191542769,267.49504976173847,267.57498405043395,43580300
2025-10-30,281.2960205078125,291.3993974290424,279.87693527724974,291.3993974290424,74876000
2025-10-31,281.0061950683594,285.81304844327684,276.8489107040144,283.02486366213384,39267900
2025-11-03,283.5345458984375,285.3433603410046,279.61709481156873,281.9955439895644,29786000
2025-11-04,277.35858154296875,281.0861237356038,276.07941949471564,276.56908942406625,30078400
2025-11-05,284.1241455078125,286.23278206992967,277.15870054271744,278.6876991693174,31010300
2025-11-06,284.5638732910156,288.1615262521665,280.9562476047489,285.14348075532007,37173600
2025-11-07,278.647705078125,283.59448127875606,275.0101005397699,283.0248465894465,34479600
2025-11-10,289.9103698730469,290.6098939896417,282.6750818691635,284.23409016650885,29557300
2025-11-11,291.11956787109375,291.72918497214437,287.1321858980205,287.56189748708465,19842100
2025-11-12,286.5225830078125,291.8191369528623,283.504568014819,291.4893355792204,24829900
2025-11-13,278.3879089355469,282.65510670070455,277.0587612643864,282.15543354563385,29494000
2025-11-14,276.22930908203125,278.3778974858086,270.52305035910666,271.23257767900105,31647200
2025-11-17,284.83367919921875,293.7578650793077,283.38464532335746,285.59319216713175,52670200
2025-11-18,284.09417724609375,288.61121173854644,278.0181648979437,287.7318125744744,49158700
2025-11-19,292.61859130859375,303.6114007455407,286.44263841708545,286.9722907427786,68198900
2025-11-20,289.26080322265625,306.2197114167213,288.48131431646567,304.3409354639468,62025200
2025-11-21,299.464111328125,303.7213362601199,293.6579118539212,296.2262391249899,74137700
2025-11-24,318.3717346191406,319.27117069793417,309.39762425695875,310.9266228942269,85165100
2025-11-25,323.22857666015625,328.6150374741804,317.4423529194355,325.9967549915166,88632100
2025-11-26,319.7408752441406,324.287888914303,316.58293713459693,320.4703785574214,51373400
2025-11-28,319.970703125,326.6363566172421,316.5829348985448,323.15862038246837,26018600
2025-12-01,314.6841735839844,319.6409227326276,313.684827275924,317.49233426982363,41183000
2025-12-02,315.6035461425781,318.17187340075924,313.7047943107319,316.5329308632399,35854700
2025-12-03,319.42108154296875,321.369788644051,313.89469739870816,315.68353592029735,41838300
2025-12-04,317.4123840332031,322.14927599125497,314.4943097586067,322.0193865832628,31240900
2025-12-05,321.0599670410156,322.9487461411032,318.961364259978,319.28113189003057,28851700
2025-12-08,313.7200012207031,320.44000244140625,311.2200012207031,320.04998779296875,33909400
2025-12-09,317.0799865722656,317.989990234375,311.8999938964844,312.3699951171875,30194000
2025-12-10,320.2099914550781,321.30999755859375,314.67999267578125,315.8299865722656,33428900
2025-12-11,312.42999267578125,321.1199951171875,308.6000061035156,320.0799865722656,42353700
2025-12-12,309.2900085449219,314.8699951171875,305.55999755859375,313.70001220703125,35940200
2025-12-15,308.2200012207031,311.4200134277344,304.8800048828125,311.32000732421875,29151900
2025-12-16,306.57000732421875,310.7699890136719,302.5899963378906,304.95001220703125,30585000
2025-12-17,296.7200012207031,308.0899963378906,296.1199951171875,308.010009765625,43930400
2025-12-18,302.4599914550781,303.9599914550781,299.2300109863281,301.7200012207031,33518000
2025-12-19,307.1600036621094,307.25,300.9700012207031,301.7300109863281,59943200
2025-12-22,309.7799987792969,310.1300048828125,305.29998779296875,309.8800048828125,26429900
2025-12-23,314.3500061035156,314.94000244140625,309.32000732421875,309.6300048828125,25478700
2025-12-24,314.0899963378906,315.0799865722656,311.9200134277344,314.7699890136719,10097400
2025-12-26,313.510009765625,315.0899963378906,312.2799987792969,314.4800109863281,10899000
2025-12-29,313.55999755859375,314.0199890136719,310.6199951171875,311.3699951171875,19621800
2025-12-30,313.8500061035156,316.95001220703125,312.4599914550781,312.5,17380900
2025-12-31,313.0,314.5799865722656,311.44000244140625,312.8500061035156,16377700
2026-01-02,315.1499938964844,322.5,310.3299865722656,316.8999938964844,32009400
2026-01-05,316.5400085449219,319.0199890136719,314.6300048828125,317.6600036621094,30195600
2026-01-06,314.3399963378906,320.94000244140625,311.7799987792969,316.3999938964844,31212100
2026-01-07,321.9800109863281,326.1499938964844,314.19000244140625,314.3599853515625,35104400
2026-01-08,325.44000244140625,330.32000732421875,321.5,328.9700012207031,31866900
