Date,Close,High,Low,Open,Volume
2012-05-18,37.964805603027344,44.687843907734816,37.73640152208718,41.75830671613622,573576400
2012-05-21,33.79393768310547,36.40569482064785,32.77108385384205,36.27659555082078,168192700
2012-05-22,30.784957885742188,33.35699161546748,30.725374626638857,32.383790175603224,101786600
2012-05-23,31.77802085876465,32.274552434682846,31.142461047707002,31.152391906519483,73600000
2012-05-24,32.80087661743164,32.97962829830883,31.549618639526823,32.721433530505955,50237200
2012-05-25,31.688648223876953,32.7214349152667,30.894198379821642,32.67178251030743,37149800
2012-05-29,28.639942169189453,31.47017260176927,28.451259635252747,31.261628349709188,78063400
2012-05-30,27.99445152282715,29.345016157131653,27.666740749797373,28.500913970985476,57267900
2012-05-31,29.394668579101562,29.46418269408395,26.64388329631165,28.351951172013045,111639200
2012-06-01,27.5277099609375,28.947790574935443,27.199999195716256,28.689593927470575,41855500
2012-06-04,26.713397979736328,27.458195331740786,26.25658984635005,27.01131805700868,35230300
2012-06-05,25.6905460357666,27.567434893601398,25.571377617341934,26.514788423007477,42473400
2012-06-06,26.6240234375,26.981526789922295,25.342972914849625,25.889156908501278,61489200
2012-06-07,26.12748908996582,27.160275601769797,25.968599148783287,26.81270314513894,26159500
2012-06-08,26.912010192871094,27.567431682569417,26.256588703172767,26.365824355377466,38034000
2012-06-11,26.822635650634766,27.87528204915044,26.653814840994905,26.991456460274623,28219600
2012-06-12,27.209928512573242,27.57736269232864,26.77298021900082,27.289373484666633,15816800
2012-06-13,27.08083152770996,27.905073835175585,26.91201072284989,27.468125535399363,17102800
2012-06-14,28.09375762939453,28.123548311878448,27.19006841365682,27.45819592071798,16855000
2012-06-15,29.80182456970215,29.89120040236507,28.153339935880094,28.3122298841436,43563800
2012-06-18,31.19211196899414,31.857466219065852,29.20598575947338,29.752169709444566,42978900
2012-06-19,31.688648223876953,31.956775756539813,30.48704259797856,31.32121588129556,30849000
2012-06-20,31.380794525146484,31.70850527432756,30.93391536984613,31.69857441597449,15553600
2012-06-21,31.619129180908203,32.274550673832,31.291418434446303,31.45030837854192,21875300
2012-06-22,32.82073974609375,33.21796656249229,31.837609247272642,32.185179870444614,74834000
2012-06-25,31.837604522705078,32.79094419470716,31.331140217542337,32.632054249373475,24352900
2012-06-26,32.87038040161133,33.20802193838988,32.27454417823004,32.46322476504611,24858700
2012-06-27,32.00642013549805,32.6717743174607,31.67870942023797,32.23482417162412,28568000
2012-06-28,31.142459869384766,31.966700284340234,30.685649851882946,31.738296222648113,17713300
2012-06-29,30.884262084960938,31.768087617700644,30.546620487126496,31.698573505343703,19526900
2012-07-02,30.556550979614258,31.50989061330511,30.338075892971993,31.033220796459684,14122000
2012-07-03,30.983572006225586,31.221906942382066,30.586345218513753,30.695582774546278,8763600
2012-07-05,31.25169563293457,31.41058558024122,30.80481836642871,31.102736544099283,10032100
2012-07-06,31.5098934173584,31.678714229279137,31.043154416927013,31.22190608768046,10945600
2012-07-09,31.946842193603516,32.65191996381857,31.768092403806,31.87732807077374,17785200
2012-07-10,31.25169563293457,32.25468960913129,30.943846596792632,32.20503721089205,14269500
2012-07-11,30.755165100097656,31.34107251063153,30.338078500973843,31.261627534327836,13030300
2012-07-12,30.596275329589844,31.182182743610856,30.387732975845577,30.48703967034565,11300700
2012-07-13,30.506900787353516,30.854473285780987,30.348010827063998,30.824682602050288,8108300
2012-07-16,28.054035186767578,30.288427369784465,28.014311749892993,30.288427369784465,24672100
2012-07-17,27.8951416015625,28.39167313324696,26.961661791642815,28.282435590158787,30438600
2012-07-18,28.90806770324707,29.086819365889642,27.95472613385921,28.113616079737593,16841800
2012-07-19,28.798830032348633,29.295361584630506,28.43139585024832,29.205985753690364,13685100
2012-07-20,28.560495376586914,29.265569278119724,28.52077194286348,28.798830296574803,11869100
2012-07-23,28.55056381225586,28.798829584536346,27.815697353599724,27.924934899520746,12390700
2012-07-24,28.25264549255371,29.245708576381716,27.905073034390405,28.620077772864263,11539800
2012-07-25,29.136470794677734,29.285429877220025,27.885211091911007,28.193060115047405,17230200
2012-07-26,26.663745880126953,28.034172189798944,26.544577469055735,27.55750233374935,64597400
2012-07-27,23.54552459716797,24.36976876770406,22.1254459910916,23.02913323773906,123102300
2012-07-30,22.98941421508789,23.87324180929025,22.870247683946403,23.833518369497845,29285900
2012-07-31,21.55940055847168,23.207887166849723,21.460095756549574,23.207887166849723,56179400
2012-08-01,20.73516082763672,21.430305893843947,20.695439280660324,21.350860905773228,44604400
2012-08-02,19.900989532470703,20.695439418468005,19.682514393232996,20.625925290207984,56374500
2012-08-03,20.943702697753906,22.006280001355112,19.76195697868558,20.218767028172223,80647000
2012-08-06,21.767940521240234,21.99634455125333,21.152240642381773,21.241616461798603,27778900
2012-08-07,20.576269149780273,22.29426995266771,20.357795924183627,22.046004148714253,36782900
2012-08-08,20.576269149780273,21.003286635639064,20.079737541873357,20.566338290328,29537400
2012-08-09,20.864255905151367,21.02314584921726,20.467031044986637,20.60605927251491,15610700
2012-08-10,21.658708572387695,21.66863943200771,20.98342527116912,21.26148365817612,25794700
2012-08-13,21.450164794921875,22.294268866045577,21.251551403792412,21.996348779351383,24973100
2012-08-14,20.23862648010254,21.450164754285222,20.10952910199533,21.261482222481455,39308800
2012-08-15,21.05293846130371,21.261480802965398,20.258486845449912,20.49682176197079,47861100
2012-08-16,19.732166290283203,20.337933544240464,19.55341461418779,20.29821200184021,157565300
2012-08-17,18.91785430908203,19.940710146803358,18.86820190382437,19.87119602179549,129293400
2012-08-20,19.871192932128906,19.990359443865863,18.61993319418553,18.91785136764548,101186600
2012-08-21,19.027090072631836,19.841401564135232,18.957575954203644,19.44417667731866,70640600
2012-08-22,19.30514907836914,19.394524917620856,18.828477304320746,19.225704098380696,49892200
2012-08-23,19.30514907836914,19.5931364205331,19.225704098380696,19.36473233983104,32813700
2012-08-24,19.27535629272461,19.54348380758842,19.116466334461105,19.38459384932491,29622200
2012-08-27,19.01715850830078,19.39452355736733,18.967506109584573,19.354800123100283,20704000
2012-08-28,19.205842971801758,19.24556451596138,18.818548919185936,18.96750802449065,25417000
2012-08-29,18.96750831604004,19.245564811784774,18.93771573687404,19.18598154757059,16124700
2012-08-30,18.957578659057617,19.3150820552597,18.927786078001464,19.13633035715866,30647500
2012-08-31,17.93471908569336,18.570280758758056,17.904928404878678,18.550419042136568,58764200
2012-09-04,17.607011795043945,18.14326688441239,17.428260098587796,17.954584327695578,46622400
2012-09-05,18.451114654541016,18.619935478645445,18.05388974315347,18.14326558498039,60781800
2012-09-06,18.828474044799805,19.12639408876987,18.590139146094195,18.610000861182346,46066500
2012-09-07,18.848339080810547,19.285287419149576,18.649727577287525,18.96750749821855,36371700
2012-09-10,18.679515838623047,19.066811724384802,18.42131921282104,18.927781606419114,24797800
2012-09-11,19.29521942138672,19.444178531381944,18.719242807052094,18.788756932108676,50508200
2012-09-12,20.784812927246094,21.01321700698957,20.13932223078432,20.615992108714455,121584000
2012-09-13,20.566335678100586,21.330994711742548,20.46703088442659,20.814601450520637,65041600
2012-09-14,21.847387313842773,21.926832282855685,20.75501756932714,20.983421618474576,72819800
2012-09-17,21.37071990966797,22.592187156276196,21.350858191645635,22.512742178304546,50667600
2012-09-18,21.718292236328125,21.827527896399477,21.221760654185548,21.450164727382894,36760500
2012-09-19,23.128440856933594,23.207885830366855,21.618984467584067,21.83745767099614,78782800
2012-09-20,22.43329429626465,23.078784895487992,22.383641901754174,22.860311707877496,57248900
2012-09-21,22.701425552368164,23.078788738185363,22.44322889086471,22.810661217302805,51218100
2012-09-24,20.64578628540039,21.82753021253049,20.21876877638789,21.628918695069284,79106500
2012-09-25,20.139320373535156,21.062867466561087,20.079735223700542,21.052938502372868,46291700
2012-09-26,20.47696304321289,20.635852996124225,19.662649666895245,20.01022214918291,38271900
2012-09-27,20.179040908813477,20.85432408707272,20.020150972060414,20.84439322926097,30215900
2012-09-28,21.509746551513672,21.797735759114953,20.357793509343633,20.427307623146,65486000
2012-10-01,21.837461471557617,22.43329982306474,21.579264789433935,21.92683731898958,51262700
2012-10-02,22.115516662597656,22.33398987230768,21.66863749032985,21.9268341349604,29341400
2012-10-03,21.678569793701172,22.3339913606256,21.648777215525424,22.1453088204147,32000100
2012-10-04,21.79773712158203,22.244614407151104,21.261482105957953,22.165169430108758,46892100
2012-10-05,20.764949798583984,21.479954566920764,20.735157222942522,21.340926335495787,40529300
2012-10-08,20.258487701416016,20.606060179655415,20.02015277482496,20.258487701416016,32236700
2012-10-09,20.08966827392578,20.407448197912146,19.831471612157422,20.248558235918964,27161800
2012-10-10,19.50375747680664,19.801677524930724,19.31507686319056,19.79174666724818,39321800
2012-10-11,19.61299705505371,19.821539405703138,19.47396882128743,19.7420944301056,21817300
2012-10-12,19.384593963623047,19.662650445164843,19.344870526764094,19.612998043208872,18809400
2012-10-15,19.384593963623047,19.742095424765033,19.35480138597883,19.543483922823423,20189700
2012-10-16,19.344871520996094,19.55341578698832,19.166119834179277,19.543484927263183,21834700
2012-10-17,19.742094039916992,20.337932292181016,19.235633514316042,19.36473088681641,44074500
2012-10-18,18.848339080810547,19.65272163654966,18.75896324128398,19.563345797023093,52157400
2012-10-19,18.868196487426758,18.92777973545526,18.669583135175344,18.868196487426758,34835000
2012-10-22,19.18597984313965,19.29521739625946,18.917852336818825,19.066813325297716,32447300
2012-10-23,19.364730834960938,19.66264901323638,18.96750596588782,19.116465055025543,78381200
2012-10-24,23.068857192993164,24.08178209013557,22.69149401839458,23.96261367524682,228949900
2012-10-25,22.40350341796875,23.148300756676253,22.314127585794445,23.128440933840082,76142000
2012-10-26,21.787805557250977,22.721283533745385,21.728220405810195,22.244613686924716,73175800
2012-10-31,20.963563919067383,21.350857945448567,20.58619885746519,20.675574693417413,99378200
2012-11-01,21.062870025634766,21.291276006182976,20.864258517741348,20.933772640209934,37713900
2012-11-02,21.033077239990234,21.53953965981669,20.92383969038524,21.112522214034527,38344400
2012-11-05,21.10259246826172,21.330996543918186,20.77488169628401,20.953633370838702,31806700
2012-11-06,21.023149490356445,21.22176290189676,20.844397798793736,21.092663616160195,29062700
2012-11-07,20.3280029296875,20.804674703049585,20.228698125433223,20.705368004677577,33396800
2012-11-08,19.85133171081543,20.586198198588903,19.84140085223662,20.377655850786713,34254600
2012-11-09,19.076740264892578,19.861260982893235,18.997295296725703,19.821537551751074,42295500
2012-11-12,19.930774688720703,20.030081370442936,18.739100190406127,19.017156626287488,67349200
2012-11-13,19.72223472595215,19.970500512959127,19.42431464507319,19.473968938945166,71775100
2012-11-14,22.20488929748535,22.343917511438974,19.791745903191163,19.960566689042288,229751000
2012-11-15,22.016210556030273,22.343921326385892,21.49981725301,22.185031370705453,78857700
2012-11-16,23.39656639099121,23.764000575884154,22.026140129689235,22.095654244478222,107182200
2012-11-19,22.761009216308594,23.952685845188373,22.661702514882315,23.793793986435652,85021300
2012-11-20,22.93975830078125,23.734208033937954,22.5425334342029,22.572324115372794,46655300
2012-11-21,24.151296615600586,24.359840871632205,22.89010590251326,23.058926721541624,89862400
2012-11-23,23.833515167236328,24.508798400033506,23.714346757988398,24.409491708013167,29520900
2012-11-26,25.760055541992188,25.90901461774642,24.637893256800993,24.766992511474093,123865000
2012-11-27,25.968603134155273,26.31617564412769,25.283388973823115,25.85936746665145,85760600
2012-11-28,26.17714500427246,26.306242379197585,25.57137588211254,25.760058409265532,49205600
2012-11-29,27.1304874420166,27.32910084787072,25.978534233945457,26.316175887426773,88759700
2012-11-30,27.805768966674805,27.805768966674805,26.574370854016188,27.07090244270681,127049600
2012-12-03,26.852428436279297,28.679662886363747,26.792843283623096,27.805768149366838,123526100
2012-12-04,27.269514083862305,27.567434175100285,26.494926013702504,26.872289189662702,72869200
2012-12-05,27.517778396606445,27.706460921477554,27.070901125007634,27.557501830944616,58976300
2012-12-06,26.782913208007812,27.557503168129497,26.63395411024687,27.487989048782236,46001500
2012-12-07,27.299304962158203,27.58729417635251,26.653814312493395,26.882218375677965,51751900
2012-12-10,27.64687728881836,27.974588041189623,26.912010810595447,26.981524925626086,50608500
2012-12-11,27.785907745361328,28.044104403391227,27.468127825976136,27.87528358445313,77099100
2012-12-12,27.38867950439453,27.944794295466185,27.180137168036723,27.805766071227644,46704200
2012-12-13,28.04410171508789,28.550564123352775,27.239721134487212,27.39861107894864,81051600
2012-12-14,26.6240234375,28.133479932041123,26.574371035938107,27.984520833237735,91631600
2012-12-17,26.564437866210938,26.812703640661507,26.13742043109715,26.584299582755193,57742500
2012-12-18,27.517778396606445,27.716391780062096,26.713397792434506,26.77298104982416,60512900
2012-12-19,27.219860076904297,28.024240676979364,26.763051949047558,27.636946664742773,61390300
2012-12-20,27.17020606994629,27.40854097829981,26.94180012542137,27.299303435010394,35574800
2012-12-21,26.077838897705078,26.822636270241567,25.93881066094925,26.47506378423434,54555200
2012-12-24,26.743192672729492,26.77298335693267,26.018256980646402,26.316175187384783,28230100
2012-12-26,26.32610321044922,26.991455568323087,26.197003945752055,26.842496481002755,33175400
2012-12-27,25.869293212890625,26.614090544096122,25.342970977740645,26.365824767027622,43481700
2012-12-28,25.73026466369629,25.92887804052683,24.97553648350479,25.303247229392905,56574800
2012-12-31,26.435340881347656,26.802773172172106,25.928878466809095,26.01825429844046,60374500
2013-01-02,27.805768966674805,27.98452064166226,27.22979239955839,27.249654117694263,69846400
2013-01-03,27.577362060546875,28.27250507690933,27.39861040390246,27.6865977108493,63140600
2013-01-04,28.560495376586914,28.729316181676367,27.636946377810357,27.81569804133067,72715400
2013-01-07,29.215917587280273,29.583351781645824,28.45125851665306,28.490981951338036,83781800
2013-01-08,28.858413696289062,29.394668689511843,28.659802209038745,29.305292857308046,45871300
2013-01-09,30.37779998779297,30.387730845958682,29.285430213092056,29.464181871839887,104787700
2013-01-10,31.082876205444336,31.231837195002484,30.069953219978448,30.387733128682857,95316400
2013-01-11,31.499961853027344,31.73829677732145,30.884263772130303,31.063015438880285,89598000
2013-01-14,30.735307693481445,31.98656569512794,30.40759690369445,31.857470202894767,98892800
2013-01-15,29.891199111938477,31.49002938408193,29.672724021919706,30.42745219064794,173242600
2013-01-16,29.642932891845703,30.139464424727148,29.325153013860376,30.000434307520457,75332700
2013-01-17,29.93092155456543,30.208979907482632,29.8216859003731,29.871338298268014,40256700
2013-01-18,29.454252243041992,30.2288421652401,29.06695822900174,30.09974289781495,49631500
2013-01-22,30.516826629638672,30.67571656380652,29.533694451681068,29.543625309331237,55243300
2013-01-23,30.6062068939209,31.28149015914541,30.58634517573954,30.884265266106784,48899800
2013-01-24,30.86440086364746,31.271556580366415,30.59627337387131,31.05308338172522,43845100
2013-01-25,31.321212768554688,31.708506792277163,30.914055133057605,31.1921134979021,54363600
2013-01-28,32.24475860595703,32.28447824909587,31.589335247112224,31.65884935789884,59682500
2013-01-29,30.576412200927734,31.84753169195472,30.4969653386211,31.778017581553865,72976500
2013-01-30,31.023292541503906,31.271558328706195,30.665789201814967,30.76509589551941,87682100
2013-01-31,30.765094757080078,31.25169545469615,28.540633613356206,28.947789337772054,190744900
2013-02-01,29.523767471313477,30.804819864661273,29.424460775887514,30.79488900570691,85856700
2013-02-04,27.915002822875977,28.99744169430102,27.815696139474905,28.858411579892543,92362200
2013-02-05,28.441326141357422,28.759106025421246,27.84548980579651,28.06396300256101,47948200
2013-02-06,28.848482131958008,29.086818941415007,28.461188131296066,28.540633103075887,38375900
2013-02-07,28.451257705688477,28.947789260392,28.073894557525524,28.908067720956854,34540100
2013-02-08,28.35194969177246,28.96764962426086,28.31222815419247,28.689591284731023,37708800
2013-02-11,28.06396484375,28.481051442476897,27.84549163265216,28.411537325042023,37361800
2013-02-12,27.180139541625977,27.96465845363361,26.912012033650164,27.478057732187324,93498700
2013-02-13,27.716394424438477,28.123550194662794,27.12055611134116,27.170210409001307,50164000
2013-02-14,28.30229949951172,28.431396874343353,27.8156987880423,27.825629646739753,35615800
2013-02-15,28.12354850769043,28.55056597136445,27.895144434507756,28.322161898181772,33109300
2013-02-19,28.72931480407715,28.878273885162145,27.92493425092417,28.034169900190513,49396400
2013-02-20,28.262577056884766,28.848484481779472,28.133479677521148,28.71938710241585,42098200
2013-02-21,27.09076499938965,28.351953834172264,26.96166572162814,28.083828207509416,49642300
2013-02-22,26.941802978515625,27.438334563696742,26.633953926056286,27.42840559881668,36350200
2013-02-25,27.08083152770996,27.44826381856463,26.961663120819146,26.971593979236513,34652000
2013-02-26,27.199996948242188,27.26951106025477,26.514784792017437,27.170206268303936,31611700
2013-02-27,26.68360710144043,27.15034609004464,26.445270283730192,27.15034609004464,44319700
2013-02-28,27.060970306396484,27.110622705274942,26.157283009161826,26.65381457441681,83027800
2013-03-01,27.587295532226562,27.92493716140598,26.624023045519188,26.862357978919185,54064800
2013-03-04,27.5277099609375,27.865351584997892,27.24965348991199,27.56743339629409,32400700
2013-03-05,27.3291015625,27.98452316719229,27.021250585964328,27.68660305062079,40622200
2013-03-06,27.259584426879883,27.934865782818438,27.16027773232144,27.905075100333267,33532600
2013-03-07,28.381744384765625,28.48105107730689,27.279443696381065,27.37875038892233,74540200
2013-03-08,27.76604461669922,28.272507047791496,27.53764054800593,28.232785506944573,44198900
2013-03-11,27.944795608520508,28.44132716883746,27.63694657147692,27.815698236249837,35642100
2013-03-12,27.63694953918457,28.123550293253178,27.40854545150053,27.905077065135984,27569600
2013-03-13,26.89215087890625,27.45819658929507,26.73326092139773,27.428405906085786,39619500
2013-03-14,26.852428436279297,27.239722457956404,26.643884190217875,26.91201169481786,27646400
2013-03-15,26.465133666992188,26.872289423859936,26.375757828253636,26.8424987403589,31597400
2013-03-18,26.306241989135742,26.604162063504713,25.601168078619278,26.18707547468223,26653700
2013-03-19,26.365827560424805,26.713400063968702,26.028185916309905,26.34596773568457,25254200
2013-03-20,25.680612564086914,26.50485486748364,25.601167591257745,26.494924009115298,44006500
2013-03-21,25.561443328857422,25.92887750010036,25.3826916722591,25.481998358604557,24336100
2013-03-22,25.551515579223633,25.82957395599398,25.452208880797244,25.621029699886787,18456300
2013-03-25,24.955677032470703,25.621029442900802,24.9060246308144,25.5713770412445,39199000
2013-03-26,25.035120010375977,25.30324750376939,24.856370242231257,24.906022639918532,26957200
2013-03-27,25.909015655517578,26.09769816922646,24.54851841580217,24.82657675736698,52297400
2013-03-28,25.402557373046875,25.988464830862412,25.342974109540254,25.909019848147654,28585700
2013-04-01,25.3529052734375,25.71040675288587,25.104639462709386,25.45221008243449,22249300
2013-04-02,25.24366569519043,25.93881066737715,25.124497282143288,25.59123818128379,35153300
2013-04-03,26.067907333374023,26.206935566367715,25.521723365940854,25.650820740275336,48195200
2013-04-04,26.882217407226562,27.041107349293235,25.92887775482654,26.43534015545812,82016800
2013-04-05,27.199996948242188,27.607152656416606,26.425408963967687,26.67367473207977,64566600
2013-04-08,26.663745880126953,27.011318360457228,26.445270775515993,27.00138750169149,27256000
2013-04-09,26.405550003051758,26.703468198223664,26.236729187356296,26.395619143997003,21311100
2013-04-10,27.378751754760742,27.646879269762895,26.713399343894867,26.822636900551533,45949400
2013-04-11,27.82563018798828,27.905075164995594,27.06097110046935,27.28937517260067,33368500
2013-04-12,27.209928512573242,27.805766750332445,27.05103856838646,27.805766750332445,28697400
2013-04-15,26.336036682128906,27.28937645087241,26.177146720671658,26.97159652795791,30275400
2013-04-16,26.733261108398438,26.92194364455379,26.21686779582469,26.624023551553066,27365900
2013-04-17,26.44527244567871,27.011320066368928,26.206937502601768,26.465134164464562,26440600
2013-04-18,25.511791229248047,26.63395168387649,24.97553625322059,26.63395168387649,39059000
2013-04-19,25.551515579223633,25.77991965972192,25.1542906796358,25.44227991566056,20380900
2013-04-22,25.78984832763672,26.177144229179692,25.521722727020897,25.630958381302317,25687600
2013-04-23,25.799779891967773,26.147352369378464,25.59123754199193,26.03811481799057,25191500
2013-04-24,25.92888069152832,26.2168680338475,25.621029736554156,25.750129012928543,19729900
2013-04-25,25.958669662475586,26.216866304070933,25.819641430123326,25.889155546299456,17150000
2013-04-26,26.663745880126953,27.428404958030033,26.415480093336416,26.415480093336416,33018000
2013-04-29,26.792842864990234,27.219860315099414,26.673676349775064,26.9715945319306,29201100
2013-04-30,27.577362060546875,27.65680703082023,26.822633895891286,26.941800404242564,36245700
2013-05-01,27.239723205566406,27.726323934241247,27.120554791101,27.656809815018796,64567600
2013-05-02,28.769039154052734,28.818693448679934,27.785906849846135,27.81569942662246,104257000
2013-05-03,28.113616943359375,28.86834515652496,27.954726992600055,28.8385544745811,58506400
2013-05-06,27.378751754760742,28.262577384822233,27.28937591642669,28.133480003960667,43939400
2013-05-07,26.703468322753906,27.656809961161702,26.663746780467335,27.358889870482773,41259100
2013-05-08,26.93187713623047,27.11062693656182,26.465136179808997,26.693540280886197,34654900
2013-05-09,26.852428436279297,27.35888897503353,26.66374590776994,26.89214997726579,33457200
2013-05-10,26.494924545288086,27.11062262364453,26.38568699514327,26.951732674770764,30847100
2013-05-13,26.633953094482422,27.14041552284835,26.345965769010203,26.415479885706336,29068800
2013-05-14,26.882217407226562,27.090761640012516,26.6339516359827,26.70346574887218,24930300
2013-05-15,26.415481567382812,26.802775610270327,26.216868169220234,26.73326148914875,30299800
2013-05-16,25.948740005493164,26.365826615981945,25.720335929161084,26.296312496586765,35499100
2013-05-17,26.067907333374023,26.415479809975867,26.018254934195596,26.216866425026925,29462700
2013-05-20,25.581310272216797,26.008327784876464,25.51179614580576,25.998396924800904,42402900
2013-05-21,25.481998443603516,25.899085012351684,25.41248433116507,25.690542675036355,26261300
2013-05-22,24.985469818115234,25.670683952564175,24.74713487876728,25.472070556048685,45314500
2013-05-23,24.886159896850586,25.352900749979053,24.598172592729863,24.627963272466587,37663100
2013-05-24,24.14136505126953,24.796786589738918,23.912960977524857,24.796786589738918,58727900
2013-05-28,23.932819366455078,24.369767629362222,23.754067718260455,24.369767629362222,50079700
2013-05-29,23.15822982788086,23.64483049098816,23.09864657573561,23.6249706696847,64237800
2013-05-30,24.379697799682617,24.608103747080996,23.763999752219608,23.96261123128743,60733200
2013-05-31,24.18108558654785,24.77692379389843,24.101640618508938,24.45914202762533,35925000
2013-06-03,23.684555053710938,24.15129402370272,23.545524933237886,24.10164162689504,35733800
2013-06-04,23.35684585571289,23.764001597655465,23.158232467103886,23.724278162286605,34760800
2013-06-05,22.74114418029785,23.545524745704263,22.631908529367482,23.188023324477808,53819700
2013-06-06,22.810659408569336,22.929827817551573,22.512741227290146,22.830521125752643,31260700
2013-06-07,23.128440856933594,23.237676511580844,22.701423414435727,22.870244219746105,38699200
2013-06-10,24.161226272583008,24.429353776659685,23.823584651327405,23.893098768506327,58393000
2013-06-11,23.863309860229492,24.181089787593912,23.83351728174491,23.863309860229492,29885900
2013-06-12,23.605112075805664,24.091712803261082,23.416429542590645,23.99240610714172,26445800
2013-06-13,23.565387725830078,23.664694418098264,23.108579593161085,23.5554568671915,31189300
2013-06-14,23.466079711914062,23.724276339622243,23.09864743356906,23.396565599476766,30677100
2013-06-17,23.853376388549805,24.081780449565716,23.58524889390457,23.744138840186732,33664500
2013-06-18,24.042057037353516,24.5187287707422,23.912959666178345,23.92289052459452,36709100
2013-06-19,24.14136505126953,25.015261698640497,23.932822695446397,24.032129390936415,31790600
2013-06-20,23.734207153320312,24.57831114730374,23.485941384155627,24.111572183156433,42765600
2013-06-21,24.359838485717773,24.528659288211053,23.883166758954808,24.419421741269066,45833900
2013-06-24,23.77393341064453,23.94275422950237,23.2178166578671,23.783864269885314,40626000
2013-06-25,24.0817813873291,24.260533057386656,23.87323903500705,23.97254383471223,24713200
2013-06-26,23.99240493774414,24.47900564148248,23.82358413080491,24.339977410162266,29890300
2013-06-27,24.488935470581055,24.667687128545772,24.042056325669257,24.07184890003588,34694100
2013-06-28,24.70741081237793,24.806717508105766,24.250602663794638,24.508799315039937,96778900
2013-07-01,24.637897491455078,24.88616329175544,24.449216846991575,24.796787452117893,20582200
2013-07-02,24.240671157836914,24.598174495268438,24.131433606040034,24.52866037834956,18394100
2013-07-03,24.34990882873535,24.53858946297587,23.982474630787113,24.051988748046004,10404400
2013-07-05,24.20094871520996,24.488936030872914,24.032127911504936,24.479005172523493,20229500
2013-07-08,24.538591384887695,24.866304067548384,24.250604034528312,24.300256438139925,27064600
2013-07-09,25.30324935913086,25.313180218220005,24.856372064825432,24.896093607064323,30387900
2013-07-10,25.621028900146484,25.650821476979768,25.29331813145104,25.402555685722078,26721800
2013-07-11,25.63096046447754,25.819643001379042,25.273459003227728,25.779919564508106,26777400
2013-07-12,25.73026466369629,25.75012638020285,25.37276134304833,25.56144386162559,16537900
2013-07-15,26.097698211669922,26.246657293632882,25.472067415660998,25.75012575767802,24234000
2013-07-16,26.137420654296875,26.564438093057163,25.829571621702215,26.206934768677844,30817600
2013-07-17,26.465133666992188,26.59423294255575,26.117561171244233,26.187077185688,21518500
2013-07-18,25.998395919799805,26.584303382783666,25.938812655767595,26.564441663400327,24806900
2013-07-19,25.70047378540039,25.928879752067637,25.422417312424436,25.64089052606521,46539700
2013-07-22,25.869293212890625,25.948738185787843,25.541582462924907,25.809709956747103,27526300
2013-07-23,25.948740005493164,26.11756082150333,25.789850048556264,25.918949322391054,28221600
2013-07-24,26.32610321044922,26.345964927189947,25.869293196000303,26.137420689647435,82635600
2013-07-25,34.12165069580078,34.638043992258496,32.52281840620263,33.307339209757735,365457900
2013-07-26,33.77407455444336,34.48908120270659,33.327199187513955,33.53574153051236,136028900
2013-07-29,35.18423080444336,35.38284420957219,33.774079037440714,33.83366419545005,124718800
2013-07-30,37.368961334228516,37.69667015069415,35.0749844660304,35.4026970707307,173582800
2013-07-31,36.54471969604492,38.044247031724815,36.07798263581545,37.696672689251464,154828700
2013-08-01,37.229942321777344,38.02439215159256,36.663892793033675,37.04125788278425,106066500
2013-08-02,37.78605270385742,38.22300292131259,37.23986872027381,37.39875867528423,73058500
2013-08-05,38.91814422607422,39.04724349873927,37.9846662110574,38.16341788452121,79994800
2013-08-06,38.28258514404297,38.977730133367956,37.676815993177414,38.838701893150045,63950800
2013-08-07,38.60036087036133,38.669874982923176,37.43847888476897,38.34216613630803,68854800
2013-08-08,38.27265167236328,38.918140395687765,38.16341412841614,38.858559035887495,41301000
2013-08-09,38.23292541503906,38.471262201332706,37.74632287929711,38.32230123636984,43532300
2013-08-12,37.954872131347656,38.23292858152353,37.835701834213694,37.935010415158665,31161000
2013-08-13,36.7631950378418,38.05417626177854,36.51492927215262,37.97473318664017,65379200
2013-08-14,36.3957633972168,37.28951789627389,36.36596892881705,36.57451505467522,48423900
2013-08-15,36.30638885498047,36.81284937690208,35.77013386360336,36.107775474296155,56521100
2013-08-16,36.822784423828125,37.22994017489431,36.644032748898056,36.71354686823359,45840800
2013-08-19,37.547725677490234,38.01446286418354,36.88237127993772,37.170360553329644,57609600
2013-08-20,38.1435546875,38.312377389551926,37.428548021369885,38.083969535910754,57995200
2013-08-21,38.05418014526367,38.58050241000151,37.885361225719585,38.113765298874405,46116900
2013-08-22,38.28258514404297,38.48119853931231,38.0740427837161,38.103833467124105,21931200
2013-08-23,40.26871109008789,40.348157962641096,38.65994980323941,38.72946392260577,86442300
2013-08-26,41.05322265625,41.64905891315823,40.3382161173725,40.6162763203996,94162400
2013-08-27,39.365020751953125,40.91420055463276,39.1465456573068,40.39780728707288,72695100
2013-08-28,40.26871109008789,40.566629285691626,39.60336057951406,39.682803663831876,57918200
2013-08-29,40.99364471435547,41.49017627838879,40.51697486747171,40.606350700527116,58303400
2013-08-30,41.003578186035156,41.96684686115053,40.77517411716305,41.728513827647134,67735100
2013-09-03,41.57955551147461,41.86754475133975,41.22205215001934,41.549764827431844,48774900
2013-09-04,41.49018096923828,41.877475026853816,41.1525393159927,41.71858505992858,42581900
2013-09-05,42.36407470703125,42.47331226191688,41.48024909129895,41.50011080929956,50035400
2013-09-06,43.64512634277344,44.300547872385856,42.10587921289044,42.79109142486492,117535700
2013-09-09,43.734500885009766,44.479298227922456,43.396859271359936,44.0522807815937,75794700
2013-09-10,43.297550201416016,43.952971704313875,42.93011791039748,43.93311377570542,54540300
2013-09-11,44.72756576538086,44.77721816587789,42.81095355795981,43.08901003133146,72328300
2013-09-12,44.4395751953125,45.30353906019148,44.34027039732097,45.214163226705026,68072300
2013-09-13,44.002628326416016,44.767287385410505,43.62526327912006,44.72756395132984,52765300
2013-09-16,42.21511459350586,44.62825845131888,42.13567150808774,44.538882612576344,70424200
2013-09-17,44.75735855102539,45.1247908778502,42.13567228395065,42.20518640555979,91934600
2013-09-18,44.9162483215332,45.154585157630954,44.092007831009276,44.52895427758041,79317000
2013-09-19,45.66103744506836,45.73055155377504,44.91624017615269,45.1942966109794,63972400
2013-09-20,47.16057205200195,47.26980581960773,45.422711488218795,45.998686162333094,115508400
2013-09-23,46.86265563964844,47.22015903282337,45.968900944946974,46.95203148794217,75177000
2013-09-24,48.11390686035156,49.31551227489596,47.82591765871315,48.17348822052847,136716100
2013-09-25,49.11690139770508,49.19634826629151,48.12383826978592,48.88849733287189,87879700
2013-09-26,50.04044723510742,50.24898956956384,49.15662171344787,49.663082209732735,98220100
2013-09-27,50.88455581665039,50.924275462298795,49.51412765354874,49.941145097209144,81410500
2013-09-30,49.88155746459961,51.24205280742333,49.45454004218484,49.79218163692594,100095000
2013-10-01,50.07024002075195,50.67600912194799,49.106971383266476,49.62336465333138,98114000
2013-10-02,49.931217193603516,50.7455287261212,49.603508302827144,49.78225998442718,62834000
2013-10-03,48.838844299316406,50.3681624056103,48.719677786220885,50.11989662685747,82045000
2013-10-04,50.685943603515625,50.80511011967732,49.226139574652635,49.42475296041229,74447000
2013-10-07,50.16954803466797,50.93420707272137,50.05038152392467,50.37809037552751,57204000
2013-10-08,46.81299591064453,50.248993472999615,46.75341454659142,50.248993472999615,136081000
2013-10-09,46.44556427001953,47.50814154409373,44.946036782747136,47.051333401418624,147297000
2013-10-10,48.70974349975586,49.3353743032173,47.49820911359398,47.53792875788492,99774000
2013-10-11,48.76933288574219,49.52405922813294,48.45155297439499,48.83884700458468,58428000
2013-10-14,49.166561126708984,49.28573144735576,47.57766140044295,47.97488822612734,68781000
2013-10-15,49.1566276550293,50.64622243245443,48.83884773890411,49.64323028247843,81167000
2013-10-16,50.785247802734375,50.884556388559446,49.553851644385105,49.69287987630501,64678000
2013-10-17,51.84782791137695,51.8577606646257,50.59656996674876,50.76538888962338,71522000
2013-10-18,53.8438835144043,54.449652622999295,53.228181653209454,53.80416008047524,88260000
2013-10-21,53.476444244384766,54.429787660663216,53.13880265258999,54.300688402208905,58235000
2013-10-22,52.3145637512207,54.38013300328565,51.8378939238211,53.95311936084781,83204000
2013-10-23,51.53997802734375,51.88754860798834,50.77531896169043,51.39101704236166,57207000
2013-10-24,52.08616256713867,52.473456586487224,51.232127658710965,52.01664845024202,46775000
2013-10-25,51.589630126953125,52.87068246801417,51.5201160112275,52.81109731671998,45085000
2013-10-28,49.88155746459961,51.341361387191284,49.26585942297818,51.182471447797525,73472000
2013-10-29,49.057315826416016,50.437672849700455,48.908354854711774,50.37808770337178,102143000
2013-10-30,48.670021057128906,49.86169753950033,48.41182631692874,49.65315519684999,127073000
2013-10-31,49.861698150634766,51.639282037645536,46.177434899048414,46.83285640415066,248809000
2013-11-01,49.40489196777344,51.72865990230968,49.3751012853548,50.49725992312356,95033000
2013-11-04,47.8855094909668,49.40489499931332,47.686896090106366,49.02752991650206,80371000
2013-11-05,49.762393951416016,49.8319080673189,47.18042754561168,47.458487797458424,76835000
2013-11-06,48.77926254272461,50.10003839594248,48.372106788769365,49.91135396649112,67889000
2013-11-07,47.23008728027344,49.52406085385014,46.97188872618091,48.898433763730395,97128000
2013-11-08,47.200286865234375,48.31252023965535,46.92223041574663,47.47834710295712,70731000
2013-11-11,45.8795166015625,47.20028857264143,45.41277572598006,46.71368976843583,80910000
2013-11-12,46.286678314208984,47.04140471128038,45.51209019770997,45.680909130491294,68196000
2013-11-13,48.372108459472656,48.40190293202507,45.74049320363303,45.90931213240931,79245000
2013-11-14,48.65016174316406,49.226136357161785,47.69681831147662,48.3621725420477,75117000
2013-11-15,48.670021057128906,49.13676192821453,48.37210288359483,48.769329640463674,42453000
2013-11-18,45.5120849609375,48.50120330849716,45.482290491106504,48.13377101195326,85910000
2013-11-19,46.03840637207031,46.67396615616429,45.402846587976335,45.93909778815867,75602000
2013-11-20,46.1079216003418,47.22015124937009,45.98875508500471,46.286673267465034,53933000
2013-11-21,46.37605285644531,47.13077923234302,46.366120102892346,46.66404209771288,34886000
2013-11-22,45.90930938720703,46.94209598177107,45.64118187968164,46.713691909783215,40545000
2013-11-25,44.509090423583984,46.32639782046787,43.73450237283889,46.03840859556791,82565000
2013-11-26,45.5716667175293,45.84972318345095,43.24789882711704,44.35019951449962,82016000
2013-11-27,46.16750717163086,46.34625505214307,45.214163675565935,45.65111388283098,44993000
2013-11-29,46.683902740478516,46.88251615248559,46.17744213868441,46.42570795663433,22953900
2013-12-02,46.73355484008789,47.210224714199924,45.93910126166576,46.57466488205055,50774000
2013-12-03,46.40583419799805,46.872575026897316,45.96888783552379,46.4256959128698,32086000
2013-12-04,48.28273010253906,48.43169109283293,45.93910042309236,46.137713814072406,60890000
2013-12-05,48.00467300415039,48.36217634562061,47.537932109649226,47.81599236870124,43855000
2013-12-06,47.60744857788086,49.04739097957022,47.37904449582793,48.64023521795665,42938000
2013-12-09,48.50121307373047,48.63031236703044,47.40884492861492,47.75641557799642,36056000
2013-12-10,49.90142059326172,50.41781385796926,48.203283607622666,48.302588401966965,68479000
2013-12-11,49.03745651245117,50.4178136033349,48.67002044111582,50.19933851099875,65776000
2013-12-12,51.470462799072266,51.7087958240116,50.308576990728845,50.69587099743161,92723000
2013-12-13,52.95012664794922,53.128878317309265,50.983862073223946,51.301641976922866,82641000
2013-12-16,53.43672561645508,54.12193777683759,52.542967330534395,52.880608928744984,85119000
2013-12-17,54.47944641113281,54.79722632421698,53.86374830306166,54.3801378206469,78751000
2013-12-18,55.18452072143555,55.50230063662106,53.37714603322968,54.479446771382406,76003000
2013-12-19,54.66812515258789,54.807153386205634,53.57575721281825,53.953122267091594,89753200
2013-12-20,54.737640380859375,54.76743485169334,53.85381477357004,54.54895974400912,239824000
2013-12-23,57.3692626953125,57.91544670886841,55.065356327114976,55.11500873048632,98297000
2013-12-24,57.55792999267578,58.17363177402028,56.515214610796406,57.86578088334803,46617800
2013-12-26,57.32953643798828,57.97502901477861,56.97203309011889,57.91544386072193,55101000
2013-12-27,55.055419921875,57.27988305478498,54.86673928628416,57.08126966623735,60466000
2013-12-30,53.33742141723633,54.797225474748615,53.05936494465697,54.54895968473552,68307000
2013-12-31,54.27090835571289,54.47945072991214,53.53603988080301,53.74458225500226,43076200
2014-01-02,54.33048629760742,54.83695064668258,53.81409298344089,54.44965660811654,43195500
2014-01-03,54.1815299987793,55.263969047159264,54.15173552653556,54.63833816533787,38246200
2014-01-06,56.8032112121582,56.862792574877744,53.675060869386684,54.04249316301946,68852600
2014-01-07,57.51821517944336,58.14384601757691,56.82307401288968,57.29974386491302,77207400
2014-01-08,57.82606887817383,58.004820554749706,56.83300569196806,57.20043801015828,56682400
2014-01-09,56.82307434082031,58.55100209084754,56.2570286515112,58.24315494052151,92253300
2014-01-10,57.53807830810547,57.89558165295065,56.66418545207871,56.73369957043913,42449500
2014-01-13,55.52216339111328,57.845931431925194,54.995841107058155,57.508289792209425,63010900
2014-01-14,57.339473724365234,57.379193375307885,55.710846812175085,56.068350188308635,37503600
2014-01-15,57.200435638427734,58.16370810134201,56.87272677045021,57.577800694244964,33663400
2014-01-16,56.79327392578125,57.61751806779762,56.435774413297445,56.862788035561564,34541800
2014-01-17,55.909454345703125,57.41891078176724,55.68105027677856,56.90251749141094,40849200
2014-01-21,58.104122161865234,58.17364006625216,56.10806693421489,56.207371732078705,48669200
2014-01-22,57.111061096191406,58.8985778282825,56.70390534904518,58.44176589217291,61352900
2014-01-23,56.23716735839844,56.28681975835132,55.303685571048966,55.978968817466985,47951800
2014-01-24,54.07228469848633,56.028616362403056,54.022632302835945,55.760492668244005,55200700
2014-01-27,53.17852783203125,54.55888492413312,51.49031981756906,54.35034258393824,73924100
2014-01-28,54.757503509521484,54.89653174954436,53.62541208278045,53.645273801103066,48191200
2014-01-29,53.158668518066406,54.56882014266624,52.82102689991449,54.23117852451433,92995600
2014-01-30,60.65629959106445,62.06644745897952,60.04059770474195,61.689082397723034,150178900
2014-01-31,62.13595962524414,62.93040937011656,59.752606602391694,60.05052857142465,87794600
2014-02-03,61.05352020263672,63.3276356580891,60.278932180769246,62.592767281988685,74866600
2014-02-04,62.31471633911133,62.7020103843443,61.39116725206247,61.61957133545024,45985500
2014-02-05,61.758602142333984,62.72187470689157,60.844985770855764,62.304789960321685,51685100
2014-02-06,61.72880172729492,62.34449978442808,61.03365680434583,61.03365680434583,42086500
2014-02-07,63.87382125854492,64.12208704508723,61.78839016688368,61.83804256654509,60704300
2014-02-10,63.10916519165039,64.04264322981072,63.02972210604984,63.85396637503884,43666100
2014-02-11,64.400146484375,64.54910747846563,62.91055169641041,63.30777848849514,45675600
2014-02-12,64.0029067993164,64.6086758305114,63.6056876637198,64.46964761775872,47282100
2014-02-13,66.86295318603516,66.86295318603516,63.6057068045383,63.73480230480888,61911700
2014-02-14,66.6246109008789,67.11121735643644,66.25718234128126,67.03177047677748,36694900
2014-02-18,66.83314514160156,67.0714781480748,65.61167427754559,66.47564184365687,43809900
2014-02-19,67.58787536621094,68.6008040190623,66.53523085477022,66.58488704271275,62087100
2014-02-20,69.14698028564453,69.62365390288069,65.2740402926575,67.26016647427961,130928900
2014-02-21,68.11419677734375,69.47469599951151,67.97516854459323,69.20657228676993,70932400
2014-02-24,70.28901672363281,70.94444211560433,68.06455713020524,68.26316675272734,76620300
2014-02-25,69.36546325683594,70.50748745628117,68.9682364600979,70.4578312655123,52077000
2014-02-26,68.77955627441406,70.72595915010453,68.37239674393498,69.70310531212914,55322700
2014-02-27,68.46177673339844,69.524354012448,68.39226261519784,68.8589959365615,41653700
2014-02-28,67.985107421875,69.39525538193404,66.91259732134934,68.98810339976313,66783700
2014-03-03,66.94239044189453,67.57795025048273,66.04863209342032,66.49550747942216,56824100
2014-03-04,68.32275390625,68.42205871490293,67.1509389806144,68.18372565884165,42013500
2014-03-05,71.07351684570312,71.47074355115353,69.1370470742776,69.20656117949623,74567700
2014-03-06,70.34859466552734,71.39131407411331,69.76269100412057,71.38138132053,46026500
2014-03-07,69.31581115722656,70.68623558177109,68.98809849816028,70.58693078169753,38927000
2014-03-10,71.53034210205078,71.64951241527679,70.02088935020984,70.27908033082629,59871600
2014-03-11,69.61372375488281,72.08644882209792,69.47469552308569,71.99707677728708,59408300
2014-03-12,70.38831329345703,70.85505418585406,68.5213573003395,69.37539221483819,46340500
2014-03-13,68.35253143310547,70.85504698118442,67.67724825720006,70.79546562275651,57091000
2014-03-14,67.25023651123047,68.94837355777288,66.99203797549892,68.01489178922297,48227000
2014-03-17,68.2631607055664,68.47170306368211,66.15787161803412,67.7070477505912,52197000
2014-03-18,68.7100601196289,69.11721218008016,67.82623428625126,68.28304254804972,40827000
2014-03-19,67.7666244506836,68.80934374593612,67.00196919024326,68.69017344530232,43981000
2014-03-20,66.50543212890625,67.75669366430917,66.35647115956573,67.53821858613902,44439000
2014-03-21,66.77356719970703,67.44885047626916,65.72092263606967,67.06155643581877,59999900
2014-03-24,63.655338287353516,66.8927258651867,62.920473771417754,66.72390696955422,85696000
2014-03-25,64.43986511230469,65.73085019612057,63.33756444535413,64.43986511230469,68786000
2014-03-26,59.97108459472656,64.49945025298236,59.95122287661759,64.29090789519118,97503900
2014-03-27,60.547061920166016,61.470610959625944,57.57780141265504,60.09024998869373,112650000
2014-03-28,59.59371566772461,61.52026052893936,58.9283652012225,60.914491424670196,67052000
2014-03-31,59.82212829589844,61.09324796821183,59.45469218767905,60.3583795400085,53011000
2014-04-01,62.185611724853516,62.22533515896484,59.82212421875731,60.04059552989924,59291000
2014-04-02,62.28491973876953,63.46666348097707,61.77845542908405,62.771518543346396,66277000
2014-04-03,59.07733154296875,62.73180064048187,58.71982818419664,62.11610251606073,83859000
2014-04-04,56.35633850097656,59.782407414189656,55.929321007513835,59.5242088520684,125214400
2014-04-07,56.5549430847168,57.597658559614544,55.055415714597984,55.51222760981906,108488000
2014-04-08,57.78634262084961,58.302735907058384,56.77341776577493,57.27988208742989,78836000
2014-04-09,61.9770622253418,62.02671461813298,58.779398124891244,59.21634827321701,100215000
2014-04-10,58.74961471557617,62.74172895930849,58.27294486698302,62.642424161439784,114988000
2014-04-11,58.123985290527344,59.891640283662454,56.91245081658082,57.200436252673214,91452000
2014-04-14,58.48148727416992,60.030667124829634,57.379186590838515,59.673163790966996,72325000
2014-04-15,58.68010330200195,59.26601072817647,55.49237141183817,58.878716695121945,108623000
2014-04-16,59.30573654174805,59.772473677818724,57.339471826335725,59.375250663891244,78774000
2014-04-17,58.53114318847656,60.1597700059129,58.31267186217784,58.8886465438105,88040000
2014-04-21,60.81519317626953,60.81519317626953,58.73969089778482,59.04753807109213,60364000
2014-04-22,62.59276580810547,62.999921526452944,61.78838712379477,62.215404558675665,60631000
2014-04-23,60.934349060058594,63.03964165519303,60.8350404825969,63.00985097607197,95908700
2014-04-24,60.447750091552734,63.20846809721055,59.355382192233925,63.15881191141279,138769000
2014-04-25,57.30967330932617,59.59371778998367,57.170645074851365,59.55399814315892,92502000
2014-04-28,55.75056076049805,57.90550961612226,54.28082785522534,57.647311093654,107758000
2014-04-29,57.746620178222656,57.87571565234743,55.452643077375235,55.70090884978679,75557000
2014-04-30,59.36531448364258,59.434828601773305,56.7634900655395,57.180578562559184,76093000
2014-05-01,60.72581481933594,61.84797348237992,59.79233300801657,60.01080811930159,82429000
2014-05-02,60.04059600830078,61.46067658909682,59.76253954377631,60.8747691901094,54189000
2014-05-05,60.795326232910156,60.9244217127099,58.76947653180007,59.256075345705746,46057000
2014-05-06,58.123985290527344,60.725813485974726,58.08426564335842,60.55699077962441,55901000
2014-05-07,56.99188995361328,58.88864029814741,55.869727604660454,58.362318074302166,78587000
2014-05-08,56.36626434326172,58.411975854679305,56.1080695836825,56.833005249379,61251000
2014-05-09,56.84293746948242,57.25009321730818,55.98890253788806,56.45563965139273,52584000
2014-05-12,59.41496658325195,59.48448069659867,57.57779759102187,57.57779759102187,48575000
2014-05-13,59.41496658325195,60.467611035779555,59.097182908793265,59.24614388781343,48525000
2014-05-14,58.81912612915039,60.03066430630475,58.5410696773058,59.117044297303174,47429000
2014-05-15,57.51821517944336,58.968090241112336,57.12099219687486,58.848919936930066,56814000
2014-05-16,57.617523193359375,58.04454064184514,56.912449281016904,57.90551240991679,47933000
2014-05-19,58.79926681518555,59.14684118242707,57.17064389372416,57.48842379116857,43034000
2014-05-20,58.153778076171875,59.77246824552135,57.7764130272366,59.087256051711556,53931000
2014-05-21,60.07039260864258,60.08032157348406,57.84592944885036,58.15378039423128,58992000
2014-05-22,60.100181579589844,61.05352128310343,59.98101506370946,60.517266279288826,54200000
2014-05-23,60.92442321777344,61.02373180649794,59.73275045896183,59.99094521317493,38294000
2014-05-27,63.039642333984375,63.06943301342622,61.142892048743555,61.1925444438916,55682000
2014-05-28,63.06943893432617,63.69506977898299,62.185613337719474,62.95027241713663,47795000
2014-05-29,63.38722610473633,63.853967022668066,63.069442394404696,63.3971550699488,42700000
2014-05-30,62.860897064208984,63.724860949869836,62.12603244963065,63.506389631386305,45253500
2014-06-02,62.642425537109375,63.14888607853832,61.61956791307007,62.79138273718363,35996000
2014-06-03,62.43387985229492,62.98006383303104,61.88769587155881,62.185614062120756,32217000
2014-06-04,62.90061950683594,63.148885292103174,61.63942886309015,62.01679391740222,36514000
2014-06-05,62.751651763916016,63.91353748374886,62.38421950198778,63.21839260219975,47352000
2014-06-06,62.06644821166992,63.03964966504066,61.718877616978716,62.93041211007046,42442000
2014-06-09,62.44381332397461,62.900621473975974,61.3613743148281,61.96714345594248,37617000
2014-06-10,65.31375885009766,65.36341503727982,63.05950887437715,63.089299556098275,69338000
2014-06-11,65.32369232177734,65.34355782745702,64.44979948363431,64.86688418526141,44242000
2014-06-12,63.84403991699219,66.00891819542885,63.61563202630939,65.39321622719527,55730000
2014-06-13,64.05255889892578,64.51929968763359,63.38720855507242,64.25116845407133,29419000
2014-06-16,63.744728088378906,64.42993653208053,63.307777863750594,63.714937405148945,31046000
2014-06-17,63.9532585144043,64.42992451008412,63.486517693635314,63.655336584752355,27715000
2014-06-18,65.14494323730469,65.29390422992948,63.605699850770584,64.0426424989403,35570000
2014-06-19,63.89368438720703,65.12508824372185,63.7645888952292,65.00591792895459,34245000
2014-06-20,64.05255889892578,64.36040598234206,62.91053501566667,64.0128354726029,46466000
2014-06-23,64.91653442382812,65.2045236180271,63.77451039896182,63.87381518884806,34560000
2014-06-24,65.26411437988281,66.7040529818734,64.81723139630336,64.90661102360761,57335000
2014-06-25,66.97217559814453,67.01189902996248,65.11514493712232,65.12507768919428,44308000
2014-06-26,66.66432189941406,67.52828950740567,66.4359216336093,67.52828950740567,47714000
2014-06-27,67.13105773925781,67.23036252463633,66.37632773273602,66.84306855813148,46461000
2014-06-30,66.8232192993164,67.448846347174,66.66432556092502,66.99203821400442,27102800
2014-07-01,67.58787536621094,67.96524421104482,66.92252487601617,67.11120929843311,33243000
2014-07-02,65.98904418945312,67.82621710325685,65.33362644125357,67.56801855931367,41895000
2014-07-03,65.83015441894531,66.53522831731053,65.30383218329735,66.39620008813824,25203200
2014-07-07,64.83709716796875,66.10821685037659,64.66827824250197,65.84009312031,28745000
2014-07-08,62.324642181396484,65.10521826847562,61.77845820168662,64.60868668906022,68926000
2014-07-09,64.5193099975586,64.66827097595555,62.71193548163496,62.97013021752332,51432000
2014-07-10,64.41999816894531,64.88673140479538,62.612620062166584,62.87081855809267,44422000
2014-07-11,65.87979888916016,66.1280646508645,64.34055571247507,64.82715448400405,39212000
2014-07-14,67.42898559570312,67.69710929742756,66.43592250173539,66.66432277052469,38537000
2014-07-15,66.70404815673828,67.61766441158898,65.80036465452977,67.48856893312214,44213200
2014-07-16,67.19066619873047,67.46872270918738,66.60475491472053,67.07149587576107,29541600
2014-07-17,65.94932556152344,67.37933130504743,65.58188947889424,66.56501984815517,38188000
2014-07-18,67.94537353515625,67.98509696719351,65.70105644857577,66.33661620823202,42456000
2014-07-21,68.91858673095703,69.47469969151187,68.02482834687184,68.3326755105403,49539000
2014-07-22,68.78947448730469,69.28600601481263,68.13405681075851,69.27608083932076,40398000
2014-07-23,70.79548645019531,70.83520989299014,69.12713973517246,69.25623524190165,78435000
2014-07-24,74.45988464355469,76.20767048091255,73.99314371118517,75.43308237037218,124168000
2014-07-25,74.66841888427734,75.14508494203521,74.14209663962076,74.4698017131529,45917000
2014-07-28,74.4002914428711,74.97626990419671,73.33771414596316,74.64855723725586,41725000
2014-07-29,73.19866943359375,74.40027469881376,72.91068026774397,74.20166513859209,41324000
2014-07-30,74.16195678710938,74.66842111803997,73.61576902076554,73.69521589159203,36853000
2014-07-31,72.14604949951172,73.65550236594693,71.9375071178874,73.48668342508034,43992000
2014-08-01,71.8580551147461,72.71209008898734,71.0536763320307,71.71902687023902,43535000
2014-08-04,73.00006866455078,73.3674971528561,71.85804461457293,71.85804461457293,30777000
2014-08-05,72.18577575683594,73.07952669110658,71.67931133800316,72.69223259919679,34986000
2014-08-06,71.96727752685547,73.20860628900913,71.29199437718509,71.52039462659845,30986000
2014-08-07,72.66242218017578,73.48666633717525,72.19568133039368,72.49360327856476,38141000
2014-08-08,72.5531997680664,72.92063590390764,72.05666813521302,72.89084521817186,27202000
2014-08-11,72.9305648803711,73.3973058033128,72.55319601000748,72.9504228110092,24591000
2014-08-12,72.32479858398438,72.82133021082518,71.71902939312089,72.58298957488222,27419000
2014-08-13,73.25826263427734,73.73493626295753,72.5432635559625,72.61277767092938,29266000
2014-08-14,73.78459167480469,73.86403096502565,73.17882257510736,73.45687903205625,22207000
2014-08-15,73.1192398071289,74.13216850174332,72.49361272619943,73.80445583134038,38846600
2014-08-18,74.07257843017578,74.20168149159453,73.44695135877596,73.48667479486859,23974000
2014-08-19,74.76773071289062,75.05571995575127,73.99314261383769,74.29105703383514,26679000
2014-08-20,74.29106140136719,74.65849754175031,74.10238453055125,74.44995516255065,22917000
2014-08-21,74.0527114868164,74.66841330660412,73.89382533825591,74.40028203973293,20102000
2014-08-22,74.0527114868164,74.21160521184672,73.05964843478642,73.82430365120278,20897000
2014-08-25,74.49958801269531,74.75778653173485,74.27118774992452,74.42014872538849,19734000
2014-08-26,75.4330825805664,75.46287326544386,74.21161904176334,74.47974278213167,23993000
2014-08-27,74.11231994628906,74.96635508944941,73.94350098406431,74.74787992587733,36323000
2014-08-28,73.34764099121094,73.91368665375602,73.21854551605861,73.48666921875042,21947000
2014-08-29,74.30098724365234,74.30098724365234,73.49660848778572,73.78459772078669,26241000
2014-09-02,76.14807891845703,76.16793684683816,74.3009809437343,74.48966535747087,34979000
2014-09-03,75.3039779663086,76.94253362434466,75.07557011579459,76.60488822486357,32389000
2014-09-04,75.42314910888672,76.39635440562404,75.0060643716298,75.36356773969892,26676000
2014-09-05,76.72406768798828,76.84323042729403,75.07557908052728,75.57211069822452,29476000
2014-09-08,77.34969329833984,77.62774978662121,76.475800395674,76.72406619970678,28183000
2014-09-09,76.13814544677734,77.6277400848065,75.67140458129299,77.0517616730824,28882000
2014-09-10,76.89287567138672,77.40926514661925,75.97925944326064,75.98918461914214,29909000
2014-09-11,77.37948608398438,77.8164363354191,76.51552591142915,76.59496521275896,32219000
2014-09-12,76.94253540039062,77.75684687191531,76.56516655834984,77.47878282855403,26676800
2014-09-15,74.0626449584961,76.71412151483067,72.92062092226936,76.61481672395658,49679000
2014-09-16,75.55223846435547,75.70119943675905,72.56311657027742,73.00999191101837,37742000
2014-09-17,75.89981842041016,76.7141299171188,75.0457834877071,75.43307751806422,28693000
2014-09-18,76.46585083007812,76.79356343770255,75.98917725749084,76.23744300693915,23031000
2014-09-19,77.36954498291016,77.75683896189102,75.90974110376547,76.8630807117545,76671000
2014-09-22,76.2672348022461,76.99216648641982,75.42312526443163,76.46584435439729,31961000
2014-09-23,77.7469253540039,78.084563233599,75.51253296671483,75.8005222280309,36814000
2014-09-24,77.99517059326172,78.07461745330944,76.97231689367348,77.55822043946885,30680000
2014-09-25,76.68433380126953,78.39240354566145,76.59495418249683,78.05475815186598,37533000
2014-09-26,78.24343872070312,78.29308732738599,76.79356757498891,77.05175851326733,28872000
2014-09-29,78.45198822021484,78.65059781803225,77.36955303211013,77.57809538275956,34031000
2014-09-30,78.49171447753906,79.15706498827012,78.05476425486397,78.799561638167,35899000
2014-10-01,76.01898956298828,78.27323965100733,75.37349697981612,78.2335162145768,55090000
2014-10-02,76.54530334472656,76.94253008849162,75.11529009776035,76.03883905701437,36488000
2014-10-03,76.90281677246094,77.51851110864031,76.72406509307672,77.22059669398057,23340000
2014-10-06,77.02198028564453,77.34969296390395,76.31690631441644,76.65455174620612,25729000
2014-10-07,75.76078796386719,77.40926883876745,75.71113177621076,76.51551807271588,25317000
2014-10-08,76.98226165771484,77.17094610422338,74.57905035327263,75.65156050741878,32976000
2014-10-09,75.38343048095703,77.22059586938917,75.32384153748463,76.74392220396435,32487000
2014-10-10,72.40423583984375,75.96932881004054,72.2552748562947,75.06563773258789,52146000
2014-10-13,72.48368072509766,74.26126475929475,72.01693980964461,72.72202134775725,43938000
2014-10-14,73.07951354980469,73.66542474789308,71.55020296655896,73.48667307788804,50299000
2014-10-15,72.7021484375,73.28805960461784,69.83219669268338,71.19269586338908,61528000
2014-10-16,72.12617492675781,72.8411816175982,70.09039998494521,70.29894234036186,53529000
2014-10-17,75.42314910888672,75.47280530085733,73.2384130386609,73.71508672157678,76342000
2014-10-20,76.41620635986328,76.55523459474192,74.8570975174639,75.07557262269334,34701000
2014-10-21,78.1441421508789,78.19379076278432,76.61482398183881,77.02197593593388,32252000
2014-10-22,77.82635498046875,79.29608407099192,77.4688516716453,78.27323032826311,41862000
2014-10-23,79.48477172851562,80.07067532298696,78.46191794395027,78.82934644337459,35056000
2014-10-24,80.11038970947266,80.25935067349808,78.76975618618262,79.64364889121205,32248000
2014-10-27,79.72309875488281,80.23949577277932,79.20670931345595,80.17990683904071,30169000
2014-10-28,80.20970153808594,80.59700310915615,79.01802887415766,79.62379795832105,74212000
2014-10-29,75.33377838134766,76.34669955772843,74.26126825825887,74.92661881413993,106120000
2014-10-30,73.59590148925781,74.82729752052603,72.3942961365451,74.52938315850143,83270000
2014-10-31,74.46981048583984,75.17488447933229,73.93355542533756,74.4102291157189,44544000
2014-11-03,73.36750793457031,74.99613100855338,73.18875625198821,74.94648239345736,40727000
2014-11-04,75.23446655273438,75.24439172920029,73.13910269489959,73.71508114168662,39326000
2014-11-05,74.31092834472656,76.26726425236436,73.90376875618516,75.97927498701178,35913000
2014-11-06,74.73792266845703,75.07556044798874,73.79450828308974,74.37048663502311,21383000
2014-11-07,75.07556915283203,75.33376768130339,74.49959073411524,74.86702681015255,20774000
2014-11-10,74.479736328125,74.95640997427205,74.09244230533639,74.83723966861764,21575100
2014-11-11,74.09243774414062,74.45987381493576,73.51645933364125,74.43007555800364,18715700
2014-11-12,74.2016830444336,74.61876776742858,73.02986817282559,73.76473281474118,26536600
2014-11-13,73.73494720458984,74.71807771257238,73.12917800864318,74.22154608156504,26448500
2014-11-14,74.3605728149414,74.41022900761757,73.52640332857503,73.75480363135432,19476900
2014-11-17,73.72501373291016,75.13516930936267,73.36751035594713,74.36057360829523,28701200
2014-11-18,73.82431030273438,74.28112601512046,73.38736767247237,73.9335478544175,20690500
2014-11-19,72.82131958007812,74.02292503244114,72.60284448392662,73.49660279705994,25441200
2014-11-20,73.08943939208984,73.47673337773692,72.0070042979659,72.29499349332627,19154900
2014-11-21,73.23841094970703,73.98320834919558,72.99014514987752,73.98320834919558,23060400
2014-11-24,73.49661254882812,73.83425041388278,72.84118717340965,73.02987161357035,22103800
2014-11-25,75.10536193847656,75.21459948910379,73.61576724061845,73.69521410952379,32250200
2014-11-26,77.0815658569336,77.2404520241091,74.98620196554097,75.0060598952614,32695300
2014-11-28,77.16099548339844,77.72704111538434,76.69426221698215,77.13120480431546,15992000
2014-12-01,74.57902526855469,76.77369345647968,74.28111093247662,76.72404485536782,31789900
2014-12-02,74.9365463256836,75.3834293006104,74.51946161026184,74.80745084037802,16773900
2014-12-03,74.3605728149414,75.20468263160855,73.88390670172383,74.85710443581794,16689900
2014-12-04,74.71806335449219,75.02591805855889,74.14209253132249,74.31091143507102,14362800
2014-12-05,75.83031463623047,76.22754147384076,74.83725133044062,75.27420160945911,24306400
2014-12-08,75.98919677734375,76.7141362855994,74.87697078305084,75.65155890806807,25733900
2014-12-09,76.30696105957031,76.39634067375762,74.26125360280264,74.67833826509064,25358600
2014-12-10,75.65154266357422,77.01204175542344,75.54230512309518,76.11828350444475,32210500
2014-12-11,77.19078826904297,77.97530135086834,75.94945955208368,75.98917540373347,33462100
2014-12-12,77.29010009765625,78.3328117690847,76.48571386373155,76.62474966305858,28091600
2014-12-15,76.45591735839844,78.03489144977826,76.0288999703115,77.91572116363679,29396500
2014-12-16,74.17189025878906,76.8531577751637,74.07257788105834,75.66148500710179,31554600
2014-12-17,75.58204650878906,75.87996852204489,74.38044085454123,74.48967842097026,29203900
2014-12-18,77.85614776611328,77.85614776611328,75.97925913225578,76.35662037890144,34222100
2014-12-19,79.32588195800781,79.44505226393312,77.78663861627646,78.20372332230917,43335000
2014-12-22,80.88497924804688,81.32192939753368,79.44504091210281,79.5244877713676,31395800
2014-12-23,80.05082702636719,81.60000323005161,79.84228465867668,81.45104223128092,19865800
2014-12-24,80.20970153808594,80.86512680677549,80.18984361015747,80.46790005997606,7685500
2014-12-26,80.21963500976562,80.71616655360074,79.9515113097415,80.45796802939485,10647400
2014-12-29,79.46491241455078,80.39839422921521,79.1570652528937,79.931653321883,14134700
2014-12-30,78.67046356201172,80.03095522177033,78.55129325707797,79.2960906158552,14370800
2014-12-31,77.4787826538086,79.24644140278707,77.31989649157384,78.98824286562632,19935400
2015-01-02,77.90580749511719,78.38248117997341,77.16101007135327,78.03491056417782,18177500
2015-01-05,76.65454864501953,78.70025635417153,76.32683598001827,77.43906945980858,26452200
2015-01-06,75.62176513671875,77.05177101052082,74.83724428977564,76.69427522442359,27399300
2015-01-07,75.62176513671875,76.82337071450117,75.29405245828599,76.22753430237772,22045300
2015-01-08,77.63768005371094,77.6873362435156,75.55224888191928,76.20766664381,23961000
2015-01-09,77.20072174072266,78.0746221003231,76.66446676818694,77.65752984848196,21157000
2015-01-12,76.18781280517578,77.4589325371396,75.68134843255946,77.3000387824085,19190200
2015-01-13,75.919677734375,77.53837558065958,75.32384133653669,76.69427338568273,25179600
2015-01-14,75.75086975097656,76.66448619804221,75.50260391798228,75.8898980113356,25918600
2015-01-15,73.53633880615234,76.03885493441466,73.02987441268714,75.87003599541677,34134000
2015-01-16,74.65848541259766,74.79751364281064,73.3277768965258,73.52639406573743,21791500
2015-01-20,75.71112823486328,75.78064234844848,74.30098045843765,75.19473875915466,22821600
2015-01-21,76.2076644897461,76.76378500925,75.32383888679506,75.63169361723473,25096700
2015-01-22,77.1113510131836,77.21065580760997,76.14807859666051,76.63467739287881,19519500
2015-01-23,77.29010009765625,77.64760340685169,76.50557936783679,77.11134844305853,16746500
2015-01-26,76.96238708496094,77.92565946458208,76.75384475171356,77.43906068700485,19260800
2015-01-27,75.25433349609375,76.34670157936321,75.10537249008621,76.1778826415747,20110000
2015-01-28,75.71112823486328,77.10141808303749,75.47279521349546,76.36655351421247,53306400
2015-01-29,77.45892333984375,77.47878126859163,73.6952132068467,76.31689923684687,61293500
2015-01-30,75.38343048095703,77.61782266116471,75.22453673365845,77.45892891386613,42649500
2015-02-02,74.46981048583984,75.61183473080925,73.23841418568902,75.58204404574877,41955300
2015-02-03,74.87696075439453,75.0557124190321,73.34764264059986,74.66841840839577,26957700
2015-02-04,75.10536193847656,75.82036860568373,74.48966764563629,74.5691069380712,20277400
2015-02-05,75.08551025390625,75.4529463707981,74.68828345281497,75.1848150600613,15062600
2015-02-06,73.95341491699219,75.17487836393431,73.73493980902644,75.15502043433318,21211000
2015-02-09,73.92362213134766,74.31091614755246,72.94048417347045,73.53632811514285,16194300
2015-02-10,74.66841888427734,74.81737229203269,73.98320290272122,74.330773481601,15811300
2015-02-11,75.97926330566406,76.21759633892779,74.50952651818494,74.56910788238324,20877400
2015-02-12,75.70121002197266,76.33676985505909,75.36356459888064,76.32683710178468,17235000
2015-02-13,75.214599609375,75.9494717832188,74.97626657874832,75.92960627772548,18621900
2015-02-17,75.07556915283203,76.376486971171,74.55917967235953,74.77765476749144,25254400
2015-02-18,76.1778793334961,76.36656377134332,74.92661754442979,75.41322398135462,22426400
2015-02-19,78.86907196044922,79.28615665666565,76.41620481729427,76.4559282516678,45851200
2015-02-20,79.34574127197266,79.78268387332648,78.65059257302839,78.99817071073552,36931700
2015-02-23,78.2930908203125,79.63373206054715,77.83628270551343,79.40532421491254,24139100
2015-02-24,77.90580749511719,78.92866898798876,77.5582368793216,77.95546368728992,18897100
2015-02-25,79.00809478759766,79.64365454115482,77.9554503663567,77.9554503663567,25593800
2015-02-26,79.85220336914062,80.8055429865547,79.16698744118341,79.32587358918418,31111900
2015-02-27,78.42218017578125,80.66650450129046,78.07460966831648,80.12031686351095,30739200
2015-03-02,79.19678497314453,79.30602252405271,77.97531398411236,78.45198762229991,21662500
2015-03-03,79.04782104492188,79.14712583937686,77.97531108127968,79.05775379730842,18635000
2015-03-04,80.33880615234375,80.58707192687109,78.30302377063143,78.74990671066276,28126700
2015-03-05,80.64665985107422,81.42124791839801,80.48777368221153,80.6665253574763,27825700
2015-03-06,79.45498657226562,80.76582965722238,79.27623489811376,80.33881218988574,24488600
2015-03-09,78.8889389038086,79.35567979561701,78.084552601906,79.12727193792354,18925100
2015-03-10,77.01204681396484,78.71018381413174,77.01204681396484,77.95545373301194,23067100
2015-03-11,77.03189849853516,77.88593330562438,76.72405138544588,77.26030632779047,20215700
2015-03-12,78.3824691772461,78.50163947432937,77.36954816968334,77.558225002811,16093300
2015-03-13,77.50858306884766,78.8293513203505,77.14114697022076,78.05476326378579,18557300
2015-03-16,77.52843475341797,77.57809093826275,76.82336087214864,77.41919720793554,19305400
2015-03-17,78.80949401855469,79.22657873287842,77.7965653392305,77.8164308455149,22170000
2015-03-18,80.34873962402344,80.67644469121583,78.62080436278599,78.7002512296988,36912400
2015-03-19,82.17597961425781,82.42424541369665,80.4381190181859,80.55728932944608,42099500
2015-03-20,83.21868896484375,84.01313488134127,82.49374958427562,82.81152946616864,44466300
2015-03-23,83.84431457519531,84.37063678549042,82.72215604336745,83.33785029248101,27357300
2015-03-24,84.71821594238281,85.47294606706278,83.9336951350723,84.12237956035996,32576500
2015-03-25,82.34479522705078,84.92675792205634,82.34479522705078,84.90689999254727,37436100
2015-03-26,82.43416595458984,83.18888841801389,81.57019837300861,82.14617676072943,32794800
2015-03-27,82.72215270996094,83.36763761266994,82.30506048287242,82.80159199355293,18372600
2015-03-30,82.62284851074219,83.75493986083991,81.83833531364124,83.22861761974697,24527700
2015-03-31,81.64965057373047,82.92077014941438,81.63971782116316,82.32493379537134,19734300
2015-04-01,81.10346984863281,82.14618924080239,80.30902383331068,81.92771412423573,22058200
2015-04-02,80.9942398071289,81.98730310079736,80.87507706083055,81.67945590423108,19664100
2015-04-06,81.86811828613281,82.23554675680428,80.23949552964575,80.23949552964575,19062900
2015-04-07,81.74895477294922,82.84132267679522,81.64964997741235,82.07666741704409,17467000
2015-04-08,81.70923614501953,82.52354763866644,81.2722859271946,82.05680673807541,18966700
2015-04-09,81.5999984741211,82.22563311719959,81.14319032726085,81.92771113702214,15927300
2015-04-10,81.47090911865234,82.03695486239263,81.3418136249822,81.63972805109898,12529700
2015-04-13,82.43416595458984,83.35771489473882,81.35172328963384,81.36165604155173,26883100
2015-04-14,82.94064331054688,83.10946982931567,81.86814070688699,82.59307267156119,19634200
2015-04-15,82.1362533569336,83.0796679082906,81.6993031404537,82.97043035417062,22390900
2015-04-16,81.73902130126953,82.49375137835561,81.58013514510256,81.89791503390667,13769700
2015-04-17,80.21963500976562,81.54041073471984,79.81248308358528,80.91478371701683,24215000
2015-04-20,82.51361083984375,82.57319977892496,80.67644558679486,80.97436755278996,28796800
2015-04-21,83.03994750976562,83.90390764480587,82.96050063541429,83.41730879822806,27171900
2015-04-22,84.04293060302734,84.15216815427509,83.06973297105527,83.7350834548585,45548000
2015-04-23,81.83833312988281,84.99626649217471,81.83833312988281,83.51660460503358,73728100
2015-04-24,80.96443176269531,82.36465434328234,80.91478315453898,82.19582786143474,29660400
2015-04-27,81.34180450439453,82.35472556197014,81.06374046413751,81.30208107007209,25446000
2015-04-28,80.12033081054688,81.33186899872577,79.67345544836883,81.26235488513207,23775300
2015-04-29,79.91178894042969,80.8254051748908,78.96837444870708,79.45498082319914,26430300
2015-04-30,78.22357940673828,80.39839008563872,77.77670402888194,79.45498314284404,28999000
2015-05-01,78.44205474853516,79.2067176037128,77.56816191908827,78.69032053176704,24136400
2015-05-04,78.26329040527344,79.13719066964545,78.08453876723999,78.77968739357857,14692000
2015-05-05,77.02198028564453,78.25338412338216,76.68434243032588,78.00511832042278,22311300
2015-05-06,77.5582275390625,78.26330143947112,76.51551581724846,77.42913206201989,28663000
2015-05-07,77.88594055175781,78.39240486272497,77.02197291263386,77.45892310848555,19749400
2015-05-08,77.96540069580078,78.68040747386938,77.48872698493119,78.55130439776325,19943600
2015-05-11,77.46885681152344,78.4817778694149,77.3894099428538,77.93559769436955,18874100
2015-05-12,76.92267608642578,77.34969357394253,76.25732554760026,77.32983564319642,21285300
2015-05-13,77.89588165283203,77.98525370621452,77.11136079732192,77.18087491988757,21512300
2015-05-14,80.8055419921875,81.28220800679394,78.12426724826491,78.39239851089202,49438000
2015-05-15,79.86213684082031,80.9545047923888,79.62380380582569,80.84527481605548,27069900
2015-05-18,80.31893920898438,80.8154707491458,79.67345426795053,79.77275906068881,21613700
2015-05-19,80.07067108154297,81.1233230676937,79.99123179557314,80.68637290074548,17955400
2015-05-20,79.99124145507812,80.53742165324869,78.90879865891739,79.91179458304471,23056900
2015-05-21,79.9217300415039,80.35867269953665,79.52450324436151,79.63374080298745,13402700
2015-05-22,79.98129272460938,80.74594787988623,79.69330355337104,79.79260833533996,19567900
2015-05-26,78.77969360351562,80.04088034382778,78.5314278409253,79.87206144361912,16321300
2015-05-27,79.99124145507812,80.10047901000638,78.87900797602255,79.0478268967405,14160900
2015-05-28,79.5940170288086,80.50763335484025,79.44505603345168,79.69332183355621,11982000
2015-05-29,78.64067840576172,79.51457130727034,78.33282365716839,79.39540099396284,16134600
2015-06-01,79.7330322265625,79.82240426327296,78.11434220222536,78.74990194039883,18119000
2015-06-02,79.88200378417969,80.78568732871794,79.00810334602231,79.2067205258175,18923300
2015-06-03,81.86811828613281,81.95749032176546,80.6863708607482,80.78567564805212,31775000
2015-06-04,81.48082733154297,82.37457802686747,80.94457236846632,81.57019937048746,20863900
2015-06-05,81.57019805908203,81.88797793100332,80.94457106711911,81.30207437008929,16143100
2015-06-08,80.11038970947266,81.43116530657834,79.57413478486276,81.25241366504171,16915500
2015-06-09,80.11038970947266,80.62678670789819,78.76975618618262,80.04087560312338,16497500
2015-06-10,81.59007263183594,82.02701526900165,80.24943130844638,80.26929681441382,21531200
2015-06-11,81.2623519897461,82.32492916051586,80.79561113947408,81.73901801555634,18656800
2015-06-12,80.96443176269531,81.5205446634544,80.6367191276894,80.80554560953702,11417900
2015-06-15,80.15011596679688,80.36859104488153,79.51455623589769,79.99122982230689,18805100
2015-06-16,80.49769592285156,80.9445788829492,79.89192679968646,80.25936289001513,13693700
2015-06-17,81.22264862060547,81.64966614479057,80.7757655874973,81.19285793369261,18350300
2015-06-18,82.33486938476562,82.61292585446806,81.00416082429896,81.07367494172456,26782600
2015-06-19,81.9376449584961,82.40438586450708,81.55035092509779,82.25542487247601,23353200
2015-06-22,84.15215301513672,84.38056082932839,82.73207268086172,82.83138503792625,29383100
2015-06-23,87.2703857421875,87.35976536427206,84.17203360403806,84.37064320082747,50667900
2015-06-24,88.24359130859375,88.63088532743633,86.84336864318556,87.05191857007357,41370200
2015-06-25,87.36970520019531,88.77985315054535,87.23066937940641,88.64082490622752,27302000
2015-06-26,87.39949035644531,87.72719543934073,86.22767553097609,87.50872790956733,38214600
2015-06-29,85.2048110961914,86.89301521841853,85.13529698707546,86.00918972688591,35957900
2015-06-30,85.17501068115234,86.09855957968463,84.97640111056303,85.99925479438997,23016500
2015-07-01,86.30712127685547,87.33990027686963,85.89002899924803,86.16808546667265,25260000
2015-07-02,86.68449401855469,86.83345502481481,85.74107936322157,86.79373158471401,16908800
2015-07-06,86.94267272949219,87.57823247297253,85.79071595914044,85.89002074847117,24635900
2015-07-07,86.61497497558594,87.2406020745974,84.63878129570149,87.19095345964347,33059900
2015-07-08,85.05584716796875,86.14821494885634,84.8572300227814,85.69140687962951,24399300
2015-07-09,85.28426361083984,86.99233350148687,85.05586332108521,86.12837337937113,23307400
2015-07-10,87.33990478515625,87.60803609006354,86.16808991447287,86.74406838470914,23245900
2015-07-13,89.47499084472656,89.59416115364563,87.80664440221341,88.04498502005156,29976700
2015-07-14,89.05790710449219,90.17014060385048,89.02811642105354,89.83249517978047,26627800
2015-07-15,89.1373519897461,90.35881544231077,88.79970657320735,89.37568502841006,30886600
2015-07-16,90.21978759765625,90.2297203507811,89.14727755429517,89.65374189307191,21804100
2015-07-17,94.31121063232422,94.72829534610179,91.8980668219387,91.9079995750679,54001600
2015-07-20,97.23081970214844,97.91602814513506,94.69850555965246,95.18510439699936,54860500
2015-07-21,97.70748138427734,98.55158353492324,96.46615246377736,98.26359431619079,39453300
2015-07-22,96.3668441772461,96.90309916066775,95.2546107772082,96.06892221652178,28299500
2015-07-23,94.77794647216797,96.77399788567463,94.15231185845276,96.28739907892862,29418800
2015-07-24,96.2774658203125,97.08185209422285,95.21488859195858,96.67469258099449,33444900
2015-07-27,93.51676177978516,95.93983846547985,93.17912392107485,95.91004778106083,38585400
2015-07-28,94.62899780273438,94.8971215460233,92.66272923822075,94.18211479529107,35236000
2015-07-29,96.31719207763672,96.60518129816202,94.08280000682674,95.65184159045955,64648300
2015-07-30,94.5495376586914,95.14537400854515,91.16319639819936,94.25162327199966,86211300
2015-07-31,93.35787963867188,95.66178610978643,93.2982906907875,94.29135395551742,46509000
2015-08-03,93.48696899414062,94.42045082613463,92.15626794352625,92.8811998363323,29343100
2015-08-04,93.40750885009766,94.07286685735318,92.68257706027741,93.13938515797219,20136000
2015-08-05,95.7710189819336,96.41650401120002,94.51975720827778,94.58927133034359,29813200
2015-08-06,94.46017456054688,98.05505850508236,93.76502577283175,96.50588233346909,42271300
2015-08-07,93.64586639404297,94.73823444078265,92.96065033520543,94.71836893319451,23199100
2015-08-10,93.49690246582031,95.23476307828362,92.98050535529316,95.01628796048145,21624200
2015-08-11,92.97057342529297,94.10266479306392,92.25556675586489,93.0798109762595,22491000
2015-08-12,93.53662872314453,93.78489453240951,90.55743901196477,92.05695904486596,27050500
2015-08-13,92.7818832397461,94.0728682656,92.70243637553078,93.3975850727098,17451800
2015-08-14,93.7650146484375,94.06293660446543,92.56340922500624,92.89112186134295,15929700
2015-08-17,93.27841186523438,93.80473406541222,92.74215691322212,93.76501063454431,18313500
2015-08-18,94.50981140136719,95.18509459808375,93.3876528497298,93.42737628206255,22278800
2015-08-19,94.64884185791016,95.43336261792155,93.50682535141516,93.97355864527188,23251300
2015-08-20,89.93179321289062,94.11258801521254,89.83248841674767,92.89112462736061,44598200
2015-08-21,85.4630126953125,88.56137246645943,85.01613730614822,86.91288399244422,62778700
2015-08-24,81.52054595947266,81.52054595947266,71.50054295194104,76.49564911537614,83710700
2015-08-25,82.42423248291016,87.06183507052357,82.42423248291016,86.34682846807522,52021200
2015-08-26,86.5851821899414,86.8533059183045,82.68244353984392,85.3537783760203,45124300
2015-08-27,89.10755157470703,89.43525662590176,86.58517049688813,88.48191699889828,42431400
2015-08-28,90.37867736816406,90.84541825039135,89.16713914020484,89.25651118498688,33215900
2015-08-31,88.80963134765625,90.41839626116608,88.2733763764863,89.97151333028945,32850700
2015-09-01,86.62490844726562,88.76992107342308,85.89996895939453,86.24753957283774,36097400
2015-09-02,89.26644897460938,89.26644897460938,87.02212405808748,88.1939389178852,27190500
2015-09-03,87.53852081298828,89.19693450486955,87.12143609583326,89.13735313855334,27048200
2015-09-04,87.64775848388672,87.77685396989816,86.09857476939551,86.59510635993752,27328700
2015-09-08,88.90894317626953,89.61401710810543,88.21380199740895,89.0678369179923,27012500
2015-09-09,89.81263732910156,91.34195555089562,89.5445060249748,90.15027517699941,32551100
2015-09-10,91.34195709228516,91.42139639070874,89.00825249520057,89.44520273064977,26437400
2015-09-11,91.41146850585938,91.44125918894463,90.49784462457755,91.04403240270958,21185000
2015-09-14,91.6696548461914,91.97750956761935,90.96458093506486,91.6696548461914,20127900
2015-09-15,92.25556182861328,92.6031323920024,91.15326120152922,91.72923960741406,18859400
2015-09-16,92.80174255371094,92.95070353222212,91.98743112451585,92.25556240113002,16321200
2015-09-17,93.68558502197266,94.84747480309981,92.25557906873159,92.72232001670562,27841800
2015-09-18,93.74516296386719,94.5296837622849,92.40452922539464,92.55348263685892,62300000
2015-09-21,94.88719177246094,95.82066602828236,93.86433031242076,93.96364269357854,28790000
2015-09-22,92.31513977050781,94.02320942044797,91.28235329434702,93.11951841263112,36888900
2015-09-23,93.31815338134766,93.66572399821463,92.15627121504754,92.7521076406011,21701400
2015-09-24,93.75508880615234,94.11258454378638,91.60013616933902,92.41444759002714,29106000
2015-09-25,92.12646484375,95.18510115586582,91.42139091832529,95.12551979149686,28961600
2015-09-28,88.5911636352539,91.64979998781654,87.56830979221779,91.4412576332969,41199900
2015-09-29,86.06878662109375,89.43527029800048,85.12537960186707,88.48193052525858,42281800
2015-09-30,89.2763671875,89.39552990119199,87.39947868215516,87.82649608464719,36169100
2015-10-01,90.31908416748047,90.31908416748047,87.74705442493378,89.42533345594333,29283700
2015-10-02,91.43132019042969,91.56041566713797,87.75698971579452,88.28331195160477,37881700
2015-10-05,93.35787963867188,93.61607063244222,92.01724574658077,92.29530224846972,27292500
2015-10-06,92.15626525878906,93.51675695351844,91.69944953303607,93.42738490487376,22172800
2015-10-07,91.759033203125,93.01029484755256,90.73617940845044,92.46410710453688,24129300
2015-10-08,91.82855987548828,92.57335731246718,89.84243337687785,91.25258137253815,27290500
2015-10-09,92.59320831298828,93.08973990047434,91.60014513801616,92.25557047020372,20012900
2015-10-12,93.60612487792969,93.94376267701048,92.02715069434126,92.67264318981489,18449600
2015-10-13,93.46710968017578,94.7084386611661,92.90106396790304,93.01030152434785,19480300
2015-10-14,93.41744995117188,94.53960857994396,92.9606418126504,93.42738270405532,19253400
2015-10-15,95.2943344116211,95.63197980625294,94.24168994738746,94.33106198991135,27557500
2015-10-16,96.8633804321289,96.91302904368094,94.68856971203328,95.51281394379663,25412900
2015-10-19,97.78692626953125,97.88623106586235,96.24767540875312,96.50587394039023,23729900
2015-10-20,96.3271255493164,98.89915547109229,95.89017533884892,98.04512813245127,30881800
2015-10-21,96.43637084960938,97.49894820241023,95.80081098867079,96.69456941076291,21917800
2015-10-22,98.97859191894531,99.03818085367013,96.87330311158946,97.11163612107941,26392100
2015-10-23,101.48112487792969,102.13654261170728,99.46520791245167,101.20306841048038,42809700
2015-10-26,103.05015563964844,103.0898790732436,100.84556189864384,101.49104685927202,25961200
2015-10-27,102.98065185546875,103.37787865479788,101.68967422823782,102.22592927086151,23795500
2015-10-28,103.4771728515625,103.75523688611422,102.20605328520702,103.17925846496244,24081500
2015-10-29,104.15245819091797,104.39079879681978,102.8018917300226,103.23884193103886,20316700
2015-10-30,101.26264190673828,103.99356533431387,100.94486202913373,103.78502299992995,33487100
2015-11-02,102.59334564208984,102.75223937356513,100.4781239829985,101.01437896202239,24003900
2015-11-03,101.86842346191406,102.93100076812225,101.68967178533367,102.50398329498414,21242300
2015-11-04,103.21898651123047,103.41759611117284,101.76911521753345,102.47418914674066,43469300
2015-11-05,108.00553894042969,109.88242749014094,107.20115272164645,108.04526237142254,63232900
2015-11-06,106.3570556640625,107.98567852922542,105.17531573629157,107.29053739524251,35084300
2015-11-09,105.75129699707031,107.4990903331364,105.12566991480882,106.25776134545583,26383500
2015-11-10,107.16145324707031,107.3997862929876,104.50996875241574,105.22497546663851,25031700
2015-11-11,108.25381469726562,109.10784960129386,106.36699322147138,107.51894252074894,25057100
2015-11-12,107.27068328857422,108.63118259703732,107.2508253582662,107.72749902683903,20924700
2015-11-13,103.2289047241211,107.49907902306168,103.10974200278233,106.96282404762705,30278400
2015-11-16,103.31829071044922,103.44738619201408,99.77305557915065,102.60328403246119,49309200
2015-11-17,104.40071868896484,105.46329587963427,103.41758836290828,103.89426197411541,26807200
2015-11-18,107.02240753173828,107.13164507944624,104.65892006849447,105.06607957840058,23836500
2015-11-19,105.52288818359375,106.9826921674402,105.2150334675127,106.61525608923326,25520600
2015-11-20,106.57554626464844,107.12173407544788,105.88040502951391,106.09887257736246,22129600
2015-11-23,106.2081069946289,106.72450410527047,105.34414685318289,106.44644761945008,19897200
2015-11-24,105.0064926147461,105.75128995777729,103.66585891258403,105.26469114840862,23577300
2015-11-25,104.67879486083984,105.86053490907413,104.37094011886258,105.59241118048325,15150800
2015-11-27,104.718505859375,105.22497018594447,104.1326022391337,105.04621851635939,5913100
2015-11-30,103.51689147949219,105.36398938125139,103.03029270043903,105.10579086367487,20383200
2015-12-01,106.3769302368164,106.40672091988802,103.77510198581481,104.10281465254407,22781900
2015-12-02,105.3342056274414,107.17137089796259,105.05614916398571,106.25775463904519,24429100
2015-12-03,103.65592956542969,106.10879677463384,102.6330757262974,105.53281832541371,23236500
2015-12-04,105.44345092773438,106.9827019190333,103.38781040584426,104.08295161557679,21224700
2015-12-07,104.87739562988281,106.08893383604848,103.93398870618081,105.74136326291988,15474900
2015-12-08,105.75129699707031,106.16838929504884,103.22891558492691,103.27857177502248,20401800
2015-12-09,103.8744125366211,105.70165282299723,102.83170068905723,105.4434542613033,23517300
2015-12-10,104.688720703125,105.66192597256286,103.68573232639986,104.32129216814545,17454300
2015-12-11,101.41162109375,103.61621512877979,101.20307872191493,103.42753826462689,26427700
2015-12-14,103.93399047851562,104.0134297705352,100.75618392715096,101.58042814067586,24648100
2015-12-15,103.82475280761719,105.06608171456396,103.55662152089326,104.56955015178525,21764300
2015-12-16,106.04920959472656,106.34712397950896,103.46724704426134,104.63906180793397,22680500
2015-12-17,105.48316192626953,107.00254723156843,105.3937823090031,106.74434870848435,21675700
2015-12-18,103.31829071044922,105.8505971891079,103.24877659322652,105.34414043925848,35994200
2015-12-21,104.0432357788086,104.42060467149125,102.881353567749,104.1822716073827,16138800
2015-12-22,104.7780990600586,104.92706005351404,104.08295028275676,104.49010982643694,14597100
2015-12-23,103.9041976928711,105.37393453146132,103.13954237867624,105.15545941984256,19599700
2015-12-24,104.29148864746094,104.58941062295806,103.77509914326589,104.01343217778125,6501800
2015-12-28,105.19517517089844,105.24483135680978,103.80488530655337,104.29148410730956,13069700
2015-12-29,106.51595306396484,106.99261912183532,105.5129571848431,105.68177609798596,17179900
2015-12-30,105.48316192626953,106.50601568989062,105.32426819622701,106.2577499190517,13115000
2015-12-31,103.93399047851562,105.43351034479397,103.89426704427065,105.26469143160561,18391100
2016-01-04,101.51091003417969,101.53076796228632,99.05804299539192,101.2427787576847,37912400
2016-01-05,102.01738739013672,102.99058509781774,100.96473523044752,102.1762735647399,23258200
2016-01-06,102.25570678710938,103.0501527069931,100.2000665099993,100.42846677608372,25096200
2016-01-07,97.24075317382812,100.72640735837899,96.62505879794192,99.80285821807821,45172900
2016-01-08,96.65482330322266,99.80283118493205,96.3569013735754,99.18712939934676,35402300
2016-01-11,96.8335952758789,97.91603053301314,94.72829855299021,97.23082207331635,29932400
2016-01-12,98.6806869506836,99.2665905665858,96.87331233891761,98.31325086134918,28395400
2016-01-13,94.77794647216797,99.88229029611284,94.54953862122251,99.88229029611284,33410600
2016-01-14,97.6876220703125,98.18415363147334,91.80868262805072,95.18509875923849,48658600
2016-01-15,94.31121063232422,95.71142576471196,92.89112999367808,93.32808021371405,46132800
2016-01-19,94.59918975830078,96.74420204041003,93.26848131052223,95.86037651807044,30998300
2016-01-20,93.69551086425781,94.34100345582871,88.75006039960755,92.18605814261174,59051400
2016-01-21,93.5068359375,95.32413586237321,91.97751767760955,94.25163334856198,30518900
2016-01-22,97.2605972290039,97.38969269756004,94.82758821843848,95.74121197962036,30495400
2016-01-25,96.3370590209961,98.78992623201475,96.25761215005097,98.03519611097732,32482000
2016-01-26,96.66475677490234,97.20101174841271,94.99641807038569,97.08184902750155,26877100
2016-01-27,93.79480743408203,97.17122351348279,93.57633991475718,97.11164215152786,58699400
2016-01-28,108.35311889648438,109.57458230554575,104.08294439995746,106.45636467839648,107475300
2016-01-29,111.43161010742188,112.05723713606814,108.084984715906,108.23394569695613,62739500
2016-02-01,114.2916259765625,114.91726056445854,111.23299745534297,111.4911884004883,46132700
2016-02-02,113.81497192382812,116.77429596411045,112.41474920014916,114.00365635292634,59778600
2016-02-03,111.90827941894531,114.53989048471371,108.98867157816686,114.4703763730985,56919300
2016-02-04,109.7235336303711,111.16347959031833,108.49213757699567,111.02445137025029,38890200
2016-02-05,103.34808349609375,108.81986366817654,102.46425788350048,108.75034954953901,76894700
2016-02-08,99.05804443359375,101.96771962577968,96.78392902062856,99.71346971767962,71229700
2016-02-09,98.84949493408203,101.68965580653706,96.14836227973575,96.46614214633709,62709000
2016-02-10,100.29937744140625,102.53376951312075,99.5446473313265,100.84556520063578,45179400
2016-02-11,101.20307159423828,104.380870717159,98.194083815899,98.90909051267386,43670600
2016-02-12,101.3023681640625,103.51689461700543,100.3887443610551,103.02036307086952,36176800
2016-02-16,100.90513610839844,103.20904205831958,99.54463701596308,103.0799465906386,45687200
2016-02-17,104.4702377319336,104.9866347998189,99.70353927724449,101.31229669099626,44073400
2016-02-18,102.75224304199219,105.26469154300024,102.31529284130544,105.06608194803556,29593500
2016-02-19,103.8446044921875,104.29147984122908,101.35201407550895,101.83862043283057,32404500
2016-02-22,106.4166488647461,107.49908404195,104.6092666910449,104.75822767614306,35709700
2016-02-23,104.72843170166016,106.72449061756997,104.39079389054021,106.10878877930001,25319300
2016-02-24,106.13858032226562,106.20809443550067,102.02729973614754,103.48710369055341,34412400
2016-02-25,107.3203353881836,107.3203353881836,104.87740092398673,106.36699566384853,29906300
2016-02-26,107.17137145996094,108.69075684071882,106.41664893418645,107.94595949121238,26686200
2016-02-29,106.17830657958984,108.15450763614403,106.00948766816671,106.85358980175266,32779000
2016-03-01,109.05819702148438,109.05819702148438,106.85359557194724,107.08200343468418,26817300
2016-03-02,109.18729400634766,109.78313797768496,108.01547914663958,108.91917028042253,25670200
2016-03-03,108.81986236572266,109.53486904970559,107.78707577513293,109.4852128613571,21353100
2016-03-04,107.63810729980469,109.28659565949059,107.18129918936006,109.28659565949059,24938900
2016-03-07,104.9965591430664,107.32032303302357,103.99356334561672,107.32032303302357,31436400
2016-03-08,105.19517517089844,106.62518846867854,103.6757898302422,104.05315108316962,25617000
2016-03-09,106.76422119140625,106.76422119140625,104.75822938908698,105.95983488931144,20493300
2016-03-10,106.57554626464844,107.9062549416547,105.03629521710182,107.16145751409431,24854300
2016-03-11,108.65104675292969,108.66097192972482,107.17137715160275,107.72749768743516,20697600
2016-03-14,109.1277084350586,109.56465864347783,108.01547498475081,108.52193931028486,17249400
2016-03-15,109.90229034423828,110.06118407533279,108.08498307131293,108.35311434841738,17618500
2016-03-16,111.40182495117188,111.71960485748545,109.3362517718983,109.72354579595327,24744800
2016-03-17,110.2498779296875,111.90829930399887,109.96189625644568,111.37204424347841,24241200
2016-03-18,110.6769027709961,111.64017539307937,109.50508776317392,110.78614034111719,36256900
2016-03-21,111.07411193847656,111.59050901988712,110.25980045760967,110.88543509176206,18448000
2016-03-22,111.4713363647461,112.0969634092416,110.39882636577916,110.58751078498734,19001100
2016-03-23,111.75932312011719,112.40481565582274,111.22306813244504,111.23300088493995,18562000
2016-03-24,112.26579284667969,112.30550870563626,110.90529359506317,111.35216898479551,17839100
2016-03-28,112.90135192871094,113.79510270238202,112.16647974277748,112.53391583574421,21351800
2016-03-29,115.33435821533203,115.5131098924899,112.85170024173443,113.04038467219853,29825300
2016-03-30,113.90433502197266,116.17845043978348,113.56669720324793,115.92025948774817,33235200
2016-03-31,113.30850219726562,114.21219328689371,112.98078954433652,113.90433856301918,21207500
2016-04-01,115.2549057006836,115.36414325229293,112.56370549820085,112.9609322698284,24760500
2016-04-04,111.7692642211914,113.75539058619546,110.83578240516884,113.27871692494733,48487900
2016-04-05,111.4415512084961,112.53391919058107,111.12377129413555,111.33231365264052,22962400
2016-04-06,112.92121124267578,113.02051604358238,111.64015885450986,111.6898150431985,20814600
2016-04-07,112.85169219970703,114.09302109804635,112.28564652512311,113.00065318280181,20714500
2016-04-08,109.86256408691406,113.53690197107171,109.13763229272607,113.45745510756701,48497800
2016-04-11,108.23394775390625,110.1406347099374,108.01547265441006,109.93208478662167,39762300
2016-04-12,109.84271240234375,110.38890014939444,108.23394741905196,108.58151799605224,26248100
2016-04-13,109.74340057373047,111.86855491004309,105.78107352040277,111.4514702443675,88227400
2016-04-14,110.07111358642578,111.26279388715969,109.49514272969833,109.85264606227146,28473300
2016-04-15,108.87944030761719,110.20021608087036,108.44249010859319,110.02146441549421,20922800
2016-04-18,109.68382263183594,110.04132597438159,108.44249368590538,108.97874869972385,21167200
2016-04-19,111.51104736328125,111.66993350662916,108.40276283992999,110.3292999456648,30210500
2016-04-20,111.64016723632812,112.48426947211446,110.78613224676418,111.65009999010572,21027900
2016-04-21,112.65308380126953,113.2489201634973,111.53091761632898,111.7692582223964,20875200
2016-04-22,109.79305267333984,110.97480017348316,108.25380943158075,110.43854519635434,38458200
2016-04-25,109.33625030517578,109.90229599246817,108.31339648221501,109.10785002557684,21017900
2016-04-26,108.00553894042969,109.73346651803517,107.39976987661073,109.72353376616952,22521500
2016-04-27,108.1346435546875,108.18429974174587,105.5725388624722,107.19123661234184,52213100
2016-04-28,115.92025756835938,119.9520912802115,115.42372602447728,118.75048585319327,87110100
2016-04-29,116.76437377929688,117.02256475823881,115.036438342846,116.00964362003572,37140600
2016-05-02,117.74749755859375,117.90639129952383,115.76137125579115,117.01263294796854,28095200
2016-05-03,116.61540222167969,117.34034163129184,116.20824270669212,116.70477426557238,24117500
2016-05-04,117.24102020263672,117.47936078754844,115.76135839287436,115.80108182369297,23448400
2016-05-05,116.99276733398438,118.15465697816764,116.43665439418422,117.22117519224261,22056700
2016-05-06,118.6611099243164,118.81007090740577,116.2976224294938,116.34727861601368,26395600
2016-05-09,118.412841796875,119.44562832895495,118.07520397993913,118.71076375714678,21138100
2016-05-10,119.66411590576172,119.66411590576172,118.17452110195555,118.79022301505832,23220000
2016-05-11,118.69090270996094,120.2400863544979,118.59159791163086,119.57473587156888,22038400
2016-05-12,119.44563293457031,120.0017458669522,118.07520853271332,119.14771853928164,22035500
2016-05-13,118.97888946533203,119.80313366970057,118.84979398782275,119.54493513821168,18124300
2016-05-16,117.8468017578125,118.78028353984266,116.53595870770255,118.55187568253743,31247800
2016-05-17,116.53595733642578,118.18444577665827,116.3869963509335,117.99576135660335,21328600
2016-05-18,116.83387756347656,117.44957184883111,115.92026131158441,115.98977542691381,21642300
2016-05-19,115.99970245361328,116.67498568893043,115.07615343437762,116.23804306123378,20544100
2016-05-20,116.53595733642578,117.1715171364871,116.13873056726985,116.14866332002812,18944800
2016-05-23,115.16553497314453,116.78422518370499,115.13574429081376,116.60547351324975,20441000
2016-05-24,116.88352966308594,116.91332792180557,115.3144956450268,115.43365837402311,20183600
2016-05-25,117.07221221923828,117.84680025124577,116.56574789966784,117.31054524990125,20019800
2016-05-26,118.64124298095703,118.92923217265562,117.10199223344004,117.41977210419887,18481300
2016-05-27,118.55187225341797,119.01861313093255,118.18444374884122,118.73062391764759,13493600
2016-05-31,117.98583984375,119.2668923186702,117.30063136756192,118.63133245806236,23547600
2016-06-01,117.95604705810547,118.25396905216502,117.00270728417433,117.67799057110109,15029500
2016-06-02,118.1050033569336,118.61146769609934,117.39992941394284,117.86667031704943,13228300
2016-06-03,117.64818572998047,118.15465002834873,117.04241663769906,118.15465002834873,14135100
2016-06-06,117.96597290039062,118.60153271244266,117.53895544137404,117.79715398266725,12744700
2016-06-07,116.943115234375,118.47243334968225,116.85373561373265,118.41284441043057,17103000
2016-06-08,117.56874084472656,117.77728318839816,116.45650743534117,116.94311381371179,14505600
2016-06-09,117.73756408691406,117.85673439188413,116.89346192867008,117.3105466313595,13859200
2016-06-10,115.81102752685547,117.2906895020909,115.45352418597743,116.72464380844576,18510800
2016-06-13,113.1595458984375,114.67893892227285,112.52398607178135,114.20226526404535,31718200
2016-06-14,114.1426773071289,114.15260248325896,112.79211085935115,113.27870966618465,17618500
2016-06-15,113.8050308227539,114.63920777442036,113.27870858700341,114.50017954522099,19819400
2016-06-16,113.59648132324219,113.70571886451344,112.1565429358952,113.08009187252603,19236300
2016-06-17,112.23599243164062,113.63621509178526,111.77918429770938,113.62628233900163,24644300
2016-06-20,112.58358001708984,113.92421384925002,111.96787809295155,112.98079924404759,20785400
2016-06-21,113.5865478515625,114.41079199357887,113.17939594469775,113.32835691607548,19166300
2016-06-22,113.11982727050781,113.94406392847353,112.82190529434727,113.85469188150772,14846300
2016-06-23,114.2817153930664,114.29164057005238,112.75239714894848,113.57664142704266,16176900
2016-06-24,111.30252075195312,112.8914202920994,110.2300107211779,110.23994347418619,40643100
2016-06-27,108.21409606933594,110.79605882520322,107.47923143664798,110.79605882520322,36130400
2016-06-28,111.918212890625,111.96786907823237,109.78313319997702,109.86257249309011,26813800
2016-06-29,113.36808776855469,113.45745981135026,112.25585436278723,112.58356700597811,20968300
2016-06-30,113.48725891113281,114.38101728774156,112.8814897656797,113.87455294491814,23192700
2016-07-01,113.39786529541016,114.33133935436365,113.02049651012722,113.40779047025597,14980000
2016-07-05,113.40779876708984,113.40779876708984,112.18633544238985,113.14960782576117,14207000
2016-07-06,115.89046478271484,115.97984440459771,112.18634353330505,112.57363754969974,24337600
2016-07-07,115.04637145996094,116.1586049836259,114.55977260806358,115.820959552177,16630200
2016-07-08,116.42672729492188,116.68492584799739,115.04637005483771,115.62234852844041,18142600
2016-07-11,117.05236053466797,117.8765972214464,116.68492442808831,116.89346678810244,17711600
2016-07-12,117.11193084716797,117.89645159972476,116.75442752761121,117.8070719816005,15217700
2016-07-13,115.96992492675781,117.57869011656842,115.87062011721991,117.56875736267324,16207700
2016-07-14,116.47637176513672,116.82394233441585,115.89046059709176,116.6849141067042,14579700
2016-07-15,116.04936218261719,117.45951005995676,115.77130570837791,116.92325504115071,16646000
2016-07-18,118.54194641113281,118.7802794366095,116.0791465596394,116.5061640008732,20868400
2016-07-19,119.77334594726562,120.01167897950512,117.83687585443752,118.1645809325904,21541300
2016-07-20,121.07424926757812,121.352305718598,119.72368286850723,120.40889882028482,20046500
2016-07-21,119.77334594726562,121.25300790477196,119.41584261067112,121.07425623647472,17801700
2016-07-22,120.16063690185547,120.17056965441607,118.48235781321857,119.06826899076903,18422400
2016-07-25,120.7862777709961,121.00475289353055,116.96298585605665,120.54794471753631,18487400
2016-07-26,120.37911987304688,121.22322206062097,119.9123789662844,121.15370794109066,17612000
2016-07-27,122.4843978881836,124.13288625434697,120.66709819153724,121.57078166370442,52654200
2016-07-28,124.13289642333984,127.43979860241059,122.77239715101058,126.63541228158725,78955800
2016-07-29,123.08026123046875,124.96707533817501,122.85185335006183,123.78533522650649,35058800
2016-08-01,123.44768524169922,123.71581655129047,122.00774661742523,122.99087707416078,25006900
2016-08-02,122.23612213134766,123.93426654389526,121.22320119589507,123.19939446223589,23968400
2016-08-03,121.66017150878906,123.06038664368106,121.46155432820352,122.23614239131025,18525300
2016-08-04,123.4973373413086,123.92435481062773,121.66017197850607,122.08718944782521,21066000
2016-08-05,124.28185272216797,124.96706113255514,123.75553047343925,124.11303380775884,20184000
2016-08-08,124.3910903930664,124.57976723668853,123.68601647649741,124.38115764030616,15233900
2016-08-09,124.19247436523438,125.21532819132787,123.66615211114515,124.47053083332148,19621000
2016-08-10,124.01373291015625,124.60957690681212,123.67609505009099,124.20241734752868,10670100
2016-08-11,124.03358459472656,124.51025064716443,123.88462361216337,124.33149898338264,11729500
2016-08-12,124.01373291015625,124.13290322478166,123.31859168268593,123.83498122645372,12159000
2016-08-15,123.04051971435547,124.05344074360643,122.84190254829731,124.04351556765616,19295100
2016-08-16,122.44468688964844,123.0603811809557,121.92828981951997,122.64329648494683,14222400
2016-08-17,123.50727081298828,123.51719598976055,121.99781053181214,122.80219686214487,13794200
2016-08-18,123.05045318603516,123.39802375808084,122.7823219044069,123.1497579814096,12400800
2016-08-19,122.702880859375,123.29872481283303,122.42482438854559,122.74260429470358,11688300
2016-08-22,123.28878784179688,123.96407106633795,122.25600128800052,122.47447638659767,14386400
2016-08-23,123.50727081298828,124.22226994060397,123.38810050348359,123.64629905250834,13309500
2016-08-24,122.62344360351562,123.82504913041414,122.2361419967417,123.60657402071064,12243700
2016-08-25,123.03059387207031,123.50726752091255,122.24607306913511,122.26593857509178,10730800
2016-08-26,124.09317016601562,124.32157802388878,123.05045840564834,123.18948664036398,17504800
2016-08-29,125.6622085571289,125.85089297506482,123.48739789218885,123.48739789218885,15925900
2016-08-30,124.9670639038086,125.7217940237168,124.28185547822632,125.7217940237168,17804300
2016-08-31,125.24513244628906,125.34443725015025,124.23220374808054,124.72873534385741,14200600
2016-09-01,125.2947769165039,125.75158506033556,124.72873121909616,125.50331927065723,13536100
2016-09-02,125.63241577148438,125.97998634359469,125.12595146556922,125.97005359111434,12118800
2016-09-06,128.830078125,129.03862805366188,125.59269771311126,125.79130731239712,26278400
2016-09-07,130.14089965820312,131.06444090721715,129.04852437695646,129.1378964037118,27990800
2016-09-08,129.36634826660156,130.1707270400986,128.909532523918,130.0118332902137,15676600
2016-09-09,126.21833038330078,129.04855896958802,126.21833038330078,128.8102335010218,27100700
2016-09-12,127.79729461669922,127.86680115517815,124.8776866358906,125.08622898073831,21252800
2016-09-13,126.32756042480469,127.45965936843584,125.78138024673687,127.14187189199872,18016200
2016-09-14,126.88368225097656,127.90654371540911,126.00978935892037,126.00978935892037,15691100
2016-09-15,127.45966339111328,128.2044607654604,126.78437255884238,127.09222729223926,15077200
2016-09-16,128.17465209960938,128.28387448569916,127.31067696258371,127.31067696258371,24119200
2016-09-19,127.75757598876953,129.03863601615382,127.37028194273424,129.0088453320697,14958800
2016-09-20,127.74764251708984,128.27396477232423,127.14187339180899,127.75756769349275,11083800
2016-09-21,129.0386199951172,129.108126531703,127.49936917913202,128.2342413188317,14068300
2016-09-22,129.17764282226562,129.82312774089104,128.66124579560156,129.59472748316907,15538300
2016-09-23,127.07234954833984,127.70791688359382,126.41693186179944,126.67512280498235,28326300
2016-09-26,126.42687225341797,127.27098202582084,125.92041548174127,126.48646119679883,15064900
2016-09-27,127.79729461669922,128.11506693377834,126.54603297114262,126.72478463479356,15637100
2016-09-28,128.3335418701172,128.57188247233285,127.50929766784618,128.3136915179713,12047600
2016-09-29,127.20145416259766,128.39312690185227,126.66520673346244,128.2838893501657,14532200
2016-09-30,127.38021087646484,127.69798319591257,126.56589184317504,127.14187027217353,18402900
2016-10-03,127.87672424316406,128.1944965173994,126.91345193983376,127.48943028688251,13156900
2016-10-04,127.30075073242188,128.38318578559608,126.665191006867,128.27394824747233,14307500
2016-10-05,127.57882690429688,127.90653956937189,126.94326708040816,127.36035179424687,12386800
2016-10-06,127.84696197509766,128.16473431994578,127.19153662561216,127.53909965426034,11682700
2016-10-07,128.09521484375,128.3534057949327,127.43978956043189,128.1448558764441,12804400
2016-10-10,129.33653259277344,129.793333094254,128.30373857101557,128.78040457562892,15138700
2016-10-11,127.98597717285156,129.73376277373717,127.34047706610797,129.32660326604451,17537900
2016-10-12,128.15478515625,128.7605542017062,127.5688816139229,128.11505414999175,11073000
2016-10-13,126.93333435058594,127.36035181763371,125.87075705953274,127.32063595804527,17139300
2016-10-14,126.99291229248047,128.05548955488467,126.69499789477503,127.5986889936971,13345300
2016-10-17,126.65526580810547,127.57881477319974,126.43679071882961,127.31068349946301,11351700
2016-10-18,127.67811584472656,128.49241961666053,127.12198784208884,127.7873382267601,13504000
2016-10-19,129.2074432373047,129.56494656686576,127.70792338014219,127.84695161091925,16752300
2016-10-20,129.0981903076172,129.75361552588427,128.60165880643405,129.1677119911935,13167500
2016-10-21,131.15386962890625,131.21345099894842,128.80029944164252,128.87974631934625,19088800
2016-10-24,132.35543823242188,132.48454127409804,131.23327216970236,131.79932536510788,17470200
2016-10-25,131.372314453125,132.5739275045425,131.30280791373795,132.5739275045425,13336800
2016-10-26,130.13101196289062,131.34255043648776,130.03171472175845,130.72685602145913,13084700
2016-10-27,128.79037475585938,130.88573881034804,128.37329001102964,130.82615744007845,16741400
2016-10-28,130.37925720214844,132.04761121086273,129.02869068192885,129.594743963457,24545500
2016-10-31,130.08132934570312,131.2034802448226,129.9720918083086,131.09424270742807,15669000
2016-11-01,128.6016845703125,131.02476120599218,127.75757478801786,130.49843892153052,22077800
2016-11-02,126.28783416748047,129.32660486651906,125.40400860368858,129.32660486651906,39640900
2016-11-03,119.16757202148438,122.42481777783638,118.67104047139485,121.15369822184245,63766300
2016-11-04,119.91238403320312,121.0841989379943,118.42278920049252,118.7604270592008,30545500
2016-11-07,121.30267333984375,122.35531792424753,120.50821973651983,121.97795662972776,23008900
2016-11-08,123.35830688476562,123.74560091085122,120.69689731425888,121.18349614099989,19460800
2016-11-09,122.32552337646484,122.9511504552046,119.67404649205771,120.6571769233547,31916000
2016-11-10,119.9620361328125,123.31858698049423,114.47039033931125,123.07032118351115,67846700
2016-11-11,118.19436645507812,119.86271276086805,117.33040640974755,118.7008307558903,32840100
2016-11-14,114.2817153930664,118.30361682543885,112.76232990240543,118.30361682543885,51377000
2016-11-15,116.38700866699219,117.66806115543392,115.02651687748937,115.92027530855002,34681400
2016-11-16,115.532958984375,117.06227708829498,113.41773728021354,113.68586856367376,32397900
2016-11-17,116.97290802001953,116.97290802001953,115.20525684531788,115.99970281041848,18597800
2016-11-18,116.20824432373047,118.30360813747984,116.02949265698743,117.56874354152309,22879300
2016-11-21,120.92529296875,121.10404463367487,116.98283874071674,117.38005792813173,35415400
2016-11-22,120.62738800048828,122.12691555246128,120.06134228009026,121.55093707866094,26089200
2016-11-23,120.00175476074219,120.46849568207057,119.10800393216641,120.38905638332166,15672100
2016-11-25,119.54493713378906,120.2996672357175,119.23708998725935,120.17057175605319,8658600
2016-11-28,119.57473754882812,120.84585716881205,118.98882635046238,119.28674832610199,18101300
2016-11-29,120.03153228759766,121.25299558311237,119.56479144689197,119.73361034522007,18891000
2016-11-30,117.5985336303711,120.94515909445,117.13179274864673,119.48535508615306,30188900
2016-12-01,114.30156707763672,117.62832711565554,113.2091991276639,117.55881299819737,43277000
2016-12-02,114.5994873046875,115.67199730893768,113.50711937138252,114.31149808633492,25070400
2016-12-05,116.61540222167969,116.75443045204854,114.27177265764718,115.14566547374714,20201500
2016-12-06,116.49623107910156,116.98283745835033,115.52303347354454,116.87359991006757,19131200
2016-12-07,117.13179779052734,117.13179779052734,115.76137334439728,116.18839081026306,21913700
2016-12-08,118.08514404296875,118.6710476709142,116.82394958640408,117.16159500071369,22442800
2016-12-09,118.84980010986328,119.10799865465215,118.12486066442668,118.3929919622957,17464700
2016-12-12,116.95304107666016,118.4128450848804,116.83387835041876,118.39298715599696,17805500
2016-12-13,119.47542572021484,120.67703122825282,116.79415823305185,117.04242402173251,29768000
2016-12-14,119.3761215209961,120.84585833103162,118.02555501765663,119.16757916663097,25913100
2016-12-15,119.7336196899414,121.65023180843102,118.8001379356756,119.24702088411937,20139600
2016-12-16,119.03848266601562,120.65717287499854,118.44263871409844,120.06133649955193,25324300
2016-12-19,118.412841796875,119.52507519522345,117.68790997746792,119.01861089334949,15918100
2016-12-20,118.26388549804688,118.9391687351189,117.97590385524703,118.67104502143714,13684400
2016-12-21,118.2142333984375,118.37311955610477,117.65812048189667,118.09506309783436,10767600
2016-12-22,116.58561706542969,118.16458386079118,116.11887616572791,118.03548837689374,16258600
2016-12-23,116.45651245117188,116.74450167430416,115.49324755838256,116.18838873389457,10890000
2016-12-27,117.19139099121094,117.85674152047899,116.04936678970144,116.1486715949477,12051500
2016-12-28,116.10893249511719,117.4297081984932,115.84080879947355,117.37012683867684,12087400
2016-12-29,115.54289245605469,116.71470724030122,115.25490324217958,116.18838499912165,9934900
2016-12-30,114.2519302368164,116.01958161412541,113.97386616186563,115.79117373239082,18684100
2017-01-03,116.04936218261719,117.02255984245464,114.70872842383743,115.22511793650027,20663900
2017-01-04,117.86666870117188,118.82994117710588,116.47637876404455,116.73457730665392,19630900
2017-01-05,119.83293914794922,120.1109956424393,117.49924205322597,118.0354971110874,19492200
2017-01-06,122.55392456054688,123.02065786760421,119.19736633082158,120.14078085059289,28545300
2017-01-09,124.03358459472656,124.55990683350892,122.18648659447167,122.69295090459842,22880400
2017-01-10,123.48741149902344,124.6294357321823,123.41789737577749,123.95415243073394,17324600
2017-01-11,125.21533203125,125.2451302907193,123.19941499932678,123.48740422909735,18356500
2017-01-12,125.74165344238281,125.85089099036297,123.93427888917063,124.73865758205153,18653900
2017-01-13,127.44970703125,128.37326353880718,126.48644224582029,126.60560496178657,24884300
2017-01-17,126.98298645019531,127.44971976180004,126.51624556212009,127.15179778918635,15294500
2017-01-18,127.03262329101562,127.5390799904741,125.96011338074513,127.51922963962915,13145900
2017-01-19,126.66520690917969,127.45966045409854,126.56589453371195,127.34048257294904,12195500
2017-01-20,126.15874481201172,127.58875061105137,125.90054626888444,127.21139691408264,19097200
2017-01-23,128.03562927246094,128.35341676533062,126.06936840739019,126.42687176039774,16593600
2017-01-24,128.47254943847656,128.99887159156833,127.4894268124446,128.48248976589144,15162700
2017-01-25,130.56793212890625,130.8261382327559,128.86980271376447,129.0982029839127,18731300
2017-01-26,131.85891723632812,132.2164205585286,130.52821631872538,130.71690073223957,20020100
2017-01-27,131.2631072998047,132.02777032778098,130.17074669849714,131.75963897847475,19539500
2017-01-30,130.0714111328125,130.6672551022605,128.70099424778869,130.6672551022605,18956100
2017-01-31,129.416015625,129.75365350793402,128.6215619599633,129.267047039275,19790500
2017-02-01,132.3058319091797,132.56403808983495,129.77351722064873,131.3326340246383,50139800
2017-02-02,129.93238830566406,134.55014137887255,129.49543806359438,132.29588362252701,54366400
2017-02-03,130.0714111328125,131.9284495842585,129.85293602087768,130.3296172576127,24804900
2017-02-06,131.1439208984375,131.1439208984375,129.39613515973363,130.07141084754824,17058500
2017-02-07,130.92544555664062,132.07740247811816,130.74670145827767,131.32267991901642,14596400
2017-02-08,133.26905822753906,133.50739881450454,131.5212727152776,131.68016643992127,22390600
2017-02-09,133.20950317382812,133.5670065484025,132.3852588615332,133.55708137100473,16470600
2017-02-10,133.25914001464844,134.00393734077284,132.75266813500198,133.1697679722192,15061900
2017-02-13,133.1201171875,133.7656021684869,132.7725390266972,133.7656021684869,13526200
2017-02-14,132.9215087890625,133.29886248234752,131.6305236624993,133.16977457675,14364900
2017-02-15,132.51434326171875,132.77253421416682,131.7397552514341,132.52426843771815,13226500
2017-02-16,132.9115753173828,132.9413660012071,132.09727137128235,132.14692756197016,12831100
2017-02-17,132.60372924804688,133.1598422212977,132.24622588625107,132.57393856397573,12276500
2017-02-21,132.7924041748047,132.98108859570726,131.97808512731805,132.57392907196393,14759100
2017-02-22,135.17575073242188,135.84110122261666,132.534214277408,132.67324251188242,27360100
2017-02-23,134.42103576660156,135.17575834583596,133.3981818797286,134.9473580519656,18422500
2017-02-24,134.50047302246094,134.6792171128092,133.22935342573706,133.22935342573706,12625700
2017-02-27,135.4637451171875,136.2283928167026,134.08338797344905,134.32171342662122,14306700
2017-02-28,134.5997772216797,135.86097170752384,133.81526397402428,135.84110620103056,16112100
2017-03-01,136.4667205810547,136.52630193874103,135.35449482973814,135.5233137274959,16257000
2017-03-02,135.81130981445312,136.86396947320787,135.36443443124136,136.13902246959267,12294800
2017-03-03,136.2184600830078,136.37735381160098,135.13602496872934,135.68221269018088,11160600
2017-03-06,136.4667205810547,136.87388006249714,135.5630295816403,135.93047320893834,12748200
2017-03-07,136.34756469726562,137.41013431943628,136.0397175651689,136.07943342130324,13527100
2017-03-08,136.7646484375,137.03277971162456,136.0992979929939,136.19859520911928,10184500
2017-03-09,137.2810516357422,137.60876428482155,136.44686709583988,136.76465456874377,15535300
2017-03-10,137.82720947265625,138.52236570696058,137.2611714324514,137.94638733870394,16314100
2017-03-13,138.63162231445312,138.711054032159,137.70806570200432,137.74779671379844,10955500
2017-03-14,138.3535614013672,138.49258963230034,137.55910787334605,138.49258963230034,12944000
2017-03-15,138.75079345703125,139.12816232725115,137.5293299467696,138.3237683955284,19344800
2017-03-16,139.0189208984375,139.27711187180395,138.76071477212938,139.22745568190302,13612900
2017-03-17,138.86993408203125,139.36646560991574,138.73090586034118,139.36646560991574,20592800
2017-03-20,138.96925354003906,139.21751931664969,138.28403757212322,138.74085326838062,12099500
2017-03-21,137.54917907714844,141.32282228694692,137.43994151847468,140.1708653323767,29894800
2017-03-22,138.62167358398438,138.82028317209492,136.64548772581506,136.97318521208032,17055400
2017-03-23,138.56210327148438,139.41613820610485,138.12515305103554,138.51244708226218,13022800
2017-03-24,139.36648559570312,140.04177644999447,138.7905071224064,139.10829461923572,16664700
2017-03-27,139.3466339111328,139.67433142881353,137.80738293806678,138.08543941866614,12800500
2017-03-28,140.77662658691406,140.9653110097479,139.03876607567358,139.38634423909812,14679400
2017-03-29,141.66043090820312,141.86898080552473,140.44889283580227,141.00502084434697,16527600
2017-03-30,141.422119140625,141.95836654518095,140.86600623132537,141.412178811783,12404000
2017-03-31,141.0646209716797,141.64059940675793,140.90572723380828,141.32281193101508,11478300
2017-04-03,141.29302978515625,141.48171421615984,139.84316601007697,140.94545160668204,13564000
2017-04-04,140.746826171875,141.1043294870118,140.29002564044134,140.87592922129497,12948600
2017-04-05,140.86599731445312,142.44496390046683,140.30986928741632,141.27314164181345,17158100
2017-04-06,140.19070434570312,141.23342354454383,139.93251341624145,141.12418600651407,15103400
2017-04-07,139.80343627929688,140.56809918719009,139.2671888178413,140.2205210055272,11818300
2017-04-10,140.06161499023438,140.4489089987398,139.6544706295578,140.02189913295152,9039400
2017-04-11,138.94940185546875,140.0517026193762,137.8471010915613,139.82330232500027,16638100
2017-04-12,138.61175537109375,139.4260592691346,138.47272713713843,138.75078360504907,11612500
2017-04-13,138.42306518554688,139.6048127014305,138.36348382389565,138.65146545618995,10965600
2017-04-17,140.43899536132812,140.56809842575078,138.78058164234508,138.7905068192461,11519700
2017-04-18,139.982177734375,140.92558462513864,139.63459959691156,140.29002486318777,14807500
2017-04-19,141.28311157226562,142.0477593578922,140.2900483310381,140.3694952086894,15563900
2017-04-20,142.80247497558594,143.24935033425555,141.7001743426328,141.95836529025655,15968200
2017-04-21,142.6833038330078,143.1699102237719,141.28309633017236,142.90177893474345,12382000
2017-04-24,144.46090698242188,144.65951659467416,143.33874070143042,143.95445019823723,14407200
2017-04-25,145.47381591796875,146.12922603396532,144.77865964022018,144.77865964022018,17767500
2017-04-26,145.54331970214844,146.56617344208587,145.07657885154325,146.069641911905,12395000
2017-04-27,146.67543029785156,146.72508648799592,145.12625414417488,145.6525764232332,11275100
2017-04-28,149.20773315429688,150.47885273033117,148.03592595102236,148.46293581742017,30652200
2017-05-01,151.4024200439453,151.5116576005512,150.3696258445913,150.68741333760536,25218300
2017-05-02,151.72019958496094,152.37562495570396,150.60797361250664,152.27631257118807,21870400
2017-05-03,150.74697875976562,152.5344953365494,150.29016307511085,152.5344953365494,29782500
2017-05-04,149.8035888671875,150.468939388775,147.68835941515164,149.12829801577783,36225500
2017-05-05,149.1978302001953,150.57818753068395,148.75093960915552,150.39942826367945,17148500
2017-05-08,150.0121307373047,150.03199624494547,148.70129513892178,149.6645676947751,15827500
2017-05-09,149.43612670898438,151.53149039530075,149.16801058988136,150.43913010876204,17453900
2017-05-10,149.24745178222656,149.47586721322622,147.8273787736313,149.18787041864087,12080700
2017-05-11,148.99917602539062,149.6049451028661,148.37355659667585,149.26730729651976,11841900
2017-05-12,149.28717041015625,149.41627345584365,148.5920293044157,149.3566769442605,9598200
2017-05-15,149.14817810058594,150.42922307868798,148.73109333671684,149.12831259194172,15064700
2017-05-16,148.74098205566406,149.16800704565597,147.99618476997222,149.06869467972123,14550800
2017-05-17,143.84521484375,147.63870850063302,143.41818977556616,146.97335795526968,28300100
2017-05-18,146.63571166992188,147.12230292650415,143.50755358516884,143.7161035186623,23031600
2017-05-19,147.03292846679688,148.35370428275476,146.93363124295223,147.42022249155588,16187900
2017-05-22,147.211669921875,147.5592328927354,146.66548222144937,147.05277619939855,12586700
2017-05-23,147.04287719726562,147.77773427687745,146.22855808933218,147.48975261245104,12817800
2017-05-24,148.99917602539062,149.18786043274298,147.3904187044957,147.4797907438921,17862400
2017-05-25,150.9058837890625,151.53150327307716,148.90981714846654,149.25739531409565,19891400
2017-05-26,151.07469177246094,151.1938544935643,150.10147904031652,151.17398898906703,14996200
2017-05-30,151.32298278808594,151.83936476764012,150.58811052849208,150.91582321913762,13226000
2017-05-31,150.40936279296875,152.28625168293928,150.0419190955539,151.64075149463565,18023900
2017-06-01,150.47886657714844,151.2335891595732,149.257403075097,150.69734169497124,14530600
2017-06-02,152.54444885253906,152.56431436067737,150.25047513320916,150.7966629599408,16854400
2017-06-05,152.56430053710938,153.63681058525617,152.34582542621234,152.57422571380778,12520400
2017-06-06,151.74996948242188,153.4481140461935,151.42225684194173,152.34581340201132,13457100
2017-06-07,152.05784606933594,152.68348079078638,151.28325791560837,152.20681465455633,12066700
2017-06-08,153.6367950439453,153.65664539533412,152.03796288662605,153.01116045757777,17799400
2017-06-09,148.56227111816406,154.51071040217462,145.59300648850305,153.696406401045,35577700
2017-06-12,147.41030883789062,148.16503144045868,143.55721864211486,147.1421775219623,33170200
2017-06-13,149.63473510742188,150.13126663908113,147.86708406695013,149.10841289609826,20483400
2017-06-14,149.20773315429688,151.34281279216714,148.0160604458823,150.21072144623218,20808800
2017-06-15,148.76084899902344,148.99917443486981,145.35463483330165,146.6456198382485,18994200
2017-06-16,149.59503173828125,149.78371616053087,147.56918958731606,148.55231240417723,22882400
2017-06-19,151.80955505371094,152.50471136348983,150.65761334506806,150.65761334506806,19026500
2017-06-20,151.19384765625,152.77281425122555,151.1541318019916,151.81948221963026,14743900
2017-06-21,152.84234619140625,153.01116510097424,150.82642929964538,151.3030953474221,15039800
2017-06-22,152.33587646484375,153.47790814399355,151.84928523418765,151.94858245436978,13005500
2017-06-23,153.9943084716797,154.1233963759456,151.59108233706706,151.66060403031415,18027000
2017-06-26,152.52456665039062,155.4143840740322,152.13727262526947,155.16611828477656,18049700
2017-06-27,149.53546142578125,152.2465197724665,149.34677698958643,151.77977884701895,19360800
2017-06-28,152.17698669433594,152.40538695219828,148.82042874836606,149.87307315314158,16719100
2017-06-29,149.9922332763672,151.44211196642095,147.88694450321717,151.22363688774246,23973500
2017-06-30,149.93267822265625,150.8661600584235,149.0190618937829,150.8462945515296,17666000
2017-07-03,147.40032958984375,151.09452505614675,146.77471022178196,150.66751525180203,13862700
2017-07-05,149.297119140625,149.80359107488172,147.10245793531936,147.9664180778391,14334300
2017-07-06,147.7876739501953,148.99919712375873,146.9733548458803,147.99620873831557,14951800
2017-07-07,150.3894805908203,150.9356683347701,148.15508858161346,148.21466994405515,13615900
2017-07-10,152.4351806640625,152.91184669302274,150.45897970723553,150.63773893868301,13378700
2017-07-11,154.19290161132812,154.34185500532902,151.84927224376486,152.30607275399382,13667700
2017-07-12,157.79774475097656,158.05595089449335,155.11647699998665,155.40447382884113,22739400
2017-07-13,158.1552276611328,158.67162472839686,157.32105827374212,157.63884574680947,13929200
2017-07-14,158.8602752685547,159.2078533489815,158.22471561089745,159.01916897120336,16371200
2017-07-17,158.62196350097656,159.6646827785501,157.70834727435164,159.13836055183071,12858800
2017-07-18,161.7302703857422,162.59423050492242,158.31413061605534,158.55247123473407,23722900
2017-07-19,163.00135803222656,164.55053386702176,162.03808572288418,162.45517035894912,26273600
2017-07-20,163.38868713378906,163.85542805016732,161.68061721703077,163.6568184406949,18523100
2017-07-21,163.2893524169922,163.90506182096115,162.61407680656535,163.02123629970262,14744000
2017-07-24,164.8484649658203,165.01728386460124,163.17018600043292,163.49789862263336,17367000
2017-07-25,164.1334686279297,164.3916595799285,162.72332083850765,163.86533734700834,15383200
2017-07-26,164.46119689941406,164.85841611761248,162.96167692483195,164.85841611761248,35236900
2017-07-27,169.2576904296875,174.2726625076024,166.33808226281286,173.48813411158127,68910700
2017-07-28,171.25372314453125,172.22692070890795,167.87731477256483,167.8971802767594,24557600
2017-07-31,168.07594299316406,171.52187343545125,167.38080179866986,170.80686673455963,25478900
2017-08-01,168.68170166015625,169.28747076764537,167.87732295985475,168.64198580277002,14385000
2017-08-02,168.12559509277344,169.36692403593784,165.75217475956077,169.11865824730495,17433800
2017-08-03,167.42051696777344,168.5228176976883,167.0828791251181,168.12559848902808,10793800
2017-08-04,168.44337463378906,168.88032486495945,167.51983313394953,167.79788961688672,10777700
2017-08-07,170.78700256347656,170.86644943674585,168.48310385043376,168.77108550721096,12787800
2017-08-08,170.0421905517578,171.84957266909922,169.43642145399332,170.68769065921134,14393500
2017-08-09,169.99253845214844,170.260669738703,168.38378103870247,168.80086573282028,10815000
2017-08-10,166.23878479003906,169.40665903539033,165.69261211568985,168.88033671625692,20832700
2017-08-11,166.91404724121094,167.6489193883977,165.6925838741454,166.78494418959886,13791200
2017-08-14,169.5655517578125,169.89326445218367,168.11567272995305,168.91012636907018,12954200
2017-08-15,169.81381225585938,170.31034387064258,168.83067420352938,170.3004186934062,8729200
2017-08-16,168.82073974609375,170.19117177650332,168.06601718817015,170.062068714815,15779900
2017-08-17,165.75216674804688,168.68169988172968,165.6925853861254,168.16530282350945,17216000
2017-08-18,166.24868774414062,167.49994172385553,165.05701512256366,165.68263453595134,15093600
2017-08-21,166.6161346435547,166.83460974950958,164.6697393487908,166.00044033746792,11907500
2017-08-22,168.46322631835938,168.691626592116,165.99049370554346,167.11265987507312,11391000
2017-08-23,167.53968811035156,168.18517308668328,167.0332162138092,167.66877601385337,9856500
2017-08-24,166.576416015625,168.11565175525436,165.25564022537776,167.70850738541677,14030400
2017-08-25,165.16629028320312,167.21199819423111,165.02724687862553,166.69560105118407,12614500
2017-08-28,166.07989501953125,166.5366956058741,165.1762038708444,165.7521823451852,8553700
2017-08-29,166.88426208496094,167.26161577049203,163.85541650682242,164.1036822894085,11121000
2017-08-30,168.7412872314453,168.9994781932471,166.4671793040828,167.00342673334535,11138300
2017-08-31,170.77708435058594,170.9558284580244,168.88032995040797,169.21796781086434,17226500
2017-09-01,170.82672119140625,171.72047193323968,170.1216397128492,171.2040748708996,11677600
2017-09-05,169.53573608398438,171.19414966649737,168.37385405861684,170.0819238274325,13210900
2017-09-06,170.89620971679688,171.28350368449455,168.39370184226058,169.72440263866403,13906300
2017-09-07,172.00848388671875,172.10778111515418,169.088875648351,170.74728937734764,18049500
2017-09-08,169.76414489746094,172.28653382029586,169.6151914840004,171.88929946283218,10998500
2017-09-11,172.30638122558594,172.68375007048493,171.00547092714922,171.2040805260125,12372000
2017-09-12,171.7602081298828,172.79298713280784,170.5585950578146,172.5546465230831,11186300
2017-09-13,171.84959411621094,171.96875685426897,170.8664560684053,171.80986310156342,9119300
2017-09-14,169.77407836914062,171.08491381346752,169.31726266474533,171.06504830816147,15615700
2017-09-15,170.44935607910156,171.14449724380384,169.07892410230215,169.6946335507021,15660500
2017-09-18,168.83065795898438,170.87638074352748,168.16530747754663,170.7969338744533,12954000
2017-09-19,171.32325744628906,171.36297330466243,169.178237423544,169.4364283853233,13168600
2017-09-20,170.97567749023438,171.84957789468197,169.51587347505074,171.3033901419022,12264100
2017-09-21,169.92303466796875,171.07499154827082,168.830659151658,170.49901310811978,11161400
2017-09-22,169.35699462890625,170.5387422834842,168.04615905991395,169.02929710136482,12097100
2017-09-25,161.7401885986328,168.12559246187857,160.43927831102428,168.06601109800962,41251600
2017-09-26,163.0709228515625,164.35196777599606,161.65083452538778,163.35890452659424,23363300
2017-09-27,166.5167999267578,167.17222515668905,164.42145150129673,164.74914896332322,19242500
2017-09-28,167.55953979492188,167.89719277961456,166.0004385406916,166.7750265796235,12178700
2017-09-29,169.68467712402344,170.46920541278678,167.63896968213743,167.6588351857989,15340400
2017-10-02,168.29441833496094,170.67776390589935,167.57941163309107,170.2010978223,13392300
2017-10-03,168.78102111816406,169.54566884023728,168.02628341967764,168.12559579672308,8190300
2017-10-04,167.25169372558594,169.48608581069377,167.122590667283,168.65191640229273,12127900
2017-10-05,170.05213928222656,170.12164582320582,167.43045317201788,168.00641646450137,14580600
2017-10-06,171.0352783203125,171.17430656839463,168.5724857173106,169.0690173394529,13124500
2017-10-09,171.3034210205078,173.66691654787763,170.80688936537592,171.50203065197186,14570400
2017-10-10,170.39968872070312,171.99852087117313,169.61517556188588,171.79991128755583,11341100
2017-10-11,171.54173278808594,171.58144864651447,170.21101666014383,170.75720441941772,11283700
2017-10-12,171.3530731201172,172.6440584231856,171.09486696773757,171.41265449283765,10351000
2017-10-13,172.5347900390625,173.4384659521557,171.99852747447395,172.24679325176186,13658300
2017-10-16,173.30938720703125,173.78605328178057,172.8525714853964,173.27959652441825,11498800
2017-10-17,174.8883514404297,174.90821694619504,173.15049093301928,173.4980690956778,15990100
2017-10-18,174.80889892578125,175.51398040474353,174.53084246580923,175.42459320815635,12752400
2017-10-19,173.34910583496094,174.80890991807942,171.43250117585282,173.7165343616841,14048400
2017-10-20,173.7661895751953,174.65995552166484,173.41862655679728,174.28258666740382,12602200
2017-10-23,170.08192443847656,174.1236834486322,170.06205893329602,173.9846552182496,13852700
2017-10-24,170.60821533203125,172.038228383475,170.31029342082417,171.10474679973046,12267900
2017-10-25,169.41659545898438,171.0551437501308,167.71845064473627,170.70756555361245,15868200
2017-10-26,169.4463653564453,171.09483862273663,169.20802475210576,170.19116269794813,11833100
2017-10-27,176.64608764648438,176.9738003222873,172.69368518287942,172.94195098397785,30285300
2017-10-30,178.62225341796875,179.4365724264046,176.37793628625226,178.0164843260402,24353200
2017-10-31,178.81092834472656,179.54580044850854,177.69870259019334,179.3174001924039,20174200
2017-11-01,181.3928985595703,181.63122399133698,179.31740044225856,181.09497661692254,40918300
2017-11-02,177.67886352539062,180.67791859170026,176.1098218722337,179.3770082417449,35529900
2017-11-03,177.67886352539062,178.61234534525096,175.4842023686857,178.04629205548565,17822100
2017-11-06,178.920166015625,179.19822245446113,177.07306815596246,177.32133391584753,13312700
2017-11-07,178.99960327148438,179.49613476460917,177.71855868651542,179.24786901804677,12928200
2017-11-08,178.3144073486328,179.0989356812428,177.86753198538096,178.54280761821659,10494100
2017-11-09,178.0562286376953,178.15552586249888,175.8615523742399,177.07309064860945,12610300
2017-11-10,177.22203063964844,177.85759035708972,176.7254991368681,177.11279310291923,11070200
2017-11-13,177.52989196777344,177.798008090636,176.07008802042787,176.26869760686168,9523400
2017-11-14,176.8347625732422,177.7285133479721,175.9509218220224,176.89434393783202,9585900
2017-11-15,176.71559143066406,177.33130091177023,175.17634045731123,175.4345465843028,10253700
2017-11-16,178.34420776367188,178.58254837512075,177.26177256510624,177.51996352946998,15607600
2017-11-17,177.75830078125,178.73149840862558,177.65898840678804,178.056222751695,13018000
2017-11-20,177.5001220703125,178.25484464830473,176.86456222754487,177.62920998249183,10052400
2017-11-21,180.59844970703125,180.62824038676257,177.74836355784365,177.90724213209737,14504000
2017-11-22,179.61532592773438,180.46936083731828,179.18831604941295,180.04235095899685,10376300
2017-11-24,181.5120849609375,181.8795134848164,179.0393522131157,179.1485897679096,9426300
2017-11-27,181.76034545898438,182.4554866269967,180.7275664597862,181.29360457054588,12344500
2017-11-28,181.15457153320312,182.97187885113578,180.82685888705717,182.23700669132907,14379700
2017-11-29,173.91514587402344,180.7076938538972,172.79297972000433,180.62824698739723,41933500
2017-11-30,175.95094299316406,177.04331865188746,173.98468196040497,175.62324544849002,25307600
2017-12-01,173.88534545898438,176.24882520505278,171.144481753462,174.8088868185829,20182500
2017-12-04,170.28053283691406,175.34516076364028,169.6052420419783,175.0670891518852,24459400
2017-12-05,171.63108825683594,174.16340205764968,167.83758014332193,169.26759335568448,20184900
2017-12-06,174.83868408203125,175.5437655387127,170.7075380173633,171.30338192872622,20255800
2017-12-07,178.89039611816406,179.13866190688987,174.5805056625896,174.5805056625896,20404500
2017-12-08,177.75830078125,181.0155466447829,177.5001098217661,180.27074929514077,19883800
2017-12-11,177.7980194091797,178.969841803735,177.55969395146352,178.05622552562704,13168600
2017-12-12,175.73245239257812,177.9370385282187,175.37494907137742,177.36107526628345,16854100
2017-12-13,177.0631561279297,177.9171910114658,176.02043682840042,176.0700930146524,14615700
2017-12-14,177.15252685546875,179.10886238632793,176.4474453829856,177.0532144837025,13591000
2017-12-15,178.93011474609375,179.2379770573487,177.12274765572928,177.77817298481438,28463100
2017-12-18,179.56568908691406,180.04235516413516,178.50310422506925,179.75435836012767,17265400
2017-12-19,178.26475524902344,178.83080850093938,176.98371049128104,178.70170544637455,14920600
2017-12-20,176.65599060058594,178.5626698948132,176.12966838070267,178.5626698948132,11860500
2017-12-21,176.21902465820312,177.44048789386557,175.82180552312323,176.7056309786739,11600700
2017-12-22,175.9707794189453,176.2984920624017,175.00750699352696,175.91119805703332,8509500
2017-12-26,174.76919555664062,175.77218391942694,173.45834487772782,175.40475538955366,8897300
2017-12-27,176.38787841796875,177.2021975046837,175.03731187759257,175.3253086874568,9496100
2017-12-28,176.68582153320312,177.6987503478494,176.44748088477357,176.7156122201389,12220800
2017-12-29,175.2359161376953,177.60933627074954,175.2359161376953,176.76522659940787,10261500
2018-01-02,180.16152954101562,180.32042329467416,176.3183796861717,176.4474676021947,18151900
2018-01-03,183.38897705078125,183.49821460754387,180.07214964063118,180.61833742444432,16886600
2018-01-04,183.05133056640625,184.91829412009614,182.82293028684023,183.6173686771465,13880900
2018-01-05,185.55384826660156,185.6034892997764,183.64715375976655,184.3025790494323,13574500
2018-01-08,186.97393798828125,187.58963232302543,185.03746777985856,185.90142791447593,17994700
2018-01-09,186.5667724609375,187.4903290863987,185.80212473195056,187.3910167084553,12393100
2018-01-10,186.53697204589844,186.58662823227942,184.3423110455009,185.64322130280325,10529900
2018-01-11,186.4674530029297,187.09307241996643,186.08015901983472,187.09307241996643,9588600
2018-01-12,178.12571716308594,180.22108083685907,176.16938171232874,176.82480697209243,77551300
2018-01-16,177.15252685546875,180.48921949741197,176.8049487072274,180.24095372093686,36183800
2018-01-17,176.36801147460938,178.07608120774046,174.58049487564193,178.016484693658,27992400
2018-01-18,178.552734375,179.72454146747577,175.8516017430941,176.89432094671662,23304900
2018-01-19,180.03240966796875,181.1049196756431,178.92018380205798,179.59547461560447,26826500
2018-01-22,184.0841064453125,184.10397195061574,179.15852183596283,179.54581584820178,21059500
2018-01-23,188.0365447998047,188.23515443226177,184.26290117134542,184.75943282895997,25678800
2018-01-24,185.25595092773438,189.3374414607203,185.22616024269337,188.5727785211352,24334500
2018-01-25,186.17945861816406,187.31154990270963,185.30557342761614,186.6461994695323,17377700
2018-01-26,188.68199157714844,188.68199157714844,185.51411782040898,186.44759957162958,17759200
2018-01-29,184.6898651123047,187.5300260924177,184.3423021303279,187.4406540530185,20453200
2018-01-30,185.82196044921875,186.87460489956686,180.5785885491502,186.3184919939445,20858600
2018-01-31,185.5935821533203,188.5131904064215,183.93516841595468,187.06331145688196,43275100
2018-02-01,191.75054931640625,193.96509092767525,186.58662425462194,186.91433689422146,54211300
2018-02-02,188.96006774902344,192.86281407199328,188.66214575328692,190.70785355616638,26677500
2018-02-05,180.00262451171875,189.2877712006641,179.35713951321085,185.6332908601518,33128200
2018-02-06,184.02452087402344,184.48133656790674,176.5070410768507,177.33128526926728,37758500
2018-02-07,178.93011474609375,183.7961333721886,178.70171445975492,182.87257674430663,27601900
2018-02-08,170.3897705078125,180.57859257783755,170.2904581354756,179.75434837685123,38478300
2018-02-09,174.8883514404297,175.67286465933802,166.02028965737182,173.54771013067952,39887600
2018-02-12,175.18629455566406,176.3183860738455,170.6479881523856,175.8317796179908,32092100
2018-02-13,171.94886779785156,174.7493129822213,171.8992267657541,174.40173483989793,21809400
2018-02-14,178.2747039794922,178.56268563062287,172.00847782030428,172.24680328249755,28929700
2018-02-15,178.71163940429688,179.2478868027844,175.61327227578408,179.2478868027844,20922100
2018-02-16,176.1296844482422,178.632207879621,175.07703991244753,177.74838226438385,20645300
2018-02-20,174.7890625,176.71560768813669,173.89531160896115,174.55073701062597,21204900
2018-02-21,176.6758575439453,180.01255012425395,175.17632258385274,175.4841848694651,23200800
2018-02-22,177.74839782714844,178.95993621293516,176.17935606272067,177.4604009969678,18464200
2018-02-23,182.01852416992188,182.11783653849992,178.26474696235962,178.65204095511,19007300
2018-02-26,183.64715576171875,184.37210275043682,181.9490263098212,183.2995927610033,17599700
2018-02-27,180.2012481689453,183.4187631181771,180.2012481689453,183.1704973275047,15849800
2018-02-28,177.08302307128906,181.61138848014247,176.90426382991816,181.03541005141068,18783000
2018-03-01,174.71954345703125,178.87054039821555,173.2001579591392,177.76823962984855,23201600
2018-03-02,175.39480590820312,175.88141229900526,171.78999703516504,172.08790385306338,20025900
2018-03-05,179.14859008789062,179.89338746655915,174.66988063922287,174.97772779793522,16189300
2018-03-06,178.53289794921875,181.11486828795566,177.86754743450814,180.5190243165728,15086800
2018-03-07,182.43560791015625,182.54484544478456,176.83473327263027,177.50008365520694,19097300
2018-03-08,181.0751190185547,183.1208265462058,180.19129348030913,182.28665719272595,17225900
2018-03-09,183.94508361816406,184.22314008881534,181.93910695888587,182.634248135514,18526300
2018-03-12,183.47833251953125,184.80904858699967,182.94208511393975,183.9450733877962,15301200
2018-03-13,180.61831665039062,184.69980648844114,179.85365384100092,184.32243767158442,18067500
2018-03-14,182.9123077392578,182.97188910499779,180.58854355775105,181.33334093538332,16821700
2018-03-15,182.5845947265625,182.7236229640044,180.92618105388345,181.9689004111685,15614300
2018-03-16,183.80606079101562,184.04440140984713,182.13772191802008,183.21023197334935,24403400
2018-03-19,171.3629608154297,175.94098217106014,168.88030314215806,175.78208844326517,88140100
2018-03-20,166.9835662841797,169.0193488170456,160.82657764934302,166.30829060073853,129851800
2018-03-21,168.21495056152344,172.19712796367182,162.16720018316943,163.65679476815947,106598800
2018-03-22,163.74620056152344,169.0888857566469,162.58431836407127,164.97760446068423,73743000
2018-03-23,158.28433227539062,165.44432413670978,157.91690376486022,164.29236726490421,53609700
2018-03-26,158.94967651367188,159.9824706178094,147.98626661544586,159.70441416352784,126116600
2018-03-27,151.16409301757812,161.72036048569473,149.70428879027335,155.22571817790143,79117000
2018-03-28,151.96844482421875,154.7986807174794,149.75391835632328,150.59801289868955,60029200
2018-03-29,158.68154907226562,160.300246804713,153.07074851269897,154.07373680754304,59434300
2018-04-02,154.3120574951172,158.09562506463442,153.040938079451,156.7152681138904,36796000
2018-04-03,155.02708435058594,156.29820393261704,149.7638467812387,155.4640345480855,42543900
2018-04-04,154.0240936279297,154.48089417052745,149.46592246029974,150.97538262253934,49885600
2018-04-05,158.23468017578125,160.4492219312727,155.56333785263115,160.43928160179667,41449600
2018-04-06,156.10951232910156,160.3002397170231,155.72221833604436,156.63583454651416,41644800
2018-04-09,156.83447265625,159.41644318153854,154.95758370960976,156.725250244978,34915200
2018-04-10,163.89512634277344,164.82860807546894,155.92083091134143,156.83444713933653,57889300
2018-04-11,165.16629028320312,167.48011436692028,162.11757877193543,164.21294287703498,56144600
2018-04-12,162.73326110839844,166.28842916906106,161.96861335746112,165.82168825462307,38263000
2018-04-13,163.37875366210938,164.55056090556343,162.6339562996947,163.438335026632,19990600
2018-04-16,163.6865997314453,164.63000668700911,162.25658638059696,164.57042532288062,18119400
2018-04-17,167.49002075195312,167.82765855850135,164.51083154677264,164.67965045004675,22743000
2018-04-18,165.20596313476562,166.9537485792653,164.62005959491472,165.72236014336696,20969600
2018-04-19,166.9339141845703,167.16231445613354,164.05402208532334,165.04708519135187,22235000
2018-04-20,165.1265411376953,167.26162087187814,164.65980023996286,166.62606105519114,19119400
2018-04-23,164.68959045410156,167.281485902097,163.94479308574589,166.10967864929586,23088100
2018-04-24,158.58226013183594,164.94779869185714,157.09266537598995,164.28243303299078,35079900
2018-04-25,158.58226013183594,159.94275182656736,155.10653903486195,159.02913552800146,41083600
2018-04-26,172.95188903808594,175.047252977902,169.61519610911205,172.01840721376857,77556900
2018-04-27,172.3858184814453,175.87147963179962,171.40269571837328,175.58348284951006,29804700
2018-04-30,170.80686950683594,174.50106580375402,170.51888784763625,172.5844459582464,20750500
2018-05-01,172.65396118164062,172.8128549235581,169.0491370707119,170.80686310243846,26025900
2018-05-02,174.84864807128906,176.8446996844626,172.99160954957935,173.0412657410691,30424500
2018-05-03,172.81285095214844,174.89827444336046,170.92602190435747,173.9151516378394,24026100
2018-05-04,175.3848876953125,175.75231622060258,171.85951039845025,171.87937590474584,17677800
2018-05-07,176.7354278564453,178.25481307319058,175.94097440547554,176.1197336295899,18697200
2018-05-08,177.67886352539062,177.79802625883946,175.8814215821429,177.01351300873185,15577200
2018-05-09,181.3928985595703,181.74046153187652,177.5398091146551,178.4236346143152,23282800
2018-05-10,184.24301147460938,184.8388554467013,181.2340312367227,181.87951624570422,21071400
2018-05-11,185.69290161132812,187.0136775453443,182.9023811648013,183.5677468734466,21207800
2018-05-14,185.34530639648438,186.55684465620774,184.90835618439513,186.4078912443324,15646700
2018-05-15,183.04141235351562,184.0046696960543,181.92917128948,183.59752530906263,15429400
2018-05-16,181.9291534423828,183.04139439730852,181.39290604583692,182.42568498297499,16975500
2018-05-17,182.4852752685547,182.78319723806908,180.95596471602732,181.41276527006735,14840700
2018-05-18,181.41275024414062,182.91228514374905,181.34324371034413,182.217144041086,13130500
2018-05-21,183.21022033691406,184.01459903908622,181.85965388853225,182.49521367877423,13532900
2018-05-22,182.52499389648438,184.13375120860323,182.1575502594038,183.6471448529775,12731400
2018-05-23,185.60348510742188,185.61342543618474,180.91622611928628,181.23401358089419,16628100
2018-05-24,184.6402130126953,185.50418820481875,183.74646229305336,184.59057198055757,12354700
2018-05-25,183.63723754882812,185.0374602397614,183.17049665185036,184.7296130849338,10965100
2018-05-29,184.45152282714844,185.5140923331493,182.43560619581,183.0612255674036,16398900
2018-05-30,186.36813354492188,186.69584615706088,183.96492287550814,185.24596749301608,13736900
2018-05-31,190.44967651367188,191.38315843059434,186.17950133676243,186.5667954136831,30782600
2018-06-01,192.64434814453125,193.20046114820673,190.73766849495416,191.73073175950117,17307200
2018-06-04,191.93923950195312,192.6343806585542,190.14179767097724,190.50922617812193,18939800
2018-06-05,191.60159301757812,193.64730053724477,191.28380555866988,192.95215941205805,15544300
2018-06-06,190.0126953125,191.1944428595249,187.7981687794442,189.70484816722947,22558900
2018-06-07,186.8746337890625,189.64528872260226,185.4744261327083,189.42681359691304,21503200
2018-06-08,187.78823852539062,188.16559219990202,185.1367467102137,186.22912218286862,12677100
2018-06-11,190.21128845214844,191.26394800544065,187.49030541416633,187.50023058953096,12928900
2018-06-12,191.06533813476562,191.93923852888557,190.23116875107328,190.83693786009906,11562700
2018-06-13,191.07528686523438,193.1507852395862,190.5787552836416,191.40299952743857,15853800
2018-06-14,195.4447479248047,195.91148879795227,191.57180786351674,191.7604922785688,19120900
2018-06-15,194.49142456054688,195.7029628193445,193.2898114782196,194.4318280429011,21860900
2018-06-18,196.93434143066406,198.19553581365187,192.78334493566004,193.44869539597664,16826000
2018-06-19,196.12005615234375,196.58679706698288,192.44571020255623,194.878727156589,19994000
2018-06-20,200.5987548828125,202.13800578502625,197.43088103222226,197.71887782933467,28230900
2018-06-21,200.1022491455078,201.97913812194597,198.70202629641855,201.35350341215226,19045700
2018-06-22,200.34056091308594,200.8370924771239,197.92740963233234,199.76458248044904,17420200
2018-06-25,194.9879608154297,198.61263534937925,191.7704306677108,198.61263534937925,25275100
2018-06-26,197.61956787109375,197.71888024778335,194.868778688557,196.22928551508667,17897600
2018-06-27,194.48150634765625,199.35745061969354,194.44179048431707,197.79833401889405,18734400
2018-06-28,194.86875915527344,195.97105975309407,191.91936066794094,193.82603991631777,18172400
2018-06-29,192.97203063964844,196.2292764253612,192.61452731424384,195.95121996703992,15811600
2018-07-02,195.99093627929688,196.08030832262045,190.88659249262903,192.0286090096052,13961600
2018-07-03,191.39305114746094,194.0445278632857,191.1845163776106,193.2004333018475,13489500
2018-07-05,197.07337951660156,197.27198911644638,192.6840422023842,193.3891237077156,19684200
2018-07-06,201.82020568847656,202.22736518835117,196.32856806333498,197.07336537400994,19740100
2018-07-09,203.31976318359375,204.3724077415996,200.71792731913249,203.50843246141565,18149400
2018-07-10,202.1280517578125,203.48855847550138,200.85693223316977,203.08139897776456,13190100
2018-07-11,201.13499450683594,203.0814048588404,200.35048132161882,200.8172221929428,12927400
2018-07-12,205.48460388183594,205.643497606073,201.78048295907954,202.01880839249557,15454700
2018-07-13,205.88185119628906,206.98413670133957,205.0178759867671,206.36844242220712,11486800
2018-07-16,205.79246520996094,207.27213470731385,205.40517120098139,206.0605964940054,11078200
2018-07-17,208.53334045410156,209.00008135608186,203.41905603853525,203.4786374042448,15349900
2018-07-18,207.90769958496094,209.52639735201208,206.99408331456465,208.36451529662958,15334900
2018-07-19,206.64649963378906,208.5333286410416,206.3187869880093,207.32179043044025,11350400
2018-07-20,208.4836883544922,210.03286450509455,207.0536749376464,207.40125311502538,16163900
2018-07-23,209.44696044921875,210.15202682648393,207.35159651810747,209.1192477790895,16732000
2018-07-24,213.18087768554688,214.70026318613102,211.12524471832091,213.6178279228546,28468700
2018-07-25,215.9912109375,217.10343669200765,212.78362156502132,214.22355994068343,58954200
2018-07-26,175.03729248046875,178.88045689209585,172.54470961249203,173.67680091404776,169803700
2018-07-27,173.6768035888672,178.68183490626512,171.79991495072542,178.62225354520353,60073700
2018-07-30,169.8733673095703,174.08396020571564,165.40458346879407,174.08396020571564,65280800
2018-07-31,171.38282775878906,173.03131610438982,168.82072320010525,169.4860736437764,40356500
2018-08-01,170.45928955078125,173.86550415299672,169.7144921624389,172.72347239910673,34042100
2018-08-02,175.14654541015625,175.56363012074144,169.08886920067656,169.49601358173788,32400000
2018-08-03,176.54678344726562,177.6093683986265,174.9280855001409,176.45741139143414,24763400
2018-08-06,184.40188598632812,184.50118320269152,177.1425972866821,177.72850086792843,49716200
2018-08-07,182.53494262695312,186.9938018074944,182.4455705765114,185.20628503395105,33398600
2018-08-08,183.89544677734375,185.55387575220104,182.48529876984057,183.4684368499688,22205200
2018-08-09,181.81993103027344,185.27580175054516,181.214161894215,184.56079506034698,19732100
2018-08-10,179.0095672607422,180.83681506787494,178.17539780812575,180.77721854730927,21500400
2018-08-13,178.801025390625,181.34326466147064,177.65899366229235,178.8506815793249,17423300
2018-08-14,179.85365295410156,180.72755330338038,177.3809204583139,179.45643378785113,19102000
2018-08-15,178.2846221923828,179.6153231474566,173.56757233346266,178.09593777355548,33020200
2018-08-16,173.4881134033203,179.24788217699165,172.80289746803487,179.16843531390668,31351800
2018-08-17,172.59437561035156,174.99758657475485,170.84657479773762,173.2895167731226,24893200
2018-08-20,171.3034210205078,173.35906934616682,169.72445399389483,172.8327318510189,21518000
2018-08-21,171.42254638671875,172.96179721255226,170.20108302428272,171.61123079899346,19578500
2018-08-22,172.4355010986328,173.03134510626717,170.93598105510787,171.01542793298862,16894100
2018-08-23,171.7006072998047,174.33223365823537,171.63110076096905,171.88929171697956,18053600
2018-08-24,173.4384765625,173.60731063597208,171.72048152139024,172.4950695816798,14631600
2018-08-27,176.22900390625,177.43060190465033,174.57057501103293,174.76919977537796,17921900
2018-08-28,175.03729248046875,177.0035682828603,174.6102826308102,176.864540058211,15910700
2018-08-29,174.6798095703125,175.56363520587774,173.53779295965174,175.07704393923842,18494100
2018-08-30,176.40773010253906,178.5428097260263,174.48118524632577,174.67979483756682,24216500
2018-08-31,174.51100158691406,176.38789053305382,173.76620414554205,175.92114959089196,18065200
2018-09-04,169.97268676757812,172.6837448345659,167.6290572049937,172.29645082499624,29809000
2018-09-05,166.02029418945312,169.9429058498989,165.51383742566972,168.3142828503275,31226700
2018-09-06,161.40255737304688,165.82168549181256,158.89010874081802,165.82168549181256,41514800
2018-09-07,161.9090118408203,163.48799379024945,159.0490002280922,159.19795364174527,24300600
2018-09-10,163.0410919189453,163.8653361074386,161.03511537402179,162.37574146260647,20197700
2018-09-11,164.78890991210938,166.03023891270928,162.58430839480857,162.80278351114953,20457100
2018-09-12,160.87620544433594,163.34893776085312,160.67759587560968,162.1175341900484,24078100
2018-09-13,160.24066162109375,162.18707195465765,159.74413007357586,160.87622139579904,25453800
2018-09-14,161.1940155029297,161.710397423513,159.22773958360546,160.5981715601755,21770400
2018-09-17,159.466064453125,160.93579350647497,158.66168581685196,160.79676528727887,21005300
2018-09-18,159.1880340576172,160.6378978445802,157.76794580148945,158.28434290853062,22465200
2018-09-19,161.92886352539062,162.3062323450229,158.3736958778921,158.96953978752828,19629000
2018-09-20,164.8683319091797,165.29534174754156,163.32908115010815,163.358871829392,18936000
2018-09-21,161.7997589111328,166.089798651967,161.68059619153405,165.4840295724401,45994800
2018-09-24,164.2625732421875,164.55055487781118,159.76399855022814,159.91295195607822,19222800
2018-09-25,163.7660369873047,164.44131261170682,160.03211008974893,160.86629459739999,27622800
2018-09-26,165.79190063476562,168.12560525008192,163.07091712484342,163.16028917744478,25252200
2018-09-27,167.6687774658203,170.57846035500611,166.05009484635943,166.38773267835091,27266900
2018-09-28,163.31915283203125,167.6191024239515,161.43232398036858,167.1623019150956,34265600
2018-10-01,161.31320190429688,164.7293420178259,160.14137935235698,161.89910560379525,26407700
2018-10-02,158.22474670410156,161.1542798400418,157.56932141657936,160.4591386955215,36031000
2018-10-03,161.30320739746094,162.52468573382254,158.42333090894996,158.89007170682382,23109500
2018-10-04,157.74806213378906,160.33995714563227,156.25846764773982,160.33995714563227,25739600
2018-10-05,156.23863220214844,159.78385988144515,155.1164659578363,158.1055958327686,25744000
2018-10-08,156.1591796875,157.24161487978859,153.3190184842043,154.4610350407743,24046000
2018-10-09,156.80465698242188,159.47599913828736,156.32799093860217,156.59612221766216,18844400
2018-10-10,150.3298797607422,156.59610478173025,150.2603580782695,155.73214483232692,30610000
2018-10-11,152.2862548828125,153.73611873677723,148.12531745630287,149.08859001745896,35338900
2018-10-12,152.67352294921875,155.80166558133405,150.25044661629414,155.64277185227078,25293500
2018-10-15,152.45504760742188,154.49082994296967,151.49177521186425,152.25643802289184,15433500
2018-10-16,157.67857360839844,158.35386446360545,153.93472110336418,154.32201514506139,19180100
2018-10-17,158.31411743164062,159.37670222103174,156.85431346380702,158.45314565938952,17592000
2018-10-18,153.84535217285156,157.55941406947483,152.2167290987112,157.41044549475907,21675100
2018-10-19,152.9813690185547,156.25848018130944,152.4848374833779,154.77881075142426,19761300
2018-10-22,153.706298828125,156.24853783086309,153.3885265292526,153.6864333241518,15424700
2018-10-23,153.31903076171875,153.69639963630817,149.80359361113565,150.1710221555881,19095000
2018-10-24,145.02694702148438,153.57722201311554,144.5900119300226,153.20979346802224,27744600
2018-10-25,149.9028778076172,151.15414706069078,145.9802814389943,146.7052132876706,22105700
2018-10-26,144.36154174804688,147.96636474479604,142.80244095207505,144.80843215318242,31303300
2018-10-29,141.10435485839844,147.79760668024653,138.06558370981685,147.46989398636813,31336800
2018-10-30,145.2056884765625,145.6227731624568,138.7706437967156,138.9692533871976,50528300
2018-10-31,150.73703002929688,155.31505118466853,147.92667500067535,153.92476900962825,60101300
2018-11-01,150.6973419189453,151.6904051276369,148.31399627926237,150.46894162377004,25640800
2018-11-02,149.3070526123047,153.0608301560605,147.92669542190708,150.74699116800932,24708700
2018-11-05,147.64862060546875,149.1481556470227,146.41723200788547,149.05878360099314,15971200
2018-11-06,148.89988708496094,149.92274088940104,146.97334220189796,148.27425246853886,16667100
2018-11-07,150.47886657714844,151.9485958810038,148.79066215547027,150.51859759108459,21877400
2018-11-08,146.84425354003906,149.89296489983917,145.72210240507616,149.4460894812828,24145800
2018-11-09,143.95443725585938,146.73500188328592,143.0706116807972,145.73201358217426,17326900
2018-11-12,140.56808471679688,144.0338652349862,139.51544025615692,143.4777523239266,18542100
2018-11-13,141.17385864257812,143.87499157692912,140.6375960650406,141.0149649045714,15141700
2018-11-14,143.2195587158203,144.57012511173735,140.56808210861098,142.70316167101495,22068400
2018-11-15,142.85214233398438,143.8352651693663,139.853087333122,141.34268208049227,30320300
2018-11-16,138.56210327148438,140.78657023334137,136.81431754263056,140.09142904305526,37250600
2018-11-19,130.637451171875,136.79443923574522,130.29981336146517,136.65541101069763,44362700
2018-11-20,131.5113525390625,133.22936278826987,125.97006563121647,126.14881731059673,41939500
2018-11-21,133.88478088378906,136.23833569555546,133.19956488721374,133.4676810270502,25469700
2018-11-23,130.8162078857422,133.56699712512034,130.3494669809507,132.72288736464,11886100
2018-11-26,135.43394470214844,136.0496389491821,131.85891163208893,132.0773867170892,24263600
2018-11-27,134.0635223388672,135.66235458176686,132.78247757047865,134.80831968519422,20750300
2018-11-28,135.81130981445312,135.84110049647117,130.93538130456,135.33464374922332,29847500
2018-11-29,137.71798706054688,139.01891248426867,134.71894732970262,134.97713828744196,24238700
2018-11-30,139.63461303710938,139.99211638467614,136.40715773236062,137.30090852480677,25732600
2018-12-03,140.11126708984375,142.68329684446113,139.78355445329146,142.0080212197644,24819200
2018-12-04,136.9731903076172,142.39532166709137,136.2085426072989,139.75377010342598,30307400
2018-12-06,138.66143798828125,138.7309445420366,132.74277385833133,132.8917424499967,28218100
2018-12-07,136.4667205810547,139.89278502447317,135.71199812879553,138.2840277551847,21195500
2018-12-10,140.86599731445312,142.0576699236533,138.0456867840542,138.63160548985056,26422200
2018-12-11,141.09442138671875,142.88193817873068,140.12122369276744,142.88193817873068,20300300
2018-12-12,143.49761962890625,146.16896182363112,141.52141858172638,142.08747182876053,23696900
2018-12-13,144.00405883789062,144.8382432663789,142.1966920741999,144.5601868411957,18148600
2018-12-14,143.06068420410156,144.99715444108023,141.52143319160083,142.34567747768756,21785800
2018-12-17,139.217529296875,143.9147138842566,137.45980322964053,142.0874812741174,24334000
2018-12-18,142.66346740722656,144.91771003155802,138.86003341400857,140.1013624528026,24709100
2018-12-19,132.31573486328125,143.9047795939674,131.58086270331356,140.23044910001016,57404900
2018-12-20,132.474609375,134.62956960236468,129.09820094979673,129.79334207816916,40297900
2018-12-21,124.08323669433594,133.96421193716105,122.5638512976946,132.46469204620433,56901500
2018-12-24,123.19940948486328,128.84001594286272,122.16662292047397,122.24606978922786,22066000
2018-12-26,133.2492218017578,133.3088183262092,125.01673399123808,125.1259715566513,39723400
2018-12-27,133.58685302734375,134.05359389857932,128.77049091052587,131.52127995213837,31202500
2018-12-28,132.27598571777344,134.97711823177687,131.28292273918214,134.40113988584127,22627600
2018-12-31,130.18064880371094,133.70602612801716,129.04855738311358,133.517341699094,24625300
2019-01-02,134.73880004882812,136.55610741995005,127.66819531541115,128.09522034668402,28146200
2019-01-03,130.8261260986328,136.21845095741136,130.21041672981713,133.7556589409655,22717900
2019-01-04,136.9930419921875,137.04269817428778,132.8221802957318,133.08037122853827,29002100
2019-01-07,137.0923614501953,137.90666529760657,134.96720706161565,136.6057550851361,20089300
2019-01-08,141.54129028320312,142.14705941392765,138.57202599441553,138.91960415987464,26263800
2019-01-09,143.22950744628906,143.69624838322724,140.29004872955338,141.9583877061424,22205900
2019-01-10,143.19969177246094,143.5571950840508,139.8629992486024,142.08746598215473,16125000
2019-01-11,142.80247497558594,144.35165096720868,141.58101162110495,142.15697487711634,12908000
2019-01-14,144.38143920898438,145.5532615116634,140.2900242076038,141.01495600622104,20520300
2019-01-15,147.91676330566406,149.63475843015624,144.97730466573054,144.99715501997423,24069000
2019-01-16,146.5165252685547,148.61188904658937,145.98027785393614,147.9664040832414,18025700
2019-01-17,147.27125549316406,147.966396607713,145.48373894650976,145.93061429493838,15787900
2019-01-18,148.99917602539062,151.37259615131458,147.51952175225043,148.71119440302223,31029600
2019-01-22,146.54635620117188,150.4788783230586,145.3546681371401,148.1650390512821,22378700
2019-01-23,143.29901123046875,147.76779526996606,142.06760750674863,147.25139820480075,20098400
2019-01-24,144.8184051513672,145.42417429642154,141.5313684547223,143.63665754438068,20955500
2019-01-25,147.97633361816406,148.79065266957753,145.52346644048444,146.4569482202253,22237200
2019-01-28,146.44703674316406,147.92670642105566,145.19578251985507,147.0230152388613,15508500
2019-01-29,143.1897735595703,147.07265399174207,142.43503589121408,147.06271366266958,17632100
2019-01-30,149.37655639648438,149.90287865090156,144.68929714160828,145.20569421963796,44613200
2019-01-31,165.53369140625,170.4890666025974,163.85541233423493,164.4512562584447,77233600
2019-02-01,164.56051635742188,167.9270001387855,164.51086016477612,164.6896042747698,30806500
2019-02-04,168.07594299316406,168.12559918268684,162.484992448202,164.55056567822874,20036000
2019-02-05,169.97268676757812,170.7869906441095,167.5198196559899,167.97662020423076,22557000
2019-02-06,169.30731201171875,171.27357245880265,168.09577397034926,170.01237823811047,13281200
2019-02-07,165.22586059570312,168.06602196294438,164.10369432715694,167.03322774597922,17517600
2019-02-08,166.1692657470703,166.20898160745864,163.07091343675992,163.32910441163853,12561400
2019-02-11,164.63992309570312,167.13252115057335,163.93485678714177,166.73528682263577,12811200
2019-02-12,163.89512634277344,167.17223758308776,163.35887893938468,165.7025084470035,16292300
2019-02-13,162.931884765625,165.06696456175467,162.59423176497805,164.23279511932705,14205100
2019-02-14,162.81268310546875,163.72629928800146,161.12447896050742,162.057960646752,12755200
2019-02-15,161.3727569580078,163.55749279085117,159.74413404774924,163.36880837362978,15504400
2019-02-19,161.1642303466797,163.0113286226846,159.21783483610247,159.38665377252397,14345400
2019-02-20,161.4323272705078,162.58428404726115,160.13141709716552,161.1244801489309,11770700
2019-02-21,158.92982482910156,161.11457594978071,158.48294942821414,160.80671363518204,15607800
2019-02-22,160.7670135498047,161.28341069744735,159.19797175142585,159.46610307944417,15858500
2019-02-25,163.47804260253906,164.91799621927018,161.76997285904065,161.93880692055532,18737100
2019-02-26,162.99147033691406,165.0868343268106,162.66375765759085,163.2000051264293,13784100
2019-02-27,161.6805877685547,162.7928135013732,159.29724258310384,161.76995980359777,12697500
2019-02-28,160.33004760742188,162.36583015989265,159.74414396709827,161.24366391596246,11114200
2019-03-01,161.15428161621094,161.9983913278936,160.56837801315342,161.47206908746014,11097800
2019-03-04,166.208984375,166.33808744105988,162.69354728383865,162.76305382891104,18894700
2019-03-05,170.07199096679688,170.68770042869457,165.39467197873768,166.20897588868576,28187900
2019-03-06,171.3133087158203,172.36596832285446,170.08192017840042,171.70060271596694,21531700
2019-03-07,167.956787109375,170.54868271756052,166.44732677339292,170.3103420898974,18306500
2019-03-08,168.4235076904297,168.4433580422972,164.81868379128719,165.04708406128657,13184800
2019-03-11,170.8763885498047,173.09091519700462,170.38978213684817,170.40964764325946,18884000
2019-03-12,170.72740173339844,172.59436516003404,170.0322606127171,170.89622063749675,12155300
2019-03-13,172.1673583984375,172.82278373291857,170.92602942537857,171.12465418342126,11973300
2019-03-14,168.98956298828125,169.96276068181822,166.99351141060052,168.58240343942427,18037400
2019-03-15,164.82859802246094,166.41750493689884,161.38266808471346,166.00042028127024,37135400
2019-03-18,159.35684204101562,162.76304131114932,158.17509448919265,162.43534381210173,37524200
2019-03-19,160.44920349121094,162.6835953429783,159.70440620728849,160.3598163009062,25611500
2019-03-20,164.29237365722656,164.96764934100926,160.12151136396588,160.37970233371666,20211500
2019-03-21,164.92791748046875,165.23576460955843,162.61407869503546,163.7461699955581,16223000
2019-03-22,163.1999969482422,166.25863331571065,162.95173115691787,164.50090727031096,16389200
2019-03-25,165.136474609375,165.38474041200396,160.8762401035568,161.8693033140726,12631200
2019-03-26,166.5167999267578,168.27452571505012,165.19603944469216,166.18910246473135,15437900
2019-03-27,164.71937561035156,167.76808667594995,163.64686561754857,166.6856515069607,10620300
2019-03-28,164.401611328125,165.56349342223425,162.19700987173064,163.42841366136489,10443000
2019-03-29,165.53369140625,166.03022295877798,163.66672791980383,165.23576944414512,13455500
2019-04-01,167.52975463867188,167.728364243139,166.11960674813125,166.665794525122,10381500
2019-04-02,172.99159240722656,173.6867335603725,168.37385496216956,168.95975856603962,23946500
2019-04-03,172.33616638183594,176.72551868655825,171.7502627804468,173.28951363992826,27391100
2019-04-04,174.79898071289062,176.76524151614555,174.3123743120851,174.79898071289062,17847700
2019-04-05,174.50103759765625,175.7721570693122,173.88534336533712,175.65299435413797,9594100
2019-04-08,173.71652221679688,174.2825754617936,173.0213810717539,173.99459382775456,7297400
2019-04-09,176.34815979003906,177.94699210206062,174.33224276439555,174.4017493068618,19751000
2019-04-10,176.58648681640625,177.54974407779716,175.3153521141725,176.94397498376352,11701500
2019-04-11,176.27862548828125,177.1624510414762,175.77216876216067,177.0035724616547,8071000
2019-04-12,177.8576202392578,178.38394250839818,176.71558849922496,176.7652446884336,12329800
2019-04-15,178.40380859375,179.24791842590784,175.64309394324846,177.2617919059532,10834800
2019-04-16,177.62921142578125,178.92019662865758,177.06317327592333,177.7583144919515,11215200
2019-04-17,177.53982543945312,179.4862358445103,177.12274074257104,178.35414448070443,9973700
2019-04-18,177.04330444335938,177.6391484190153,176.1098226195379,177.55970154539838,11655600
2019-04-22,180.181396484375,180.40979678649038,177.01352232792067,177.01352232792067,13389900
2019-04-23,182.50514221191406,182.94209241691908,180.22109396489566,181.47236321612658,19954800
2019-04-24,181.3134765625,183.85571586957178,180.3899199289335,183.21023086609895,37289900
2019-04-25,191.91937255859375,197.1031632421695,190.78728121120022,195.61356856649695,54148800
2019-04-26,190.16165161132812,191.56185901556145,187.77829116557683,191.16463985107282,22075000
2019-04-29,193.42884826660156,194.0544829295468,189.32749241474613,189.62541440438395,19641300
2019-04-30,192.0583953857422,196.02072256661867,190.94616957480432,192.8429237118389,23494700
2019-05-01,191.6909637451172,194.8191063635022,191.67109824083647,193.42882412265106,15996600
2019-05-02,191.19444274902344,192.65424675886453,188.43372846646673,191.66118363124153,13209500
2019-05-03,194.1140594482422,194.79927546141104,192.3662737205346,193.03162422743932,14575400
2019-05-06,192.5350799560547,192.93229913751748,189.22817799273233,189.91339396075503,13994900
2019-05-07,188.45359802246094,191.56187537473048,186.5469185947955,191.2043720349844,16253000
2019-05-08,188.2251739501953,189.39699629173043,187.24205117571614,188.07622054586224,12505700
2019-05-09,187.34132385253906,188.45356468663718,184.9679039524611,185.90138557183658,12967000
2019-05-10,187.0335235595703,188.68201214448618,183.30953647777125,186.9441515063133,12578500
2019-05-13,180.2806854248047,184.1437006402044,179.58554422015857,182.22709595075565,16833300
2019-05-14,179.47628784179688,182.21715166546596,176.86454222158576,181.25387925684896,17628100
2019-05-15,184.97789001464844,185.9808784106095,178.77124489694884,179.16846412330474,16746900
2019-05-16,185.69290161132812,187.27186853394844,183.76635649182998,183.76635649182998,12953100
2019-05-17,184.0146026611328,186.2787854054957,183.00167401667332,183.5577869499637,10485400
2019-05-20,181.45249938964844,182.95201928620904,180.11185808033548,180.61832998306934,10352000
2019-05-21,183.53794860839844,184.4118339237832,182.614391949291,183.28968280743672,7502800
2019-05-22,184.03445434570312,185.44460207862736,182.33630983849153,183.44853562154393,9213800
2019-05-23,179.61532592773438,182.6243060405023,178.4236531860441,181.15457683084898,12768800
2019-05-24,179.80401611328125,182.35619574746875,179.5756158257631,181.06521058886167,8807700
2019-05-28,183.0314483642578,183.4286826761154,180.19128743446944,180.28065947228504,14843300
2019-05-29,180.92617797851562,183.2797327983987,180.0920085680433,182.22708828238248,12797700
2019-05-30,181.74049377441406,182.20723469834743,179.63520460463263,181.81001547297282,8581500
2019-05-31,176.23890686035156,179.28760265096253,175.93105972855378,179.02941170398958,15226500
2019-06-03,163.01133728027344,173.83573651777107,159.89311907376765,173.78608032137623,56059600
2019-06-04,166.3380889892578,167.11267708694257,159.72428432169525,162.57438606091483,46044300
2019-06-05,167.00341796875,167.5496056986477,163.48798129866876,166.31820201241834,19758300
2019-06-06,167.16232299804688,168.52281467388545,166.06994746441947,167.13253231557897,12446400
2019-06-07,172.14749145507812,172.6638733479888,167.66876725401505,168.98954297241914,16917300
2019-06-10,173.60731506347656,176.6262205096806,172.5943863615185,173.5377933663984,14767900
2019-06-11,176.86456298828125,178.73151151091156,175.5636374604023,177.2419167024295,15266600
2019-06-12,173.8257598876953,178.0264277478102,171.68075508903763,177.14260218714344,17699800
2019-06-13,176.23890686035156,176.79501976333336,173.3987458318887,174.3123620514931,12253600
2019-06-14,180.0721435546875,180.57860030822917,178.75136774135675,179.25782449489844,16773700
2019-06-17,187.69886779785156,188.1854742152614,183.13078622264982,183.72661504396743,29459900
2019-06-18,187.16262817382812,193.18058892326965,185.9808805056353,192.65426662359522,37571400
2019-06-19,186.17945861816406,186.79516802059396,183.2697911199585,185.7027925912343,21417100
2019-06-20,188.2152557373047,189.83395350466373,186.33836700856963,189.62540357794163,14635700
2019-06-21,189.81410217285156,190.66813714325673,187.4406816968214,187.4406816968214,22751200
2019-06-24,191.2639617919922,192.63437858512927,190.24110799694424,191.085202551967,15509000
2019-06-25,187.530029296875,191.80020359210184,186.82496299231366,191.54201264511238,16750300
2019-06-26,186.35824584960938,189.43673271254946,186.01066766451422,188.22519438265587,12808600
2019-06-27,188.1854705810547,197.50040795796585,186.9640071256477,188.56283943432734,11159000
2019-06-28,191.6611785888672,191.85978817857844,188.62240792275767,189.2281770207883,16378900
2019-07-01,191.6611785888672,193.92536124804448,190.59859379685432,193.85585471046872,14181800
2019-07-02,193.64730834960938,193.64730834960938,191.37320047269503,191.66118211012622,9050000
2019-07-03,195.83204650878906,196.03065610450858,192.81314125620622,192.81314125620622,10246100
2019-07-05,195.03758239746094,195.70294799410155,192.8230559770318,194.81910730813357,11164100
2019-07-08,194.4020538330078,195.31567019275556,192.29676461936918,193.8360156674102,9723900
2019-07-09,197.82809448242188,198.07636024194088,193.53805488452244,193.61750174592126,14698600
2019-07-10,201.3236846923828,201.55210012306995,198.2849139301433,198.61262658235708,20571700
2019-07-11,199.83409118652344,202.38627072676124,198.82117769502122,201.85000814613915,13678500
2019-07-12,203.4488525390625,203.87587759376112,197.7784701637469,198.29485211662364,15366300
2019-07-15,202.49549865722656,203.90564642903183,200.4200004323615,202.83313647168552,16030300
2019-07-16,202.42599487304688,204.04469270457696,201.69113781809776,202.4756510626103,12132700
2019-07-17,200.400146484375,202.94238572116157,200.19159655580592,202.76362647482506,12083700
2019-07-18,199.38723754882812,201.06551686096802,197.99695506400712,198.76160285418737,11937900
2019-07-19,196.9840087890625,200.9264707418014,196.69602714029972,200.77750217621409,12098300
2019-07-22,200.9165496826172,201.16481547740912,197.43088822585602,198.5232637841171,13589000
2019-07-23,200.95628356933594,202.82324736258906,199.56600105496207,201.43294969527227,14583700
2019-07-24,203.24029541015625,203.38924881231455,195.85190360429974,196.25906310745273,32532500
2019-07-25,199.31771850585938,207.21256779511856,196.88470158053417,205.26615728544672,39889900
2019-07-26,198.3643798828125,201.47267263680138,194.88865858323882,198.80133012780112,24434000
2019-07-29,194.5807647705078,198.24516962968698,193.9452050627463,197.6195350967719,16530800
2019-07-30,195.67315673828125,197.33158553616275,192.15771984865424,194.03460859919787,11903600
2019-07-31,192.88262939453125,197.3812037389929,191.34337865690586,195.58376206685807,14593500
2019-08-01,191.39305114746094,197.09323891944084,189.5558934646079,192.82306446676884,17777000
2019-08-02,187.70880126953125,191.28381952564587,186.7653943055402,189.7743744444367,15297000
2019-08-05,180.46932983398438,184.38200037193397,178.09590993471718,183.4088029012517,23086700
2019-08-06,183.23007202148438,184.50119161121094,181.81992420016087,182.41576813725678,18035700
2019-08-07,183.86563110351562,185.0771693254237,179.96290030478437,182.3263953857101,15833200
2019-08-08,188.8408966064453,189.01964070416588,182.7732800135528,185.3254444885259,14828900
2019-08-09,186.5469207763672,189.65519816498647,185.82197375902513,188.6820005104404,11058800
2019-08-12,184.0841064453125,186.28870779280828,183.18043051871544,185.55385077893683,10930900
2019-08-13,187.1427459716797,190.05242885559556,184.0841096777259,184.23307824070483,13577000
2019-08-14,178.46340942382812,184.69984563472454,178.06617501848694,184.51116118630537,18903700
2019-08-15,181.3234100341797,181.92917920560348,178.78117061080846,179.69478695652361,12925900
2019-08-16,182.42572021484375,183.81601788877398,181.09501906576412,182.4753764090811,12654600
2019-08-19,184.8785400390625,186.19931566990036,183.56770473627472,184.71964631965213,9691200
2019-08-20,182.53494262695312,184.70975343868577,181.12479471475274,184.1635656533056,10083400
2019-08-21,182.27674865722656,184.6104380248602,181.86958911909363,183.71668722924588,8398200
2019-08-22,180.77720642089844,182.8328543836781,178.66199224743258,182.15756357237575,10821400
2019-08-23,176.51699829101562,181.85968359456032,175.43456295086006,179.5855601942206,17323400
2019-08-26,179.1088409423828,179.247869154446,177.00355225887208,178.15549380756477,8773600
2019-08-27,180.04234313964844,182.76332633696146,179.75434635487537,180.6679625889237,14399600
2019-08-28,180.4991455078125,180.6878299232763,177.67884991072336,179.27768212473174,9386100
2019-08-29,184.28273010253906,184.7891868377205,182.19729149331533,182.49521345933883,10128700
2019-08-30,184.3820343017578,185.50420051664787,182.18737321329252,185.48433501071017,10774500
2019-09-03,181.12478637695312,184.3820322797158,180.84672990863982,182.72361864622525,9779400
2019-09-04,185.8418426513672,186.4476117964774,182.61438732066918,183.3691098814042,11308000
2019-09-05,189.57577514648438,190.03259092512315,186.636316306964,187.22222000872029,13876700
2019-09-06,186.18939208984375,188.89052473120373,185.05730084698988,188.89052473120373,15226800
2019-09-09,187.45062255859375,187.66909769625306,184.56081987945177,186.4277685745267,14722400
2019-09-10,184.8785400390625,186.79515954121968,183.26978280061508,186.13973431335623,15455900
2019-09-11,187.18246459960938,188.1258714909659,184.7891789503919,185.1665477681105,11761700
2019-09-12,186.16954040527344,189.6055302426007,185.93119980642481,188.54296060606552,11419800
2019-09-13,185.8914794921875,186.66606747869594,185.2459794014705,186.03050771661364,11441100
2019-09-16,184.92822265625,186.48732393614006,184.48134726534857,185.6332890133977,8444800
2019-09-17,186.7753143310547,187.01365493606576,184.25292550841158,185.36516651218918,9671100
2019-09-18,186.83489990234375,187.7683816851536,184.71967054993166,186.78524371439704,9681900
2019-09-19,188.82102966308594,189.7743769691644,186.84482850888054,187.35130042111714,10392700
2019-09-20,188.6124725341797,191.76049598296788,186.81503069786078,189.33741952737788,19934200
2019-09-23,185.52407836914062,188.7813245243926,183.92524597593308,188.02658677794543,13327600
2019-09-24,180.02247619628906,186.7355772465352,179.13865065008108,186.6759958854556,18546600
2019-09-25,181.5319366455078,182.1476309149545,176.6361277117034,180.19129540719746,18068300
2019-09-26,178.86058044433594,180.14162506787224,176.43750426046725,180.0721185362703,16083300
2019-09-27,175.8715057373047,179.50610567682574,174.44149224827362,179.23798951233928,14656200
2019-09-30,176.84469604492188,177.43059969479307,175.62323255471168,176.63614610613385,10740000
2019-10-01,174.59042358398438,178.59246671970473,173.6668821617138,177.90725074682496,17073000
2019-10-02,173.38882446289062,175.30542898509952,171.88928947413478,173.62714991057808,16151700
2019-10-03,178.1356658935547,178.59246643946403,172.4255529991042,174.35209786100668,16086300
2019-10-04,179.19825744628906,179.7245797477846,176.86456793943626,178.30450659735692,10430200
2019-10-07,178.43357849121094,179.92317320763422,176.85461172850813,178.75136597079293,9178300
2019-10-08,176.51699829101562,179.11881923966854,176.48720760480535,177.0234551095337,9466900
2019-10-09,178.6024169921875,179.46637710021028,176.7056627028364,177.9172009811592,7556900
2019-10-10,178.78114318847656,180.3501846566273,177.92710834259552,179.0691399642757,8605000
2019-10-11,182.9123077392578,185.19635606125178,180.87652520980797,180.8864503864508,14930500
2019-10-14,182.00860595703125,183.33930689041946,181.30353963315056,182.92222220172795,7006000
2019-10-15,187.57969665527344,189.05936619482304,182.38598065521973,182.5250088892556,15039100
2019-10-16,188.23512268066406,188.38407609164543,185.6034962474449,187.01365925179357,10516900
2019-10-17,189.0692901611328,189.51616554246363,187.46053272716543,188.97991811545484,9603000
2019-10-18,184.56077575683594,190.1616508089563,182.6441561715627,188.91038165551106,16874200
2019-10-21,188.4436492919922,188.5926178494608,185.45453480191676,185.74251643498474,8122600
2019-10-22,181.0751190185547,189.3274708184191,180.24094966507485,188.68198587528497,19537600
2019-10-23,184.8587188720703,185.08713433085762,180.73751242466307,180.7474376021545,12300400
2019-10-24,185.0871124267578,185.43467543313807,181.5319445759519,183.33931160677582,11413500
2019-10-25,186.58663940429688,187.68894013501702,183.80605948281945,184.54093168761338,8061200
2019-10-28,188.0861358642578,188.21523890987382,183.79611136196027,185.90140018187873,13657900
2019-10-29,187.99676513671875,191.19442939658495,187.16259580447706,190.36026006434327,13574900
2019-10-30,186.9441375732422,189.1288734678127,184.68987998491397,188.24504787238885,28734600
2019-10-31,190.320556640625,196.71588608726947,186.9441478143187,195.3355288423279,42286500
2019-11-01,192.27688598632812,192.76349239433242,188.5926301139604,191.51223825610325,21711800
2019-11-04,193.36924743652344,196.00085858207677,192.46555638165782,193.20042852840683,16371300
2019-11-05,192.97203063964844,194.3921036122936,192.25702398883925,194.01473478188305,9942000
2019-11-06,190.22125244140625,193.02168268945965,190.02264283883264,192.68404484979035,10973000
2019-11-07,189.0990753173828,192.09813014811667,188.15566839482025,190.57874480422507,13473000
2019-11-08,189.5161590576172,191.0057537130431,188.3840677256111,188.68198968728436,10760800
2019-11-11,188.2947235107422,188.76146445065638,187.2321385594227,188.61249587133372,8631200
2019-11-12,193.12098693847656,193.70689054493673,188.42380260473226,188.68199356191622,17615500
2019-11-13,191.84988403320312,194.34246723613828,191.40300861913119,193.34940402578198,10860700
2019-11-14,191.81015014648438,192.68405060745135,190.1219457447506,191.59167503124263,9040500
2019-11-15,193.74664306640625,193.9452526826709,192.03857309123393,192.91245843338686,11524300
2019-11-18,196.03065490722656,197.2521334616759,191.71083940318275,193.21035926758856,16167200
2019-11-19,197.93736267089844,198.61263836793736,195.49442055167842,196.03066800797748,19056800
2019-11-20,196.13990783691406,198.20548111821734,194.07433455561076,197.20249273790157,12355400
2019-11-21,196.5569610595703,197.70891782751542,195.49439148183473,196.05050436210075,12131000
2019-11-22,197.4408416748047,197.91750778965437,196.24915365826658,197.00389142246638,9959800
2019-11-25,198.40406799316406,199.5758903183576,197.86782059210273,198.1359518691035,15272300
2019-11-26,197.5897674560547,198.76157464797828,196.66621088774468,198.61262124322207,11735500
2019-11-27,200.5987548828125,201.73084625969688,198.0366501555603,198.51331622136922,12736600
2019-11-29,200.2412567138672,202.3862767947864,199.81424682477365,200.20154085441672,7985200
2019-12-02,198.31468200683594,200.77747405291038,196.67613408547905,200.72783302427587,11503400
2019-12-03,197.4408416748047,197.55006408494668,193.72677968287178,196.22930330348217,11595300
2019-12-04,197.33155822753906,198.64239352681165,196.67613300143324,198.61260284861947,8456300
2019-12-05,197.97706604003906,199.89367060595066,196.83504950265495,198.47359760463056,9740400
2019-12-06,199.6553497314453,200.17174681328623,198.67221175594955,199.109161967281,12270600
2019-12-09,199.94332885742188,201.73084553899562,198.82117781385858,199.2581128667402,11954800
2019-12-10,199.4766082763672,200.648430779723,198.76160153095,200.26113672203388,9475700
2019-12-11,200.85696411132812,201.22440781164835,198.8907031522265,198.8907031522265,8036800
2019-12-12,195.3851776123047,202.24724771559778,192.75356628759758,200.94633739459383,23734800
2019-12-13,192.7634735107422,195.43481559887462,191.8299917985981,195.03758127831333,18798000
2019-12-16,196.5470428466797,197.73871551131217,193.45861606378233,193.91543174757714,14911500
2019-12-17,197.01377868652344,197.61954775561048,194.76946163943256,197.46065403025725,10175700
2019-12-18,201.0952911376953,202.88280786728532,198.70200527065927,198.70200527065927,23274400
2019-12-19,204.63059997558594,204.86894059795554,201.10522259519556,201.37335390124366,16514600
2019-12-20,204.86892700195312,206.26914965368377,202.01882551134253,206.04073422338502,27306900
2019-12-23,204.74974060058594,207.14302628393207,204.2532090556398,205.2661376501532,13348900
2019-12-24,203.6970977783203,205.35551133334658,203.5779350555214,204.8689201132908,6046300
2019-12-26,206.34860229492188,206.37840813258669,203.8858097225655,204.1440158607498,9350700
2019-12-27,206.65646362304688,207.48069276696006,205.15692845222566,207.22250178297034,10284200
2019-12-30,202.9920654296875,206.45784652314256,202.4855934671672,206.41813065987768,10524300
2019-12-31,203.82620239257812,204.1340495307956,202.18765432977014,202.58487351077193,8953500
2020-01-02,208.3247833251953,208.33470850149027,204.8391371751135,205.31580323726652,12077100
2020-01-03,207.2224884033203,208.940483432474,205.51441855073767,205.77262467099823,11188400
2020-01-06,211.12521362304688,211.30395770128737,205.08738837112787,205.2661324493684,17058900
2020-01-07,211.58201599121094,213.09147610558128,210.2811057895453,211.3436905514798,14912400
2020-01-08,213.72703552246094,214.73996409850793,211.1351402989765,211.52243429085627,13475000
2020-01-09,216.7856903076172,216.86513717856823,214.77969848669196,216.03095261005296,12642800
2020-01-10,216.5473175048828,218.35469945623274,215.91175778469207,217.6794087300019,12119400
2020-01-13,220.3706512451172,220.43023261072588,217.6893837221355,218.0766777515335,14463400
2020-01-14,217.5404052734375,220.83738211480784,217.113395404011,220.0727192673675,13288900
2020-01-15,219.61590576171875,220.1422280098775,218.6129174526304,219.07965833729054,10036500
2020-01-16,220.23162841796875,221.0856633695372,218.86119636353655,221.02608200246482,10015300
2020-01-17,220.59902954101562,220.7479829401893,219.00019739381185,220.4897919973083,15905900
2020-01-21,219.90391540527344,220.82745689934762,217.6000015291001,220.61892211491747,14275800
2020-01-22,219.7847442626953,221.20481729786243,219.74501325093416,220.7678670861368,12212800
2020-01-23,218.23556518554688,219.95357544590289,217.74897391139712,219.21870321675362,11195000
2020-01-24,216.42819213867188,220.2415511178351,214.61088469869372,219.26835344306713,11905800
2020-01-27,213.37948608398438,214.5612337228181,211.02593113625323,211.62177512063826,13810700
2020-01-28,216.2792205810547,217.22264271252638,212.03885176597643,214.64067241586744,13413800
2020-01-29,221.6814727783203,222.6447452028053,216.9346323466857,219.90389648692644,33181300
2020-01-30,208.07650756835938,209.96332137394765,203.32966722105067,205.09731830504728,48775500
2020-01-31,200.50938415527344,207.24235109674964,199.66527441700927,206.98414497999343,31359900
2020-02-03,202.77357482910156,203.71698182733147,201.09529561652263,202.02877743792925,15495600
2020-02-04,208.3744354248047,209.1390982668606,203.77654834930945,205.18669615551534,19628900
2020-02-05,208.65249633789062,211.25431690809782,207.2622140071557,211.03584180570505,12538200
2020-02-06,209.3873748779297,209.72501271809213,207.88783979748473,209.01000602542967,10567500
2020-02-07,210.85708618164062,211.34369254725343,208.47372569124286,208.84116933586483,12242500
2020-02-10,211.58201599121094,212.3168881205752,209.19867067625984,210.05270552548964,11856400
2020-02-11,205.75277709960938,209.39731740712023,205.07748621038232,208.731966848272,25030800
2020-02-12,209.29798889160156,209.7548046184871,205.9612960241213,206.40818657433556,13813700
2020-02-13,211.6614990234375,212.84324670717064,207.72896191355557,208.06661493243828,15396600
2020-02-14,212.69424438476562,213.4390416989109,211.1748590761445,212.51550030278202,10741700
2020-02-18,216.2891387939453,216.46788287240472,211.91965221201255,212.0686207636686,15609200
2020-02-19,215.9813232421875,216.80556752577257,214.61089116189638,216.47785484774897,12135100
2020-02-20,213.0914764404297,217.25241314892705,211.47277877932567,215.01802123029682,13109200
2020-02-21,208.7220001220703,212.75384913384843,207.38137399647866,211.99911146175108,14092300
2020-02-24,199.32763671875,202.23730447540046,196.79532265517247,200.40014673931017,23080100
2020-02-25,195.40504455566406,202.08835545897765,194.5907254813855,200.8470264942419,21433500
2020-02-26,195.83204650878906,199.8142393641403,194.13391703950523,195.8221213325324,16524500
2020-02-27,188.43374633789062,194.52122873650944,188.18548053243885,190.4893944804435,21682600
2020-02-28,191.13487243652344,191.4030037393074,180.55875557704405,181.43264087587727,32568900
2020-03-02,195.07733154296875,195.20643460401246,187.53998571923182,192.68404566651745,24949000
2020-03-03,184.60052490234375,195.8717987268272,182.6938453017058,194.85886998016431,27984100
2020-03-04,190.42979431152344,190.4993160091307,185.09704976149453,187.85776425300918,23062500
2020-03-05,183.885498046875,187.6790064786015,182.61437845213564,185.4843302930154,19333400
2020-03-06,179.8337860107422,182.50512806827697,175.0372896096009,177.0929374184928,24559600
2020-03-09,168.32420349121094,173.78605080213518,164.04410375021178,168.42351586713144,29949000
2020-03-10,176.95391845703125,177.05321567652598,168.3241975841464,173.45833205788816,24517800
2020-03-11,169.05908203125,174.65995778726648,166.49697719617606,172.80291932773585,20373900
2020-03-12,153.3984832763672,165.4443454920333,153.2693802033798,158.43330613461868,43266300
2020-03-13,169.09878540039062,169.60524213215632,156.5067524209944,162.39560939830452,35028600
2020-03-16,144.9971466064453,158.02614557592676,142.1073443256875,151.26338787753699,39120400
2020-03-17,148.3834991455078,152.87214898033153,139.02884576991374,149.69434982189327,34255600
2020-03-18,145.94056701660156,147.1520901174455,136.14896376320456,138.78057504637806,37553100
2020-03-19,152.06776428222656,158.8205815476249,143.79554646387842,145.60291350871776,39862300
2020-03-20,148.6913299560547,158.16516017587122,146.97333507936904,154.93770518257426,32568400
2020-03-23,147.0726776123047,151.2534655292916,141.263251371694,148.6218539023494,29830800
2020-03-24,159.86331176757812,160.19102444618358,151.51166166344214,154.13334793934374,30440400
2020-03-25,155.1263885498047,161.85935493992162,151.99823079323116,157.8175809789628,35184300
2020-03-26,162.20693969726562,162.86236504696558,155.93078814327822,157.15225163830672,26556800
2020-03-27,155.70236206054688,158.9794734322402,153.6765199351577,157.1025847157249,24879900
2020-03-30,164.79881286621094,165.59326635005255,156.96354587711465,158.07577166272898,22515200
2020-03-31,165.64292907714844,169.74426940008115,163.06095894090598,164.33207850408797,23676300
2020-04-01,158.4928741455078,163.0112990518757,156.94368300719125,160.49885066352596,19507600
2020-04-02,157.09266662597656,160.2307499066345,154.83840896803554,157.99635775508642,20886300
2020-04-03,153.11045837402344,156.81459457188794,149.78370614837337,156.0598569333392,25983300
2020-04-06,164.401611328125,165.0470963294274,157.41043810424367,159.03906110191917,28453600
2020-04-07,167.65887451171875,172.18724062057575,164.85842880322176,170.59833331963438,31411900
2020-04-08,173.071044921875,173.78605160356497,166.57641857495588,170.06206478348858,21664200
2020-04-09,173.9747314453125,175.8516201470857,170.37984777861084,174.67979777903207,23534300
2020-04-13,173.57749938964844,173.78604931612182,168.27454586436517,172.46527352296636,19355400
2020-04-14,176.93406677246094,179.97283770987997,175.39481579712452,177.73844553201988,21011800
2020-04-15,175.7423858642578,176.9539241125753,171.62117987646607,173.97473467958628,17423000
2020-04-16,175.0273895263672,176.81490632233124,171.31332769213867,176.71559394085583,23593200
2020-04-17,177.99664306640625,179.02942206702005,175.4345383411281,177.95691205507052,20974800
2020-04-20,177.0035858154297,179.24790313648407,175.54378173554545,176.17934156160146,16110700
2020-04-21,169.61517333984375,174.16340396391308,167.17223154982912,174.03430091743022,24850500
2020-04-22,181.01551818847656,183.49817563033403,176.90423807087814,177.2120851691983,33242000
2020-04-23,183.84579467773438,185.7524741993656,181.87951863575748,182.8030752893421,21426600
2020-04-24,188.7515411376953,189.0891790094536,179.5756311584818,181.95897692176027,28792000
2020-04-27,186.1993408203125,192.4059855143229,186.1099687734246,191.32355031639338,29197800
2020-04-28,181.6411895751953,187.88755029925795,181.29361140162203,187.35130285028313,21731000
2020-04-29,192.84292602539062,195.5440588725942,188.68198920734758,189.60553061795113,45954500
2020-04-30,203.2899627685547,208.2354129802487,200.17174510415327,205.48462382999278,46230100
2020-05-01,200.86688232421875,205.8421231201503,197.66921785286402,200.20153184952505,30415600
2020-05-04,203.83612060546875,204.48162069372177,197.38121064057825,198.81122388803976,19250700
2020-05-05,205.6335906982422,208.9206272515868,205.06753743771432,205.5839345108894,21071200
2020-05-06,207.0238800048828,210.13217257206165,205.226438093887,206.67630183463817,21857000
2020-05-07,209.7945098876953,210.1321628657145,207.58990854263362,209.69521266717027,15152000
2020-05-08,210.876953125,211.73098798812205,209.38735849068996,210.767715579033,12506000
2020-05-11,211.70118713378906,213.5085692726715,208.91068221102137,209.42707927255074,12911900
2020-05-12,208.642578125,213.78663807334254,208.54326574680115,211.81043690954013,14704600
2020-05-13,203.67726135253906,209.31785286047747,200.70799703194544,207.97721152556448,20684600
2020-05-14,205.37539672851562,205.49455946285534,199.29785483012236,201.15487815397768,17178900
2020-05-15,209.4171600341797,209.87396059341705,202.70404350277974,203.8460752067552,19383200
2020-05-18,211.71112060546875,213.15105904194039,209.47672867382445,210.6783265158623,20151900
2020-05-19,215.3755340576172,218.96049252265828,211.35362539582684,211.7905755925761,31843200
2020-05-20,228.37472534179688,229.7352169578622,221.64175864692064,221.94960578752458,50162900
2020-05-21,229.78488159179688,235.55457606680287,229.59619716889247,233.0917836984901,47782600
2020-05-22,233.28045654296875,234.35296650971358,227.15325903208213,229.90403290997045,33925600
2020-05-26,230.58926391601562,239.2289104221864,230.0629416507242,238.106759349573,33178300
2020-05-27,227.5504913330078,228.96063919848814,219.5960608954578,227.48098479150323,34697600
2020-05-28,223.89601135253906,230.02320881081164,222.44613257116544,222.74405452930415,29377200
2020-05-29,223.52857971191406,225.91194035211126,221.33391864671273,223.63781726400154,23241500
2020-06-01,230.30126953125,230.82759176743917,221.94960513746992,223.03204029092007,18223800
2020-06-02,231.1056365966797,231.3836930413182,224.98836450875305,229.33798556164643,20919000
2020-06-03,228.5634307861328,231.03614846747342,226.9447329138443,230.49990100433388,15380300
2020-06-04,224.72023010253906,230.02319828654856,223.0518914579982,227.96755050708978,17041500
2020-06-05,229.169189453125,229.74516790371774,223.7470579375046,225.1373554519171,16750400
2020-06-08,229.7947998046875,229.9437683643857,225.83248765553066,227.4412450602746,15466500
2020-06-09,237.01438903808594,238.10676460503242,228.81169256800067,229.9139933117588,27462900
2020-06-10,235.0878143310547,239.53674775716414,233.64787592231463,239.28848199176275,20720700
2020-06-11,222.87313842773438,231.27445870119334,221.99925322660053,228.3449256634376,26708200
2020-06-12,226.99436950683594,230.05300573100092,222.9426701639008,228.3052049440834,22091400
2020-06-15,230.88717651367188,232.14837092497856,223.24059348337713,223.52857512227231,15340300
2020-06-16,234.01531982421875,236.80583993965254,231.38370859875684,235.49498933855702,15236700
2020-06-17,233.8961639404297,235.94187161749386,230.122520916719,233.36984167994,19578100
2020-06-18,234.30331420898438,234.50192380176196,230.53959651055766,233.35990727858544,15782500
2020-06-19,237.133544921875,239.15940225061397,233.9160299866115,236.14048176349664,30081300
2020-06-22,237.56056213378906,239.0302913169497,235.2665887379737,236.90513683414446,18917800
2020-06-23,240.55960083007812,243.48913382308788,238.19610590108232,239.60625362629182,24017900
2020-06-24,232.3966522216797,241.53283054911833,231.0659360293835,239.52683866029304,20834900
2020-06-25,234.0451202392578,235.65389287595707,231.1255272528302,232.99247570529567,18704300
2020-06-26,214.58108520507812,231.47308376893918,213.9057943900482,231.02620838632845,76343900
2020-06-29,219.10943603515625,219.21867357941082,205.67329385654466,208.29497976571423,58514300
2020-06-30,225.49485778808594,225.92186767115152,216.95450859736263,219.0597976361702,33927100
2020-07-01,235.90213012695312,237.34206851623358,225.98142482052594,226.91490651029025,43399700
2020-07-02,231.80081176757812,238.33516948257852,230.99643299504513,237.34210627640113,30633600
2020-07-06,238.6132049560547,238.7323676813612,230.65877483009118,232.1384291791159,26206200
2020-07-07,239.18919372558594,245.9320859260207,237.16335154307643,237.74925517175492,27887800
2020-07-08,241.89028930664062,245.27663780062107,234.94877342567273,236.45823344065343,29791300
2020-07-09,242.80397033691406,244.81988756960268,237.58046297409146,243.30050197359486,22174900
2020-07-10,243.36997985839844,243.7870645397628,237.65986706465105,241.9995479389582,22982700
2020-07-13,237.3420867919922,248.41473457069335,236.76610836134074,245.29651696540154,24674900
2020-07-14,238.06704711914062,238.66289112641192,230.42046317485273,235.11764807373862,23378100
2020-07-15,238.6132049560547,243.12172000073272,236.3986784441116,239.87439935966435,19133600
2020-07-16,239.2586669921875,240.08291112009255,234.69058617558863,236.34899960657617,18880700
2020-07-17,240.35108947753906,242.46631898114825,236.2100176761906,239.32823557507598,18152400
2020-07-20,243.71755981445312,244.34319445651906,234.00540328579996,238.39474065095692,20872200
2020-07-21,240.072998046875,245.1972071434436,238.41458453228765,244.51199119817755,19364200
2020-07-22,238.2060546875,240.22197168454048,236.46819416226228,238.59334871272105,15427900
2020-07-23,230.98648071289062,240.73835237368777,230.14237102551525,237.96771302086844,21771800
2020-07-24,229.10960388183594,231.87031820103158,225.32602058690804,228.59320680579518,18325800
2020-07-27,231.8802490234375,233.320187582074,229.2287721912869,229.85440683416718,13163100
2020-07-28,228.52369689941406,233.3301342650416,228.23571524102175,233.00242159332097,14170100
2020-07-29,231.6716766357422,232.07883613062532,228.71235293376256,229.53659709915772,13588300
2020-07-30,232.8733367919922,233.2606308611362,227.4114888075318,228.62302720904756,20615300
2020-07-31,251.9103240966797,254.07520961445857,247.27272106612182,254.04541893258948,53005100
2020-08-03,250.2122039794922,253.62832856946062,248.5935061569881,250.89740484105712,23124900
2020-08-04,248.09695434570312,251.0463529441859,245.7135938307086,249.81494925379172,17183500
2020-08-05,247.39187622070312,250.52003409766883,246.05125011880963,248.4544610179766,13050100
2020-08-06,263.4397888183594,264.750639437822,246.94500944110115,247.31243795431067,45241600
2020-08-07,266.57781982421875,276.9553397391015,261.60256476360286,262.2480496177526,72766400
2020-08-10,261.17559814453125,271.96024898116696,257.8885616722018,266.1806447086891,30248800
2020-08-11,254.353271484375,264.0753682859589,253.3602083264652,258.3851054810181,28238300
2020-08-12,258.08721923828125,262.06938221107424,256.3195375825832,257.17358772555446,21415700
2020-08-13,259.48736572265625,263.32060489725797,257.7693860228514,259.73563148791175,17374000
2020-08-14,259.42779541015625,260.82801802252544,256.8855562901596,260.4903802041066,14792700
2020-08-17,259.348388671875,262.26799690122925,257.6005877438578,260.67908972174854,13351100
2020-08-18,260.5201721191406,263.31067702818365,257.46155108105154,259.1398301580622,18690400
2020-08-19,260.7684326171875,266.05153551827203,259.5370440860627,259.5767750952255,23291500
2020-08-20,267.1439208984375,267.7596151868681,259.6462761227217,259.68600713336025,20299700
2020-08-21,265.1578369140625,268.61367774342654,264.57193321374945,266.8261759562304,15538600
2020-08-24,269.5074157714844,275.32675113135093,266.9055649296417,269.1896282983901,23685600
2020-08-25,278.8720397949219,281.12628254844435,268.38529389866375,270.52037390657426,42127200
2020-08-26,301.80181884765625,302.5565565227695,282.02992833374987,282.02992833374987,69015200
2020-08-27,291.1859436035156,299.14038819176636,289.9942558421575,298.07780347357453,30301300
2020-08-28,291.6228942871094,295.1681365929453,288.96149262861576,292.95359511635615,17157400
2020-08-31,291.1661071777344,294.8205720387154,289.52752885103376,291.9109044877328,17345100
2020-09-01,293.39056396484375,299.3985835826731,290.6794907984133,292.66561699351473,17295900
2020-09-02,300.4015808105469,301.4939562564885,291.0171226099811,296.8066973205317,24341400
2020-09-03,289.10052490234375,295.5355847022256,281.66249197918575,293.9367373517291,32294100
2020-09-04,280.76873779296875,286.9952324448915,269.2591402392374,285.25737204081344,30333700
2020-09-08,269.2790222167969,277.3625409438043,267.55110193854256,269.3981849524166,24864000
2020-09-09,271.8212585449219,276.5482490440014,269.4677036252001,273.85702596930236,22918800
2020-09-10,266.2303161621094,277.22353332836695,265.17767156883707,273.5988586209002,24814700
2020-09-11,264.76055908203125,269.5074301618983,260.8181273628567,268.1866391651495,18913900
2020-09-14,264.3038024902344,274.72105755889703,263.8569421697352,269.070524716776,24093800
2020-09-15,270.5302734375,272.6156817829718,267.43189098943856,268.7924129456855,18478500
2020-09-16,261.6919860839844,270.5501225712264,259.974006258438,265.43585349381885,29183400
2020-09-17,253.0523681640625,259.6860229687823,248.45448076695496,256.48835829972296,31281400
2020-09-18,250.7782440185547,257.4019887739225,248.31545157119356,256.60752004517167,28130800
2020-09-21,246.42860412597656,248.21612075050732,242.43650134295507,245.82283502413392,24709400
2020-09-22,252.9828338623047,253.54888712316094,246.49813279732368,251.55282052218462,30293100
2020-09-23,247.29258728027344,256.20034970229335,246.42861204477177,253.4892915738525,19641300
2020-09-24,247.79905700683594,250.490264923574,243.91617629067426,244.79007674829106,20006800
2020-09-25,253.0523681640625,253.97590965302513,244.8993127450523,247.66995236488185,18351300
2020-09-28,255.03846740722656,257.7991815566143,253.0523412477856,257.6005568183182,18826300
2020-09-29,259.9739685058594,261.50326368945184,255.11787594040175,256.0215668975486,20200200
2020-09-30,260.08319091796875,264.2341869411325,258.29568965901973,260.16265292842894,20142500
2020-10-01,264.7804260253906,266.46861515536716,262.9631035342646,263.5093064368688,20009800
2020-10-02,258.1368408203125,263.31069140999944,257.38210311911837,259.39802012625506,16367600
2020-10-05,262.8141174316406,263.032592504327,259.03054981829627,260.3811312601421,12822300
2020-10-06,256.8657531738281,263.8469868616389,256.44865325915,259.9641057769694,18696900
2020-10-07,256.3294677734375,258.3751755364846,253.05237134297118,257.4119030223598,23133400
2020-10-08,261.93035888671875,262.7843786904496,257.3523217834048,257.9481657635735,16312800
2020-10-09,262.6155700683594,262.91347690000043,260.3513872302378,262.6850614584868,14107800
2020-10-12,273.8371887207031,278.23645160516094,266.0118455322542,268.32569985520615,31019300
2020-10-13,274.2244873046875,277.16394589864916,271.49356349761814,275.6544704349761,18063300
2020-10-14,269.9344177246094,276.8163376987398,269.6166302608354,275.6941715525807,15577800
2020-10-15,264.86981201171875,267.1737258577717,261.8409814415914,265.743712457179,15416100
2020-10-16,264.0852355957031,269.4875007254265,263.4596010584705,265.5251890641235,16622700
2020-10-19,259.58673095703125,266.687127228219,258.077285706983,263.68808708326907,13587000
2020-10-20,265.7040100097656,267.82917998568837,261.05648111113385,261.2352252289536,18763200
2020-10-21,276.7964782714844,281.08648766825246,274.45283368534405,277.6207072786257,28998600
2020-10-22,276.19073486328125,280.49071552993775,273.1321135138718,277.9285954791895,16720000
2020-10-23,282.814453125,283.2613133434085,274.89973888289836,276.8659844556583,17535200
2020-10-26,275.1877136230469,283.25141181911437,272.3575079038966,281.19576383511253,21322900
2020-10-27,281.32489013671875,282.5364284862138,274.39329790031104,276.82631492945694,16287200
2020-10-28,265.813232421875,276.8560900388456,265.4060728848971,276.8560900388456,23121800
2020-10-29,278.8818664550781,281.63267033617734,271.8807844901979,274.6315580654197,32368100
2020-10-30,261.2848205566406,274.7805749026662,257.3026580900136,272.59582393637925,47247800
2020-11-02,259.5469970703125,268.5938190576868,255.55489370624662,262.76454261571706,27165700
2020-11-03,263.4596252441406,268.1766749142908,259.07030336447286,261.3344859939097,17961900
2020-11-04,285.3865051269531,286.9356812828767,276.6872618622412,279.0507571094763,35364400
2020-11-05,292.6358337402344,295.3171162940273,286.9456014426084,289.8751194712088,23823600
2020-11-06,291.3746643066406,292.5564118870269,286.0617703596247,291.9109268966528,13891000
2020-11-09,276.836181640625,290.55038023895384,276.59785620125297,287.8591877997786,25117700
2020-11-10,270.5401916503906,272.09930809794037,262.16867641553375,271.2055573077003,29067700
2020-11-11,274.5621032714844,276.4687674971447,270.58985077783035,271.57297357212764,14957000
2020-11-12,273.1717834472656,277.80940144584633,272.52629849525215,275.2572220125929,12899500
2020-11-13,275.02886962890625,275.83324840891396,271.2055701884182,275.79351739465017,10391200
2020-11-16,277.02484130859375,277.47173177338584,272.7248919259118,273.1419614075657,12970400
2020-11-17,273.0923767089844,275.7537787794999,271.39424714309587,275.7537787794999,15040300
2020-11-18,270.0833740234375,275.4657893900018,269.95427097077754,272.6156728201886,12152900
2020-11-19,271.046630859375,271.57295306280076,267.32264442781167,269.13993647182775,12963700
2020-11-20,267.8291320800781,271.1062282108236,267.5411352934016,270.6692780192734,18114700
2020-11-23,266.56793212890625,269.0704706443438,262.69499193344575,269.01088928025075,20990800
2020-11-24,274.9991149902344,275.89286594007103,266.0118735292799,266.62756795459205,16930400
2020-11-25,273.6782531738281,278.23640911751494,270.75864526649195,276.21058223535215,12467000
2020-11-27,275.8828430175781,277.1936935147158,272.91359420110894,275.46577350859377,7808400
2020-11-30,275.0486755371094,275.77362247732725,269.13002821535315,274.1151938410017,16693300
2020-12-01,284.562255859375,287.2931797363589,277.02490959560544,277.2235343635581,20738900
2020-12-02,285.5254821777344,289.7559405419843,278.88188783354457,283.3804623158279,17361600
2020-12-03,279.8948974609375,284.66158918360264,279.12030929835726,284.2643699243617,12921700
2020-12-04,277.759765625,281.4936623325887,277.36251613395586,278.3555792498037,10880300
2020-12-07,283.5989685058594,286.4887859851163,276.2701877229296,277.2533105694201,13007700
2020-12-08,281.43408203125,284.4430620713791,279.5969091988282,284.0259925324439,10747700
2020-12-09,275.99212646484375,285.634761252422,269.8649134396478,281.6922992992284,25189700
2020-12-10,275.1976318359375,276.7964791302961,269.97411041402864,273.6286055271856,20065100
2020-12-11,271.6523742675781,274.56207191939285,268.3752784568759,272.6255869275101,14391400
2020-12-14,272.2879333496094,275.2969128832191,269.676172935794,271.47361445521136,16376900
2020-12-15,273.6385498046875,274.16487208300316,265.6146125663476,272.92354309585454,23979500
2020-12-16,273.7576599121094,275.93243975735203,270.61957754654395,272.85396904652373,15885000
2020-12-17,272.5760192871094,278.49466793468355,271.71202877883894,275.14804953883356,16377800
2020-12-18,274.4826354980469,276.0715425233864,269.25914418635875,273.85700089446664,26693200
2020-12-21,270.8977355957031,272.76469937630253,265.93241928810284,271.0864200398628,16553700
2020-12-22,265.2372131347656,269.6166249333724,262.79428645526986,269.6166249333724,17312900
2020-12-23,266.2501220703125,270.2819859692725,264.3831889772523,265.0386142325745,14329000
2020-12-24,265.5450439453125,268.52423298801807,264.35338651175715,267.0147881164967,6702000
2020-12-28,275.0784912109375,275.37639803213443,263.81715878146275,266.87577993398537,23299700
2020-12-29,274.8599853515625,278.5641213786778,274.3634538345385,275.02881940193726,16383000
2020-12-30,269.9841003417969,276.1510146252463,269.825206585436,276.0219418599705,11803800
2020-12-31,271.2651062011719,275.1678367117642,267.93833892462425,270.1131494272033,12900400
2021-01-04,267.07440185546875,273.0923620269373,263.3603554297846,272.87388692508046,15106100
2021-01-05,269.0903015136719,270.5103744315404,266.3494377403135,266.4288997572722,9871600
2021-01-06,261.4834289550781,265.8926313162208,258.2063330163895,260.18251878562035,24354100
2021-01-07,266.8757629394531,269.7258491356457,262.94324162066465,264.0554674234832,15789800
2021-01-08,265.7138671875,267.0842989403587,261.3543061854605,266.4487240902713,18528300
2021-01-11,255.058349609375,261.6423634990481,254.12486777339785,258.6731142177774,30412300
2021-01-12,249.34820556640625,257.91834481107315,248.5636923990969,254.8497835250912,26383500
2021-01-13,249.89439392089844,252.18836722110376,247.4713175707965,249.8050218800193,19528900
2021-01-14,243.93603515625,253.2608976661095,242.91318130890528,251.64219985880376,29739400
2021-01-15,249.6163787841797,252.0990369057788,245.44551617048168,246.18037327659175,24942900
2021-01-19,259.2887878417969,260.38116333981225,250.9669140103909,255.11791059696782,28028500
2021-01-20,265.6245422363281,268.4448379452422,261.7714523659061,267.0644656201047,25199900
2021-01-21,270.9771423339844,271.70208935816214,265.6344576307383,267.39219883730624,20838700
2021-01-22,272.5958251953125,276.5382869759463,270.1131674066485,270.1231077356851,21954000
2021-01-25,276.08148193359375,278.15698017441997,269.6265717881597,276.21058498544335,19087000
2021-01-26,280.09344482421875,283.4103023609769,275.88286683391283,276.2105946394288,19373600
2021-01-27,270.2522277832031,281.4837699008926,266.26009441224045,280.57013844262696,35346200
2021-01-28,263.1617431640625,284.800598380068,262.8638363318904,275.25724544437986,37758800
2021-01-29,256.5379638671875,264.7108836627242,253.0821238557494,263.45961452430464,30389500
2021-02-01,260.1924743652344,262.3374943130789,253.14172024429632,257.7197266207836,22914300
2021-02-02,265.2272644042969,266.9850053875906,261.4436966318781,262.16864356397065,17320800
2021-02-03,264.80029296875,267.3326222811993,262.0097878354705,263.7774390975395,14223400
2021-02-04,264.64141845703125,266.29984743580536,262.1687006375379,265.1578307479932,16060000
2021-02-05,266.240234375,267.3028192101267,263.82709821386266,264.94923410714415,12454400
2021-02-08,264.73077392578125,267.98802000221724,263.16174740790035,266.8857343995216,13755200
2021-02-09,267.58087158203125,271.4935427252664,263.9065258912956,264.5917418731132,14613400
2021-02-10,269.9841003417969,271.900705136719,265.86289392443064,270.56009399684086,14687200
2021-02-11,268.5143737792969,271.68221751277923,266.62752945048277,270.00396858253924,12828600
2021-02-12,268.6235656738281,269.2988413011865,266.4785457640893,268.6434160254985,9097600
2021-02-16,272.0694885253906,274.68124922947464,268.17666798465854,268.9214652817526,15417200
2021-02-17,271.67230224609375,272.0695214581162,267.70995953793226,269.35844805841447,12763200
2021-02-18,267.5212707519531,270.0635097465597,264.1845631303574,267.70001482832095,15249100
2021-02-19,259.7455749511719,268.3951458314142,258.3453523815268,267.9879863347758,25622600
2021-02-22,258.5241394042969,261.24515328431704,255.7435744603547,256.1606743548885,17434900
2021-02-23,264.0157470703125,265.6046541267021,253.19138025453864,257.6998801611626,21924600
2021-02-24,262.4764709472656,264.53211856678286,256.59755514128494,260.5101953582652,15736100
2021-02-25,252.92323303222656,265.08825551031765,252.2777329518293,260.4804283677124,19053100
2021-02-26,255.83291625976562,263.7078995320883,254.69089973234236,254.69089973234236,26619500
2021-03-01,263.0723876953125,264.8003080425841,256.1110046545927,259.01076266266045,22157300
2021-03-02,257.203369140625,264.8598779371174,256.85579095898794,263.9363364333064,15191700
2021-03-03,253.6382598876953,259.1795388669576,253.33041273917416,258.48441285340874,15513500
2021-03-04,255.85279846191406,264.64138288685854,251.74150257132257,254.6909012693047,31626500
2021-03-05,262.4467468261719,263.60864412929794,253.8368905187001,258.8618031452885,26820100
2021-03-08,253.5389404296875,263.7376876689268,253.28074947590162,263.7078969878338,18391800
2021-03-09,263.8966064453125,266.66726127339814,258.0077489120371,259.36824065418534,22039700
2021-03-10,263.06243896484375,267.1042135136652,261.0465218554377,266.7765159880859,14210300
2021-03-11,271.9801025390625,275.97220493665156,265.96214311161896,266.2501095648282,21834000
2021-03-12,266.5381164550781,267.86881730485464,262.18849544883045,267.2730037197899,20600200
2021-03-15,271.8510437011719,274.0457048286008,266.63746204114943,267.2134253470967,16844800
2021-03-16,277.3426208496094,280.18279665985693,272.8936879012632,274.1648072713798,22437700
2021-03-17,282.03985595703125,284.2444572139667,273.4995073803498,273.7974141829572,21315000
2021-03-18,276.6872863769531,283.211719403557,276.3496484982736,277.92861547763636,18728300
2021-03-19,288.0975341796875,290.76887646170974,279.2493682351889,279.26921858795276,38930500
2021-03-22,291.5037536621094,297.63093607672175,284.76084666263773,288.4351922903145,28273100
2021-03-23,288.61395263671875,295.9328233174748,287.79963356760106,291.11646090364803,23000900
2021-03-24,280.1828308105469,289.69636174407646,279.2096180859463,288.98135511711854,18675000
2021-03-25,276.806396484375,286.0617517724904,275.82327372146733,279.03087841779615,24505600
2021-03-26,281.0566711425781,282.5264152497752,275.84309054482304,276.3694127072185,17629200
2021-03-29,288.8026428222656,291.1462573927489,282.72510097717293,283.78765555297224,21718800
2021-03-30,286.0021667480469,290.4411599233507,284.71119686771675,287.8194588480045,17474500
2021-03-31,292.48687744140625,294.4432129861294,286.60793047822534,287.9783624230208,19498200
2021-04-01,296.5882263183594,300.3022725798608,294.54251877589684,296.3300202168841,17616000
2021-04-05,306.7671203613281,308.614203147411,298.5942002846461,298.80276535214335,28237000
2021-04-06,304.1355285644531,309.1902163371081,303.13252508986074,306.6976181446294,17335200
2021-04-07,310.9181213378906,312.07007816687496,303.3807760699453,304.21494543454486,22855200
2021-04-08,310.8485412597656,313.6887169421669,307.89914320405563,312.66586335683314,20894100
2021-04-09,310.29248046875,312.55666307145435,308.1772512663788,309.23983603188884,15988600
2021-04-12,309.3788757324219,309.984629655204,305.79390230898474,308.8922542226104,10881900
2021-04-13,307.61126708984375,312.2488552709909,307.17431685657766,310.04425375074237,14036900
2021-04-14,300.71942138671875,305.8932724464454,299.85546120601055,305.16832536202276,17421400
2021-04-15,305.6846923828125,307.9886060607909,301.99049641842674,304.2149480766785,14558300
2021-04-16,304.0560607910156,306.8068650471184,302.4969444090367,306.03227702070234,13059200
2021-04-19,300.14337158203125,305.5655177464558,298.4750329033836,302.89417567255794,14553500
2021-04-20,300.550537109375,302.9835537939867,295.1482714936018,299.8951118354893,16796400
2021-04-21,299.3787841796875,299.88525614351255,295.3270993867448,299.8554654577514,14863500
2021-04-22,294.4631042480469,300.8187332985432,293.9864532833794,299.2397360604261,16375400
2021-04-23,299.0411376953125,300.4910015370838,295.08873509812,296.687582670293,17536800
2021-04-26,300.9378662109375,303.6786999037618,299.46812183516045,301.23577303432637,16172600
2021-04-27,301.4642028808594,303.2219138346447,299.0212455887572,302.1692692671732,15309300
2021-04-28,304.9696960449219,308.7632045092743,303.25168590435214,305.2278718530595,33907200
2021-04-29,327.2242431640625,329.50827625117904,319.3790201563974,327.82999712931587,56526800
2021-04-30,322.824951171875,327.53209104824134,322.248987887127,323.8776259782797,26332400
2021-05-03,320.3423156738281,326.27090422619693,319.6074585992322,323.90743925273455,18719500
2021-05-04,316.15155029296875,319.9549988930355,310.9479094073585,317.8000386565058,24032600
2021-05-05,312.834716796875,318.8328262137328,312.30839458302705,315.98274005728,15577600
2021-05-06,317.800048828125,318.0185239268124,311.09687276652534,312.33820166682153,19012200
2021-05-07,316.8665466308594,320.6997857867658,316.53884915690736,320.14367289977616,15916700
2021-05-10,303.8475036621094,312.3977620050916,302.7153972344073,312.1693768985715,24239200
2021-05-11,304.4036560058594,304.7115031678488,297.61110747680095,298.66375202538734,18920100
2021-05-12,300.45123291015625,302.84451865074016,296.1214922814983,299.0411002600775,24645500
2021-05-13,303.1424560546875,306.71745902247187,300.66970829138313,303.9567447761737,18079200
2021-05-14,313.7484130859375,314.6521043016206,306.9359832699746,307.39281419606897,19245700
2021-05-17,313.2716979980469,313.49017310689794,309.4186080633365,311.3749437134494,15401300
2021-05-18,307.8098449707031,314.304486446428,307.66089155963004,313.4007953447419,14522400
2021-05-19,311.4147033691406,312.47728832837305,301.464220436348,302.0799148072272,19106200
2021-05-20,316.3998718261719,317.03544686161547,310.987695223812,311.40476482317183,17320200
2021-05-21,314.036376953125,317.7106924961839,313.6192770874103,317.07514782686013,13600900
2021-05-24,322.3780822753906,323.68893285411247,315.82385968766243,316.002603774066,16445400
2021-05-25,325.5161437988281,326.89648567144167,322.5468646881719,324.81104721709437,16437000
2021-05-26,325.3870849609375,327.5420150886895,323.55985234776074,326.0723009791142,9686900
2021-05-27,330.4417419433594,331.4645957099421,324.4933037547175,325.72469228376224,20477700
2021-05-28,326.4496154785156,330.560880597119,326.05236602824215,328.703857610015,12037400
2021-06-01,326.84686279296875,329.12098577650926,324.3741453730533,327.859776244359,11765900
2021-06-02,326.8667297363281,329.56786271635684,324.85081275421754,328.0882083208523,11654300
2021-06-03,323.7783203125,325.1090213066614,321.23608105411955,323.520114193703,12610800
2021-06-04,328.05841064453125,330.1537592993756,322.92426093429344,323.63926759923044,13289400
2021-06-07,334.24517822265625,335.347494066772,326.6482512651954,327.1944541755547,20136700
2021-06-08,331.36529541015625,335.95324218671897,329.93528208942485,334.36436543557863,14580500
2021-06-09,327.9591064453125,334.463657978423,327.710840656936,333.41101346017734,13727900
2021-06-10,330.1537170410156,331.62346119356516,326.2708370678811,328.4953187995612,13240200
2021-06-11,328.962158203125,330.5212445504531,326.6483037446062,330.27297872564384,13587900
2021-06-14,334.4338684082031,334.483539749573,327.52215732246464,329.59765568348803,12250800
2021-06-15,334.4140319824219,337.5620556551971,332.7059620693409,334.65235745209895,15795200
2021-06-16,328.7833251953125,335.2084448088056,326.439710773516,334.3643653995588,17232200
2021-06-17,334.1756896972656,335.6354937373488,327.8597923156813,328.197430149362,17794100
2021-06-18,327.3731994628906,333.81816956514166,326.71777415159494,332.20941212190775,23039500
2021-06-21,329.9850158691406,330.61065060357896,325.37718756246824,328.79332777441164,11337500
2021-06-22,336.6781921386719,337.56203287221103,330.29280347884355,330.3821755239405,15345300
2021-06-23,338.2274169921875,341.037803030044,335.8540115254253,336.99602822981143,14817800
2021-06-24,340.79937744140625,342.50744713580673,339.41903553173717,339.47861689152836,12329100
2021-06-25,339.001953125,341.7328767106353,337.3236740242663,340.2134913461353,14594400
2021-06-28,353.1729736328125,355.65563137017324,339.39916304899543,340.0843790089774,29156100
2021-06-29,349.4490051269531,354.26533714219687,346.6286791220538,353.7985962511624,21417300
2021-06-30,345.2979736328125,350.4718543781205,344.76174136100525,349.72705702806195,15107500
2021-07-01,351.93170166015625,352.2097581594582,344.09641802750997,344.4142055426795,17137000
2021-07-02,352.239501953125,353.9674220897666,350.17391368538927,352.6367211412645,11521300
2021-07-06,350.3328552246094,356.3011751078361,346.75782143177895,354.02705175955316,13488500
2021-07-07,348.0586242675781,354.0170019781911,347.57203311909177,352.7955539432762,14218900
2021-07-08,343.2522888183594,345.91369091939293,340.1837271688575,343.33175084560787,14406500
2021-07-09,347.98919677734375,348.2771632659908,342.8748973921492,342.92456873238206,13018700
2021-07-12,350.710205078125,351.7330589669335,347.21463350700583,348.79360036608597,10018600
2021-07-13,349.6476135253906,356.003211854675,346.3804271577719,349.061709882351,11456000
2021-07-14,345.21856689453125,352.7360626317846,344.32481607097134,352.10048763359197,13894200
2021-07-15,342.070556640625,346.807487711629,337.85997818274154,346.807487711629,14781600
2021-07-16,338.79345703125,343.5899391237202,337.78054344124416,342.51744416406024,11026100
2021-07-19,334.6126403808594,337.4329360890241,332.2193545536119,335.22833468467167,14372300
2021-07-20,339.2899475097656,341.0675389712737,332.1796119696146,336.44977124178934,11024300
2021-07-21,343.8282775878906,344.11624409141785,338.88281201452764,339.1310778108753,9279700
2021-07-22,348.7538757324219,349.1014539216713,342.81534674837894,344.27515089851886,12385400
2021-07-23,367.2248229980469,372.7263709130637,354.712221510125,358.4064175626375,33694300
2021-07-26,369.8763122558594,371.8425883087263,365.6657339712904,367.0162853811016,14925200
2021-07-27,365.258544921875,370.5614983630885,362.0211494423419,369.33010978819533,15705400
2021-07-28,370.69061279296875,374.93098154905937,364.3846557059322,371.96173241744225,29676900
2021-07-29,355.8343811035156,362.984417317109,354.26532441729825,358.4957829668107,33413200
2021-07-30,353.82843017578125,358.2277234843722,350.49175214297765,351.54439678231824,15976200
2021-08-02,349.50860595703125,356.906908626089,348.3069776627504,355.61593858624593,13180400
2021-08-03,348.8034973144531,351.3159459164224,345.2880755211377,350.2831820422814,12406100
2021-08-04,356.4302062988281,357.97938224565,349.0716053984844,349.97529641844375,14180600
2021-08-05,360.4521179199219,361.3756593379675,354.4242175743126,357.14523110122803,10247200
2021-08-06,360.9884033203125,362.6170111631922,358.893024268515,358.893024268515,8925000
2021-08-09,359.1015930175781,363.24268017076685,358.2475731557714,361.2367032838666,7798900
2021-08-10,358.6249084472656,361.5743072827586,356.5494100527903,359.3200344847057,7469900
2021-08-11,357.4630126953125,359.8463582588561,355.32793292601053,359.58818244084523,8400300
2021-08-12,360.13433837890625,360.4819165359161,354.6327601477801,355.9634914124329,7170700
2021-08-13,360.66064453125,362.130388809589,358.9724554674961,360.4521097687028,7195700
2021-08-16,364.0172119140625,364.4045210745695,354.90089981921847,360.00522845589376,11222100
2021-08-17,355.9635009765625,362.1403550292865,352.60694265481555,360.462075868413,12328700
2021-08-18,352.9842834472656,357.3636649551706,352.68634634012676,353.77872178787584,10042400
2021-08-19,352.6565856933594,355.08960256573675,348.56517030960663,348.9127484779295,12004500
2021-08-20,356.8770751953125,357.4927694576704,350.85911533837884,352.14017520075987,8697700
2021-08-23,360.8294982910156,363.1532624039116,356.6089799423798,356.94661777356487,10942000
2021-08-24,362.9744873046875,365.40747360841516,359.32993255449776,361.1373145898699,9235100
2021-08-25,365.83453369140625,368.287370479807,362.8652543840877,363.06387912846816,9684500
2021-08-26,361.85235595703125,366.877253078658,361.6040901691806,365.82460856264174,7888700
2021-08-27,370.0450744628906,371.147359857758,361.5543675393287,362.5673112058317,11219100
2021-08-30,378.01947021484375,378.8436993991943,367.94979405108387,369.97565161942885,13547300
2021-08-31,376.7483215332031,380.10487999697085,376.1723279061096,377.3143748304173,12345400
2021-09-01,379.3997802734375,381.66396313831876,376.18226523015454,376.9568533074591,11567200
2021-09-02,372.6767578125,379.10187795164336,371.46521949194505,378.8536121507582,14832900
2021-09-03,373.64996337890625,374.54371418349507,370.5217901040204,372.1504282729059,7509600
2021-09-07,379.5288391113281,380.303427098371,370.56148074730555,373.2725538548956,10793800
2021-09-08,374.9508361816406,378.22793223895627,372.19012201827695,377.5228659344318,11067200
2021-09-09,375.37786865234375,377.1951608723424,373.9577956290019,375.0203804671173,9098900
2021-09-10,376.0630798339844,381.1277078677201,375.63606996069,378.71454142479524,11549600
2021-09-13,373.8982238769531,379.1018651904603,371.7532037928041,379.0323434951405,13026300
2021-09-14,373.9180603027344,375.9637679324981,372.5078973191111,374.7820203796107,8711600
2021-09-15,371.326171875,374.9409058407148,365.11952742999154,374.38479292291254,17940300
2021-09-16,370.4721374511719,370.9686690276953,367.14536982728856,370.2040213099669,11934200
2021-09-17,362.19000244140625,368.83359750741874,359.08170985434447,368.83359750741874,26299000
2021-09-20,353.2325744628906,358.5255877160873,347.3734776350834,356.8075775570263,19822800
2021-09-21,355.000244140625,357.5424835116956,352.72612092380973,356.0131576959178,11751900
2021-09-22,340.8291931152344,347.41320660790336,338.326684902849,344.82132634927734,43692900
2021-09-23,343.5601501464844,347.244436588427,340.6206914406906,342.96430614109624,21806300
2021-09-24,350.5115661621094,351.8919385080049,339.9950308835849,340.8589909880195,18801900
2021-09-27,351.127197265625,352.6863134271014,344.6722878564351,347.38336071841064,15205800
2021-09-28,338.28692626953125,347.17485280362484,336.5689465667117,345.55615516237805,21710300
2021-09-29,337.254150390625,342.83519056135003,336.52923371146676,340.76960230808635,14452200
2021-09-30,337.03570556640625,340.422024123598,335.80428669427346,338.0883500451467,16547100
2021-10-01,340.6305847167969,342.626620946173,336.29090380487764,339.2402721276519,14905300
2021-10-04,323.9670104980469,333.6096454418782,320.4614987024491,333.2024859034126,42885000
2021-10-05,330.6502990722656,332.85490048506125,323.8974817514608,326.3006776114081,35377900
2021-10-06,331.3255920410156,332.0604490478025,323.53995055480846,327.4526216500832,26443000
2021-10-07,326.9362487792969,336.4895113551633,326.6979233231299,334.66227881082483,28307500
2021-10-08,327.760498046875,331.0872658382954,326.4297969914836,329.2103921435758,15946100
2021-10-11,323.1924133300781,328.1676390888034,323.05336994266753,325.3572837172374,14708200
2021-10-12,321.5240173339844,322.1298015621059,315.16841978530687,320.7891603644766,31658700
2021-10-13,322.28875732421875,324.7316844463322,320.42179355552446,324.701893760912,14761500
2021-10-14,326.2510070800781,328.2271928788079,324.8309341725073,326.08217302467506,14302200
2021-10-15,322.5072021484375,326.78730195164854,320.27281003421854,326.3999927716936,21596400
2021-10-18,333.0138244628906,333.5600274303866,325.2282122699886,326.66816609552274,21585000
2021-10-19,337.63153076171875,340.0843979551159,334.94033811013963,337.2938929273335,18786300
2021-10-20,338.4160461425781,341.5938602237762,337.0952855380206,341.0675379865776,13639500
2021-10-21,339.5084533691406,339.93546327387196,335.4567385215077,337.9195461799882,16354400
2021-10-22,322.3582458496094,327.34344274203374,318.88252448739775,324.08619650625366,35224500
2021-10-25,326.4098815917969,327.273841557349,317.5021052232415,318.07806843165025,38409000
2021-10-26,313.6192932128906,327.91939752560313,307.45237909979846,325.9829424293362,65654000
2021-10-27,310.0541687011719,317.0354012261963,309.8952749651828,312.0105042608327,29971800
2021-10-28,314.7215576171875,323.26187566968946,305.9726441964319,310.81879676750776,50806800
2021-10-29,321.325439453125,323.73857554960784,317.3829776736138,317.96888127486596,37059400
2021-11-01,327.6910095214844,331.13694007847226,323.738607028624,323.7783380427413,31518900
2021-11-02,325.80413818359375,332.46761360260626,321.5538292016757,329.0812646943905,28353000
2021-11-03,329.3196105957031,329.8459328747701,320.9580354976296,325.21825476736853,20786500
2021-11-04,333.5202331542969,334.9303657214062,330.3424192552651,331.6930007694114,22495300
2021-11-05,338.7636413574219,344.3843824919673,337.28398694368224,337.9493222910368,26872800
2021-11-08,336.2710266113281,342.3982393556077,335.99297015181077,342.03081085258987,18342500
2021-11-09,333.0435791015625,338.94237655440764,332.14982834025784,337.6414662706003,17556700
2021-11-10,325.3672180175781,330.87870625923074,323.25198870461344,330.1835499468234,21872600
2021-11-11,325.4665222167969,330.1537817149823,324.7316651495095,327.53211063613753,12376600
2021-11-12,338.5252685546875,339.48851059363136,327.49232260692645,327.88954175506507,25414300
2021-11-15,345.1490173339844,351.1967681291148,340.81927665538785,341.9513528589392,25076600
2021-11-16,340.5809326171875,344.24533809936,338.50543425102154,341.44489271681016,18181100
2021-11-17,338.4060974121094,344.8907981611505,337.7407621147875,341.8520275379172,13602800
2021-11-18,336.340576171875,340.0844135094988,332.97407739167016,337.3634300511978,17487200
2021-11-19,342.9046936035156,349.65754120765286,337.54215865420935,339.8262220829443,26488500
2021-11-22,338.64447021484375,351.3755166050516,338.1479386460966,346.6286760200637,27116800
2021-11-23,334.91058349609375,339.031789952363,331.18659628153375,336.5789224948041,17225000
2021-11-24,338.694091796875,339.4090984270407,330.5013213830883,333.6691950342229,13566200
2021-11-26,330.8092346191406,335.40712244940215,329.59769620664383,333.4706369331873,14750700
2021-11-29,335.68511962890625,338.30682076869596,332.98398677543236,334.55304345009216,16650900
2021-11-30,322.20928955078125,333.4805633574845,321.1864356284006,332.6761845595874,25390000
2021-12-01,308.4454040527344,328.2073536259176,308.1375569170716,327.99881886115134,30329600
2021-12-02,308.2369079589844,312.41769563708294,305.0690338569957,309.2398812049933,24396200
2021-12-03,304.7115173339844,311.5735878782237,297.4224368749896,311.5537375237762,27471000
2021-12-06,315.6650085449219,317.87955048932594,304.2149905529818,305.99258224552244,21758300
2021-12-07,320.5707092285156,324.27484564424213,318.7732673727845,319.33932063498895,18794000
2021-12-08,328.2669372558594,330.4417478782362,320.82890430428074,322.7455088217183,19937700
2021-12-09,327.5320739746094,333.7982996166133,325.72469188646227,327.25401752303907,16879200
2021-12-10,327.46258544921875,332.7059578569133,324.1060270329738,330.2530905762638,14528000
2021-12-13,332.169677734375,338.72390047483293,327.30367444275134,328.65425606299516,22948700
2021-12-14,331.4249267578125,333.37135259151347,325.3771750669729,325.7743943146657,20461000
2021-12-15,339.2899475097656,339.73680772798974,321.7325989098653,330.18354541056993,24681300
2021-12-16,332.57684326171875,342.07052456232094,331.4248863696693,336.62855788973843,22635000
2021-12-17,331.47454833984375,334.77149487601264,328.4556279600217,330.4913952399913,40012600
2021-12-20,323.1924133300781,327.61152615092544,320.2926556061012,327.4923634222205,17901800
2021-12-21,331.8817443847656,333.6692460807012,321.50422148400895,324.145773318854,16116800
2021-12-22,328.1577453613281,332.1895795141013,325.982934536817,331.4844828244456,16764600
2021-12-23,332.9144592285156,334.33456247386124,326.08218034839234,327.8101307259051,13987700
2021-12-27,343.778564453125,345.4568434568832,335.6652561860855,336.49942552370055,17795000
2021-12-28,343.8183288574219,350.26329907524985,342.80541534319065,344.2254883901896,16637600
2021-12-29,340.5610656738281,347.2642416723502,339.2700957520207,344.50352743630526,10747000
2021-12-30,341.9712219238281,344.8213387057519,340.8391456583301,341.613733726055,10593300
2021-12-31,334.0168151855469,341.0576296748755,333.9373531578227,340.64052979403345,12870500
2022-01-03,336.19158935546875,338.71394780170056,334.850948113297,335.9532336041818,14537900
2022-01-04,334.195556640625,340.710048791719,329.5678785035941,337.5918461106454,15998000
2022-01-05,321.92132568359375,333.43092506420857,321.5935978412268,330.7099111630695,20564500
2022-01-06,330.1537170410156,336.8171916022808,320.48129310288107,320.58060546422104,27962800
2022-01-07,329.4884033203125,334.6622534111411,326.59858616008637,330.43179504996147,14722000
2022-01-10,325.79425048828125,326.0623666414972,313.2419171246315,323.05338636520554,24942400
2022-01-11,332.05047607421875,332.30868215646444,323.02353688832784,324.51313141350875,16226800
2022-01-12,330.9482116699219,334.03662330125775,327.74060701207145,332.85487581183287,14104900
2022-01-13,324.2152404785156,333.30176146509405,323.500233859244,332.6562765338066,14797100
2022-01-14,329.5976257324219,330.4218850489652,318.9817791263499,319.55777267625143,16868500
2022-01-18,315.9430236816406,321.9609837284619,315.4365821014618,321.04738263480675,22645600
2022-01-19,317.3730773925781,324.8309920265667,317.1148712521666,317.36313706229,20814700
2022-01-20,314.3640441894531,325.5459440973195,313.78808094128794,321.65312351378554,16925000
2022-01-21,301.06689453125,316.1018511682683,300.9377915045366,312.62613099744556,28710700
2022-01-24,306.56854248046875,307.38286160575575,287.0052149543288,295.7739499759016,38878100
2022-01-25,298.06793212890625,304.10577373520374,295.5157522712907,297.8693376599705,25108500
2022-01-26,292.5862731933594,305.3769345819484,288.8324947689595,304.88040288398076,28348800
2022-01-27,292.59613037109375,299.6170635525719,292.218761538942,295.68454210791685,21629900
2022-01-28,299.6170959472656,299.8057803837421,290.99731446167857,293.56934456757705,21871600
2022-01-31,311.0869445800781,311.6132667908384,297.24364306776437,298.5941942856098,21579500
2022-02-01,316.7871398925781,317.4425651980272,309.95486067855575,312.37793715110746,18023800
2022-02-02,320.7593994140625,325.72471519446594,314.6719174183467,325.54597109978323,58458300
2022-02-03,236.11068725585938,246.2796592879698,234.11463579491482,242.9528917001212,188119900
2022-02-04,235.44534301757812,240.92705595132773,228.5137663432525,233.3400539489898,89342200
2022-02-07,223.349853515625,236.6469694889334,222.45608752158304,236.05112549290544,88613800
2022-02-08,218.6526336669922,224.20386810473175,214.65059044744515,219.31799930165315,94729700
2022-02-09,230.39064025878906,231.75113186310045,220.66855913240377,222.64474501260375,86563300
2022-02-10,226.48793029785156,233.36985097006743,225.12742341585542,226.68653990638668,49310400
2022-02-11,218.02700805664062,228.8215991750565,217.25242004582725,226.87520397201692,46156900
2022-02-14,216.18984985351562,219.46696135685332,213.2901072050722,217.78868216906557,38184000
2022-02-15,219.46693420410156,219.61588760053033,213.56813725848932,218.94061199946717,42685500
2022-02-16,215.0378875732422,215.95151900472374,210.8868908846818,210.93654707270989,45817500
2022-02-17,206.26914978027344,215.99123117362203,205.72296202717726,212.5353757176675,38747500
2022-02-18,204.72991943359375,209.2880760292688,203.75670655664874,207.9375094283715,37128400
2022-02-22,200.67819213867188,206.04072679270618,198.67220044312174,200.9363830884198,39852400
2022-02-23,197.07337951660156,205.50449113354318,196.67616031691193,202.74377678275914,44481400
2022-02-24,206.159912109375,206.90470945781502,188.90047003925045,189.73463943279745,49957200
2022-02-25,209.01991271972656,209.85409722269867,201.77054920915654,203.51834992686946,37627600
2022-02-28,209.56610107421875,211.6713899600421,205.39523915857586,206.23933368688236,34239800
2022-03-01,202.07839965820312,210.28109475903466,200.8172053783366,208.41413143006113,27094900
2022-03-02,206.6663818359375,207.6991608900357,200.61863062333498,203.3594795827409,29452100
2022-03-03,201.56201171875,207.62962765814248,200.02276093585826,207.57004629865273,27263500
2022-03-04,198.6721954345703,204.46175495320406,197.41100109237203,200.96616870266408,32130900
2022-03-07,186.16954040527344,199.49644537718342,185.98085599196915,199.39713300609475,38560600
2022-03-08,188.969970703125,195.33550881323646,184.81897421696758,186.54690946667915,37508100
2022-03-09,197.123046875,197.71889086123977,192.5748155619996,194.38219787476945,31894700
2022-03-10,193.85586547851562,194.9184351766103,189.74458461606886,193.48842180655208,24853000
2022-03-11,186.30857849121094,192.21730121306823,185.37509670416912,191.30368493188337,34694500
2022-03-14,185.33538818359375,190.95611432836714,184.53100942336172,185.73260739881346,31010500
2022-03-15,190.69790649414062,190.94617226993915,184.62036515153324,189.4764431200351,31721700
2022-03-16,202.2174530029297,202.31675022563442,193.17064714865197,193.34939124128513,40640300
2022-03-17,206.3982391357422,206.5968487329181,199.71492845430384,200.3008320695021,29499700
2022-03-18,214.9882354736328,215.2960826094458,204.57099812382236,205.26613926161622,52128000
2022-03-21,210.02291870117188,213.22058306841436,206.189694561412,213.01203315188104,30142300
2022-03-22,215.14710998535156,217.93762996556708,208.72199065254847,209.9037381409255,31998800
2022-03-23,211.97927856445312,215.29610603491705,210.68829336640334,211.85017549876554,23717300
2022-03-24,218.046875,219.1392353325616,213.30001937904194,213.50856930007075,31502300
2022-03-25,220.28126525878906,223.93573021234633,217.37158248115725,218.98033986256667,40039000
2022-03-28,222.03900146484375,222.48587688273557,218.01709239793314,220.5891376509777,26224100
2022-03-29,228.2655029296875,229.28835679181603,223.7271969282728,224.50180014859438,31417900
2022-03-30,226.26942443847656,229.5465204163885,225.13733315541214,227.32206885833335,25588000
2022-03-31,220.81753540039062,226.9050177106061,220.71822301847524,226.86528669666313,24192300
2022-04-01,223.29025268554688,225.7033888379623,221.15515784665132,222.99233071349855,19544800
2022-04-04,232.2675323486328,232.72434805076864,224.29323671351824,224.41239943888382,28054800
2022-04-05,230.23171997070312,235.2169004234517,229.41741619841068,232.45618652341716,29727200
2022-04-06,221.7510223388672,227.40155454329366,219.8741334398678,225.33598120608156,28995100
2022-04-07,221.40341186523438,223.95559126819157,217.04386552632997,222.37660944612904,21037200
2022-04-08,220.7877197265625,223.568299423111,218.5036715775069,220.83737591189984,18375700
2022-04-11,214.95846557617188,219.07967176886117,213.72706176092154,216.90486095018167,20516600
2022-04-12,212.654541015625,220.48980861439927,211.6515526954061,218.71223225422102,20128800
2022-04-13,213.49864196777344,215.10739934568304,209.8640273741091,210.3506337496348,19231800
2022-04-14,208.7220001220703,213.49864647682404,208.54325603316772,213.399334103251,18379500
2022-04-18,209.3079071044922,211.89980231832888,206.85504011407073,208.5432442992385,16580800
2022-04-19,215.8025360107422,216.91476181408353,207.55018422051188,209.0596443485752,20089900
2022-04-20,199.0297088623047,212.67440159783553,197.54011418103042,212.12821385078016,43036500
2022-04-21,186.765380859375,201.56201470052716,184.2926483333906,200.20152312891832,49954100
2022-04-22,182.8328399658203,191.38311348968836,181.99867063494042,189.04940924538664,36426800
2022-04-25,185.69290161132812,185.88157089937965,180.39987269787414,181.46244249034362,29281100
2022-04-26,179.69479370117188,185.89151389293303,178.25485500608454,185.33540089231528,31747400
2022-04-27,173.7364044189453,179.95298977063828,167.82768138880363,173.22000731030988,71062900
2022-04-28,204.3028564453125,207.08343600789271,191.56185573215208,201.5123517073191,100890600
2022-04-29,199.07937622070312,211.00605951633852,198.51332293664208,203.04170375030583,49193400
2022-05-02,209.66543579101562,210.41023318222747,199.59577566794923,199.77451976842804,49915300
2022-05-03,210.5591583251953,213.40924444391214,206.6464874642892,208.9901168800485,41556300
2022-05-04,221.8602294921875,222.74405503982925,205.52434462463904,209.18873471344116,41375900
2022-05-05,206.83518981933594,218.64270996108357,204.72990080911183,217.22263694269984,41129200
2022-05-06,202.35647583007812,207.9275605290676,199.62555225514092,205.90170328237653,34747200
2022-05-09,194.84893798828125,201.1648205739182,194.22330332061387,198.45374711598748,36303200
2022-05-10,196.27891540527344,201.55209318806584,192.84292556927107,198.12601337505205,34452500
2022-05-11,187.4307403564453,199.27797620782732,186.9639994737446,194.96808586619244,31153400
2022-05-12,189.9134063720703,196.67616414549158,183.49821161690798,185.76239443568494,38262200
2022-05-13,197.2421875,198.50338187615907,189.95310800388307,191.24409306072036,24549800
2022-05-16,198.65235900878906,203.94538776702177,194.57086858599118,195.68310969161757,27112600
2022-05-17,201.21446228027344,204.0347733061677,196.98401847084506,200.71793067646036,24872700
2022-05-18,190.90647888183594,199.60570723461365,190.3007097114739,198.61264401454093,23960000
2022-05-19,189.96302795410156,193.93528023328804,188.2847640946148,189.87365591452544,24446900
2022-05-20,192.1974334716797,196.5371296980073,186.56676728554785,193.6175216415817,31465600
2022-05-23,194.86875915527344,195.62349677540197,189.91338420576912,193.83598024475504,25059200
2022-05-24,180.02247619628906,182.4058215571146,174.88834182641335,179.29754438158685,50406300
2022-05-25,182.55479431152344,184.16355170943515,178.0760851163933,179.14857994637404,28030200
2022-05-26,190.30067443847656,191.49234705109404,180.99566348711593,181.6113728734375,23056500
2022-05-27,193.77642822265625,193.97503783325445,188.4833995166801,190.0325756934649,22562700
2022-05-31,192.2967529296875,196.22928977670594,190.67805510272842,193.53808190056003,26131100
2022-06-01,187.33145141601562,198.14590963369474,183.71670178167233,195.1468543671916,36623500
2022-06-02,197.4805450439453,199.5461182815414,186.4277469756888,187.14275367920058,31951600
2022-06-03,189.4565887451172,195.2461487952102,188.46352558358373,194.6205141545029,19465000
2022-06-06,192.90249633789062,195.55397284757993,187.09307146808337,192.64430540145412,30574200
2022-06-07,194.2928009033203,195.16670133175938,190.1616696801112,190.5986047413895,18828700
2022-06-08,195.2759246826172,200.628534111621,193.06139824300615,193.31958919038397,22267200
2022-06-09,182.72361755371094,198.0664400188012,182.40583007585803,192.9323054091504,23501600
2022-06-10,174.3520965576172,181.829860523431,173.8059088194691,181.77026400868175,27450800
2022-06-13,163.12054443359375,171.38283695644884,162.89214415630036,169.4066358708141,31749300
2022-06-14,162.59422302246094,165.59327793615202,160.24066823896615,164.87827126596156,27244300
2022-06-15,168.1752471923828,170.96575216430253,162.84248787819953,166.04015237028412,30008300
2022-06-16,159.75405883789062,163.93486122919495,158.50280476509815,162.584294783492,26944100
2022-06-17,162.6041717529297,164.7491767213856,158.7907975972423,160.5584488585028,31374200
2022-06-21,155.9605712890625,166.59626917748903,154.88806126492062,164.77896178821595,50724900
2022-06-22,154.7688751220703,159.67459362979557,154.36171565402097,157.28132330812886,47267800
2022-06-23,157.64878845214844,158.64185168649269,153.18000389759936,155.1859958737986,40499200
2022-06-24,168.97962951660156,169.0690015635416,160.18108938711842,160.60809926890386,68736000
2022-06-27,168.31427001953125,170.55858716707883,166.84452572363676,170.13157730813595,29174600
2022-06-28,159.5653533935547,170.11169261392817,159.49584686402946,168.7213953410986,27744500
2022-06-29,162.80279541015625,165.17621602665525,159.20791121061575,162.43536684806529,28595200
2022-06-30,160.13143920898438,164.08382645795453,157.3905902626989,161.02519001781133,35250600
2022-07-01,158.91989135742188,159.50579496695804,153.9247850296623,159.19794782136924,31423900
2022-07-05,167.02330017089844,167.08288153776365,155.930786168884,157.0430120915462,28618600
2022-07-06,168.59231567382812,170.39968251777512,164.31221641798015,167.03319943566092,23085900
2022-07-07,170.99554443359375,171.52186668535077,166.61613235121607,168.27454597600874,24083400
2022-07-08,169.69464111328125,171.20408623734986,166.98356772070983,168.800875159169,19249200
2022-07-11,161.75009155273438,166.32811217177237,160.78681931825798,165.91102756812344,21885600
2022-07-12,162.13742065429688,164.75910669806157,160.9755386164519,163.65680602324343,16639700
2022-07-13,162.3559112548828,163.8355657544537,158.5028211132426,159.04900891470325,16555100
2022-07-14,156.95362854003906,161.462128420122,156.18896569777073,160.10163679992067,23765200
2022-07-15,163.5574951171875,163.8355515824348,158.71135732791987,159.42634884359796,23342800
2022-07-18,166.0699462890625,170.4990146042201,164.49097951767354,165.59328022000832,23574300
2022-07-19,174.56063842773438,175.26571992802639,168.3341282653375,169.1881631762132,25933700
2022-07-20,181.81993103027344,182.32640294171296,175.47425801947045,176.2587864045491,24784300
2022-07-21,181.89938354492188,182.5746743968108,177.6292087773565,179.3770096978159,27195800
2022-07-22,168.09579467773438,174.38188590031115,167.2417598081677,171.86943747705087,42583900
2022-07-25,165.49395751953125,169.38677815826725,163.66672507469772,167.8276618370209,26166300
2022-07-26,158.04598999023438,164.84847844507803,156.85431727302677,164.78889708215877,28468400
2022-07-27,168.4036407470703,169.68468546683903,160.8960862055005,161.46212428769684,43846600
2022-07-28,159.6051025390625,160.38961572025178,153.77582699484466,159.94274035613432,73214300
2022-07-29,157.99635314941406,159.0291321576182,154.09360709228082,156.5961304718885,42065400
2022-08-01,158.82058715820312,164.04410918466886,154.15319324119818,156.1591851083066,40596700
2022-08-02,159.07879638671875,161.11457897672165,156.9139107318116,157.2118327223143,27374500
2022-08-03,167.62904357910156,168.36390052817472,160.44920206857296,161.56142782042818,31721900
2022-08-04,169.3867950439453,170.95582154448263,165.64294258692857,167.1325373671115,23938200
2022-08-05,165.95079040527344,170.41957476345786,164.6498800499171,165.83162767132987,25832700
2022-08-08,169.06900024414062,176.2786332135897,165.97064808420234,166.8346081704295,27299100
2022-08-09,167.3609161376953,168.35397919679417,165.44431170704559,167.77800080416407,18655100
2022-08-10,177.10287475585938,179.2280292454022,172.74332822648657,174.7691854949126,30262100
2022-08-11,176.2587890625,181.82987410175613,175.14654799822966,178.46339053169922,24079100
2022-08-12,179.24790954589844,180.20125689554231,177.66894267746338,179.5557567167697,21274000
2022-08-15,179.6351776123047,180.18136532983021,176.96383553717615,177.71857316609862,15878700
2022-08-16,178.22506713867188,179.73452755917566,175.8119155014035,178.19527645266365,21156700
2022-08-17,173.63711547851562,176.90428690663433,172.96182458838325,175.5338547714706,20118100
2022-08-18,173.44842529296875,174.54078574100586,170.66784525197417,173.1306377897958,18844500
2022-08-19,166.7948760986328,171.12463159115575,165.89118508884732,169.01932762679462,26240800
2022-08-22,161.9189453125,164.34202175823924,161.13441695931127,164.34202175823924,19499700
2022-08-23,159.99240112304688,163.90507227097777,159.58524160395055,161.3528927591669,18111800
2022-08-24,162.1274871826172,164.31223827227942,158.66170642781384,159.48595067474253,20891500
2022-08-25,167.60919189453125,167.70850426753756,162.88221690647927,164.03415860747302,15550500
2022-08-26,160.6577606201172,169.73435751151283,160.54852306381065,167.31128091921585,24023600
2022-08-29,158.06585693359375,161.91894673546284,157.90696319573627,159.5455264556274,20052700
2022-08-30,156.06980895996094,160.53859315412387,154.82848001713788,159.23768284651592,19567900
2022-08-31,161.7997589111328,166.6757022272474,161.01524575220782,165.91105457256884,40953000
2022-09-01,164.212890625,166.19901653234012,159.23765068217068,162.44523977970232,30145700
2022-09-02,159.20791625976562,166.76511346060795,158.11554056357707,166.28844731724544,22634200
2022-09-06,157.44021606445312,160.56837389852208,156.59612152734138,158.9894072176834,19339800
2022-09-07,159.2773895263672,159.8434427650851,155.72222182065045,156.66562873223995,16831200
2022-09-08,160.935791015625,161.1046099111117,156.64576663758697,157.60903898172938,22530800
2022-09-09,167.9766387939453,168.36393284637623,161.88917151614353,162.11757181554066,22086800
2022-09-12,167.7879638671875,170.20110015435628,166.11960982231793,166.2288473797376,23220400
2022-09-13,152.06776428222656,160.50880101691556,151.61094856811403,160.41941381760716,44444100
2022-09-14,150.41928100585938,152.47491390782315,148.0160699299061,152.2663791257827,43064200
2022-09-15,148.51260375976562,153.1303415527559,147.66849398331107,148.76086955837675,34606300
2022-09-16,145.27520751953125,147.54933071218412,143.28908113786707,147.02300843327845,40122800
2022-09-19,146.99322509765625,147.5493380878504,144.0934822538278,144.23251050137634,22169500
2022-09-20,145.0766143798828,147.80753846466357,144.21265415473044,144.76876718025122,23217400
2022-09-21,141.13412475585938,148.56224775043975,141.01496203125282,145.37450849074926,38338600
2022-09-22,141.82928466796875,143.577070336103,139.89279942616923,140.56809023965945,34418500
2022-09-23,139.43601989746094,141.63068127817743,137.92655945695614,140.43900836322868,31710700
2022-09-26,135.42401123046875,141.25330198021248,135.24526714438548,139.14799788660858,30497000
2022-09-27,133.46768188476562,138.45286316247478,133.18962541378022,136.96326843093527,30826500
2022-09-28,140.62767028808594,141.04475498386643,133.33859055874663,133.6861535620933,32658500
2022-09-29,135.4637451171875,138.86994437759347,134.26213206332815,138.39327831830832,38985400
2022-09-30,134.73880004882812,140.0119780697595,134.56005595639368,135.1062437159562,33166400
2022-10-03,137.6484832763672,138.65147159879163,135.15590023490822,136.18867923947806,27723100
2022-10-04,139.30690002441406,141.4022639154571,138.37341822182503,139.51544995703262,34670700
2022-10-05,138.0159149169922,139.23739352437994,133.84505263982953,137.28105787017572,27979300
2022-10-06,138.10528564453125,140.46876539966271,135.65241869866074,136.76464446578143,36231100
2022-10-07,132.52427673339844,137.3306988296089,131.5212883888198,135.8113133948686,33214800
2022-10-10,132.86190795898438,135.1658216673534,130.9552285897862,132.62358250842252,24024000
2022-10-11,127.6483154296875,131.73974542436278,126.10907227640702,130.70695138573043,38481400
2022-10-12,126.61555480957031,128.77050008091746,125.37422584084904,127.4298738864634,34605200
2022-10-13,129.3861846923828,130.2302943889548,121.68002048782748,122.67308358829318,34325700
2022-10-14,125.88068389892578,130.87578263105397,125.64234329376768,130.09126942927062,23559400
2022-10-17,133.1101837158203,133.85498111053334,129.27695918491287,129.39613707206735,29612200
2022-10-18,131.8787841796875,136.88381559214864,130.4884867324357,136.13901825885176,25445000
2022-10-19,132.3058319091797,136.04968515217732,131.30284333501575,131.9681939914942,30691000
2022-10-20,130.61756896972656,135.82122429746337,130.39909390787523,132.00785104247322,26356300
2022-10-21,129.10813903808594,129.21737659439395,124.56984816879879,125.43380828954469,46348600
2022-10-24,128.82015991210938,132.55407210052488,123.70588290109863,126.36729258833617,63563400
2022-10-25,136.5561065673828,137.39029111902516,129.6841114749998,129.9721082704897,38433200
2022-10-26,128.91946411132812,134.6097116608422,127.63840417505021,130.76654700494944,82791500
2022-10-27,97.2605972290039,101.7889622979854,95.71141372398145,97.30032066005266,232316600
2022-10-28,98.5118637084961,100.15041945886574,96.83359209850978,98.88923256309111,95928300
2022-10-31,92.51376342773438,98.63102827621302,91.95764293134883,97.53866036503508,121361400
2022-11-01,94.53960418701172,96.81371959753587,92.90105613149628,93.6756441380607,110189600
2022-11-02,89.91193389892578,94.539604000825,89.85235253745208,93.55647365415787,71821100
2022-11-03,88.29324340820312,89.8324866594847,87.79671186073098,89.45512541093512,60664000
2022-11-04,90.16020965576172,90.75604606587727,87.47893444553524,89.72325941932384,55638100
2022-11-07,96.049072265625,96.20795843512963,92.45418081587393,94.12252726626211,81987300
2022-11-08,95.80079650878906,97.12157222311384,94.13245023187092,95.25460878437805,52088300
2022-11-09,100.76612091064453,104.17232788134447,100.04118146405922,101.01438670274665,107677300
2022-11-10,111.0939712524414,111.96786404919858,103.88433105566673,106.37692154748625,80671000
2022-11-11,112.23599243164062,114.10295597850015,108.05519753324442,108.47228980898205,59961700
2022-11-14,113.42767333984375,115.46344823592956,110.03139921110841,110.22007605616892,53395000
2022-11-15,116.26783752441406,117.9163184434814,113.61636068428409,115.26484160335141,50670500
2022-11-16,112.44452667236328,115.2747547032616,111.87848106618362,113.70571334701994,33287800
2022-11-17,110.6769027709961,111.5508033319649,109.03835437212314,109.64412359680496,35093800
2022-11-18,111.27272033691406,113.52697017850475,109.85263983976293,113.01058071429979,33357700
2022-11-21,109.0979232788086,111.59051402126954,108.43257275608475,110.74640424380128,24351100
2022-11-22,110.6669692993164,110.84572098462105,107.5686092795262,109.09792757013905,29029000
2022-11-23,111.46139526367188,111.88841268073267,109.96187550444402,110.94500580829292,21343100
2022-11-25,110.63716125488281,111.94800421594746,110.24985968376664,110.52792371008826,12007600
2022-11-28,108.02539825439453,111.26278594540724,107.62817151583661,110.01152437071426,23309400
2022-11-29,108.70069885253906,110.17043574773703,107.78708251100926,108.78014572827324,23899200
2022-11-30,117.28075408935547,117.34034302913078,108.62124238709019,108.75034544287803,43348600
2022-12-01,119.60452270507812,120.35924520927946,117.57867306315146,118.37311900070078,36551400
2022-12-02,122.63336181640625,123.17954955964963,116.7941534340937,117.01262853139106,39950500
2022-12-05,121.58071899414062,123.80517827816894,120.50820899816485,120.90543576443036,35474900
2022-12-06,113.32837677001953,119.71377354252466,112.95100789955556,119.07821369134132,43689200
2022-12-07,113.13967895507812,115.07614896382506,112.09695967254044,112.97086004692484,29461100
2022-12-08,114.52996826171875,116.52601962232978,113.79509611830431,115.58261271516358,30619400
2022-12-09,115.09602355957031,116.7246465613268,113.08010652547362,114.50018716954466,26033400
2022-12-12,113.91426849365234,114.91726435664589,112.3551597132621,114.38100936781183,24747100
2022-12-13,119.31654357910156,122.44469413726709,117.8170160434879,121.28280444893988,44701100
2022-12-14,120.74654388427734,123.27885792875243,118.5618080009239,118.5618080009239,36922000
2022-12-15,115.34428405761719,117.80707637704052,113.21912956566705,117.5091619839413,34531000
2022-12-16,118.60153198242188,122.45461426632954,117.9957628564649,119.39598553083218,67064000
2022-12-19,113.68587493896484,116.98284435751376,113.53691394829686,116.01957187119426,29769900
2022-12-20,116.27776336669922,116.51610398343564,111.67988360020045,112.4743371697137,28742500
2022-12-21,118.92924499511719,119.50521586414342,114.81796415920795,115.8904666033582,20392800
2022-12-22,116.30755615234375,117.79715084272303,113.58655772952558,116.3869954443798,23618100
2022-12-23,117.22117614746094,117.3602043835439,114.7385182510215,115.22511707731186,17796600
2022-12-27,116.06922149658203,117.77729137467526,115.2449848171056,117.11194086388592,21392300
2022-12-28,114.81795501708984,117.33040337493412,114.7087174731427,115.44358202440257,19612500
2022-12-29,119.42577362060547,120.19042889376358,114.96691473106002,115.59254934920521,22366200
2022-12-30,119.5052261352539,119.5846730124549,116.92326323799126,117.34035555506088,19583800
2023-01-03,123.87469482421875,125.49339260262421,121.4317603919951,121.9680154005033,35528500
2023-01-04,126.4864501953125,128.1547965119214,124.97699003546767,126.49637537128699,32397100
2023-01-05,126.05944061279297,127.62848223213497,123.67608750105978,125.25505429699473,25447100
2023-01-06,129.11807250976562,129.42591965584387,125.16567791552465,128.0753531918348,27584500
2023-01-09,128.57188415527344,132.0277395914627,128.38319973683383,130.25016326294266,26649100
2023-01-10,132.06747436523438,132.51434975414818,126.26798160348737,126.38714433308007,28684400
2023-01-11,131.96815490722656,132.9215021516353,129.4358409686768,130.05155039539636,25423000
2023-01-12,135.7616729736328,136.72493031020812,130.84599814762683,132.51435215688096,30757700
2023-01-13,136.02980041503906,136.4369599862593,133.90464565564483,134.03374872772508,22423800
2023-01-17,134.42103576660156,135.80139301267857,133.31873500513416,135.23533971354632,21147600
2023-01-18,132.09725952148438,136.29791224625038,131.87878442440996,134.86789893919627,20215500
2023-01-19,135.20553588867188,136.49652095770875,131.2233582866692,131.57093643512005,28625200
2023-01-20,138.4031982421875,138.9692514778715,133.67622338072326,134.9473429258723,28688600
2023-01-23,142.2761688232422,142.76276009307352,137.69814686781393,138.3237663794459,27470100
2023-01-24,142.14703369140625,143.99413143175178,140.37938280744464,140.70709540767643,21970200
2023-01-25,140.5184326171875,142.17684622265583,139.33668507035335,140.2403761535725,26622000
2023-01-26,146.2781982421875,146.48673300837004,142.3059458263939,143.3983061489729,25482100
2023-01-27,150.68739318847656,152.127331585419,146.36756284470962,147.21167250133433,35771900
2023-01-30,146.0398406982422,150.07167400801796,145.93060316336428,148.3735447829344,28040100
2023-01-31,147.93661499023438,148.84030607097574,146.4966764891175,146.92368635959087,29842100
2023-02-01,152.05784606933594,152.5146618498912,146.03988495824805,147.00315756148882,55661000
2023-02-02,187.4605255126953,195.79232431037187,178.91025162092004,182.1079160131573,150475700
2023-02-03,185.23606872558594,195.40504086784406,181.6213194546132,182.1972979017333,76809700
2023-02-06,184.76931762695312,189.37712979649177,184.2330702212179,185.23605849534317,42483800
2023-02-07,190.29075622558594,192.43577626935254,183.12083906011983,184.2926614583213,47080700
2023-02-08,182.15757751464844,189.50625436758497,181.65112073211336,188.68201008412757,36139100
2023-02-09,176.68582153320312,185.35525994920926,176.04033644567036,184.83887794036045,37118800
2023-02-10,172.9419403076172,177.64906506091359,172.14750191549953,175.12669134476383,33433600
2023-02-13,178.185302734375,179.7444190570658,174.6003595309434,176.9837048826787,31463200
2023-02-14,178.23497009277344,180.2508870770016,174.65995184105614,175.93107146205887,24034600
2023-02-15,175.93109130859375,176.9539452572414,174.11378371896294,175.1962190389193,25308900
2023-02-16,171.2438201904297,174.63016933039438,170.59832002033082,171.55166735716432,25827500
2023-02-17,171.68075561523438,171.97866242641902,168.5228070402124,169.03920410116666,24171300
2023-02-21,170.8863067626953,176.9340576419765,170.68769716550068,173.10083331965035,34592600
2023-02-22,169.9329833984375,171.56160656935168,168.51291018334064,169.88334235685807,22433200
2023-02-23,170.84657287597656,172.48513611937082,168.20503648715976,170.8068570183825,20017800
2023-02-24,169.20802307128906,169.53573571664788,166.49696501797226,167.47016262504536,19791300
2023-02-27,168.36390686035156,171.91907448281532,167.88724082776324,170.6876859692171,19277000
2023-02-28,173.72647094726562,176.31836639072463,170.67775978472054,170.70755046716732,46051100
2023-03-01,172.21701049804688,176.61628815362087,171.84958197968862,173.37889257088403,30998400
2023-03-02,173.3193359375,173.79600207702774,170.24083365696677,171.18425591105955,17352000
2023-03-03,183.96495056152344,185.3254422430507,175.8218356725193,177.67885893450952,45877700
2023-03-06,183.61737060546875,188.34436090331448,183.35917964120182,186.6958724355289,33209400
2023-03-07,183.23007202148438,189.0394973728768,182.73354045821804,187.68893091467473,36701500
2023-03-08,183.6868896484375,183.97487129085047,180.08206561247465,181.6014509997279,19432400
2023-03-09,180.4296417236328,187.6194090554493,179.04928458509838,185.05731952586282,26582800
2023-03-10,178.26475524902344,183.48827695906897,177.55968891934018,179.7543499292982,25665000
2023-03-13,179.6451416015625,182.5051687018514,173.6073301833086,176.72554828178457,24728000
2023-03-14,192.6741180419922,192.97204001980109,185.26586022047786,186.27878888385163,41642600
2023-03-15,196.37823486328125,196.4080255450834,189.51616496662461,191.61152878670697,42123600
2023-03-16,203.50840759277344,204.33265175894712,194.7297336936518,196.88467873646928,50447100
2023-03-17,194.25308227539062,200.49944278615354,194.07432302987556,199.16874180941005,50141100
2023-03-20,196.4378204345703,197.9770713567288,192.29674889302132,197.10317093063804,25186300
2023-03-21,200.75765991210938,202.1380171523649,196.57685717774208,201.79043897159778,31827000
2023-03-22,198.4239501953125,205.93150535957898,198.28492195719429,201.09529255545812,28477800
2023-03-23,202.86294555664062,206.43797907213462,200.7477161305615,201.432932150443,27389700
2023-03-24,204.58096313476562,206.1400797751316,202.13803592442352,203.75671878483845,27716400
2023-03-27,201.4329376220703,204.43199275525842,199.9632083159738,203.3892733555036,18527200
2023-03-28,199.28790283203125,199.63548099076047,196.52718852656108,198.76158058225792,19127300
2023-03-29,203.92550659179688,204.29293507714553,201.1349866488592,202.14791521864234,18851100
2023-03-30,206.3982391357422,206.6465049204473,201.4130730889809,201.9691860222498,22608300
2023-03-31,210.46978759765625,210.69818785889007,205.33565339003295,205.8023942409932,25440300
2023-04-03,211.59197998046875,212.00906469957744,206.7557519682816,207.3913118002008,17924600
2023-04-04,213.2305145263672,214.73997471291952,211.06562904333202,211.90973875725146,21026400
2023-04-05,210.0129852294922,213.69725608698042,208.48367468576205,212.66446195233036,19396600
2023-04-06,214.60096740722656,215.43513687339265,207.20263431297062,207.79847830477047,26104400
2023-04-10,213.2602996826172,214.16399073590577,209.19867526017546,213.22058382610507,16106100
2023-04-11,212.36656188964844,214.52150711898213,211.92961167670683,213.98524452930243,16710100
2023-04-12,212.5155029296875,215.3357984907403,211.1053551491611,213.34967229513575,18972200
2023-04-13,218.82147216796875,219.61591056926196,214.19379423102393,214.2335100899121,23310400
2023-04-14,219.9535675048828,220.5692618228154,216.04089618124604,216.3686088464835,21591200
2023-04-17,217.341796875,219.4470858581435,215.62380190579213,218.26533831094628,15481900
2023-04-18,216.37852478027344,218.91083879225266,214.71018599535682,218.38451654561058,12281000
2023-04-19,214.20372009277344,215.82241788882212,211.45293090302494,211.98919349384875,15898100
2023-04-20,211.59197998046875,215.24644522576878,211.29405799455063,211.99912436985045,16475400
2023-04-21,211.41319274902344,211.92958977941137,208.12615646803314,208.75179104036965,17717200
2023-04-24,211.31390380859375,212.43607003183712,209.24834576393567,212.1977294176344,15750900
2023-04-25,206.11026000976562,209.79451581413423,205.69317530472057,209.35758075618784,19198200
2023-04-26,207.94740295410156,212.6247367296185,207.43102106246127,211.02590456421436,41992700
2023-04-27,236.9051513671875,240.0134439901391,235.12757493049514,238.22592722369822,71196500
2023-04-28,238.6529541015625,238.76217650609945,234.11464803069435,237.35202858870025,39554000
2023-05-01,241.4930877685547,242.30740681898098,234.81971739031144,236.96472226230986,29143900
2023-05-02,237.58041381835938,243.22100477059425,237.33214805138553,241.49306957739785,24350100
2023-05-03,235.38575744628906,240.07301673078624,231.13544837265977,237.80883395896282,34463900
2023-05-04,231.90011596679688,236.54764433430736,231.3141971795904,234.4224897541913,17889400
2023-05-05,231.1652374267578,233.0520513390073,228.25556968851794,230.62898999634135,27000500
2023-05-08,231.65182495117188,233.98551405748157,228.6726357621418,229.8146522234274,16400500
2023-05-09,231.7511444091797,234.24374263445586,229.4770364439114,229.8544052930158,16865600
2023-05-10,231.46315002441406,235.10768979657198,229.11952049360835,234.53171137808388,19119000
2023-05-11,234.1543731689453,236.5575995286998,230.68859218177616,231.43338960693066,20449000
2023-05-12,232.18807983398438,235.31623767522092,229.84445032350018,235.09776258207017,16161400
2023-05-15,237.20306396484375,238.59334630985595,233.69755226718914,235.27651903465465,20653200
2023-05-16,237.16334533691406,237.9776492286438,233.8862339585763,234.1543500950929,18163800
2023-05-17,240.807861328125,242.14848733648358,236.48803105544425,236.7958781724835,21193100
2023-05-18,245.13768005371094,245.37600554625948,239.51693817597663,239.62617574437581,22943300
2023-05-19,243.93603515625,246.9648808389927,241.72150854192458,245.75334256589562,21733600
2023-05-22,246.59744262695312,251.8110240364493,243.4196285026219,243.70762529469803,27738500
2023-05-23,245.0283966064453,249.8646090911643,244.93900941053306,245.09790314444322,17748100
2023-05-24,247.48126220703125,247.85861588162453,243.2508036965043,243.5785163383719,17724300
2023-05-25,250.93711853027344,253.84678615571042,247.44153215641037,251.64218484946718,22371400
2023-05-26,260.2222900390625,260.49040619358874,250.95700854244143,251.1754685062599,25727200
2023-05-30,260.6989440917969,266.78642644402095,259.47749573404934,263.4100175767866,23816500
2023-05-31,262.8836364746094,263.1616929001556,256.65714242440833,258.1963779397753,25473700
2023-06-01,270.7189636230469,272.0993361158613,264.04560753896527,264.0555175636678,25609500
2023-06-02,270.7189636230469,273.4399775922079,269.23930904789154,270.7686349701032,19416900
2023-06-05,269.5074157714844,273.65841235642824,267.69009328325524,268.42495029713945,20742900
2023-06-06,269.2392578125,274.6514637291308,267.81918487933905,268.26607538837465,19419000
2023-06-07,261.7714538574219,272.3475704025808,260.97698514947285,269.785480795916,26163600
2023-06-08,262.74462890625,265.79333998070234,257.0841872637423,258.8121074074924,20899400
2023-06-09,263.1120910644531,266.09128048444296,259.88463585946414,260.6592238964262,16949800
2023-06-12,269.16973876953125,269.8648950557806,263.48941667516516,265.31667943229814,15442500
2023-06-13,269.4379577636719,273.8074304809002,267.2234155635871,272.9732608962748,16164000
2023-06-14,271.453857421875,273.08246546464875,266.45875026628784,270.00399349857275,19175100
2023-06-15,279.87493896484375,282.0199587352708,269.53717954510836,270.41104955005704,25973500
2023-06-16,279.0506896972656,285.85317698415713,278.18672977739226,282.77467576973805,43127700
2023-06-20,282.3576354980469,282.8243763963911,274.30390780158746,276.79650603592376,20701600
2023-06-21,279.686279296875,282.0298934420368,276.4290035465778,281.5631526174152,20556200
2023-06-22,282.9038391113281,283.2812079627255,275.86302491273386,277.1440545745205,17563100
2023-06-23,286.7271728515625,287.66065476283757,277.01501514789965,279.55725473004424,51092000
2023-06-26,276.538330078125,287.77981357074214,275.67436988195124,286.69737824287836,24232700
2023-06-27,285.05877685546875,287.34284037830906,278.70317849421707,280.05376019304254,26108300
2023-06-28,283.3110046386719,287.5414332003297,282.08952601055387,282.8442637293146,16722100
2023-06-29,279.5770568847656,284.5821034580367,278.7428875068673,282.5264555414938,15395700
2023-06-30,284.9892883300781,287.04490612365464,282.44704896001576,282.7846868116461,19694900
2023-07-03,284.0359191894531,287.3924775791837,282.87405224278217,284.71122518279316,8629300
2023-07-05,292.3280334472656,296.0520207544327,284.3735868612731,285.65464698058673,33865500
2023-07-06,289.9645080566406,296.0519901953358,289.28923236805707,293.8374787010274,47600500
2023-07-07,288.5146789550781,294.1453611932193,286.6576554354767,290.15322733673304,25586000
2023-07-10,292.0599060058594,296.0619496653583,285.05879195490223,293.4998295255578,37058300
2023-07-11,296.2208251953125,298.09769885118925,289.8751369122763,291.86126327728795,27585900
2023-07-12,307.19415283203125,307.30340553817604,298.01825897469564,299.6568071198081,36677100
2023-07-13,311.2359313964844,314.0462868298362,308.1375791585091,311.4444661763027,30281000
2023-07-14,306.7273864746094,312.69570524056013,305.2278515366638,309.6271439820355,23054100
2023-07-17,308.46527099609375,309.54770619356174,302.59626413923417,305.4066498267778,25323100
2023-07-18,309.8853454589844,312.02045548737846,305.4860829548435,308.72347853869013,20731900
2023-07-19,313.8179016113281,316.4693633002309,308.3659642076415,310.85856245874305,21763700
2023-07-20,300.42144775390625,313.35114912707894,300.12354093668733,311.32529185234506,23836900
2023-07-21,292.21875,303.3410382508624,289.179979416503,302.4572278736158,42139300
2023-07-24,289.5870666503906,295.4560722070419,286.3000307745186,293.7281524056486,24915700
2023-07-25,292.42730712890625,296.23072566058914,289.83539654714053,293.1423138094745,19585600
2023-07-26,296.49884033203125,299.6766238894275,289.8750964937067,299.1006606584719,47256900
2023-07-27,309.5476989746094,323.0930945799738,307.690675775202,322.86467915054084,64229200
2023-07-28,323.22216796875,323.9371745671294,312.07005916085666,314.68181979529624,39220300
2023-07-31,316.38995361328125,323.40097764743524,315.3869500452548,321.4446418568017,25799600
2023-08-01,320.4714050292969,321.89150838566957,312.47725868492967,315.33728544494596,22817900
2023-08-02,312.12969970703125,316.1814146347916,308.4950846682021,315.7941054303638,20461100
2023-08-03,311.0174560546875,313.7583200966404,307.7800604286639,307.7800604286639,15180200
2023-08-04,308.57452392578125,316.2012416546554,308.0482016678067,312.7751616601819,17612800
2023-08-07,314.3640441894531,314.87051605492724,308.3063533786406,311.05715748858296,16236500
2023-08-08,310.47125244140625,315.684833553697,307.95877378317203,312.2190228348617,15183500
2023-08-09,303.0928039550781,311.45440924520847,300.749189402724,310.70961186199514,19955800
2023-08-10,303.6191101074219,310.1733327929032,301.7620869128098,305.8038611045428,14358900
2023-08-11,299.5475769042969,302.60619800831466,298.2764270049962,300.4711183412435,14046300
2023-08-14,304.06597900390625,304.0858293548746,296.1810559287265,298.8921289769333,15641900
2023-08-15,299.85540771484375,305.09877954029145,297.9487132756446,304.0163444248996,11623600
2023-08-16,292.24853515625,298.9914114844194,292.2385948278113,298.11754145231623,18547700
2023-08-17,283.1123962402344,293.9963608951782,282.97338314530896,291.01717116691407,23950100
2023-08-18,281.2851257324219,283.7082021437842,272.47666080114544,277.09439819859506,35347900
2023-08-21,287.88897705078125,288.48482095213376,279.8948314840981,281.48373845241144,20181500
2023-08-22,285.6049499511719,290.8681721911875,284.7608402658425,290.5205940494777,12980200
2023-08-23,292.19891357421875,295.33699700136754,285.6745112195998,286.49874036161424,18287000
2023-08-24,284.7608337402344,297.3826568041552,284.65161134996356,296.42932474789876,18360900
2023-08-25,283.51953125,286.3894983198096,274.1152219434127,284.145165887689,23701400
2023-08-28,288.2464904785156,289.4282379320253,283.81740745700915,286.0021582885092,14239300
2023-08-29,295.9228820800781,297.074838985224,286.1809348809312,286.57815408473397,20844500
2023-08-30,293.052978515625,296.22085278736694,291.3945495117741,295.1086267683013,17717000
2023-08-31,293.83746337890625,299.0113137881702,293.6090479494358,293.7480610282445,17229900
2023-09-01,294.3240966796875,299.6469012576777,292.42734219813093,297.2933461577738,12842300
2023-09-05,298.06793212890625,299.2993511822049,293.46013435072877,294.95963926885355,14956000
2023-09-06,297.0946960449219,301.1960211231086,293.6090349237248,299.61705445694486,15418100
2023-09-07,296.5981750488281,304.92001852805595,290.1929058097352,295.93280942459444,33748700
2023-09-08,295.8235778808594,303.13250766294516,294.72126209393633,297.144338453534,17548000
2023-09-11,305.426513671875,306.8962581098335,299.19007802273353,299.3191810869582,19489300
2023-09-12,299.56744384765625,306.5188861385687,298.14737076735327,304.2050319475846,13480400
2023-09-13,302.9438781738281,305.0491674534788,299.22983124862884,300.2625952273231,13210900
2023-09-14,309.55767822265625,310.699694901637,302.9140826402241,304.61221231602815,19343100
2023-09-15,298.2267761230469,309.83568614706604,296.677600116782,309.44837699255953,28131100
2023-09-18,300.45123291015625,301.49396736300946,295.7341831203548,296.1214922814983,14234200
2023-09-19,302.9537658691406,304.0461413355526,297.7302442880401,300.3817360880637,15924400
2023-09-20,297.59124755859375,305.92303162981295,297.3528917945429,302.93390184979273,19379500
2023-09-21,293.6785583496094,298.1771329325282,291.2356013293581,293.64876766916143,21319600
2023-09-22,297.0052795410156,303.2615948527905,296.2009009061398,297.22375462122136,25369600
2023-09-25,298.7431640625,298.86235709344436,291.6626494973639,293.58919436823385,18987000
2023-09-26,296.8861389160156,298.21683984687155,293.9566209246884,295.5951689952112,19417200
2023-09-27,295.67462158203125,299.20992407915827,284.80059794210763,298.3658446206744,36429800
2023-09-28,301.85150146484375,304.20505655333676,294.64188277083076,296.8663347859658,22167100
2023-09-29,298.12744140625,308.48511176016746,297.28333177621215,305.2477166099444,25373700
2023-10-02,304.6916198730469,305.04910803314016,299.5376200905421,300.6399055567097,16265600
2023-10-03,298.8524169921875,304.64196163237807,297.561447061845,302.14939381555854,17362300
2023-10-04,303.460205078125,304.7710556276171,296.429331750097,296.65774717044013,16880500
2023-10-05,302.67572021484375,304.0858528897177,297.42240776565654,302.51682647716126,19130000
2023-10-06,313.24188232421875,314.11578268990155,298.82261720809345,299.3489394320778,21803900
2023-10-09,316.15155029296875,318.10788578945574,309.6569395147222,310.33221514145873,22503700
2023-10-10,319.607421875,322.40786706769734,315.9529569700523,316.90628905267334,19038000
2023-10-11,325.54595947265625,326.55887294556385,320.70974692421356,320.7693282869798,22036300
2023-10-12,321.9113464355469,328.24709402590145,320.45154242865993,325.72470520119657,20530500
2023-10-13,312.5070495605469,322.7951693946369,310.20313574623543,321.28572429519977,21341000
2023-10-16,318.9222412109375,319.5876068907617,313.3312905356159,316.42967318231075,16536100
2023-10-17,321.7524108886719,322.1496300261243,315.098876689302,315.972776975224,16387800
2023-10-18,314.771240234375,323.67901825207645,313.3710175011576,319.1605928644108,16851000
2023-10-19,310.64007568359375,319.65710588726887,309.5874311888656,317.6610392954345,18709200
2023-10-20,306.5089111328125,313.112774500893,304.344040909114,311.9608480064677,22312300
2023-10-23,311.83172607421875,315.15846291948395,305.12855074368696,307.35300219253065,17796800
2023-10-24,310.38189697265625,316.141681826323,308.4752325634926,314.58256529909806,19525500
2023-10-25,297.4521789550781,308.7234508156699,296.7669630150486,307.8495504686246,42192500
2023-10-26,286.3497619628906,292.95362577078447,277.46183475359373,292.95362577078447,66684100
2023-10-27,294.67169189453125,297.23378194328507,290.93776408758714,292.4372994090565,29596300
2023-10-30,300.5605163574219,307.25375273017136,296.97554239139123,297.0152734056479,28435100
2023-10-31,299.18011474609375,301.5734004979503,294.8007027575976,301.20597199311294,19434200
2023-11-01,309.6867370605469,310.57054746980504,299.7561059558693,299.7561059558693,20434600
2023-11-02,308.7135314941406,316.60839552863507,306.1911426491428,315.0989201697946,21631800
2023-11-03,312.4176330566406,313.3610247448418,308.8624504634677,310.38183567622644,16764300
2023-11-06,313.60931396484375,316.1217623884559,312.2687030283649,313.78808835480413,12887700
2023-11-07,316.6083984375,318.77326881523226,312.93405268705885,314.86059760841897,14055600
2023-11-08,317.561767578125,319.10100350638385,312.69576367284776,315.93315959331096,13609700
2023-11-09,318.32635498046875,321.93117877367166,316.58849460789054,317.2042191682573,16103100
2023-11-10,326.48931884765625,326.817046616223,317.2439045368865,317.72058569758434,19096200
2023-11-13,326.9064636230469,330.02466618217363,323.44068289721343,323.93721447654235,16908900
2023-11-14,333.9770812988281,335.7546729067874,331.0177420621796,332.21937035057084,17179400
2023-11-15,330.40203857421875,336.05257043204165,327.73069622431444,335.58582953023244,14531200
2023-11-16,331.87176513671875,332.25904399287276,324.11594462578523,327.0851936445304,18932600
2023-11-17,332.7159118652344,333.1727124637397,327.0653796824367,327.9690708551846,14494400
2023-11-20,337.6116638183594,339.4984776499727,331.87176030410876,332.5669165974887,16960500
2023-11-21,334.64239501953125,337.54212213275287,333.5698699621859,335.9830058823944,12027900
2023-11-22,339.1211242675781,340.5412275998249,336.2313068739848,336.85694150534493,10702700
2023-11-24,335.8837585449219,339.4885523054197,334.4338645325488,337.77057245981536,5467500
2023-11-27,332.3782653808594,337.54217584072387,331.88173378053295,333.84797952206,15684500
2023-11-28,336.638427734375,337.02573686392367,331.08720901866207,331.08720901866207,12637200
2023-11-29,329.89556884765625,337.5421364160391,328.4854059328464,337.3336016539062,16024500
2023-11-30,324.8805847167969,331.18654141664064,320.16353502645495,329.58772438421056,23146400
2023-12-01,322.5667724609375,324.59259942151226,318.5349385863459,323.22219776202286,15276400
2023-12-04,317.800048828125,318.6342182124183,311.4841819302408,315.08900590564207,19037100
2023-12-05,316.08209228515625,319.64718551244295,313.20221508572604,316.76730831301273,16952100
2023-12-06,315.2479248046875,320.01461603995,314.8407652561851,319.69682854269684,11294300
2023-12-07,324.3244934082031,325.96304155910934,315.56566907383996,315.56566907383996,15905100
2023-12-08,330.4417419433594,330.85884177416375,320.7593768526073,320.84874889366245,14087400
2023-12-11,323.0235595703125,327.60159615821783,317.7801876857331,327.11497463782547,25802500
2023-12-12,331.9015808105469,332.1498466082238,322.30858675160493,322.3483177648806,18485500
2023-12-13,332.41796875,336.0227930461716,330.33256025664025,331.613589975502,16353300
2023-12-14,330.8588562011719,332.3782415771225,326.3602814366217,331.5341318558429,19607300
2023-12-15,332.59674072265625,336.31078739773227,328.9223947553969,329.6870425102997,31776900
2023-12-18,342.2294616699219,345.1490701287653,334.682174703564,335.1390056312208,18993900
2023-12-19,347.9295959472656,351.14714120990925,342.72595466047795,343.182755230737,17729400
2023-12-20,346.85711669921875,352.4977084573488,345.3774622145316,346.23148202811683,16369900
2023-12-21,351.63372802734375,353.9376418145249,346.787574994267,350.53144247490695,15289600
2023-12-22,350.9385681152344,354.7221359363727,348.7836079478467,353.1133483277579,11772800
2023-12-26,352.3685607910156,354.5036706665009,350.99815919191883,352.5274545211747,9898600
2023-12-27,355.3477783203125,356.50967555573715,352.84527005939833,353.6000077612428,13207900
2023-12-28,355.8343811035156,359.38953370527474,355.32790921917086,357.2048130452383,11798800
2023-12-29,351.5046081542969,357.5027177940436,349.37946886869037,356.4997143601284,14987100
2024-01-02,343.8878479003906,350.71018691578075,337.65141250884125,348.8829543501039,19042200
2024-01-03,342.0804443359375,345.5363148044209,340.79938446227584,342.5869162104764,15451100
2024-01-04,344.7120666503906,345.7349204555681,341.01787061798507,342.1102461152332,12099900
2024-01-05,349.50860595703125,351.0478417972967,343.8580739149464,344.58299065641415,13920700
2024-01-08,356.17205810546875,356.48984560926635,349.6078944625118,352.2395362400979,13890200
2024-01-09,354.9505920410156,358.13834691051966,352.8949438292911,353.9277381003712,13463900
2024-01-10,367.9001159667969,370.35298322336445,356.58911184712105,357.671577377967,22117200
2024-01-11,367.10565185546875,370.19406356936474,360.41238591073494,369.54857861141966,17205400
2024-01-12,371.8922119140625,374.44439150060066,366.97656747114235,367.59226177945345,19310000
2024-01-16,364.91094970703125,373.00440772159226,364.68256459513566,371.05801257675466,15306900
2024-01-17,365.8146667480469,365.9835008176881,356.1223607318254,363.75901875957754,12724800
2024-01-18,373.52081298828125,374.23581960253256,368.37675361940967,368.91298585068853,16354300
2024-01-19,380.7900695800781,381.69373035981744,375.3480727138561,376.3709265262171,21670800
2024-01-22,379.1316223144531,387.6421802024165,378.51592805242285,385.25883486628504,17680500
2024-01-23,382.5279235839844,385.68585701267045,379.42954121177866,381.95193000664796,15506100
2024-01-24,387.98974609375,393.401921537415,385.1197793299396,387.2945898357956,15698500
2024-01-25,390.45257568359375,392.74654921576047,382.98475144483166,387.463476105673,15091100
2024-01-26,391.4059143066406,394.0375255245111,388.8735851564818,391.6144490770692,13163700
2024-01-29,398.2381591796875,400.13491336467393,390.3731162858589,392.2499898127957,18742400
2024-01-30,397.2848205566406,403.54110595161325,396.79822933650826,400.7903320803033,18614700
2024-01-31,387.4336853027344,395.23914738517544,384.41476473655706,386.30157872571164,20180800
2024-02-01,392.0414733886719,397.7217958803975,390.32346321045657,391.20730397034777,29727100
2024-02-02,471.695068359375,482.5889726143862,449.86755914254087,456.41184183690996,84707600
2024-02-05,456.22314453125,468.6264935538415,456.03446010862973,466.6205169046831,40832400
2024-02-06,451.5657043457031,463.87968209622363,449.8576344112001,460.78132972802837,21655200
2024-02-07,466.3324890136719,468.24909348841373,453.0155094480888,454.82289153063925,23066000
2024-02-08,466.7396545410156,467.32555813022316,461.8041297477829,465.07131581521656,18815100
2024-02-09,464.8627624511719,470.30475925765757,464.227217813574,469.6692146200597,18413100
2024-02-12,465.6473083496094,475.82620571090297,463.34339455149507,464.9422419936449,19382000
2024-02-13,456.92822265625,464.64434291204145,451.93311610453003,453.70076734156714,20916600
2024-02-14,469.9969177246094,470.8211467892726,462.8567913837344,464.68402390922387,16858400
2024-02-15,480.6723327636719,485.230488771925,468.9442599360806,471.9830306082493,24212300
2024-02-16,470.0366516113281,475.6375119489184,465.9551463563073,474.7934022206939,23324600
2024-02-20,468.47747802734375,472.87673991696664,463.32347854731034,466.46156131611195,18015500
2024-02-21,465.2764892578125,466.2407837767999,459.0732100730906,463.7554917524033,12921800
2024-02-22,483.27001953125,487.1072959336593,473.2592557697575,477.41465683896786,21625800
2024-02-23,481.1823425292969,491.45155549063116,479.51223362447035,485.1786810525682,18374300
2024-02-26,478.9057922363281,483.27993019579174,477.7725149199475,480.62562513120974,12101400
2024-02-27,484.1846008300781,484.40330775112943,477.09657315636196,477.1562177404633,10809600
2024-02-28,481.17236328125,488.16100260044766,479.9098459701468,482.1466085873044,12715500
2024-02-29,487.2464599609375,488.8072305793803,479.77068239389234,485.5664001835374,17732000
2024-03-01,499.3448486328125,501.28338849746706,488.95634643940537,489.2147961734658,16273600
2024-03-04,495.2590637207031,501.45242246523446,493.49948786126953,500.040763224294,12324100
2024-03-05,487.3359375,492.6643889703307,485.0196587114357,492.0878145767347,15325300
2024-03-06,493.1714172363281,500.01094591801206,491.38201906781137,494.7023656575051,11757900
2024-03-07,509.17669677734375,516.791604925774,498.4302963735491,500.31911226510823,18586400
2024-03-08,502.973388671875,520.4897211921858,496.41221196459594,511.1649010956574,18597100
2024-03-11,480.7449645996094,494.3941998930595,473.19962133692354,494.08602609612274,20428300
2024-03-12,496.809814453125,499.35475074544195,481.87819273232395,490.3580068610441,15448200
2024-03-13,492.6544494628906,498.0326247688167,488.1411508830756,492.4755157274268,12090700
2024-03-14,488.9364318847656,498.40044284010156,485.28804037111354,497.3168592141215,12620000
2024-03-15,481.2519226074219,488.93642563448503,478.46837751695034,486.13303946882996,29153600
2024-03-18,494.05615234375,494.4935661399137,483.94597166783353,489.01597315025106,11755300
2024-03-19,493.3204650878906,493.70818516596694,478.44848764237196,485.29796631744654,10903100
2024-03-20,502.5459289550781,505.2101851162554,492.25684403551685,496.56135656046746,11711100
2024-03-21,504.77276611328125,512.0099050096288,503.0330616786882,511.68189014587995,9712500
2024-03-22,506.58203125,506.9697513685857,501.37286886802445,504.0172232261066,8120600
2024-03-25,500.0605773925781,504.23587971688966,497.2969341476015,502.8143001003013,8380600
2024-03-26,492.97259521484375,506.9995687205203,492.2965727329748,502.158224751726,11205400
2024-03-27,490.9544982910156,496.94905159749567,485.1985839795798,496.362495999964,9989700
2024-03-28,482.7232360839844,489.99025800905156,482.2957731289916,489.9405339648192,15212800
2024-04-01,488.45928955078125,494.5035062693651,478.9455846143477,484.3337109507277,9247000
2024-04-02,494.44390869140625,494.60297103307335,481.79874074024735,482.24610547231356,11081000
2024-04-03,503.75872802734375,504.2557864179736,495.8157446532508,495.99467839274877,12099200
2024-04-04,507.9141845703125,526.8819203543317,507.5761581503475,513.3817968019891,26476300
2024-04-05,524.2376708984375,527.5778893632854,511.3836850509506,513.8192837684339,19263300
2024-04-08,516.1951904296875,528.363171344258,515.837322914807,526.1662118700644,13260600
2024-04-09,513.8590087890625,522.7762075444691,503.7587479141373,519.1576077555757,10863800
2024-04-10,516.7716674804688,519.4855864783038,502.824181963693,506.2936696505045,11418500
2024-04-11,520.0820922851562,520.7779861454409,514.2466318161514,518.0441650826642,10369500
2024-04-12,508.8883361816406,517.1295721762829,506.333448963844,514.7039249844655,11984500
2024-04-15,497.2870788574219,515.4794352711156,494.3544220379405,513.6800255378373,13512900
2024-04-16,496.81982421875,501.8003287823735,494.185390414838,495.1795072199256,9847900
2024-04-17,491.26275634765625,500.19985747089834,484.2741158320514,500.14021288460617,12193700
2024-04-18,498.8478088378906,509.1965989271546,496.1040670407221,496.87947694788414,14808700
2024-04-19,478.2397766113281,499.8419152749836,472.93119653596085,499.8419152749836,25215400
2024-04-22,478.8958740234375,489.11539302390713,470.6148644871972,486.8388571664129,17271100
2024-04-23,493.181396484375,495.82575105924457,486.09333818608064,488.35992348767746,15079200
2024-04-24,490.59661865234375,506.9995451118446,481.72908384792635,505.0709561798665,37772700
2024-04-25,438.78326416015625,443.1474209983465,412.06140056723507,418.92080020267707,82890700
2024-04-26,440.6820373535156,443.8134991532309,429.4186772096866,438.8627866508182,32691400
2024-04-29,430.0747985839844,437.1728069896792,426.0386868647591,436.97397149750554,21502600
2024-04-30,427.6392517089844,437.0336375847917,427.19188699859626,428.5140490387037,18429500
2024-05-01,436.6061096191406,447.31273540242563,424.59716306659914,426.0784175581534,20344900
2024-05-02,439.08154296875,441.34812827617054,429.7368502219474,436.25825462708866,15221300
2024-05-03,449.3009948730469,451.49801471944727,441.2387226459596,443.30647212359105,16489100
2024-05-06,462.9403076171875,463.41749460646207,450.67290985368646,452.89972179422654,15094600
2024-05-07,465.4852294921875,468.75588217992066,458.59600751554564,463.54671998178384,13406800
2024-05-08,469.8196105957031,472.782059273929,460.2760831496155,460.77314155474465,11683900
2024-05-09,472.6230163574219,473.2791067395544,464.8788380898599,467.2348900216278,9437700
2024-05-10,473.3984375,474.6907772189938,466.8372604802556,474.28318568594807,10750000
2024-05-13,465.2566223144531,470.56520248901546,460.12697588623786,469.96872632982064,14668800
2024-05-14,469.0740051269531,469.7599481269555,457.3732312994019,460.6438839752648,10478600
2024-05-15,478.70697021484375,479.6613137641601,468.42780704852413,472.1855670081189,13100500
2024-05-16,470.4459228515625,474.87967546082996,469.9687358469358,472.20549873568376,16608200
2024-05-17,469.1336669921875,470.0184151764491,465.6642090368279,468.060003849129,10807300
2024-05-20,466.08172607421875,470.4160911835801,464.29232793410193,467.1852115197864,11745100
2024-05-21,461.8965148925781,467.93081142737947,459.55038336084,464.37185613031085,11742200
2024-05-22,465.0279541015625,470.9330103029686,462.9104804698009,465.1174209727308,10078600
2024-05-23,463.0396728515625,471.56918074349574,458.8246277741351,470.0979074516569,11747900
2024-05-24,475.40655517578125,477.026970474764,463.55666912571417,464.8689106321585,12024300
2024-05-28,477.0965576171875,478.0309995170203,472.0464271821376,473.7761807408165,10175800
2024-05-29,471.5692443847656,477.02696640517695,470.91315397517894,471.8674976362521,9226200
2024-05-30,464.3022155761719,468.9547050193101,461.9759860236206,468.8950604414013,10719600
2024-05-31,464.08355712890625,466.3600932168862,451.7863365116036,463.05961798385624,16919800
2024-06-03,474.6808166503906,476.7784188544019,465.48523633705065,468.08981747441885,11279400
2024-06-04,474.18377685546875,476.0726231021899,470.4459182059382,474.1937277319372,7088700
2024-06-05,492.1474609375,493.72810301008064,481.06306467707714,481.59989624411645,15690500
2024-06-06,490.8551330566406,499.86182906109696,488.0020226239272,490.07972314692046,10667300
2024-06-07,490.059814453125,495.97482161134235,487.28625039496967,492.99247117957646,9380700
2024-06-10,499.64312744140625,499.70277202447545,490.5071912988335,490.95452567185265,11220900
2024-06-11,504.4844665527344,504.6137065941105,495.3385796246827,497.2174749867736,9673700
2024-06-12,505.8463439941406,510.9859407429061,501.5020588176396,510.966038992328,11983200
2024-06-13,501.13433837890625,506.36337267456435,498.41043742661674,502.73485203529634,9954600
2024-06-14,501.6915588378906,504.66690962077223,498.298251077537,500.1889423120375,10243300
2024-06-17,504.14947509765625,508.249298155344,493.5814769288384,499.2137684390171,11266600
2024-06-18,497.0444030761719,503.5225387370223,492.596287734658,502.0895867902152,13060400
2024-06-20,499.2435607910156,501.20391638251726,494.3376762505557,499.54207976711996,11801200
2024-06-21,492.35748291015625,500.98504667305747,489.979200494197,500.98504667305747,22359200
2024-06-24,496.4672546386719,505.31371188112524,491.86987981067074,496.75584325197343,13525300
2024-06-25,508.1000061035156,508.2094529447459,493.07393265728075,494.6163313992583,12063200
2024-06-26,510.6076354980469,511.2942595205893,502.2089573502192,504.16931296840505,8882300
2024-06-27,517.0161743164062,520.319926517376,511.38391302671926,511.73217509345994,10121200
2024-06-28,501.7512512207031,519.3247883921233,501.37310690877666,514.6179667414566,15855100
2024-07-01,502.208984375,504.0996755435027,490.75536015325986,502.4776818397667,10328200
2024-07-02,507.00537109375,508.0004748642971,497.0045903470144,498.30817385697856,7739500
2024-07-03,507.463134765625,508.776679094368,503.542423291387,503.89071570148445,6005600
2024-07-05,537.2664794921875,538.2218010293692,509.09512300088096,509.09512300088096,21354100
2024-07-08,526.7283325195312,540.1522726002711,524.0714224714271,539.6945030030015,14917500
2024-07-09,527.405029296875,534.8483865011414,525.6038937960874,531.1366686551077,8753200
2024-07-10,532.0720825195312,536.241570100338,525.7730581128677,528.1911531915238,10983300
2024-07-11,510.18975830078125,532.8383317448535,505.8809416050376,528.2906998418636,16458300
2024-07-12,496.4274597167969,505.6023185565317,491.81019357981927,495.32290900460265,19750500
2024-07-15,493.7306823730469,504.19916293564853,490.954334395492,496.1885898608711,12539200
2024-07-16,487.3919677734375,501.48264322240715,483.4115520093725,499.04462641965245,14075800
2024-07-17,459.7279968261719,476.8239032636759,456.87205376676457,476.8239032636759,28076600
2024-07-18,473.5201721191406,476.8935583722376,462.2655500283145,472.6743277747539,19267200
2024-07-19,474.4555358886719,484.3269482993647,473.3808068088941,473.7290992026768,15149400
2024-07-22,485.0135498046875,489.6507368103618,481.53068676493757,484.197557461303,12023100
2024-07-23,486.29730224609375,492.79532916331743,485.3320502981374,487.4416655984561,9455500
2024-07-24,459.0115051269531,473.96791357765954,458.32488109609346,469.9974592525505,17649700
2024-07-25,451.1900329589844,461.28037004297926,440.4827059887369,460.99181179623156,18240500
2024-07-26,463.41986083984375,467.4699103049838,457.1706100687651,461.9272051107502,14222400
2024-07-29,463.4298095703125,471.63941640526457,462.7431854783001,467.57940602342404,11339600
2024-07-30,460.9221496582031,470.41544878621977,454.4639354603108,464.7134928556887,11390400
2024-07-31,472.505126953125,474.166963671529,464.46470156072644,468.7137838808179,24285800
2024-08-01,495.3029479980469,524.5888450886373,489.69057844469546,518.4490717442071,43083100
2024-08-02,485.75,498.6962802271807,473.81868438258266,486.6057747203378,24044700
2024-08-05,473.4007568359375,481.11281153240685,448.5927952293006,449.1401205576873,21396200
2024-08-06,491.67083740234375,500.0993678802894,476.3064321601276,476.6547245669501,20955000
2024-08-07,486.5261535644531,507.6521873819174,484.47621183859076,500.6665697776355,20105300
2024-08-08,507.134765625,507.4631365242445,492.2977639959644,495.0641514061811,16156800
2024-08-09,515.23486328125,515.8020796798145,503.2239543083287,505.22409209924047,13696600
2024-08-12,513.4238891601562,515.4837616009847,506.6074211085447,514.3294070201094,9767400
2024-08-13,525.9522094726562,528.8977389715159,515.6131257961117,517.4640045298117,13743800
2024-08-14,524.1808471679688,531.3853884091141,520.5686157923502,525.4744698614029,11444200
2024-08-15,534.6991577148438,537.1272134882921,524.1211991482853,529.186243628135,13482100
2024-08-16,524.837646484375,531.0470846831789,522.0911501880614,529.2957529559742,14776700
2024-08-19,526.6885986328125,529.0568899352673,520.2005020489785,524.2903643248923,9879700
2024-08-20,524.1510620117188,528.4897612100921,523.3052479844695,525.7631254837314,7944400
2024-08-21,532.539794921875,536.7590866231334,524.3501089756588,524.5690634241616,13423300
2024-08-22,529.3255615234375,541.5653262197158,526.0019488156585,534.3707451204748,15708300
2024-08-23,525.414794921875,537.2266719109294,522.4891873843347,534.2911036177962,11323900
2024-08-26,518.568603515625,525.4149240515669,512.4288287009674,525.0168581479052,9584000
2024-08-27,516.5584106445312,521.4444048101191,512.7869887253286,516.4390030353331,6282700
2024-08-28,514.2498168945312,518.5387122265323,509.94100004912804,515.135413196109,9106100
2024-08-29,515.6826171875,524.6186898342248,513.1550756206202,516.5085702757614,8317400
2024-08-30,518.7575073242188,520.9765691392004,512.677438295027,518.7972896071401,9157500
2024-09-03,509.25433349609375,522.9170893173817,506.12969296841686,517.0957563465828,12459100
2024-09-04,510.2295227050781,514.0607088520369,501.60198959597125,503.59219723501985,8335200
2024-09-05,514.3294067382812,519.0760719574297,508.647371756267,509.214588289198,8640900
2024-09-06,497.820556640625,522.011557449387,495.8104579393683,519.3247650985389,14744500
2024-09-09,502.3184509277344,508.82640785276607,499.62169779030836,503.6817382618634,11047800
2024-09-10,502.3184509277344,511.6624597294251,497.5817471669727,505.6719458429353,9899000
2024-09-11,509.323974609375,510.6076670397068,493.1734590533484,504.52759727884006,10782500
2024-09-12,523.0265502929688,524.1311617071216,512.6973676482601,514.5184246686891,11970500
2024-09-13,522.0513916015625,524.9969209454283,514.5781517601987,517.7923785867389,10321400
2024-09-16,531.1752319335938,531.9919419852342,515.3579036757625,522.469676680895,9527600
2024-09-17,534.2031860351562,539.9603411261944,528.4758809229954,535.4781023427641,11690800
2024-09-18,535.8268432617188,542.0521759030291,531.7928398690025,534.9503115622812,10323500
2024-09-19,556.893310546875,559.8516201147253,544.3630052709944,547.8292508952223,15647000
2024-09-20,559.1344604492188,562.2720524644678,554.1044037596297,557.7898128965492,22066800
2024-09-23,562.1823120117188,571.7145476196829,560.1902057812791,567.2522491176607,12830700
2024-09-24,561.1066284179688,565.5091662433006,552.0026881920077,564.4433820957124,12993000
2024-09-25,566.0669555664062,574.6031382414297,561.495044920447,561.8237594778809,16543400
2024-09-26,565.5988159179688,575.12108106941,560.1304333621082,573.4576286297669,14400800
2024-09-27,565.1206665039062,568.5869725969067,562.2819395153491,567.8498422431941,9398400
2024-09-30,570.1807250976562,572.4118746514968,562.5708636738842,565.4594424177856,12792300
2024-10-01,574.1946411132812,580.7387165887828,567.8497883957224,575.6986908635104,15259300
2024-10-02,570.5491943359375,573.726606271189,567.0929191356522,572.5910911056551,6524700
2024-10-03,580.4698486328125,581.0574858806771,566.4852250655888,567.8996641519551,11581000
2024-10-04,593.587890625,594.4942722022978,579.1351503249019,581.4260603106362,14169500
2024-10-07,582.4719848632812,600.5702534093805,581.7348544719052,595.8588807132597,12014200
2024-10-08,590.5499877929688,591.2173264049184,583.6572559768421,587.3626054402398,7857400
2024-10-09,588.179443359375,592.044135023298,579.3145446799676,591.6456893859636,9529700
2024-10-10,581.5257568359375,587.9004608400106,580.2209295755789,585.2509860772241,7740400
2024-10-11,587.62158203125,588.8766187572965,580.4101667801536,582.5217946450296,8587100
2024-10-14,588.0897216796875,597.7315094974075,587.6315761095043,591.8747117346282,8252000
2024-10-15,583.9559936523438,588.2788294934876,577.8501840881798,587.8305934985399,9564200
2024-10-16,574.513427734375,579.7825873772659,571.7643723313396,579.1052785857133,11268400
2024-10-17,574.6528930664062,582.6611379007146,572.9297407014117,581.0276570619114,8701200
2024-10-18,574.1946411132812,581.6650385792533,572.9794856400565,578.8063713458147,7694300
2024-10-21,572.889892578125,574.9617001148115,566.8637832891501,573.7565147335716,8171900
2024-10-22,579.712890625,581.2269108333847,569.8619106006562,572.0233288655415,8544500
2024-10-23,561.4651489257812,582.6910370930768,560.2798433587277,577.6808610458894,14248400
2024-10-24,565.5391235351562,566.634757753837,559.3038206828223,564.8916646277681,7184700
2024-10-25,570.9874877929688,578.9957335073058,569.4634972400297,571.6647966628544,11337900
2024-10-28,575.8779907226562,581.4459538870801,571.8539583838267,579.7028610917013,10925100
2024-10-29,590.9384155273438,591.3268300347977,573.128981140023,577.860233390468,13019100
2024-10-30,589.4642944335938,598.8272191939645,587.0538626186211,598.6080558684588,26864900
2024-10-31,565.3397827148438,587.5716931255836,560.7878131777096,582.691009073761,26838400
2024-11-01,564.9215087890625,571.4058248782926,560.339688365465,565.3697448899991,15303200
2024-11-04,558.4669799804688,566.445374112341,555.6880140400102,561.8734641646195,12064600
2024-11-05,570.1707153320312,571.2165590136462,564.4334392801001,565.0609576479214,9775400
2024-11-06,569.7921752929688,570.7384379160791,552.9787937592303,560.5288934332871,18305400
2024-11-07,589.3646850585938,592.4524256318628,572.9397776720764,574.6131397370345,14653700
2024-11-08,587.0139770507812,590.7590857439004,582.2129936797714,589.205245296399,9415700
2024-11-11,580.8683471679688,584.6832480747347,574.2346593822191,584.04575941466,10209100
2024-11-12,582.5117797851562,597.2931737075237,578.0893016004109,586.217068126676,16287700
2024-11-13,577.7108764648438,583.3286313024703,572.8999223160268,580.310560818312,10757600
2024-11-14,574.8820190429688,578.4678469202681,570.7484348770021,574.7226772857438,11053700
2024-11-15,551.89306640625,570.3100767540825,549.3232326292208,568.965368719872,17712900
2024-11-18,552.2118530273438,557.6901449788284,547.9188666753142,554.8413869604221,14327300
2024-11-19,558.87548828125,559.2141123072212,548.4268396780825,549.6818763732618,9522400
2024-11-20,563.2879638671875,564.1146441614266,552.012635573936,560.7081596102355,9797300
2024-11-21,560.8676147460938,567.7503155056431,546.8829891189956,567.27222943096,11154700
2024-11-22,556.9331665039062,561.6046581556811,552.4011368821567,561.3257340956305,9164000
2024-11-25,562.8795166015625,570.3300346511755,554.1939633086025,559.881387236025,13599800
2024-11-26,571.2763061523438,575.2206985425693,562.9692568623328,563.7660872296004,10356600
2024-11-27,566.9534301757812,572.7105854147321,561.8735229474948,572.6209746815437,7200200
2024-11-29,572.05322265625,576.1768970734391,564.6625256899628,566.7542128784901,7130500
2024-12-02,590.4901733398438,592.1535649861262,573.2982871928123,575.2206623708795,12522400
2024-12-03,611.22802734375,611.7758444062205,588.9164129212908,592.651612157578,14907200
2024-12-04,611.3574829101562,615.3416951929215,602.7116887576115,610.5407120968788,14697000
2024-12-05,606.5266723632812,617.4534076628545,604.654087469592,614.6445303223205,8081200
2024-12-06,621.3080444335938,627.3042425894303,606.1282053370912,607.6919551618363,16935500
2024-12-09,611.1483154296875,623.9276938833166,603.7774980807178,621.4574408246348,11426000
2024-12-10,616.8756103515625,623.1208827140154,610.3215639612993,615.1225471765403,10938900
2024-12-11,630.182861328125,635.8803166127035,619.0769058574836,620.9096094972598,10837200
2024-12-12,628.3003540039062,634.1471812183523,624.7345274454173,629.007573636922,7474700
2024-12-13,617.9014892578125,628.5891798937306,614.4551845907804,624.7443688921585,8453300
2024-12-16,622.2777709960938,629.1660843597223,616.6355892593001,627.9997182991576,10885600
2024-12-17,617.4928588867188,630.3822075101276,614.6019503899752,624.2016843799404,12897800
2024-12-18,595.3128051757812,625.387952256149,594.4455447869857,619.0479587782994,17075500
2024-12-19,593.6978759765625,609.5977504710141,593.1296604292414,608.4712976770209,14958100
2024-12-20,583.4103393554688,601.2141840625833,578.1768420780382,588.723602198965,48989400
2024-12-23,597.9644165039062,599.2005698155671,584.4071908696653,587.746636194458,10205800
2024-12-24,605.8395385742188,606.0787743995681,597.3961932142544,600.8253211686514,4726100
2024-12-26,601.4534301757812,604.3941694362019,597.0573191588121,603.5767396891605,6081400
2024-12-27,597.9244995117188,599.958064884052,587.9459561336816,597.5257325712804,8084200
2024-12-30,589.3814086914062,595.0635027304218,583.739227850836,586.8992458198082,7025900
2024-12-31,583.6694946289062,592.1028621932754,582.0146786657892,590.4082547146103,6019500
2025-01-02,597.3563232421875,603.0084829766075,585.9722382113614,587.8662291946306,12682300
2025-01-03,602.7294311523438,607.5841180897974,594.5352379868413,602.8590273821567,11436800
2025-01-06,628.2190551757812,629.0065500033512,603.7163023778119,609.9068039022728,14560800
2025-01-07,615.94775390625,630.1130475912898,606.3180848477177,629.7143414477341,12071500
2025-01-08,608.8002319335938,614.5022833089956,600.895166417742,611.4718611566152,10085800
2025-01-10,613.924072265625,627.9298948978874,595.462329972656,608.112442272843,19256600
2025-01-13,606.417724609375,607.0556665210335,596.5687776367652,605.1915497552353,10785000
2025-01-14,592.3819580078125,603.5866150091213,586.6998639533412,603.1679523273406,13598000
2025-01-15,615.1800537109375,620.5032939782396,604.5934429734898,608.2918023435731,15524300
2025-01-16,609.37841796875,614.3128702309481,607.7934500715568,609.5778014543201,8355300
2025-01-17,610.8438110351562,623.0054123386464,601.7723798733631,622.0883213436317,17280600
2025-01-21,614.522216796875,619.5463519549992,607.0956232572347,615.8879054164239,11674000
2025-01-22,621.5401000976562,631.7080497498704,617.482886369199,621.3407166057895,12274000
2025-01-23,634.4493408203125,634.5988327915112,619.197448317166,625.3878883324852,9910200
2025-01-24,645.4546508789062,649.9504837452617,632.2064489650473,634.3995455880619,19065300
2025-01-27,657.8057250976562,661.7831731182577,623.1350240288891,624.6402872001196,28399200
2025-01-28,672.2103881835938,680.4344558685057,657.3970515429507,663.9065549274304,20950100
2025-01-29,674.363525390625,678.9091891458575,663.5775294568425,672.8782187611764,21377800
2025-01-30,684.8405151367188,708.5557128184324,673.9747533685537,694.6296546921253,29322900
2025-01-31,687.013671875,703.0829965126293,683.4250122037394,688.8279583138682,19303900
2025-02-03,695.267578125,701.786997935187,673.1273726643963,673.7852712039112,21415700
2025-02-04,701.9764404296875,705.4853950757674,689.435967564897,700.291750368734,13826300
2025-02-05,702.654296875,715.8826032404849,696.8127318836921,701.338438880343,17778200
2025-02-06,709.7518920898438,716.6402049884904,701.2885896343017,703.6611131134636,13080700
2025-02-07,712.2739868164062,722.7310026615398,709.5126746052003,714.546788192433,16427100
2025-02-10,715.1448974609375,718.932940098342,709.0939710353202,716.3012242622654,12904300
2025-02-11,717.5372924804688,721.3851439463555,707.8079633604692,711.0776818667902,12998000
2025-02-12,723.099853515625,724.8144176821432,710.3599968194253,713.0515218383842,12016500
2025-02-13,726.2698974609375,726.7085168321266,715.7829457591546,719.2520483652149,12569100
2025-02-14,734.3543090820312,738.5809711848887,723.3390562017464,723.8574410856692,16901200
2025-02-18,714.1181030273438,734.6832579790791,704.2193250480339,733.6864014553627,21938700
2025-02-19,701.5578002929688,704.7776276936228,693.2041369812721,701.886719169158,17535500
2025-02-20,692.65576171875,703.4118208987041,691.4595218114225,695.0880938877766,12587400
2025-02-21,681.4013671875,701.6575020997228,680.2151053119804,694.3904388515214,15660400
2025-02-24,666.02978515625,685.1096345134455,660.3676471383606,684.122756243814,15677000
2025-02-25,655.4332275390625,665.9002220472909,639.8423754025094,663.8765739042495,20579700
2025-02-26,671.582275390625,680.8630075132187,655.9316152590968,657.5764529173535,14488700
2025-02-27,656.1708374023438,686.485278775033,655.5029605584499,680.3047560748793,12500000
2025-02-28,666.0995483398438,667.5250458825946,640.579984557629,655.9714518798419,17534200
2025-03-03,652.990966796875,679.1086244107645,648.7942390448183,671.5624119179504,10843800
2025-03-04,637.9882202148438,647.7075720071792,621.6896392388619,643.4809097831836,21495200
2025-03-05,654.4064331054688,657.426937854908,635.6555626035664,638.985090470047,13770000
2025-03-06,625.9561157226562,648.5149839411777,622.1481164638366,645.963033649381,13446500
2025-03-07,623.6932373046875,632.7945424007281,598.7219930959255,623.4041708110899,21375700
2025-03-10,596.1102294921875,608.1921258261364,585.0251896930085,606.1585603987916,21999900
2025-03-11,603.8060302734375,612.9970188777876,591.4649407555324,593.1795048947525,17401500
2025-03-12,617.6124877929688,631.3392229811113,607.4345597540354,627.9200120605409,15747000
2025-03-13,588.7833862304688,618.549509168397,584.666363679096,618.300295022882,16480300
2025-03-14,606.2288818359375,607.4860482974414,593.4378646925935,601.43972556622,12364500
2025-03-17,603.5350341796875,611.7164817099355,596.6505800508986,606.0892549627374,15473900
2025-03-18,581.0458984375,598.8955445257114,573.3632611970426,598.6959836433429,20297700
2025-03-19,582.7420654296875,590.9834364727485,573.473050249603,582.9616006660708,20537500
2025-03-20,584.6776123046875,608.8230139342973,578.2022676048324,581.4449335433823,24336500
2025-03-21,594.9044799804688,596.1915469952162,579.6390187113977,582.1034155863823,25015900
2025-03-24,617.4535522460938,621.1352282663373,610.818594384579,613.5823025213823,15741300
2025-03-25,624.896728515625,632.4496541118687,619.7782994932003,625.3457252697278,15312500
2025-03-26,609.601318359375,625.3357532084965,605.2411840344864,623.4799648706008,12609800
2025-03-27,601.2202758789062,612.8639250968658,598.745830668508,600.6415676163016,10436500
2025-03-28,575.4385986328125,600.3921742735024,572.6249545466391,598.9554211422102,17602800
2025-03-31,575.0594482421875,577.3941949049992,552.0514847999954,562.2284810192266,21124700
2025-04-01,584.6776123046875,588.5787620697387,568.713718453365,569.5518496754252,12836600
2025-04-02,582.6123046875,591.3225852084037,572.0661494891557,573.612639602056,13470800
2025-04-03,530.4202880859375,551.3130352164185,529.1032596227147,544.9873159017998,34777500
2025-04-04,503.5910339355469,516.8310778050393,493.08479722050873,505.47675311582964,38589800
2025-04-07,515.0850830078125,538.1529079067506,480.81258761769493,484.00537900420284,36606100
2025-04-08,509.29815673828125,546.1946900687835,501.72525715038495,542.0241297513288,28034200
2025-04-09,584.4481811523438,586.563392325636,500.9769327422793,508.1207792653783,39216600
2025-04-10,545.0573120117188,579.9883240820161,534.0921199395266,574.1914363860034,28173500
2025-04-11,542.3434448242188,546.1648195031983,527.397266592616,534.3016346023475,17642300
2025-04-14,530.2806396484375,556.5113524556241,527.0879095050198,554.9149264864913,14130900
2025-04-15,520.3432006835938,536.7261316213554,516.3322523952014,530.9092700648307,15558700
2025-04-16,501.176513671875,512.2115538752881,494.5115946838527,507.36253528750194,18735100
2025-04-17,500.348388671875,506.1552323217004,496.8862177349848,504.109870459736,14593500
2025-04-21,483.56634521484375,492.38639367876976,478.71729620364266,490.22127698998224,16166000
2025-04-22,499.1510925292969,505.7362053967078,485.26249029169,490.7600664511802,17399400
2025-04-23,519.0960083007812,534.1320095182137,515.3544703338583,527.3373790061787,18173900
2025-04-24,531.9469604492188,532.6952680588365,516.3322506362241,517.5594556288198,13910000
2025-04-25,546.0350952148438,548.6192167322417,535.0399425493104,545.566124111354,17098900
2025-04-28,548.49951171875,557.2297674992926,539.3701950695558,554.3862228326028,15179000
2025-04-29,553.1889038085938,555.3141023170735,542.8921836696377,544.7679463052672,11835000
2025-04-30,547.7611694335938,547.8609194224242,528.305171612182,537.1851129255415,29244000
2025-05-01,570.9188232421875,591.6120134415539,569.2126599544815,590.7439814787114,31159000
2025-05-02,595.6728515625,602.976341384666,577.025022870384,582.1434519633877,24739300
2025-05-05,597.917724609375,601.8488361583287,586.7230116613694,589.8858412822701,13887700
2025-05-06,585.9847412109375,594.6850963262071,585.2564079323492,591.1929940245881,10600700
2025-05-07,595.4632568359375,601.7191276587725,585.3461237925522,589.0277995025451,13139100
2025-05-08,596.6605834960938,609.9205723172726,595.2737054544873,604.9218677784463,14622800
2025-05-09,591.1530151367188,605.6003210056944,590.3748069015998,602.3576547482705,10427300
2025-05-12,637.987060546875,638.9449161423443,619.6286183644004,629.4962543948571,21965100
2025-05-13,654.5496826171875,659.4286019389394,641.3794565378789,644.083302386897,18570800
2025-05-14,657.8720703125,661.1745985140565,652.8334783472295,659.7179321317063,12348200
2025-05-15,642.4270629882812,655.8267503294444,637.1390348372435,652.8036193165813,14341800
2025-05-16,638.8950805664062,638.9948305544648,624.7370982869602,636.5204462352993,18519000
2025-05-19,638.98486328125,641.5490713874889,626.3833579870233,626.8323547421304,9592400
2025-05-20,635.662353515625,637.9072763695222,630.8333091235804,634.5748472134089,6743500
2025-05-21,634.0659790039062,645.1508944069866,628.7479892254967,630.3643287848374,11464600
2025-05-22,635.133544921875,641.7984637515493,629.2867830155565,632.6192119816805,8228400
2025-05-23,625.6449584960938,631.022809904483,621.2449370057717,622.5918662034928,8454100
2025-05-27,640.87060546875,641.6289002643415,631.3221929667607,633.9761638539012,9508400
2025-05-28,642.1277465820312,649.4112615873161,641.1000415977985,641.1499165908115,9042900
2025-05-29,643.5944213867188,651.8457794764735,638.0569572367845,650.1795649115138,8858800
2025-05-30,646.0289306640625,647.9445811375045,631.3521627172354,641.0502003303773,16241000
2025-06-02,669.3861083984375,671.7407683371362,642.8062081386795,642.9359196596392,15766300
2025-06-03,665.3451538085938,674.0554949945077,663.5293144324946,669.9348099310185,11585000
2025-06-04,686.3976440429688,687.4452625248051,667.0613703936261,667.8096780088563,14031900
2025-06-05,683.0750732421875,692.8130584501095,680.7104262850396,690.0991647687987,13083100
2025-06-06,696.1356201171875,701.2240874679378,690.3087714429512,694.5990561951916,11728000
2025-06-09,692.4937744140625,703.5986632099265,692.3740500791279,696.883869686411,12773200
2025-06-10,700.8150024414062,701.6430856337115,689.9994369756769,699.7673231326536,10850100
2025-06-11,692.5736083984375,707.2703489833287,690.4284357601101,702.1220199077359,9582500
2025-06-12,691.79541015625,693.8108714889893,685.4497761885773,691.7355479828731,7322700
2025-06-13,681.3291015625,693.00271273635,679.4733132608307,686.3976556130428,9274400
2025-06-16,701.0746459960938,706.097186349852,692.4774795938313,698.2888218186604,13720300
2025-06-17,696.19189453125,704.9188720421186,695.0236535754563,700.9548121157454,10066100
2025-06-18,694.7340698242188,700.5454115912661,693.8653700649246,697.1404546983404,10068300
2025-06-20,681.3341064453125,700.7751515856344,677.6595924698036,699.7067372671455,22538600
2025-06-23,697.4900512695312,698.009235646563,677.7394706648903,682.6721183845542,11080100
2025-06-24,711.1396484375,712.1281647182683,701.0646441862544,703.840534417847,13823200
2025-06-25,707.6248779296875,715.5131404309827,704.329803307428,712.2579843149763,9320400
2025-06-26,725.009033203125,727.1358060173088,709.9913855606367,713.296455236712,13964800
2025-06-27,732.5377197265625,734.335027558332,724.7792688020234,725.4383202717177,18775700
2025-06-30,736.9910888671875,746.7864803769392,733.1567794055785,743.4414316060685,15402100
2025-07-01,718.149169921875,736.6516110389775,714.3049263192432,735.7829112020786,13431200
2025-07-02,712.5076293945312,719.227590127805,711.7387562844411,714.2650188208597,9336700
2025-07-03,717.9395141601562,727.9446154194361,713.3563211505465,725.5281745483136,8601700
2025-07-07,717.2804565429688,725.9176023238477,712.4476967305745,716.5315731843128,9457100
2025-07-08,719.5970458984375,721.8337012243448,713.7457849218606,720.4957303517299,7770700
2025-07-09,731.6890258789062,736.4319538163115,721.6439452565418,721.6439452565418,11418000
2025-07-10,726.1572265625,734.704479422628,718.5285868802704,730.4608071076664,9913600
2025-07-11,716.4417114257812,724.0802847988808,708.6433421473682,721.4242720797871,10873900
2025-07-14,719.8466796875,726.9161560719408,715.4831906042045,716.5316151789124,8939400
2025-07-15,709.3323364257812,723.3913292594382,708.7631777682402,722.82223154618,11529500
2025-07-16,701.8634643554688,712.9069955313189,698.2289299901618,712.3079132030501,13067600
2025-07-17,700.3656616210938,704.8490277671435,696.0720759709156,703.3412662167694,11803300
2025-07-18,703.2314453125,703.6607977835126,690.6202449112741,701.1445302429636,12779800
2025-07-21,711.9085083007812,715.9325377312456,704.7092814794039,705.7477111980942,9404400
2025-07-22,703.7606811523438,715.5331063393245,700.3657186718685,715.1237435600664,8921100
2025-07-23,712.5176391601562,713.5660637312985,703.8804929024444,705.3183514682154,8771600
2025-07-24,713.7357177734375,722.5425929354744,712.9369210871259,715.9823677348465,10920800
2025-07-25,711.6189575195312,719.5771235060619,710.8401504714777,715.8526352732038,8271700
2025-07-28,716.5615844726562,723.6609843506268,711.6189419324959,714.1352096135126,8715700
2025-07-29,698.9578247070312,723.3913639831756,698.8679318855118,718.9280482700893,13267000
2025-07-30,694.1749877929688,707.4451795959043,690.1709481616012,707.0358168226334,27077300
2025-07-31,772.2884521484375,783.5816106103192,764.3702661872821,774.0458414913344,38831100
2025-08-01,748.8933715820312,764.8595554226001,744.2003568990668,759.5973820600149,19028700
2025-08-04,775.2140502929688,775.6933161141383,757.280769171418,758.8684286204626,15801700
2025-08-05,762.3233642578125,781.9640620224704,761.8640271769766,775.2940146810766,11640300
2025-08-06,770.8406372070312,772.488205034118,759.327834976083,768.853609707056,9733900
2025-08-07,760.6957397460938,773.8461140652291,758.4191051508143,772.3383525306105,9019700
2025-08-08,768.1546630859375,768.7538063796192,757.4506521481833,761.6144268371896,7320800
2025-08-11,764.7296752929688,772.3084011990011,763.5314498091643,768.9334288760205,7612000
2025-08-12,788.8237915039062,792.4883102810505,771.2799436630941,771.849102319645,14563100
2025-08-13,778.9186401367188,794.2757473900336,777.0713578354987,789.9721665216805,8811800
2025-08-14,780.9655151367188,786.6370510429252,771.3598429397638,776.7218428333804,8116200
2025-08-15,784.0609130859375,795.0645257736991,779.6575056048304,782.9825648931883,13375400
2025-08-18,766.2274780273438,774.6549143701418,755.4335751910228,773.9360156125421,16513700
2025-08-19,750.3611450195312,766.0277875160474,748.2443062415024,765.977874147037,12286700
2025-08-20,746.6067504882812,749.083099657565,729.911672806752,746.4570103778062,11898200
2025-08-21,737.9995727539062,744.3900685450179,732.0185006665147,743.6012666698691,8876300
2025-08-22,753.6661987304688,755.7731035460037,733.2966081137474,738.1293678852983,10612700
2025-08-25,752.1784057617188,757.7501148109367,749.0131426125197,753.6961621486424,6861200
2025-08-26,752.9772338867188,753.7461069744401,746.8264320177999,749.6821592803592,7601800
2025-08-27,746.2672729492188,753.0272129802489,741.7340542390842,751.1799307743298,8315400
2025-08-28,749.99169921875,751.9288132977724,739.6970516455432,742.8922995313089,7468000
2025-08-29,737.6001586914062,746.0275947781304,734.2551099537487,744.1703787664815,9070500
2025-09-02,734.0155029296875,734.9041924629622,720.655419120511,724.9589996576248,9350900
2025-09-03,735.95263671875,739.1478846127889,732.8971950134412,734.9042121918441,7699300
2025-09-04,747.535400390625,760.0267237435045,744.7095967582477,747.4555024338443,11439100
2025-09-05,751.3297729492188,756.8215846100361,743.9208368275713,751.499502790698,9663400
2025-09-08,751.179931640625,765.3687971294402,750.9003802075373,754.8744351124396,13087800
2025-09-09,764.5599975585938,765.1590798691678,752.3082462809408,756.3621991005824,10999000
2025-09-10,750.8604125976562,764.5600175863916,749.8818911499914,763.990858904295,12478300
2025-09-11,749.7820434570312,755.9727638030715,747.2557810059183,753.5264602522736,7923300
2025-09-12,754.465087890625,756.4421205211297,742.6526835890741,747.6152548910696,8248600
2025-09-15,763.5614624023438,772.9175066813722,750.8703641812288,756.3421855933647,10533800
2025-09-16,777.8401489257812,780.1966205012909,763.960820221922,765.8580156945753,11782500
2025-09-17,774.5650634765625,782.1238004242355,765.1691000860621,778.828725718326,9400900
2025-09-18,779.0883178710938,787.6056471582369,772.2085614820411,779.5875734416616,10955000
2025-09-19,777.2210693359375,789.6225600448605,768.0447499547826,785.2490765825911,23696800
2025-09-22,764.5364379882812,785.0896826443245,763.8469978355404,781.2128396094075,11706900
2025-09-23,754.784423828125,769.9719880546131,750.4579354131178,768.6231126086477,10872600
2025-09-24,760.0401000976562,760.4897455830934,751.9167814613187,756.8827020619125,8828200
2025-09-25,748.2996826171875,756.1533238123261,743.9432502397539,752.8360219788784,10591100
2025-09-26,743.1439208984375,751.3172477286904,736.7491118404043,749.3888277967437,9696300
2025-09-29,742.794189453125,750.1681799899285,738.5476529969768,748.1098002440084,9246800
2025-09-30,733.7815551757812,742.3645209926972,725.7081225297242,741.6451369970716,16226800
2025-10-01,716.7554321289062,721.2617054862658,709.6212362201944,720.9020135039985,20419600
2025-10-02,726.45751953125,727.176964520395,717.5548070653372,721.9911913779041,11415300
2025-10-03,709.98095703125,730.4043027655052,709.6012618171895,729.0354240673363,16154300
2025-10-06,715.0767822265625,716.2958197616522,689.9473135389625,704.6153434967972,21654700
2025-10-07,712.4989013671875,717.9144673294414,705.1748577839295,717.135073707775,12062900
2025-10-08,717.2550659179688,719.063588526951,707.233209995552,712.8686286502683,10790600
2025-10-09,732.9122314453125,732.9122314453125,711.8593952481671,717.694662739213,12717200
2025-10-10,704.7252197265625,734.6708280741015,703.9358854737135,730.3243364156914,16980100
2025-10-13,715.1167602539062,719.353295154282,707.0633311027989,712.4289500007787,9251800
2025-10-14,708.072509765625,714.966850016347,698.7600977854659,707.2032236513401,8829800
2025-10-15,716.9652709960938,723.3101331023296,708.9318445822669,716.4756800447307,10246800
2025-10-16,711.48974609375,724.898793146875,703.3064176322127,716.9652609619593,9017000
2025-10-17,716.3357543945312,717.9544293541486,705.5445676686097,706.5038073054051,12232400
2025-10-20,731.5733032226562,733.1720358988009,719.5930841941394,720.602270855396,8900200
2025-10-21,732.6724853515625,737.898203963144,728.156149137632,735.4202444049121,7647300
2025-10-22,732.8123168945312,739.9964601984101,723.4400167690366,733.2320185457676,8734500
2025-10-23,733.40185546875,741.8049752352916,732.5025644943078,734.1012972282697,9856000
2025-10-24,737.75830078125,740.6060149267306,730.5542151922721,736.1895728454068,9151300
2025-10-27,750.2081298828125,755.1341048828856,747.4004223192904,749.1189913399045,11321100
2025-10-28,750.82763671875,757.7819868095911,744.9124781386814,752.0166693998259,12193800
2025-10-29,751.0574340820312,758.5413205942342,741.9049255575367,754.1349412128479,26818600
2025-10-30,665.9268798828125,680.405123547836,649.6401745693712,668.6047496805471,88440100
2025-10-31,647.8216552734375,674.3400676801817,645.0439523217459,673.9603724515775,56953200
2025-11-03,637.1903686523438,658.792746197499,635.6615861365713,655.4654426520216,33003600
2025-11-04,626.8087768554688,641.2170082918374,625.4998468710925,627.528160823027,27356600
2025-11-05,635.4317626953125,641.7066132741587,626.0293969573662,631.7947143740674,20219900
2025-11-06,618.4356079101562,635.4817027165644,617.4963715076051,635.3318005623231,23628800
2025-11-07,621.203369140625,621.6230097922952,600.7100736857968,615.9875913853423,29946800
2025-11-10,631.2451782226562,634.4825281361091,617.606277436272,630.5757412925083,19245000
2025-11-11,626.5690307617188,629.0469903781388,618.8852946435945,627.4882640088713,13302200
2025-11-12,608.5137329101562,628.4774318700306,607.2747531328254,627.6181473129036,24493300
2025-11-13,609.3930053710938,617.1466913787408,602.5086055074847,612.5704066192014,20973800
2025-11-14,608.96337890625,613.1799107961393,594.7149894844074,601.2995852054279,20724100
2025-11-17,601.5194091796875,611.1915132655756,594.914810553651,608.54364845602,16501300
2025-11-18,597.2029418945312,603.1680476389258,583.3043040560937,591.1178778321469,25500600
2025-11-19,589.8389282226562,594.8448550993957,580.7763124672824,593.236120814011,24744700
2025-11-20,588.669921875,606.225550290049,582.8745995478572,603.0082035639184,20603000
2025-11-21,593.7657470703125,597.6325885375659,581.38582901572,588.0204327318114,21052600
2025-11-24,612.5504150390625,616.1974650582393,597.1429978306941,598.2320754408486,23554900
2025-11-25,635.7014770507812,636.5308177101258,617.7960982049689,623.4914651316196,25213000
2025-11-26,633.0936279296875,637.8397569399452,631.1152610365342,637.1703200291516,15209500
2025-11-28,647.4219970703125,647.5218911860414,634.9821303911365,635.5616748244524,11033200
2025-12-01,640.3477172851562,644.7941029489796,637.2402664201815,639.028785702615,13029900
2025-12-02,646.5726318359375,647.3420238521164,637.5500224020741,641.8165621493692,11640900
2025-12-03,639.0787353515625,648.3211970895987,637.0304181904862,643.8848130159247,11134300
2025-12-04,660.990966796875,675.5490404402168,659.512131337801,675.4491463216154,29874600
2025-12-05,672.8712158203125,674.1402004180294,661.8502358329807,663.4589092143041,21207900
2025-12-08,666.256591796875,676.1585499822719,664.528021142878,668.7945609027437,13161000
2025-12-09,656.4246826171875,663.9385132978894,652.807637338328,663.2291308887899,12997100
2025-12-10,649.6002197265625,653.9766553823684,642.8757234590145,649.4203737252112,16910900
2025-12-11,652.1781005859375,654.7460135009795,640.2777724038347,642.7657334383907,13056700
2025-12-12,643.7050170898438,710.4206277669183,638.0896015354143,649.2704855848336,14016900
2025-12-15,647.510009765625,653.0,638.7000122070312,645.7000122070312,15549100
2025-12-16,657.1500244140625,662.5399780273438,643.2000122070312,643.5,14309100
2025-12-17,649.5,661.22998046875,649.2000122070312,655.6099853515625,15598500
2025-12-18,664.4500122070312,670.5599975585938,656.4600219726562,657.030029296875,20260300
2025-12-19,658.77001953125,671.0,658.1799926757812,666.4199829101562,49977100
2025-12-22,661.5,673.5800170898438,656.6500244140625,661.6500244140625,15659400
2025-12-23,664.9400024414062,666.0,658.25,660.0499877929688,8486800
2025-12-24,667.5499877929688,668.1799926757812,662.2000122070312,662.530029296875,5627500
2025-12-26,663.2899780273438,668.9500122070312,661.3200073242188,668.0599975585938,7133800
2025-12-29,658.6900024414062,660.25,654.3900146484375,658.010009765625,8506500
2025-12-30,665.9500122070312,672.219970703125,657.8400268554688,658.6900024414062,9187500
2025-12-31,660.0900268554688,665.0,659.4400024414062,664.75,7940400
2026-01-02,650.4099731445312,664.3900146484375,643.5,662.72998046875,13726500
2026-01-05,658.7899780273438,664.5399780273438,647.75,651.010009765625,12213700
2026-01-06,660.6199951171875,665.52001953125,651.9000244140625,659.5700073242188,11074400
2026-01-07,648.6900024414062,659.1500244140625,644.8099975585938,655.6400146484375,12846300
2026-01-08,646.0599975585938,647.0999755859375,635.719970703125,645.8800048828125,11906700
