Date,Close,High,Low,Open,Volume
2008-01-02,52.84366226196289,54.69035013178822,52.58796668497868,54.62405908730243,3289100
2008-01-03,53.989559173583984,54.38730908792363,52.919430154542184,53.11830330541636,2141400
2008-01-04,52.97624588012695,53.98008740253138,52.97624588012695,53.629691355479046,2019300
2008-01-07,53.90431594848633,53.98007919719251,53.11829211240762,53.19405174852327,2206800
2008-01-08,53.8664436340332,54.74717162414688,53.42134353228367,54.06531676403541,3195300
2008-01-09,52.53114700317383,54.1410764718562,51.60306878281415,53.94220334162004,4937000
2008-01-10,53.042537689208984,53.42134677058716,51.52730858887857,52.351214186396284,4331200
2008-01-11,52.07658386230469,52.90048949884795,51.99135199558702,52.445920747217485,2143000
2008-01-14,52.682674407958984,52.995188837533476,51.981878672933306,52.55956091141571,2071000
2008-01-15,51.84929275512695,52.78684319996516,51.38525183316661,52.474325180822106,3559600
2008-01-16,51.887176513671875,52.436445704207486,51.34737592444243,51.69777197422848,2514400
2008-01-17,50.940155029296875,51.96293371396314,49.72796820151897,51.896642670169534,5466700
2008-01-18,49.263938903808594,51.3852598752492,48.866188963793775,51.3852598752492,6419100
2008-01-22,47.90970230102539,48.94195339138019,44.15950707119373,46.03460468610956,11023900
2008-01-23,47.682411193847656,47.72976503986791,46.52705032529672,46.84903697024169,12740500
2008-01-24,47.40776824951172,48.03280058975293,47.142600496391786,47.89074630727474,3525400
2008-01-25,48.87565231323242,49.699557851012145,47.95704270567919,48.06121537613462,4919100
2008-01-28,48.66730499267578,49.017701005107476,48.16538608736086,49.017701005107476,2497200
2008-01-29,49.82266616821289,49.94577963985467,48.33584674658315,48.96087909190145,2823000
2008-01-30,48.35478973388672,49.491209603705,48.26008566967476,49.38704055195784,3866900
2008-01-31,48.76200485229492,48.998759577788974,47.350945098810584,47.73922270411721,3672300
2008-02-01,49.604862213134766,49.718503495312795,48.08962946286573,48.68625251633503,3498900
2008-02-04,48.392662048339844,49.775312322290596,48.02332527288233,49.6143172383841,4364400
2008-02-05,47.578216552734375,48.07066305082262,46.75430776102558,47.99490344057416,4327400
2008-02-06,51.1863899230957,53.27930160606086,50.86440323244016,51.36632589329812,8935100
2008-02-07,52.55009841918945,53.033076634715286,50.902283377070475,50.902283377070475,4679400
2008-02-08,52.48379898071289,53.55393161994822,52.03870244167889,52.199693961361305,4183100
2008-02-11,52.947837829589844,53.231942837571125,52.199691872252565,52.56902874388735,2199800
2008-02-12,53.76227951049805,54.046384543186655,52.65426518664353,53.326651552869414,2545800
2008-02-13,54.13161087036133,54.330484011616605,53.34558690667047,54.13161087036133,2833900
2008-02-14,53.639156341552734,54.453593271100246,53.61074692717949,54.33047978783145,2110300
2008-02-15,54.188438415527344,54.302079705140144,53.10883713272709,53.5823467208038,1939800
2008-02-19,53.80015182495117,54.756639445579516,53.582337883869286,54.25472052102521,1907700
2008-02-20,54.122127532958984,54.31152840872387,53.25086833156191,53.74331855624893,1957400
2008-02-21,53.26982498168945,54.45359887017144,53.20353393294176,54.31154455851712,1368900
2008-02-22,53.194061279296875,53.60127978257756,52.40803730238635,53.50657931731789,2300400
2008-02-25,54.87029266357422,54.917646514955884,53.402413585533935,53.449763824323945,2354100
2008-02-26,54.917625427246094,54.92709402633161,54.46305319415564,54.70928012146216,1837200
2008-02-27,54.62405776977539,54.936572170157625,54.25472092723689,54.62405776977539,1846900
2008-02-28,54.00849533081055,54.472536255411974,53.44975394613094,54.26419090813081,1360800
2008-02-29,52.96678924560547,53.9232771401731,52.64480254209512,53.516058555951425,2529700
2008-03-03,52.474334716796875,53.175130527549285,52.15234803822278,52.96678514359204,2402100
2008-03-04,52.07658386230469,52.39857051295018,51.13903332841032,52.09552106593856,4030000
2008-03-05,51.9439811706543,52.90047220814136,51.517825588947716,52.32279014616029,3034800
2008-03-06,50.94962692260742,52.09551916805026,50.94962692260742,51.59360020043786,2280600
2008-03-07,50.7318229675293,51.157982369634034,50.30566356542455,50.45718650699603,3281000
2008-03-10,49.57643508911133,50.89279431819454,49.529084869380895,50.67497680477221,2926000
2008-03-11,50.60868835449219,50.637101377851,49.25445104814429,49.25445104814429,3093800
2008-03-12,50.46662902832031,51.35682533468649,50.27722455965374,50.61815188073561,3037000
2008-03-13,51.49889373779297,51.68829825849526,49.832138290721716,49.8794885177496,2952200
2008-03-14,50.476131439208984,51.801959995435695,49.78480773617106,51.773546957918946,3369800
2008-03-17,49.77532958984375,50.703407956247624,49.37757965418981,49.37757965418981,4300900
2008-03-18,51.290557861328125,51.290557861328125,50.25830682638213,50.428770565187264,2768200
2008-03-19,51.06325149536133,52.3227882218954,51.06325149536133,51.32841921349955,2949200
2008-03-20,51.39472579956055,51.59359893893025,50.57082021317812,51.25267149281585,3151900
2008-03-24,52.777381896972656,53.07095916238007,51.61254866340139,51.61254866340139,1751200
2008-03-25,53.61074447631836,53.95167188357487,52.91942106164409,53.411871359615624,5035500
2008-03-26,53.36452102661133,53.677039041323,52.89101151044764,53.440284283241155,2162000
2008-03-27,52.748966217041016,53.65810371401807,52.48379840431258,53.639162897923796,2125700
2008-03-28,53.44974899291992,54.11266298980759,52.711075357508584,52.90047987270373,2713400
2008-03-31,53.828556060791016,54.13160182901832,53.09935105205951,53.56339191673975,3189100
2008-04-01,56.05406951904297,56.05406951904297,53.85698509270286,53.85698509270286,3628600
2008-04-02,55.514244079589844,56.499144552458645,55.27748936664582,55.54265710170448,2480400
2008-04-03,54.92710876464844,55.46690937212131,54.70929480133406,55.19227296127617,2360000
2008-04-04,54.87975311279297,55.1827989111867,54.4725346438406,55.07862624062806,2602000
2008-04-07,54.31154251098633,55.13545170737431,54.21684204851444,55.021806817298746,2422800
2008-04-08,53.8664436340332,54.264189894037614,53.534984804771945,54.141076408163954,2731900
2008-04-09,53.55392837524414,54.358896762659064,53.23194174279639,53.86644640641009,1986400
2008-04-10,52.84366226196289,53.44975387588504,52.55008866855178,53.44975387588504,2359200
2008-04-11,51.57465362548828,52.82471841048236,51.442071544139026,52.35120891275458,2616500
2008-04-14,51.84929275512695,52.057638101222324,51.43260567552718,51.659888223457614,2007400
2008-04-15,50.62762451171875,51.54623390974866,49.936301216713275,50.64656532135329,3956200
2008-04-16,51.95347213745117,52.05764482395173,50.59923443812679,50.95910273351287,3744700
2008-04-17,52.15234375,52.284925851583374,51.896648148692925,52.0292302502763,2261500
2008-04-18,53.71491241455078,53.82855366943985,53.241402971157605,53.55391732525012,2380100
2008-04-21,53.042537689208984,53.52551944859571,52.79631431512696,53.52551944859571,1805600
2008-04-22,52.256500244140625,52.79630069769278,51.88716347198286,52.55954598604393,2575300
2008-04-23,53.14671325683594,53.41188107325444,52.35121703276308,52.63532566553943,3528200
2008-04-24,52.635311126708984,53.8285533269274,50.495046433139784,53.8285533269274,7307000
2008-04-25,53.00465393066406,53.31716831825283,52.37962154289578,52.93836289049097,3404600
2008-04-28,54.13161087036133,54.643002044381575,52.89101456581395,52.89101456581395,3354400
2008-04-29,54.39677810668945,54.794528024078055,53.989559587440056,53.989559587440056,2516100
2008-04-30,54.803993225097656,55.552139166370985,54.51041962194336,54.595651483766794,3099700
2008-05-01,55.62789535522461,55.67524558075354,54.33994899033011,54.45359025411767,1991000
2008-05-02,55.54267501831055,56.34763985694463,55.258566381059566,55.65631630565611,2808200
2008-05-05,55.13544464111328,55.6941859683067,54.73769480200733,55.561600280210975,2063300
2008-05-06,54.197906494140625,55.25856694965975,54.017974152942735,54.813470397729944,3595300
2008-05-07,53.705448150634766,54.642998576843425,53.54445665009893,54.207370691473734,2469100
2008-05-08,53.93273162841797,54.26418682635034,53.516040965199316,54.1221361469182,1982100
2008-05-09,53.2792854309082,53.86643979081951,52.94783023788622,53.22246660501339,1330100
2008-05-12,54.122127532958984,54.178946350652396,53.31715936059765,53.31715936059765,1230600
2008-05-13,54.56724548339844,54.870291339451434,54.02744482651706,54.73770922900219,2243800
2008-05-14,54.387298583984375,55.2774950963941,54.17895325896888,54.500939846451644,2589400
2008-05-15,54.52937698364258,54.728250184046914,53.83804966541232,54.18844943289675,1516100
2008-05-16,54.87029266357422,54.927115117677225,54.197909880017754,54.57671901552116,2351300
2008-05-19,55.34380340576172,55.87413548376779,54.64301118715227,54.9271162382802,2918600
2008-05-20,55.25856399536133,55.88359646766423,54.37783592812661,54.79452665138937,3419000
2008-05-21,55.91199493408203,56.69801871738569,55.22067159271221,55.249081002774304,3170300
2008-05-22,54.917625427246094,55.817290456570696,54.747161742984744,55.61841736246254,2567300
2008-05-23,54.84185791015625,54.97443996256238,54.48198975891822,54.78503548230078,1512700
2008-05-27,54.92710876464844,55.13545412633665,54.23578524301812,54.83240829802175,2088600
2008-05-28,54.87029266357422,55.116519685428926,54.5861876182425,54.97446535646724,1364600
2008-05-29,55.54267501831055,55.79836701169021,54.519892594426345,54.87976088571057,1785000
2008-05-30,55.893070220947266,56.05406174112004,55.34379738428206,55.54267414976611,1690200
2008-06-02,55.05021286010742,56.53703233029979,54.510412344819265,55.788886488903714,2760100
2008-06-03,55.25856399536133,55.89306868187906,54.79452665138937,55.28697702541457,2053700
2008-06-04,55.211212158203125,55.80783519571242,54.974457385987336,55.0028704152152,2143600
2008-06-05,56.101417541503906,56.22452743324284,55.069166495790924,55.51426305167679,1586400
2008-06-06,54.85133743286133,55.76047839666626,54.785046393455545,55.3911415735224,2151300
2008-06-09,54.538814544677734,55.28696028713152,54.169477779124385,55.25854726568039,1855600
2008-06-10,54.89870071411133,55.18280573365663,53.82856807414635,54.16949554263723,2470200
2008-06-11,53.87591552734375,54.832406832630895,53.82856529529583,54.74717496990819,1658400
2008-06-12,55.22067642211914,55.826767973719036,54.4535897700433,54.4535897700433,2098900
2008-06-13,55.599491119384766,56.20558277218775,54.841876553381034,55.57108170209438,1776700
2008-06-16,56.15823745727539,56.26241014658476,55.059695337216475,55.45744527707121,2400400
2008-06-17,55.826786041259766,56.60334154464204,55.59949982955657,56.442346392062326,1669500
2008-06-18,54.78505325317383,55.66578130137447,54.70929360404868,55.39114850913077,1587900
2008-06-19,55.381675720214844,55.72260316921679,54.39677500367391,54.86081594539125,2127300
2008-06-20,54.500938415527344,55.73206229560627,54.26418368425868,55.06915193812643,2004900
2008-06-23,54.273651123046875,54.80397936238696,53.999014791908515,54.425173993228356,1789100
2008-06-24,52.84366226196289,54.24525002230559,52.43644378149814,54.15054956235188,3281300
2008-06-25,52.872093200683594,53.40242173622118,52.52169343245517,53.146726072618904,2964200
2008-06-26,51.716712951660156,52.654259825329675,51.716712951660156,52.19022249545841,2892700
2008-06-27,52.38908767700195,52.673192637596685,51.66935486932259,51.66935486932259,3129400
2008-06-30,52.777381896972656,53.127778004813194,51.96294477124193,52.24704982118268,4568500
2008-07-01,53.22247314453125,53.269823376125146,52.15234057007203,52.15234057007203,3594400
2008-07-02,53.582340240478516,54.21684127771993,53.15618094023151,53.30770384558699,3421300
2008-07-03,53.75279235839844,54.73769290311318,53.46868740465894,53.7906739822545,1625700
2008-07-07,54.046382904052734,54.482010848469514,53.572873326401954,53.64863659286994,2167400
2008-07-08,55.57108688354492,55.57108688354492,53.79068977798843,53.79068977798843,2453700
2008-07-09,54.66194534301758,56.66015628545605,54.44413137661503,55.57108284085203,3148500
2008-07-10,55.305908203125,55.41954946576009,53.677034450796135,54.59564398962215,2917900
2008-07-11,54.122127532958984,55.00285533310825,53.885372825662735,54.28311899987717,2866100
2008-07-14,52.88154602050781,54.97445733804843,52.644791248498485,54.79452501185414,3011400
2008-07-15,53.53498077392578,53.83802655280435,52.01027966686074,52.597434024454785,7563100
2008-07-16,53.48765182495117,53.86646100552952,52.52169166580925,53.705465839376494,3892200
2008-07-17,54.03691101074219,54.245252755656644,52.87207795418027,53.62969250975821,2059000
2008-07-18,52.97624588012695,54.18843275555275,52.29439460107797,54.18843275555275,3783500
2008-07-21,53.15618896484375,53.392943765989834,52.815261473178744,53.10883872713285,2000400
2008-07-22,56.1866455078125,56.1866455078125,52.82472477858769,52.82472477858769,4822000
2008-07-23,55.66579055786133,56.3665863949056,55.22069396533341,56.196122640289204,5393500
2008-07-24,55.713138580322266,56.745385990399484,53.96115097734988,56.745385990399484,4675800
2008-07-25,55.684715270996094,56.39497950560724,55.26802822055687,56.15822476073686,2511400
2008-07-28,54.95551300048828,55.75100912795718,54.90816277163948,55.64683645693528,2113200
2008-07-29,55.06917190551758,55.4574496610792,54.6335402964599,54.82294487266866,2294900
2008-07-30,56.394989013671875,56.41392982996577,55.315387773059165,55.48585150711289,2359400
2008-07-31,57.313594818115234,58.27008249375114,56.442335391090744,56.489689234885184,5791000
2008-08-01,57.01054763793945,58.34584435640498,56.90637496423226,57.34200286101597,2914400
2008-08-04,56.660152435302734,57.83445405372863,56.41392545516789,57.057898708856044,2448300
2008-08-05,56.934791564941406,57.01055483268652,56.243468003428745,57.01055483268652,3472300
2008-08-06,57.70186233520508,57.89126683926329,56.51808870057933,56.859016085366015,3115900
2008-08-07,56.840084075927734,57.588229995890416,56.7548522165321,57.474585108302236,2658500
2008-08-08,57.768165588378906,57.91021989961632,56.593860304911075,56.78326484903056,2731700
2008-08-11,58.58259963989258,58.82882300599572,57.69239941127814,57.78710348484937,2008500
2008-08-12,58.21326446533203,58.525778885663286,57.91021864633579,58.2416738819282,1471600
2008-08-13,58.59207534790039,58.951943645939366,57.95757423467073,58.16591599661627,1751700
2008-08-14,58.35531997680664,58.961411664818186,57.57876454996793,58.34585137469021,1715700
2008-08-15,59.37809753417969,59.44438858132577,58.355315185198236,58.53525112395856,2070500
2008-08-18,58.289005279541016,59.42542853987332,58.07119139330407,59.42542853987332,2088400
2008-08-19,57.63557434082031,58.270075308404806,57.484051452099344,58.137493232347786,1459200
2008-08-20,56.76432800292969,57.99545581950438,56.36658168379617,57.90075173452631,2926400
2008-08-21,56.972660064697266,57.51246057886895,56.215045624858995,56.404450137966215,2110600
2008-08-22,58.03333282470703,58.317441462074875,56.93479074633775,57.503004408482035,1884600
2008-08-25,56.83061218261719,58.270081586860975,56.555979400875486,57.654521365615345,1419900
2008-08-26,57.0389518737793,57.35146986652123,56.215046385099754,57.28517882792579,1691000
2008-08-27,57.48405838012695,57.682931518180844,56.78326267746282,56.96319861316106,1514000
2008-08-28,58.13749694824219,58.25113821889871,57.588227796243274,57.588227796243274,1061300
2008-08-29,57.351463317871094,58.43106423754103,57.332522507207905,58.0617274610845,1291800
2008-09-02,57.152591705322266,58.56365151845837,56.88742755758819,57.63557338879855,2043000
2008-09-03,56.3665771484375,57.20942356767232,56.28134528511088,57.105250888874096,1687100
2008-09-04,54.027427673339844,56.15822020428954,53.91378641654784,55.69418296504447,3910700
2008-09-05,53.39292907714844,53.923257373759306,53.1088241164511,53.714915662629565,2758800
2008-09-08,54.90815734863281,55.25855334261614,54.04637026337185,54.671402615181,2067000
2008-09-09,53.51604080200195,55.504782821303635,53.50657220177163,54.81345940158809,1926000
2008-09-10,53.56340408325195,54.0747916754242,53.288767664479884,53.74333642007262,1686300
2008-09-11,54.39677810668945,54.44413195376741,52.90048974388229,53.336117681305396,2135600
2008-09-12,55.41954803466797,55.54266150668803,54.235774376064995,54.43464748368857,2710100
2008-09-15,53.92326354980469,55.6279007344087,53.89485413425829,53.92326354980469,2459400
2008-09-16,54.122127532958984,54.95550150157689,52.83418134725296,54.245237379688135,3099700
2008-09-17,51.82088088989258,53.99902386963842,51.6788265947086,53.03306405512349,3685100
2008-09-18,53.28876876831055,53.88539185289326,51.252676121571135,52.095522599145134,3954900
2008-09-19,53.96114730834961,56.82114539332455,53.60127904266637,54.92710721354707,5252000
2008-09-22,52.07658386230469,53.91379968505174,51.801947445926494,53.57287221818106,2307600
2008-09-23,51.54624557495117,53.05200596205357,51.51783616036518,52.3133322820908,1945100
2008-09-24,51.413673400878906,51.77353809697389,49.87949969086385,51.356850948162645,3056100
2008-09-25,53.042537689208984,53.24141444385765,51.33790404818948,51.66936289754317,3023000
2008-09-26,53.620235443115234,53.70546733048218,52.095533687213305,52.445933453384185,2160000
2008-09-29,50.163604736328125,53.43081786196267,49.77532703548682,53.023602957501964,3928300
2008-09-30,52.08604431152344,52.34173987165453,49.86055113597646,51.30001681786962,2976800
2008-10-01,50.352996826171875,52.19968453745096,48.648363405218355,51.68829703997837,4300000
2008-10-02,47.70133590698242,50.352987822380264,47.45511260871556,50.352987822380264,5270000
2008-10-03,47.890743255615234,50.097298923986614,47.890743255615234,48.421075115471204,4179700
2008-10-06,46.06300735473633,47.341485277003436,44.32996432134015,47.10473050761224,5184400
2008-10-07,45.87360382080078,48.373737274872006,45.75049393908827,46.64069059095127,5033700
2008-10-08,44.481483459472656,46.763799098475495,44.481483459472656,44.490952059905766,3827800
2008-10-09,40.35247039794922,44.784518533877204,40.35247039794922,44.65193648399225,4660900
2008-10-10,38.83722686767578,41.195304508384474,32.757369867377555,38.73305786786141,10817900
2008-10-13,45.400081634521484,45.428494656123505,39.77479105699344,40.36194172297619,3697200
2008-10-14,42.28440856933594,47.96652374841311,41.66884464656596,47.095264209073676,7487600
2008-10-15,38.306922912597656,41.782481238815755,38.18380941937349,41.593076698299605,5097500
2008-10-16,40.087318420410156,40.75970108391797,37.644007519089705,37.89023088439151,6403800
2008-10-17,41.053279876708984,43.23142687381825,37.984939766370225,39.22553257614529,5606100
2008-10-20,41.81088638305664,42.44538731964683,40.44717683859219,40.87333607123733,4327100
2008-10-21,40.85439682006836,42.274925241420334,40.59870127071413,40.797577995272256,4313200
2008-10-22,38.85618591308594,40.13466364835426,38.04174904749068,40.00208157490212,6298600
2008-10-23,36.375,39.017183902772,33.23089717836545,37.56824236208916,10975400
2008-10-24,35.456398010253906,36.488649096230795,33.57183180070729,33.78964578603927,5525000
2008-10-27,33.429771423339844,35.49427322163807,33.3729525929405,34.93553184296854,5323600
2008-10-28,34.10214614868164,34.49989593197865,32.1512896898219,34.31996365655268,7684100
2008-10-29,34.869239807128906,36.450763439085904,32.8426196951453,34.09268450464156,15086000
2008-10-30,37.69135284423828,37.86181654133638,35.2575144732816,35.95831007386164,5103600
2008-10-31,38.448974609375,39.28235244178434,37.3409639792892,37.7008322543782,5177700
2008-11-03,38.50577926635742,39.2918065023929,38.04173852503932,38.420547440914895,2937200
2008-11-04,40.570289611816406,41.7919448535541,39.291815548428836,40.570289611816406,3960100
2008-11-05,38.041751861572266,40.10625359042127,37.81446932243871,39.98314372030344,3222100
2008-11-06,35.64579391479492,38.04175078392019,35.24804767628321,38.04175078392019,4643300
2008-11-07,35.73102569580078,36.46969934445935,35.07758389987902,35.07758389987902,3651100
2008-11-10,35.229103088378906,37.05684981733536,34.774534459104444,36.441286099777464,3268800
2008-11-11,34.111629486083984,34.793484415512765,32.672159975396156,34.518848000871586,5069800
2008-11-12,31.16639518737793,33.81804766842308,31.062222519223415,33.562352104568575,7338800
2008-11-13,34.395729064941406,34.53778335697913,31.602022351394943,32.3501682126243,7832600
2008-11-14,32.23654556274414,35.21965490492771,31.72515415119514,33.808597832896666,4462700
2008-11-17,30.81600570678711,32.293353350169,30.721301619011626,31.933488654396857,3123600
2008-11-18,30.323549270629883,30.939109462354804,29.0166620194035,30.351958685029093,8943400
2008-11-19,30.06785011291504,31.128510270727197,29.86897701068596,30.162552364293497,7712500
2008-11-20,27.36884307861328,29.906853762736667,27.151029187170085,29.906853762736667,7419300
2008-11-21,28.154882431030273,28.28746635695817,25.238063155055162,27.993889083064612,8495500
2008-11-24,30.399309158325195,31.32739097887851,28.581034370298593,28.694675641402537,6656000
2008-11-25,32.84260559082031,33.37293731145094,30.541350086028682,31.715654748643182,7938800
2008-11-26,32.795284271240234,33.03203913161934,31.431573963397376,32.274424300924686,4537600
2008-11-28,33.78963088989258,34.32943131396006,32.5395663696742,32.79526187779932,2250600
2008-12-01,31.07168960571289,33.13619097686864,30.98645776515728,32.58691831271243,6777200
2008-12-02,31.67779541015625,32.06607316765352,30.380380017434913,31.60203213425833,5041500
2008-12-03,32.141822814941406,32.33122733307224,30.759175973990512,31.024340131819258,4838400
2008-12-04,30.787578582763672,32.45433363882705,30.304600600236956,31.829301395950765,5238400
2008-12-05,32.17023468017578,32.23652571724126,29.622753215332885,30.304606204671696,5637000
2008-12-08,32.7479248046875,33.82752608614464,32.388056506671305,32.95626656661986,5627100
2008-12-09,32.95626449584961,33.836992562244326,32.44487330647373,32.5016957539348,4698600
2008-12-10,32.36911392211914,33.69494213972313,31.90507296218037,33.3256016470741,4115200
2008-12-11,31.554670333862305,32.653212143816326,31.251624566467438,32.293343940313484,5322500
2008-12-12,28.84619903564453,29.96368178969272,27.00898340212695,29.36706059041546,10559900
2008-12-15,28.2401065826416,29.575403241928207,27.80447870516446,29.281827854659028,6434600
2008-12-16,30.07732391357422,30.09626472724684,28.325338387355604,28.581033953049786,9432200
2008-12-17,31.374738693237305,32.33122623917976,29.594342063190407,29.812155987264617,7358600
2008-12-18,30.81600570678711,31.886134804213334,30.52242845357046,31.592561163588247,4613600
2008-12-19,30.80652618408203,31.592553669502518,29.887918426112645,31.156925806845496,5350100
2008-12-22,30.67394256591797,31.166392843048616,30.0205008047243,30.730765002252838,3116400
2008-12-23,30.787578582763672,31.422083036377888,29.925793453992984,30.43718264984861,3810400
2008-12-24,31.18532371520996,31.251614730175913,30.427709535178117,30.958037654905723,998900
2008-12-26,31.081161499023438,31.412616684877236,30.806525137835674,31.308447635459313,1433900
2008-12-29,31.014869689941406,31.081160725462286,30.673942300068028,31.06221991351482,2915600
2008-12-30,31.763025283813477,31.819844124557697,30.475078575600953,31.289515677123084,2624700
2008-12-31,32.26494598388672,32.46381916198673,31.66832283699491,31.73461389636158,2602600
2009-01-02,33.48659896850586,33.65706271085844,32.018719953884414,32.397525460430096,3003000
2009-01-05,33.600250244140625,33.78018264227567,32.86157621616325,33.35402677234569,3966800
2009-01-06,33.429771423339844,34.28209000523946,33.09831620404052,33.76123025523012,4394600
2009-01-07,33.069908142089844,33.581299368021085,32.530107496692914,33.02255790544987,3459600
2009-01-08,32.160762786865234,33.14566336531344,31.602021459917754,33.003609077282995,4756700
2009-01-09,32.009246826171875,32.444874771942764,31.51679643037337,31.97136519282013,3339700
2009-01-12,32.34070587158203,32.77633381967608,32.00924699687372,32.47328797642879,4258700
2009-01-13,35.11546325683594,35.47532784505508,32.25546568743421,32.67215271133607,7961000
2009-01-14,34.51884841918945,35.26699440775788,34.10215768500383,34.490435388391404,5540800
2009-01-15,36.251895904541016,36.971632560978854,33.96011104280188,34.03587070461063,6545500
2009-01-16,36.839046478271484,37.35990628964213,36.07195966419308,36.30871445232441,5716600
2009-01-20,34.509376525878906,37.35990619046408,34.08322079844691,36.46023727543508,6420800
2009-01-21,34.31050491333008,35.285933525648744,33.685472390737,35.06811954486844,6833700
2009-01-22,34.00745391845703,34.18738623730503,33.30665823238147,33.76123055516025,4914000
2009-01-23,32.85210418701172,33.41084582006116,32.03767047557368,33.41084582006116,5241600
2009-01-26,33.23091125488281,33.42031585947811,32.59640637137742,33.05097886744308,4391800
2009-01-27,34.367332458496094,34.67037835602143,33.41084090920071,33.562363857963376,4423000
2009-01-28,35.39011001586914,36.034083424989646,34.73666800334624,35.04918249191218,3917100
2009-01-29,34.594600677490234,35.390096730566434,34.310495718375286,34.99235051032361,2921100
2009-01-30,34.02638626098633,35.11545934164095,33.723340529647494,34.49989566777702,4421400
2009-02-02,33.95061111450195,34.357829350527226,33.61915609103433,33.666506292588444,3974400
2009-02-03,34.746124267578125,35.181755733815606,33.751755084222275,34.13056411244861,5121000
2009-02-04,35.11546325683594,37.11367014170686,34.802945279466684,35.57950050417816,10509200
2009-02-05,36.85799026489258,37.047394851742624,34.94501441422401,35.03971490135302,7180800
2009-02-06,37.88076400756836,38.09857796710094,36.356062678249145,36.356062678249145,5974300
2009-02-09,37.41672134399414,38.202748895168504,37.00003425954196,37.90917168703272,3408100
2009-02-10,35.9014892578125,37.55877246683527,35.6931439269349,37.18943564398185,7207500
2009-02-11,36.554927825927734,36.791682549185275,35.74049461249773,35.95830852438381,2897000
2009-02-12,36.94321823120117,36.9905720823367,35.380638683703,36.06249367902824,3896800
2009-02-13,37.80498504638672,38.155384569013385,36.76326591380553,36.76326591380553,4812500
2009-02-17,36.5075798034668,37.23678482854728,36.13824299094604,36.87691661598756,4227900
2009-02-18,35.77836608886719,36.81061663826586,35.238565707424634,36.81061663826586,4715100
2009-02-19,35.92990493774414,36.782223610362365,35.85414528495104,36.10984088673651,3076300
2009-02-20,35.049163818359375,35.81625033857289,34.30102172004124,35.35221315465569,4855300
2009-02-23,34.49042892456055,35.46586091375158,34.3010280218895,35.31433802406035,4248900
2009-02-24,35.910972595214844,36.090908586666224,34.70826118046266,34.916602984249046,3189800
2009-02-25,34.97341537475586,36.005666330076345,34.528315245255214,35.873084235141974,3481600
2009-02-26,34.18738555908203,35.39010016143588,33.988512429681,35.39010016143588,6226400
2009-02-27,34.338905334472656,35.153342204672775,33.62864112617124,33.827517850064474,6766700
2009-03-02,33.05097198486328,33.855936871025854,32.8520952045268,33.81805523547685,6232500
2009-03-03,32.63426971435547,33.9316881800893,32.51115986110887,33.40135630713742,5741700
2009-03-04,34.14950180053711,34.62301123619996,32.89943717939441,33.05096005430291,3837600
2009-03-05,32.728981018066406,33.83699161821,32.189180426315765,33.83699161821,4557800
2009-03-06,32.350162506103516,33.268771910700515,31.55466655871613,32.58691720934274,4635000
2009-03-09,31.10956382751465,32.009232343302706,30.323540160362178,31.87665029915095,6828700
2009-03-10,32.17972183227539,32.50170860333494,31.29899341768877,31.706212087340333,6326700
2009-03-11,31.72513198852539,33.05095984502226,31.68725036689056,32.38804591677383,5723900
2009-03-12,32.05659103393555,32.406990657666135,30.844407895338758,31.658844796304994,8185100
2009-03-13,32.85210418701172,33.08885905503957,32.056607685934424,32.369125845775635,4550700
2009-03-16,32.92783737182617,33.49604709052325,32.852074149285606,33.18353282901664,5588500
2009-03-17,33.29718017578125,33.675989132993394,32.82367078556104,32.889961811184676,6394400
2009-03-18,32.28388977050781,33.44872313693765,31.980843867660642,33.1551458380454,8063600
2009-03-19,31.886138916015625,32.86157127663409,31.706206544926797,32.67216668925046,5032000
2009-03-20,31.545209884643555,32.40699718569801,31.374746144866503,32.170242392962265,3992000
2009-03-23,33.05097198486328,33.164613278918694,31.867197968393842,32.21759406574315,4985700
2009-03-24,32.728981018066406,33.28772242510897,32.42593519857802,32.615336126314915,4463700
2009-03-25,33.23091125488281,33.80859367323191,32.39753316221892,32.492237270812744,4331700
2009-03-26,34.90713119506836,34.91659979831607,33.15514336170887,33.53395251827088,7419400
2009-03-27,34.660892486572266,35.66473388457771,34.54725122291204,34.556723435561594,4322800
2009-03-30,33.997982025146484,34.21579595189816,33.26877699423492,34.0832138758398,3697300
2009-03-31,33.7801628112793,34.386257948715006,33.60970273093321,33.94115790464845,5597400
2009-04-01,32.55852127075195,33.543418498119976,31.999779795447143,33.429777205075894,6698500
2009-04-02,33.95061111450195,34.348360755251925,32.28386017671088,33.01306484092848,6132700
2009-04-03,33.6475944519043,34.282099259169115,33.48660290552768,33.91276231151272,4126000
2009-04-06,34.35784149169922,34.556718188646485,33.410822675609694,33.410822675609694,3225600
2009-04-07,33.704429626464844,34.38628493329582,33.467674712992235,33.912775106350594,2220300
2009-04-08,34.016929626464844,34.3199791091629,33.42977870470781,33.89381972539097,2054800
2009-04-09,35.17228698730469,35.2006964028146,34.13056747590998,34.13056747590998,3246400
2009-04-13,35.19123077392578,35.39010392447304,34.57566689355613,34.79348447283127,2563200
2009-04-14,34.462032318115234,35.1533559850212,34.329450191940396,34.89766033628744,3095700
2009-04-15,34.47148513793945,34.49042233451573,33.827512076647245,34.35784028294203,3808600
2009-04-16,35.19123077392578,35.494276606928636,34.35785292687229,34.43361619141865,3218100
2009-04-17,35.674198150634766,35.85413404320985,34.89764298688286,35.456384249835104,3409400
2009-04-20,34.613555908203125,35.42799311282307,34.43362353541651,35.15335663915503,3069400
2009-04-21,33.90327453613281,34.75559295694506,33.48658753739697,34.338902345618955,4314200
2009-04-22,33.32560348510742,34.092690317790634,32.98467961650634,33.789644470639814,5319400
2009-04-23,30.67394256591797,31.232683879144037,29.196593540821283,30.541360493727126,32610100
2009-04-24,31.393688201904297,32.44487648859805,30.465606198638778,30.853887542151003,11591300
2009-04-27,31.052749633789062,31.535727668252118,30.77811329429522,31.15692228756882,8156900
2009-04-28,31.980833053588867,32.22705641167162,30.560304509611463,30.673945781604203,8269000
2009-04-29,32.15129470825195,32.40699026329886,31.431558269025693,32.217585747050336,7792200
2009-04-30,33.221431732177734,34.24421048071085,32.17023995410817,32.54904542621292,7953300
2009-05-01,34.613555908203125,35.17229745933131,32.776339702208226,33.174086088134025,8492000
2009-05-04,35.03970718383789,35.892025830643405,34.4336155294834,35.00182555229293,6994600
2009-05-05,34.63249206542969,35.39010670751486,34.28209597082621,34.85977826435103,4582800
2009-05-06,33.6949462890625,35.0397118756516,33.4487192636417,34.76507542906367,5136000
2009-05-07,34.60407257080078,34.72718243064122,33.59076260466178,34.07374066944399,5537400
2009-05-08,34.746124267578125,35.409038260678905,34.48096011537407,34.954469594361676,4722100
2009-05-11,34.49989700317383,34.79347414728006,34.083210009601636,34.28208310112994,3016600
2009-05-12,34.99237823486328,35.03025988944981,34.30105429532953,34.784032747230796,3481400
2009-05-13,34.054813385009766,34.679845982617906,33.874881017359165,34.57567328091789,4174800
2009-05-14,33.751766204833984,34.39573959744226,33.4108386896188,34.03587126331603,3405500
2009-05-15,33.27827072143555,33.68548946971347,32.94681528102019,33.410852897601686,3241200
2009-05-18,33.59077835083008,33.74230130616197,32.79528193218958,33.17408751422321,3415700
2009-05-19,34.045318603515625,34.14001901628523,33.240350644617244,33.41081427767388,3029700
2009-05-20,33.9885139465332,34.39573243686552,33.66652731726093,34.22526871474543,5507900
2009-05-21,33.4487190246582,33.9127600384255,33.2498458527258,33.723355469283916,3497600
2009-05-22,34.338905334472656,34.74612376957271,33.42976801486858,33.45818103976223,4674700
2009-05-26,35.99619674682617,36.21401433309851,34.34838542851252,35.03970898304542,7192400
2009-05-27,35.95830535888672,36.77274211321026,35.60790579824702,36.043537196259884,5793100
2009-05-28,36.35605239868164,36.46022504826253,35.465855996737034,36.27082055926002,3972700
2009-05-29,36.8485107421875,37.028443059451504,35.94884193068559,36.39394203600138,5416400
2009-06-01,37.738704681396484,38.060691277167045,37.0000310374602,37.236785781038826,5569300
2009-06-02,37.95652389526367,38.21221585050332,37.359900903659174,37.75764715633494,6095000
2009-06-03,37.24626159667969,37.871294035683285,36.77275206371966,37.64400787032241,6127400
2009-06-04,37.2557373046875,37.454610479445826,36.51706344838988,37.38831942119305,5209600
2009-06-05,37.87128829956055,38.306916136880155,37.27466536687209,37.416716037689966,4367100
2009-06-08,37.55876922607422,37.890224394242864,36.86744586632935,37.549300626665286,4080100
2009-06-09,38.62890625,38.87512960283744,37.61559619922333,37.814469324121745,4829000
2009-06-10,39.490699768066406,39.490699768066406,38.505798972810176,38.65732189418872,6013400
2009-06-11,39.65169143676758,40.219905103462054,39.52858154635315,39.52858154635315,5010000
2009-06-12,39.575927734375,39.784269472855385,39.102418200187955,39.33917296728148,3080000
2009-06-15,38.27850341796875,39.39598604441722,38.0985711217947,39.272876184577854,4579200
2009-06-16,38.070167541503906,39.01718661660305,37.719771495242725,38.47738603280382,5664400
2009-06-17,38.742549896240234,39.08347733846081,37.73870838443421,38.09857664151049,4620400
2009-06-18,38.91300964355469,39.24446483820369,38.59102304907108,38.73307733968676,3256500
2009-06-19,39.17817687988281,39.55698594291686,38.73308038529741,38.922481304223474,4390600
2009-06-22,37.72925567626953,39.092962407004855,37.72925567626953,38.85620754046516,3475100
2009-06-23,37.19889450073242,38.37319931365236,37.066312456752215,37.98492177945758,3766200
2009-06-24,38.136470794677734,38.411107281385455,37.255742483920045,37.52090675379385,5672800
2009-06-25,39.575927734375,39.594868549253405,37.4924850614338,37.833412504063034,4348600
2009-06-26,39.68956756591797,39.83162186603816,38.950893875511156,39.61380792175387,4289100
2009-06-29,39.604339599609375,40.049439745300226,38.827784204526154,39.84109438134429,2687600
2009-06-30,38.60996627807617,39.63274495170282,38.4584433778133,39.63274495170282,3436100
2009-07-01,38.25009536743164,38.97930040302208,38.13645410330826,38.8656591388987,3918700
2009-07-02,36.93374252319336,38.15539795059773,36.93374252319336,37.75764807564683,2933600
2009-07-06,37.6156005859375,37.719773267106426,37.00003671317088,37.08526857843716,2964700
2009-07-07,36.630699157714844,37.729241171631585,36.53599869254266,37.47354558055728,2654700
2009-07-08,36.04354476928711,37.39778224064642,35.91095907350153,36.791687040541944,3720900
2009-07-09,36.109832763671875,36.64016105169792,35.806786995488274,36.28029645984897,2977600
2009-07-10,36.34658432006836,37.681880748390334,35.51320672408458,35.8351932762199,2307400
2009-07-13,37.15155792236328,37.28414001500439,36.00566570728961,36.384471170179765,3370900
2009-07-14,37.26519775390625,37.27466996735081,36.47917382978207,37.27466996735081,2767000
2009-07-15,37.861820220947266,38.07963416338747,37.407251522038464,37.54930582095598,3593600
2009-07-16,38.56261444091797,38.72360593522488,37.757646131611175,37.814468571561655,3698000
2009-07-17,38.714134216308594,38.789893850882464,38.15539291253829,38.553139122379626,2719400
2009-07-20,39.44334030151367,39.509631338315636,38.64784424729958,38.8183079455305,2777800
2009-07-21,39.424400329589844,40.00208247339871,39.10241373857789,39.68956448245005,2979700
2009-07-22,39.604339599609375,39.75586251541607,38.8467250205759,39.08347980231081,4083200
2009-07-23,41.60254669189453,43.81857138870311,41.28056007397907,42.25598852857992,15060500
2009-07-24,42.038169860839844,42.34121563041411,41.38472809755605,41.488900758207926,4453700
2009-07-27,41.971885681152344,42.445395225039526,41.43208509012825,42.18969963782951,2823200
2009-07-28,42.01923370361328,42.26546067653881,41.48890535440311,41.791951157549185,2748500
2009-07-29,42.985206604003906,43.373484382933306,41.77302302346178,41.924545971029545,5708000
2009-07-30,43.09882736206055,43.54392738882669,42.15180848815151,43.32611348133845,3745600
2009-07-31,42.88102340698242,43.54393749509491,42.74844131187815,42.88102340698242,2478900
2009-08-03,43.316654205322266,43.364004436691,42.530626636755166,43.345063621625286,3675800
2009-08-04,42.899967193603516,43.477649458788875,42.729503455922874,43.18407221887412,2735700
2009-08-05,42.79580307006836,43.18408085855752,42.199183481413975,42.99467987887861,2507500
2009-08-06,42.312808990478516,43.08936427746066,41.943472160400525,42.87155034209648,3011500
2009-08-07,42.81473159790039,43.19354067368155,42.5969176437331,42.64426787505798,2343600
2009-08-10,43.1556510925293,43.19353271564627,42.28439543638148,42.80525511017336,2704900
2009-08-11,42.26545333862305,43.18405918941733,42.066576629606274,42.97571749379498,2859000
2009-08-12,43.43976974487305,43.761756417765106,41.97189070562075,42.14235445083369,3720900
2009-08-13,44.292076110839844,44.32048552291692,42.66320238339744,43.67651235683925,4341600
2009-08-14,42.682151794433594,44.06479885378896,42.26546467879796,44.06479885378896,4050600
2009-08-17,42.38856887817383,42.60638642739613,41.75406788180257,42.34121865066103,4207800
2009-08-18,42.53062438964844,42.757910545837206,42.08552429059883,42.3885700904566,3263400
2009-08-19,42.577972412109375,42.672676477526636,42.00976246996864,42.22757640154228,3602800
2009-08-20,43.023075103759766,43.089366147286775,42.4832745421307,42.6916198861247,2569600
2009-08-21,43.2503547668457,43.657573214280426,43.05148164951917,43.39240905784505,3568200
2009-08-24,42.937828063964844,43.61021047490578,42.871537043877126,43.54391945481806,3003600
2009-08-25,43.35453414916992,43.79016568985486,42.918906221076234,43.060960534085204,3380000
2009-08-26,43.22195816040039,43.59129509132484,43.05149440572884,43.364012493490605,2068900
2009-08-27,43.0893669128418,43.392412720803954,42.568507156193775,43.21248040126111,1914700
2009-08-28,43.04201889038086,43.401887160515585,42.52115910701737,43.269301451714554,1980000
2009-08-31,42.81473159790039,43.34506358147579,42.369635088337276,42.8999634593216,2845400
2009-09-01,42.36015701293945,43.326116771184935,42.16128390133936,42.60638396190292,2466300
2009-09-02,40.986976623535156,42.208631865225,40.844925956825655,42.208631865225,5641300
2009-09-03,42.113948822021484,42.14235824458394,41.21427977742772,41.21427977742772,2749100
2009-09-04,42.33176040649414,42.47381112378469,41.68778703952029,42.11394641657529,2006500
2009-09-08,42.4169921875,42.814738530138314,42.05712386849986,42.502224062721304,1868300
2009-09-09,43.41135787963867,43.41135787963867,42.2938749962278,42.37910686403342,2388500
2009-09-10,44.0837287902832,44.150019823851615,43.19353233051427,43.47763727617752,2406900
2009-09-11,44.64249038696289,45.16335029301338,44.21633096834266,44.29209424836049,3662200
2009-09-14,45.06864547729492,45.21069980738977,44.50990398489575,44.55725422406348,2897400
2009-09-15,43.05148696899414,44.462547002785534,42.99466813564637,44.462547002785534,10014000
2009-09-16,43.22195816040039,43.610235909909655,42.71056689638573,43.23143037598868,5100800
2009-09-17,43.26931381225586,43.4397775882473,42.87156741000396,43.00414954408793,3775500
2009-09-18,42.49274826049805,43.49658986030317,42.39804779050891,43.3545355427281,7520700
2009-09-21,43.45870590209961,43.61970102757705,42.21811319369708,42.28440424166098,5930700
2009-09-22,43.62916946411133,43.8848650535446,43.4965873686847,43.61970086269135,3422900
2009-09-23,42.88102340698242,43.81857389929155,42.88102340698242,43.61970075663515,2580400
2009-09-24,42.38856887817383,43.22194661024411,42.331750050194785,42.947310233042764,2444100
2009-09-25,41.66883850097656,42.42645302393066,41.62148827065275,42.36963419257849,4296900
2009-09-28,41.687767028808594,42.076044583170784,41.19531683088265,41.84875848697806,5261900
2009-09-29,41.29949188232422,42.009756007025715,40.949095925663386,41.66882864915457,7020800
2009-09-30,41.35630416870117,41.460476801886145,40.58922134722924,41.34683557140689,7535900
2009-10-01,41.110103607177734,42.14235468670404,40.901758225731015,41.44155888439608,7543300
2009-10-02,41.85825729370117,42.038189675261286,40.617660606103506,40.79759660025585,4841000
2009-10-05,42.20864486694336,42.58745398670243,41.60255316540206,42.03818112431093,3200600
2009-10-06,42.862083435058594,43.136719844659666,42.218113762249956,42.22758236383324,2798800
2009-10-07,43.326107025146484,43.326107025146484,42.44537931464452,42.85259765875144,2537800
2009-10-08,42.994667053222656,43.809100415629445,42.928376007591766,43.52499541826977,2736200
2009-10-09,43.0893669128418,43.35453109166094,42.75791168931787,42.92837540787046,2833400
2009-10-12,42.805267333984375,43.1651356311816,42.54009950903257,43.07043154634472,1764500
2009-10-13,43.21249008178711,43.26930892563929,42.615866933196656,42.615866933196656,3810200
2009-10-14,44.54777908325195,44.71824280931114,43.34506439943038,43.49658731008398,5147000
2009-10-15,44.907630920410156,45.18226724651638,44.2825986407902,44.2825986407902,3405500
2009-10-16,44.888702392578125,45.163335159135414,44.40572067578789,44.66141624127846,3152300
2009-10-19,45.12547302246094,45.390637281786745,44.52884982638579,44.746663841202285,3125800
2009-10-20,44.737186431884766,45.229633212965645,44.32996790659024,45.229633212965645,3855600
2009-10-21,44.80347442626953,45.665261653239575,44.5572474399403,44.680360933104915,6928600
2009-10-22,44.55723571777344,45.93988235771939,43.67650790720467,45.93988235771939,6224000
2009-10-23,45.13493347167969,45.34327884498885,44.434137696743406,44.746655756707156,4345000
2009-10-26,44.13108444213867,45.53267575669111,44.05532479984955,44.97393439601938,4557000
2009-10-27,43.278770446777344,44.348902963519706,43.174597775334604,44.19737645044597,4330800
2009-10-28,42.899967193603516,43.43029922334234,42.59692135163601,42.99467127708798,4736400
2009-10-29,43.468177795410156,43.56287825963377,42.7295004466196,43.03254626724455,2825500
2009-10-30,42.6158561706543,44.206848423366,42.43592385624425,43.19353835453771,4101700
2009-11-02,42.2370491027832,42.9662542206399,42.0760575948285,42.67268062081871,2936900
2009-11-03,41.90558624267578,42.29386384640939,41.41313598213236,42.085518532789756,4473100
2009-11-04,41.72566223144531,42.32228165458477,41.64989897051839,41.962417002955256,2485800
2009-11-05,42.36015701293945,42.75790684873022,41.924529164884795,41.933997764803124,4504700
2009-11-06,42.502227783203125,42.82421449415891,41.82037272174571,42.019245910473465,3946100
2009-11-09,42.985206604003906,42.985206604003906,42.52116915758664,42.644279068828425,2590600
2009-11-10,42.729496002197266,42.99466377710656,42.341218359120525,42.776846229384034,3409600
2009-11-11,42.37910079956055,43.013601803745004,42.208637088342755,42.72002822199613,2518000
2009-11-12,42.113948822021484,42.691631164737224,41.99083530326439,42.180239883061795,3001400
2009-11-13,42.2370491027832,42.64426759213942,41.280561431038564,42.12340782583923,5486100
2009-11-16,43.0893669128418,43.3829441198137,42.293870763793386,42.42645285320296,3440600
2009-11-17,43.69545364379883,43.69545364379883,42.66320284689433,43.05148047072498,3677500
2009-11-18,44.01744079589844,44.15002287218938,43.420817839998534,43.61022235438159,3898800
2009-11-19,43.960628509521484,44.121623648332,43.59129160810935,44.03639177780678,3208100
2009-11-20,44.09318542480469,44.17841723965156,43.524972121629155,43.875371589660254,3620600
2009-11-23,44.33942794799805,44.88870068540473,44.064791579294706,44.557241877889794,2571800
2009-11-24,44.917110443115234,45.087574148267116,44.216314809425214,44.36783770149458,3298500
2009-11-25,45.25802993774414,45.30538015587346,44.53829361685421,45.125447881946016,2515900
2009-11-27,44.964473724365234,45.27699181207607,44.339441161535326,44.55725515633753,1594300
2009-11-30,44.72771072387695,45.66526120280543,44.26367339763472,45.617907358723045,3304100
2009-12-01,45.352745056152344,45.580031234379064,44.72771258176791,45.08758085871387,3873800
2009-12-02,45.51374816894531,45.89255371565079,45.33381219261272,45.43798489204909,2149800
2009-12-03,45.28644561767578,45.90200937637458,45.28644561767578,45.456909316620354,2972400
2009-12-04,45.8167724609375,46.356572910379334,45.39061326069653,45.598958561389935,2659700
2009-12-07,46.05354690551758,46.2524200799872,45.81679209421801,45.8736109368712,2666900
2009-12-08,45.46638107299805,46.072476273873534,45.29592097480996,45.89254034994533,3388000
2009-12-09,45.390625,45.66526140147185,44.841352197056295,45.456916046894435,2927900
2009-12-10,45.911468505859375,46.23345502493776,45.43795913148468,45.60842279526676,2154300
2009-12-11,45.64632034301758,46.31870302227278,45.286452081371955,45.9683069744708,2545800
2009-12-14,46.403934478759766,46.422875293690595,45.68420157434356,46.167179711010995,2197500
2009-12-15,46.413394927978516,46.57439002031819,46.167171602306006,46.46074876328399,3191500
2009-12-16,46.356597900390625,47.066862412819724,46.299775438863136,46.706994048329854,2763100
2009-12-17,45.95884704589844,46.29030597979768,45.93043762195555,46.044078930319145,2895200
2009-12-18,45.750484466552734,46.29028495180821,45.286443614927464,46.17664008247728,3068700
2009-12-21,45.97777557373047,46.39446628064663,45.57055708065754,46.05353883411198,2350900
2009-12-22,46.43234634399414,46.47970019011448,45.79784526700356,45.958836783520724,1656900
2009-12-23,46.36603927612305,46.76378904805467,46.31868905895238,46.403920894895585,1337200
2009-12-24,46.205047607421875,46.59332516661912,46.08193415325983,46.32815744899394,499200
2009-12-28,45.97777557373047,46.40393488189878,45.7504930177681,46.384994066803394,2751100
2009-12-29,46.08195495605469,46.15771822746086,45.778909095613216,45.96831366153704,2358200
2009-12-30,45.50426483154297,45.949364943043655,45.32433251177871,45.84519226906766,2223000
2009-12-31,45.1633415222168,45.769436806878645,45.09705047137104,45.45691875638466,1578800
2010-01-04,44.98339080810547,45.48530959161979,44.936040592930695,45.48530959161979,7182800
2010-01-05,45.13493347167969,45.22016534143422,44.746655756707156,45.08758323572527,3221900
2010-01-06,45.56109619140625,45.87361066190074,45.09705517450024,45.248578108320054,3065000
2010-01-07,45.56109619140625,45.646328067466875,45.229637290018616,45.57056479426112,2638300
2010-01-08,46.32817459106445,46.32817459106445,45.34327743111234,45.570560001643095,3162200
2010-01-11,46.877437591552734,47.03842907752066,46.40392812093099,46.754324117665725,2844500
2010-01-12,46.10090255737305,46.76381682935442,45.873616322302354,46.76381682935442,3253600
2010-01-13,46.11984634399414,46.37554202017049,45.56110474329598,46.091433304912954,2890300
2010-01-14,45.85466766357422,46.29976784101781,45.71261695195436,46.19559515160833,1885800
2010-01-15,45.22015380859375,45.84518615652305,44.84134479238608,45.835717556783585,5187800
2010-01-19,46.37553787231445,46.39447869247704,45.24858255448917,45.43798714352293,3991200
2010-01-20,46.18610763549805,46.73537666482804,45.64630720469527,46.31868969041942,3862800
2010-01-21,45.239105224609375,46.5744020814758,45.14440114206377,46.11036110848075,3014100
2010-01-22,44.54777908325195,45.400094100956764,44.53830686925358,45.17281154127194,3904300
2010-01-25,44.6046028137207,45.11599404804053,44.54778397385731,44.83188901094892,2463700
2010-01-26,44.02690505981445,44.42465121687721,43.780678151793715,44.42465121687721,3662600
2010-01-27,43.998512268066406,44.112157175981515,43.581825110152586,43.856461552059976,2210900
2010-01-28,43.84697723388672,44.63300470667355,43.771217595446544,44.22578626385952,2608200
2010-01-29,43.70492935180664,44.41519361898059,43.69545713852676,44.19737606463394,3009300
2010-02-01,44.434112548828125,44.47199416118877,43.56285714006964,43.66702976776672,4060200
2010-02-02,45.07810974121094,45.17281382302256,44.254204098702154,44.46254946609639,3995200
2010-02-03,45.845184326171875,47.057367349495664,45.60842960364205,46.877435060905526,6484600
2010-02-04,44.75611877441406,45.62737818014796,44.718240757931625,45.617905966584104,4231600
2010-02-05,44.50989532470703,44.76559090157265,43.59128569069993,44.6519496271627,3827100
2010-02-08,44.311004638671875,44.812923380035286,44.140540988286276,44.46252748206024,2665600
2010-02-09,45.153873443603516,45.409569048082204,44.53830954994097,44.58566339760068,3085700
2010-02-10,44.632999420166016,45.24855950522416,44.453063526575455,45.002336193718946,2423500
2010-02-11,44.80347442626953,44.96446593744615,44.23526080499593,44.47201557737881,2252200
2010-02-12,44.75611877441406,44.79400040348749,44.083736115020166,44.52883622515547,2118400
2010-02-16,45.65579605102539,45.65579605102539,44.81294951729846,44.992881869833894,1675400
2010-02-17,46.12930679321289,46.27136112572721,45.617915531271414,45.655797168287464,2265000
2010-02-18,46.70698165893555,46.89638620119402,45.97777651942469,46.214531294099984,2822200
2010-02-19,46.612274169921875,46.86796972155041,46.31869699303194,46.52704231937903,2012100
2010-02-22,45.55162811279297,46.943747677346536,42.96626578761638,46.78275612605118,19134000
2010-02-23,47.0384407043457,47.29413631519441,45.22963422397873,45.24857504099621,14686100
2010-02-24,45.826255798339844,46.9532108917139,45.49480054298944,46.830097391473174,6836100
2010-02-25,46.669105529785156,46.71645938037569,45.04023494455359,45.45692209657253,9253500
2010-02-26,46.18610763549805,46.583853800262176,45.68418882398425,46.47021255498529,3933300
2010-03-01,46.072479248046875,46.6406892455964,45.71261098955028,46.26188017216934,6794500
2010-03-02,46.80167007446289,46.98160596894913,46.157700576722874,46.25240101717546,2516300
2010-03-03,46.536529541015625,46.849047655590546,46.29977470728023,46.80169379876981,2729100
2010-03-04,46.044063568115234,46.87744131411381,45.93989089829156,46.64068656000212,2123000
2010-03-05,46.867984771728516,47.08579876803976,46.05354763003063,46.12930729229064,2717800
2010-03-08,47.28466796875,47.5308913661261,46.56493136855869,46.716457905518105,3576100
2010-03-09,47.568763732910156,47.99492300360449,47.038431794647124,47.19942690250532,4539900
2010-03-10,47.73921203613281,47.871794074767735,47.29411209563877,47.48351655622706,2009100
2010-03-11,48.14644241333008,48.15591101306422,47.48352844163458,47.7297553858083,2943400
2010-03-12,47.50247573852539,48.15591758710128,47.294130390026844,48.15591758710128,2942300
2010-03-15,47.29412078857422,47.58769793707674,46.85849297796294,47.45511587407246,3025100
2010-03-16,46.88690948486328,47.39830061607772,46.75432740179083,47.39830061607772,3209300
2010-03-17,47.322547912597656,47.47407083155309,46.839566124770634,46.839566124770634,3604000
2010-03-18,47.21835708618164,47.58769383344172,47.01001179794674,47.341470539464986,2150700
2010-03-19,47.2373161315918,47.53088975552412,46.93427029312475,47.2373161315918,3047900
2010-03-22,48.10855484008789,48.18431807895412,46.9342535383818,47.208886247796734,2178900
2010-03-23,48.15591049194336,48.26955536306627,47.493000140012086,48.12750108045787,3674000
2010-03-24,48.042274475097656,48.155915746029,47.710819262968364,48.155915746029,2422800
2010-03-25,47.72976303100586,48.61049106356377,47.68240918697865,48.24115058814345,3069700
2010-03-26,47.36042404174805,47.88128744166321,47.07631903162509,47.88128744166321,3334200
2010-03-29,47.83393478393555,47.83393478393555,47.26572474958015,47.521420348817465,2748000
2010-03-30,48.92300796508789,49.614331494410884,47.72976545439411,47.86234755418327,5520600
2010-03-31,48.714656829833984,48.84724252650694,48.477902076089975,48.714656829833984,3290600
2010-04-01,49.027191162109375,50.13520204449285,48.62944116484389,48.8472587898893,2263300
2010-04-05,49.12187576293945,49.396512146918944,48.89459322023227,49.0650569335581,1344400
2010-04-06,48.96089553833008,49.10294625708785,48.705199909456034,48.87566366203873,1609300
2010-04-07,48.84725570678711,49.10294773074315,48.58208785448276,49.10294773074315,3202300
2010-04-08,48.705204010009766,48.7336134336348,48.17487188925962,48.69573179374007,2374900
2010-04-09,49.51013946533203,49.51013946533203,48.525242703512895,48.676765560145824,1707700
2010-04-12,49.3775634765625,49.62379040667464,49.121867947256966,49.60484959569753,1781900
2010-04-13,49.538570404052734,49.63327086898285,48.78095223424713,49.17870213465419,2304300
2010-04-14,50.83598327636719,50.85492409102094,48.92300434743028,49.41545469065482,4624000
2010-04-15,51.26213836669922,51.2810791797982,50.315119387294565,50.665515398148884,3538200
2010-04-16,50.438236236572266,51.12009115217338,49.87002621529881,51.12009115217338,4421800
2010-04-19,50.580284118652344,50.712866199256844,50.01207416960713,50.42876122473424,2104100
2010-04-20,51.32841873168945,52.029210607657284,50.959081984545605,50.968550582830595,6347100
2010-04-21,50.72234344482422,51.65989031503026,50.32459355095566,51.27161263505371,5319600
2010-04-22,50.589759826660156,50.64658227458429,49.77532641529512,50.63711367289257,3612100
2010-04-23,50.85492706298828,50.89280869450959,50.33406727363951,50.5802906533456,2878300
2010-04-26,51.14848327636719,52.086033468336844,50.978023217689966,51.96292001406831,3729100
2010-04-27,50.83598327636719,52.08604814278679,50.7507514167208,50.769692231374556,6172300
2010-04-28,52.96678924560547,54.35890875969315,51.91559725436309,54.008509020884425,8831700
2010-04-29,52.97624588012695,53.77174204951001,52.4553861101646,53.137241001804675,5349400
2010-04-30,52.351226806640625,53.50659153203435,52.30387656320148,53.08990433214101,2815000
2010-05-03,52.540618896484375,52.578500527262555,51.79247294527548,52.55955971187347,3013300
2010-05-04,51.603050231933594,52.09549677379517,50.854904596560246,52.09549677379517,5289500
2010-05-05,51.9250602722168,51.981879107564744,51.07274161608499,51.214795929637376,4516400
2010-05-06,50.50452423095703,51.94398990984284,46.44181191612429,51.839820856013645,4577700
2010-05-07,48.68625259399414,50.3814176781316,48.30744350267484,50.144662899204846,5718200
2010-05-10,51.32841873168945,51.46100078321905,49.62378564578478,49.62378564578478,4748800
2010-05-11,50.902278900146484,51.31896602223806,50.419300727099234,50.883338083788956,4347500
2010-05-12,51.9439811706543,52.142857869719506,50.76967984924796,50.911730505620106,3486700
2010-05-13,50.911739349365234,51.96293100703348,50.769688668317826,51.6977668456724,2670500
2010-05-14,49.72796630859375,51.27160829658,49.24498820611222,50.90227146304869,4452500
2010-05-17,50.0120735168457,50.33406011379293,49.23551824407722,49.907900851275905,3636700
2010-05-18,49.61434555053711,50.77917897345128,49.35864988024976,50.46666445149494,2649800
2010-05-19,49.06508255004883,49.88898851955119,48.65786386811935,49.24501495801587,2730400
2010-05-20,47.18995666503906,48.52525325849859,47.180484452357355,48.440021407316465,4383100
2010-05-21,48.16537094116211,48.40212561262862,46.536497645443816,46.65961108613149,5260200
2010-05-24,48.269554138183594,48.93246447329293,47.52140834559977,48.042268014295836,3740400
2010-05-25,47.9854621887207,48.03281603983878,47.02897436515677,47.284669988309496,5706700
2010-05-26,48.22220993041992,48.89459622433498,47.99492737374841,48.08962783692969,3559100
2010-05-27,49.93632125854492,49.93632125854492,48.970361255037794,49.074533943542214,3932600
2010-05-28,49.30179977416992,49.917359823440044,48.80934956719981,49.822659388964645,3083000
2010-06-01,48.24113845825195,49.178688700347514,48.23166985938198,48.8377613395855,2709600
2010-06-02,49.169254302978516,49.169254302978516,47.50250145058643,48.3169388581822,3801300
2010-06-03,49.358646392822266,49.67116450528999,49.04613189294659,49.38705942924154,1900000
2010-06-04,46.905845642089844,48.601010364726996,46.7543227603932,48.49683770619984,4664300
2010-06-07,47.08577346801758,47.76762451235415,46.87742818671454,47.18994610866909,3837400
2010-06-08,46.96266555786133,47.62557948443968,46.37551487436176,46.8679651166031,3954000
2010-06-09,47.08577346801758,47.91914736805004,46.943719210294624,47.25623713224918,5821500
2010-06-10,48.97981643676758,49.04610746774589,47.644519992991185,47.88127470722523,3304200
2010-06-11,49.19764709472656,49.22605651408067,48.297978151734775,48.48738271014223,2156300
2010-06-14,49.396514892578125,49.9647248935204,49.377574077534575,49.405983493804364,2106800
2010-06-15,50.6465950012207,50.6465950012207,49.765866706336354,49.8037483478048,3759200
2010-06-16,50.5992317199707,50.83598649926587,49.8889673820852,50.22042262806194,2230800
2010-06-17,50.60868835449219,50.72233322274669,49.86054617439715,50.50451931081113,2090500
2010-06-18,50.817039489746094,51.00644401261554,50.50452509771369,50.64657578042267,2485400
2010-06-21,50.78861999511719,51.962921301167135,50.542393080481176,51.23371638103753,2496800
2010-06-22,49.63326644897461,51.03485415815304,49.5575068062954,50.949622302269646,2271800
2010-06-23,49.57643508911133,49.89842164090452,49.07451625730641,49.604848111021745,2085300
2010-06-24,48.269554138183594,49.491205764735355,48.07067742506041,49.33968288634031,4061500
2010-06-25,48.20327377319336,48.71466134308977,48.04227864718452,48.36426528661102,4181700
2010-06-28,48.34531784057617,48.657835835654396,47.7676356891339,48.44002190541382,2795200
2010-06-29,47.11418914794922,47.9380945597147,46.47968823417095,47.6350488079713,4913500
2010-06-30,46.451297760009766,47.45513955782079,46.37553809159328,46.95322046521132,6938200
2010-07-01,45.608428955078125,46.45127517728435,44.746641921828015,46.45127517728435,5789300
2010-07-02,45.05916976928711,45.7883712851867,44.70877010699746,45.6747300065855,3506900
2010-07-06,46.37553787231445,46.820634502062944,45.523219027958525,45.617919516179384,4473200
2010-07-07,46.06300735473633,46.347112355487546,44.88870572160701,46.347112355487546,6164700
2010-07-08,46.29029083251953,46.64068685932813,45.99671363500424,46.2808186192434,4846400
2010-07-09,46.669105529785156,46.830100674091476,46.24294977520306,46.41340990948094,3241900
2010-07-12,45.665283203125,46.53653944260444,45.466406354902226,46.45130753982121,5552800
2010-07-13,46.91531753540039,47.142600050105315,45.712603089599654,45.94935781642837,4657900
2010-07-14,47.10470962524414,47.48351492078418,46.46073664897765,46.82060113785226,3788800
2010-07-15,47.50247573852539,47.616117013801414,46.669097957122204,47.047907024830295,3486600
2010-07-16,46.460758209228516,47.38883649097485,46.35658553052179,47.038436823944735,3323700
2010-07-19,46.47024154663086,46.9153418194884,46.347128013429185,46.71646861303421,1985400
2010-07-20,46.8300895690918,46.83955816940962,45.589493397193884,45.930420810087405,2196400
2010-07-21,46.12930679321289,47.04791662159757,45.79785150080179,47.0195072001314,2494400
2010-07-22,47.71082305908203,47.767641892773064,46.508108373876034,46.52704918930343,3220500
2010-07-23,48.3831901550293,48.58206323402865,47.43617136445334,47.568753417119574,4562900
2010-07-26,48.28850555419922,48.63890161007757,47.814996003653434,48.2411517090717,4479900
2010-07-27,43.7238655090332,46.1766448642704,43.51552378553263,46.15770766334464,19242700
2010-07-28,43.56288146972656,44.235264207998235,43.40188994616493,43.91327754828355,8067700
2010-07-29,42.58745574951172,43.77122978201901,42.4643422386053,43.67652569186344,9162700
2010-07-30,42.4832878112793,42.852624772742345,42.19918273419942,42.30335182614146,7800100
2010-08-02,42.62532424926758,43.30717909567526,42.502214378459065,42.98519248627061,9136600
2010-08-03,42.1897087097168,42.69163139072564,41.90560364481272,42.54957705197765,8399000
2010-08-04,43.05148696899414,43.36400500277139,42.17075892619241,42.180231140144464,6017900
2010-08-05,42.60639572143555,42.98520123676031,42.502223030628976,42.74844643496049,4336400
2010-08-06,43.34507369995117,43.4113647617992,42.246531458851386,42.426463824925754,3562500
2010-08-09,43.56288146972656,43.73334520796324,43.004140019415544,43.420827150332194,2857000
2010-08-10,43.41135787963867,43.75228535086115,43.02308017354448,43.17460309268876,3685900
2010-08-11,42.65373229980469,42.97571887164281,42.426446173322894,42.937837248464106,4728300
2010-08-12,42.14235305786133,42.549571589899664,42.028711769006186,42.028711769006186,3545300
2010-08-13,41.95294952392578,42.35069946350061,41.80142659756193,41.96242173890626,2219500
2010-08-16,41.91505432128906,42.13287184423416,41.479426500579585,41.67829959969604,2227600
2010-08-17,43.10829544067383,43.373459543915814,42.27491790001192,42.3317403275309,3584900
2010-08-18,42.77684783935547,43.2124793386054,42.5211558804054,42.74843842449233,2603500
2010-08-19,42.000301361083984,42.881029533060705,41.782487371925136,42.61586530497022,2723800
2010-08-20,41.85825729370117,42.00978024990765,41.48892031373491,41.73514376284834,2615700
2010-08-23,41.687767028808594,42.16127641766931,41.621476003375285,42.0002813469099,2437900
2010-08-24,40.39036178588867,41.507844494642846,40.333539345368855,41.22373590463456,5360200
2010-08-25,41.04381561279297,41.22374797490354,39.87898233550575,40.26726009460149,4556700
2010-08-26,40.60817337036133,41.64989276475419,40.53241012072301,41.23320572951516,3141800
2010-08-27,40.89229202270508,40.95858308203861,40.409310176027326,40.7502376883665,4314100
2010-08-30,40.10625457763672,40.986982566787695,40.10625457763672,40.91122292274196,2300400
2010-08-31,39.88843536376953,40.134662302717054,39.52857078006228,39.98313942205336,3834800
2010-09-01,41.54572677612305,41.67830887169567,40.43771616661657,40.49453500038131,2798200
2010-09-02,41.86770248413086,41.90558410514586,41.35631143819895,41.555188142232616,2216100
2010-09-03,42.79580307006836,42.84315692758021,42.2465337263337,42.2465337263337,2708000
2010-09-07,42.28440856933594,42.76738677001722,42.23705471943706,42.65374547796131,2071100
2010-09-08,42.16127395629883,42.360147020988556,42.05710131881666,42.23703357554693,2752900
2010-09-09,43.36399459838867,43.5818085033407,42.76737170324773,42.76737170324773,3473500
2010-09-10,43.44924545288086,43.92275509151812,43.24090005585107,43.54394593557157,2377100
2010-09-13,44.225791931152344,44.263673561522076,43.52499621967672,43.733341574119144,2839400
2010-09-14,44.396244049072266,45.3811408930739,43.941675441243014,44.320480808138974,3393400
2010-09-15,44.500431060791016,44.59513152993038,44.03639009178897,44.35837674449065,2638100
2010-09-16,44.53830337524414,44.69929848726612,44.19737594987135,44.19737594987135,2502700
2010-09-17,44.80347442626953,45.20122070982903,44.623538487200214,44.88870628883101,3448200
2010-09-20,45.06864547729492,45.34328192209607,44.63301749680518,44.973944998959475,2474500
2010-09-21,45.38114929199219,45.53267580190254,44.20684774091358,44.57618457734299,3251600
2010-09-22,45.598960876464844,46.15770216457267,45.42849718771396,45.45690659830898,2499400
2010-09-23,45.28644561767578,45.90200937637458,45.1822729558107,45.25803620538188,3091000
2010-09-24,45.36222457885742,46.044075998210445,45.314870725178714,45.778911758050484,3900000
2010-09-27,45.19176483154297,45.66527450961834,45.03076966244942,45.53269237777198,2758700
2010-09-28,45.62736892700195,45.73154157953236,44.983395813714196,45.333791780106274,2746100
2010-09-29,45.314849853515625,45.65577721245959,45.163326984272764,45.39061309443213,2337500
2010-09-30,45.3432731628418,46.30923302814767,45.31486013475654,45.64631897008392,2562600
2010-10-01,45.28644561767578,45.864127751588995,44.91710880749274,45.608432203172136,1927000
2010-10-04,44.8697624206543,45.35274053391414,44.67088567981471,45.049694734890146,2637500
2010-10-05,45.835731506347656,45.93990058554641,45.35274968306353,45.35274968306353,3191700
2010-10-06,45.38114929199219,45.920953452070755,45.1633353528823,45.71260811353484,1795100
2010-10-07,45.07810974121094,45.788374098137105,45.030759506600795,45.64632339430667,2164300
2010-10-08,44.945518493652344,45.381146343569284,44.69929515622686,45.08757278116859,2748300
2010-10-11,45.06864547729492,45.362222740281496,44.86977230523547,44.86977230523547,2322600
2010-10-12,45.89252853393555,46.17663344122126,44.765577502913246,45.068623219029995,3965000
2010-10-13,46.7448616027832,46.867975092696454,45.977774859988216,46.19558881131718,3997800
2010-10-14,45.75996780395508,46.763809464143264,45.47586276430682,46.57440490018057,3647900
2010-10-15,46.205047607421875,46.38497987689719,45.53266513388836,46.29974804133731,2776300
2010-10-18,46.867984771728516,46.867984771728516,46.205070567142435,46.28083022940245,2356300
2010-10-19,45.38114929199219,46.26187726159656,45.25803942157627,45.48532196126014,4209700
2010-10-20,46.27134704589844,46.61227445011921,45.542142011890824,45.542142011890824,2500600
2010-10-21,47.047908782958984,47.881286595504584,46.2902942318226,46.44181714204988,4216400
2010-10-22,47.02895736694336,47.12365780976758,46.68802999263167,47.03842596618965,1836400
2010-10-25,47.568763732910156,48.03280463046416,47.31306817049356,47.388831424212896,1939700
2010-10-26,47.654014587402344,47.67295540838416,46.896399811090745,47.42673196080497,2858500
2010-10-27,48.591552734375,49.320757896088224,47.96652025470528,48.57261191831334,6863200
2010-10-28,48.279029846191406,49.282871321233436,47.83392974486102,49.04611656309445,3243900
2010-10-29,48.69572448730469,48.771487755726426,48.11804582225059,48.17486466097542,3111200
2010-11-01,48.8377799987793,49.1313572521766,48.30744794468495,48.847252213858454,3078200
2010-11-02,48.73359680175781,49.244987928032245,48.50631426514081,49.244987928032245,2611900
2010-11-03,49.27341079711914,49.33970185611719,48.70520068782395,48.771491746821994,3466700
2010-11-04,50.078369140625,50.116247157634554,49.48174611848429,49.82267355970755,2469500
2010-11-05,49.604862213134766,50.239363285602586,49.330225802995905,49.97419908965678,2978700
2010-11-08,49.207096099853516,49.51961403865172,49.065045447064364,49.491201018021854,1938500
2010-11-09,48.67677688598633,49.44385994566309,48.46843155491822,49.254455427654875,2786200
2010-11-10,49.5859260559082,49.633276293548306,48.307447964076026,48.77148896316879,3760700
2010-11-11,49.79426193237305,49.79426193237305,48.913533952524276,49.11240708020861,1918100
2010-11-12,49.434383392333984,49.87947978356606,48.95140176848646,49.311269933546754,2259700
2010-11-15,48.62942886352539,49.51015690690391,48.57261003014041,49.50068830553679,2554300
2010-11-16,47.60663986206055,48.44948609310536,47.4361761734683,48.28849461642954,3545500
2010-11-17,47.805519104003906,48.2695600075966,47.5877051656125,47.72028724875589,2058000
2010-11-18,48.53471755981445,48.9040543446942,48.12749915274439,48.174849374187126,2233200
2010-11-19,48.487369537353516,48.80935611539315,48.3074336300843,48.65783323235041,2924200
2010-11-22,48.799896240234375,48.85671869046214,48.032813031412346,48.13698571720087,1902700
2010-11-23,48.004398345947266,48.54419896044152,47.75817496196041,48.41161686040311,2022800
2010-11-24,49.01770782470703,49.12188050541806,48.28850628491231,48.28850628491231,1932300
2010-11-26,48.74307632446289,49.03664994600099,48.477908508523264,48.71466329368177,905600
2010-11-29,48.37373352050781,48.47790257865878,47.26571938295188,48.39267072192371,2282600
2010-11-30,48.16537094116211,48.676761898551284,47.86232525069214,47.87179384801138,3432500
2010-12-01,48.818824768066406,49.1976337823797,48.62942026090977,48.904056615657375,2867600
2010-12-02,49.71851348876953,49.82268619028452,48.65785287920153,48.79043500382354,2093400
2010-12-03,50.04995346069336,50.078366487684114,49.29233897177191,49.45333408275007,2322800
2010-12-06,49.642738342285156,49.95525637211653,49.443865202896696,49.907906140727526,1531000
2010-12-07,49.55752182006836,50.13520055985526,49.462817722289564,50.02155925511265,1776500
2010-12-08,49.339683532714844,49.71849253996024,49.02716917243926,49.55750106006472,1538500
2010-12-09,49.27341079711914,49.50069700839229,48.771491746821994,49.46281537108146,3021700
2010-12-10,50.229896545410156,50.476119934685585,49.33022763106555,49.775327787261496,2373700
2010-12-13,52.61638259887695,52.76790551066804,51.4326087215744,52.057641184286496,8186900
2010-12-14,52.190216064453125,53.26981711326751,52.14286583842613,52.95729911882614,3314100
2010-12-15,52.436439514160156,53.23193559584232,51.3000160242441,51.81140713659493,4156100
2010-12-16,52.436439514160156,52.4932619530627,51.925052014400016,52.41749870119264,2738400
2010-12-17,52.82471466064453,52.91941872102185,51.84928632059652,52.36067740886248,3858500
2010-12-20,52.597442626953125,52.78684717287768,52.18075190340086,52.701615307841195,2959100
2010-12-21,52.58797073364258,52.796316096690106,52.3796289831863,52.654261783232016,1130500
2010-12-22,52.597442626953125,52.701615307841195,52.379628663546825,52.53115157776822,1326500
2010-12-23,52.81526565551758,52.83420647462014,52.360696834831664,52.360696834831664,1271700
2010-12-27,52.86260986328125,53.14671489220844,52.30386840760149,52.739496359462606,971900
2010-12-28,52.26599884033203,52.93838535288919,52.26599884033203,52.90050371026214,1721900
2010-12-29,52.786834716796875,53.03305803958375,52.21862121310425,52.43643512511312,1377600
2010-12-30,52.7205696105957,52.834214542565,52.4175236838624,52.57851886452269,1055100
2010-12-31,52.426979064941406,52.68267466087053,52.3228063837194,52.67320244661876,901600
2011-01-03,53.468711853027344,53.535002918791555,52.62586520608913,52.692156271853335,2416400
2011-01-04,53.71491241455078,53.7812034476186,53.23193075923914,53.51603570275698,3109100
2011-01-05,53.525516510009766,53.62021696885962,53.099357220003526,53.42134383772036,2665400
2011-01-06,53.582340240478516,53.79068197747292,53.35505407614977,53.71492233109069,2355100
2011-01-07,53.383460998535156,53.58233773775531,53.033064973627695,53.5065744823208,1599900
2011-01-10,53.1656608581543,53.62970188666374,52.87208719862038,53.04254734241231,1882700
2011-01-11,53.089881896972656,53.84749630961603,52.98570923787347,53.45921869734939,2374100
2011-01-12,53.639156341552734,53.904320509278584,53.30770113189541,53.487633443910696,2130000
2011-01-13,53.544464111328125,53.828569136480375,53.29823710696248,53.58234574470613,1689100
2011-01-14,53.648624420166016,53.677033832349814,52.909947190072195,53.32663783591757,2409800
2011-01-18,53.81910705566406,54.02744883930497,53.534998383495115,53.534998383495115,3021500
2011-01-19,53.10884094238281,53.74334210187636,52.7679134364972,53.610759985719,2214400
2011-01-20,52.36068344116211,52.98571586129824,51.89664252332894,52.75842970279831,3452400
2011-01-21,52.56903076171875,53.127772197651744,52.45538947668242,52.748966710000204,2068700
2011-01-24,53.26036834716797,53.705464972683714,52.635335738114854,52.72056400914789,2031000
2011-01-25,53.89486312866211,54.07479547813619,53.11830766500741,53.2414211739063,2456300
2011-01-26,54.51988983154297,54.67141274452218,53.85697573253724,54.017970859660196,3228000
2011-01-27,54.78505325317383,54.8797573303192,54.377834752926596,54.57671150863631,2320200
2011-01-28,53.989559173583984,55.01234157109341,53.72439497241841,54.709295737592385,2879400
2011-01-31,54.23580551147461,54.28315576248322,53.62971362834229,53.790705204290056,1992500
2011-02-01,54.36836624145508,55.07863056456027,53.894856692718285,54.463066706165975,3800100
2011-02-02,53.089881896972656,53.89484653304552,52.81524554345491,53.49710032112918,4129000
2011-02-03,52.957298278808594,53.25087545566426,52.30385649978349,52.872070040866326,2597400
2011-02-04,52.99518585205078,53.203531201757464,52.2754529543411,53.108830740576806,2734700
2011-02-07,53.06147384643555,53.194055929501594,52.41750063217974,53.11829628743135,2866500
2011-02-08,52.91943359375,53.15618839234621,52.55956528835814,52.95731161595583,2342000
2011-02-09,53.93273162841797,53.94220022867716,52.862599169593764,52.862599169593764,3114400
2011-02-10,53.980098724365234,54.112680844971784,53.71493448315213,53.809634965701996,2154800
2011-02-11,54.78505325317383,54.860816514890125,53.733865091293815,53.904325204973176,1909800
2011-02-14,54.122127532958984,54.68086878668174,54.04636429258092,54.292591211219495,2514400
2011-02-15,53.620235443115234,54.197917833869845,53.40242142264241,54.141095371427824,1820300
2011-02-16,54.14107894897461,54.60511988668119,53.51604650207031,53.68651022509794,1875600
2011-02-17,54.16948699951172,54.27365966652045,51.98187183010046,52.29438983112667,2311500
2011-02-18,54.62405776977539,54.936572170157625,54.321011970123756,54.37783079968913,2245900
2011-02-22,53.17512512207031,54.23578552672068,53.05201162473863,54.07479039750367,2534000
2011-02-23,52.057640075683594,53.22247311263246,52.02922704667141,53.20353229748803,2233900
2011-02-24,52.39856719970703,52.84366370878511,51.54624858642377,51.54624858642377,3075900
2011-02-25,52.61638259887695,52.834196558789685,52.25651432865145,52.502737705590256,2174800
2011-02-28,52.86260986328125,53.04254220533047,52.45539133053542,52.56903261958801,4103800
2011-03-01,52.701622009277344,53.7433417254386,52.61639013340294,53.30771374323238,4614300
2011-03-02,52.99518585205078,53.26982224710213,52.41750364611209,52.521676320965426,2782700
2011-03-03,54.178955078125,54.358890996713,53.250876909534085,53.269817722679704,3762800
2011-03-04,53.999027252197266,54.42518655185347,53.516045508389894,54.14107794368866,3988600
2011-03-07,53.61074447631836,54.39676834296804,53.08988476527234,54.055844548302204,3143800
2011-03-08,53.88538360595703,54.07478451961341,53.307701426568826,53.8285611643056,2802000
2011-03-09,52.93836975097656,53.724393734574576,52.644792526027956,53.70545291884326,3423600
2011-03-10,51.93452453613281,52.663729633785856,51.593597102155705,52.303861385411025,4679800
2011-03-11,52.32281494140625,52.54062894113547,51.688313761228756,51.90612776095798,3629300
2011-03-14,51.78300476074219,52.36068699069091,51.214794744859844,52.07658198274974,3925500
2011-03-15,51.21479415893555,51.603071841617655,50.00260726628146,50.67498995365443,4289700
2011-03-16,50.116233825683594,51.02537463129245,49.69954684869751,51.01590242011659,4580700
2011-03-17,49.83214569091797,51.00645100358679,49.671154172597376,50.75075540455589,4918900
2011-03-18,49.79426193237305,50.39088131542606,49.633266820016054,50.29618085822138,5537600
2011-03-21,50.902278900146484,51.30002520588053,50.229896176115304,50.31512804342851,3441000
2011-03-22,51.091678619384766,51.262142337890396,50.81704222706003,50.81704222706003,2363800
2011-03-23,50.65605163574219,50.92121581927066,50.47611570041268,50.864393374546964,3475600
2011-03-24,51.31895446777344,51.337895279866444,50.66551270722223,51.26213564408496,2560700
2011-03-25,51.508358001708984,51.61253065995456,50.99696692264369,51.31895349695253,2206100
2011-03-28,51.347381591796875,51.83035978872362,51.27161832262087,51.62201441108112,1577500
2011-03-29,51.735660552978516,51.764069973303656,51.02539614411727,51.20532849382915,2071900
2011-03-30,52.000816345214844,52.05763878924393,51.593597861150585,51.90611588442405,3802900
2011-03-31,52.60690689086914,52.6542571202982,51.659887851924275,51.96293365537936,3493700
2011-04-01,53.01413345336914,53.3645295397025,52.64479654985674,52.71108760368761,3136300
2011-04-04,52.891021728515625,53.610758355181964,52.66373913989902,53.610758355181964,2511100
2011-04-05,52.010292053222656,52.872082982097325,51.92506379441949,52.455392227460514,3896300
2011-04-06,52.58797073364258,52.66373399751122,52.12393338651649,52.17128362013877,2601700
2011-04-07,52.682674407958984,52.843665923553765,52.199692635992186,52.44591962907874,3120500
2011-04-08,52.853145599365234,52.9573146822021,52.55009972862295,52.79632314387916,2133800
2011-04-11,53.01413345336914,53.099365324379036,52.67320596932955,53.03307427054817,2202700
2011-04-12,52.50273895263672,53.06148038049841,52.2565155698496,52.78684758001043,1748300
2011-04-13,52.46487045288086,52.7868571580825,51.89665670762343,52.105002108810346,2354400
2011-04-14,51.962928771972656,52.19968350945898,51.51783232205998,52.15233328447984,2064800
2011-04-15,52.79630661010742,53.05200216083317,52.086042395621675,52.142864833313155,2940500
2011-04-18,51.707237243652344,52.33226965472626,51.3852506311239,52.33226965472626,2777800
2011-04-19,51.80192565917969,51.88715749005073,51.25265305743524,51.71669382830865,2159000
2011-04-20,53.00465393066406,53.11829519773355,52.42697176979217,52.50273141030824,1992500
2011-04-21,53.88538360595703,53.9422024350176,53.10882829967511,53.24141038427092,1929200
2011-04-25,53.847503662109375,53.88538529106163,53.38346273892168,53.705449359833906,1762000
2011-04-26,55.002864837646484,55.779420122760335,53.98955119173421,53.98955119173421,5100000
2011-04-27,56.631736755371094,57.05789603750549,55.921472489344055,55.978294931158935,5677200
2011-04-28,56.972660064697266,57.020010289826416,56.262395849988145,56.290805262547515,3015800
2011-04-29,56.811668395996094,57.171532995905245,56.679082708429426,56.8590186209746,3276800
2011-05-02,58.00492858886719,58.450028788762125,57.05790934659996,57.05790934659996,3058400
2011-05-03,57.42722702026367,58.19431364986296,57.15259066505757,58.03331855410437,2281900
2011-05-04,57.247291564941406,57.7113287894142,56.86848257090662,57.25676016412664,2731200
2011-05-05,56.55598068237305,57.247304178102425,56.376044744896035,57.10524987089332,2719200
2011-05-06,57.16206741333008,57.60716749932265,56.906371849840134,57.19994904034876,2739800
2011-05-09,57.55036163330078,57.60718409019368,56.849565781989035,57.24731575505565,1268400
2011-05-10,57.843929290771484,58.12803430281477,57.63558392939717,57.976511388885605,2725400
2011-05-11,58.09012985229492,58.31741594020206,57.6545020974452,57.87231597487006,2362800
2011-05-12,58.40267562866211,58.620493236045476,57.645060948388746,57.92916600191729,2046100
2011-05-13,58.629947662353516,59.09398857389899,58.02385606468741,58.55418801894069,2812600
2011-05-16,59.008758544921875,59.330745167729035,58.24167181078367,58.60154006276603,3137500
2011-05-17,58.60154342651367,58.781475756537525,57.919688512585466,58.762534940862714,1944300
2011-05-18,59.415977478027344,59.936837239070954,58.69624096860005,58.76253201386427,4472700
2011-05-19,61.916099548339844,62.332790219922856,61.50888108979688,61.55623492981552,6890700
2011-05-20,61.72671127319336,62.077110975580965,61.19638283730557,62.00134770611613,3597300
2011-05-23,60.97855758666992,61.63200305967917,60.3914067724134,61.29107561508149,3271600
2011-05-24,61.073265075683594,61.23426382789855,60.7986286456498,60.96909238756102,2643300
2011-05-25,60.78916549682617,61.224793467084034,60.694457795531825,60.694457795531825,3887000
2011-05-26,61.849788665771484,62.200188184027816,60.51449606275539,60.751250736533635,3528000
2011-05-27,61.698272705078125,61.94449960192138,61.470990229242624,61.868736368249664,1857500
2011-05-31,61.98237609863281,62.37065726550249,61.57515773529188,62.16231197841923,3408600
2011-06-01,60.47663497924805,62.02974558848723,60.39140312324878,61.98239174758365,2855000
2011-06-02,60.40087890625,60.77021578863503,59.90842852553953,60.62816147421404,3186200
2011-06-03,59.4727897644043,60.17358538197479,58.800407172099376,59.567493827638486,2841300
2011-06-06,58.9992790222168,59.85159751011435,58.98033820997568,59.49172930271421,1970200
2011-06-07,59.17921447753906,60.26828407860692,59.17921447753906,59.53907906958382,2174600
2011-06-08,59.226566314697266,59.40649861562064,58.87616670027033,59.02769320116238,1851400
2011-06-09,60.16413116455078,60.48611785067254,59.14135226384101,59.2644657765736,2338900
2011-06-10,59.51068115234375,59.9463090769133,59.463330919254226,59.82319558080757,2129300
2011-06-13,59.08451843261719,59.652732034798795,58.895113898556644,59.59590959080333,1949700
2011-06-14,59.74741744995117,60.183045239777,59.44437171680363,59.44437171680363,1473100
2011-06-15,58.080684661865234,59.59591381660884,58.03333081554909,59.292867985660116,3180000
2011-06-16,57.46512985229492,58.62049452294545,57.28519749071486,57.99546194642457,2933800
2011-06-17,58.92354202270508,59.10347438923512,57.90075944430206,57.90075944430206,3908100
2011-06-20,59.4727897644043,59.54855301499165,58.38372013164083,58.6488842835153,1738200
2011-06-21,60.59027862548828,60.789155372345185,59.415977021887805,59.643259571737126,1778100
2011-06-22,60.325111389160156,60.98802541570735,60.11676605186483,60.11676605186483,1867800
2011-06-23,60.192527770996094,60.192527770996094,58.92352219114915,59.54855457450118,2416300
2011-06-24,59.19816589355469,60.078893998259936,58.923533083691446,60.078893998259936,2315600
2011-06-27,59.965240478515625,60.12623558085428,58.790938986851785,59.09398476615798,1983800
2011-06-28,60.893310546875,61.16793963538033,59.785296693857624,60.10728322410481,2871300
2011-06-29,60.675514221191406,61.24372424339574,60.38193699591748,61.14902377722542,1898400
2011-06-30,60.97855758666992,61.300547828870904,60.57133909591059,60.80809386437108,1922300
2011-07-01,61.565696716308594,61.58463391399997,60.9122514056607,61.11112449473172,2672200
2011-07-05,61.537296295166016,61.726697200464606,61.0164329678228,61.584642908899966,1927100
2011-07-06,61.79299545288086,61.98239638028805,61.41418637288422,61.51835905051285,1105100
2011-07-07,62.096046447753906,62.20021913406568,61.63200907929964,62.20021913406568,2150600
2011-07-08,61.34788513183594,61.518348828250026,60.77967521884931,61.300538520442664,1688600
2011-07-11,59.434898376464844,60.8175485718479,59.340197941376566,60.73231312264241,2405100
2011-07-12,59.17921447753906,59.99364772210656,58.771996048960055,59.05610100521295,2468600
2011-07-13,59.19816589355469,59.81372979042313,59.10346542292479,59.41598347866793,2332100
2011-07-14,59.03716278076172,59.73795840865309,58.6488851472598,59.47279064028276,2888100
2011-07-15,59.870548248291016,60.00313034336907,59.23604357708599,59.23604357708599,2782200
2011-07-18,59.18869400024414,60.08836287156608,58.59207095319614,59.52014924160903,1599700
2011-07-19,60.16413116455078,60.381945156252016,59.434925916198814,59.49174837113502,2676700
2011-07-20,60.27776336669922,60.4671642847071,59.548558272077855,60.258822552380245,1706600
2011-07-21,61.650943756103516,61.84035191671578,60.57134252875253,60.789160107161,2282000
2011-07-22,61.489933013916016,61.764569342053065,61.0258958095646,61.707750524224814,1519000
2011-07-25,60.66603469848633,61.38577116000132,60.62815307154538,61.186898037447484,1624500
2011-07-26,58.289005279541016,59.85158771407168,58.090132202445105,59.548541992995055,7049600
2011-07-27,56.84954833984375,58.68676747718905,55.96882039747714,58.53524458455559,5866100
2011-07-28,57.095787048339844,58.29850183664057,56.84009143703892,57.00108296308499,3221100
2011-07-29,56.90637969970703,57.74922614788865,56.30975663593021,56.59386165257922,2606600
2011-08-01,54.57670593261719,57.50299478449846,54.11266503349309,57.389349903534935,4889400
2011-08-02,53.36452102661133,54.94604468914532,53.345583825044784,54.24524901568306,4873500
2011-08-03,53.629676818847656,53.714908657200084,52.19967637677801,53.34557189520292,4419400
2011-08-04,51.37578582763672,53.137241919741705,51.37578582763672,52.8626055155767,4461600
2011-08-05,50.96856689453125,52.8720772795093,49.63327012842937,51.96293621182565,4849500
2011-08-08,47.36042404174805,49.87002612511514,47.34148683865223,49.72797181375805,7570200
2011-08-09,49.282867431640625,49.64273203454453,46.29975626949158,48.02333048370505,7558400
2011-08-10,47.350955963134766,48.79042545792501,47.199433048556386,48.288506480744985,5707800
2011-08-11,49.80374526977539,50.45718728805647,46.84904605709791,47.36043373494782,5537400
2011-08-12,50.798099517822266,51.25266821268574,49.65220737373366,49.71849841594766,2564000
2011-08-15,52.000816345214844,52.152339250034736,50.98750624187103,51.23372960748172,2718800
2011-08-16,51.15796661376953,51.96293131559031,50.750748156352216,51.67882633921773,3619000
2011-08-17,51.489418029785156,52.06710015304885,50.76968523508007,51.50835884182878,3016300
2011-08-18,48.3642578125,50.20147328731345,47.91915774697994,50.059422611413225,4864700
2011-08-19,47.78656768798828,49.027163614106556,47.445640342637304,47.511931369501106,3405500
2011-08-22,47.455116271972656,49.00822664462856,47.322534207856705,48.82829435941267,3230500
2011-08-23,49.396514892578125,49.396514892578125,47.27519057138423,47.59717720194247,3551000
2011-08-24,50.817039489746094,50.85492111683814,48.97982392687132,49.23551949085645,3789800
2011-08-25,49.83214569091797,51.13903310398994,49.57645009188706,50.94962855516061,2578300
2011-08-26,50.589759826660156,50.72234553848314,48.203274815306656,49.80373583296156,2685400
2011-08-29,51.972389221191406,51.99133002941416,51.16742112837849,51.21477495523026,1756500
2011-08-30,51.86822509765625,52.18073945316381,51.063256872688775,51.61252956355531,1746400
2011-08-31,52.01975631713867,52.748961413705494,51.536774582193566,52.3512115371277,2546200
2011-09-01,51.59360885620117,52.88155562793848,51.47996755651605,52.105000123671886,2223500
2011-09-02,49.566986083984375,50.66552823389794,49.45334478919101,50.39089179327164,2433200
2011-09-06,49.263938903808594,49.42493043273949,47.388841333259805,47.767646843292724,3323800
2011-09-07,51.347381591796875,51.347381591796875,49.5953939243126,49.90791199077636,2320800
2011-09-08,49.89842987060547,51.1579668761923,49.76584778845755,50.88333049883401,2976400
2011-09-09,47.81498718261719,49.263924983954205,47.578232451021435,49.17869313607611,5456700
2011-09-12,48.3831901550293,48.44001258299625,46.96266196916536,47.123653429520076,3286100
2011-09-13,49.415470123291016,49.53858365069372,48.288518393874064,48.42110052526522,2829200
2011-09-14,50.42876434326172,51.148497230733504,48.68624914915054,49.623799596903325,4072200
2011-09-15,51.68829345703125,52.03868943959728,50.551870050973676,51.120079947707254,3606000
2011-09-16,51.62200164794922,52.33226586420526,51.034850907369595,51.98186986237765,2790200
2011-09-19,50.390869140625,50.67497405618808,49.349149912697065,50.20146465938629,2474000
2011-09-20,50.5518798828125,52.05764037586141,50.47611662179793,50.54240766889012,2319800
2011-09-21,48.61996841430664,51.15798029199867,48.59155899285072,50.551888550327455,2779300
2011-09-22,47.133140563964844,47.38883615189054,46.19559007490396,46.508108108787965,4957300
2011-09-23,48.24113845825195,48.64835684887435,46.53650526703203,46.640677917552665,4068300
2011-09-26,48.212738037109375,48.75253858808481,47.14260553579366,48.51578383370643,3378000
2011-09-27,49.25446701049805,50.220427028166675,48.998775005536885,49.20711677300863,2474000
2011-09-28,48.15591049194336,50.03101112697616,47.99491901007161,49.462797609133034,2174700
2011-09-29,48.771484375,49.27340334943197,47.796055843529196,48.95141670614192,2551200
2011-09-30,47.95705032348633,49.32076024411834,47.75817716425797,48.13698627834275,3232600
2011-10-03,46.49864959716797,48.42110137380553,46.36606746345342,47.53090085442121,3875300
2011-10-04,47.890743255615234,47.9191526652644,45.504255305148725,45.68419119983409,3500000
2011-10-05,50.021549224853516,50.19201295408222,47.67294225975835,48.04227913555682,3978500
2011-10-06,50.826507568359375,50.84544838171092,49.39651047992971,49.84161056221419,2945600
2011-10-07,47.81498718261719,48.66730204880758,47.01001892763733,48.60101101296801,8313000
2011-10-10,49.5859260559082,50.192017767921286,48.75254814559444,48.75254814559444,2745200
2011-10-11,50.911739349365234,51.14849409703499,49.282869141959,49.43439203596401,4364900
2011-10-12,51.75458526611328,52.33226377098572,51.13902152494351,51.347366842740755,6834700
2011-10-13,51.07274627685547,51.404201555270475,50.343541051750876,51.2242692059297,4902400
2011-10-14,50.46662902832031,52.08603019086944,50.21093353750891,51.83980691041573,3837700
2011-10-17,48.85670852661133,50.24882756055657,48.724126449586194,50.021541419520155,3199800
2011-10-18,49.66167449951172,49.99313331332886,48.23167741517547,48.88511921727496,3887600
2011-10-19,48.40215301513672,49.71850915572115,48.33586195860309,49.69956833776988,4556900
2011-10-20,49.15027618408203,49.27338602456015,48.00438071338369,48.61047576786271,4072300
2011-10-21,50.438236236572266,50.86439555882296,49.690093884833495,49.75638493356236,2747600
2011-10-24,51.58412551879883,51.70723538637972,50.248828887985674,50.65604734251507,2745000
2011-10-25,50.40982437133789,51.99134808764772,50.26777367921324,50.95909716280808,3170000
2011-10-26,45.79783248901367,48.22219845016017,45.239091219045015,48.22219845016017,16623000
2011-10-27,47.96651077270508,48.54418929172976,46.13876392886267,46.27134600249426,8855500
2011-10-28,48.67677688598633,48.99876348282309,47.748695109005126,47.97598125313313,4628700
2011-10-31,47.60663986206055,48.203262772133414,47.41723536222579,48.02332687162473,4600600
2011-11-01,46.03459167480469,47.2941249980418,45.89253738746196,46.48916033667459,5111300
2011-11-02,47.11418914794922,47.24677121276317,45.95882496155855,46.50809764446242,3495200
2011-11-03,47.587703704833984,47.80551763653926,47.05737177594895,47.71081718365547,3650400
2011-11-04,46.27134704589844,47.3888297096929,46.17664298217564,47.08578393096125,4603100
2011-11-07,46.89638900756836,46.98162087605556,45.95883845420916,46.40393861326358,2206700
2011-11-08,47.748695373535156,47.83392722648151,46.68803512444001,47.15207601550142,3129200
2011-11-09,45.97777557373047,47.066848959872694,45.797843249211,46.50810755862782,3059800
2011-11-10,45.20120620727539,46.49862093213983,44.96445151085393,45.93987970408157,4898300
2011-11-11,46.224002838134766,46.706980981931636,45.892543990839044,46.15771179119385,3225400
2011-11-14,46.072479248046875,46.62174843066594,45.92095634119426,46.10088866414703,2020600
2011-11-15,46.725914001464844,46.8869054850072,45.788363674219475,45.81677669859028,2758500
2011-11-16,45.845184326171875,46.59333011638781,45.78836189223218,46.40392561584588,4339300
2011-11-17,44.32051086425781,45.70315843562647,43.90382359431719,45.59898932758578,6616000
2011-11-18,43.468177795410156,44.235260948358416,43.40188674793539,43.96062454448233,6235300
2011-11-21,42.67267990112305,43.05148535541124,42.33175246344998,42.95678489498694,3971800
2011-11-22,42.720035552978516,43.240895376597,42.38857667424569,42.51169017849453,4761700
2011-11-23,42.113948822021484,42.58745846521906,41.94348506146301,42.27494036666456,3270000
2011-11-25,42.06657791137695,42.84313673494313,42.05710931189255,42.18022278073225,1307500
2011-11-28,43.18407440185547,43.37347896580752,42.8242097041973,42.966260417717656,4035000
2011-11-29,43.648101806640625,43.979556980865624,43.10830131570822,43.468169513859976,2944000
2011-11-30,44.746646881103516,45.305388224757436,44.30154680371748,44.879228960514496,3564500
2011-12-01,44.54777908325195,45.17281154127194,44.462547220222355,44.74665222612396,2898300
2011-12-02,44.07426071166992,45.106511462762846,43.932206430864575,44.831875113254085,1699800
2011-12-05,44.301551818847656,44.89817485632812,43.998505999433384,44.60459763826192,2552000
2011-12-06,44.68036651611328,44.86977108020475,44.168975276843796,44.206856912180406,2457500
2011-12-07,44.490943908691406,44.77504883331388,43.71438876218125,44.39624347134729,2925400
2011-12-08,42.89048385620117,44.23524886635386,42.76737039626362,43.989025559068914,4084300
2011-12-09,43.22195816040039,43.37348109648713,42.2844111222986,42.93785310681172,4900100
2011-12-12,42.73895263671875,43.07040771880058,42.55901678136909,42.98517589589533,3052200
2011-12-13,42.32227325439453,43.193532519169615,42.085518529876026,42.79578270343153,3237200
2011-12-14,41.43207550048828,42.369625769924774,41.32790284692975,42.246512305483755,3915700
2011-12-15,41.81088638305664,41.94346845263725,40.77863562513417,41.43207737346308,4004600
2011-12-16,41.51731872558594,42.14235120570624,41.29003254527343,42.13288260396423,4342200
2011-12-19,41.23320007324219,42.1612780784566,41.100618017152996,41.72565029056638,2433400
2011-12-20,42.549556732177734,42.72002041223259,41.87717422340033,41.91505223139794,2390700
2011-12-21,42.29386520385742,42.68214282005304,41.886646775580246,42.644261195889925,2899100
2011-12-22,43.19355392456055,43.40189934141531,42.265475378031816,42.48328939901989,2947800
2011-12-23,43.26931381225586,43.430308984066535,43.05149979017617,43.37348652120532,1937200
2011-12-27,43.0893669128418,43.41135353537546,42.909434593298954,43.004135053565506,1107500
2011-12-28,41.886653900146484,43.117777994127344,41.858244483487205,43.05148694686161,1587000
2011-12-29,42.568511962890625,42.66321243385044,41.90559782839769,42.01923911606775,1420200
2011-12-30,42.58745574951172,42.918911033577096,42.33176012497915,42.59692435223145,1440200
2012-01-03,44.41518783569336,44.67087975950245,43.363996279136686,43.363996279136686,3237900
2012-01-04,43.51552200317383,44.83187778163617,43.51552200317383,44.41519073911139,3054400
2012-01-05,43.884864807128906,44.16896981181801,43.25036013781848,43.335592000484326,3392100
2012-01-06,45.09705352783203,45.21069843349105,43.856460681416074,44.09321548265168,3991100
2012-01-09,45.14439010620117,45.362207636513354,44.604589611719014,45.21068475407258,2629900
2012-01-10,46.47024154663086,46.77328746482552,45.40958083294956,45.494812723228826,4482400
2012-01-11,47.322547912597656,47.341488729041004,46.261883867318225,46.29029689827892,2900200
2012-01-12,47.14261245727539,47.34148922572138,46.71645672689878,47.25625735712778,3376600
2012-01-13,46.735389709472656,47.26572168977292,46.489166340549254,46.8395623852987,2684900
2012-01-17,47.21835708618164,47.54034361682196,46.735375483926184,47.0763028237324,5224400
2012-01-18,48.4778938293457,48.6199481024631,46.97213370718032,47.09524716970938,4364100
2012-01-19,49.09346389770508,49.24498678947676,48.297967812756056,48.50631314366364,3011700
2012-01-20,48.43054962158203,48.95140933335756,48.165385465607,48.78094562949056,2603300
2012-01-23,49.08399200439453,49.15975163890225,48.345314795549136,48.345314795549136,2786700
2012-01-24,49.699554443359375,50.54240073730399,48.686244448101164,48.85670814941476,3435000
2012-01-25,50.70339584350586,51.22425554752987,50.04995045087681,50.08783207619253,3293400
2012-01-26,49.538570404052734,50.76022229705237,49.33022504609708,50.76022229705237,3258200
2012-01-27,49.680625915527344,50.097316671816216,49.18817550247145,49.339698428596996,3215900
2012-01-30,49.67115020751953,50.11624670725795,48.78094998286069,49.13134963463071,3313400
2012-01-31,50.09729766845703,50.561334873184926,49.61431604098416,49.80372052994234,4252100
2012-02-01,51.81140899658203,52.38909116876213,50.90227161704817,51.24319903752107,4329400
2012-02-02,51.896644592285156,52.464858204892394,51.565189361040915,52.01975808357206,2811000
2012-02-03,53.307682037353516,53.40238245973701,52.322781749171156,52.464835995335946,3449300
2012-02-06,52.786834716796875,53.38345401867712,52.57848940418388,52.938357595263504,1812200
2012-02-07,52.426979064941406,53.12777119074013,51.953469504907744,52.53115174616341,2871200
2012-02-08,53.03306579589844,53.14670706822133,52.38909256508382,52.47432442247373,2031100
2012-02-09,53.09934616088867,53.449742120764554,52.52166408948319,53.22245962182513,1622900
2012-02-10,52.5784912109375,52.69213247054493,51.925049452456676,52.540609586871525,1575400
2012-02-13,52.748966217041016,53.24141659771807,52.68267516700673,53.00466181542668,1393500
2012-02-14,52.891021728515625,52.90996254633228,52.379634097832465,52.379634097832465,1169900
2012-02-15,52.900482177734375,53.28875982513703,52.72054625479286,53.03306426037077,2034000
2012-02-16,53.620235443115234,53.733880367999284,52.597456407304065,52.81527042777689,2365900
2012-02-17,53.39292907714844,54.055843060502596,53.26034700299572,54.055843060502596,1884200
2012-02-21,52.957298278808594,53.76226655886161,52.872070040866326,53.65809389570023,1591600
2012-02-22,52.88154602050781,53.023600328749865,52.426977291760835,52.81525497335249,1653700
2012-02-23,53.14671325683594,53.601282011650234,50.19201454424733,52.862608236650914,3944300
2012-02-24,53.6580924987793,53.67703331091469,52.84365563991018,52.995178524402775,1413500
2012-02-27,53.44029235839844,53.67704715225538,52.36069107642537,53.052014640976694,1935100
2012-02-28,54.207374572753906,54.29260643578461,53.15618279957218,53.440287805477496,2828300
2012-02-29,53.620235443115234,54.51990456252362,53.3929528185315,54.06533570076397,4244800
2012-03-01,54.15053939819336,54.33047168336818,53.639148340214,53.904312468385385,1975800
2012-03-02,54.21683120727539,54.42517651816196,53.92325405217072,54.027426707614005,1840200
2012-03-05,53.56340408325195,54.13161412459504,53.298236266379355,53.96115038967385,1867000
2012-03-06,52.4932746887207,53.02360674270558,52.455393053595024,52.96678429001705,2887700
2012-03-07,52.32281494140625,52.73003351864536,52.10500094167703,52.521688122125305,2727300
2012-03-08,53.118282318115234,53.22245495958294,51.991331295834286,52.64477293878191,4614700
2012-03-09,53.28876876831055,53.752806135414886,53.03307316063224,53.336119003971405,1560300
2012-03-12,52.455387115478516,53.43081562769809,52.34174583555758,53.35505597861452,1867800
2012-03-13,54.183006286621094,54.695596780146886,53.499547467134725,53.58497981957052,3564000
2012-03-14,54.82849884033203,54.91393120538034,54.0785965483408,54.24946127843741,2326600
2012-03-15,55.05633544921875,55.19872397209261,54.40135621039823,54.800038280700136,1904600
2012-03-16,54.97087860107422,55.25565189902489,54.762043159402225,55.15123417818889,3093700
2012-03-19,54.98988723754883,55.21770452386705,54.629172309606076,54.83800783963985,1110100
2012-03-20,54.344390869140625,54.7905381188675,54.23997311953732,54.62916424554695,1690400
2012-03-21,54.08808898925781,54.4108330864371,53.91722425421645,54.29692447010606,1132700
2012-03-22,53.58499526977539,53.822307025955894,53.25275663846867,53.603980644800636,1404800
2012-03-23,53.8697624206543,53.926718539140644,53.3002157201493,53.65143606475773,1597200
2012-03-26,55.19871520996094,55.227191461579224,54.334900573669756,54.515256202402206,1670500
2012-03-27,54.70510482788086,55.40754556984915,54.66713407937179,55.40754556984915,1373100
2012-03-28,53.6704216003418,54.59118864824744,53.471080616669504,54.59118864824744,2264800
2012-03-29,53.214778900146484,53.395134495293995,52.930001952633475,53.20528440398176,2760600
2012-03-30,53.51853942871094,53.9077304997253,53.38564544657278,53.547015676000704,2977700
2012-04-02,53.51853942871094,53.831789012166674,53.19579534876566,53.49955405682128,2564400
2012-04-03,53.31920623779297,53.73687726651383,53.13885059790273,53.53753625067353,1881500
2012-04-04,52.759132385253906,53.053396539520534,52.53131158802899,52.80659399519155,1601900
2012-04-05,53.05341339111328,53.129354888006134,52.3984342753169,52.521837397222846,1416000
2012-04-09,51.76243209838867,52.28452078824445,51.278317774537314,52.16111767781585,3410600
2012-04-10,50.414485931396484,51.99972596578168,50.27209749740659,51.50611731466189,3666500
2012-04-11,50.65182876586914,51.32579337680013,50.41451697713931,51.09797608743018,3100300
2012-04-12,52.3224983215332,52.47437771031932,50.6423305462236,50.76573368120302,2725400
2012-04-13,51.354251861572266,52.33197855513863,51.29729936948344,52.07568147747109,2142600
2012-04-16,50.91759490966797,51.60105372598748,50.91759490966797,51.59155923071139,1700100
2012-04-17,51.33527374267578,51.809897189463435,51.173899887801426,51.24984137741042,3951400
2012-04-18,51.75294876098633,51.98076602148017,51.03151898687901,51.078984235481116,2074000
2012-04-19,51.61054611206055,52.18958722383942,51.42069603295597,51.86684317568836,2263200
2012-04-20,51.39223861694336,51.90483293199714,51.335286107108764,51.752953537287546,1845400
2012-04-23,51.02203369140625,51.126451456009654,50.329083714872425,50.74675115219556,1728400
2012-04-24,50.063289642333984,50.310092275310616,49.06657737019638,49.49373925524249,4425200
2012-04-25,52.2750244140625,52.68320085451436,51.031509720931325,52.322486032956796,4269000
2012-04-26,52.123146057128906,52.673710985875495,51.942790453447856,52.161116801405804,2122300
2012-04-27,52.123146057128906,52.40791939702669,51.63903174141163,52.180102173544256,2102200
2012-04-30,52.825599670410156,52.882552175793315,51.971275878761595,52.550317157424494,2265800
2012-05-01,53.262237548828125,54.02163425065848,52.40791399608829,52.76862878736612,2698100
2012-05-02,52.78763198852539,53.08189627302069,52.43641157424536,53.08189627302069,1733300
2012-05-03,52.436397552490234,52.77812337654845,52.15162060080768,52.759141626119685,2061800
2012-05-04,51.28781509399414,52.284527357243704,51.031517965251965,52.284527357243704,2023500
2012-05-07,51.28781509399414,51.629544598983706,51.02202708837559,51.27832421711776,1407800
2012-05-08,51.05998611450195,51.259327072946455,50.21515704397025,50.851150660271045,2284400
2012-05-09,50.6328239440918,51.06947659860847,49.892412606338375,50.5189153431503,2076000
2012-05-10,50.746742248535156,51.487157348955655,50.509430505560985,51.15491873613792,1687900
2012-05-11,50.59486770629883,51.107461989103044,50.40501756958355,50.47146457427037,1436300
2012-05-14,49.87343215942383,50.30059398148457,49.57916432176209,49.95886452383598,1345100
2012-05-15,49.19944763183594,50.30057342248745,49.04756471621282,49.58863855040015,2015300
2012-05-16,48.92420196533203,49.90192543074207,48.89572208675269,49.3323785544255,1493400
2012-05-17,48.55398941040039,49.50323648688063,48.535004034339956,48.81028293449065,2497500
2012-05-18,47.97494888305664,48.88622522201703,47.83256037086708,48.78180746255673,2237500
2012-05-21,49.284908294677734,49.351358923890885,47.95596451113162,48.04139689601668,2380200
2012-05-22,48.734344482421875,49.67410067044644,48.51601809191096,49.56018841541364,2053200
2012-05-23,48.39259719848633,48.51600028560212,47.38639437486692,48.421073441248105,3700000
2012-05-24,49.56018829345703,49.61714442083328,48.35464408883622,48.69637361091332,2799600
2012-05-25,49.05707550048828,49.835457596111844,48.87671990992304,49.379819561192384,1778400
2012-05-29,49.09503173828125,49.892398969103276,49.0475665148644,49.474728177999076,2795700
2012-05-30,48.57296371459961,48.64890520719241,47.78509064494244,48.64890520719241,3665200
2012-05-31,47.91798782348633,48.54449069469447,47.661690700570745,48.48753819255094,3131000
2012-06-01,46.636497497558594,47.31995274879881,46.61751212653952,47.03517942569128,2854600
2012-06-04,46.1618766784668,46.71243798459025,45.69674411509417,46.59852937316634,3320500
2012-06-05,46.873817443847656,47.0256968176106,45.88659970384359,45.9055850782002,2794700
2012-06-06,47.5667610168457,47.58574638868934,47.03518146849231,47.19655531861846,2416600
2012-06-07,48.079349517822266,48.629910751938795,47.99391716515551,48.16478187048902,3105500
2012-06-08,48.28818130493164,48.402093522460916,47.62370785370017,47.85152866766973,1824200
2012-06-11,47.196563720703125,48.8292661579307,47.14909847209942,48.77231365335035,1757200
2012-06-12,47.756614685058594,47.7756000583218,46.740920752559944,47.31995834218418,2197000
2012-06-13,47.45207595825195,48.65122428012844,47.271249440572554,47.851790855386994,1801600
2012-06-14,48.19439697265625,48.29908522594247,47.49013648222827,47.70902845252187,2487900
2012-06-15,48.755916595458984,48.80350118756797,48.251513384254785,48.57509369325619,2268600
2012-06-18,48.441837310791016,48.73686385008308,48.15632260371181,48.47990279199398,1659600
2012-06-19,49.4125862121582,49.61244728161108,48.60363736077259,48.69880653253401,1591000
2012-06-20,49.1365852355957,49.583884618182346,48.50845937685206,49.498230926968645,1246400
2012-06-21,47.96598434448242,49.49822797061343,47.88984612107525,49.28885511718434,1485500
2012-06-22,48.57508850097656,48.76543047953815,47.880343365127345,47.880343365127345,1853700
2012-06-25,47.42351150512695,48.042118224007666,47.299788709162705,48.004049112869396,1646700
2012-06-26,47.147518157958984,47.60433662213277,47.04282991253928,47.452063800741506,1551500
2012-06-27,48.43231964111328,48.49893877326435,47.40447900901788,47.40447900901788,1576100
2012-06-28,48.108741760253906,48.27053368217733,47.68999239078429,48.03260716147334,2342400
2012-06-29,49.4030647277832,49.431614749738785,48.67976967129934,49.089003594859534,2637700
2012-07-02,48.89866638183594,49.77423435770105,48.62267070795498,49.76471889295082,2272700
2012-07-03,50.250091552734375,50.269126114254135,48.87963579755421,48.97480497468161,1498800
2012-07-05,50.050228118896484,51.030484321908816,49.88843618055672,50.84966145479586,1854100
2012-07-06,48.94623947143555,49.850360890159344,48.69879388038933,49.555330725595084,1346700
2012-07-09,49.0890007019043,49.250788990745626,48.6321785947123,48.67024770872339,1167400
2012-07-10,48.70832443237305,50.307191165922326,48.46087878311339,50.1739528765384,2686200
2012-07-11,49.222225189208984,49.45063254838484,48.584580414698216,48.584580414698216,2008100
2012-07-12,48.96528244018555,49.260309024971235,48.28957194090565,48.73687136539485,1750500
2012-07-13,49.52678298950195,50.002636007547586,48.98431083936757,49.079479990788535,1514700
2012-07-16,49.393550872802734,50.10733048870757,49.041416981683994,49.97408857747647,2663700
2012-07-17,49.79325866699219,49.878912353995574,48.87962175926966,49.59340127414107,1478800
2012-07-18,50.65930938720703,50.71641305354832,49.29836953173664,49.4982269182258,2022200
2012-07-19,50.468963623046875,50.80206287232035,49.71711870768038,50.72592465632528,2001600
2012-07-20,49.53629684448242,50.1549072000495,49.1841666390907,50.12635355117374,1949700
2012-07-23,48.25149917602539,48.89865960346409,48.05164176973507,48.87962504613112,2091500
2012-07-24,47.37593078613281,48.24198323377404,47.2331770425153,48.05164490895069,3342200
2012-07-25,51.52537536621094,51.706201875710775,48.62267205391188,48.62267205391188,5780900
2012-07-26,52.04881286621094,52.715007959122254,51.01145292123405,52.10591654747917,2961700
2012-07-27,53.39070510864258,53.60008159023946,52.343829961598715,52.41044909111222,3161000
2012-07-30,53.35263442993164,53.733314614282314,53.05760429192218,53.333599876143616,1470900
2012-07-31,52.98147201538086,53.55249780161714,52.924371978086455,53.16229848140066,1990300
2012-08-01,52.97196578979492,53.485887997883154,52.73403924499159,53.36216517805355,2261700
2012-08-02,51.76329803466797,52.79114244147469,51.17324122546648,52.40094305677308,2265600
2012-08-03,53.86656188964844,54.04738836571051,52.74354844120077,52.74354844120077,2371800
2012-08-06,53.84754180908203,54.066433812720014,53.53347700138106,53.952226447844424,1857100
2012-08-07,54.38999938964844,54.71357957509011,53.838008166642524,53.9141463893207,1718300
2012-08-08,54.53274917602539,54.66598742562657,53.99027708523772,54.218688106318325,1861500
2012-08-09,54.19966125488281,54.704064308764515,53.799942818801235,54.43758777169049,1574200
2012-08-10,54.31385040283203,54.33288495472923,53.87606660060514,54.10447396243241,1037600
2012-08-13,54.23772048950195,54.2948205196339,53.84752121823085,54.10447861476437,1016600
2012-08-14,53.97125244140625,54.475659146693786,53.761879566645476,54.38048635773827,1495900
2012-08-15,54.780208587646484,54.95151598910782,53.77139873798206,54.03787530449039,2804600
2012-08-16,53.8189811706543,54.599379910372846,53.46685091748149,54.23773419326381,3460800
2012-08-17,53.876094818115234,54.16160598517006,53.60009911675793,53.685752829921526,1835600
2012-08-20,53.8284912109375,54.11400227712052,53.45732283138237,53.733318435229705,1450800
2012-08-21,53.65719223022461,54.45662551874784,53.600088555876255,54.02835703731205,1225700
2012-08-22,53.8284912109375,54.0759331668374,53.42877281390512,53.533461051948606,1377400
2012-08-23,53.590572357177734,53.94270260132037,53.29554215612971,53.83801434835266,1228100
2012-08-24,53.857059478759766,53.99029777943048,53.23844893367844,53.48589460389953,1275000
2012-08-27,53.904632568359375,54.285316458042224,53.57153688773986,53.86656345329696,1496800
2012-08-28,53.5620231628418,53.88560341236698,53.26699656771097,53.71429600788477,1582300
2012-08-29,54.409034729003906,54.47565749448749,53.60960510884777,53.61912057221938,1538400
2012-08-30,54.228214263916016,54.39952165589672,53.68574206613401,54.01883775583498,1438100
2012-08-31,54.58034133911133,54.961025217045304,54.16159197776037,54.485172184863096,1479800
2012-09-04,54.542259216308594,54.87535478502938,53.904614459868135,54.50419011403496,1627900
2012-09-05,54.285308837890625,54.608889009558176,54.047382347854786,54.608889009558176,1247600
2012-09-06,55.417850494384766,55.51302329078522,54.62793625185127,54.62793625185127,1832600
2012-09-07,56.08403015136719,56.103064705422,55.455904389438295,55.55107352924238,1480900
2012-09-10,56.19824981689453,56.50279550738414,56.00790785272078,56.11259611453989,1785200
2012-09-11,56.22679901123047,56.48375646744067,56.03645706215527,56.141145315670165,1587800
2012-09-12,56.4647216796875,56.750232768545686,56.19824151701213,56.31244522646131,1700300
2012-09-13,57.199134826660156,57.332665655427036,56.159497267549504,56.560089753850136,2223600
2012-09-14,57.80958938598633,58.18156932905386,57.06562949985127,57.45668580390224,2395000
2012-09-17,57.40898513793945,57.95264861618172,57.24684154968345,57.55205600629513,1527600
2012-09-18,57.208683013916016,57.48528472409887,56.90346858834975,57.39944293950567,1958900
2012-09-19,56.97976303100586,57.47573364811956,56.8176158520538,57.20867198683645,1879300
2012-09-20,56.9607048034668,57.3326847038891,56.67456305996342,56.82717393033504,2192000
2012-09-21,56.95115661621094,57.37082917250409,56.922543901352,57.237294680128976,2184400
2012-09-24,56.722251892089844,56.979777260542654,56.50287923861741,56.569644670611495,979400
2012-09-25,56.28349685668945,57.34221093295893,56.235807787345635,56.97023109825728,1549700
2012-09-26,56.006893157958984,56.62685827386965,55.88289867939989,56.29303118364409,1008800
2012-09-27,56.69362258911133,56.87484612465925,56.130882906218645,56.130882906218645,1133600
2012-09-28,56.11182403564453,56.569645708479115,55.75891687326609,56.44565120173957,1256300
2012-10-01,56.49334716796875,57.294536102766145,56.293050843880316,56.35981628524313,1951900
2012-10-02,56.9607048034668,57.08469567797863,56.35981223593048,56.56964854424805,1083700
2012-10-03,56.98930740356445,57.40897630724085,56.76993477402161,57.2277563885166,1116000
2012-10-04,57.51389694213867,57.666504153602155,57.04653894885053,57.218222516552316,1206800
2012-10-05,58.086177825927734,58.86829025445577,57.85726518512888,58.13386689821496,1592500
2012-10-08,57.70466232299805,58.03848949262982,57.40898423100757,57.68558596495576,1363600
2012-10-09,56.15951156616211,57.49482383225312,56.12135885153128,57.49482383225312,2218800
2012-10-10,55.71122741699219,56.19766180403968,55.41554933015581,56.05459457888134,1737500
2012-10-11,56.43610382080078,56.750858226323665,56.12135305372065,56.24534754423961,1302900
2012-10-12,56.12137222290039,57.09424484712261,56.06414313731885,56.63642307780227,1365600
2012-10-15,56.68410873413086,56.74133781625033,56.02599066275392,56.21674699293128,991000
2012-10-16,57.485294342041016,57.64743794093276,56.60779999289102,56.86532538975753,898700
2012-10-17,57.733280181884766,57.99080558072285,57.44714206265698,57.68559110175406,1387800
2012-10-18,56.27396011352539,57.37082689314917,55.6635312978346,57.37082689314917,4024100
2012-10-19,55.358333587646484,56.426584337320364,55.16757361559376,56.13090619871645,2966100
2012-10-22,55.7493782043457,56.06412899956312,55.01495483091429,55.320169266828245,1831000
2012-10-23,54.94819259643555,55.44416699325405,54.566672710131066,54.9672689545951,2322500
2012-10-24,57.57113265991211,57.73327624899972,56.169051241231365,56.483805697850855,4480600
2012-10-25,58.84922409057617,59.12582585156986,57.98126972622368,58.18156604758727,3711000
2012-10-26,58.21971130371094,58.93505833554029,57.58066606328628,58.92551833758773,1783800
2012-10-31,58.23877716064453,58.41999706619424,57.58065568141809,58.2006244525996,2977400
2012-11-01,59.54549026489258,59.717173852384626,58.286479715579794,58.49631601994637,3345200
2012-11-02,58.658447265625,60.031912038102746,58.60121820235579,59.850692128747454,1377400
2012-11-05,59.06857681274414,59.19257129102386,58.543989827096304,58.61075524499099,1857800
2012-11-06,58.963661193847656,59.46917184751772,58.87781941884306,58.95412483593272,1460900
2012-11-07,58.038482666015625,59.011354981081034,57.399441119759345,58.81105870286126,2352400
2012-11-08,56.99884033203125,58.03847798939812,56.893925841257655,57.88587079374989,2008900
2012-11-09,57.88587951660156,58.12432852313658,56.855781700360694,57.20868521126845,2155500
2012-11-12,57.82863998413086,58.000323518052454,57.34220209187228,58.000323518052454,1268000
2012-11-13,58.3627815246582,59.059052234787664,57.22776548569813,57.246841844139894,2751400
2012-11-14,57.91449737548828,59.173507871612536,57.75235015484332,58.410471758574076,3094200
2012-11-15,57.64744186401367,58.24833449759474,57.18008375668469,58.00034908287134,1435200
2012-11-16,57.790504455566406,58.143407985320366,57.046544679749054,57.56159179615314,2172300
2012-11-19,58.572608947753906,58.64891436995084,57.80957291799851,58.34369631960589,1490300
2012-11-20,58.97321701049805,59.011366090834294,58.133875389560814,58.343708065962474,1250500
2012-11-21,58.334163665771484,58.8682907397433,58.16248009336779,58.83967438538067,1549000
2012-11-23,59.74577713012695,59.74577713012695,58.200628725297534,58.80152118657005,921500
2012-11-26,59.44057083129883,59.44057083129883,58.601229270370254,59.211661811873114,1332800
2012-11-27,59.31657028198242,59.659937414592456,58.95413043173218,59.354722994148624,1624600
2012-11-28,59.8507080078125,59.87932072781709,58.5440083099121,59.14489726066975,1755600
2012-11-29,60.575584411621094,60.7281916312543,59.81254831345507,59.946079175828736,1699400
2012-11-30,60.61373519897461,60.83310784281987,60.422975270887385,60.73772969799776,1415200
2012-12-03,60.575584411621094,61.19555692644836,60.49928262102605,60.93802792266612,1778200
2012-12-04,60.67096710205078,60.84265068150199,60.012845501340074,60.6900434595946,1725500
2012-12-05,61.00478744506836,61.02386380048021,60.15590964067633,60.709113032291626,1932900
2012-12-06,61.39584732055664,61.39584732055664,60.42297138601813,60.86172028394248,2296700
2012-12-07,61.31000900268555,61.53891801742987,60.918952767257736,61.424467148500895,2122800
2012-12-10,61.78689193725586,61.99672818155651,61.04293236337872,61.06200507791305,2440600
2012-12-11,62.2638053894043,62.44502896870042,61.76783464197073,61.78690736126623,3468100
2012-12-12,62.13979721069336,62.511776986863,62.0634918009959,62.33055345805263,3311900
2012-12-13,62.06333541870117,62.27365596611538,61.929496396470256,62.10157618129282,2596800
2012-12-14,61.38457489013672,61.99641247032159,61.27941462226001,61.93905497645403,2496000
2012-12-17,61.9485969543457,61.9485969543457,61.50883199799392,61.62355424230442,1779900
2012-12-18,62.37881088256836,62.43616837468997,61.594893550963704,62.03465134248055,2954400
2012-12-19,61.90081024169922,62.60824603080285,61.833890738590476,62.48396903750914,2287800
2012-12-20,62.283203125,62.292765136787196,61.327206169263015,61.480161889468405,1798300
2012-12-21,61.00218200683594,61.89125603844433,60.906580099731904,61.700059517915996,3476400
2012-12-24,61.12644958496094,61.336773748140104,60.91613271546038,60.95436982556274,620000
2012-12-26,60.49550247192383,61.57578399057384,60.485944104403366,61.20293836731664,1189300
2012-12-27,60.629337310791016,60.906577358655845,59.74982168605534,60.56241780224981,1509400
2012-12-28,60.14176940917969,60.68668739189418,60.132211044061464,60.294728778944474,1061000
2012-12-31,60.97349166870117,61.059531550467064,59.55861644942599,60.046176995045855,1451200
2013-01-02,62.13979721069336,62.311876940870064,61.70003952105897,61.9390387411001,1737600
2013-01-03,61.9485969543457,62.28319438315517,61.77651723471842,62.091990642637676,1321800
2013-01-04,62.493526458740234,62.75164243928643,61.83388619536467,62.092002175910864,1656000
2013-01-07,62.98109817504883,63.02890095651672,62.2163047273254,62.33101973295968,1839200
2013-01-08,62.589134216308594,63.07669480222529,62.46484991957096,63.02889202752937,1766900
2013-01-09,64.74967193603516,64.76878866443023,62.808992141614894,63.02887463338377,2421900
2013-01-10,64.56803894042969,65.00779668985496,63.994442193078406,64.92176045990752,1727700
2013-01-11,64.57762145996094,64.74970126817963,64.37685560563855,64.44378241953314,927700
2013-01-14,64.58717346191406,64.85485153149787,64.22389712371894,64.6732170092405,1155000
2013-01-15,64.75924682617188,64.89308584766091,64.051810956347,64.18564997783604,791300
2013-01-16,64.74011993408203,64.81660144684142,64.31947890758393,64.68276244635175,979900
2013-01-17,65.89689636230469,66.04985214265449,64.92178229324239,65.007818552124,1834900
2013-01-18,66.3461685180664,66.39396397403638,65.75344797336935,66.11673136585408,1738300
2013-01-22,66.61387634277344,66.71903660430468,66.04027955767144,66.06895830287472,2011300
2013-01-23,66.72859954833984,66.8528765438477,66.2697177376481,66.45135951804176,1287700
2013-01-24,66.69037628173828,67.19705370343827,66.4322529162468,66.73817177238722,1263000
2013-01-25,68.07657623291016,68.11481700541815,66.61390132946707,66.9007034764362,1669800
2013-01-28,67.63680267333984,68.34423856719812,67.31176712258979,68.20083752682255,1288900
2013-01-29,67.32130432128906,67.77062406046915,67.0536263388868,67.75150733044526,1634900
2013-01-30,67.29263305664062,68.43982662117169,67.04407177664334,67.3786765855038,3348200
2013-01-31,68.96565246582031,69.29069537742522,66.92938061143693,67.44562008726963,3834100
2013-02-01,71.48944854736328,72.4550074792894,69.59657872924969,69.59657872924969,4263300
2013-02-04,69.25242614746094,71.10705539811521,68.79354437073178,70.89674218136268,3140200
2013-02-05,71.49900817871094,71.5085701898273,69.5487736505872,69.6826126315065,2716400
2013-02-06,70.58125305175781,70.99233201151992,70.34225382616769,70.99233201151992,2127400
2013-02-07,70.5621566772461,70.74379849384314,69.83560399821867,70.59083542856554,1435300
2013-02-08,71.30782318115234,71.34606394199898,70.61951136695112,70.66730684774988,1527300
2013-02-11,71.46080017089844,71.5086029547058,70.58128438081692,71.28872036034504,1805800
2013-02-12,71.29824829101562,71.66152447576917,70.91584808440925,71.4512039974518,1323500
2013-02-13,71.79541015625,72.0344095291361,71.3556521853814,71.49905326784948,1536900
2013-02-14,71.5850830078125,71.72848407719287,71.20268988103997,71.5277254975329,2027400
2013-02-15,71.15487670898438,71.55639380970679,70.73423557850548,71.54683179482855,2073900
2013-02-19,71.69979095458984,71.73803171834054,70.9541142956509,71.06882929322309,1477300
2013-02-20,69.44363403320312,71.06882630912867,69.39583125710195,70.69598799531423,3543700
2013-02-21,68.91783905029297,69.41496171051554,68.56412473164873,69.30980142830231,2770300
2013-02-22,69.73999786376953,69.76868390853417,68.89872289268166,69.18552499088543,1369800
2013-02-25,68.44940185546875,70.25623608012862,68.44940185546875,70.07460156176275,1443500
2013-02-26,70.0172348022461,70.30403688756822,68.99431806199452,69.17595986894388,2766200
2013-02-27,70.98280334472656,71.2218026825876,69.51056654826088,69.6635296254588,1425700
2013-02-28,70.55258178710938,71.59461502012624,70.52389575030999,71.14529526142051,2170600
2013-03-01,71.48944854736328,71.56593005148524,69.66349822193698,70.05545316662608,1818400
2013-03-04,72.0152359008789,72.02479061679564,70.90627618573058,71.03056042941087,1402800
2013-03-05,73.0668716430664,73.13379116022398,72.08219562188494,72.2925161882888,1941000
2013-03-06,73.29631805419922,73.43015710514656,73.02863995230454,73.31544208643813,1401600
2013-03-07,73.12423706054688,73.56399497713777,72.80876347047331,73.54487823888648,1299400
2013-03-08,73.65003967285156,73.71695919828801,72.98083712480576,73.47795985120335,1295800
2013-03-11,73.82208251953125,73.82208251953125,73.20068306961271,73.55440455185621,1100000
2013-03-12,74.28097534179688,74.42437637246184,73.56397748215143,73.68826177911146,1632500
2013-03-13,74.34803009033203,74.46296696572067,72.59516966278447,74.2426664160344,1109500
2013-03-14,74.08939361572266,74.4725335133614,74.06065940226225,74.43421879281895,1739400
2013-03-15,73.89778137207031,74.16597694132103,73.15066305550583,73.53379540713189,2182300
2013-03-18,73.56259155273438,73.89783626331725,72.87294111508584,73.13155637531074,1615400
2013-03-19,74.1468734741211,74.37675450237494,73.58174044942218,73.9457193531396,2107100
2013-03-20,74.30011749267578,74.75030630352185,74.09897069995877,74.74072579688236,2058600
2013-03-21,73.3997573852539,74.07025416208643,72.56643580340993,74.03193943417139,3462100
2013-03-22,72.75798797607422,74.04150553419323,72.51852645404615,74.04150553419323,2450900
2013-03-25,71.54154205322266,73.131563101566,71.4361783762363,72.84421359797463,3293800
2013-03-26,71.74267578125,72.2503330551209,71.51279475884894,71.72351476650812,3312900
2013-03-27,72.00128173828125,72.13537959304784,70.69861059959003,71.51278554211079,2388700
2013-03-28,73.26566314697266,73.38060733645281,71.83847417291786,72.04920153307107,1757100
2013-04-01,72.34613037109375,73.13156405022511,72.0970882851875,73.08367611956565,1588800
2013-04-02,75.24836730957031,75.33457723574223,72.17368302140412,72.2503124429383,5012100
2013-04-03,74.80777740478516,75.90930185861237,74.50126695142143,75.16218308527489,4274900
2013-04-04,74.63534545898438,75.39204454303025,74.3958840010376,74.3958840010376,1888700
2013-04-05,73.90741729736328,74.04151518255046,72.2694938424019,72.80589269093724,2675100
2013-04-08,75.03765869140625,75.0472391984235,73.72541423368361,74.00319047489862,1816400
2013-04-09,75.07598876953125,75.5070239800539,74.79821247149323,75.40166030466752,1720300
2013-04-10,77.91120147705078,78.10277508961718,75.83267710826159,75.83267710826159,4438100
2013-04-11,76.54148864746094,78.50506885215773,76.49359341728872,78.27518782446056,4967400
2013-04-12,76.23499298095703,76.90548985893425,76.14879031098484,76.34035667167076,2325200
2013-04-15,75.26758575439453,80.98593098680112,74.53003979793975,80.72730831871822,14442500
2013-04-16,78.3709716796875,78.53380377127519,76.01467102825326,76.16792261216338,8360300
2013-04-17,78.06446075439453,78.51464961142639,77.20239776303417,78.16024390725988,3789900
2013-04-18,76.70430755615234,78.18896443513702,76.3115871980293,77.97824445883487,2782300
2013-04-19,76.65641784667969,77.15450188266416,76.25412426146673,77.15450188266416,3000400
2013-04-22,76.57979583740234,76.88630630936063,76.02425063108087,76.68515949724295,1978700
2013-04-23,77.2406997680664,77.97824527004366,76.6659936377135,76.85755991190283,2568500
2013-04-24,77.77711486816406,78.63917798011744,77.48976536937104,77.95910799951731,4223300
2013-04-25,76.74263763427734,77.95909905258092,76.61811295541628,77.87289640517217,2500600
2013-04-26,77.71007537841797,77.88248802179149,76.20625683091095,76.34035474155834,2812600
2013-04-29,77.35565948486328,77.82500206653047,77.18324688028136,77.81542155855747,1269700
2013-04-30,77.27902221679688,77.58553267083938,76.82883338884383,77.11619013666491,2407300
2013-05-01,77.31734466552734,77.36523258976054,76.88630950071023,77.049148904905,1667900
2013-05-02,78.16024780273438,78.2847724846731,77.3364994930221,77.70048572295192,1558600
2013-05-03,78.70621490478516,79.10850852631671,78.45718017209573,78.63916596786322,1687000
2013-05-06,78.96484375,79.50123528815124,78.46675962932818,78.69664798092438,2088300
2013-05-07,80.37287139892578,80.41117881285602,78.56253550981889,78.96483643394593,2809200
2013-05-08,80.5644302368164,80.58358394200727,79.6927868410341,80.39201765895756,1780100
2013-05-09,79.96102905273438,80.65067239434102,79.71198691649958,80.6123649651869,1135600
2013-05-10,80.89968872070312,80.93800344542232,79.75027621027328,80.46866085623857,2477200
2013-05-13,80.83263397216797,80.9954660596864,80.29624248020798,80.56443822618797,1573900
2013-05-14,81.13916015625,81.25410434441366,80.6027685603944,80.66981750987634,1387600
2013-05-15,82.38435363769531,82.55676624585927,80.6985422809574,81.07210171401486,2579800
2013-05-16,81.89584350585938,82.6621233272742,81.80006035512902,81.96289244214923,2646900
2013-05-17,82.6333999633789,82.77707837494015,81.81923204158201,82.11616937421859,1748600
2013-05-20,83.12191009521484,83.47631589688572,82.75793109107394,83.04528062872576,1794300
2013-05-21,83.66786193847656,84.05100187009697,83.2368340827701,83.27514880671079,1840300
2013-05-22,82.64299011230469,84.36711663656507,82.17364740039598,83.72536127223032,2421000
2013-05-23,82.07785034179688,82.40351457033074,81.39778035769334,82.10658456104548,2213500
2013-05-24,83.5433578491211,83.57209206969848,80.95716838034329,81.53188202304116,2156400
2013-05-28,84.55864715576172,85.17166803611401,84.02225571239978,84.18508778516532,2336600
2013-05-29,83.67748260498047,84.26176963686119,83.18897877502661,83.91694426369257,1821700
2013-05-30,85.01842498779297,85.34408916595189,83.7253341671152,83.84027102633078,1846700
2013-05-31,84.57783508300781,85.72724777248472,84.42457616025747,84.9130798417896,2923200
2013-06-03,84.77896118164062,85.24830372902487,83.97436664976746,85.07589113703676,1734400
2013-06-04,84.54905700683594,85.23870724552779,84.39580545811802,84.64484744604219,2113900
2013-06-05,82.56634521484375,84.65445036725674,82.5280377950523,84.37667407315283,2457300
2013-06-06,83.28470611572266,83.49543340329538,81.45522407029439,82.04909121638254,3828100
2013-06-07,81.01461791992188,81.94372972621021,80.93798848464785,81.33070885958834,15530800
2013-06-10,82.18321228027344,82.38435911854882,81.17747078110948,81.36903711057545,3948100
2013-06-11,81.8192367553711,82.30774045970804,80.93801983178176,81.48399198093907,2417600
2013-06-12,80.79434204101562,82.37479005597271,80.68897835283262,82.34605583333881,2092400
2013-06-13,81.89779663085938,82.08971150511094,79.99788696099415,81.55235717801044,2426500
2013-06-14,81.6771240234375,82.60788394240888,81.34127474003327,81.71550700784957,1929300
2013-06-17,82.0897445678711,82.66547478090118,81.75389523286394,82.12812023737384,2175500
2013-06-18,82.69425964355469,82.88616727301967,82.03216587652892,82.3200346415332,2176100
2013-06-19,81.2645263671875,82.78061417872875,81.2645263671875,82.5887065532091,2029400
2013-06-20,78.3570785522461,80.35294264407352,77.89649002594359,80.34335238786346,3701800
2013-06-21,79.72921752929688,80.1418254168891,78.69290634347875,78.95198230973205,3578600
2013-06-24,78.91361999511719,79.64288217084483,77.76215956675303,78.93281515071382,2439500
2013-06-25,79.76759338378906,80.00748149884764,79.1438901412802,79.55649799201312,1771300
2013-06-26,80.02670288085938,80.80393828577348,79.6524778843595,80.3817327222119,1960300
2013-06-27,81.9169921875,82.2912170431533,80.60240274533078,80.68875894857203,3201200
2013-06-28,81.20693969726562,82.0033701690905,81.19734944156114,81.55237924357989,2608500
2013-07-01,82.85736083984375,83.9512501560504,81.50439555750602,81.59075177261472,2551200
2013-07-02,81.5523681640625,82.83817237194717,81.46601194961903,82.5982842374199,2183300
2013-07-03,81.51396942138672,81.91698697327125,80.99581759331305,81.14934216290435,1015800
2013-07-05,81.9649887084961,82.11852065229425,81.4084463934368,82.05135225708406,1166900
2013-07-08,82.46392059326172,83.12600665063984,82.18564956940034,82.5310889562074,1089400
2013-07-09,83.74015045166016,83.85529939677232,82.76141004102493,83.33714012497538,2015800
2013-07-10,84.47898864746094,84.50777404624904,83.48105333825437,83.55781928222488,1754800
2013-07-11,84.84361267089844,85.59206229411592,84.64210756624782,85.23703262817091,1739500
2013-07-12,84.62294006347656,85.21785794746533,84.33507137581405,84.94918441007623,1549600
2013-07-15,84.6709213256836,85.04514626264437,84.25831340534153,84.80525810711538,1394800
2013-07-16,84.01841735839844,84.85323069671959,83.40430432358914,84.76686716202197,1511100
2013-07-17,84.2391128540039,84.43102042112696,83.64418768263535,84.25830068239443,1572200
2013-07-18,85.36180877685547,85.39059418701996,84.28710709894173,84.29670467593196,1763000
2013-07-19,85.95671081542969,86.00468404577501,85.12189754273497,85.54410296627772,1772400
2013-07-22,86.67638397216797,86.70516937746326,85.73601924795972,85.80318763391709,1153900
2013-07-23,85.899169921875,86.66681514816965,85.6304962889141,85.72645011199907,1617100
2013-07-24,86.94505310058594,88.55710160250176,86.74354795294704,86.8395017393268,3072200
2013-07-25,87.55918884277344,87.6935256427307,86.15824269978584,86.71478505435539,1634800
2013-07-26,86.92587280273438,87.47282485223944,86.13903990669685,87.28090992588524,1786700
2013-07-29,86.74351501464844,87.21369351393608,86.4652440152491,86.69553447927544,1809600
2013-07-30,86.82029724121094,87.29047582876257,86.6763629288738,87.0793731467752,1931900
2013-07-31,87.4248275756836,88.1540895147901,86.81071457037426,86.9450513327354,1777600
2013-08-01,88.29802703857422,88.96971825111622,88.0773340402059,88.58589574692157,1464800
2013-08-02,88.09651947021484,88.27883680191994,87.82784592084218,87.9429948652041,1191800
2013-08-05,88.32683563232422,88.56672382543667,87.83746166854897,87.87584465794376,1475500
2013-08-06,88.35560607910156,88.53791609684005,87.91421275703163,88.27884011331406,1318900
2013-08-07,87.97179412841797,88.35561668261234,87.73190594714728,88.28844828468878,1429700
2013-08-08,88.24043273925781,88.66263811357881,88.00054465308514,88.4995159719742,1250000
2013-08-09,88.72984313964844,88.80660911592895,88.04856157197341,88.04856157197341,1069500
2013-08-12,88.4515609741211,88.64346857016706,87.89501869646008,88.3364120240102,884200
2013-08-13,88.90258026123047,88.92176809863886,87.90464433741295,88.45158921365056,871500
2013-08-14,88.33639526367188,88.92172283760321,88.1828706801249,88.81617148356287,1097800
2013-08-15,87.60716247558594,88.03895825258961,87.28091075807605,87.60716247558594,1335600
2013-08-16,87.0218505859375,87.48243185575033,86.70519638743662,87.33849746363109,1246800
2013-08-19,86.76276397705078,87.48242858997418,86.65721258149078,86.90669836379686,977000
2013-08-20,86.66679382324219,87.0122333579964,86.40771783257935,86.78194277509547,1029900
2013-08-21,86.42691040039062,87.06021868908083,85.91834864657905,86.59963017723285,1732700
2013-08-22,86.69557189941406,86.98344059430023,86.35972996925021,86.44608618523304,1287400
2013-08-23,87.17536163330078,87.36727656645031,86.31176273614324,86.89709047083856,1218900
2013-08-26,86.7051773071289,87.8854229570063,86.7051773071289,87.31929041227606,1128100
2013-08-27,85.23706817626953,85.77441534610504,84.94919943768272,85.77441534610504,1886600
2013-08-28,85.30425262451172,85.57292625998677,84.56539280614783,85.22748663700241,1017200
2013-08-29,85.56331634521484,86.1774295151342,84.8628469424036,85.04515698544418,856100
2013-08-30,85.23706817626953,85.66886396334361,84.95879701451726,85.62089072078324,964500
2013-09-03,86.47491455078125,86.83954203654879,85.79363283429534,86.33098014401763,1556900
2013-09-04,87.17536163330078,87.25212760656059,86.12945270065886,86.39812628626206,1265700
2013-09-05,87.0122299194336,87.27130589985823,86.61880984008634,87.18494967998514,858900
2013-09-06,86.8490982055664,87.50159419374612,86.0814532827181,87.20412794272,1079200
2013-09-09,87.4248275756836,87.79905245951882,87.05060269184835,87.09857592366049,1128100
2013-09-10,87.09861755371094,88.08696323605416,86.92589773086345,87.7703090073658,2844000
2013-09-11,87.12736511230469,87.31927267337504,86.44607643265527,87.10816996371513,2226800
2013-09-12,87.53105926513672,87.78095783186247,86.85826389270537,86.96398992736167,2152200
2013-09-13,87.56946563720703,87.79052372989185,87.00238922635336,87.51179958397033,1435000
2013-09-16,88.20384979248047,88.74209339377911,87.81939950530611,88.43452876428812,1341600
2013-09-17,89.66478729248047,89.68400687367371,88.13657026898707,88.17501676429274,2286500
2013-09-18,90.58747100830078,90.65475053430056,88.66519045640051,89.65516376736221,1600400
2013-09-19,90.57786560058594,90.97193666854135,90.25108139752741,90.82776414775475,2183900
2013-09-20,89.85699462890625,91.05841987067173,89.82816159637072,90.76046875724757,2096400
2013-09-23,89.693603515625,90.11650755178509,89.28992638997282,89.57826405133103,1013500
2013-09-24,89.2130355834961,89.82816474218866,88.86702451511678,89.74166564155283,1282500
2013-09-25,88.78053283691406,89.30915560624794,88.36724221140356,89.30915560624794,1183500
2013-09-26,89.39566040039062,89.62633201670707,88.75169083325791,88.86703030787537,1051200
2013-09-27,89.39566040039062,89.68399808755656,88.70363821852281,89.03042239722791,1124200
2013-09-30,88.56910705566406,89.06889693722364,88.42493450022084,88.63638660381478,1270000
2013-10-01,89.24187469482422,89.66477877007132,88.45373994826637,88.6267454942385,1059800
2013-10-02,88.90546417236328,88.91507762711231,87.95393747389757,88.51139318974488,1425700
2013-10-03,87.79054260253906,88.67479716211838,87.08891436094032,88.64596412930169,1353400
2013-10-04,88.77091979980469,89.27070953554276,87.78094645174679,87.96355812463564,1279000
2013-10-07,88.15579223632812,88.74208842423144,87.95395364698878,88.386463862299,1138700
2013-10-08,87.15618133544922,88.18460091106817,87.09851527811703,88.18460091106817,1484800
2013-10-09,86.43533325195312,87.33880733184728,86.2238812474743,87.25230090596169,2025900
2013-10-10,88.6844253540039,88.79015138925408,86.85826438059833,87.00242958055799,1594000
2013-10-11,89.34760284423828,89.46294232194295,88.1654043626698,88.52102158631818,1394800
2013-10-14,89.05928039550781,89.14577951890519,87.71368225694034,88.703655778061,1784400
2013-10-15,88.27115631103516,89.17463089451455,88.0789311086836,88.82861966394464,1506300
2013-10-16,89.87622833251953,90.16456601258666,88.44412405638846,88.57869043992173,2243000
2013-10-17,91.90423583984375,92.33674603091816,89.28031965962634,89.5302181846276,2110400
2013-10-18,92.38479614257812,93.0287582991035,91.88499914578412,92.42324262947902,1582400
2013-10-21,91.54861450195312,92.9134319818718,91.4717215172741,92.36558229864143,1789800
2013-10-22,92.09648895263672,92.89423738415258,91.38524698537853,91.61591866853135,2756800
2013-10-23,93.69197845458984,94.1244887431355,91.52941234602156,93.73041762132812,2098700
2013-10-24,93.25943756103516,94.53775585722968,93.13449196801486,93.98029275067472,1732700
2013-10-25,94.0091323852539,94.01874584167447,93.03838594141887,93.25944410866101,1216800
2013-10-28,94.06681060791016,94.22058925392056,93.69196645041839,93.9706907046197,907500
2013-10-29,94.59545135498047,94.62428439826924,93.69198422261016,94.02838194917997,1139000
2013-10-30,93.70156860351562,94.69154196893398,93.14411278581787,94.67232238884182,1050700
2013-10-31,93.98030090332031,94.49931756483487,92.56742343579494,93.82652226264128,2225000
2013-11-01,94.1244888305664,94.66272516044229,93.84575720747496,94.36477395396386,1731200
2013-11-04,94.23981475830078,94.47048639032602,93.71118462978568,94.47048639032602,1219500
2013-11-05,93.31712341308594,93.95147963425424,93.06723217406788,93.75925447609886,1406400
2013-11-06,93.77847290039062,94.5858346870941,93.39401525590895,93.47090825138922,1164100
2013-11-07,92.42325592041016,94.2013640310012,92.35596905896921,93.96107895300462,1142000
2013-11-08,94.35514068603516,94.41281408992769,91.80811744618336,92.2502484333793,1357200
2013-11-11,94.58584594726562,94.62428511666218,93.98993616073172,94.4512795226956,1024700
2013-11-12,93.8938217163086,94.62428324713953,93.49975057503474,94.2782720660426,1096500
2013-11-13,94.97025299072266,95.00869947550513,93.11525226424227,93.5093232335747,2310800
2013-11-14,96.31585693359375,96.31585693359375,94.5954151247319,94.97025920976083,1719800
2013-11-15,97.4307861328125,97.57495129857786,96.12363485514199,96.12363485514199,1720500
2013-11-18,96.85411071777344,97.55574640609474,96.54654609631237,97.45002038000634,861100
2013-11-19,96.60424041748047,97.11364374459183,96.05639058774854,96.50812782738936,1059600
2013-11-20,97.14244842529297,97.64223814759363,96.56576572020192,96.5945987555187,1060000
2013-11-21,97.86329650878906,99.11278172287095,97.39233985612283,99.11278172287095,1317100
2013-11-22,97.56536102294922,98.22854289193923,97.50768761435772,97.92097826682121,1421300
2013-11-25,98.02670288085938,98.59377950416555,97.55574615951352,97.85369732341736,1209000
2013-11-26,97.50765991210938,98.5456929768187,97.48844033665195,98.24774189326801,1467000
2013-11-27,97.07515716552734,97.71911931949747,96.7099265407945,97.57494682742059,1579600
2013-11-29,96.9310073852539,97.68069572021125,96.76761527797741,97.32507846707055,854900
2013-12-02,96.91178131103516,97.54613011622294,96.70032926499964,97.16167251733279,1346400
2013-12-03,96.99830627441406,97.1424788290397,96.25823124895287,96.59462898779887,1390300
2013-12-04,96.32548522949219,97.29623901785999,95.2682323310605,96.5946033491382,1101000
2013-12-05,96.04676055908203,97.1040135335303,95.87375499359636,96.08520705506989,1245600
2013-12-06,98.7187271118164,98.8148396828061,96.63305425637152,96.6811068754068,1840100
2013-12-09,98.0555648803711,99.17049154273306,97.92100577738549,98.97826634787397,1564200
2013-12-10,97.96906280517578,98.48807961523916,97.50771208525693,97.97867626450684,1182500
2013-12-11,97.26740264892578,98.25738339108331,96.82527895804837,97.70953367272227,1888700
2013-12-12,96.47808837890625,97.18075813804944,96.29519830886484,96.92086829349854,1308900
2013-12-13,97.54652404785156,97.83529704923542,96.66096428118469,96.76684722543861,1030600
2013-12-16,98.4128646850586,98.67276193158918,97.37329773035023,97.86420169592195,1658700
2013-12-17,98.48986053466797,99.00964762436215,97.70055584523693,98.56686766139389,1867400
2013-12-18,102.43638610839844,102.51339323672302,98.62462138197958,98.89413898731162,3093700
2013-12-19,104.11125183105469,104.22675517278009,101.96472415708102,102.42675955539316,2573600
2013-12-20,104.50591278076172,104.785058129105,104.14013991593485,104.63104386361724,2416900
2013-12-23,104.76579284667969,105.40109061651735,104.38077190668514,105.40109061651735,1841300
2013-12-24,105.31446838378906,105.55511015524222,104.59254306942957,104.71767414681575,458400
2013-12-26,106.14228057861328,106.43105367250564,105.55512135029387,105.67062471280695,995800
2013-12-27,106.52731323242188,106.87383802159049,106.21929201358368,106.26742331244799,899800
2013-12-30,106.45027160644531,106.93155506395263,105.94011231649598,106.59465811245806,875400
2013-12-31,107.18184661865234,107.2684814776449,106.49842484932903,106.75832208250245,1147900
2014-01-02,105.5262222290039,106.99895597287286,105.19895295956884,106.54654828787427,2559000
2014-01-03,105.93051147460938,106.3444156181657,105.56473127939897,105.84387661750013,1486400
2014-01-06,105.94013214111328,107.03745804206879,105.52622799645083,106.43104341589995,1891400
2014-01-07,108.10589599609375,108.26953796522898,106.6042938458888,106.93156309655264,2247000
2014-01-08,109.77114868164062,109.86740391912362,108.07702859548536,108.1251598861288,2841900
2014-01-09,109.73265075683594,110.51232776745925,109.2417394735007,109.89628540334627,2196300
2014-01-10,110.17543029785156,110.31981683280904,109.3187461592559,109.32837388660086,1492100
2014-01-13,108.7604751586914,110.30058134143867,108.46208165122944,109.75191828434103,2048800
2014-01-14,110.4642333984375,110.58936451272304,108.50059508307453,109.63642487302548,1693700
2014-01-15,111.19576263427734,111.37865275710016,110.30057482100503,110.81074161920526,1537200
2014-01-16,111.763671875,111.81180316980692,110.55083521514982,110.55083521514982,1847800
2014-01-17,111.55189514160156,112.1390616312092,111.26312208829152,111.42676406852925,2549600
2014-01-21,110.6470718383789,112.13905360062962,110.31017486284583,111.93691541530977,2201600
2014-01-22,110.40646362304688,111.04176155025291,110.09844238846969,110.76261615894772,2010400
2014-01-23,108.58718872070312,110.25243298160495,107.79788401775295,110.12730190638499,3400200
2014-01-24,105.83422088623047,108.90481144905085,105.81497278074603,108.90481144905085,3893400
2014-01-27,105.75727844238281,107.13375006035474,104.99684934704668,105.78615428816165,2483800
2014-01-28,108.11551666259766,108.22139961179346,106.45027265199317,106.45027265199317,2526400
2014-01-29,107.5668716430664,107.94227221834325,106.20964852952392,107.01820869890763,2904000
2014-01-30,110.68560028076172,113.27490839899048,109.54977069091689,111.58078807058693,5155900
2014-01-31,110.82996368408203,111.21499195246608,109.2802302280937,110.31980434958962,3000300
2014-02-03,108.89520263671875,111.5326415180744,108.67381633808884,110.8588402082624,3776000
2014-02-04,108.73159790039062,110.1369452328486,108.26956972348125,109.4727788105657,3164000
2014-02-05,108.96256256103516,109.0299419455949,107.04705661957779,108.76042440735593,2826400
2014-02-06,110.14654541015625,110.48344240150863,109.02996413161283,109.31873717780265,2483900
2014-02-07,113.36153411865234,113.49630028082005,110.73372981677105,110.91661993189419,3161500
2014-02-10,114.17008972167969,114.54549032094144,112.86099781622171,112.92837722265831,4233000
2014-02-11,116.47064208984375,116.6727803394868,114.30486568734665,115.27706070651092,3766800
2014-02-12,116.97113037109375,117.36578633832593,116.22032933897708,116.53797818911964,3605700
2014-02-13,118.29949188232422,118.80965124368005,116.09521245715352,116.34548194635208,2540600
2014-02-14,119.10804748535156,119.34868925345731,118.03959744745777,118.19361170407134,7586200
2014-02-18,118.9251708984375,119.52195781423248,118.07810713077338,119.12730911286525,2845500
2014-02-19,117.25028991699219,119.71446655681393,117.04815171790982,118.92516187019544,2884500
2014-02-20,120.04174041748047,120.33051348081094,117.90484031148637,119.67596756855873,3456900
2014-02-21,118.56898498535156,120.17646986381133,118.47272976902384,120.04171109219209,2646200
2014-02-24,118.75189971923828,120.22462613218029,118.44387855668704,118.44387855668704,2878200
2014-02-25,119.17542266845703,119.64708580478862,118.48237322583434,118.85778112709139,2625900
2014-02-26,119.62785339355469,120.49416536369732,118.80967272212196,119.23320465059282,2620000
2014-02-27,120.2342758178711,120.52304157961181,119.17544599340637,119.57972980993159,2213900
2014-02-28,119.87811279296875,121.11019756020342,118.98292505680536,120.60003814975198,3147600
2014-03-03,118.732666015625,119.33908806884361,117.56796055187871,118.46314836699679,2106700
2014-03-04,120.65776062011719,120.87915424054428,119.92620771273518,119.92620771273518,2354800
2014-03-05,121.19682312011719,121.51446467143187,119.54120658728505,120.19575248761859,2184000
2014-03-06,121.6684799194336,122.85243331081419,121.13906508991936,122.39040522669629,1649500
2014-03-07,121.92835998535156,122.27488469245188,120.9465448777696,122.27488469245188,1690600
2014-03-10,121.55296325683594,121.95723964653541,120.5615203918952,121.74548106893353,1766700
2014-03-11,121.5048599243164,122.29416472830877,121.042824440704,121.63961874374402,1341700
2014-03-12,121.755126953125,121.84176182266536,120.349779677581,120.94657400437578,3107300
2014-03-13,118.77725219726562,122.23696741359743,118.14120009645033,121.9574979962951,2413600
2014-03-14,117.81352996826172,119.10489764688289,117.39913443582664,118.49776308413867,2078600
2014-03-17,118.55561828613281,119.80844441018306,118.17014011183262,118.61344589429774,1254800
2014-03-18,119.23983001708984,119.48075749381736,118.43994902974897,118.53631854993536,1209200
2014-03-19,118.2664794921875,119.80841385370094,117.37986815338265,119.33619806385185,1532900
2014-03-20,119.09526062011719,119.33618807370092,117.70751613466771,118.1508217669591,1352200
2014-03-21,118.43994140625,121.30216082194707,118.38211381584182,120.2999017009692,4441500
2014-03-24,116.27161407470703,119.07600637802727,115.01878812179974,118.83507887573924,2763400
2014-03-25,115.01874542236328,117.97733375801613,112.83112774882734,116.82088511736191,3971600
2014-03-26,113.75631713867188,116.20414115966642,113.7466779809942,115.37535005993901,2119100
2014-03-27,113.39972686767578,114.27670628755837,112.3878360207213,113.79485140257376,2187400
2014-03-28,114.19963073730469,115.64519568334651,113.36120042169196,113.74668587780782,1668900
2014-03-31,115.87648010253906,116.18486698651198,115.1247875323878,115.1247875323878,1530700
2014-04-01,117.45695495605469,117.55333182396305,116.16558727433706,116.16558727433706,1802600
2014-04-02,117.76536560058594,118.11230180805936,117.23532948265793,117.49552796200089,1480000
2014-04-03,117.3798828125,118.27613342089066,116.32943507243941,117.88100878537941,2544700
2014-04-04,115.52952575683594,118.8928781821923,115.35605770236907,118.17972765131623,1861000
2014-04-07,113.52503967285156,115.85721608219373,112.52278040174467,115.3850002461754,2817000
2014-04-08,112.95645904541016,114.1225473748855,111.12540839938563,113.23593585450294,2286300
2014-04-09,116.03070068359375,116.05961081098042,112.7540847834833,113.36121951617775,1574300
2014-04-10,112.73477935791016,116.21376508635151,112.33001564064121,116.04030437505092,2747100
2014-04-11,111.56867980957031,113.13953148212615,111.06755395093185,111.93489423753903,2313800
2014-04-14,112.17583465576172,112.60950117294291,110.90373787250405,112.20474477657072,1519700
2014-04-15,113.38050079345703,113.70815871575209,110.73993703707784,112.5420703147506,2546300
2014-04-16,115.36570739746094,115.49098703337262,113.3901065798917,114.24780777407221,2735700
2014-04-17,114.97058868408203,115.75119131410703,114.21888882079115,115.105507475629,1733300
2014-04-21,115.02841186523438,115.54881608273817,114.09361210522881,114.85494379273311,1600000
2014-04-22,115.98250579833984,116.86911730076629,114.80677833304529,115.13444358113077,2491400
2014-04-23,115.05732727050781,117.35095424336433,110.3736964503491,117.2931340007155,4405400
2014-04-24,111.19282531738281,115.25004237345483,110.09419682013394,115.25004237345483,4507400
2014-04-25,110.14238739013672,111.71323162403881,109.60271228695993,110.65315237743216,3151600
2014-04-28,109.46781158447266,111.2314025880786,107.9547872309067,110.92301569284615,2474600
2014-04-29,110.47969055175781,111.06755411619281,109.19795475700465,109.73763724309782,2199400
2014-04-30,109.86290740966797,110.45077092348284,109.06302658234327,110.3640332259008,2018400
2014-05-01,110.7495346069336,110.78808388337886,109.04377140123584,109.59308572366623,1550400
2014-05-02,110.074951171875,111.46269584646045,109.92075405135512,110.62426554681117,1736700
2014-05-05,110.6531982421875,110.93267506575093,108.65831854177432,109.65093881191605,1153400
2014-05-06,110.26768493652344,111.15429627946064,109.68946046732627,110.52789072680214,1911600
2014-05-07,112.21440887451172,112.37823783052318,109.52565675384089,110.44117842804586,1820600
2014-05-08,111.43376159667969,113.1106219435429,111.21211245995376,112.03126431996084,1232100
2014-05-09,112.36857604980469,112.89861945081545,110.20986787141435,111.17357779868973,1088600
2014-05-12,114.06471252441406,114.45019798253692,111.36632167007754,113.00463302896884,1386700
2014-05-13,113.31304168701172,114.19001410395548,113.2070329818556,114.14183300776405,1525700
2014-05-14,112.26256561279297,113.7755898808369,111.95417873499176,113.39011179797774,1708800
2014-05-15,111.3567123413086,112.66735875196328,110.34481372855203,112.29150502384864,1900900
2014-05-16,113.57319641113281,113.65993411488003,111.02900317322069,111.26993061887542,1977500
2014-05-19,114.9609375,115.03803604496754,113.08169906715639,113.1973468846077,2135700
2014-05-20,110.31587982177734,114.78749342868802,109.92075521067036,114.72003402587993,4343700
2014-05-21,111.135009765625,111.95416159507522,110.41222744213563,111.16391988216105,1705500
2014-05-22,111.72289276123047,111.93491012276978,110.7880929503653,111.30849719618271,1835900
2014-05-23,111.539794921875,112.19511802526225,111.18322692243747,111.96382968069143,1363900
2014-05-27,111.20249938964844,112.03129060078953,110.5953647197528,111.9927413174197,1614300
2014-05-28,111.85780334472656,112.61913501771313,111.2603005836108,111.5108672063397,1768700
2014-05-29,112.86006927490234,112.86970843280503,111.59761163300753,111.9349086343699,1051500
2014-05-30,112.6673355102539,113.16846145682298,112.56132682592752,112.86007456219812,2436300
2014-06-02,112.34931182861328,112.78297838090285,111.64580030437328,112.74442909919566,958700
2014-06-03,113.60211944580078,113.68885715941087,111.76143737500793,111.7903474953703,1903200
2014-06-04,113.50574493408203,114.09360853066724,113.04316832358647,113.3033667479249,1128900
2014-06-05,114.68148040771484,114.77784992914945,113.44793288729608,113.63104012478807,1607600
2014-06-06,115.4620590209961,115.69335464725232,114.84528538935614,114.93202308733262,1405500
2014-06-09,115.24044036865234,115.68374607405532,114.95132443566085,115.51027798476515,1238900
2014-06-10,114.9609375,115.34642287231576,114.05504797793625,114.75855933385166,1100400
2014-06-11,115.8475570678711,116.04993524862086,114.74892845664523,114.77783857496343,1980800
2014-06-12,115.6449203491211,116.23351837077442,115.14316839972737,115.44228932945968,2049200
2014-06-13,114.97914123535156,116.20457862125177,114.70895916567805,115.78966535924613,1248100
2014-06-16,114.5256576538086,115.54846425092963,113.81161591458222,114.7765300210618,1844600
2014-06-17,114.47737884521484,114.90194329596346,113.69580098061714,114.04317055637355,1742600
2014-06-18,115.69316864013672,115.77036351264664,114.10105936273366,114.6124625101225,1363500
2014-06-19,115.50984191894531,116.17563486473158,114.68001537720582,115.78966783294665,2151800
2014-06-20,114.76685333251953,116.11772680558337,114.68000725970354,115.78965963689882,4956500
2014-06-23,114.9212417602539,115.50983981662874,114.35194610405685,114.9501879988119,1408200
2014-06-24,114.40019989013672,115.65459101734116,114.13002515177502,114.95020056800432,1460100
2014-06-25,114.95984649658203,115.78002187519446,113.95633511318584,113.9659863138874,1514000
2014-06-26,115.1142349243164,115.32650980532168,114.46773699558386,115.13352996378632,1426600
2014-06-27,114.14933776855469,115.114251841453,114.07214287591238,114.92126460984724,2758900
2014-06-30,113.85985565185547,114.40020515343916,113.55108345642053,114.05283551336112,1603200
2014-07-01,114.7861557006836,115.10457905183087,113.52212085800105,114.29404755452042,2316600
2014-07-02,113.9080810546875,115.41334428006414,113.77299370685668,114.87299488874089,2137700
2014-07-03,115.89582061767578,115.96336430290943,113.77301277172414,114.2844160115946,1423200
2014-07-07,115.51951599121094,116.09846297266108,115.04671014855951,115.54846223602691,1550700
2014-07-08,113.8501968383789,115.26862154691175,113.59932450753655,115.26862154691175,1531400
2014-07-09,113.7054443359375,114.20720365954794,113.32912852408388,113.87912912307829,1232600
2014-07-10,113.0396728515625,113.65721720229884,112.27738993324843,112.51861842530822,2760400
2014-07-11,114.120361328125,114.24580484399621,112.653695469938,112.8659777013736,1013000
2014-07-14,113.6668930053711,115.37478785965983,113.44495950548858,114.7282971278231,1482500
2014-07-15,113.85985565185547,114.3230176258628,112.63441807170393,113.85985565185547,2688600
2014-07-16,115.03702545166016,116.06948293250598,114.15895035211888,114.15895035211888,3131200
2014-07-17,114.84406280517578,116.59056217796946,114.44845188718708,115.28792973029927,2713900
2014-07-18,116.75460815429688,116.9958366835413,115.03706220395033,115.05635724713726,1863600
2014-07-21,117.8545913696289,117.9800275351546,116.12739448486606,116.2335356101991,2499100
2014-07-22,118.74232482910156,120.59496546540318,118.14408280847678,118.14408280847678,3822800
2014-07-23,119.64934539794922,122.74671869782962,118.26951797510124,121.2028576489078,3889000
2014-07-24,121.10636901855469,121.51163116794258,118.96425856934688,120.54671708175603,2570600
2014-07-25,120.68177032470703,120.94229381512429,119.93878992768076,119.93878992768076,1069500
2014-07-28,120.0160140991211,121.05812310253943,119.19583857968848,120.7011022323747,1650400
2014-07-29,119.2054672241211,120.45020707125877,119.2054672241211,120.12213250854288,1424600
2014-07-30,120.3344497680664,120.66252442625405,119.10901196538332,120.04497992324208,1602900
2014-07-31,117.23704528808594,119.9002098596124,116.89932687688186,119.28266551863658,1986300
2014-08-01,117.12125396728516,118.10547033032556,116.27213233159343,116.8414280351152,1391300
2014-08-04,117.12125396728516,117.44932854220173,115.64493678443384,117.15985140914059,1132700
2014-08-05,115.90547180175781,117.30459415069484,115.54845097317016,116.59055985522909,1280800
2014-08-06,115.94405364990234,116.74492656362995,114.94054234605014,115.27826072674353,1054400
2014-08-07,115.33617401123047,116.59056520778287,114.78617330295654,116.36863173945379,1098300
2014-08-08,116.90898895263672,116.9765326411605,114.73793235645988,115.28793306635629,1229000
2014-08-11,116.67738342285156,117.98001567533653,116.54229606995438,117.43966626374777,886600
2014-08-12,115.8186264038086,117.3624873336219,115.66424399168207,116.67739927607067,1689900
2014-08-13,117.0923080444336,117.18879796847968,116.35897137060657,116.38792497335878,1178700
2014-08-14,117.50723266601562,117.86425351726784,117.0633730832672,117.50723266601562,1047300
2014-08-15,117.28531646728516,118.57829787912094,115.94408640384508,117.6712762332769,1562100
2014-08-18,117.76776885986328,118.2116284624964,117.22741195785353,117.6230302725087,2285600
2014-08-19,118.0958480834961,118.52041268628892,117.50724983388281,117.86427073729597,1045100
2014-08-20,117.97039794921875,118.15372661918175,117.23706118423603,117.66162573686448,889200
2014-08-21,117.53614807128906,118.39492076763328,117.45896056189231,118.2501895864468,854600
2014-08-22,116.96688079833984,117.73880761127904,116.93793455508974,117.22740434930073,1113100
2014-08-25,117.5265121459961,118.182653871145,117.3045787170553,117.5940558223331,1068600
2014-08-26,116.47481536865234,117.73885086635634,116.40727165568447,117.68095835858749,1064500
2014-08-27,115.86688232421875,116.73530645230416,115.48091522710189,116.65811156053879,1172600
2014-08-28,115.85721588134766,116.04055188474514,114.54493234080678,115.3844101144747,1248300
2014-08-29,115.99229431152344,116.56159731742576,115.32650139189266,115.91509943585727,1109800
2014-09-02,118.41426086425781,118.50109960061542,116.33969405353791,116.64846627454898,2156000
2014-09-03,119.40808868408203,120.00633792002742,118.51071851101817,118.52036971077605,1614700
2014-09-04,119.53356170654297,120.84584553349396,119.3019843728783,119.6300590104714,1496600
2014-09-05,120.2572250366211,120.28617863946204,119.08003618091638,119.46599587828351,1390300
2014-09-08,120.59495544433594,120.85547898623187,119.71688016718262,120.62390168657886,1649900
2014-09-09,119.64934539794922,120.56601082526556,119.43706312340181,120.40197719919172,1398700
2014-09-10,119.27301788330078,120.29582434829662,119.12827931368396,120.1317907381953,1336700
2014-09-11,119.11843872070312,119.46623036370558,118.29725950377036,119.06046853310056,1420200
2014-09-12,119.09912109375,119.27301692726165,118.40353775970335,119.17640976878934,1700900
2014-09-15,118.1910171508789,119.07982231963315,117.55340390290505,118.87694504206624,1296000
2014-09-16,118.45181274414062,118.6740084110095,117.35047522225115,117.93978831018433,1334200
2014-09-17,119.40826416015625,119.88164437922765,118.31658930415182,118.49048513145507,1463400
2014-09-18,119.92029571533203,120.35503899429365,119.43725254136616,119.61114837882003,783600
2014-09-19,119.06045532226562,120.8187318242799,118.86724104010456,120.567554731601,1215500
2014-09-22,117.6789779663086,119.05082620868693,117.29254931616106,119.05082620868693,975000
2014-09-23,117.05103302001953,117.74660904414621,116.703241322629,117.24424735383454,1203600
2014-09-24,119.32132720947266,119.50487860401596,116.7032340841963,116.89644840602733,2027500
2014-09-25,116.88679504394531,119.51455131154677,116.86747655844289,118.84794931656793,1837500
2014-09-26,117.24420928955078,117.24420928955078,116.1718531325215,116.82879197312816,1004600
2014-09-29,117.86250305175781,118.09436164971643,116.29744093157026,116.40371099118711,1153500
2014-09-30,117.57268524169922,118.7513115614453,117.36980802823265,118.20064273327817,1670100
2014-10-01,115.51494598388672,118.15236499464936,115.22511712708942,118.15236499464936,2476700
2014-10-02,115.11885070800781,116.2781513566254,114.15276437727523,115.51494227086822,1875100
2014-10-03,117.27322387695312,117.40847537911499,115.40867688783132,115.40867688783132,1664500
2014-10-06,116.53898620605469,118.16201146385805,115.44731135463024,117.8915084826664,982400
2014-10-07,114.21073913574219,116.40375209262977,114.1817577220957,116.24918209629696,1532000
2014-10-08,117.50508880615234,117.57271456083839,113.97887926382451,114.38463379194076,1643700
2014-10-09,113.82427978515625,117.51472890388924,113.70834678365125,117.51472890388924,1751900
2014-10-10,112.52006530761719,115.02222512586694,112.47175804746092,113.97885759063034,2059800
2014-10-13,108.67506408691406,112.52009145018863,108.43354247132447,112.40415842126991,3051500
2014-10-14,107.9891586303711,109.59286591926157,107.37086379796064,108.74270499670534,3109300
2014-10-15,107.37084197998047,107.9408367891116,103.69005515206563,106.55933294133801,3177700
2014-10-16,105.97000122070312,107.8538664261577,104.55951620547634,104.90730046823847,4332400
2014-10-17,108.54943084716797,109.33195820116698,106.5206515849083,106.86844315794157,2354200
2014-10-20,110.45263671875,110.51059953198568,107.88284389572821,108.12436544508051,1869300
2014-10-21,114.21073913574219,114.2397205493887,111.12892105998644,111.12892105998644,2439200
2014-10-22,109.96959686279297,111.28347471966491,108.79097048789437,110.52992864276985,6596500
2014-10-23,112.28823852539062,113.37991363044226,111.11926735977173,111.66993637674895,2598000
2014-10-24,113.90155029296875,114.47153754218999,112.11429251930565,112.24954398083787,1865100
2014-10-27,113.99818420410156,114.12377277055214,113.14803090754016,113.83395130089997,1600500
2014-10-28,114.32666015625,114.72275911510883,113.84361695997586,114.40394883661088,1861100
2014-10-29,112.15294647216797,114.5971508160318,111.23516750545303,114.43291055586613,3192400
2014-10-30,112.63600158691406,112.91616750686896,111.69890403891092,111.9694070317905,1835400
2014-10-31,113.58277130126953,114.55852057362672,113.09006520147379,114.39428766391276,2206500
2014-11-03,114.38463592529297,115.02224914270265,112.85821758173421,112.85821758173421,1883900
2014-11-04,114.30733489990234,114.73241524605112,113.6214144863056,114.46191225146691,1469000
2014-11-05,114.5295639038086,115.13819577928021,113.92092465768151,114.96429990476611,2543300
2014-11-06,114.87732696533203,115.10918561656524,114.34597654515836,114.78071243755235,1260900
2014-11-07,112.64566802978516,114.8290252657711,112.19160626157108,114.8290252657711,2131600
2014-11-10,112.8871841430664,113.23497580522353,111.68923917933273,112.47176673385947,1306700
2014-11-11,114.28802490234375,114.61649074282685,112.38483350114944,112.73262519734,1948000
2014-11-12,114.49085998535156,114.6744113230266,113.64069954312413,113.9208653824353,1483400
2014-11-13,114.23004913330078,114.81936240250505,113.86293896996617,114.64546656289306,1207600
2014-11-14,114.72276306152344,114.82903315801174,113.84362087614835,113.93057248720899,1522300
2014-11-17,114.41360473632812,114.72275206812766,113.89191723191881,114.24937182864014,1308800
2014-11-18,116.41340637207031,116.78051653540987,114.29767488520515,114.41360790183269,2126300
2014-11-19,120.44198608398438,121.06994369916286,115.83375733815319,116.74187351470042,4289900
2014-11-20,120.35503387451172,122.04568491147369,118.85759715065541,119.51453613412963,2538600
2014-11-21,122.24859619140625,122.73163947932677,121.10861373708757,121.10861373708757,2497500
2014-11-24,123.08908081054688,123.53347970273741,121.61096231853652,121.61096231853652,2150900
2014-11-25,123.54312133789062,125.29174266542097,122.90550817161386,123.42719569165158,1855700
2014-11-26,124.29669189453125,124.37398058303243,123.14704660770484,123.56246409507996,1275500
2014-11-28,124.9052963256836,125.36902838230309,124.34497922122347,124.34497922122347,825600
2014-12-01,123.62039947509766,124.95359588774727,123.59141806600906,124.95359588774727,1444600
2014-12-02,124.43193817138672,124.63480807150853,122.45145799325367,123.84262484504096,1323900
2014-12-03,124.54784393310547,124.98257981951616,124.11310804669478,124.33530376796121,1178300
2014-12-04,124.03583526611328,124.8376887662043,123.42720347302554,124.3836269680647,1098800
2014-12-05,124.18070983886719,124.64444181433099,123.68801119890513,123.97783999824374,1113100
2014-12-08,124.13243103027344,124.66376668954243,123.37887754291516,123.74598767471534,1380600
2014-12-09,123.9391860961914,124.00681920273537,121.76549962234837,122.799211511349,1106400
2014-12-10,123.01179504394531,124.67346499284864,122.87654352444434,123.87161143391076,1783400
2014-12-11,122.56682586669922,124.7140678207762,122.2863295648351,123.16650099954721,1388700
2014-12-12,120.8935546875,122.60554854274505,120.87421341777096,121.72536949345063,1108800
2014-12-15,119.67485046386719,122.00586078479675,118.86237696151136,121.30945703401952,1635700
2014-12-16,117.5663070678711,121.27077652961853,117.5179428227893,119.37501471610597,1530900
2014-12-17,120.68073272705078,120.77746118881365,117.17938083986364,118.29169173602655,1886600
2014-12-18,123.34060668945312,123.35995533411017,121.09664356671317,121.73501601217117,1736500
2014-12-19,124.24012756347656,125.05259353974618,122.90535886845682,122.99241301125474,3121000
2014-12-22,124.70442199707031,125.15901932814354,123.58244384616508,124.42393299385472,1153900
2014-12-23,122.50882720947266,125.23639637643265,122.47980423591142,125.12033399957753,1336100
2014-12-24,122.63455200195312,123.75653001890103,122.52815658060288,122.8279941974917,665500
2014-12-26,123.48567962646484,124.05633913775534,122.66353941526656,122.84731462435437,634300
2014-12-29,122.7022705078125,123.3212944543335,121.88979696591147,123.00210815646712,825500
2014-12-30,122.4604721069336,123.08917041943364,122.36375099255237,122.56686754655736,631800
2014-12-31,121.18370819091797,123.65012928512957,121.15469260076846,123.06012840028127,1045900
2015-01-02,123.92094421386719,124.27882773640404,122.02519022525492,122.1606012244415,2034700
2015-01-05,122.2186508178711,124.90753732024389,122.0155342884847,123.1375123621448,2430300
2015-01-06,121.07732391357422,123.9886755890851,120.45830000227814,122.21865063365394,2519300
2015-01-07,124.70442199707031,124.74311929601434,121.81242614555221,122.41210145092742,2098300
2015-01-08,126.00054168701172,126.76464377281229,125.2170909477724,125.2170909477724,2515800
2015-01-09,125.49749755859375,126.8225916539658,125.09126465545828,126.47438991432274,1912400
2015-01-12,124.28851318359375,126.33902712189501,124.09507097862661,125.84574728542466,1810400
2015-01-13,124.13378143310547,126.03921783587647,122.9440975842451,125.31379833508642,2090800
2015-01-14,122.06388854980469,123.19554830277403,120.99026736067157,122.78930787330832,2851500
2015-01-15,120.0617446899414,122.4024369056617,120.04240341943776,122.16063043795343,2722700
2015-01-16,121.18370819091797,121.39649902447624,119.24925680125564,119.65548982204159,2034100
2015-01-20,121.1353759765625,122.35408274043178,120.02306465759798,121.87046976517315,2270100
2015-01-21,121.25141143798828,122.21863711482013,120.77747292255764,120.92255087060538,1366700
2015-01-22,122.8376693725586,123.3889877509466,121.2707610121863,122.20897116368008,2953800
2015-01-23,120.77748107910156,122.90537476009754,120.67108565711709,122.61520408571319,1993800
2015-01-26,121.5222396850586,121.64797637293667,119.22991205672754,120.47763412941305,2032800
2015-01-27,120.78715515136719,121.72536535731653,120.05206885708184,120.09075877457273,1894300
2015-01-28,120.26485443115234,121.75438307346016,119.93600119576682,121.5802821313892,2401800
2015-01-29,123.76620483398438,124.51096540704695,117.5566173527673,119.31696790480741,4903000
2015-01-30,121.10633850097656,123.43735616271383,120.91289629755765,122.65389826636901,3513100
2015-02-02,121.76406860351562,121.78341725405267,119.16222855738765,121.37717676560341,1835600
2015-02-03,123.15687561035156,123.29228664599526,121.27078067786057,122.28637082453633,1797000
2015-02-04,122.2089614868164,123.83390090171571,121.89944956870922,122.69257432006802,1531100
2015-02-05,122.87635803222656,123.31160666043134,121.74470569541677,122.60553600762388,1472800
2015-02-06,120.70977020263672,123.06979589054805,120.2454986201439,122.83766378897487,1573400
2015-02-09,119.35564422607422,120.66139735079479,118.90104699924761,119.80056713038329,1357200
2015-02-10,120.93221282958984,121.05795687750364,119.57809554459973,120.01335148228166,1232300
2015-02-11,121.30945587158203,122.05422385655046,120.76781179476652,121.16437052833585,1313700
2015-02-12,122.67323303222656,122.91503944881015,121.483542215723,122.60552753075702,1370700
2015-02-13,123.42768096923828,123.52440207026638,121.54159367147598,122.65389740231954,1543600
2015-02-17,123.83393096923828,123.96934200507954,122.05423885283997,122.85703074265659,1381400
2015-02-18,123.80487823486328,124.63669285085143,122.69256730610277,123.80487823486328,1402100
2015-02-19,123.60179138183594,123.91130335647048,122.92472886402145,123.52441154334042,1266300
2015-02-20,126.87102508544922,126.91938933430545,122.98278004416319,123.23426085538863,2170700
2015-02-23,126.687255859375,127.03545780563259,126.17462726609263,126.70660451158302,2086200
2015-02-24,127.52874755859375,127.63514300356476,126.00052878478121,126.53250600963634,1385700
2015-02-25,126.77433776855469,127.67385099823,126.49383392194432,127.52877298012098,1285800
2015-02-26,125.87474822998047,126.85164084453314,125.5458950439361,126.47442342320166,1558400
2015-02-27,125.7393569946289,126.2133029610465,125.5265661328655,125.55558172686098,1070400
2015-03-02,127.0450439453125,127.25783468344329,125.39108225505703,125.73928393939049,1345500
2015-03-03,125.47817993164062,126.47442117433226,124.7334268044932,126.10688546180893,1460400
2015-03-04,124.66572570800781,125.4104936642432,124.53031469402806,125.4104936642432,1395500
2015-03-05,127.1515121459961,127.25790757600414,125.34278983585915,126.04887530713746,1544700
2015-03-06,124.2981948852539,126.57118164988087,124.0370545189575,126.46478621071331,1972900
2015-03-09,123.9016342163086,124.44327831748717,123.48571943659978,124.37556542549243,991300
2015-03-10,122.86669921875,124.25950681178102,122.04455871760993,123.27293230693483,1735000
2015-03-11,123.74685668945312,124.3271832461246,123.07946860439212,123.32127502601175,1153300
2015-03-12,124.53125,125.20909985088272,123.94054171850324,124.44408626658623,1251800
2015-03-13,123.3885726928711,125.44149354818919,122.60420254630213,124.33756245745914,1209600
2015-03-16,128.76300048828125,128.7920501445781,125.29626533532729,125.29626533532729,2313300
2015-03-17,128.16259765625,128.6177285559026,126.29365304737526,128.35626692128952,1544000
2015-03-18,129.65383911132812,130.36073842450884,126.96179701629686,127.97857890709979,1907000
2015-03-19,130.49635314941406,130.73844345527036,129.5376849948757,129.54736328774285,1638800
2015-03-20,132.3071746826172,132.54926494455506,130.58349319970083,131.58090389680353,2666300
2015-03-23,133.50796508789062,134.1180374232689,131.32915220556316,132.04574487289602,1830300
2015-03-24,131.3581085205078,134.63117205293335,131.29033096252795,133.02368992242768,5124400
2015-03-25,129.4795684814453,132.5879993210463,129.3730481699813,131.3581765934196,1805500
2015-03-26,128.8597869873047,129.73130585262112,128.0269960550186,128.47243377693084,1200800
2015-03-27,129.46018981933594,130.26393125576706,128.9663162322181,129.02443030648016,1104700
2015-03-30,131.28070068359375,131.50341956413016,130.03150678733502,130.331696316757,1306400
2015-03-31,130.08963012695312,131.92952513205393,129.93468880054118,130.29299246487105,1431700
2015-04-01,127.8237075805664,130.45765182794474,127.13616447016035,130.40923080168696,1801400
2015-04-02,128.89857482910156,129.45053309340096,127.72685114015286,128.07546180350758,841100
2015-04-06,129.2761993408203,129.905628108852,128.08511939429076,128.26911035676622,980200
2015-04-07,128.8114013671875,130.72875226309446,128.8114013671875,129.7216631915527,945600
2015-04-08,128.61773681640625,129.91533722912914,127.93019388893798,128.79203473333078,1268600
2015-04-09,129.34397888183594,129.6441684114722,128.24003321643994,128.70485711008521,750600
2015-04-10,129.49888610839844,130.19610706896518,128.71451622176414,129.20837491216008,820000
2015-04-13,128.5208740234375,129.99278689127408,128.5208740234375,129.072832113866,810600
2015-04-14,128.4821319580078,128.9566341731737,127.90112421651564,128.52087467305049,1073500
2015-04-15,129.3923797607422,129.7409902785607,128.77262937084427,128.94694201776093,944000
2015-04-16,128.29818725585938,129.30527645381392,128.12387454743222,129.0438147791832,1547400
2015-04-17,127.9205093383789,128.1044855385701,126.72941452692524,127.63967634015923,2040300
2015-04-20,129.7894744873047,130.28333347138664,128.9566831100542,129.0147824286495,1378600
2015-04-21,130.18650817871094,130.90308615364526,129.33434542362986,130.03156680941942,1758200
2015-04-22,126.55508422851562,128.41433532232756,124.71518971333734,125.09284986089266,3480900
2015-04-23,125.45121002197266,126.17748100074591,124.60872563890146,126.15810963735944,2254300
2015-04-24,125.90630340576172,126.53573215559594,125.25750329832779,125.98377406014411,1533600
2015-04-27,123.2433090209961,126.56478775677729,122.98185478516872,126.56478775677729,2925100
2015-04-28,123.59194946289062,123.94056012024915,122.34276250535765,123.7468908163879,2446400
2015-04-29,123.10772705078125,123.99862475513177,122.53639762660755,123.33045332387086,1642000
2015-04-30,121.70361328125,123.32077441142343,121.28721774715659,122.69133827086249,1966700
2015-05-01,123.62097930908203,123.69844258077714,122.1878016565957,122.49767690740237,2293400
2015-05-04,123.73719787597656,124.89922840699633,123.68878424685653,124.1826505471444,1181500
2015-05-05,122.6429443359375,123.48541383016772,122.15876374826148,122.15876374826148,1348300
2015-05-06,123.62097930908203,123.67907860985555,122.37179262639016,123.16584841833281,1843900
2015-05-07,123.70813751220703,124.43440837822781,123.1561719495516,123.76623681732572,2313800
2015-05-08,125.86753845214844,126.09995037423279,124.87982102932109,124.87982102932109,2122000
2015-05-11,125.76106262207031,126.12904460144094,125.39309541871879,125.58676470090681,962300
2015-05-12,125.50927734375,126.1193495387386,124.05673575645686,125.88693756540553,1465200
2015-05-13,125.74169158935547,126.0612377414394,124.96699977359629,125.26718934289885,2084700
2015-05-14,126.95211791992188,127.17483678616328,125.6545031043938,126.48729405644265,1304400
2015-05-15,126.0418930053711,126.98120451916243,125.58676207493534,126.9715114508433,1518000
2015-05-18,125.85786437988281,126.35172310784301,125.63514551543186,126.12900424339206,1250000
2015-05-19,126.41950988769531,127.07798816260893,125.49957005020661,125.7707099017609,1232200
2015-05-20,127.84298706054688,128.7532485062712,126.41949561261833,126.4582235401757,1858500
2015-05-21,128.63706970214844,129.25682014151258,127.66870871714096,128.00764097229998,2328700
2015-05-22,127.96894073486328,129.0825651028751,127.96894073486328,128.66616205757754,1321000
2015-05-26,125.6932601928711,127.42661987366917,125.6932601928711,127.1554799769635,1557500
2015-05-27,126.84562683105469,126.99087508681863,125.81915164492385,126.38080286057426,1370900
2015-05-28,126.01285552978516,126.74880476823782,125.44151115643906,126.5648137646196,928700
2015-05-29,125.52860260009766,126.11930321969464,125.16062080480427,126.11930321969464,1655200
2015-06-01,125.36405944824219,125.8288687314296,124.44410439940576,125.73202669175608,1209200
2015-06-02,125.47053527832031,125.91597304037651,124.27944067209226,125.01540445012236,847500
2015-06-03,125.86753845214844,126.1290000174916,125.09284682121442,125.95470215793874,1137200
2015-06-04,125.40276336669922,125.712646013453,124.83143385976705,124.94763246429078,1252200
2015-06-05,125.47053527832031,125.78040309853131,124.36658961127516,124.96698344746005,919300
2015-06-08,124.21168518066406,125.44149316612291,124.11484315811573,125.1606749423617,1767300
2015-06-09,124.50218200683594,124.92824843889845,123.41760762917615,123.94052346054345,2007400
2015-06-10,126.06121826171875,126.35172949473912,124.52152793553046,124.52152793553046,1185700
2015-06-11,126.53629302978516,126.76895831960363,126.31330240295887,126.41994559181323,762800
2015-06-12,126.05158233642578,126.53632152345227,125.28568613680697,125.90615170447823,1723900
2015-06-15,125.58619689941406,125.75102120787169,124.2870996888475,124.9463525434889,2271300
2015-06-16,124.86880493164062,126.33271180318144,124.3549826287061,125.70255684088498,1430000
2015-06-17,124.71369171142578,125.35355095921231,123.5115406539109,125.06270450175795,1322100
2015-06-18,125.7219009399414,126.46840314793964,124.89785350921906,125.06266299536352,2039800
2015-06-19,126.00308227539062,126.32301185513114,125.58619895885725,125.58619895885725,1948600
2015-06-22,126.11942291259766,126.91440218407028,126.0127797125968,126.4781399269992,1130400
2015-06-23,125.59588623046875,126.6913863842106,125.0529808811699,126.0224589457925,836600
2015-06-24,126.2939224243164,127.45729324277238,124.94634839093459,125.20809683976996,2000900
2015-06-25,127.51547241210938,127.95173466385162,125.48926642990686,126.23576882079455,1993600
2015-06-26,128.17469787597656,130.0263896852965,127.94201782142171,128.78545898045908,2203600
2015-06-29,125.49893188476562,128.14560284601032,125.35351609301748,126.92406581614227,1862200
2015-06-30,125.7994384765625,127.25365522828179,125.45042586442756,126.84647631296733,1312100
2015-07-01,126.8271484375,126.89500422082601,125.8673596696835,126.68171782797789,1161000
2015-07-02,126.95315551757812,127.44759882112753,126.4102501429891,127.13735872532696,1093200
2015-07-06,126.41028594970703,126.91441885165162,125.72194978783656,125.78013091707592,1465400
2015-07-07,126.95315551757812,127.01132183727523,124.78153401922204,126.86590603803245,1473800
2015-07-08,124.28711700439453,126.61387383585932,124.19986750639418,125.97401459772662,1515500
2015-07-09,123.91871643066406,126.03217942769753,123.87023955688659,125.66377293866655,1240600
2015-07-10,126.64295959472656,127.00166184478205,124.7621692585317,125.78012446857242,2163300
2015-07-13,130.19122314453125,130.2784874267176,126.75927676813174,127.36034852839529,1732500
2015-07-14,132.42100524902344,132.83788850905367,130.07487010864466,130.6080860026083,2763100
2015-07-15,131.12196350097656,133.27420689493707,130.6469137236018,133.1578742119341,2362800
2015-07-16,132.48890686035156,132.58584581365804,131.56790544208383,131.64545068750311,1363500
2015-07-17,131.60665893554688,132.6052202471561,130.92802718878272,132.10108746681877,1477600
2015-07-20,132.0138702392578,132.32411042390268,131.28676144869587,131.67456167950198,1055400
2015-07-21,132.30471801757812,132.857313011455,131.56791976138683,132.17868109219114,1864400
2015-07-22,135.7851104736328,136.93879186579935,133.865547834138,135.94023053156812,3412200
2015-07-23,136.3086700439453,136.63828915223726,135.2907147572164,136.21171628594578,2030000
2015-07-24,133.72979736328125,136.42494501331453,133.40017839441336,135.37790700068098,1345500
2015-07-27,132.83787536621094,133.39047011578282,132.13014579830792,133.28382694754126,1388300
2015-07-28,134.41812133789062,134.87377718999687,133.2547506743885,134.49568135453217,1256900
2015-07-29,135.3585205078125,135.49424684299038,134.088506630135,134.088506630135,1099600
2015-07-30,134.87376403808594,135.33912409255672,133.2741313808877,134.689560865657,947300
2015-07-31,135.27127075195312,135.96929612943146,134.6508053934236,134.88348545027006,1190000
2015-08-03,134.21458435058594,135.51368178160064,133.47777134136257,135.2422290286443,1448000
2015-08-04,133.5650177001953,134.7477823048564,133.31294389696563,134.44723163230844,857700
2015-08-05,134.45697021484375,135.16468534979842,133.82680033892282,134.72842300066384,1117100
2015-08-06,132.740966796875,134.8738160940208,131.85873799529375,134.1467073704667,1063800
2015-08-07,131.86846923828125,132.89611407769826,130.23973767173763,132.74099396791925,1070400
2015-08-10,132.99298095703125,133.31291046261862,132.3046598817559,132.8572546328178,761300
2015-08-11,130.472412109375,132.3047257956405,129.76469698004158,131.577616955169,1546800
2015-08-12,130.59841918945312,130.93772769493896,126.58477989922712,129.4835103464069,2205700
2015-08-13,129.63865661621094,131.00562475045513,129.2993332490779,130.83111094096571,828300
2015-08-14,130.89894104003906,131.11222741173435,129.42533014279772,129.5125796240197,904100
2015-08-17,132.1496124267578,132.23686194172433,129.9198089104053,130.49181247012217,892200
2015-08-18,131.18980407714844,132.53737825484137,131.07345662769944,131.9944580078958,879900
2015-08-19,129.6483154296875,130.92803375323015,129.42533958594174,130.34634091651742,1299300
2015-08-20,128.30075073242188,129.6192417716626,128.2135012384363,129.50290911301514,2282000
2015-08-21,124.0544204711914,128.0098856152529,124.00595100267105,127.01132432605378,2046100
2015-08-24,117.95639038085938,122.27057206127222,114.37902147234159,117.20989555067638,3978700
2015-08-25,116.38585662841797,121.06843054245735,116.26951658590508,120.7291146641257,2863500
2015-08-26,121.43681335449219,121.6307059910957,117.52012144355561,118.81921838116504,3074100
2015-08-27,124.00595092773438,124.19015413898136,121.73736826156231,122.86196644060324,2159500
2015-08-28,122.65838623046875,124.00596781700509,121.80524802421345,123.6375613443352,1818100
2015-08-31,121.54350280761719,123.35642257946672,121.07814994741942,122.6487075294875,2601400
2015-09-01,117.7431411743164,120.44798662452588,117.09359246311898,119.24583555661036,3550300
2015-09-02,119.03251647949219,119.34274916662608,116.99661400789292,119.34274916662608,2923500
2015-09-03,119.02284240722656,120.45767348266116,118.6447464785609,119.4978920788585,2383800
2015-09-04,117.47167205810547,118.26664388854019,116.51189070836237,116.99662980976235,2158800
2015-09-08,119.91474151611328,120.01168784111572,118.4605244514853,119.84687834895853,1729600
2015-09-09,117.90794372558594,121.13630057535511,117.70435418706224,121.01027106956381,2199800
2015-09-10,118.30545043945312,118.88713601229543,117.36505518836695,117.52987214117451,1883600
2015-09-11,119.29552459716797,119.35376251529756,117.38330062513364,117.86863635790843,1411100
2015-09-14,118.57720947265625,119.71289311544157,118.01421834173156,119.71289311544157,1268700
2015-09-15,121.4212646484375,121.79983325392413,118.5674961730588,119.26638066682796,2125000
2015-09-16,122.57638549804688,122.92582780102875,120.75152589796895,121.32421847996771,2137200
2015-09-17,124.46918487548828,126.92498224184062,122.31430066784851,122.71227207621253,3074900
2015-09-18,122.09103393554688,123.76058974286185,121.78041941829996,123.62469635441848,2701200
2015-09-21,122.62490844726562,123.49851410794544,121.59599182218301,122.42106836071274,1866300
2015-09-22,121.57658386230469,121.74159621075353,120.5670847922569,121.3339160302442,2078600
2015-09-23,120.96504974365234,121.9357209607734,120.70296436787481,121.14947223907444,1339400
2015-09-24,120.36324310302734,120.59620214513298,119.09166604972579,120.17881318330839,1491500
2015-09-25,119.05284881591797,121.68336742399906,118.63545981725505,121.00390040554088,1996800
2015-09-28,114.66539001464844,118.34423487403274,113.6655998302017,117.60653006948266,3655700
2015-09-29,116.3252182006836,117.75210586739739,114.66537154929182,114.82068247616554,2181800
2015-09-30,118.69368743896484,118.82958083087246,116.93677472527753,116.93677472527753,1944200
2015-10-01,118.51895904541016,119.45080256382234,117.451222143415,119.10136031871352,2043100
2015-10-02,120.83889770507812,120.86801666631949,116.40292907216501,116.51941232276658,1383300
2015-10-05,122.83843994140625,123.04227999912,120.75149543771792,120.75149543771792,2176400
2015-10-06,120.45060729980469,122.27547422336198,118.81988650015158,121.67365530517938,2445200
2015-10-07,121.5280532836914,121.88720435875351,120.31471406398349,121.03301621410769,2002000
2015-10-08,122.15898132324219,122.15898132324219,120.48942550644944,121.07183420952359,1504000
2015-10-09,122.80933380126953,122.97435355617334,121.90660916529102,122.07162892019483,1283000
2015-10-12,122.20751953125,122.78992083670036,121.6348196068525,122.44047857230326,916900
2015-10-13,121.79984283447266,122.98405564691389,121.16890498321187,121.40186403091438,898500
2015-10-14,120.3341293334961,122.42107423254252,119.89732277938792,121.50864078699787,1326800
2015-10-15,121.7901382446289,121.85808494445182,119.91674220021451,120.65445451660246,2245400
2015-10-16,122.69287872314453,122.74140785462144,121.62514155738705,122.16871522599759,1982400
2015-10-19,125.2457275390625,125.28456268874805,122.28518426014563,122.56667244465126,2007500
2015-10-20,124.84773254394531,125.77958346917728,124.28474143659425,124.91568664145726,2077900
2015-10-21,123.38202667236328,126.17756469109861,120.54766831948697,124.95450940226777,4230500
2015-10-22,120.36324310302734,124.2847487000709,120.04291979161057,124.01296932230969,3278400
2015-10-23,122.76078796386719,123.54702926680076,120.46029455168468,120.83885572758852,3333600
2015-10-26,123.30437469482422,123.52763235346342,122.49871573428554,123.06170686856325,1926400
2015-10-27,123.0714111328125,124.19738595435851,122.69284993020672,122.88698122182822,1711600
2015-10-28,125.4592514038086,125.5174893054506,122.38222550649856,123.1684668011994,1483300
2015-10-29,127.52686309814453,127.65304035778006,125.11958642147319,125.43990988598048,1783400
2015-10-30,126.94439697265625,128.52659600035554,126.94439697265625,127.56562603933406,2435600
2015-11-02,130.5940704345703,130.8076192404714,127.16760297342648,127.42968829180768,1618600
2015-11-03,130.32232666015625,130.73972303143853,128.7207248996709,130.1476129312025,1460200
2015-11-04,131.28334045410156,131.36099596333116,129.4584730153907,130.41944327942386,1622500
2015-11-05,130.9921417236328,131.74926445762668,129.81763727196716,130.79801034770932,1756900
2015-11-06,130.3611297607422,130.47760555141144,129.2060287990544,130.04080652513642,1242200
2015-11-09,130.3611297607422,130.74939227048324,129.07013543951848,130.41936765607682,1819600
2015-11-10,132.0404052734375,132.46750298133975,129.50695278907867,130.37084958505642,1942900
2015-11-11,130.90469360351562,132.64218820245588,130.84645571244988,132.39952044883907,1818400
2015-11-12,128.5557098388672,130.97267190600053,128.5362922656369,129.885524785403,1296900
2015-11-13,128.44894409179688,129.76905774664957,128.0412638939957,128.77896880269262,1348400
2015-11-16,131.5647735595703,131.63272765588567,128.62364088264584,128.69159497896123,1369200
2015-11-17,131.46778869628906,132.78790291399127,130.9824528046526,131.04069074184483,1696700
2015-11-18,133.69053649902344,133.904085341967,131.56476426052745,131.7006576322855,1504500
2015-11-19,133.37025451660156,134.51565455703982,133.13730284220625,133.73911441608917,1562200
2015-11-20,133.7973175048828,134.3408910186651,133.38963736954608,134.23411659193877,2780100
2015-11-23,133.56439208984375,134.53506350092903,133.04993742687017,133.75852340980674,1819000
2015-11-24,133.913818359375,134.05941312910042,132.20542740116448,132.58398861371913,1263000
2015-11-25,134.59336853027344,134.87485686289236,133.58386146504643,133.75859010803012,1085500
2015-11-27,135.85520935058594,136.17551795809894,134.57391567543868,134.57391567543868,643700
2015-11-30,134.34091186523438,136.53463864361476,134.3020915273405,136.17548016456547,2609600
2015-12-01,134.29237365722656,135.57365200818396,133.1372724973844,134.78741066375838,2719200
2015-12-02,132.7587127685547,134.79711353380043,132.52574633341172,134.45738747856018,1534000
2015-12-03,128.68190002441406,133.58377818988808,127.91506141100548,132.7295975263526,2367600
2015-12-04,133.04991149902344,133.12755216286232,129.46813232030783,129.66226360243985,1877900
2015-12-07,131.5550994873047,132.9528687350537,130.98240689062916,132.83639290149821,1341000
2015-12-08,132.05982971191406,132.96254688679187,130.61352418245218,130.99208538663774,1548700
2015-12-09,130.44854736328125,132.97229928589198,130.07968743933617,131.44833786224288,1525000
2015-12-10,131.16683959960938,132.1083921040863,130.05055852984515,130.47765634357955,1056700
2015-12-11,130.40884399414062,131.23483740597496,129.30104961307654,129.46624532989782,1542400
2015-12-14,131.58470153808594,131.74018513275593,129.64120108790604,130.0687735593827,1452500
2015-12-15,133.6059112548828,134.25698196784086,132.45923855805106,132.45923855805106,1726800
2015-12-16,136.4822998046875,136.7641156397461,134.3833160111893,134.7622979604823,1699000
2015-12-17,134.25701904296875,136.55035024220845,134.19871639999582,136.3171248425845,1863400
2015-12-18,130.7100830078125,133.55731812774087,130.7100830078125,133.38239542288153,2716600
2015-12-21,133.6642303466797,133.75168429776136,131.74988144733274,131.92478934949605,1325900
2015-12-22,135.58824157714844,135.75343725549922,133.3240628778857,134.19864655046123,1250700
2015-12-23,137.03623962402344,137.4540851606119,135.6952193852349,136.04505010719132,1534800
2015-12-24,137.32769775390625,137.74554307767988,136.77379321469803,136.95842806110076,370700
2015-12-28,136.7251739501953,137.22077576564544,136.55997828761963,136.9875505096852,835700
2015-12-29,138.98944091796875,139.44616473432765,137.39577105697145,137.58040598201856,1416200
2015-12-30,138.82421875,139.5918947985551,138.4841002866744,138.9991266492671,1057500
2015-12-31,137.84274291992188,139.1643235081301,137.83301593021184,137.95934817461642,1145000
2016-01-04,134.83035278320312,136.1907972585712,133.4407569853438,135.51057502088716,3287500
2016-01-05,134.5970916748047,136.95845196439535,134.4610472633525,135.0732545287517,3184400
2016-01-06,133.5670166015625,134.53876647109402,132.69244765007466,132.69244765007466,2300800
2016-01-07,130.51576232910156,131.4389220205911,129.37881641502744,131.186272315596,2470900
2016-01-08,130.37001037597656,133.13948954902594,130.0396188666693,131.76933303625603,2148100
2016-01-11,131.0696563720703,133.41156281074748,129.62174340564368,130.5449030219916,2407000
2016-01-12,133.10060119628906,134.00432159602227,131.71099095966446,132.43980347340874,3088000
2016-01-13,129.9910125732422,134.1112234296646,129.24276085861226,133.53789444014987,2521200
2016-01-14,131.9539337158203,133.4795884226202,129.67032997850794,129.8646770243621,2871200
2016-01-15,129.009521484375,131.38059379840948,126.95912844176925,130.78782571990087,3332600
2016-01-19,131.09877014160156,131.81785550969875,129.1455435379909,130.76837876557178,3007200
2016-01-20,129.2913360595703,130.855854099364,125.88048418605884,128.91235416559434,2917500
2016-01-21,127.96003723144531,129.83552250560285,127.04660465569381,129.69947809408848,2193500
2016-01-22,131.4875030517578,131.57495700169906,129.1650209165851,129.81609170125287,1930000
2016-01-25,130.923828125,132.40089176656193,130.48654374159085,130.923828125,1320500
2016-01-26,130.31170654296875,131.24457842279054,128.3390548414758,130.78785464680632,1721600
2016-01-27,131.9927978515625,133.33381753113076,129.57313513141267,130.26308412201408,3308900
2016-01-28,124.54918670654297,129.24274064617885,123.58715635205097,127.16319638979301,4609900
2016-01-29,128.329345703125,128.329345703125,124.96709787806675,125.42382171759084,3189500
2016-02-01,126.99800109863281,128.36817206262776,125.97766070357855,127.551890849948,1772100
2016-02-02,123.30536651611328,126.19146542724606,122.95553589574175,125.65699992004936,1838100
2016-02-03,122.48907470703125,124.32568137763825,119.70986947147357,124.32568137763825,2984400
2016-02-04,124.18965911865234,124.97677428521426,122.39191559848994,122.79033667688492,2319000
2016-02-05,119.70015716552734,123.6551791003149,117.87326995861575,123.41224161681721,4172100
2016-02-08,118.49519348144531,119.35033078437434,116.3670586788897,118.31055861507159,2958400
2016-02-09,120.93429565429688,121.9254848972001,117.3193915495543,117.61091212804097,2855100
2016-02-10,121.915771484375,125.35576786426756,121.68255352702141,122.50853966195866,1584400
2016-02-11,119.8167724609375,120.77880284085806,118.79643204226821,119.38920010814446,1441900
2016-02-12,122.90695190429688,122.97497411252529,120.4581375803447,121.002315246172,1574400
2016-02-16,123.82039642333984,124.7921465269552,122.8486463197245,124.11192441997042,2466400
2016-02-17,127.00773620605469,127.89203236337978,123.9564414586985,124.54920961794906,1832400
2016-02-18,126.0262451171875,127.65877780873974,125.63753626606086,126.58013484191896,1292900
2016-02-19,126.48300170898438,127.0660428960139,124.68525801991657,125.86108221284796,1303300
2016-02-22,127.7268295288086,128.26129502429967,126.63847421270248,127.29925713241573,937100
2016-02-23,126.07488250732422,127.90176289061688,125.20029838752785,127.32843380298068,1244200
2016-02-24,126.10401916503906,126.39554717107201,124.04390620994032,124.75328707055907,924600
2016-02-25,126.88143157958984,127.2895648869907,125.43351843392641,126.32752684457563,1077700
2016-02-26,127.0174331665039,127.88228996542033,126.58986084744834,127.24093148683698,897200
2016-02-29,125.5403823852539,127.33811095300068,125.4820797588455,126.56072283058477,2237200
2016-03-01,131.4583282470703,131.90533973533965,126.03596190359649,126.17200629955201,2598200
2016-03-02,134.21812438964844,134.66513597757614,130.91417984971991,131.03078512147047,3278200
2016-03-03,134.75250244140625,135.11204501435253,132.60494433310456,133.85849467372853,2122100
2016-03-04,136.3365478515625,137.00705782179946,134.54853114941758,134.8594834843543,2355700
2016-03-07,137.55120849609375,137.6192232822289,133.4115442160964,134.80115435610625,3182900
2016-03-08,135.15101623535156,137.04592611269612,134.85948821705293,136.27824999798304,2202500
2016-03-09,134.2472381591797,136.30735795952447,133.5864553671044,135.7048629592912,2588800
2016-03-10,134.06265258789062,136.20049987850666,132.8382379514324,135.01496355023477,2398700
2016-03-11,136.40711975097656,137.02971618960387,135.02573436664318,135.10356077695533,2036100
2016-03-14,135.96929931640625,136.74754823300822,135.0840409882232,135.81364656431316,1124300
2016-03-15,134.50039672851562,134.99653819052463,133.30384732954826,134.82142507338364,1524200
2016-03-16,135.29808044433594,135.6385541921154,133.7221369096866,134.52955414109076,1261600
2016-03-17,134.49063110351562,135.5412649396928,132.8660444294963,135.03540090511925,2386200
2016-03-18,136.1930389404297,136.94210481088376,134.01394497359203,135.07431634382144,3271800
2016-03-21,135.8331298828125,136.3681621875022,135.10352418310913,135.7066601448268,1280900
2016-03-22,135.07435607910156,136.17361869438184,134.61713526921886,135.36618651616064,1617100
2016-03-23,135.04518127441406,135.9498853722278,134.65604926148194,135.22027954733215,1076600
2016-03-24,135.23971557617188,135.43427412577,133.66375718353558,134.39336287742796,992800
2016-03-28,134.7630615234375,136.07635797321905,134.36420676830457,135.7942354024689,827700
2016-03-29,136.3389892578125,136.46545900517708,133.95561343080547,134.6268530993297,1208200
2016-03-30,136.9616241455078,138.17763407764798,136.5336011182463,137.20482613193585,894300
2016-03-31,137.73983764648438,138.34298850978652,136.32926946084675,136.9226827471468,1165300
2016-04-01,138.79042053222656,139.10172600409683,136.37786250067964,136.39732280363702,1045500
2016-04-04,140.1329803466797,140.98904120107792,138.29437401753106,138.31381948785864,1852000
2016-04-05,137.53555297851562,139.4617080066464,137.12697553884345,139.4617080066464,1410400
2016-04-06,141.16416931152344,141.35872794252543,137.3799467896273,137.58422815682417,1714300
2016-04-07,138.18734741210938,140.5999065379062,137.58419649775868,140.5220801346394,1322700
2016-04-08,138.34300231933594,139.4228195597732,137.62311921108815,138.98504417926628,962000
2016-04-11,137.80792236328125,139.36440555128087,137.60362624460114,138.63479988206893,922600
2016-04-12,138.55697631835938,138.93638552418852,137.68145543501768,138.40133838709497,1139500
2016-04-13,141.105712890625,141.1543562282089,139.1017320706136,139.15036056433496,1039600
2016-04-14,140.6874237060547,141.8061612994469,140.5706915496144,141.38784633242705,706100
2016-04-15,141.3878631591797,141.51433290628486,140.15240810617934,140.68744044944913,834700
2016-04-18,142.4871826171875,142.61365240160785,140.823674479789,141.46573129379343,907600
2016-04-19,141.63104248046875,142.77896306644462,141.2030047990494,141.9034273970329,1312100
2016-04-20,142.4579620361328,142.8665394890784,141.05711657239505,141.85482601186087,1323100
2016-04-21,143.34326171875,143.75183928888075,141.80622332985527,142.14669721636167,1329200
2016-04-22,142.85684204101562,143.91719905971104,141.67973798376659,143.4599781720405,1014600
2016-04-25,142.57469177246094,143.23620871630115,142.32176711844784,142.7498048743679,1396700
2016-04-26,141.65049743652344,142.39956335071304,140.60958631022038,142.15636148126248,1794200
2016-04-27,143.13888549804688,143.73229862759044,141.21273093160357,141.65049130890475,1497800
2016-04-28,141.36842346191406,143.87825428968415,139.38388742207604,143.20702943901443,3063500
2016-04-29,140.32748413085938,140.64851239228386,137.29232943210383,139.98699556284,2205700
2016-05-02,142.51632690429688,142.7789891374682,141.03765505590115,141.06683809915717,1537100
2016-05-03,140.93067932128906,142.25369869282403,139.8216788807282,142.18560985689822,981700
2016-05-04,140.61935424804688,141.0862977819339,139.09203905306003,139.3352409750235,982500
2016-05-05,141.19326782226562,141.81586397500587,139.87997187258293,140.25936617122366,1224000
2016-05-06,142.9735107421875,143.5182805339423,140.92088644862775,141.05707889656645,1257400
2016-05-09,143.45022583007812,144.46193927755544,142.7887088943734,143.28483546325165,1191200
2016-05-10,144.78298950195312,144.84135559608166,143.08057581848067,144.32576863945383,1471500
2016-05-11,143.94630432128906,145.87245871204345,143.92684401806792,144.9482947011775,972200
2016-05-12,144.8704833984375,145.20123436828396,143.56692498043296,144.25760995606154,1203300
2016-05-13,143.8685302734375,145.28883604786654,143.39184915626686,144.33547381352523,1531100
2016-05-16,146.1546630859375,146.33948411662712,143.68372272687748,143.87828133656737,1473000
2016-05-17,144.7732391357422,146.8453093011709,144.0338958342423,146.10598084353745,1815800
2016-05-18,146.02816772460938,147.10798488964681,143.98526557112197,144.3938430330459,1715100
2016-05-19,144.38409423828125,145.49309424729097,142.9346056505259,145.4444509012037,1428000
2016-05-20,144.80245971679688,146.2227509172809,144.31605577397104,145.2888636596227,1420900
2016-05-23,144.79263305664062,145.37632336647414,143.8490088005978,144.80237062958327,994100
2016-05-24,146.58262634277344,146.95229794121576,144.74402076945742,145.18179601766096,1097600
2016-05-25,147.0496063232422,147.55545560810845,146.50483642023755,146.7383007536015,1311800
2016-05-26,147.08851623535156,147.72085012502282,146.41727657031402,146.82585400906143,914300
2016-05-27,147.99325561523438,148.03216139599806,146.2616589158048,147.3998422624724,1847600
2016-05-31,147.64300537109375,147.9834791057787,146.42699593893644,147.86674695032846,2177300
2016-06-01,148.89788818359375,149.2772824501415,146.53397348676438,147.17601504594077,1730000
2016-06-02,149.37461853027344,149.52053374110983,148.1683316931811,148.43099391655338,809600
2016-06-03,148.713134765625,149.11198955600378,147.17609654532907,148.55749678731755,831700
2016-06-06,149.02444458007812,149.71512987652943,147.89598385351846,148.6450500928226,1015000
2016-06-07,148.5380401611328,149.4330216450673,148.38238733509104,149.03416684478668,1415600
2016-06-08,149.9485321044922,150.10418485108391,147.8570021311691,148.80062649706989,1395000
2016-06-09,149.958251953125,150.60030838758095,148.84925213172957,149.42321976827435,1002600
2016-06-10,147.67225646972656,149.112008144677,147.30258468193813,148.8785288823045,1303100
2016-06-13,146.5718536376953,148.34410717917845,146.49395026047463,147.52614400618623,956800
2016-06-14,144.09848022460938,145.89022831443484,143.2610374315168,145.81232493152496,1755900
2016-06-15,143.5434112548828,144.7606235173551,143.39733686825727,144.49770150826762,1131800
2016-06-16,143.36813354492188,143.53367263950182,141.4205938083829,142.79361288869464,1335100
2016-06-17,142.40411376953125,143.51421084750407,142.00486454940128,143.2512888173515,1418500
2016-06-20,144.478271484375,145.286502486775,143.67978769288732,143.84532683431092,1264400
2016-06-21,145.00413513183594,146.1531769235601,144.49777042873544,145.04307940504896,1257900
2016-06-22,145.9194793701172,147.52619435531747,145.14046019058932,145.18915167528888,936000
2016-06-23,148.14935302734375,148.19804449439405,146.84450491827366,147.52614088132896,1136900
2016-06-24,141.5374298095703,144.93587650438602,140.82656724060664,142.7838538190199,3149400
2016-06-27,137.2333984375,140.85582401218372,136.53229771007665,140.06707269260033,2842400
2016-06-28,139.39520263671875,139.5120651682663,137.7884876988466,138.63566304515507,2075100
2016-06-29,141.35240173339844,141.82953933816205,139.33669148606933,140.68049831762207,1998800
2016-06-30,143.8842315673828,143.9037111253018,141.32322689662738,141.77115271892035,2419800
2016-07-01,145.315673828125,145.91942125253664,143.6018442026011,144.0595172310934,1433100
2016-07-05,143.3876190185547,144.8385415312159,142.79361878006114,144.3126974598677,1878200
2016-07-06,145.19883728027344,145.46175932615608,141.92696966651803,142.55991418816305,1869400
2016-07-07,145.1501922607422,145.80261655048852,144.55619180909926,144.93596161532636,1331900
2016-07-08,148.68492126464844,149.39576909710115,146.41603572363343,146.52315100182895,1153700
2016-07-11,148.34405517578125,149.6196909561652,148.02270942935294,149.0549176717642,959100
2016-07-12,150.33059692382812,150.71036657787292,148.45121335280209,149.21075266089164,1188000
2016-07-13,150.73956298828125,151.09985304753914,150.0481799155606,150.94404631867994,844200
2016-07-14,153.5927276611328,153.92382073147473,151.61597588210174,152.49237773858326,2033500
2016-07-15,152.9208221435547,154.21593792394538,152.63843540369575,154.21593792394538,1628200
2016-07-18,152.93055725097656,153.19347926972995,151.96651975457988,152.5410403975366,1098900
2016-07-19,152.53131103515625,152.8234449663199,151.47963779809655,152.17102093989885,679200
2016-07-20,153.55374145507812,153.95299058534923,152.4338974207967,152.6773398380041,686900
2016-07-21,152.1028594970703,153.65115011363906,151.63545409289952,153.39797528191113,1103200
2016-07-22,152.77479553222656,153.24220103554995,151.92762027147427,152.7066393493819,901900
2016-07-25,152.86244201660156,153.4272305162968,152.19053820043735,152.88192158101978,1119400
2016-07-26,154.72232055664062,154.956030714557,152.20025972731855,152.8818957813851,1508200
2016-07-27,154.73199462890625,155.31626237435987,153.34924348044845,155.20914711631156,1536800
2016-07-28,154.65415954589844,155.08260586752414,152.4534298219995,153.03769776924992,1654700
2016-07-29,154.67356872558594,155.79341274607341,154.22564300422758,154.77095163468775,1438600
2016-08-01,155.37472534179688,156.4653428924349,154.4107026349114,154.58597408759977,1794000
2016-08-02,152.3365478515625,155.59866772279636,151.80097149701731,155.34549292726035,1711300
2016-08-03,151.9080810546875,152.71631173050415,151.58673525404615,152.71631173050415,1039700
2016-08-04,152.3170623779297,153.55375411973458,152.15152330360104,152.51181335604886,893300
2016-08-05,153.37841796875,153.67055177021751,152.7065295414798,153.19341425774488,935600
2016-08-08,152.4145050048828,153.670661935618,152.06394716351784,153.31037174202595,833800
2016-08-09,152.57028198242188,153.12533803458842,152.1515679993923,152.43395477183648,584900
2016-08-10,151.91781616210938,153.24214364097926,151.51858184971098,152.6773553924931,687300
2016-08-11,153.3297882080078,153.41742391764765,151.75227114175593,152.14178794884455,781100
2016-08-12,151.4114532470703,152.726033403023,150.98299220949895,152.6578772517073,864700
2016-08-15,151.87893676757812,152.35608950675598,151.21676531609552,151.60628230477758,959100
2016-08-16,150.9051513671875,151.86918910109384,150.9051513671875,151.5380959794614,861300
2016-08-17,150.61302185058594,151.46019709559846,149.63925173593142,151.38230856195256,916400
2016-08-18,149.3275909423828,150.4182082626322,148.73359082505843,150.17476583518032,2155800
2016-08-19,149.55160522460938,149.77556817446077,148.49993179347203,148.86996916513655,1498000
2016-08-22,149.95082092285156,150.2234752855714,149.2594378083166,149.64893979547398,705900
2016-08-23,150.49615478515625,152.09313697291745,150.1261174345668,150.50588713596883,1064700
2016-08-24,147.29241943359375,150.4474390382302,146.82501407464525,150.31111185609737,1513700
2016-08-25,147.3800506591797,148.39276461368476,146.79578289330018,147.32161199575452,1358100
2016-08-26,148.3635711669922,149.03547472377136,147.47743705997766,147.9351100665215,1158300
2016-08-29,149.4833526611328,150.0676203126222,148.1785050791559,148.28562031997754,986700
2016-08-30,149.14260864257812,149.99951609208955,148.0714557575011,149.76582081429106,966500
2016-08-31,148.1980743408203,149.3763278445645,147.58459442124365,149.15236488128755,1053800
2016-09-01,146.99057006835938,148.82126231773162,146.45499362747387,148.64597600137355,1306000
2016-09-02,147.2145233154297,147.85721500223406,146.71790602574407,147.26321478113593,1104200
2016-09-06,147.0392608642578,147.4190305463202,146.71791500119733,147.28270334913242,1498000
2016-09-07,146.55235290527344,147.45795167484428,146.34785471229574,146.6789477322857,1527300
2016-09-08,146.69842529296875,147.27296081002277,146.43551812564897,146.45498282493625,1399400
2016-09-09,139.91123962402344,144.62429681225817,139.91123962402344,144.20556806615045,2995200
2016-09-12,142.5598602294922,142.91041787180015,139.25878195548583,139.4340682059121,1932500
2016-09-13,141.48768615722656,142.1797785535432,139.49916433863763,141.58516898728521,1933900
2016-09-14,144.1195831298828,144.13906779811848,141.351228239786,141.351228239786,3221700
2016-09-15,146.2152862548828,147.00484642085308,144.21700770130846,144.62640871796756,2085500
2016-09-16,146.2640380859375,146.59545585536708,145.19178662744287,146.38100556366814,1985500
2016-09-19,146.2152862548828,147.46298884102143,146.127560652839,146.3907374589704,1058900
2016-09-20,147.79440307617188,148.68144602809016,146.66368286007173,147.55071093820231,1488200
2016-09-21,151.4985809326172,151.6935317382182,148.2818405819246,148.6132733126187,1791200
2016-09-22,153.68206787109375,154.1207108999862,151.75201474589824,152.46360674984086,1599000
2016-09-23,153.68206787109375,154.15969511139738,152.75604039370015,152.89250744432877,1626200
2016-09-26,152.21987915039062,153.0191817258059,151.6837534068739,153.0191817258059,1650500
2016-09-27,154.87123107910156,155.00769808035304,151.89818404420782,152.5025357820661,1874200
2016-09-28,154.63731384277344,155.07595680533865,153.17516071836226,155.07595680533865,946700
2016-09-29,152.12237548828125,155.2513890361859,151.42054095181268,154.62753776752356,1473900
2016-09-30,155.04669189453125,155.50483432867512,152.74623739232814,152.74623739232814,1985900
2016-10-03,155.10520935058594,155.2026921817707,153.5943295837646,153.96473161992478,1304500
2016-10-04,153.59425354003906,155.41706556515334,152.52200242303982,154.96866558701248,1124700
2016-10-05,154.2864227294922,154.79330673012905,153.70155543077323,154.41314744809972,1171500
2016-10-06,154.4423828125,154.51060889932378,153.24342126186144,154.51060889932378,998100
2016-10-07,154.21815490722656,154.98821559748896,153.0386782943759,154.98821559748896,1087000
2016-10-10,155.09536743164062,156.0603932950849,154.54949962460304,155.2220920560537,927800
2016-10-11,150.99166870117188,152.63903021693483,149.9096748275743,152.06392024213898,2697500
2016-10-12,149.91946411132812,151.34261841698032,149.7147560919651,151.07944151553377,1088600
2016-10-13,148.19407653808594,149.27607033357734,147.29729116573648,148.89591115536626,2191800
2016-10-14,147.8821258544922,149.07132966160006,147.67741793862632,149.03234546865633,1477900
2016-10-17,146.97561645507812,148.0186260542405,146.50773166583548,148.0186260542405,1614000
2016-10-18,147.84317016601562,148.4767787590975,147.248560651106,148.35005406572307,1727300
2016-10-19,147.9698944091797,148.19408704972207,147.19981879241845,147.29730161376224,1859500
2016-10-20,147.83340454101562,148.28178975281796,147.27777931803124,147.97961387664944,2005200
2016-10-21,146.85862731933594,146.98533711148923,145.9813267358664,146.89761151527838,1589500
2016-10-24,149.24684143066406,149.52951781900504,147.15109460245978,147.9016558183747,2098500
2016-10-25,144.23648071289062,146.85861007733396,144.02203047591706,145.58166585867295,2431300
2016-10-26,144.30477905273438,144.40226189065814,142.4624664568004,143.4567348832102,3958100
2016-10-27,145.4549560546875,149.412513765694,144.78236341314255,148.15506895125677,2999800
2016-10-28,143.49566650390625,145.9618294312331,143.32994278259173,145.7278796544824,1805900
2016-10-31,143.32028198242188,144.66546793483892,143.25205588817445,143.7296831692892,1345800
2016-11-01,142.33575439453125,144.26579259019766,140.6981349604866,144.26579259019766,1900600
2016-11-02,142.1212615966797,143.25199671646723,141.84832758483967,142.0822625242522,1791000
2016-11-03,142.39419555664062,143.14477152582126,142.02377873765496,142.15050341231597,1821200
2016-11-04,142.87181091308594,143.95378955359956,142.52089369564342,142.52089369564342,1365700
2016-11-07,147.9796600341797,148.54502776462542,144.4315019361144,145.12359437949578,2027200
2016-11-08,148.71075439453125,150.15340833176987,146.78071596340718,147.58977600811238,1620000
2016-11-09,148.2135772705078,153.05817868566498,145.6791728128109,150.73822452240964,2441500
2016-11-10,150.45553588867188,151.67399661056334,149.01286768482495,149.919410196282,2247900
2016-11-11,147.43374633789062,149.71470122392142,146.85863645081062,149.51975048451322,1766300
2016-11-14,144.28524780273438,149.18833251675994,144.00255658829596,148.67170636489715,2517100
2016-11-15,144.9091033935547,145.28926255194165,143.3494676867532,144.74339451669766,2114300
2016-11-16,145.71815490722656,146.33224897539216,144.87985336495223,145.1235455008019,1591500
2016-11-17,145.12355041503906,146.0885617864573,144.67515032542522,145.81562777496646,1552100
2016-11-18,142.13096618652344,145.43543019235292,141.95551502855324,145.01628695467912,2631700
2016-11-21,142.48193359375,142.8036090371868,141.08802154597998,142.79386670512727,2975500
2016-11-22,139.39187622070312,142.85230689184817,138.17341576422845,142.85230689184817,3277500
2016-11-23,139.88905334472656,139.9865361660281,137.89078937215714,138.5146407566324,2582700
2016-11-25,140.54220581054688,140.57146256829526,139.11905121223418,139.85012805862394,803900
2016-11-28,136.77955627441406,139.76234622893685,136.0094806430913,139.33344560497844,3667300
2016-11-29,137.70558166503906,138.41715866817898,136.21418670872882,137.14995635350095,2576600
2016-11-30,136.57485961914062,138.82657320782923,136.40915070501546,138.44641396394405,2166600
2016-12-01,136.10696411132812,137.11097472499335,135.5610959959906,136.92576628433443,2703400
2016-12-02,138.3294219970703,139.54788280345605,135.80477477594843,136.0777088066757,3166100
2016-12-05,137.81275939941406,141.19520689431133,137.57880963182583,139.44062082186264,2920800
2016-12-06,139.96701049804688,140.77607016768607,137.71529755995806,137.99798876468574,3759200
2016-12-07,138.27093505859375,139.3139297503548,136.52609089490298,139.27494554991978,2413500
2016-12-08,139.46017456054688,140.15225205542887,137.43265374140145,138.2027145224572,1819400
2016-12-09,141.74110412597656,141.9750390681612,140.12298469818742,140.18146843373358,1620400
2016-12-12,141.5169219970703,142.36498093580212,140.62989372604326,140.62989372604326,1390800
2016-12-13,142.3658447265625,142.9317971191283,141.6925711678707,142.0340841516986,1254300
2016-12-14,140.3166961669922,142.49267409685473,139.76049628640823,142.04382514086146,1657300
2016-12-15,140.02398681640625,140.8338834397456,139.40924259755462,140.51187527221254,1849300
2016-12-16,139.0872039794922,141.79010960187742,138.80423528831182,140.00443645786507,2710500
2016-12-19,137.8284454345703,139.93612647443945,137.31128502513522,138.89203836045237,1591400
2016-12-20,138.3651580810547,139.13601522891273,137.30156490507318,138.15048598637566,1871300
2016-12-21,137.36013793945312,138.3651870984192,137.01861002015644,138.30664285835144,1502600
2016-12-22,137.11614990234375,137.67233489458917,136.49165339237857,137.53572674832088,1191100
2016-12-23,138.40420532226562,138.55058080494138,136.49169075104203,137.43819562681225,1047700
2016-12-27,138.96041870117188,139.72152363881844,138.43349073561546,138.72622683990494,879500
2016-12-28,137.79920959472656,139.3214191166481,137.69187354437705,139.10674701594905,1015300
2016-12-29,138.0529327392578,138.93114101696344,137.58456392465385,137.59431633504155,771600
2016-12-30,137.68209838867188,138.8920519681562,137.04783459987914,138.71641930887785,1063200
2017-01-03,140.18984985351562,140.34597771356297,138.78472889143382,138.9408567514812,1966400
2017-01-04,141.6437530517578,142.52194614906895,139.81904045037484,140.46305666262765,2167200
2017-01-05,141.85841369628906,142.23896599302785,141.27294175245862,141.85841369628906,1683500
2017-01-06,143.7026824951172,143.9173546255583,141.62427272728988,141.7608809112819,2016200
2017-01-09,143.91734313964844,145.0394806407994,143.44895949833528,143.44895949833528,1967200
2017-01-10,144.2003173828125,145.70302223315988,143.7319486128486,144.21983709090364,1806600
2017-01-11,142.67807006835938,144.7369594980867,140.38498887085353,144.21003174287773,2764300
2017-01-12,142.43411254882812,143.42940885717246,141.61446377215367,142.63901729841203,2239600
2017-01-13,142.74636840820312,143.4684485339755,141.99503106142444,142.55121604396413,1839600
2017-01-17,141.53639221191406,142.3365212442582,141.04850393465077,142.1413689111866,1651500
2017-01-18,141.15589904785156,142.46343660493324,140.08253843282938,142.30730871744368,1377100
2017-01-19,140.82411193847656,141.2144166945363,139.96542360813862,140.88265616296832,1435900
2017-01-20,140.03372192382812,141.62424285777865,139.84833684043284,141.39981836480482,1750000
2017-01-23,139.33119201660156,140.92171329956042,139.1165347735062,139.69223963315278,1508600
2017-01-24,137.56500244140625,140.1800918812915,136.60874539262593,139.76050013521632,2988500
2017-01-25,138.9798583984375,139.55557792646303,137.36008050684083,138.07239327846182,2224900
2017-01-26,139.6336669921875,139.9946996461255,138.5310344360991,139.06771465760994,2934000
2017-01-27,141.92677307128906,142.32684524682372,140.2777074265731,140.52165169616595,2107800
2017-01-30,139.8190460205078,142.03406344467766,139.20431678356883,142.00479133287922,3158600
2017-01-31,148.69863891601562,148.80597496893722,142.54148915366707,143.09767423577082,5340700
2017-02-01,149.2353057861328,151.34298724205246,147.8106651106022,148.58153711853384,3601900
2017-02-02,147.99607849121094,148.71815874684756,146.59095739330925,148.71815874684756,1751200
2017-02-03,147.76185607910156,148.67908854412886,146.74705487919786,148.46441648256203,1817100
2017-02-06,148.3961181640625,148.46441478877972,146.77632531405442,147.40082178898675,1624900
2017-02-07,149.30360412597656,149.48900410188088,148.11315522833328,148.4351633618767,1479300
2017-02-08,149.78175354003906,150.4940665051696,148.01559974049925,148.68888818102522,1467100
2017-02-09,150.99172973632812,151.5088903257254,149.66467249637918,149.78176096517115,1505000
2017-02-10,151.13815307617188,151.72362544157394,150.53317588398895,150.93323328152692,1482900
2017-02-13,152.56265258789062,153.0017490087429,150.74770781108995,151.24534843616692,1635900
2017-02-14,153.47015380859375,153.5189456200366,151.65520860278093,152.16261664127978,1429700
2017-02-15,154.42640686035156,154.5337428871344,152.68952561908023,152.69929291462324,1423300
2017-02-16,153.88978576660156,154.7094348121897,153.62632182724312,154.1825069334728,1252700
2017-02-17,154.79725646972656,155.4412728372731,153.5775352686952,153.80195980071602,1207400
2017-02-21,154.78744506835938,155.54854961660038,154.1336765404687,154.7971974741479,1242200
2017-02-22,154.19224548339844,155.24608615517423,153.87023737070265,154.50448629957003,1283000
2017-02-23,154.88507080078125,155.26562321496795,153.88002173538624,154.74846262361612,1124900
2017-02-24,155.12899780273438,155.12899780273438,153.76291618285705,154.5045012209086,832800
2017-02-27,154.64111328125,155.43149015904459,154.1922642616208,154.52402482207253,1220200
2017-02-28,153.8605194091797,155.39249653754757,153.70440639562239,154.36792764847573,1674200
2017-03-01,155.9486846923828,156.99275832264198,155.06072406375316,155.60715679239442,1722600
2017-03-02,155.3436279296875,156.1242521683631,155.1289558918225,156.1242521683631,1414300
2017-03-03,156.2804412841797,156.5341379333475,154.81677584607925,154.8753200813353,1204000
2017-03-06,153.88978576660156,155.4315002093712,153.7336578848207,154.86556269397056,1413400
2017-03-07,153.45065307617188,154.1141890376478,152.7968844116942,153.18720406231895,1166700
2017-03-08,153.6848907470703,154.13375475699792,152.84572185917003,153.57755467225132,1105400
2017-03-09,153.95806884765625,154.40693274594423,153.27502803649887,153.8995246194389,1102500
2017-03-10,155.4705352783203,155.6071434487662,154.31911079384162,154.34838290971047,1206300
2017-03-13,155.3338165283203,155.59752877612488,153.98598539075616,155.59752877612488,1324300
2017-03-14,154.6501007080078,155.00171199974363,154.2789662190451,154.7966141064334,1036500
2017-03-15,157.2969512939453,157.89273666791337,154.6696357087945,154.8942716980338,2548200
2017-03-16,154.33753967285156,155.78304589446174,153.19480689260553,154.34730126982407,3208700
2017-03-17,154.21058654785156,155.3826191905738,152.73578042027316,154.84543321589172,2654100
2017-03-20,153.08740234375,154.70870707565612,152.71625293486318,154.45477137143098,1280600
2017-03-21,151.91537475585938,154.02504287960505,150.7628799809579,153.80040684611194,1593400
2017-03-22,151.71022033691406,152.85295308597782,150.73352415106118,152.1594922366138,1309600
2017-03-23,151.04611206054688,152.31582052730764,150.4308033822231,151.6809737455304,1643400
2017-03-24,150.45034790039062,152.04236823528473,150.10851300915394,150.83125900407106,1939000
2017-03-27,150.9875030517578,151.7298019037214,149.053648222621,149.86430807751498,1418600
2017-03-28,151.0363006591797,151.75906121657823,149.96192887158745,151.0363006591797,1113900
2017-03-29,150.39166259765625,150.98744781990476,149.37590520233414,150.75305029193808,1075000
2017-03-30,150.32334899902344,151.10470911264989,149.87406209014674,150.50892370262025,1054200
2017-03-31,150.0205841064453,150.55775524364554,149.64943467794586,149.81547128985207,1219100
2017-04-03,150.9777069091797,151.5930303107965,149.92287317920884,150.02054876471058,2084800
2017-04-04,149.1610870361328,151.34889250795445,148.9559742187223,150.8703058694669,2701200
2017-04-05,149.2001190185547,150.4991268650061,149.0731586357785,149.69824366157744,2013000
2017-04-06,149.38572692871094,149.94245108812314,148.65320455256176,149.21969031183517,2431000
2017-04-07,149.54202270507812,150.1280466486314,149.0146130784466,149.50296139700495,1323700
2017-04-10,149.87400817871094,151.15347763922188,149.64937225667904,149.64937225667904,1019600
2017-04-11,149.3075408935547,150.10843891804896,148.36992090261623,149.3270789901329,986000
2017-04-12,148.9071044921875,149.38567607697803,148.20388205820873,149.29777699853088,1253700
2017-04-13,148.63360595703125,149.39544262911483,148.23317188081276,148.39920843011308,934600
2017-04-17,150.1182098388672,150.3330842049704,148.78014075257155,149.20988948477796,1274500
2017-04-18,149.6982421875,150.2940275111606,148.75084560883965,149.47359131402624,886600
2017-04-19,150.86048889160156,151.0558251344941,149.35636852460885,150.38190242879477,1291100
2017-04-20,151.73951721191406,152.22786529577021,150.23541167104543,151.16327004973198,1592700
2017-04-21,151.42701721191406,152.19861578460404,150.9875067721721,151.65166813486243,1992300
2017-04-24,153.67333984375,153.96635161443757,152.39387051171863,152.88221849513198,1198300
2017-04-25,155.10914611816406,155.71469309066435,154.43522324711506,154.7379967333652,2171300
2017-04-26,164.09474182128906,164.20217901161104,157.2383444494059,158.3517776476504,4182900
2017-04-27,162.81527709960938,164.82726917799613,162.1315926414008,164.74913168231467,2287900
2017-04-28,161.47720336914062,162.71761186071868,160.93025581785668,162.64923596520666,1507000
2017-05-01,162.73716735839844,163.6357263571775,162.15115839565001,162.49299323145178,1431200
2017-05-02,163.3524627685547,163.59663685341053,161.88741825941966,162.7176161092109,1561700
2017-05-03,164.39752197265625,164.68075733122603,163.02037666647377,163.35244981878375,1785200
2017-05-04,166.15557861328125,166.27279230968563,164.19242431115006,164.43659839912075,1247400
2017-05-05,167.0736541748047,167.1615532584498,165.68674732110875,166.1164960454205,1681300
2017-05-08,166.4192352294922,167.66940495018184,165.8332116527695,167.43499253885307,3636100
2017-05-09,168.10897827148438,169.17358866551288,167.01508308114782,167.6694678755959,1806500
2017-05-10,166.98573303222656,168.6461134178377,166.23367286402868,166.9564333415487,1860100
2017-05-11,167.0248260498047,167.0834403454956,165.51095873318081,165.92116938380173,1126900
2017-05-12,167.52296447753906,168.05037395653625,166.43883091768566,166.72206630575377,1107400
2017-05-15,168.2456817626953,169.48609010749672,167.38619924232378,167.50339801710143,2280300
2017-05-16,168.25547790527344,168.73404956028594,167.77689134705793,168.32383889747393,1482300
2017-05-17,166.98573303222656,168.96842491849395,166.85875777048932,168.25544093999972,1368000
2017-05-18,167.7378692626953,169.2224372742305,166.8881331381174,167.04440816139686,1553200
2017-05-19,167.53269958496094,168.6754323614304,167.23968774153767,168.10894677166579,1130900
2017-05-22,168.08944702148438,168.36292080596752,166.8197387916963,167.35692476236088,1044400
2017-05-23,167.82571411132812,169.59353189386775,167.74757662495267,169.34935783764513,1078700
2017-05-24,168.3140869140625,168.4215241106887,167.2885527468497,167.80620062972022,827900
2017-05-25,168.87078857421875,169.0368400642315,167.95270654771932,168.45081630814803,764200
2017-05-26,169.37869262695312,169.51542953064126,168.85128311364312,169.2712554238264,683300
2017-05-30,169.21263122558594,169.53494278773326,168.4019715213734,169.1344937344712,1114200
2017-05-31,168.76336669921875,170.3163253228244,168.75360510023924,169.73030151355383,1836500
2017-06-01,170.74603271484375,170.74603271484375,168.31405387041184,168.76332576577136,1014500
2017-06-02,172.2794647216797,172.2794647216797,170.11119768098797,170.92185742171534,1074500
2017-06-05,172.32830810546875,172.72875718975064,171.22463644988338,172.15249501104103,874300
2017-06-06,171.9669647216797,172.46507458546705,171.6446530792739,171.8985888112271,1443000
2017-06-07,172.2306671142578,172.39670374039878,171.42978368797748,171.98649297524932,897800
2017-06-08,170.73623657226562,172.25011845218472,169.7986166965681,172.23058035800793,2016400
2017-06-09,170.85348510742188,171.86925765576203,170.01354055469952,171.21487289058305,1238400
2017-06-12,169.33958435058594,171.1074020090005,168.03080017469395,170.91206575837802,1695200
2017-06-13,171.0014190673828,171.16761433760712,169.43736077893277,169.62309615003608,912100
2017-06-14,170.64952087402344,171.40221750430615,169.87725431034667,171.40221750430615,1337300
2017-06-15,170.21934509277344,170.3268752790067,168.7041524380694,169.91630954505322,1150400
2017-06-16,170.9330291748047,171.3729201802603,170.09234228868746,170.63976353246423,1944700
2017-06-19,172.2917938232422,172.74146974893247,171.15784141594372,171.67593753174052,1154800
2017-06-20,171.7248077392578,172.94673528472083,171.3240119244801,172.08649351956038,1299600
2017-06-21,171.6563720703125,172.90762457071963,171.15781613042256,172.526383807566,1348000
2017-06-22,171.5293426513672,172.40912472454355,170.38561998979344,172.0767639338868,964500
2017-06-23,170.52244567871094,171.8030234383884,169.31028810940342,171.8030234383884,1633700
2017-06-26,169.33956909179688,171.06982232842802,169.0560885207387,171.06005227980697,1297100
2017-06-27,169.7990264892578,170.38555760068277,168.26429344959487,169.0854250727052,1207800
2017-06-28,171.8225860595703,172.31135712938615,169.86750178030698,170.6984036493283,1009900
2017-06-29,169.9847869873047,172.1451614873669,169.3102805842059,171.65639046090203,1252100
2017-06-30,170.5517578125,171.27514427875207,170.0727568518065,170.5028777281668,819700
2017-07-03,170.49313354492188,172.24292746711222,170.49313354492188,171.3924705518917,612300
2017-07-05,171.79327392578125,172.4775504918319,170.317175637468,170.6788763993244,1186800
2017-07-06,171.10891723632812,171.8420736168672,170.37576085578903,170.85476172753894,2290600
2017-07-07,173.50401306152344,173.99278428156887,171.46093802548705,171.85196395119172,1345700
2017-07-10,173.6798858642578,174.28595713289783,172.7707789612978,173.80697109778836,1492500
2017-07-11,174.6280975341797,175.1168685208871,172.91739908070375,173.66032561070057,2127100
2017-07-12,176.15306091308594,176.6613869165996,175.03866365822194,175.1853039041371,1101600
2017-07-13,175.9868621826172,176.64181344751907,175.2830308408499,176.51474314699527,927400
2017-07-14,176.88624572753906,177.19906636937947,175.34172736969768,175.82072838397488,871900
2017-07-17,176.72982788085938,178.30367124234002,176.192191664268,177.0133234399687,1297300
2017-07-18,175.32220458984375,176.89604817385185,174.83343347575567,176.54413237506398,1433300
2017-07-19,176.1041717529297,176.58317266578914,175.2243899872187,176.01619655957978,932300
2017-07-20,177.4727325439453,178.66533483921162,177.04261172714692,177.04261172714692,1109800
2017-07-21,178.088623046875,178.75335947017751,176.99378060391743,177.21861112357274,786800
2017-07-24,178.069091796875,178.76313841000427,177.53144060043732,178.04953677624718,805600
2017-07-25,176.0846405029297,178.18634978002785,175.46878428631936,177.6878087432189,1440700
2017-07-26,171.1284942626953,172.7707725227311,166.35808469319448,171.23602447565068,3944000
2017-07-27,171.33377075195312,173.02491404035783,170.4148789913766,171.90074683648132,2479100
2017-07-28,172.01806640625,172.53616247137404,169.63286154698076,171.36311505818955,1326900
2017-07-31,171.58795166015625,173.07381972510277,171.3631211693372,172.64369884450448,1266500
2017-08-01,171.5293426513672,172.53620999231103,171.18719689173682,172.2038492016543,1382400
2017-08-02,172.4775390625,172.62416441832661,171.56841710804665,171.92033287813996,1370000
2017-08-03,171.79327392578125,172.26249001162876,170.95258702574463,172.04742953142565,933100
2017-08-04,172.36997985839844,172.93695599914912,171.2262575268539,171.9789541150668,752100
2017-08-07,173.36712646484375,173.44531671977595,171.73461775799305,172.3895842009678,791800
2017-08-08,170.08255004882812,172.87832096435298,170.0238849951249,172.5459453244676,1648700
2017-08-09,169.3689422607422,170.10209885039305,166.4363159021388,166.4363159021388,4284600
2017-08-10,167.88308715820312,169.49602567150143,167.4627362949847,168.06880762936925,2266700
2017-08-11,169.33956909179688,170.19004063718086,166.25054820770603,167.785281143078,2202600
2017-08-14,170.1216278076172,171.31423020403798,169.81859218356232,171.02096462988249,1182400
2017-08-15,169.6621856689453,171.32400407137953,169.4666802538543,170.82546302548138,992500
2017-08-16,171.49996948242188,172.04739061142655,169.93589632860244,170.04342654437886,1268500
2017-08-17,169.0072784423828,171.77372479059275,168.98772342093693,171.26539864577643,1159800
2017-08-18,168.6944122314453,170.44420566301824,168.28383150876013,168.68462726617315,1182700
2017-08-21,170.1020965576172,170.2291818045986,168.63578339807967,168.9094939945713,1184900
2017-08-22,172.81964111328125,172.88807621202128,170.24871583347903,170.6299566113117,1271600
2017-08-23,171.86167907714844,173.29866719809587,171.22628266061375,172.35045014097793,2168700
2017-08-24,172.00828552246094,172.67300687882667,171.59770478340423,171.8714302481441,1177000
2017-08-25,173.23997497558594,174.5889875572239,172.49704850882742,172.57523873387103,1537700
2017-08-28,174.42283630371094,174.72588689564068,173.24978872281167,173.80699490050165,1462200
2017-08-29,176.46588134765625,176.62227672727695,173.30841003159802,173.69943577091675,1549500
2017-08-30,178.84130859375,179.20300928211697,176.37789854036663,176.9057795812882,1445300
2017-08-31,182.93722534179688,183.32823620967739,178.8511065828441,179.36920269503457,2035500
2017-09-01,181.8228302001953,184.5208410204636,181.25585399350896,183.99297485071213,1404800
2017-09-05,181.8423614501953,182.31157741932228,180.72796420095204,181.69572120501977,1190400
2017-09-06,185.15623474121094,185.2344398915414,182.8296799962283,183.18159571466174,1516600
2017-09-07,186.3096923828125,186.6616080355801,184.60877915785613,185.73294628736417,1619100
2017-09-08,187.326416015625,187.9618124773373,185.51795698442817,186.3097637775531,1545800
2017-09-11,189.22283935546875,189.3205846198837,187.75652614426036,187.9031514989375,1521000
2017-09-12,189.6822509765625,189.93642145340286,188.2746029677654,189.66271087535,1000900
2017-09-13,187.16998291015625,189.52586289853352,186.80829711436937,189.3010174809448,1302100
2017-09-14,187.531982421875,187.83525570670264,185.52644675819556,187.65916731982398,1287300
2017-09-15,186.4949493408203,188.6472249999675,186.44603093151645,186.62211929164724,3274900
2017-09-18,187.69825744628906,187.81564968191142,186.64168254228153,187.00365188731854,1750700
2017-09-19,185.50686645507812,188.10917083659646,185.19381547481802,187.8743714055483,1215500
2017-09-20,184.5089874267578,186.0449239956118,183.35457564458846,185.41880715830393,1194400
2017-09-21,183.83396911621094,185.16446938404638,183.6285177458801,183.82417647660205,921600
2017-09-22,184.21548461914062,185.00791207733698,183.24695387701047,184.0491739735268,912200
2017-09-25,183.25672912597656,185.00789452181382,181.94578457869514,184.62635485859784,1916100
2017-09-26,183.59915161132812,185.73187187134945,183.5013297194977,185.20357692981452,1384200
2017-09-27,184.3817901611328,185.00790695638463,183.188252687715,184.16656111328356,1410200
2017-09-28,182.40560913085938,184.35244833759378,182.0142917185179,183.7165388827859,1002200
2017-09-29,185.09593200683594,185.4579162377993,182.3077622387364,182.6599538326627,1703200
2017-10-02,187.38514709472656,187.38514709472656,185.1252575286926,185.69267807916236,1414300
2017-10-03,186.201416015625,188.1286845141197,185.42854411779635,187.38516067035548,1023100
2017-10-04,189.3124542236328,189.3124542236328,186.57320262976023,186.57320262976023,1114400
2017-10-05,189.234130859375,189.27327154340495,187.7764613268971,189.16565705401825,1021800
2017-10-06,189.0189971923828,189.90924660739904,187.77654118250277,189.18530785074415,974900
2017-10-09,189.0679473876953,189.77233089584118,188.19725318009935,189.20491001828995,593500
2017-10-10,188.4613037109375,189.64506328068887,187.35581059377952,189.4689600304038,894900
2017-10-11,189.26353454589844,189.32223065677147,188.18738942055813,188.42218879185066,762900
2017-10-12,189.1950225830078,189.46894768533718,188.71564619003215,189.3026370823371,876500
2017-10-13,188.24612426757812,189.9092457716763,187.7471922946897,189.4787876329631,852100
2017-10-16,187.130859375,189.19509102502445,186.62213474615595,188.60809992037332,1244100
2017-10-17,184.67530822753906,186.671051091193,182.59150624970042,186.37755554211938,1893900
2017-10-18,185.11550903320312,185.43835258326908,183.62847614654197,184.9002799998258,1372500
2017-10-19,188.2656707763672,188.275448486353,185.16443494148373,185.52640427237947,1691700
2017-10-20,189.6548309326172,190.2124588520521,188.65695237471422,188.97979587661808,1258500
2017-10-23,190.1537628173828,191.67014353495435,189.84071195129374,190.4570359753374,1313400
2017-10-24,190.16363525390625,191.11259581412867,188.99944560201655,190.3592939932933,2176900
2017-10-25,195.33889770507812,196.63027236346494,192.71703753607144,194.07688604147845,2120000
2017-10-26,196.0236358642578,196.83563357180964,193.3822063512846,195.38774141906444,2942500
2017-10-27,188.24612426757812,196.69870931202624,187.09172737539586,195.66170466574633,3777100
2017-10-30,187.85484313964844,188.68639658852598,186.1819286731668,187.5515698272457,1741800
2017-10-31,189.62554931640625,191.2593228145857,187.63958414073997,187.89393899144562,1543000
2017-11-01,189.97767639160156,191.0733768254971,189.02871622017463,190.90706621876643,1056600
2017-11-02,187.130859375,190.0168666292929,186.8667118851266,189.77228949032224,1797700
2017-11-03,189.50814819335938,190.29078305974878,187.1993395107829,187.47326469957983,816200
2017-11-06,189.33203125,190.32011740065752,188.70591444534335,189.81140775973796,1066000
2017-11-07,189.0189971923828,189.86034312326012,188.54939835110005,189.30270009716313,796600
2017-11-08,189.6548309326172,189.96788179859146,188.5297824578178,188.5297824578178,981900
2017-11-09,187.72756958007812,189.75267482383535,186.07422624838438,189.22438000902943,1052400
2017-11-10,182.1414337158203,187.74715107168404,180.49788292284256,187.51235170363003,3009200
2017-11-13,184.12741088867188,184.71438690936967,181.2316117653764,181.50553689392868,1786900
2017-11-14,184.97853088378906,186.10357943168933,183.3056171611882,183.73607519169602,1421300
2017-11-15,184.42092895507812,185.76122174367364,183.83395281496158,185.0176977339352,1090800
2017-11-16,186.47540283203125,186.84716487690662,184.91989574079676,184.94924380457067,982800
2017-11-17,186.0449676513672,187.4243865304293,185.4384210213426,185.4384210213426,1151900
2017-11-20,186.8568878173828,187.73735932812477,185.72204659142196,185.8394537399077,1373800
2017-11-21,188.7450408935547,188.8526554194828,186.15252948865273,187.19932668884474,1757100
2017-11-22,188.5689697265625,189.04834628171844,188.00154898611373,188.8135468598006,1005500
2017-11-24,189.3124542236328,189.55703132507156,188.1287094122382,188.81352231070636,374500
2017-11-27,189.7135467529297,189.733117099024,188.18738816917758,188.83307524008816,1731600
2017-11-28,192.04193115234375,192.10062726460887,190.21248439587694,190.71143120573186,1650500
2017-11-29,188.44175720214844,192.90284106966763,187.60041139009516,192.1006359527618,2183000
2017-11-30,188.57870483398438,190.5646695129821,187.68845561525447,189.48853932653714,2497500
2017-12-01,188.03085327148438,189.29287934474434,185.0861506468779,188.59827387982915,1335400
2017-12-04,178.08143615722656,187.11121644568397,177.60205977677958,186.85686169382535,3926800
2017-12-05,178.4923858642578,180.38052906371277,177.57277347022514,178.62934845946674,2229200
2017-12-06,179.8815460205078,180.038078934379,177.65100424514418,178.67823096669855,2262900
2017-12-07,181.60336303710938,181.73053295717423,179.6663019774245,179.90110132860423,1550100
2017-12-08,183.88284301757812,184.80244032214122,181.82838952281654,182.18058112398134,2437700
2017-12-11,185.3796844482422,185.50685440330287,183.1197792567081,184.47964241273655,1423700
2017-12-12,185.3796844482422,185.78077959116095,183.5502373884289,185.30141797631086,1301100
2017-12-13,187.31671142578125,187.80586562808855,185.42856844241825,185.74163429723967,1447300
2017-12-14,184.37948608398438,189.03987959927355,184.26198687738543,187.28732627109517,2158700
2017-12-15,188.24688720703125,188.6482968861337,185.44673013444933,185.51525766424362,3851200
2017-12-18,189.5196533203125,190.44977206533406,188.8440888292369,189.26508412685988,1305300
2017-12-19,189.83294677734375,191.26240357078635,188.66784455012467,190.185414552473,1552700
2017-12-20,188.26637268066406,190.704275424024,186.94463006085658,190.704275424024,1492000
2017-12-21,187.1306915283203,189.50983764986466,186.96425049812837,188.81470246138693,1185800
2017-12-22,186.435546875,187.1208967075348,185.13337472343093,186.9152992275273,1093600
2017-12-26,186.35720825195312,187.15025693648954,185.95578375203803,186.72926168499689,467400
2017-12-27,187.16986083984375,187.22860297930225,186.20057072025895,186.69990878466922,671600
2017-12-28,187.16986083984375,187.96290960154653,186.27889855270578,186.94467765875063,675500
2017-12-29,185.90689086914062,187.9335697142635,185.90689086914062,187.92378433589897,856600
2018-01-02,188.94195556640625,189.44129355277042,186.39636863753637,186.80757848898065,1140900
2018-01-03,192.40789794921875,192.55475328048448,187.17962406358882,188.1880854497973,1458300
2018-01-04,194.81643676757812,195.42347373008803,192.5547747765745,193.02472682859315,1566400
2018-01-05,198.15509033203125,198.40964458443145,195.04163740538007,195.81510047888878,1469500
2018-01-08,198.4781951904297,198.98731865564216,196.01092064002316,198.1550984686318,1974600
2018-01-09,201.78744506835938,202.59027912444515,199.1439295478573,200.46568730810833,1845200
2018-01-10,201.9734649658203,202.29656165219583,197.73408147792162,200.51465212857067,1421200
2018-01-11,204.29388427734375,204.352626413245,201.65038358524856,202.6196587066303,1520600
2018-01-12,205.77224731445312,207.11357565117837,203.44204339561395,204.51903216638073,1486500
2018-01-16,203.6575164794922,207.37800686251586,203.16797866434456,207.37800686251586,2264300
2018-01-17,207.0548095703125,207.2408362400593,203.94135774876446,205.17498706568895,1461700
2018-01-18,207.96543884277344,208.6018319673766,206.1149866714809,206.97656298701185,1458500
2018-01-19,209.04237365722656,210.08020608265755,207.9164429748354,209.4731692037254,1439900
2018-01-22,210.8144989013672,210.82428427605933,208.31785392056045,209.5318977205346,1230300
2018-01-23,210.0606231689453,212.6747526084741,209.76689757067706,211.06906960271283,1267000
2018-01-24,210.8144989013672,212.1362415809684,208.54303705450673,210.5207733260658,1227400
2018-01-25,213.32098388671875,214.1629894504787,210.51102692211475,211.8425702569094,1668400
2018-01-26,215.18118286132812,215.18118286132812,212.19500000550343,213.60487092363078,1162000
2018-01-29,214.2315216064453,215.494537449174,214.01612378736766,214.8091726032865,1042800
2018-01-30,210.12913513183594,211.75440370778693,208.09265672453046,211.47047844548388,1921700
2018-01-31,219.42056274414062,221.2710144354231,215.10283715131376,218.78416978461883,3414200
2018-02-01,217.7071990966797,221.70182838481654,215.01474183875325,219.46953774431427,1912800
2018-02-02,213.1349334716797,216.1602729751845,213.00764888470516,215.50429422759484,1992400
2018-02-05,203.95123291015625,214.67210758794633,203.46169511720228,212.1754767954874,2387600
2018-02-06,205.09671020507812,206.68282250881828,197.40117697865136,200.7104566047766,2415300
2018-02-07,203.2070770263672,206.78069581684105,201.81679192373477,203.98053992294672,1653000
2018-02-08,194.57162475585938,205.59602188747417,194.53246831833368,202.98189270216935,2196600
2018-02-09,195.9912872314453,198.15505022719333,190.43993204915503,196.3437549385512,2074300
2018-02-12,200.23069763183594,201.81680988290128,197.30327185010344,197.77322384250954,1528200
2018-02-13,199.2418670654297,200.1915715090102,196.65710830648547,199.2516524423456,1222700
2018-02-14,203.95123291015625,204.4407707031102,197.49912838450496,197.63619836895177,1412300
2018-02-15,206.31076049804688,206.34013156360734,202.29654555706938,205.9387070816087,1080800
2018-02-16,206.2030792236328,208.2395579336243,204.96944954621253,205.8603968434855,895800
2018-02-20,203.490966796875,206.53589097937189,202.96227281210247,204.52878402070664,1127700
2018-02-21,205.40023803710938,209.169684604696,203.94142513559896,203.94142513559896,1021300
2018-02-22,204.75405883789062,209.1598984747558,204.33304861515808,206.3891130881643,1230600
2018-02-23,207.2800750732422,207.4073447259362,204.03932270669114,205.57647837108746,827300
2018-02-26,209.59063720703125,209.7277071387409,206.79048151110408,207.74017071969806,990600
2018-02-27,206.2716064453125,210.3739349275842,206.05622359294426,209.44381624785925,1067000
2018-02-28,204.215576171875,209.01304030086536,204.13724833660694,206.9863617190168,1099300
2018-03-01,200.91607666015625,204.43095388755694,198.57608696726626,204.27429823242068,1419500
2018-03-02,202.1202850341797,202.65877937769972,197.59696242761513,199.40824256918017,1228600
2018-03-05,202.4336700439453,203.5791867279113,197.84181793009324,200.2307498964319,1228500
2018-03-06,205.7233428955078,205.9289553275049,202.33574997208527,203.7162500368329,1007100
2018-03-07,207.72067260742188,208.01439826079553,203.00152127787166,203.00152127787166,1225500
2018-03-08,207.27027893066406,208.27872549353907,205.61563895677017,208.24935442390245,868700
2018-03-09,213.3307342529297,213.51676096571407,207.9164485890175,208.78782508087215,1594600
2018-03-12,212.93914794921875,215.337880072352,212.3908530889389,214.12382100527913,2268400
2018-03-13,210.61868286132812,215.07347865682917,210.40328509085526,214.54478454535294,1483000
2018-03-14,209.1587677001953,212.28447634401635,208.5708517755409,211.0792651449301,1252500
2018-03-15,208.1691131591797,210.85390733078046,207.8849632600809,208.23770983042755,1401100
2018-03-16,206.19960021972656,209.09015422238735,206.02321947597937,208.32587255256712,2564100
2018-03-19,207.4538116455078,208.26708881597955,204.89640293639815,206.53275039337544,1819300
2018-03-20,210.39332580566406,211.20660283932472,207.63995057980117,208.60019908585608,1523200
2018-03-21,208.66879272460938,211.0302190710916,208.5512005970739,210.45211135293684,1029200
2018-03-22,203.15225219726562,208.12008269752096,202.35857628519625,206.74829901632955,1665000
2018-03-23,200.5262451171875,204.13209996756245,200.15391237953077,203.6029727304556,1703900
2018-03-26,205.45489501953125,205.91542561296714,200.83001780581355,203.38742633372138,1058600
2018-03-27,202.45657348632812,206.66993087870387,201.09458277765202,206.12121734878002,1359200
2018-03-28,201.7706756591797,204.23009335560766,201.18277473063327,203.3090470724194,1402000
2018-03-29,202.29978942871094,204.23988778057247,200.39887848893952,202.83869483938514,1787700
2018-04-02,199.046630859375,202.61328251348849,195.82293251772742,201.5746444146838,1619700
2018-04-03,202.51531982421875,203.32859683325373,198.92908144451226,200.5752216907619,1316300
2018-04-04,205.1021270751953,205.59205187908066,198.31176151865878,199.47778494411688,1318500
2018-04-05,207.59103393554688,208.3259214792225,205.26879408195597,205.88608945174227,1159700
2018-04-06,201.41793823242188,206.86590115385573,199.65420546435848,205.26875602197055,1649700
2018-04-09,205.32752990722656,208.1299009513902,203.07387236239765,203.07387236239765,1399100
2018-04-10,210.85386657714844,211.9708946754608,207.57136398888042,208.07109692188885,2050200
2018-04-11,208.5022430419922,209.61927127314863,207.4244171775835,209.07055774925735,1067200
2018-04-12,209.0313262939453,210.51089387352306,208.94314341432496,209.77600664071548,748700
2018-04-13,210.03082275390625,210.98127831096457,208.57084108501863,210.34436693334735,676400
2018-04-16,211.55931091308594,213.13686921941002,208.3551988347622,211.3633440017007,817200
2018-04-17,213.8325958251953,214.67526716517153,211.74552613128253,212.86255419112823,1611600
2018-04-18,215.10643005371094,216.5762047855231,214.0090030383808,214.66550062443162,1564400
2018-04-19,212.61758422851562,217.40904849316223,211.13800166525894,215.80209564033015,1610100
2018-04-20,211.53976440429688,214.04817740143204,211.25561455205363,213.4700696304856,1377900
2018-04-23,211.9905548095703,213.65629682974853,211.45163431592675,212.4608786261481,1244700
2018-04-24,208.8745880126953,211.94152278771483,206.24859762549644,210.1190014923746,2051100
2018-04-25,210.1483917236328,213.6072603860722,203.7989690875178,213.46028889385815,2246500
2018-04-26,209.5310516357422,211.54953958098693,207.76731922440035,210.37372295719888,1475200
2018-04-27,208.55120849609375,210.14836830634584,207.92410528032386,209.36448554880346,1668300
2018-04-30,206.11138916015625,209.53105502414687,206.10158109436935,208.79616775348026,1375400
2018-05-01,206.47393798828125,208.0122943022607,204.19088630457378,206.19958125774582,1100600
2018-05-02,204.63180541992188,207.09123770764543,203.82833644979507,205.7684346472424,1514700
2018-05-03,204.12228393554688,204.40643375222425,200.73199760665048,203.96550440501917,2291700
2018-05-04,205.8370819091797,206.39558859442178,201.08480376959457,203.93617065334564,996700
2018-05-07,204.7689666748047,207.718323560579,203.9654977717883,206.09176962471952,1204600
2018-05-08,203.8773651123047,204.80821947792475,202.42717657186952,204.07333209170014,1105900
2018-05-09,204.48480224609375,205.30787226876643,203.15220627786863,204.4554079560924,1237100
2018-05-10,209.51144409179688,209.81519506897942,204.87674481965152,205.76841152457433,1272700
2018-05-11,212.18643188476562,212.32361022942925,209.0607092978031,209.95237601377588,1209800
2018-05-14,213.0291748046875,214.9888746456918,211.45161583462612,212.2354987612925,1447300
2018-05-15,204.86697387695312,210.32472884619824,204.71019433908003,208.96273838248,1731400
2018-05-16,206.4250030517578,207.87517690294302,204.88664628660675,205.27858031622713,1813500
2018-05-17,206.75808715820312,208.23766982659998,205.7880454895937,206.86587122708423,1364300
2018-05-18,210.60890197753906,211.12822113492848,206.9638598097324,207.23821653622795,1072800
2018-05-21,212.36285400390625,212.75480291506827,210.60892934933804,211.3928122203399,894400
2018-05-22,213.47006225585938,214.63608582393033,213.11731575586583,213.48966343678134,1587200
2018-05-23,212.1570587158203,214.36172051469,211.3535747947099,212.62738237987634,1446900
2018-05-24,211.61813354492188,214.45969159556313,211.47116207556158,212.76455585989035,955000
2018-05-25,209.3448944091797,212.0198950082701,208.30625605993023,211.4809746521537,929200
2018-05-29,204.75924682617188,208.36508749333527,202.92693218996945,207.2186648371559,1854100
2018-05-30,206.69927978515625,207.72812490347974,205.48427579324425,206.1015709031831,1189500
2018-05-31,204.07330322265625,206.9148614002174,203.83813390985642,206.69929326798092,1659400
2018-06-01,207.5615997314453,207.70857123139876,205.38633182419957,205.76847267540097,833800
2018-06-04,209.85440063476562,210.47171070718437,207.72812865915805,207.72812865915805,1554200
2018-06-05,210.44235229492188,211.6279622171546,209.43310816555476,209.52129106198754,1096500
2018-06-06,213.87179565429688,213.89138188311293,210.01118549013523,210.88325111468038,1204200
2018-06-07,212.09828186035156,214.5479062168351,211.23600930244677,213.87180750223436,1053400
2018-06-08,212.6470184326172,213.48968990087454,211.68675481557176,212.38245478699673,1087400
2018-06-11,212.9605712890625,213.9012337610939,212.0983135536334,213.2447361296161,1154800
2018-06-12,213.55821228027344,214.0579451333013,212.41179006953814,213.0780955564693,1247300
2018-06-13,211.9905548095703,214.28340023562708,211.86316952434788,214.1266206463263,1214000
2018-06-14,212.3533477783203,212.7946239598146,211.0098876733573,212.57888627764768,1001600
2018-06-15,211.6178741455078,212.38275682009845,209.7154682758053,212.05915030960566,2190000
2018-06-18,208.6956329345703,209.5781852764557,207.4796582971671,209.5781852764557,1363000
2018-06-19,205.86163330078125,207.54830158509893,204.17497997954342,206.77361805318876,1381400
2018-06-20,204.7535400390625,206.42059170630748,204.292647259584,205.93028151223075,928000
2018-06-21,202.53732299804688,205.17519416610608,201.81167350648627,204.94965567249233,1212700
2018-06-22,204.70445251464844,206.0086790855204,203.09623609700847,204.13569104263146,2327800
2018-06-25,200.95849609375,204.11609442420178,199.50718234631836,203.6846340929697,1534600
2018-06-26,201.18408203125,202.4588915259723,200.51725238780833,201.0271791783132,951900
2018-06-27,199.43856811523438,203.42968508977359,199.41895151891217,201.89991976437463,1177700
2018-06-28,201.6253662109375,202.27257928266715,198.89924262610313,199.21303338134524,1116300
2018-06-29,203.12567138671875,204.4887328914084,201.28210058843342,202.2431191756248,1591000
2018-07-02,201.58612060546875,202.311770045167,199.94847155034634,201.75282425953668,942500
2018-07-03,201.89007568359375,203.29235527701417,201.48801784208104,202.6353415902638,490100
2018-07-05,203.3316192626953,204.02785127607487,201.8018390703058,203.3512208947075,1184000
2018-07-06,203.18455505371094,203.93963699287002,202.17451718324912,203.68468106156726,818800
2018-07-09,207.72483825683594,207.89154194301295,203.52778379578763,204.93987968232372,1237700
2018-07-10,210.00967407226562,210.55881911686083,206.29311427753413,207.10703102687353,1452300
2018-07-11,205.60667419433594,208.51911793294772,205.43997052456336,208.17589481318797,1236500
2018-07-12,207.9601287841797,208.06798263944148,205.83216982577255,206.5774507390465,883500
2018-07-13,207.1070098876953,208.48968813868856,206.655932916996,207.89150914122132,863800
2018-07-16,204.7535400390625,206.7834164617388,204.53780235662236,206.7834164617388,1135900
2018-07-17,206.9500732421875,207.45019910320013,203.93957711346462,204.41027060346804,914300
2018-07-18,207.33253479003906,207.61692304531195,206.2342448849023,206.90107444379086,827600
2018-07-19,211.89242553710938,212.49060448847558,208.07781336094445,208.07781336094445,2246800
2018-07-20,212.64755249023438,213.12804693870686,209.57820566579926,210.78436464054133,2455100
2018-07-23,214.2458953857422,215.2951661735924,211.8139614989344,212.57884405174553,2510000
2018-07-24,217.1093292236328,218.75677911441952,214.28515292426445,215.11867120444603,2333000
2018-07-25,224.83663940429688,225.39560020286413,218.67834461836856,221.62020575673225,2296700
2018-07-26,229.46517944335938,229.88683904381867,225.5623143416348,225.71920223768927,2445600
2018-07-27,226.62135314941406,229.2297917275255,224.41495751497266,228.97483584092035,2735000
2018-07-30,226.2487030029297,227.50389571326704,225.18963134800555,226.4448240583429,1598600
2018-07-31,229.98484802246094,230.97526901068076,227.2881425461737,227.2881425461737,2428900
2018-08-01,229.3769073486328,230.42616333176028,228.54337407429915,229.62206243366285,1736800
2018-08-02,228.65122985839844,229.05328776603642,227.0724306024027,228.4354921988404,1562400
2018-08-03,228.79835510253906,230.0829654110674,227.35684194148283,228.4355153856833,1215900
2018-08-06,230.5340118408203,230.64188066724554,227.63138426932238,229.00424663920955,1412400
2018-08-07,230.93612670898438,231.4460535563485,229.81821994254693,230.61252014987335,902900
2018-08-08,230.03396606445312,231.7108187939166,229.20043262748302,230.59291198658033,792600
2018-08-09,228.71990966796875,230.35754395604565,228.5826234091803,230.35754395604565,856800
2018-08-10,226.93515014648438,228.46491543465612,226.14085009017046,226.76844648949935,1151300
2018-08-13,226.2290802001953,228.10206839860845,225.9937409253887,226.9743611386215,1158400
2018-08-14,227.1214599609375,227.48428467046037,226.02317005335837,226.32715994112917,686100
2018-08-15,224.5620574951172,226.1702742515809,223.35589866853914,225.30732356559784,975600
2018-08-16,226.31736755371094,227.30780369916545,224.86605360253753,225.82705737099622,817200
2018-08-17,225.54269409179688,228.28843422987822,225.43482524827326,227.06265871850977,1051000
2018-08-20,225.67994689941406,226.46444610302444,225.44459264940764,225.6995634943507,820000
2018-08-21,226.94491577148438,227.54309466582816,225.5720535367984,226.03294620767358,1121000
2018-08-22,229.5534210205078,229.93586236994716,226.0427982667184,226.77826355126166,1136500
2018-08-23,229.65147399902344,230.34770604345582,228.98464440392073,229.72992541980486,1054600
2018-08-24,230.16139221191406,230.8576242305112,229.38669381236863,230.12215902143993,934400
2018-08-27,233.3092041015625,233.5347426042183,230.99493935577456,231.0341725511546,1059400
2018-08-28,233.34841918945312,235.20179100572562,233.0738317323399,234.574194596064,886100
2018-08-29,235.08404541015625,236.0744812581456,233.09338786325017,233.38757687713883,781700
2018-08-30,234.55455017089844,236.21180071810252,233.85830323879588,235.33904933066734,660500
2018-08-31,234.46629333496094,234.70163260411235,233.27973632170838,233.75042982308779,816200
2018-09-04,231.47540283203125,234.3093946314574,230.23981179496448,234.26036062849687,1368300
2018-09-05,231.7892608642578,232.09325082263027,230.25949529110534,231.46565430638614,1312500
2018-09-06,231.16163635253906,232.02458706902016,229.74954062123527,231.3283400203903,1078100
2018-09-07,231.38719177246094,233.544553618865,229.76915916534824,230.44578962258814,1149100
2018-09-10,232.59332275390625,233.53470982778657,231.9559106046195,232.40700250970056,956600
2018-09-11,231.8480682373047,232.78947038170256,230.9458992872581,232.16187393979712,1122000
2018-09-12,234.41732788085938,234.85860410263226,231.27934534893103,231.88732525612562,1081700
2018-09-13,239.27134704589844,239.45766729219878,234.4270804944013,234.98604123330233,1659400
2018-09-14,237.45596313476562,239.8012793467697,237.05363983158594,238.91811164167666,786800
2018-09-17,234.0017547607422,234.53165232409216,231.25410060910514,232.5003458886445,1613800
2018-09-18,234.62977600097656,235.95452732433884,233.62884179830684,234.92415520160617,1122000
2018-09-19,236.55311584472656,236.77881154924557,234.5120019349866,234.95358569548355,816000
2018-09-20,237.9662322998047,238.38818585432912,236.4942762237234,237.31856803268616,1016800
2018-09-21,238.93771362304688,239.56574757693758,237.99565520545553,238.24098120265518,2225700
2018-09-24,237.62278747558594,240.41951021648893,235.17934979153583,239.70316239903966,1014000
2018-09-25,238.54515075683594,238.7610388030325,237.03394940696862,238.74140853333049,1207700
2018-09-26,238.3096923828125,240.38024450858057,237.81904036223722,238.9279037467496,1234900
2018-09-27,239.75218200683594,240.3900235683191,238.02507751677274,238.61386586084149,906300
2018-09-28,239.51669311523438,240.05641333472005,238.2606251354376,239.36948852436842,1538900
2018-10-01,243.86383056640625,245.16896657039266,240.62553962517973,241.32225701977936,1850800
2018-10-02,243.11807250976562,244.49189215714694,242.83350093049063,243.3633985163345,1417900
2018-10-03,242.72552490234375,245.27690605033303,242.30355644042638,244.1189746392052,1401200
2018-10-04,238.82980346679688,241.8718372795228,237.4854066294334,241.74427792487,1593500
2018-10-05,236.19007873535156,239.07511509363118,233.92326873199238,238.68258448197068,1858200
2018-10-08,235.1793212890625,235.99380540953896,231.47980099987706,234.81622862544575,1274800
2018-10-09,235.4835205078125,236.75921869400904,233.96249632325168,235.2381945094482,1397600
2018-10-10,226.34756469726562,238.32927711794116,226.07280079886175,234.84566019742562,1759800
2018-10-11,221.86300659179688,229.08540426696723,219.90039869064742,226.6321443905304,2316700
2018-10-12,227.0835723876953,229.34057468331943,224.41442419046336,226.1415139172264,1664900
2018-10-15,223.83543395996094,226.88728980216496,223.82561133754726,225.67046753014293,1246100
2018-10-16,230.75363159179688,231.2541062191407,225.6704840154392,226.3868317490066,2034400
2018-10-17,230.2630157470703,231.60741263171846,228.25135419270478,229.9980744041181,1713100
2018-10-18,225.41534423828125,229.0756038976606,223.36440753653628,227.3583219295818,2235200
2018-10-19,222.90313720703125,227.52508438289433,221.6078240642682,225.19939932464519,1792700
2018-10-22,221.54901123046875,223.93357279501973,218.35977318788946,223.52142690633846,1872800
2018-10-23,219.15460205078125,220.52842152305104,213.80649878396835,217.7120841181433,2668200
2018-10-24,216.4364013671875,234.5218413321903,216.0929539615719,230.49848906318837,4875800
2018-10-25,225.88636779785156,228.33962777224326,218.3990135644847,219.0761157131785,3652600
2018-10-26,225.69993591308594,226.99526447169887,221.27425995151532,222.26537167093028,2096600
2018-10-29,224.08074951171875,230.60641439782813,220.47935105486044,229.43866037171173,2161500
2018-10-30,228.31997680664062,228.81062875704993,223.95317744269974,223.99242301038842,1848800
2018-10-31,229.2816925048828,231.62700865921153,227.79992873323982,230.2728192096049,1982900
2018-11-01,229.2914581298828,231.793785908747,227.7704341879451,230.1353800285799,1794100
2018-11-02,229.8312225341797,233.54055055484307,228.80085031210405,231.509244033593,1781300
2018-11-05,232.09803771972656,233.20690111242874,229.33075311595812,230.92047585635103,1118500
2018-11-06,233.77606201171875,234.38448071088197,230.97935442493937,231.73494777018027,1271900
2018-11-07,240.93951416015625,241.29278411733748,235.51290549394713,235.51290549394713,1830600
2018-11-08,240.9788055419922,241.99935500808843,239.4381512340624,239.6442316410915,1061900
2018-11-09,238.89846801757812,240.4194922900337,236.4942760893801,240.17416627749284,1358400
2018-11-12,231.92141723632812,238.7513006503343,231.68591382538807,237.95644669138585,1689200
2018-11-13,230.62603759765625,234.32554237258543,229.62510346688487,232.31388143640464,1300100
2018-11-14,230.6849365234375,234.6199600093297,230.0078343958341,233.20687991233305,1318900
2018-11-15,233.24618530273438,233.54057954179765,224.57146022921592,229.4681583440337,1398500
2018-11-16,236.55311584472656,238.69236613391436,233.2461264917608,233.5405206565952,1620200
2018-11-19,228.52606201171875,237.04377286235626,227.25036391917138,236.35686311206447,1729200
2018-11-20,229.0363311767578,230.95969346709725,226.8480276063562,227.20129761994875,1463500
2018-11-21,228.66346740722656,233.19708719750565,228.3690732059138,230.50830878666522,1904800
2018-11-23,230.61627197265625,231.3130044744854,225.99433803034646,225.99433803034646,772200
2018-11-26,235.69944763183594,236.8475716975657,231.40133063691442,232.7260972369558,2123500
2018-11-27,237.46572875976562,237.76993056353513,232.72602927347918,234.34517466867567,1124400
2018-11-28,242.77456665039062,243.1670971747379,236.4647900782815,238.05449752473967,1901700
2018-11-29,243.9227294921875,246.061964911109,241.25358155628788,242.28393872267102,1378300
2018-11-30,244.8843994140625,245.76756696413938,243.09841906916117,243.85402728996633,2201700
2018-12-03,247.2689666748047,249.16289109637424,246.72924650422735,248.90774248473218,2266900
2018-12-04,239.33021545410156,248.26989487645912,238.75124972767628,247.75961263907104,2185600
2018-12-06,237.5148162841797,237.74052698768512,229.83121905311904,235.10081680177674,2023500
2018-12-07,231.45034790039062,238.44704978450827,229.67419016465203,236.93583333165756,1564800
2018-12-10,232.64756774902344,233.75644612552264,227.2307651590378,232.51999343002464,1130700
2018-12-11,233.0597381591797,237.51485246027673,232.2550615601438,236.82794254251021,1597700
2018-12-12,236.7592010498047,240.57647270093517,235.62088490858343,237.45591844807132,2087300
2018-12-13,237.00457763671875,240.78258955257766,235.24803485909965,237.07326113958243,1197000
2018-12-14,229.9734649658203,234.2451352194711,227.66577018516233,233.95054863815992,1752500
2018-12-17,224.7492218017578,230.8277740861877,223.07983306870366,227.82287136987887,2030200
2018-12-18,226.1534881591797,229.19766416224675,223.34498140452268,225.96690668148372,1592400
2018-12-19,224.2484130859375,231.7312113351263,221.40063314414658,226.88015289597251,1674300
2018-12-20,215.7050323486328,223.904681876287,213.8883355456142,222.8048522352256,3775900
2018-12-21,211.9047088623047,217.24676442290652,211.06019250553226,214.52664887651227,4062800
2018-12-24,204.71653747558594,211.11915027919576,204.71653747558594,210.38265389023022,1715000
2018-12-26,214.04551696777344,214.08479018682928,204.58889742379924,206.56271756870004,2067200
2018-12-27,217.10931396484375,217.10931396484375,209.25335240851763,210.7067160849594,2067600
2018-12-28,218.44482421875,221.37116565190522,216.05858312998345,218.55284428762772,1728600
2018-12-31,219.76071166992188,221.91128367725446,217.04059560028116,220.38918803417837,1640000
2019-01-02,215.46937561035156,217.3057017595504,212.18951538123954,215.901455877,2725100
2019-01-03,208.3498992919922,215.05692764635566,206.28771856526902,214.82124342727752,3125000
2019-01-04,217.76724243164062,220.47755867727898,211.75743681575915,212.1207702319701,2865400
2019-01-07,220.703369140625,224.3465770662527,218.002882977614,218.002882977614,2931400
2019-01-08,225.83924865722656,226.89980525608303,221.57739314660415,222.58884698935424,2876600
2019-01-09,232.1338348388672,233.81305315231154,226.9980043572089,226.9980043572089,2989000
2019-01-10,234.55931091308594,235.1877870724979,230.18943644654544,230.18943644654544,1885700
2019-01-11,235.67884826660156,235.6984923661599,232.26150916227198,233.45954450635182,1369200
2019-01-14,230.8081512451172,234.37279870914574,230.57248198075695,233.66576094794902,1613800
2019-01-15,231.23043823242188,232.52666425769183,229.66906927632374,230.76889923522666,2375800
2019-01-16,230.40553283691406,234.6968469592199,230.24841001265048,232.7328566080967,1671800
2019-01-17,233.8817901611328,234.4808078201379,229.5021000505543,229.9145362279592,1799000
2019-01-18,236.32693481445312,237.62316050237584,233.94067902614984,236.0028746464586,3125300
2019-01-22,236.3662567138672,236.4546326913282,233.2729776302632,234.28443155202874,2007300
2019-01-23,237.1125946044922,240.11749786145836,234.39246339499107,238.06511627170113,1945700
2019-01-24,236.24842834472656,237.09294489233946,234.01929484392414,236.44482440564747,1672500
2019-01-25,236.5626220703125,239.92105861858477,236.24839141876558,238.133820280217,2003300
2019-01-28,233.5970001220703,235.67882494754232,232.34004758774125,233.80321070282798,1799200
2019-01-29,232.63467407226562,235.610118549352,232.18296463796784,233.7737921845918,1736800
2019-01-30,240.6477508544922,241.4824528012051,231.65267086972855,234.47100739461436,2539400
2019-01-31,241.2467498779297,241.52170732482438,236.79831298859972,239.2041981409569,2218000
2019-02-01,239.04708862304688,241.24676330468594,238.17311347876338,240.9521617426005,1622500
2019-02-04,239.20420837402344,239.66574731906766,236.25822275921743,239.14529105917654,1200500
2019-02-05,241.5806121826172,242.21891799604583,238.54625088178426,239.20418580893838,1626100
2019-02-06,242.79832458496094,243.40715684261102,240.7754167755548,240.7754167755548,1033100
2019-02-07,238.53643798828125,241.43332059295497,236.58226230691753,240.69682425359437,1147600
2019-02-08,239.12564086914062,239.19438772408284,236.56263285017553,237.1420213942145,794600
2019-02-11,240.16661071777344,241.70833563054325,238.99803385004844,239.1256830568001,1233000
2019-02-12,243.8588409423828,244.82119192890897,240.8441088429648,241.9832267362726,1189200
2019-02-13,242.93582153320312,245.1747696633205,242.01274353526608,244.73287476628195,1014500
2019-02-14,241.7082977294922,242.93579172848084,241.31550564343885,242.41533547163425,996300
2019-02-15,247.94398498535156,247.96361410174393,243.22057526684372,244.3302346894026,1718200
2019-02-19,246.31387329101562,247.66903154706432,246.17639455373956,247.13874571467198,1099900
2019-02-20,247.67884826660156,248.0618258226451,245.32206561157344,246.43171007782033,1091100
2019-02-21,246.9226837158203,247.04053332595961,245.2041921598565,246.3531247163283,840300
2019-02-22,247.56100463867188,247.82613256349458,246.64774127877484,246.92269874574083,1118000
2019-02-25,249.2696533203125,251.12562361431674,247.96359793059733,247.97342747221077,1194700
2019-02-26,249.4169921875,250.5953835532689,248.27787404083105,249.16166381914294,1198300
2019-02-27,254.47418212890625,254.9062323301372,248.50363613520173,248.50363613520173,1759100
2019-02-28,254.896484375,255.4267401708391,251.97012808428596,253.20745154413706,2061300
2019-03-01,259.3056640625,259.6886565957963,255.01434960257032,256.3007609863167,1433700
2019-03-04,254.77871704101562,261.3875268651254,253.66905745054578,261.2107748864986,1342800
2019-03-05,249.87850952148438,255.6133430087777,248.84741154677872,255.03396942689682,2900200
2019-03-06,246.7165069580078,249.8883476122201,246.38261716488606,249.42680861802103,1533100
2019-03-07,246.29421997070312,247.1878392215759,243.79012915028486,246.70665616709258,1227500
2019-03-08,245.3514862060547,245.60679954245373,242.22873393935825,244.77209769859877,1169200
2019-03-11,249.7410125732422,249.84901765454288,245.1354529438161,246.35311733432923,1589300
2019-03-12,250.33021545410156,251.56752401613204,250.07490209547683,250.93904768531468,1297200
2019-03-13,254.20907592773438,254.33674009024537,250.1338021091002,252.0585041835763,1569100
2019-03-14,256.9115905761719,257.35382503712174,254.35652144762565,255.33923803628727,1513900
2019-03-15,258.54290771484375,259.8204572939606,257.48158697831553,257.92379145598113,2371800
2019-03-18,258.97528076171875,259.4371587211684,256.58728683930235,258.50356604032515,1449200
2019-03-19,261.36322021484375,262.7881708538745,259.4960652324088,259.8891457565864,1551300
2019-03-20,261.03900146484375,263.2206334011859,258.3463677199465,261.23552678038226,1524200
2019-03-21,266.3653564453125,267.00414630898206,259.56497349946585,260.0464950981081,1424100
2019-03-22,259.25054931640625,265.1861679344952,259.0539939355537,264.20345101051345,1736500
2019-03-25,264.1541442871094,264.83222097142107,259.4469545384938,262.25750891916414,1638400
2019-03-26,266.74859619140625,267.2399544912003,264.3507652892008,267.0827162364505,1459000
2019-03-27,264.20330810546875,266.75837672383716,261.47135773409104,265.9721856158107,1051200
2019-03-28,265.628173828125,266.836925536753,263.515340020296,265.43164858444214,771700
2019-03-29,268.9892272949219,269.2054261773454,265.3924804274046,267.7903116724161,1193800
2019-04-01,271.4164733886719,271.878351344731,269.4510403824844,270.3846330564745,1143700
2019-04-02,270.0603332519531,271.7604436833347,268.30126222666274,270.9644456754367,900900
2019-04-03,271.9766540527344,274.0403349072747,270.8170256797397,272.0847384827722,1184300
2019-04-04,270.29608154296875,272.22222690730115,268.0554897839516,272.22222690730115,937500
2019-04-05,271.7113037109375,272.38938056557987,269.8539849278833,270.39446706297235,839800
2019-04-08,273.60791015625,273.7159945637548,269.24464699091317,271.91763676796523,1062600
2019-04-09,272.9986572265625,274.77737185864413,270.6991040003928,272.19285241372484,1242800
2019-04-10,274.03045654296875,275.2686587341811,273.19514165857805,273.3818601617991,980800
2019-04-11,275.66180419921875,276.17280596272917,272.67433775916413,273.75533186478845,1027600
2019-04-12,275.79931640625,278.08906212001904,274.8362736510365,277.7352686663801,1635000
2019-04-15,272.76287841796875,276.290828206289,270.2766060606227,275.5243102855695,1801000
2019-04-16,262.2181396484375,274.934489151805,261.15681939181,274.4824481156597,2443000
2019-04-17,253.0593719482422,264.9305757818448,248.84350915899134,264.30165272615653,5077300
2019-04-18,255.2901153564453,256.8526311406619,251.3395904535568,253.6882825112681,2960100
2019-04-22,254.6119842529297,259.19144619976703,253.3934255339866,255.50625976090777,1989800
2019-04-23,259.35858154296875,262.8373767580067,249.74759927813633,250.59273616461178,3099800
2019-04-24,257.039306640625,261.9922058375266,255.15250789236512,260.40021002176815,2770000
2019-04-25,264.8912353515625,265.7855110152503,256.15490077421566,256.48902080403377,2053700
2019-04-26,268.4979553222656,268.75347135375023,263.378007856176,265.33360520136944,1550100
2019-04-29,267.8099060058594,270.45341595019744,266.9942644571089,269.22502025078865,940400
2019-04-30,272.6546630859375,273.09686744901074,265.97217391719715,268.55672271405405,1380700
2019-05-01,271.7113037109375,273.313136570741,269.15626453764645,272.38938056557987,1491900
2019-05-02,273.00848388671875,273.2443262631995,268.88106235752963,270.70893074564344,1353800
2019-05-03,273.8241271972656,275.1704439411177,272.9396583963727,274.1778907255219,1254200
2019-05-06,274.1385803222656,274.75769650186345,266.02136260677975,268.0653996854879,1320300
2019-05-07,267.0040588378906,272.5957175732437,265.0484328015611,271.7210855788332,1480900
2019-05-08,265.83465576171875,269.18572269801604,265.42190162713496,267.48561231979755,1691100
2019-05-09,264.35076904296875,265.0190091425463,259.28978448125036,263.14201681186415,1550700
2019-05-10,264.5277099609375,264.69478501824074,256.2925381003681,263.5941469634879,1548500
2019-05-13,256.5676574707031,258.9163647298118,253.57038359448578,258.3758825521769,1628800
2019-05-14,262.76861572265625,264.75369253113547,258.14983553692275,258.47411883117854,1845200
2019-05-15,258.4936828613281,261.2649198087584,254.54314446393516,257.9630077053866,1834200
2019-05-16,262.4049377441406,263.82988860388616,260.3707374691547,262.3164968617609,1340000
2019-05-17,257.20635986328125,262.3951009670917,256.75428875153466,258.79835554431855,1320500
2019-05-20,258.3659362792969,260.56721111136665,255.75190742115382,257.64854261093257,1525300
2019-05-21,260.7736511230469,263.3680372283192,260.5279719838413,261.3829605799852,1420800
2019-05-22,266.96478271484375,268.5469419718559,261.5991587261066,263.0044362009924,1740200
2019-05-23,266.3358154296875,266.65029190778586,260.78347319445476,264.29177830230344,1567500
2019-05-24,267.1023254394531,271.87834309442405,266.94511719504106,267.7017980830153,991500
2019-05-28,261.77606201171875,270.0799995828187,261.4222684282746,269.08747617482646,1676800
2019-05-29,260.1839904785156,261.27479123199004,257.57976815835997,258.29716189045774,1232700
2019-05-30,263.34832763671875,263.8003687422331,260.26258402704707,261.1273791785505,771400
2019-05-31,262.3656921386719,264.63576511552156,260.42973921143096,260.9505778167226,1266700
2019-06-03,260.6950378417969,266.7485752181116,260.1447189885072,263.6530241708251,1659900
2019-06-04,263.3385314941406,263.83972648654856,259.73194888332307,263.2206103171332,1575800
2019-06-05,270.0406494140625,270.97421200503805,265.33342943536314,267.1121437297754,2198200
2019-06-06,271.4852600097656,273.35241529381,269.8735906131396,271.00370854899853,1940600
2019-06-07,276.8214111328125,277.62724585418033,272.7333069257691,274.0992972454141,1334500
2019-06-10,278.8557434082031,279.8482670350299,277.6568276496398,277.98111101500854,997600
2019-06-11,280.12335205078125,283.09117534697805,277.5486393827832,281.6269072342375,1214800
2019-06-12,280.2903747558594,280.8505303053828,277.83358373878264,279.92677448375196,882100
2019-06-13,281.4802551269531,281.62778486349,278.834983329399,280.11338431530885,1301500
2019-06-14,280.5165100097656,282.29640968333035,279.63145182104915,281.68672427162676,1381100
2019-06-17,281.1754455566406,282.3653468472014,280.06423080287306,281.11644565910615,681600
2019-06-18,284.39105224609375,285.17773744880236,281.2540947333476,283.15199454221676,1360500
2019-06-19,287.9115295410156,288.45237190512086,282.65048559423263,283.86004343938083,1534700
2019-06-20,288.46221923828125,292.4645488207356,285.59079099488787,291.5598337515107,1590300
2019-06-21,289.5635986328125,290.51747030399287,285.5317689914278,288.5114138077927,1701600
2019-06-24,290.6354064941406,291.10743557177625,287.14445001343375,290.2912505107771,942100
2019-06-25,288.6490173339844,293.41837481589624,288.2261748175764,290.5666036443774,1191600
2019-06-26,287.3707580566406,289.1801586060791,285.0696715966984,288.4721296945487,1172300
2019-06-27,288.8851013183594,289.48497367684695,285.95467277958335,287.8919162813817,850100
2019-06-28,288.79656982421875,289.23909905675356,283.8895550493485,287.69519841271534,5248000
2019-07-01,294.4312438964844,294.7852432069572,290.10441560005637,294.1559010960784,1640100
2019-07-02,296.1029357910156,296.1816223054749,290.605893490084,294.20503626873057,946400
2019-07-03,300.3511962890625,300.3708829285684,296.49639622118605,297.725610785454,883000
2019-07-05,295.6506042480469,298.74821814387127,293.7330480316382,297.46984733293215,1046800
2019-07-08,292.8580322265625,294.5887766639082,289.9669159551481,294.3232469999181,1223200
2019-07-09,291.96307373046875,292.64160265541284,290.85185882410735,291.30423144748676,886500
2019-07-10,291.5893249511719,294.1952836002698,291.2549822210876,293.57575471418596,842900
2019-07-11,290.6354064941406,293.9100500756424,289.61272184110067,293.18236483980365,804700
2019-07-12,286.1020812988281,286.64292357193216,283.50596636365526,286.1119246161946,1640600
2019-07-15,284.0271911621094,286.7019629745594,283.44700554968136,285.9742776318731,1629000
2019-07-16,281.4507751464844,283.2011753811021,280.3100604977273,280.81158961324724,1959800
2019-07-17,282.2275695800781,283.59447012331583,279.8084845293657,281.81454042014616,1671500
2019-07-18,288.8458251953125,289.01298160465694,282.23756514251914,282.23756514251914,1543000
2019-07-19,285.0007019042969,290.6845873072213,284.86301550559034,290.61574410786807,1593100
2019-07-22,286.87896728515625,289.632395373484,285.16788053515967,286.16109531457437,1106100
2019-07-23,288.73748779296875,289.49470293056834,286.1512163694458,287.54761687545584,1025100
2019-07-24,283.5650329589844,284.2337484848322,273.8886595798264,284.2042485359066,2538300
2019-07-25,285.7579345703125,286.98714900547685,283.3388489647421,284.48937687038983,1214300
2019-07-26,282.4339904785156,287.2918458596304,281.73580543680646,287.2918458596304,1274000
2019-07-29,284.1156921386719,284.38119162615686,280.9983914421076,283.70266292580243,1060000
2019-07-30,279.18896484375,281.7752363075773,278.7169357899725,281.19505080966394,1343300
2019-07-31,273.0625,279.74944197961804,270.9974145355576,279.2774130131405,1903700
2019-08-01,273.1903381347656,279.51340745818067,271.1842525759928,274.80308123361004,1552000
2019-08-02,270.2500915527344,273.21001858016086,266.4936062110965,273.21001858016086,2096300
2019-08-05,263.99591064453125,267.2312113578231,262.0586675439429,264.16309700788196,2569400
2019-08-06,271.3712158203125,272.70861678919056,265.520172860564,266.88704376664475,2287500
2019-08-07,270.220703125,271.7645738022012,264.6843159539866,267.8310872164861,1664300
2019-08-08,275.8357238769531,276.32740965926496,272.4430799749539,272.826609290014,1348200
2019-08-09,271.77435302734375,276.2880242187448,271.06632440848983,274.1442817375338,921900
2019-08-12,267.47711181640625,271.695784960757,266.4740834507393,270.16172745556105,1183900
2019-08-13,270.5943908691406,273.43631934008846,265.7758457629698,267.5459327438452,1905600
2019-08-14,264.99896240234375,270.72216171987577,264.8907759321735,268.1064199409627,1856200
2019-08-15,268.7652587890625,271.4006871725585,266.2576735005321,270.0928162989205,1603700
2019-08-16,271.55804443359375,272.73810228418347,269.6896445119248,271.9907303114688,1035100
2019-08-19,274.8719482421875,275.5406635661546,271.4301485260298,273.9672634081744,1089100
2019-08-20,271.5973815917969,274.7638390759011,271.4105386028189,273.37728163617265,1031000
2019-08-21,273.64276123046875,275.05881851225365,272.3938902988051,273.64276123046875,749600
2019-08-22,273.5445251464844,276.23895406185284,271.57778170224503,274.7835531094713,845700
2019-08-23,264.8809509277344,275.56038175244936,263.01255095213736,273.4756388316705,1758500
2019-08-26,266.4150390625,267.83106651459485,264.4187959749532,266.02166642623723,1052000
2019-08-27,268.3915710449219,269.51262893785866,267.06401354385525,268.35225779297446,1002600
2019-08-28,271.4694519042969,273.40669437464635,266.4935960178352,267.4966238412747,1316600
2019-08-29,281.0180358886719,281.97190735289536,274.18362262304754,274.547465241649,1858500
2019-08-30,282.2866516113281,285.35476622905634,279.8872224851315,283.82070892019226,2165900
2019-09-03,278.81536865234375,281.49014079762037,276.5732824430768,279.70039715413725,1590000
2019-09-04,281.1458740234375,284.44017417755975,278.76613206847964,280.3296889752775,1288300
2019-09-05,289.1308898925781,289.80941865717364,281.7064467566468,283.6043466297362,1470500
2019-09-06,290.1437683105469,291.9826983459853,288.62939770741207,290.9304835687844,2337300
2019-09-09,287.1641845703125,291.7467001585233,286.2398127987353,291.2845142727347,1568400
2019-09-10,284.6860046386719,286.30856135738804,280.29033352208484,285.1875336283178,2428400
2019-09-11,290.0356140136719,290.1831137475331,281.4901126472566,284.7057268859073,1293700
2019-09-12,290.06512451171875,292.78905306317046,289.5045954925376,291.0779960679016,1108200
2019-09-13,292.7005310058594,293.0840603088616,288.8752313450004,289.19973074667195,1083000
2019-09-16,290.6045837402344,292.18883868466855,288.97117085763017,290.68332052330214,1062900
2019-09-17,288.02655029296875,291.18521102249395,286.72769348185176,290.0437677411639,1514500
2019-09-18,290.24053955078125,290.4078327106199,286.3635783778986,288.01672067592006,1221700
2019-09-19,290.5259094238281,292.0117585699655,289.19750383212073,289.2565414113711,1003800
2019-09-20,291.58856201171875,294.2945606681749,290.83089319845254,292.5332231637828,1775000
2019-09-23,285.8026428222656,290.8800533907588,285.4877558016412,287.8690175755756,1032300
2019-09-24,280.5972595214844,288.9809232109485,279.8297412261762,287.81981117971156,1465200
2019-09-25,277.8125915527344,282.7424391172492,276.5530732763441,281.5616576246058,1952000
2019-09-26,282.2602844238281,283.50010346986113,277.13365504029804,279.3181052712334,1693700
2019-09-27,282.8013610839844,285.52705805789896,280.6464004564277,283.73617232580926,1144000
2019-09-30,286.60955810546875,288.79403845998087,282.20125903278506,282.31933418233405,1519400
2019-10-01,282.8013610839844,288.9316868457043,282.5159929108054,287.1112823390976,1822000
2019-10-02,275.05743408203125,282.1422439116516,272.5777656563079,280.44976323175825,1964800
2019-10-03,278.3834228515625,279.426460371466,269.91116786788814,273.6995735913427,1848800
2019-10-04,287.62310791015625,287.76088228586053,278.2455917221542,278.32432851663907,1742000
2019-10-07,284.5332946777344,289.335216969078,284.43488872338105,285.84200077986213,1915300
2019-10-08,267.57904052734375,280.25296190915907,266.00463494668736,277.59615061497084,3933200
2019-10-09,272.085693359375,274.3488800479814,270.7769572945335,274.2406545241943,1733800
2019-10-10,276.1694030761719,278.0389967959531,271.8496292960281,271.86932851188726,1129400
2019-10-11,279.1017150878906,283.3132329915138,278.80649713306434,281.08938385484265,1283600
2019-10-14,279.701904296875,282.13238466643094,278.95405494338496,279.54446074723046,749100
2019-10-15,281.4436340332031,283.36244580523544,280.65644614325265,281.49285204463325,1183200
2019-10-16,276.0708923339844,280.4398524374578,274.85074258538083,279.41648456773294,2103500
2019-10-17,277.08453369140625,279.9086086553062,276.5630149353128,277.48797726186257,1028100
2019-10-18,276.9171447753906,279.396812635653,275.9036265198446,276.55303974595455,1186400
2019-10-21,279.0032653808594,280.0069341996884,277.054935289771,280.0069341996884,1053200
2019-10-22,276.4940185546875,282.5948276574613,276.2086803118342,278.8260926380368,1047100
2019-10-23,292.1789855957031,295.19987148762124,285.39924416243167,293.78290970213794,2094500
2019-10-24,288.74481201171875,291.54921655692453,285.99944503342,290.59473585288697,1230900
2019-10-25,291.9329833984375,293.42868195424353,285.93058005304545,287.3082034658739,1061300
2019-10-28,295.1014709472656,297.49258274322534,291.84443470767826,291.84443470767826,1399600
2019-10-29,293.1827697753906,295.84940098302883,291.92325115801054,292.24795789834224,1225900
2019-10-30,297.0301208496094,297.60085746476716,290.9293410183945,293.49756569874563,1395400
2019-10-31,297.14825439453125,298.7423291799041,295.4852924198425,297.0301492002944,1505900
2019-11-01,298.7423095703125,300.3954218296481,298.26997891223635,300.1199031197589,990500
2019-11-04,295.9576110839844,301.1039408841504,295.81001711882095,300.74971536775814,1052000
2019-11-05,287.9479064941406,295.10157522869343,287.2787937437206,295.10157522869343,1876800
2019-11-06,289.8567810058594,290.49637476565806,285.98966962976885,288.5775634569762,1017000
2019-11-07,288.8432922363281,291.2048856076847,287.1015934768876,291.16551720986354,1210200
2019-11-08,289.93548583984375,291.26389135016956,287.84941142269713,290.89981629066756,788800
2019-11-11,288.83343505859375,291.56895306432494,287.564067018413,287.95769092772883,773100
2019-11-12,291.23443603515625,293.9502852233445,289.60099268496276,289.80762424471425,791000
2019-11-13,295.2195739746094,296.3118292375673,289.78790653698917,290.0929440362641,1286600
2019-11-14,296.02642822265625,296.3609844742841,291.06706196176464,295.3474661142902,860800
2019-11-15,301.9009094238281,302.03868377939773,297.6598736267289,298.08298624006267,1626900
2019-11-18,296.1740417480469,301.6254081565795,295.09166616852144,301.1038895490548,1233600
2019-11-19,301.5171813964844,302.10755715410846,296.75459673688806,297.3942205231237,1767500
2019-11-20,302.4125671386719,305.69915204677,299.77545556347167,302.1075296818762,2329700
2019-11-21,300.4249267578125,302.0288509707425,297.6402209981024,301.64507669827105,1058600
2019-11-22,302.8455505371094,303.1899564080334,299.0571760448002,301.212107573563,841900
2019-11-25,305.6302795410156,305.7680238687849,302.7077995491185,304.01650579470646,1257600
2019-11-26,308.4347229003906,308.8873543614156,304.59709998569883,305.049761476012,1709600
2019-11-27,310.3731384277344,310.9733637143355,307.2735159500993,308.6412896820439,864000
2019-11-29,308.9266662597656,310.80607894727535,308.0312230787211,309.78274105118106,667100
2019-12-02,308.03131103515625,310.7963481178045,304.2625749207042,310.6093857502838,955500
2019-12-03,307.88360595703125,308.1197562184478,303.77046538525065,304.20342755070124,922700
2019-12-04,310.58966064453125,311.03244246476135,306.89966199618414,307.18500027057047,985700
2019-12-05,310.94390869140625,311.6720588682102,306.75206031296636,310.80613431780114,844300
2019-12-06,314.99798583984375,316.4543162372734,312.8332044715054,313.54168547170246,1199400
2019-12-09,311.36700439453125,315.60804051572507,310.75692941160855,314.299334184225,889900
2019-12-10,312.0165100097656,312.9906602555661,310.1272471070439,312.15428440334557,1301500
2019-12-11,312.9906005859375,313.9352618864972,311.01278167695517,311.7803002153558,1355600
2019-12-12,314.25006103515625,317.01512721423757,313.0397608876558,313.5809485925549,1187200
2019-12-13,315.3718566894531,316.2771494909627,312.4100084259943,314.1615264289017,735200
2019-12-16,316.5041809082031,319.18224903895606,315.8346713872903,317.68569304272125,915700
2019-12-17,314.8598937988281,317.8234690233605,314.7811103104855,317.71517928576054,1375900
2019-12-18,314.6728515625,316.27772726569157,311.7880294951102,314.3873139715573,2424400
2019-12-19,318.2665710449219,319.13300920905345,314.2002369615452,314.7417758376772,1546600
2019-12-20,321.6829833984375,325.05027073495154,319.06398881383575,323.34693119860594,2275300
2019-12-23,322.9826965332031,323.6817422248974,320.58031100843544,321.87011265733577,1319000
2019-12-24,321.4762878417969,323.96728227224776,321.3581426588658,323.2189893842226,489200
2019-12-26,320.6886291503906,321.7519959769768,318.73917338014735,321.51567554490276,680700
2019-12-27,321.51568603515625,322.59873374679455,320.1274499310333,322.09661666233933,628800
2019-12-30,320.029052734375,322.362510993049,318.4931047654477,321.53546439801937,606600
2019-12-31,319.8616027832031,320.22589383188205,317.9613640418181,319.85174733417915,875800
2020-01-02,321.3384704589844,321.8996901925849,317.5970656625142,320.97417941871385,1173300
2020-01-03,317.8431396484375,320.27506123047027,316.3760903231258,316.52380183327904,819600
2020-01-06,320.1274108886719,320.3144540620026,313.73744519286856,314.9091016588698,1010000
2020-01-07,321.93902587890625,324.1641634811347,319.9698594769125,320.41290388910426,917700
2020-01-08,322.4510192871094,325.4933779703041,320.206170644796,321.15136216600774,939100
2020-01-09,324.5285339355469,325.75926323820056,322.2246122866313,324.3020989740039,901900
2020-01-10,323.6620788574219,326.86197458075566,322.64795926083383,326.27121859164373,801400
2020-01-13,326.90130615234375,326.9702341882591,321.6731717176469,323.8195859485149,1379100
2020-01-14,327.6693115234375,329.9240157025859,322.98271542883776,325.3752456460431,1069800
2020-01-15,330.0323791503906,331.6963275578948,327.8662835763905,327.8662835763905,1350600
2020-01-16,331.54852294921875,332.9958613930978,329.6876764054276,332.0014528357232,842000
2020-01-17,333.9608154296875,334.1084969168152,330.1012356325275,332.1688665936097,1100300
2020-01-21,332.06060791015625,336.44198602259763,331.58799706004555,334.36452946613167,1340700
2020-01-22,334.8075256347656,336.983476273864,332.32638663584896,332.57253245091556,922500
2020-01-23,330.20953369140625,334.6500137437907,327.73822013007003,334.285692703386,1213800
2020-01-24,328.5358581542969,332.50372897777635,326.4091539097393,331.92282824224696,945800
2020-01-27,325.857666015625,327.4920778263522,321.673187177329,322.313160284355,1236100
2020-01-28,328.1222839355469,329.2840851731957,324.1445584598405,327.10816420317514,1667000
2020-01-29,328.7425537109375,332.43474132461637,328.2502620291137,330.4557191486126,1434400
2020-01-30,314.92877197265625,319.98954410823524,312.11287840710946,317.0357944703131,3670000
2020-01-31,308.36163330078125,318.000711819916,306.1266401197277,317.2622743756401,2623700
2020-02-03,313.4322509765625,316.6026104738373,310.25203603100067,311.925839696475,2693900
2020-02-04,320.9347839355469,323.5734901787994,316.06111432689954,316.8783052957985,2019700
2020-02-05,327.364013671875,328.50613363294366,324.06568444174616,325.16841266702886,1786600
2020-02-06,326.881591796875,329.2938324298754,326.3499085054654,328.11232068165236,1636200
2020-02-07,321.1809387207031,325.34573727064225,319.8222088371584,324.9125181759729,1577300
2020-02-10,328.7917785644531,329.5794332549875,319.5662370384394,319.5662370384394,1781600
2020-02-11,332.5726013183594,332.9566032919868,329.8453159396237,331.3714082902135,1808400
2020-02-12,329.4120788574219,335.69372582385523,328.71300300206434,333.7442398541376,1948400
2020-02-13,330.4163513183594,332.2083003812139,326.3894086751984,328.3585755450337,1560100
2020-02-14,333.9608154296875,334.16756951166633,329.88462610237417,331.371356516022,1467700
2020-02-18,332.1688537597656,333.1337561835497,329.35296002366664,332.91714666176534,1462400
2020-02-19,334.5023498535156,335.04388874392845,330.140652666027,332.8777932764779,1189400
2020-02-20,330.8791198730469,336.0875748637646,328.0632255599791,334.7583811644264,1505700
2020-02-21,329.7763366699219,330.4261652609909,327.96470698289517,328.76221706123033,1540100
2020-02-24,318.1680603027344,321.14152084577245,315.57860163661655,319.26096329719604,2638300
2020-02-25,304.8565673828125,321.948921032764,302.6313992513815,319.7730001003097,2378300
2020-02-26,304.39373779296875,313.72759710292223,303.556836085338,303.9801996390133,1944800
2020-02-27,292.5,306.9044588045035,292.43110200327345,299.3133298071223,2231900
2020-02-28,286.31683349609375,291.2397503722102,280.4388695441267,284.16059350058674,3961600
2020-03-02,300.258544921875,300.258544921875,284.40674618982064,286.5433053862044,2741000
2020-03-03,305.5752868652344,319.97974668579127,302.71017563833766,310.76406056691803,3895900
2020-03-04,321.604248046875,322.8349769595322,309.97629363676486,313.62911868343804,3043500
2020-03-05,308.0662841796875,318.6997718360584,305.3192883504042,313.7571744706475,2192400
2020-03-06,306.3727722167969,307.8988641811317,298.062887478849,300.3569531489612,1922800
2020-03-09,290.7967529296875,293.8292569952807,283.5895942457013,289.34941393206,2520100
2020-03-10,302.95623779296875,303.2220644181963,288.56160735088343,301.04614413797674,2707500
2020-03-11,284.9187927246094,295.60153025970686,280.86231330304145,294.7941645367836,2566400
2020-03-12,279.936767578125,291.2200852545671,264.4098676818827,270.0416860942979,4519200
2020-03-13,295.72198486328125,296.73688986253495,268.2209792162644,293.2881794671568,4534400
2020-03-16,275.2562561035156,289.18902506068264,261.35301623653083,267.5508475059268,3766500
2020-03-17,291.96771240234375,309.55613497111233,282.380290200141,293.613252560267,5253500
2020-03-18,298.5400085449219,298.559704630789,276.1529562225975,280.1928489616435,4570700
2020-03-19,276.72442626953125,295.5839535499932,273.6600162020908,293.65265472172234,3511100
2020-03-20,274.2906799316406,281.2669443838613,264.2204455928113,273.3940117288942,3715600
2020-03-23,251.55877685546875,270.9700854223221,246.54337051918682,268.2505214879299,3477200
2020-03-24,277.89703369140625,279.8381658332755,257.4708074515552,259.6878351738258,2691600
2020-03-25,267.69873046875,281.56255261215784,266.17145655971774,273.93598600644026,3075700
2020-03-26,279.0006408691406,280.9319101040069,266.33894206873765,270.73360572928664,2856100
2020-03-27,270.3197937011719,279.02041493747356,268.11262848234935,269.6202065238434,2314600
2020-03-30,280.78399658203125,281.986119086439,272.3888652027867,274.2117600758312,1990000
2020-03-31,279.4439697265625,282.13394350316753,276.2021748448949,279.6508838469884,3275100
2020-04-01,271.1671142578125,278.84293463611044,266.4374374557764,272.45791455538443,1927400
2020-04-02,283.33612060546875,283.76967508328966,268.04356742984726,268.05343050854924,1666600
2020-04-03,278.0743408203125,283.28682685412866,274.7044761020046,278.8035169268412,1320400
2020-04-06,299.5451354980469,302.2351404678193,287.87864435551455,290.2927236224059,2437800
2020-04-07,292.23382568359375,312.8866939983916,291.731319805168,307.5658330283842,2126500
2020-04-08,302.64892578125,304.55063576561594,286.26262197680853,293.2881416300028,1997900
2020-04-09,312.72906494140625,313.53705574045716,300.57973399460593,303.04309857436954,2445300
2020-04-13,310.6992492675781,312.23638633169077,304.6492115362269,309.7730217968477,1547900
2020-04-14,321.5873718261719,322.6121400942172,315.14320051401756,316.8379968506266,1513100
2020-04-15,321.0551452636719,322.3558086792294,316.02004365562124,317.8921942911509,1652300
2020-04-16,324.0210876464844,325.89323852751033,319.43923599623616,323.68607370527894,1830000
2020-04-17,326.7209167480469,329.42078443680947,322.3164202288496,329.3222438519002,2057200
2020-04-20,322.36578369140625,326.88851798056766,320.77936107983555,324.49413454578314,1717900
2020-04-21,314.9362487792969,320.0501963577411,311.7240115530452,320.0501963577411,2183500
2020-04-22,330.67218017578125,332.59361643700754,316.71968059789657,318.80860879901184,2321700
2020-04-23,315.8132019042969,332.36699983631894,315.1825661387041,330.4849856907364,2668100
2020-04-24,323.88311767578125,325.11479970212605,315.54707207081884,317.8823363815107,1987900
2020-04-27,337.6878356933594,338.4071489207294,325.2330809713693,325.64690934957537,1878500
2020-04-28,327.5880126953125,341.8065735524272,323.29192001225647,337.68780580254014,2361400
2020-04-29,330.7017517089844,332.43596993490945,323.86344946946406,328.583264258668,1936600
2020-04-30,329.7755432128906,332.84981746623333,326.5436100144574,326.9081831691928,2215000
2020-05-01,324.9769287109375,329.53908503691645,321.76469145602454,325.53858309054567,1603100
2020-05-04,321.9320983886719,326.0508355591413,320.56245364427133,324.3363439295035,1189000
2020-05-05,331.3914489746094,334.99781758315174,324.1195934254471,327.07563031077405,1139900
2020-05-06,330.23870849609375,334.0224335575551,330.17959014125637,332.5838368058891,1215600
2020-05-07,334.1109619140625,337.30350200172666,330.3469646983669,334.3277391418029,1795100
2020-05-08,328.1299743652344,338.8209509319231,325.5187842581695,338.8209509319231,1616000
2020-05-11,335.40185546875,336.34777897241065,326.24798499900226,326.4844583573259,1313900
2020-05-12,326.85888671875,336.6039403506775,326.85888671875,335.3919843479583,1510000
2020-05-13,329.19415283203125,335.21463090644136,325.9720831055344,330.2681760741969,1791200
2020-05-14,332.3472900390625,332.84979594427955,323.5678554388058,325.73559813530466,1147600
2020-05-15,337.8947448730469,338.17064045332984,330.4553671437366,332.55415819784326,1614500
2020-05-18,341.8854064941406,346.7037314399486,341.6489331432882,342.9003113853689,1396000
2020-05-19,337.7568054199219,342.16130200054045,336.4068865918981,340.9296198479107,1201200
2020-05-20,336.1507873535156,340.7917586692978,335.81577331651135,339.98379778964,1352300
2020-05-21,330.8298645019531,336.9587168058912,329.84451866575967,335.2836168562149,1175900
2020-05-22,335.2737731933594,335.81570135790014,330.6032136303451,332.47539471592444,1098200
2020-05-26,327.6964416503906,342.13175080139797,327.1446504387882,341.1759642258784,1647700
2020-05-27,332.40643310546875,332.5049737059044,319.5969368784401,331.5787461884743,1744400
2020-05-28,337.7173767089844,340.81137665096065,334.71208434222126,335.9437664712823,1290400
2020-05-29,344.0729064941406,344.62469774322517,335.56936732541493,340.0329826509113,1548800
2020-06-01,344.2108459472656,345.99434956629585,342.50621690449805,342.90034922286446,845700
2020-06-02,344.9596862792969,345.6592733345304,341.59965369968216,344.2009808853319,1166500
2020-06-03,342.10223388671875,347.4230955531595,340.32862335469497,346.2702577284549,1209700
2020-06-04,343.0481262207031,344.6641077286283,338.88013282936527,338.88013282936527,1763500
2020-06-05,349.0094299316406,351.1968984064646,340.50589243685033,343.0480709003886,1712100
2020-06-08,344.7528076171875,348.6153464740176,342.96933405083024,345.2356174566991,1314800
2020-06-09,342.5554504394531,347.03879172879954,341.737626682477,344.94983344026133,1672300
2020-06-10,347.6299133300781,349.4133864485376,342.75247068487073,344.2600482399874,1140600
2020-06-11,331.5096740722656,347.41313632385857,330.75096879016695,346.8022268667971,1647700
2020-06-12,335.0001525878906,340.501966513658,325.9388971968341,337.7214659934115,1523100
2020-06-15,336.0452575683594,338.00736884850176,329.17290323138286,329.17290323138286,1632100
2020-06-16,342.3555908203125,343.72610184121635,336.6762764389158,342.02035769224943,1549100
2020-06-17,344.9488220214844,348.0349774549881,342.3852404093377,345.0967145954448,1302600
2020-06-18,342.5726013183594,347.15745192289444,342.138763015689,343.86424669084016,1129900
2020-06-19,347.7884521484375,350.0266398298636,343.28246818310186,349.5139355842185,2328500
2020-06-22,347.2264404296875,348.6166907349346,343.70644689661793,347.6208306370523,1138100
2020-06-23,351.8211975097656,352.98465927683213,348.0842844514262,350.026687271719,1680600
2020-06-24,343.08526611328125,350.72669293726483,341.3992306844275,350.4999343665682,1892700
2020-06-25,346.8320617675781,347.2461609675801,338.38211513605944,342.90780836206585,1294900
2020-06-26,346.0334167480469,350.7168721473406,343.3810995989274,347.561690158114,1656400
2020-06-29,345.885498046875,348.48852773131375,344.1501750139617,348.48852773131375,957300
2020-06-30,357.2638244628906,358.87099392862007,344.69244452156585,345.5502515149197,1710300
2020-07-01,354.7298583984375,358.6639816982366,351.9986750296443,358.6639816982366,1600200
2020-07-02,360.76409912109375,364.63903478609956,356.92858141351206,356.97786890531404,1127800
2020-07-06,376.9146423339844,381.15442026615,364.8264171891787,365.0729148565122,1859200
2020-07-07,374.9228515625,380.3359292580218,374.36082980994877,375.79052793344806,1368300
2020-07-08,381.213623046875,389.46636112516984,377.17105479946434,379.15290591147453,1456800
2020-07-09,382.2389831542969,385.8969997977857,378.1766766702902,380.16839690872115,920200
2020-07-10,377.21038818359375,386.09414201848756,376.3919992282002,383.32351115464724,983600
2020-07-13,373.6213684082031,384.9405500432209,373.1678212089203,379.2711047370392,1052800
2020-07-14,382.0318603515625,382.89953678245485,369.88448058919363,373.6213628180922,869200
2020-07-15,387.198486328125,388.71689005267524,382.4164263240795,387.198486328125,1137200
2020-07-16,386.9224548339844,387.9971810059062,382.49533646041766,387.42528959219436,1002600
2020-07-17,389.8606872558594,392.9172642125357,385.2363888156399,388.3028353073847,1206700
2020-07-20,397.3246154785156,399.53322469471686,391.6255912695333,392.32563613894644,1511200
2020-07-21,397.44287109375,403.95041382328645,396.4568806829123,399.7500850443054,1486900
2020-07-22,405.0054931640625,415.0921573628702,400.80516373814027,404.0983686067578,2283900
2020-07-23,404.72943115234375,414.0568937762115,403.37859875860437,412.28212273735164,1522300
2020-07-24,400.6868591308594,401.58411417487497,393.56800589673253,397.7190178383497,1323400
2020-07-27,407.6479797363281,410.68481772100534,398.68532827282615,398.73461576966935,1312700
2020-07-28,401.6531066894531,409.1072231285858,400.92348329185785,405.8534361730032,1107000
2020-07-29,403.52655029296875,408.20013642906616,402.4814025924073,404.74916909210543,1099300
2020-07-30,404.8082580566406,406.91829217394655,398.774000999363,399.6318079216173,1142800
2020-07-31,408.15081787109375,408.56491706958934,401.8700325201584,403.2898613808045,1217900
2020-08-03,413.2187805175781,417.76421264971884,411.35527400447677,412.39055205730597,1049400
2020-08-04,409.8959655761719,413.06098660741156,406.98728160977157,413.06098660741156,911300
2020-08-05,414.0174255371094,414.43155480733856,410.03401529364834,411.0693234241996,906100
2020-08-06,409.9058532714844,414.3230715818145,403.2799957159462,413.13990100156593,1229900
2020-08-07,408.52545166015625,411.02000654999796,405.76469015402284,408.200088018022,1006700
2020-08-10,404.4138488769531,409.393088641683,402.55031247266226,408.30849312252224,1206100
2020-08-11,401.5347595214844,404.4138650062626,395.5991075744947,403.63492409006585,1337700
2020-08-12,410.3397521972656,412.18354994395276,401.5348326065964,403.1715807368766,1060500
2020-08-13,410.7635803222656,411.7988581398741,406.2477277293736,406.2477277293736,1080500
2020-08-14,407.96343994140625,410.6354657779576,404.9857293662424,408.9001128647518,898100
2020-08-17,410.9608459472656,413.85966054849706,408.7916848084816,410.17206554953384,1225800
2020-08-18,411.4538879394531,414.0273391936007,410.49747580132885,411.85814771845895,1037300
2020-08-19,414.7273254394531,417.468377866458,409.99458300535815,413.3962322267256,1230100
2020-08-20,416.19647216796875,417.1627537754884,412.715926600024,413.9484148335745,928700
2020-08-21,422.5659484863281,423.89704165627745,415.1217022862626,416.96552976495656,1301300
2020-08-24,413.8793640136719,426.3225587712515,410.61573800698653,423.53218892647675,1201100
2020-08-25,416.37396240234375,417.51771506383335,412.4497091374077,414.27379769314575,963600
2020-08-26,419.6868591308594,421.64900072834183,414.7569065272077,415.52597792977565,945900
2020-08-27,414.6385803222656,417.8824974655714,397.0288045815464,403.5658962666905,2092000
2020-08-28,418.5332336425781,418.7797312530722,409.3536650349806,414.1159856301091,1325000
2020-08-31,422.9701843261719,427.37756273970655,418.967065598626,419.5290572737442,1557600
2020-09-01,427.6536865234375,429.6453765761252,424.51821374677263,426.0958046242691,1489700
2020-09-02,434.8809509277344,435.7683363258633,424.09421286215303,428.41285590176034,1221600
2020-09-03,413.7906494140625,432.7808061223235,408.68319571811435,431.97228668477453,1882700
2020-09-04,404.236328125,414.08636193672896,395.4511506347942,413.75112883384134,2189300
2020-09-08,399.6219482421875,403.0827846180442,395.6188291129253,402.27426516493097,1515200
2020-09-09,412.45953369140625,416.55138805504293,404.1476413907833,404.82794712079766,1665900
2020-09-10,413.8498229980469,423.32517770859556,412.0553129814457,417.7839156505587,1540600
2020-09-11,425.0900573730469,427.91984508257366,419.0360617113784,419.6375315183383,1743200
2020-09-14,428.2369689941406,433.9093084023302,427.171538820186,429.5588670870531,1052300
2020-09-15,429.22357177734375,431.5615578840414,427.2998963170583,429.756286999569,1292600
2020-09-16,428.02001953125,434.816947504589,426.777027463344,432.8637086612024,1842700
2020-09-17,427.0828857421875,432.33104160719006,423.2355647529604,425.33680201391815,1304300
2020-09-18,423.2552185058594,427.9805329703924,420.32533026114055,420.9764198827899,1737800
2020-09-21,419.7236022949219,420.47334736670655,409.85866232052405,419.0133254125489,1283200
2020-09-22,424.4291076660156,425.4846633189592,416.4187823590564,418.17474022139277,1168600
2020-09-23,415.0771484375,425.9285804339861,414.52471430792923,424.9519310826289,966500
2020-09-24,412.4925842285156,415.42244228442314,409.96713208367476,413.8243269428716,904700
2020-09-25,416.5865173339844,419.0527520832353,407.2246697541526,410.15455784047896,1112900
2020-09-28,422.6041564941406,425.29726570255286,418.3129018027136,420.7495430565285,1110700
2020-09-29,428.4737854003906,430.4073051434272,424.192405202392,424.95199471794757,911900
2020-09-30,435.55682373046875,438.79252287365324,429.19395543983086,430.70329006839603,1516300
2020-10-01,432.28167724609375,446.57596548731766,430.21987832002577,439.9467246889197,1452300
2020-10-02,429.1840515136719,435.83301104151735,427.1617509770168,428.3455256428371,949000
2020-10-05,444.58319091796875,445.6485910159129,434.0572884272312,434.0572884272312,1149100
2020-10-06,439.8677978515625,445.89526138114195,439.25614631953414,445.7571377787919,1198100
2020-10-07,446.2503356933594,449.791875045378,441.84073716253715,441.84073716253715,1012900
2020-10-08,447.41448974609375,448.6180136102876,441.13052788750224,448.6180136102876,832400
2020-10-09,458.4237365722656,459.11426425288107,449.14082517431837,451.21246842697514,1066000
2020-10-12,460.4164123535156,464.9542900991566,456.2632816612027,459.489105723108,927200
2020-10-13,461.2154846191406,464.51037058074405,459.71602475263614,460.5841441878666,916400
2020-10-14,460.7025146484375,466.0591691696339,458.0290945686798,460.7025146484375,851900
2020-10-15,458.2856140136719,459.70616766983943,452.17921422782246,455.7305983682414,936600
2020-10-16,462.2611083984375,467.44020064978343,461.1858338103299,461.8763914860029,1070300
2020-10-19,455.05975341796875,464.8950982401582,452.59351880965045,462.5373635040125,1248800
2020-10-20,458.97613525390625,464.0269789156888,454.9413790466979,455.0400043467241,1081900
2020-10-21,462.42889404296875,472.5207074564263,456.1745262776103,468.5846063964259,2212800
2020-10-22,475.48028564453125,478.44964254436286,463.76073082059946,465.3194083708051,1454600
2020-10-23,473.6847839355469,477.176950626775,467.09498187680776,474.50356061705287,1164400
2020-10-26,475.9142761230469,476.10171238475596,468.58463319126844,468.65369499408894,1310900
2020-10-27,482.69146728515625,484.08242733731345,477.55184234598937,478.4495554337818,1332000
2020-10-28,470.2715148925781,479.6629564126155,469.3047701046254,475.8353551314647,1673300
2020-10-29,465.5067138671875,473.48744534866717,464.7470943497325,473.1717600973976,1330100
2020-10-30,466.7301025390625,469.04836978834584,459.2130220117194,462.724938740476,1251900
2020-11-02,474.0596618652344,482.711233187981,471.10017997631087,472.333297430029,1656000
2020-11-03,484.8617248535156,494.9535677265603,482.2869903684678,484.3881969699354,1714300
2020-11-04,504.0687561035156,511.0038065597533,492.4774535415907,493.2469175287194,2300100
2020-11-05,507.80767822265625,522.7135886154408,504.8383215486491,517.909367490065,1526100
2020-11-06,520.533447265625,525.3771669863261,507.5610860530683,511.5761242418597,1367000
2020-11-09,478.4396667480469,515.9363095067301,477.76885812159526,514.7328158503694,4192000
2020-11-10,462.2611083984375,477.44326184868953,455.7601181184437,473.8820037124796,3377200
2020-11-11,477.4630126953125,481.95154757001865,462.73466707031776,465.68427398195877,1917800
2020-11-12,479.9884033203125,491.3034879956497,476.3778325320495,478.449475457171,1463800
2020-11-13,481.99102783203125,487.68308652362174,479.5149186282616,486.3315947624163,1160800
2020-11-16,474.4936828613281,489.034623159563,473.645312573059,489.034623159563,1737500
2020-11-17,472.53057861328125,477.393986320267,470.6858398351422,472.6292340244694,1546600
2020-11-18,448.0457763671875,474.93760876002347,445.6387289282262,473.4282743508341,3527800
2020-11-19,446.98046875,453.50118009644183,443.9716437758665,452.7317159267263,2093500
2020-11-20,444.9482421875,451.10395483704826,443.6756565551931,446.6647320366072,1868600
2020-11-23,440.0058898925781,449.7623293884553,435.7935716159281,448.3614947503375,2251300
2020-11-24,433.6232604980469,439.5027557697861,429.88444015112617,438.29923199585045,2832500
2020-11-25,442.3932189941406,443.6164618447913,432.26190697298074,432.5578732179292,2650200
2020-11-27,447.27630615234375,448.46011081604917,436.0302822687552,447.3552425194725,899700
2020-11-30,458.6999206542969,460.288161300276,448.85470120529925,450.8967506976179,2557000
2020-12-01,464.7372741699219,469.36393288830556,459.0155915869102,463.6521248778503,3041900
2020-12-02,472.4220886230469,475.6873810955074,463.2575516607553,470.03476008610636,2003400
2020-12-03,470.7549133300781,474.94751251380325,465.28972855283814,473.5170842795466,1488100
2020-12-04,468.2097473144531,472.25437847509517,462.90240511933507,470.02489254492446,1650000
2020-12-07,466.5031433105469,471.64276841390614,464.63865527508995,467.44029450953514,1263500
2020-12-08,467.5783996582031,473.0731479197653,466.50312489662906,466.50312489662906,1433700
2020-12-09,455.1485595703125,471.0508363924992,452.67245025209047,471.0508363924992,2417100
2020-12-10,462.40911865234375,466.6115920964979,455.7601597221607,456.79596622482256,1564300
2020-12-11,465.0234680175781,465.52655953664777,458.7592244646214,461.6792385696495,1192500
2020-12-14,461.0360412597656,471.21153932267504,459.9602645137722,465.26020513958036,1745400
2020-12-15,464.83587646484375,467.30326290175105,459.1707367244695,463.6613981113188,1129100
2020-12-16,451.81787109375,462.3585370410165,451.6105889801231,460.2563193132192,2058300
2020-12-17,458.8746643066406,458.9239999877984,452.17323428270345,452.3804863108152,1765800
2020-12-18,460.59197998046875,463.0297591238918,449.46901213176665,456.7033763246528,3379600
2020-12-21,456.8414611816406,460.1971001448571,448.07730121972736,456.27888994042604,1282200
2020-12-22,459.1312561035156,459.3187798724246,453.5056032751684,456.3282787533371,1043900
2020-12-23,452.3608093261719,463.25679754507274,452.3608093261719,461.72699970279047,1241000
2020-12-24,452.1140441894531,456.1802924580542,450.45596763478443,451.43304308316687,442100
2020-12-28,454.7195129394531,457.45336579277176,451.38360223818324,456.0518772879432,736500
2020-12-29,456.82177734375,460.2465109029117,454.7393176605308,459.9208291477099,803200
2020-12-30,455.70648193359375,460.5129452110111,455.4597433249423,459.2496447394939,714800
2020-12-31,459.70367431640625,460.14781589741375,453.5352085772002,455.5486042279263,967200
2021-01-04,465.6649169921875,470.1654274657673,456.1408113225998,462.9310335301412,2220400
2021-01-05,471.48797607421875,476.60039392681574,464.8556396288753,465.84259427776885,2046700
2021-01-06,478.88018798828125,483.56822189731696,464.09562874739856,465.151647179275,2112300
2021-01-07,493.8029479980469,498.8956370001327,481.6338118647648,483.5188986361939,2144400
2021-01-08,505.61688232421875,512.229490882434,496.4875513210155,503.22846880974186,2221700
2021-01-11,506.6531066894531,511.88401412508773,502.32039176981453,502.349999202269,1669600
2021-01-12,492.2632751464844,508.9724373836706,489.4702072206476,505.5871907459418,2039000
2021-01-13,495.1649475097656,498.4120363383699,493.2502533170474,493.4772637013563,1410200
2021-01-14,490.4275817871094,500.7017821146898,489.5886644081489,495.45117675782836,1426700
2021-01-15,496.57635498046875,504.83716021457735,490.5164392415502,490.84212100900544,1892600
2021-01-19,500.7609558105469,507.2649519301825,496.5367919511853,503.3467716615377,1758700
2021-01-20,509.1106262207031,512.9794709211227,502.76448601413466,503.0112246344993,1257100
2021-01-21,505.6760559082031,513.2164036811696,505.33064588591265,509.07118221903573,1514200
2021-01-22,507.8868408203125,510.36410663992297,503.3567526925442,505.0345575325573,1936600
2021-01-25,512.0615844726562,515.190213153068,508.8934390620838,511.7655101910415,1509700
2021-01-26,501.20513916015625,511.4003668827677,500.58338306511774,509.475853611994,1006300
2021-01-27,476.18585205078125,494.4642398546987,472.92888389622806,493.694416494434,2504600
2021-01-28,490.0032043457031,496.77369808089355,483.2721671063804,484.9203643329987,1619700
2021-01-29,503.05078125,506.9788413563655,484.22954944081795,487.5950683052607,2586400
2021-02-01,508.7453308105469,519.720318622425,505.32062812445974,510.09751369232055,2083100
2021-02-02,511.7656555175781,518.8716812499076,511.25241979108995,513.2065708435871,1502000
2021-02-03,493.69439697265625,512.7919731818839,492.78638555107443,512.031998916141,1704900
2021-02-04,482.5812072753906,496.48739093473364,481.298178623686,493.6943232799487,2921900
2021-02-05,486.1343688964844,487.9207543626457,480.7061184454058,485.11780683497005,1678600
2021-02-08,489.2926025390625,495.5992265183738,486.8054577702105,490.5164165558228,1418800
2021-02-09,482.9168701171875,493.4674171217652,481.9299155245757,488.82874860816787,1452500
2021-02-10,478.5545349121094,487.7924151950543,477.4984862975293,487.7924151950543,1677800
2021-02-11,487.60491943359375,488.06878931117114,477.7847390066597,481.80165155084427,1027100
2021-02-12,501.20513916015625,504.6101445636394,487.298952518904,487.713486701727,1762800
2021-02-16,493.5561828613281,506.90967576433434,491.81916345862174,503.3467845506404,1467300
2021-02-17,491.95733642578125,498.9647194678907,487.6443500379079,491.08881163821235,1006500
2021-02-18,482.4233093261719,493.03306936048045,481.95943954314936,491.35526491510217,1465800
2021-02-19,472.6130676269531,483.5090548980814,471.8235159908491,482.7589898796219,1918000
2021-02-22,457.2362976074219,470.0370991825902,455.7361375511998,468.57639562191406,2127200
2021-02-23,452.82464599609375,455.3710057781148,447.1397777566651,454.8676492845715,2055400
2021-02-24,450.7026062011719,467.1847268392594,448.6694825183866,464.6877333772294,2426700
2021-02-25,445.5803527832031,452.02516451351914,442.6885833043965,451.7784258866013,2147900
2021-02-26,444.2085266113281,449.96248897104425,442.97483332384616,448.78801055180423,2153100
2021-03-01,453.5648498535156,454.591291062563,448.0181698660355,448.2649085140157,1309000
2021-03-02,456.0815734863281,461.21374942865634,452.1041476728362,453.99911374800064,1718700
2021-03-03,445.0770263671875,458.93387702300936,444.82043865911936,456.1901445113923,2001100
2021-03-04,435.700927734375,446.0343426157654,433.273028083348,440.26065273244814,2508900
2021-03-05,441.0404052734375,442.9945862598495,427.8645551008311,439.19480495711406,2749200
2021-03-08,434.1119384765625,448.1661607767823,433.71716270443085,439.7967758580719,1572100
2021-03-09,442.26416015625,455.04523279461694,441.8792635689234,444.1295185916762,2863300
2021-03-10,435.3357849121094,453.7819681182368,434.9804957265,450.7421613144369,2759800
2021-03-11,454.5122985839844,457.18696710085635,442.1655176430621,444.12954755959765,2617100
2021-03-12,444.6131286621094,451.1566418985715,441.6621443081996,449.0445749041114,1577300
2021-03-15,447.17083740234375,449.5112655725889,440.18903217184305,441.8382112957205,1701800
2021-03-16,440.8605651855469,450.0346764345355,436.4858387853179,449.6100481228615,2402400
2021-03-17,437.08819580078125,440.33715977959173,434.7181430752106,437.2857127516019,1876300
2021-03-18,440.1890869140625,447.8621421451573,432.86164118070417,435.4687205694545,2126800
2021-03-19,439.4582824707031,444.7711690431422,439.2212561002936,441.5814540945709,2693100
2021-03-22,448.98785400390625,450.6962820906044,437.572074180923,439.4582494294223,1431800
2021-03-23,446.3709411621094,452.4145860402017,444.87976958253415,448.44471842026877,1156400
2021-03-24,439.813720703125,449.0569644114575,439.43845662330943,444.8599858689393,1547700
2021-03-25,436.7721862792969,439.2409973412753,429.2077455689725,439.2409973412753,1680700
2021-03-26,454.3205261230469,454.88342232964453,436.74260180447925,439.053405553986,1750900
2021-03-29,452.8490905761719,455.1994035699008,444.613140346762,450.7950228602851,1926900
2021-03-30,445.837646484375,452.6318192454897,445.1068880649382,449.3532309722082,1448200
2021-03-31,450.6864929199219,455.0908443065654,447.34865486744604,450.39021745047654,1563600
2021-04-01,450.607421875,456.35482175625907,450.40005016621205,455.49568025442414,993200
2021-04-05,459.5840759277344,461.61837413908484,454.48844550982415,454.48844550982415,1509600
2021-04-06,462.8921813964844,467.0990450186697,457.80643672227757,462.11205881264084,1150700
2021-04-07,460.56170654296875,464.9463179758342,456.6807422766855,461.1739669448527,1801800
2021-04-08,465.62774658203125,469.8543507806748,463.92920301789263,465.9635013388324,1339400
2021-04-09,472.90570068359375,473.16246667746225,465.17336757199683,466.5756655133928,1147500
2021-04-12,470.04193115234375,475.20666509637255,468.63963307589427,472.1651028396907,1163100
2021-04-13,478.80120849609375,481.61565904658664,472.0860245342516,472.6192961453725,1837300
2021-04-14,472.0761413574219,487.0470138865994,467.5434082779635,477.96177795340583,1744500
2021-04-15,488.2123107910156,491.84639329878826,477.96180284205207,478.9493272280894,2380000
2021-04-16,486.77056884765625,492.77470428899744,484.78563504430184,491.86616852788785,2590500
2021-04-19,481.5565185546875,488.5778041137524,480.0159524267201,483.88706218441365,1677200
2021-04-20,476.34234619140625,483.8870485155864,475.8584687866855,481.6157540160731,1464500
2021-04-21,474.4166259765625,479.8480104668537,470.53566210998144,478.20871625881597,1312400
2021-04-22,478.16912841796875,482.73148581964534,472.91552209483046,473.5376370830911,1087200
2021-04-23,482.00079345703125,484.2523479427769,478.1297145838529,479.35423522826693,1210800
2021-04-26,487.8765869140625,490.0590075066545,480.51951771891856,482.9587043118818,1671400
2021-04-27,484.10418701171875,490.3255783484745,483.99554366229177,489.41707282508327,978300
2021-04-28,479.7394104003906,485.457185936313,478.99876699396543,483.45251232172984,1140500
2021-04-29,458.59649658203125,473.79448228852453,455.841294911505,471.671310735521,3359200
2021-04-30,464.3636779785156,469.242051645272,459.19891375518324,459.6630514971413,2094800
2021-05-03,461.5491638183594,467.2274291789432,459.3371187825511,465.8942651973485,1581300
2021-05-04,459.4753723144531,459.9592496484468,453.89586523060586,458.1422082870567,1703100
2021-05-05,461.93426513671875,467.5927906436158,459.0210863183049,462.7539272429953,1586000
2021-05-06,464.2748107910156,464.7092938712134,456.5424766147894,463.1885277483766,1530900
2021-05-07,462.6058654785156,473.0143520414512,462.06270891975964,467.5336031046216,1442000
2021-05-10,457.68798828125,464.0871579892385,456.6313298171034,462.18121277082474,1502700
2021-05-11,458.2113952636719,458.34966316758977,449.81743651422966,452.02948188205283,1568700
2021-05-12,449.10638427734375,458.21136123846156,448.3953654423616,451.98996903500915,1454500
2021-05-13,451.2196350097656,453.25393274064555,447.9015375538737,451.3578727463,1240300
2021-05-14,453.3429260253906,455.64384508657594,449.24470495670073,452.1677693387037,1009700
2021-05-17,447.2695617675781,455.68325875475625,446.18327890686373,455.1203626173607,1092300
2021-05-18,448.9385681152344,453.31332523282396,442.924546593808,445.08722799521513,1897200
2021-05-19,451.2493896484375,452.4146614736074,443.9713078440003,446.26237220786186,1136600
2021-05-20,459.4852600097656,461.83557302384366,451.9899530469209,451.9899530469209,1181200
2021-05-21,456.5719909667969,465.9633569035475,456.31522499953786,461.76637853918646,1415300
2021-05-24,456.6905517578125,460.7492929455754,455.959793303727,459.5642515429215,1194800
2021-05-25,458.2311096191406,460.6110472908387,455.82154741778885,459.4951397791238,1592500
2021-05-26,453.9551086425781,458.70509875044496,451.54554661709574,456.325161252454,2142600
2021-05-27,466.5855407714844,466.7435482923843,451.31839180280645,453.93535558019846,4059500
2021-05-28,463.6427307128906,474.69313175360946,463.5538571285376,465.8547758439574,1618200
2021-06-01,441.433349609375,465.03517983886,440.7420703839293,461.17395531179665,4619100
2021-06-02,443.6058349609375,446.8350590923954,440.95927675599154,442.1245483353083,2355200
2021-06-03,439.77423095703125,445.8573849212367,438.4608367557935,441.9961608730234,2396100
2021-06-04,443.1614990234375,446.8449460772931,439.57678030892964,443.36887072766564,1731200
2021-06-07,438.9053039550781,444.95880420958315,437.92763414492316,443.6947739747775,2782000
2021-06-08,435.498291015625,438.4608644238946,433.24673643081434,436.258674007813,2819400
2021-06-09,442.61834716796875,444.2971508706679,436.9697058293695,439.10276236319606,1795700
2021-06-10,459.1100158691406,459.89016865729064,442.21345611494013,443.19112585652374,2679600
2021-06-11,459.34698486328125,460.08762818945127,455.40677201185,458.2804717338122,1935000
2021-06-14,464.4652404785156,465.3248624178514,457.86489509121355,459.1592732085114,1452700
2021-06-15,464.4751281738281,467.79508189673624,462.0148265947369,467.1133064934706,1260700
2021-06-16,462.8349304199219,471.62880757660866,460.37459877644443,462.4792071054451,1691700
2021-06-17,480.284423828125,483.4858136055904,462.4693978765289,463.24998709908203,2237300
2021-06-18,476.7174072265625,482.2407528311862,474.71161256100606,477.37943193953606,2321300
2021-06-21,477.7944030761719,481.1933895956743,471.03596155121994,478.4465373663484,1111300
2021-06-22,486.34124755859375,486.52898455295974,477.2114280587283,478.54533769890963,1840600
2021-06-23,488.1296691894531,488.2680144093701,483.31774020201857,485.03701426566414,1358000
2021-06-24,489.4536437988281,492.48704640655296,487.6652274420004,489.09795067211866,1326600
2021-06-25,486.9933776855469,491.77566548542524,485.33341600037437,489.0979859648983,4676100
2021-06-28,499.07757568359375,499.7099291277547,486.143654560887,487.7937258579818,1449600
2021-06-29,502.1802062988281,504.51208351983746,494.78941020429835,498.79110968576356,1349900
2021-06-30,498.4551086425781,502.7828898871207,497.289185245784,501.44898016529834,1010000
2021-07-01,503.4548034667969,503.49433498440897,497.25957238289664,499.8087974251882,1129300
2021-07-02,507.1995544433594,508.49393254777834,501.37976802801035,502.8421324442151,923400
2021-07-06,510.89501953125,512.2783512601479,507.1601203551066,509.5215782201539,1288700
2021-07-07,516.4874877929688,518.0091646966151,510.904889929397,513.7801669480697,1433500
2021-07-08,512.426513671875,514.6200756086303,505.3815511571827,505.89534025679467,1384000
2021-07-09,511.0926208496094,513.7505498831976,508.45447265061415,512.890927882318,1184200
2021-07-12,508.55322265625,514.7188119002265,506.8141979346323,513.4936063847463,1427600
2021-07-13,508.1678771972656,511.734819908443,506.1720031055871,507.77268266870334,941800
2021-07-14,504.6898498535156,510.72701457995123,503.3954717010132,510.4009323607563,863900
2021-07-15,508.3456726074219,509.669721897998,503.32625632505807,503.84993576093683,1074800
2021-07-16,513.5924072265625,515.2820402292608,507.75289999815556,508.62241238823674,1080800
2021-07-19,515.4006958007812,516.4678357969333,510.06505612745207,512.3672923158164,1317300
2021-07-20,516.34912109375,523.2359865094038,513.8492581807786,515.6376745342517,1145400
2021-07-21,508.1284484863281,516.7345598959348,501.1130962965534,516.7345598959348,1113000
2021-07-22,518.2462768554688,519.5307646222249,512.475881861031,513.5134107374699,868400
2021-07-23,525.9136962890625,526.7930989962417,519.1947870167024,520.9239211835002,1005100
2021-07-26,522.8110961914062,526.6448383004375,519.1255896982943,522.4356222513271,874500
2021-07-27,523.957275390625,528.126929591575,521.2696757454797,522.0601249443785,1091500
2021-07-28,521.9713745117188,522.8704979059277,509.8476523181042,511.82380600925967,1814500
2021-07-29,527.4057006835938,529.0261005802772,523.6312405870613,525.1924186035653,1000800
2021-07-30,533.5712890625,536.8220395769191,525.0441826262017,528.5123413665913,1412800
2021-08-02,527.3168334960938,537.8694867655518,525.5383072699915,535.6167029611353,1147400
2021-08-03,530.5872802734375,532.0002226717168,525.9531982884541,527.8700694365742,934100
2021-08-04,532.4548950195312,534.8460242778093,529.0262367501958,532.445004601151,854600
2021-08-05,535.8834838867188,536.6344319817215,530.3107759909004,534.5199329368302,781100
2021-08-06,531.7828979492188,535.5375773897299,527.2179883687556,532.8598677921113,765800
2021-08-09,534.7077026367188,539.539413458442,532.7019377621625,537.3459115486625,861700
2021-08-10,533.9270629882812,540.0827622391856,532.7907505295703,534.3322082540502,903200
2021-08-11,530.8541870117188,537.4743140795862,527.6627180308988,534.006154628547,898900
2021-08-12,535.5474243164062,536.6639557338184,529.559682345973,530.2414576335308,603200
2021-08-13,538.1461791992188,538.1955709792371,534.1938718789673,535.4981405315411,608300
2021-08-16,547.8490600585938,547.9280627777631,536.2489882803446,539.89499392372,1141400
2021-08-17,549.6770629882812,550.9418303797231,545.5370183261083,547.3649364853015,830300
2021-08-18,538.1658325195312,549.3607584921771,537.8299202114165,547.3648242463308,913100
2021-08-19,545.2998657226562,547.6613839065682,535.9131354941073,537.5533165566706,834900
2021-08-20,548.3826293945312,551.3369694064061,543.8572207199359,545.6950894196559,951400
2021-08-23,546.0211181640625,554.0146861897834,544.924367365359,551.0504557236073,1275100
2021-08-24,543.9264526367188,547.7206945349875,541.7526713568475,547.7206945349875,876100
2021-08-25,541.5452880859375,546.5844569331846,537.6719826168826,545.9916348243687,963200
2021-08-26,546.17919921875,547.4537965034975,538.6401688631174,543.4422073488194,766000
2021-08-27,541.969970703125,550.9713351380274,540.9423323187789,548.0663871723249,846100
2021-08-30,551.8706665039062,552.0880144926934,541.4958581778691,542.4542639042304,873300
2021-08-31,548.333251953125,553.2439648782733,542.0688182804352,553.1550717352308,1287100
2021-09-01,555.0224609375,556.6133103898732,545.3294301201229,546.1891124031351,1062900
2021-09-02,558.7276611328125,564.853748279619,553.2735191626603,554.7160724408483,1137200
2021-09-03,561.3363037109375,562.0081887068285,553.8467248903917,556.2378538915659,825500
2021-09-07,562.3836669921875,562.6603574494682,551.7915124248517,561.2276339983749,1241900
2021-09-08,565.7530517578125,566.4348271870879,559.4293358831591,562.0180923694107,945100
2021-09-09,561.998291015625,568.7665922472181,560.288877325796,567.0868498057714,1122600
2021-09-10,565.1404418945312,568.766666952076,562.413340211447,564.7649678768647,1054700
2021-09-13,552.46337890625,568.4405636707728,542.6320028111555,566.5138018740585,1372500
2021-09-14,555.9528198242188,559.6499358033336,553.9559572606574,556.733741753158,785400
2021-09-15,556.5065307617188,559.6006548391223,550.6543512296474,553.0367579868011,1241400
2021-09-16,554.0153198242188,556.3383561352437,548.9243334377542,555.6661586509279,1053400
2021-09-17,589.95849609375,602.3152007720519,569.3969515761502,590.2155252047343,5272300
2021-09-20,583.4342651367188,595.2868083368284,578.2938631747361,585.8957114134779,2674200
2021-09-21,590.19580078125,595.8502608450859,582.2479891693876,586.6865083295829,1364400
2021-09-22,599.6757202148438,603.1949066756671,588.5348979263991,594.6243147101367,1696600
2021-09-23,601.2573852539062,607.0897732749628,596.2454992159497,600.1403344622955,1179200
2021-09-24,602.7897338867188,609.857732698422,598.904732875275,604.3911579719143,1300900
2021-09-27,587.8529663085938,598.578623220102,577.1372647509498,596.5916552597394,1708800
2021-09-28,569.8419189453125,581.8427674088308,563.6239852932812,578.6497532534283,1750100
2021-09-29,572.9557495117188,579.223097668915,571.3741151955431,574.3397247899836,1040900
2021-09-30,564.7803955078125,581.9611592311002,564.4442666572874,576.1781863471865,1510800
2021-10-01,566.1546630859375,569.5948115458389,545.6821083351429,564.0293455578314,1657600
2021-10-04,562.4772338867188,567.9339743382797,556.1703665779874,564.9979897395025,1323700
2021-10-05,565.32421875,575.2589978102878,562.6452633023424,564.4839869181926,1384500
2021-10-06,569.0016479492188,569.3970867269737,559.4227257955487,560.9945255513153,1133500
2021-10-07,576.8209838867188,582.366659566521,573.2919010898945,573.2919010898945,1027800
2021-10-08,577.2262573242188,582.8016180620825,573.7466496243579,578.570712915001,851400
2021-10-11,572.0264282226562,580.0138189709133,571.8287692174117,574.5373492123564,676000
2021-10-12,569.3080444335938,576.306899935205,563.4263003692564,575.3282584276391,1012000
2021-10-13,566.9850463867188,576.7913125043202,563.9799168620224,572.4121026335794,1223100
2021-10-14,570.7315673828125,577.858937808597,568.6655597291482,571.0182816042427,845700
2021-10-15,575.7138671875,577.1175723197724,571.3346571206414,573.5093894562368,874700
2021-10-18,581.2891235351562,584.1163233302433,574.3396832603232,576.8703341845056,1534000
2021-10-19,585.3124389648438,590.1661869797286,582.8608877461281,584.2250729463437,765700
2021-10-20,598.6577758789062,602.8788467154172,593.1318897492221,602.789912204082,1062100
2021-10-21,601.4353637695312,604.9842357523518,590.7196637084472,603.9264946358618,959200
2021-10-22,604.9448852539062,605.043714780659,598.114063494575,601.9495903661694,738700
2021-10-25,600.7830810546875,604.9843613417831,595.5932642294516,604.9843613417831,951900
2021-10-26,601.3662109375,603.9956909988248,596.9375271996026,602.6710257835616,1051500
2021-10-27,605.2709350585938,618.8138959046614,602.1471865593736,609.7292439088512,1771100
2021-10-28,612.9617919921875,620.1682008531918,604.4801325205267,607.9499050469095,1280000
2021-10-29,625.8128662109375,626.8310275240865,609.8776612085198,614.543524951835,1541700
2021-11-01,627.8194580078125,631.3979550316343,620.6427342598352,625.1009828450184,1582600
2021-11-02,628.9069213867188,635.9848160442772,625.535978198065,630.5478653978485,1376600
2021-11-03,635.0061645507812,635.2137789293195,621.1864440696958,629.2034603248202,1216600
2021-11-04,632.426025390625,636.1429317230094,623.3116888625372,635.3323246751621,1396100
2021-11-05,609.7291259765625,614.6619120408487,592.5780467627296,607.1391659174163,2693400
2021-11-08,617.3114013671875,619.120440179711,608.3651574980978,614.3655817032898,1170900
2021-11-09,611.4888305664062,617.4595683829349,607.9597485665217,616.5995465876782,927000
2021-11-10,619.6739501953125,621.7004378691248,608.6320148424462,608.6320148424462,1119100
2021-11-11,624.2410888671875,624.9824913361982,618.29997409517,620.7713156585393,687600
2021-11-12,627.9677734375,632.3766676801623,622.6296525279258,625.6545716205576,888100
2021-11-15,625.11083984375,631.9317648806481,624.7648762509895,629.2923896861403,826100
2021-11-16,634.1263427734375,644.1007021036673,623.1536123102958,623.1536123102958,1346900
2021-11-17,629.9942626953125,639.5830782540057,626.0895316806078,635.9551664042108,1390300
2021-11-18,630.3207397460938,632.9008063755267,623.9446651658919,631.1115571379833,968700
2021-11-19,628.7586059570312,637.6159143966086,628.600466670377,630.8542984341962,1222300
2021-11-22,626.6925048828125,633.4540594993106,623.76641566542,632.6632425132627,1318900
2021-11-23,625.50634765625,626.8112230395053,615.1662344386909,621.9871602294625,1022500
2021-11-24,625.7435913085938,626.4157888741655,616.7479334824246,625.9907254283839,1283200
2021-11-26,631.4177856445312,659.0078727667342,629.5989122974953,645.2276717334431,1677700
2021-11-29,641.3328857421875,647.145485563611,630.9631468426004,632.6634007711407,1869900
2021-11-30,625.5756225585938,641.78758631448,623.8555785582781,634.0869080555954,2562900
2021-12-01,618.9722290039062,630.37002486278,618.7053048090397,627.4044150015501,1502700
2021-12-02,620.3858032226562,626.2379228771543,611.8151476400735,615.502430108348,1481700
2021-12-03,628.8179321289062,629.3023053552953,611.2417847123986,626.88043922335,1698500
2021-12-06,615.1168212890625,628.3730688651746,602.2263273816958,627.7206613395816,2319700
2021-12-07,621.502685546875,630.4390320737691,617.0344821156938,625.9214138941525,1585300
2021-12-08,630.83447265625,631.358365528013,620.7019754418785,623.7664138798425,1267400
2021-12-09,629.766845703125,634.9665564419472,627.7897730471755,630.7949017634498,1029300
2021-12-10,635.1445922851562,637.3885894334358,629.6582268116617,629.6582268116617,989700
2021-12-13,638.6043701171875,641.9456277704004,633.108110484853,635.1345979130457,1181900
2021-12-14,625.1153564453125,636.2112326408175,617.47091226943,632.918063938651,1491500
2021-12-15,648.4838256835938,649.46286106978,626.213003959156,629.7039713201591,1422800
2021-12-16,653.9329833984375,656.8206554376222,643.816202078154,648.2466096297554,1625100
2021-12-17,643.8656005859375,653.023143833367,640.3449961342461,648.2168762270297,2475800
2021-12-20,642.1348876953125,649.0969640967387,633.2938118021408,643.2523883888613,1001300
2021-12-21,638.198974609375,642.8073825165031,628.6557331711845,641.462446171736,1201000
2021-12-22,644.4886474609375,646.2390205403339,638.2682106158646,641.5415815068865,918400
2021-12-23,643.4998779296875,648.9686559143403,641.8582123818957,646.0315485698461,840000
2021-12-27,654.88232421875,655.4163271088308,645.5962149582792,649.6409231830244,531400
2021-12-28,648.1278076171875,659.2829558441562,646.0015745929454,658.1358185414332,818200
2021-12-29,655.396484375,657.8094867577095,646.9708042187904,652.8252790444685,644100
2021-12-30,658.0865478515625,661.5379199805647,655.0505113577416,657.334947890906,555600
2021-12-31,659.856689453125,664.9002919501853,655.9899818625101,657.6414856852231,778700
2022-01-03,637.7835693359375,656.9194865815061,633.0960298420367,655.6536215510388,1888800
2022-01-04,611.1614990234375,630.9698853188445,605.8113901291199,630.2479221151606,2598000
2022-01-05,611.67578125,621.8024607895735,608.9759490424469,611.1615159990811,1915400
2022-01-06,613.5349731445312,619.8839155806493,602.8643315166692,611.1615062578742,1686000
2022-01-07,600.3525390625,614.6030601898294,599.4822717796334,614.1283908936397,1741800
2022-01-10,618.1235961914062,618.499396128997,592.2926319620565,593.2024951582084,2095700
2022-01-11,613.6339111328125,620.3389166042654,605.2180681412591,618.0841167735823,2474800
2022-01-12,618.2817993164062,624.8977728706967,611.8339277094805,611.8339277094805,1554200
2022-01-13,594.240966796875,618.9742324868025,593.2124361124899,617.7973978181725,2018100
2022-01-14,588.2183227539062,595.5759990269129,581.6814791481237,591.313693063531,2426200
2022-01-18,583.5701293945312,588.2181328605366,577.7156550074361,579.6539880417045,1849500
2022-01-19,586.8040161132812,595.9220229171925,585.6964143838356,587.1402803767548,1875900
2022-01-20,581.651611328125,595.8131587211428,580.2869374312593,588.4752826112721,1530300
2022-01-21,573.9082641601562,583.9954061789422,571.8809608996563,581.3846051181251,2095500
2022-01-24,569.428466796875,569.8339637389098,546.2577389586014,564.5332290034885,2586200
2022-01-25,561.467529296875,570.5854758770128,554.5152911987666,562.2982607862331,1864600
2022-01-26,556.6713256835938,569.2406461625361,552.2013218544132,568.8846441831623,1892900
2022-01-27,547.612548828125,565.087003535802,546.6928470392755,562.2883625210487,1933400
2022-01-28,565.7001342773438,566.056136150125,537.6836077822169,548.4432181311886,1583900
2022-01-31,574.867431640625,575.1739988246366,565.8384576718211,567.6482241373101,1886100
2022-02-01,587.7337036132812,589.2566411260472,573.7897502791244,581.7901971725124,2215600
2022-02-02,597.4450073242188,601.9743442577775,587.7336632421121,599.4327753367983,2087200
2022-02-03,588.3468627929688,594.8441704515482,583.1549560683293,588.6237934576433,1758000
2022-02-04,587.8423461914062,592.5496834091423,581.2164738982003,585.7557091752353,1393200
2022-02-07,580.553955078125,593.1134346278166,578.4277822327942,591.2839300446518,1243000
2022-02-08,581.0287475585938,586.092087646939,571.4954039704689,571.4954039704689,1143900
2022-02-09,583.322998046875,591.847608715736,581.4736953373051,587.615000389371,1335300
2022-02-10,573.8590087890625,580.7123184448471,570.9317405918774,575.233582033892,1931100
2022-02-11,560.0237426757812,578.4080631122984,558.3228041675419,572.5634259315736,1726000
2022-02-14,554.97998046875,562.4761185292521,549.8177126101738,558.2731482219924,1387700
2022-02-15,550.510009765625,564.9088899715703,547.6915713087063,561.2003865494371,1438600
2022-02-16,544.260009765625,548.5619105176995,533.2037306835336,546.2576765205556,2154700
2022-02-17,534.55859375,544.7050706344467,533.6191543316208,544.7050706344467,1667300
2022-02-18,531.1962890625,539.4538679507821,528.6349221624791,535.873929908123,1473700
2022-02-22,524.0264892578125,534.7267672308103,521.0695849151741,530.3952295187908,1728000
2022-02-23,522.73095703125,536.6452711487575,521.9991552398424,526.113095746026,1520300
2022-02-24,534.192626953125,536.378193498006,508.2528994324619,513.0591056713166,2174500
2022-02-25,543.7457885742188,543.9831231597894,528.6348427887527,530.9093797134884,1156900
2022-02-28,537.9804077148438,543.6074478496346,532.8775318764383,539.0880096078275,1772800
2022-03-01,537.0606689453125,541.5504098690947,532.8576972985006,538.593505356313,1609900
2022-03-02,550.2926025390625,555.5537412069541,536.3485901787376,538.7418550753325,1643900
2022-03-03,548.1565551757812,562.6642696792231,544.6063136501006,551.8354233921217,1355200
2022-03-04,541.263671875,545.2293091273416,531.1072946051673,544.1810409057066,1316900
2022-03-07,528.8328247070312,538.8705359398203,518.3599797968847,536.0026011990855,2168400
2022-03-08,518.2015991210938,529.8017797252263,514.1370934311244,520.7728042858049,1785200
2022-03-09,535.705810546875,537.8221447835175,525.1439977278133,533.727941621363,1481000
2022-03-10,532.2940063476562,535.557478197573,527.9624683134815,530.4941382748453,1481200
2022-03-11,523.9473266601562,537.4858408712863,523.0770595683268,537.2287082723687,952200
2022-03-14,529.9502563476562,545.2886410165246,524.7978855653392,529.7524573638855,1102400
2022-03-15,544.8519897460938,546.6924239549015,534.0665403920822,534.6206515644196,1253100
2022-03-16,556.63671875,559.9811945622014,545.2081391638482,550.9669692240248,1397700
2022-03-17,566.2347412109375,566.6503094318992,553.1339243581692,556.6861539208093,1330600
2022-03-18,582.8978271484375,584.3622508530136,567.3133827357666,570.746878960303,2622100
2022-03-21,583.1055908203125,583.9862501248537,575.6943312389056,575.6943312389056,1690900
2022-03-22,581.1858520507812,588.428913886527,580.3646202187906,584.0652969166181,1499800
2022-03-23,565.3045654296875,576.9508621943959,563.9588758190713,575.4863784241853,1195100
2022-03-24,567.6597290039062,569.3814295402784,561.0994146197344,568.1050109617662,971300
2022-03-25,568.2533569335938,574.9423091862785,562.2966769376156,571.8056473968704,1037300
2022-03-28,577.0597534179688,577.1685826495855,568.9657453988217,570.9249131422434,945300
2022-03-29,586.6380615234375,590.3288344242912,578.7914247067171,586.5292322793065,1201300
2022-03-30,588.8941040039062,592.9509826900755,584.6788733375789,586.3016489694807,1092900
2022-03-31,584.4412841796875,594.811102160158,584.4412841796875,586.1036172640213,1637400
2022-04-01,586.1135864257812,587.9144021704936,578.2966038950578,585.9947922554865,1028700
2022-04-04,583.9367065429688,588.4883290853422,579.0980937089339,585.0548332811464,1027700
2022-04-05,578.1383666992188,587.4889846597023,574.5860764299026,578.7221310907115,1082200
2022-04-06,581.2354125976562,583.9070436235503,567.0066235447896,573.0820370292453,1232700
2022-04-07,605.7747802734375,610.6529513629896,575.8427529534242,576.8618947103998,2140200
2022-04-08,602.4599609375,611.860101801744,600.3820592196804,603.5879923356699,1629000
2022-04-11,579.5136108398438,597.3343052498204,578.4053887464743,592.2285720620524,1470100
2022-04-12,564.9385375976562,579.503778580849,559.5854316607015,577.9404303145042,1411200
2022-04-13,570.7369384765625,572.2607893750841,558.6651670414408,565.4926616545458,1286300
2022-04-14,562.9200439453125,571.9936367757566,558.7048131814486,571.9540789765944,1225600
2022-04-18,566.1159057617188,568.9557321498332,560.0008757486236,562.9792449833702,1161100
2022-04-19,568.1148071289062,569.9453365698319,562.3757259110813,568.7183805776891,1139000
2022-04-20,584.9360961914062,592.2978923581987,569.0350102372732,569.0350102372732,1598100
2022-04-21,574.3287963867188,589.2403951622359,572.0628894887425,586.2521205996978,1231900
2022-04-22,555.3800659179688,570.6478643467216,554.8061457483976,568.8073700641075,1478000
2022-04-25,538.4400024414062,544.0900031702928,523.9242239501758,540.7455274146861,2597200
2022-04-26,511.01141357421875,532.4635157567692,508.61686845397566,528.4956574400406,2469900
2022-04-27,515.0089111328125,522.776431430022,510.3187457066858,514.8704286537743,1895900
2022-04-28,553.0151977539062,561.366482437555,542.3385790462446,553.8463342066103,2737200
2022-04-29,547.10791015625,560.3769834434147,545.7127580830316,552.0949703526949,2168700
2022-05-02,539.7858276367188,547.6027511557619,530.276796516395,543.1599571097698,1972000
2022-05-03,540.577392578125,547.9985567126647,535.7091258160717,538.6280687274533,1428000
2022-05-04,557.062255859375,559.8031585244535,535.1550248168655,536.6788154731012,1251300
2022-05-05,544.723388671875,555.6176680173043,537.3516863902241,554.0443545417528,1378200
2022-05-06,540.93359375,543.3380436814174,527.9812224393387,536.6887096083997,1116300
2022-05-09,511.9515075683594,532.9978884603269,509.46788158575094,532.9978884603269,1568600
2022-05-10,520.6985473632812,526.6750969377842,511.12030531732887,521.7474028246838,1682600
2022-05-11,514.5340576171875,526.9224738688423,514.1382380308154,514.9496259073655,1146400
2022-05-12,520.2730102539062,522.0442332153751,506.7170065320615,508.36949571208436,1532700
2022-05-13,535.7288818359375,546.0591448680412,527.3875004820268,529.188376917167,1375100
2022-05-16,533.7103271484375,538.06410082976,527.4270991520797,531.6917922926899,883700
2022-05-17,548.7703857421875,555.0833282137032,538.4203730281487,547.3752333071499,1554900
2022-05-18,536.4708862304688,544.564893752944,533.5420393422202,541.6855092038878,1403500
2022-05-19,544.9508056640625,554.0442060404683,531.7807181063102,534.3237104197965,2065500
2022-05-20,549.314453125,559.9712010332881,538.717011705312,553.0447829430909,2167600
2022-05-23,549.373779296875,554.8950801105428,544.9705446156855,553.292114017082,1180600
2022-05-24,543.051025390625,547.4344517106402,537.5692814522826,546.7022399650889,1012500
2022-05-25,528.654052734375,545.0498848147004,524.1320829351081,545.0498848147004,1538300
2022-05-26,534.4326782226562,535.8575442356536,528.1890075143233,533.3244558118353,1855200
2022-05-27,566.33349609375,567.085516720974,538.5487134241432,539.8350358895499,1721300
2022-05-31,561.6038818359375,567.2637259246119,556.5871689063,562.7021993547884,2630800
2022-06-01,550.3732299804688,567.0659554911696,544.5352844325764,563.5631277688527,1309500
2022-06-02,564.1073608398438,564.4042557000527,543.2390825227442,548.7307315328449,842600
2022-06-03,552.2333984375,556.755367235094,548.9285413217478,555.1424964677011,736400
2022-06-06,547.0684814453125,556.4884325780987,544.7530514658292,553.074684708037,1114400
2022-06-07,554.7666015625,555.6472608310496,544.3473189546282,544.7628872187133,1113600
2022-06-08,546.2570190429688,554.5588420546893,543.9020315808408,553.2922677854236,837400
2022-06-09,534.1456298828125,546.2174003183029,533.9081623322091,542.1703662304391,832900
2022-06-10,521.3416748046875,528.2482847992943,517.4529924774512,524.7158038164808,1177600
2022-06-13,506.52899169921875,512.4263338896037,503.3824259510378,506.22225272232754,1463700
2022-06-14,502.4103698730469,509.08342318891033,497.86592798772,505.0736570718556,1009100
2022-06-15,509.64776611328125,516.5089348509255,502.0935372101282,509.67743675076184,1320500
2022-06-16,499.87579345703125,501.15296030773555,492.8858807354205,498.5688955398237,1180100
2022-06-17,495.92535400390625,507.32102300514185,495.8065506066312,497.1629397496809,2175200
2022-06-21,508.4398193359375,511.47933726262687,500.53909105491647,501.2816425228017,1463400
2022-06-22,514.0634155273438,520.2711653010913,503.3905069017547,503.3905069017547,1214800
2022-06-23,535.2310791015625,535.6964427823868,515.726775364696,517.8058953234604,1365300
2022-06-24,539.3992309570312,539.7853721849307,531.963806661936,535.7458756808002,1292000
2022-06-27,538.2408447265625,541.6763533574609,534.3795534703685,540.4190074754673,767400
2022-06-28,530.4490356445312,539.706152228247,528.9936034823875,537.211160195422,858900
2022-06-29,530.5975952148438,532.9737842415029,522.8354905285519,530.6966383412029,860700
2022-06-30,537.884521484375,540.8051756386237,524.2413465751424,525.7759408863058,1364600
2022-07-01,542.8248291015625,543.5871406892264,528.6569525034064,538.5477262982915,835300
2022-07-05,539.6567993164062,539.7557820231996,528.0531617454888,534.4985191976115,641700
2022-07-06,550.5177612304688,553.6265913556359,538.2013045648156,539.5874248737042,1220600
2022-07-07,548.260498046875,553.3197350167776,543.1022179414325,547.508036104384,1243600
2022-07-08,548.2109375,552.6365153882737,543.4387993245828,544.4090472705946,752500
2022-07-11,552.4880981445312,555.0919233839172,541.4190762503288,544.5378170102608,1089000
2022-07-12,525.6571044921875,548.1811647113659,524.3700274226039,545.4188951246374,1639400
2022-07-13,517.9544677734375,519.6573569420289,509.49924234869286,516.390142297663,1916800
2022-07-14,520.4097900390625,521.1523415275688,505.3013327509488,511.97438579235273,1338600
2022-07-15,533.5182495117188,534.9439506804479,522.0532384643961,528.2313171482161,1673000
2022-07-18,515.588134765625,534.6370449964909,512.162475648803,533.498441932772,1317700
2022-07-19,531.5380249023438,532.3201571954306,518.7562682588409,523.3204691471088,1993700
2022-07-20,533.3004760742188,542.923913869553,531.9242662159379,534.6370445139067,921700
2022-07-21,569.2893676757812,569.4576623948047,550.0325239355603,550.0325239355603,2150200
2022-07-22,555.963134765625,570.9527888128973,553.0622408371283,567.784557008353,1252500
2022-07-25,561.8046264648438,562.7253831714285,548.7060359470722,554.9533674819438,1194400
2022-07-26,567.57666015625,567.8736686580378,560.8936969355545,563.7945907561699,1012700
2022-07-27,576.1505737304688,579.5465015446649,561.3688577952057,567.3191793427665,1263900
2022-07-28,591.7046508789062,597.0114044151935,567.6162633627317,584.0910204352907,2294700
2022-07-29,592.4669189453125,604.991310792927,591.9323036606149,596.9816293030652,2371200
2022-08-01,583.6948852539062,592.8926605009044,582.4870306625772,588.209595298572,1537800
2022-08-02,580.2198486328125,588.9621723161555,577.457578669314,581.4673448837469,1392700
2022-08-03,582.1404418945312,587.7541736499121,578.1108559546395,584.4770494187547,1077700
2022-08-04,584.1404418945312,587.1106475312831,577.7643980438111,584.9622157074826,999600
2022-08-05,584.3980102539062,584.8039118666832,575.2992757095842,579.4674870456739,982500
2022-08-08,578.1504516601562,587.407566986844,576.7049300482385,584.9323959979993,921400
2022-08-09,575.1011352539062,580.2197729282009,570.3190870589319,578.1505634217585,767900
2022-08-10,586.467041015625,586.8730029333894,578.1207709656289,583.3285408484721,991800
2022-08-11,586.6552734375,593.8431817173614,586.288952860504,589.1601762018745,1086700
2022-08-12,597.2193603515625,598.0410738610287,586.5761218609555,588.6552419526378,989000
2022-08-15,598.4864501953125,600.1398475384161,593.1995186669277,597.0112579165271,855500
2022-08-16,596.1301879882812,597.9122993757424,591.9223964541965,594.0411577531406,798000
2022-08-17,590.1205444335938,594.6848072077089,588.6750827614746,591.0314511746274,989400
2022-08-18,589.1007690429688,592.7640352080019,583.4177845454451,592.1699577485664,761000
2022-08-19,582.704833984375,587.368078617055,580.1603505551709,585.5661466015839,851100
2022-08-22,570.3884887695312,578.338769778156,568.824223665177,574.932930886612,723100
2022-08-23,567.2796020507812,570.7745733706594,562.022339967337,566.2895334065997,913300
2022-08-24,567.4578857421875,570.4676727623709,565.3093932066885,567.2895305584135,855300
2022-08-25,579.655517578125,580.2694157930628,567.4182824256309,572.6062329669084,928000
2022-08-26,558.1115112304688,579.4375640237878,557.913485453421,578.1999784534679,771900
2022-08-29,551.1612548828125,556.5274094196358,549.8345364578403,555.537340885145,704500
2022-08-30,548.78515625,553.349418868745,545.0229072875813,551.8840761056153,1058300
2022-08-31,539.9041748046875,553.5869290589998,538.9141062806041,550.6463941193986,1166600
2022-09-01,545.2801513671875,545.5078477535906,536.1615999820851,537.0526856811032,913900
2022-09-02,538.1517944335938,552.3295845373547,536.1914778736988,548.2703273057151,796900
2022-09-06,539.7359008789062,547.6465390225974,536.3003315448451,541.8249310422835,1043300
2022-09-07,546.24072265625,548.7852066926426,536.3895865598117,538.0034035184149,1139800
2022-09-08,560.9331665039062,561.5470040953345,541.8545285470528,544.4386530717865,1854800
2022-09-09,563.7450561523438,566.6360393962308,560.2995765090104,560.7649401502632,1146600
2022-09-12,573.43798828125,574.3686554314206,561.8343497614841,563.5967013469381,1097200
2022-09-13,554.26025390625,563.74512875026,551.6761891627211,559.388802400674,1642800
2022-09-14,552.88330078125,564.9785423769266,547.4250878919514,557.3310828383678,1139400
2022-09-15,546.7911987304688,555.6868250798165,545.0774806106833,554.7358276092369,890400
2022-09-16,536.1917724609375,542.8485726515426,531.3972438658894,542.501886981307,1835500
2022-09-19,534.5967407226562,534.933571108722,526.1667304788245,530.7136081530856,1072500
2022-09-20,527.1574096679688,530.456122971901,523.541757726246,528.2074427321634,1053800
2022-09-21,520.7481689453125,535.1316906954553,519.2721856040016,528.1083147788286,1268900
2022-09-22,515.3990478515625,522.0063907636365,513.6952455486925,517.1029106158344,1137500
2022-09-23,515.894287109375,516.617465851494,508.21714105475615,511.49602295124083,1366300
2022-09-26,509.4753112792969,516.0726784450698,506.58277718673804,511.2881255954105,991900
2022-09-27,503.8783264160156,513.3286537564819,500.82726314115644,512.3281386251506,1166500
2022-09-28,512.962158203125,516.3103893643244,502.7985976159314,505.8793475633428,1866700
2022-09-29,511.7535705566406,513.160265316647,507.61287208509265,510.0695393888225,1074600
2022-09-30,502.4221496582031,516.6868062689763,501.9763678026051,509.960597144934,1697200
2022-10-03,518.0142211914062,521.9271015497345,504.8392591220543,507.98935847074574,2462900
2022-10-04,534.8543090820312,536.5383400985647,524.3143173041898,525.7308671439329,1195300
2022-10-05,541.1348266601562,543.7598791478082,528.9801510331519,530.7632181016583,1167400
2022-10-06,535.5081787109375,541.1743784951399,532.1599477615846,539.2229266167528,971700
2022-10-07,518.687744140625,530.7631534037934,516.0032584266306,529.9706859656554,976800
2022-10-10,506.037841796875,519.1633153207276,505.1463082985738,519.1633153207276,947900
2022-10-11,496.10211181640625,502.94715769437016,492.1000815441221,502.24384054424746,1667200
2022-10-12,495.9634704589844,499.36121952624484,493.73462155930133,497.6871039342493,1098900
2022-10-13,505.74072265625,509.9309698009676,483.67016502152836,484.58149971425865,1737600
2022-10-14,498.3210754394531,512.5460700072503,497.4196564810842,509.2474171445035,1267500
2022-10-17,512.3677368164062,516.290532424724,504.5024049551117,505.53260662231975,1071100
2022-10-18,519.4703979492188,527.7022773118163,516.3995032462368,525.7904275470353,970400
2022-10-19,500.85699462890625,510.96112153937383,493.9822619668117,509.16813887734713,1947800
2022-10-20,482.283203125,497.4493075547531,480.99543601396164,494.06144434913926,3267100
2022-10-21,492.0704040527344,492.26853605229996,473.8136618516853,481.5898742588056,2836900
2022-10-24,500.26263427734375,504.45285057270127,491.08967376328303,495.03227042863887,1818800
2022-10-25,509.78228759765625,512.773917304698,499.9555579158499,502.8778081748554,2382800
2022-10-26,498.27154541015625,512.7244186285461,490.5547668884136,495.29974692858474,2446900
2022-10-27,493.6355895996094,502.6401361475337,485.5126609572756,493.96247415926206,2334800
2022-10-28,499.1036682128906,503.69014891639074,494.92333694815454,496.53801903399483,2017100
2022-10-31,509.1383056640625,511.61480397469114,495.68601037292444,495.68601037292444,2875200
2022-11-01,512.823486328125,521.015764000123,508.17757199416684,511.6842726546897,2112100
2022-11-02,486.36456298828125,511.1493520841961,485.52254735053003,511.1493520841961,1803300
2022-11-03,482.3625183105469,486.2159346085336,471.29750870042983,479.559104823311,1471500
2022-11-04,490.89154052734375,491.04015462793905,479.2817138782976,488.6329750127844,1772200
2022-11-07,487.47406005859375,495.38894104024524,485.0966271093469,494.30919112419105,1340900
2022-11-08,487.5433654785156,496.02289471504736,483.2144203029196,489.6137147899586,2003100
2022-11-09,480.1535339355469,491.287894234904,479.18276565440294,486.8599127188355,1061000
2022-11-10,515.686279296875,515.775399389114,501.48105656194684,502.2537229247479,1937600
2022-11-11,533.6162109375,540.3325055700004,521.6695816053696,521.9073158469795,2422500
2022-11-14,529.7430419921875,537.0932751294184,529.158561542915,535.4885083884863,1458400
2022-11-15,540.95654296875,547.682692247938,535.3992334593111,538.6781156004891,1531400
2022-11-16,530.97119140625,543.0267691146306,526.226181608746,540.8672696888221,1133700
2022-11-17,524.9088134765625,526.3649658030686,514.1607720122707,524.2450682415358,1281800
2022-11-18,530.20849609375,538.0540276394092,524.4035972127399,536.2214426473937,1228400
2022-11-21,531.2386474609375,534.9236480146845,527.5337551111975,527.7715497423238,1329600
2022-11-22,539.6290283203125,540.3224599992343,532.5858810295639,535.9241962026379,1503600
2022-11-23,542.1451416015625,547.6231854842979,537.8954918025931,540.530459689811,823600
2022-11-25,546.0680541992188,549.247900825151,542.2245227404597,545.3151887953417,549200
2022-11-28,534.9534912109375,544.8297394667089,533.1010144722655,538.1927105481988,1822700
2022-11-29,534.6760864257812,535.3100846239873,525.592305832926,530.4264362868043,1195600
2022-11-30,554.9534912109375,556.69695559114,534.7849046864833,536.2212857129942,3132200
2022-12-01,559.2527465820312,563.9779246598929,549.2278863560879,562.31372506688,1423900
2022-12-02,557.70751953125,559.490586542268,545.1071228894206,548.3364264778197,1014400
2022-12-05,551.9719848632812,554.3890501304963,546.7614216712309,550.6346392234001,1824100
2022-12-06,545.354736328125,551.2190680579648,540.6691598837693,547.2467546471983,1969700
2022-12-07,552.8931884765625,553.9927393492485,545.2655606614603,545.2655606614603,952000
2022-12-08,562.6109619140625,563.6609948980386,551.5360674720837,554.8644670671711,1160400
2022-12-09,554.9634399414062,565.7312497564634,554.0620211595681,558.6980187405597,1157100
2022-12-12,562.2643432617188,563.5224241785312,558.1038730556589,560.0652410363103,1163000
2022-12-13,566.0086669921875,579.2133733864075,561.4221871197855,571.4173612623432,1867300
2022-12-14,562.1929321289062,571.0337653588243,558.6943102723224,564.0562424155233,2079900
2022-12-15,548.8722534179688,556.6525807272155,546.0376650957926,556.4048007586374,1366900
2022-12-16,531.67626953125,545.9384969415129,526.8396004171277,544.5212029890555,2336400
2022-12-19,525.4619140625,530.1895743861719,522.5877032302933,529.1092272969041,1053400
2022-12-20,523.8069458007812,526.2153602602311,515.3923462652157,525.1053106450073,988600
2022-12-21,535.0957641601562,536.2553575632164,524.7781716076425,526.7406302433916,1208300
2022-12-22,534.3524169921875,534.5506530780858,523.0239233790963,529.9716233185264,1103300
2022-12-23,535.878662109375,538.2672947744331,530.5761952192618,533.2026264713215,621400
2022-12-27,540.596435546875,543.9662673721673,532.0529869293828,535.8786951887288,1050000
2022-12-28,538.5844116210938,548.1190402415256,538.2573856253316,542.5191888860494,826800
2022-12-29,552.063720703125,556.5832251544969,541.2902519266045,543.7382891117328,1027400
2022-12-30,545.7999267578125,550.0716519414509,540.4082310289659,547.8911756369229,686000
2023-01-03,548.2676391601562,551.1616920140845,542.1127634756401,548.3766478188962,1785800
2023-01-04,556.9299926757812,562.7677025184281,550.0318379351884,554.3332637716605,1935800
2023-01-05,551.994384765625,559.3088553315707,547.3955733677362,550.8545725486481,2220000
2023-01-06,530.2490844726562,550.8247408686676,518.1376297481428,550.8247408686676,2938100
2023-01-09,541.24072265625,548.039791026846,532.241336529869,533.9559546936159,1871200
2023-01-10,562.98583984375,567.544966976017,542.5687345504009,542.6083575670349,2102800
2023-01-11,577.3867797851562,579.7158872450308,562.995700145805,566.0483662345184,2013500
2023-01-12,576.3759155273438,581.3216552489029,571.7374810858894,576.8020898774103,1635200
2023-01-13,578.6554565429688,579.6663576838015,567.3863678695017,573.5115419532715,2040500
2023-01-17,582.6396484375,586.0491028365547,576.5640794604652,579.8050604381582,2086300
2023-01-18,574.8989868164062,591.5497861681217,573.6105432670925,585.8806103538817,1749700
2023-01-19,578.6752319335938,581.9459154011795,568.6054806861084,569.9236870493644,1636000
2023-01-20,588.3882446289062,590.0632397690545,579.7556285546635,581.7874123595014,2394700
2023-01-23,599.4491577148438,603.8100490701584,584.7607532304522,587.9422699535315,2307200
2023-01-24,575.5631713867188,604.4345015263763,571.6582167007048,604.4345015263763,2102600
2023-01-25,570.2110595703125,570.9048555398632,561.8856289220093,566.0781068773423,1238300
2023-01-26,572.242919921875,573.3827320601054,562.2722556580208,570.9148530668326,1210800
2023-01-27,568.5361328125,572.3816829974463,563.1444379496074,569.7948744870063,1110000
2023-01-30,559.2789916992188,565.8005771724116,555.7803701269451,562.7281298713693,1221500
2023-01-31,565.2655029296875,565.5628268396765,553.0449760372301,557.1878504981856,1799800
2023-02-01,582.1441650390625,592.2337582768438,571.2121440906448,580.8854839120186,2627500
2023-02-02,581.8568115234375,589.8848591311369,581.8568115234375,586.4159392154115,2312500
2023-02-03,582.5406494140625,587.5755555073371,577.4760411798571,579.3690535956259,1283200
2023-02-06,571.0535278320312,578.6455400356705,568.327948145276,575.4045586503365,1119500
2023-02-07,577.9715576171875,581.1332323195331,564.3535202314044,565.7114100629084,1171100
2023-02-08,574.0862426757812,579.8942500743876,570.9147080402277,573.4222094169411,907200
2023-02-09,563.8778076171875,578.1400367420356,562.6587495624894,577.4858637664746,960800
2023-02-10,566.3358154296875,566.6331998047094,558.3473911734785,562.0740118079074,763700
2023-02-13,569.8939208984375,572.1040988338511,563.9571226013743,569.5668344057514,997600
2023-02-14,566.4051513671875,573.9574797693612,561.5982443017347,570.7760237729567,850100
2023-02-15,561.7964477539062,565.4437613235519,557.7725038244408,563.4119778517777,1038400
2023-02-16,552.6287231445312,560.3792890366148,546.404460320774,551.1816661235082,1173700
2023-02-17,554.7297973632812,556.5038801339384,547.9901944184969,548.0099756803377,1182400
2023-02-21,545.879150390625,549.3183075562862,539.2980994504245,543.777980950815,1395200
2023-02-22,543.5300903320312,548.3766198922477,539.872856066869,545.115857720869,1705300
2023-02-23,546.0574951171875,552.7177914927331,542.0434718111081,548.4559882234001,1160200
2023-02-24,537.9700317382812,541.8056615035667,534.3821819862218,539.7738774937468,852600
2023-02-27,536.5428466796875,549.4967937603546,536.2257414788747,543.6194587745913,1110600
2023-02-28,536.9491577148438,540.3883149297593,534.1046482770095,535.611109476669,1188800
2023-03-01,533.7378540039062,537.8014209862655,531.4979135772113,534.5505794990084,1126000
2023-03-02,543.8770141601562,545.988104266417,527.1964502547556,530.0806428757168,941200
2023-03-03,554.47216796875,555.5525153716142,544.7492833156252,550.5275297781476,1153600
2023-03-06,553.5601806640625,562.282021712134,550.3885856029972,554.5413794641632,1163100
2023-03-07,543.9564208984375,558.0104956102829,543.2725456606568,555.8300194540858,1012800
2023-03-08,549.8238525390625,554.8587593751187,540.6857546349805,543.4113347962827,1453000
2023-03-09,548.2974853515625,559.3979803167512,546.0773258653642,551.2113804032147,1013200
2023-03-10,539.0007934570312,550.6067696597398,535.1552431109061,546.969376286102,1081700
2023-03-13,536.7509155273438,546.523343676387,533.2720748380344,538.6637697639135,1405800
2023-03-14,551.37939453125,556.853873366283,540.5096736151845,546.0139343317824,1409800
2023-03-15,538.2286987304688,545.4685418153791,530.0763919560026,542.6618412784525,1918900
2023-03-16,552.5,553.9777137712174,535.3226972565899,535.3226972565899,1135800
2023-03-17,542.8304443359375,550.7347497509409,539.4782876100066,550.7347497509409,1947900
2023-03-20,546.03369140625,550.2982502749896,541.0848152388048,542.2550855913811,897200
2023-03-21,552.11328125,554.1860275432477,547.114767789594,549.8123887976714,1000100
2023-03-22,549.7529296875,563.3202120374865,549.7231478039032,552.1133255593948,928400
2023-03-23,550.6156616210938,555.9612666729607,545.8452947620464,553.3826523642247,951600
2023-03-24,553.660400390625,554.0570683959148,539.8253249618089,544.0006597704275,1012600
2023-03-27,557.0621948242188,563.4887862298874,556.4076592497566,559.1547958423595,865600
2023-03-28,549.6636352539062,558.0638817220638,546.4007636191279,555.3761878375714,828800
2023-03-29,550.5760498046875,555.951376562229,548.6618981315422,554.7513241645279,1239600
2023-03-30,558.3316040039062,559.6308688920031,552.2719594414839,555.3861031906936,1219900
2023-03-31,571.6212158203125,571.9286592730354,559.0159131941141,562.2986392985861,1438700
2023-04-03,565.3731689453125,568.3881004252386,561.455701107732,564.8177852376344,1034400
2023-04-04,571.4327392578125,575.4592857463725,564.2524006406805,566.6822267444597,1085600
2023-04-05,575.0823974609375,575.3204103654974,565.2242927819161,571.7600230256184,1035600
2023-04-06,570.6095581054688,576.9866333853554,567.6244089129902,576.064242563192,780700
2023-04-10,569.6276245117188,569.6276245117188,560.6323482770134,568.0110498320417,672600
2023-04-11,571.6311645507812,576.7585515638701,569.667497297318,571.7303164299789,1158800
2023-04-12,574.57666015625,581.8165632397005,572.8907150316701,578.4445519259762,847800
2023-04-13,586.2596435546875,587.2414771904921,577.204861418715,580.4380117365694,1101900
2023-04-14,583.9884643554688,584.6826484994543,577.2147210467475,581.5685655479949,834900
2023-04-17,583.7503662109375,585.5256567335476,579.4263037725806,585.2777165405371,783500
2023-04-18,580.041259765625,588.2827903426204,579.862750069247,588.2827903426204,1158700
2023-04-19,575.1419677734375,575.9353643919397,566.6227754872726,571.0459903882563,1409400
2023-04-20,561.2672119140625,563.1615090401523,555.7430967025258,561.3366424376013,2100900
2023-04-21,566.9697265625,568.2689306051622,562.1597115768028,564.1828815305789,959200
2023-04-24,569.5681762695312,571.7004860561963,565.3036172284725,566.8111129114085,895100
2023-04-25,543.8619384765625,561.83264415852,541.0056617625289,559.5020298652186,2495500
2023-04-26,528.737548828125,538.9030991176451,512.958597358701,523.6498100357627,4020100
2023-04-27,538.5459594726562,541.1740892268639,527.2002136997933,529.1043774531182,2148400
2023-04-28,550.328125,554.592684588236,538.843517301071,538.843517301071,2046900
2023-05-01,543.9808349609375,552.2223653354994,540.8171153773393,551.4091141615658,1979800
2023-05-02,539.33935546875,546.965998299911,536.4731522824185,540.3608375969305,1060900
2023-05-03,545.8850708007812,553.6010004098448,544.714800088665,545.5181240746214,1430200
2023-05-04,541.1444702148438,549.3364255124561,538.2484845991108,548.0470878255887,1243500
2023-05-05,541.8782348632812,549.8321753228977,537.4549601965724,548.5031893047022,962400
2023-05-08,538.109619140625,545.4684677013028,536.6319051587442,544.9230113400572,1029100
2023-05-09,530.2548217773438,533.0416673043496,524.8596404098835,530.6316957374893,1225100
2023-05-10,529.1044311523438,535.4715190730298,525.6332680613724,534.9459172817542,1586100
2023-05-11,525.4249877929688,531.3259772810826,520.7339780851073,527.7060862990987,2326300
2023-05-12,520.327392578125,530.5623120373039,517.1438182229801,527.3688709200446,1518200
2023-05-15,519.3652954101562,520.9521490306953,515.8544839229297,519.9306063375724,1383800
2023-05-16,515.4677734375,518.3934804581288,514.892535115504,516.9653422143266,903500
2023-05-17,517.3718872070312,523.0348636878834,508.7039067023749,518.0562046433083,1284600
2023-05-18,519.2264404296875,520.3174136563453,514.38664276203,516.4990981614585,1073300
2023-05-19,523.0348510742188,527.3589139281887,518.363635597303,518.730582275646,1313300
2023-05-22,524.661376953125,530.235068435096,523.0150199413888,523.0745231748081,1161000
2023-05-23,520.7734985351562,524.9389054150658,515.4279545804102,522.0131993605896,1629400
2023-05-24,506.5121154785156,510.2609703767605,494.39279637087486,505.7980464376052,2482800
2023-05-25,516.3505249023438,518.0067490264526,506.095688270298,509.735434637702,2262200
2023-05-26,517.7190551757812,528.3209818389795,517.5206908851918,523.3323953525397,1603700
2023-05-30,509.9832763671875,522.1026264085293,508.8824362626396,519.5042176145217,1793800
2023-05-31,504.27069091796875,509.4377562424409,497.52672954397525,509.4377562424409,4052200
2023-06-01,515.100830078125,517.3521469055879,504.32039291233195,508.9023238635574,1830100
2023-06-02,515.8544311523438,522.8165501870869,514.3965114292486,520.2578511339321,2564300
2023-06-05,514.307373046875,520.1389318519227,509.1898530184714,519.7422032878226,1477400
2023-06-06,512.0064697265625,518.8793652017873,508.4758034968883,517.699167360651,1723000
2023-06-07,516.4892578125,518.8992294761572,508.37660058228187,510.2907523404556,1649400
2023-06-08,511.0047607421875,518.442966866528,510.9154756344938,516.3602933646232,1580500
2023-06-09,513.91064453125,517.4908867733133,510.3899055205794,513.6924861935704,1041600
2023-06-12,519.375244140625,520.4165809310458,512.4130635740352,515.705716873747,1246100
2023-06-13,521.7156372070312,523.0644170582759,518.710634148269,521.1503264166724,1328800
2023-06-14,516.1781005859375,524.0281860600039,514.7291438533865,523.8296897089914,1996500
2023-06-15,531.0545043945312,532.2255541651957,514.9872024229214,516.2177950438711,1723400
2023-06-16,533.2279663085938,537.9717693213909,529.3575594810145,534.6371876310914,3428000
2023-06-20,523.4029541015625,526.767215863647,503.3063949379134,508.1196437139463,2115400
2023-06-21,521.9639282226562,526.4298235026004,518.7981022568592,521.0111820901388,1617800
2023-06-22,524.3059692382812,525.9831632572309,517.4979752852377,522.1623663946752,945600
2023-06-23,520.237060546875,525.7052496526769,518.5003237089736,519.2347055945315,3779700
2023-06-26,518.0736083984375,522.1921195601941,511.9701944928748,519.0560955815841,956900
2023-06-27,505.7576599121094,518.3514866860545,499.49548489962456,516.396446101984,2036000
2023-06-28,506.28363037109375,507.5340906789951,502.8101564369582,507.52415677614215,1395200
2023-06-29,510.4915771484375,511.2458269838805,502.2445287650194,506.1348333591606,999200
2023-06-30,517.7957153320312,519.6416040634532,512.0297510925882,512.5656366870913,1315500
2023-07-03,515.1757202148438,517.3094498814846,511.4541409631996,515.404018264965,616200
2023-07-05,516.6544189453125,519.5920073127088,514.2131017182769,516.2872279709603,1432800
2023-07-06,513.3992919921875,515.1360289214887,505.1621786700145,510.8884375281322,1506400
2023-07-07,509.83648681640625,515.523101070451,509.41968690287655,511.09688103246873,1020700
2023-07-10,512.932861328125,514.9871804341248,507.31578411578016,508.60591953192903,1026600
2023-07-11,515.3246459960938,516.1880476009763,511.3648950690288,512.3870574152048,1310900
2023-07-12,521.93408203125,525.5167681967691,520.0187165986857,521.7257123690628,1678200
2023-07-13,522.6586303710938,532.3843456660377,520.0584917666159,530.9453228633871,1364200
2023-07-14,525.3479614257812,527.8885567406481,521.3286685254643,525.6556095101865,953000
2023-07-17,521.2791137695312,523.134936370372,515.3245872027501,522.3310777067595,1290800
2023-07-18,519.7110595703125,521.8050534942264,515.781050320169,521.547074896542,1461100
2023-07-19,531.4911499023438,535.3318150164014,522.956351998345,522.9960270393459,1715400
2023-07-20,534.1906127929688,537.4854586559169,526.439805149307,533.2577343825401,1147400
2023-07-21,557.92919921875,560.4399930076465,526.8664320954449,534.577502557144,2755800
2023-07-24,567.1885986328125,568.2206949020242,554.8825511977756,555.7558867227181,3196700
2023-07-25,566.5831909179688,575.6936713247011,550.099088442487,551.2701382523572,3073900
2023-07-26,570.056640625,570.6421957908788,550.7540965471841,550.7540965471841,3559300
2023-07-27,555.7757568359375,573.0240426662236,555.1405927110565,571.039200205409,2260900
2023-07-28,557.5917358398438,561.4026592767976,549.5730174669465,558.1474891980898,1642800
2023-07-31,544.5017700195312,553.4534283157026,542.2787563003906,553.1953891210558,2144800
2023-08-01,541.7031860351562,546.5263382766511,538.5472334808854,542.3879590501275,1517500
2023-08-02,549.5632934570312,551.6771559206162,538.4977704307081,539.7780328248375,1398700
2023-08-03,544.2239990234375,548.5212002260564,541.1772583543013,546.1194970603623,1103200
2023-08-04,544.4819946289062,550.7838451694498,542.6261717866643,543.3605538004817,1102200
2023-08-07,547.608154296875,550.2976379584951,542.7155243155673,545.8317418884983,737300
2023-08-08,551.5678100585938,552.6793168085663,541.4748441882434,548.9775450368458,1002100
2023-08-09,543.4299926757812,552.1732206229667,543.2215624272325,550.5655031986774,947100
2023-08-10,543.1322631835938,552.5503299824286,541.4550690569123,546.1988105438226,1168400
2023-08-11,539.6588134765625,543.1421609060324,536.7907017547651,538.8846958882928,925100
2023-08-14,536.244873046875,538.1899797424181,534.2699040692909,536.6517390681121,1068400
2023-08-15,530.379638671875,534.8852089780341,528.1070159984579,531.759118635744,894600
2023-08-16,524.8617553710938,527.1145707073741,522.7578274325489,526.0725406409612,980700
2023-08-17,531.89794921875,534.1606374659601,525.8441451365408,526.8266321762877,1257000
2023-08-18,528.3451538085938,531.818627683213,524.1372980063818,529.099403541552,1093700
2023-08-21,528.22607421875,532.4934729137386,526.3305159617917,532.4934729137386,903800
2023-08-22,523.0555419921875,529.2581740255181,522.3608350899389,526.9756175517682,960700
2023-08-23,541.107666015625,543.4994347658005,534.1011755354155,537.2074583963409,1769100
2023-08-24,533.9324951171875,545.4544897539308,533.8431505646784,541.0680053749076,1326200
2023-08-25,537.4854125976562,539.9267299297776,531.8980765181224,534.7065848404014,749800
2023-08-28,541.0579833984375,542.4870719979112,536.4333283956306,540.1945820125646,642700
2023-08-29,551.20068359375,553.2450690340577,540.8299295418419,542.1001972989067,1291400
2023-08-30,554.7633666992188,558.6735080573541,550.5356433365181,553.5427081914942,773500
2023-08-31,552.8778076171875,559.4178897562289,552.7289807857641,556.1528459246375,1192100
2023-09-01,552.9969482421875,561.5714825097314,552.6000160797155,559.1797739128738,1015500
2023-09-05,537.9021606445312,555.4481581153059,537.5945125318437,555.0412921233938,1404900
2023-09-06,532.6323852539062,541.3061354677133,531.9376784101246,536.8203729755089,1217900
2023-09-07,527.6304321289062,534.6468546697432,526.6479451982516,531.1833156626636,1079200
2023-09-08,514.3421020507812,528.622995621593,508.8937199121798,525.9831821517839,1834900
2023-09-11,511.03741455078125,513.697096303127,508.9533540991379,511.5038234759005,1555900
2023-09-12,507.11724853515625,511.09686684041924,505.4995972952727,511.09686684041924,1568000
2023-09-13,507.0279235839844,522.3310699596045,494.2356316149531,495.406681220342,2359100
2023-09-14,512.0828857421875,514.6450440387525,503.04565578838543,511.5763942653458,1598300
2023-09-15,511.9736022949219,530.5048480548671,505.79647996554,512.0828289033426,5179500
2023-09-18,504.2274169921875,511.9537451662234,503.80036032950744,511.9537451662234,1300100
2023-09-19,505.23040771484375,505.89579900266585,499.83787426723785,501.7347016200469,1181100
2023-09-20,501.4070129394531,508.38851502233683,500.68203795985755,507.842291032652,1271300
2023-09-21,498.1297302246094,500.3344165565557,496.1137355842253,498.96393176817696,1606900
2023-09-22,499.3215026855469,503.6613513133217,498.10991766506754,499.43072930119604,1198000
2023-09-25,502.17169189453125,502.549075301461,496.9082359304369,497.77225966543216,961500
2023-09-26,498.1297302246094,502.9462781015022,497.38490417066873,499.53000684286377,1190000
2023-09-27,494.8525695800781,501.08924597254617,491.50582227506527,499.15268586735806,1344300
2023-09-28,499.5498962402344,503.89968557769396,496.88839154389774,498.5865865910388,1443300
2023-09-29,502.6781921386719,507.464918264356,501.2878258136398,505.6971988328419,1380500
2023-10-02,492.3697814941406,503.492499665406,487.29501727227876,499.6094693187393,1652100
2023-10-03,496.16339111328125,499.0334687946286,489.2017706947117,489.49968900102266,1559400
2023-10-04,498.9838562011719,499.7187416061453,492.41943958697607,497.7523897437204,1022100
2023-10-05,494.5843200683594,496.9876386541912,489.3010439554812,493.95869168001497,917500
2023-10-06,495.1107177734375,498.69582978207717,489.6685412019802,492.3995702005053,1108400
2023-10-09,492.70745849609375,494.22690259870865,487.0070655097044,491.5852489372701,1182500
2023-10-10,492.7272644042969,496.09389277185386,489.52947661356166,492.1711300326082,1304900
2023-10-11,489.2315368652344,495.19014513532886,488.397335344267,493.7898685550108,1207100
2023-10-12,479.23101806640625,492.4392548090742,467.3634439930161,488.4469980174121,2026200
2023-10-13,479.5190734863281,480.9292606683462,472.71632203429783,476.3212853896963,2004300
2023-10-16,485.1697692871094,488.6555346127569,476.9667419767493,479.51901986340823,1247700
2023-10-17,481.4257507324219,486.5799493797863,474.40454692662735,475.6955666129869,1355200
2023-10-18,464.03662109375,477.6619750183254,463.64929695760407,477.6619750183254,2134800
2023-10-19,466.429931640625,473.41143302737606,464.2053639732497,469.04176277380765,2014500
2023-10-20,461.15655517578125,467.9493954752952,460.05422716051396,466.2710516715596,1599300
2023-10-23,458.6241760253906,466.2313367331678,456.8068137156101,458.56459236323724,1897500
2023-10-24,455.0986633300781,455.6845895270443,444.0553804639662,448.8123144123146,2376600
2023-10-25,430.1916809082031,435.8126387791079,412.73297066826126,420.0819153722281,7906700
2023-10-26,437.1235656738281,442.2578835249682,426.2193001486806,428.1558602221836,2971200
2023-10-27,428.4339294433594,436.9249352979742,424.42179082535625,436.5376414656886,2495600
2023-10-30,431.115234375,432.34670072027467,417.3111309710183,429.19855594594327,2946500
2023-10-31,441.7016906738281,443.5190831744744,430.1618574664091,433.4788124447841,2895400
2023-11-01,438.06695556640625,442.0592426962672,431.0060189734648,442.0592426962672,2275400
2023-11-02,444.48236083984375,445.0484358605527,438.88125490091784,441.7711833514853,1713900
2023-11-03,451.6029357910156,457.3927341153905,448.4846130521194,451.5532928422027,1921800
2023-11-06,451.8810119628906,456.3102662616948,449.13013185026654,453.5494454362903,1613800
2023-11-07,456.0719299316406,460.65014367426664,448.9911112824051,450.74892036001154,1708700
2023-11-08,451.1758728027344,460.8089680399574,449.9543472292366,458.32621465995646,1848100
2023-11-09,441.20513916015625,455.67463353972954,440.0034949763896,455.3767152485639,2042400
2023-11-10,445.3363952636719,446.06137010135916,434.24347104893866,440.75821295603237,1896500
2023-11-13,442.0791015625,443.72765359574214,436.0807603571089,442.4564849602007,1675000
2023-11-14,456.091796875,459.0512198984377,452.0796583968771,453.65868611832684,1822400
2023-11-15,467.2939758300781,471.5543593303469,460.7891429943745,461.4545343167272,2184000
2023-11-16,469.2106018066406,471.42522875486384,465.4765309865472,468.8034266112965,1613400
2023-11-17,463.20233154296875,471.72312754328135,460.96785357039533,471.72312754328135,1556300
2023-11-20,465.79437255859375,468.4260853435107,462.6859601664452,463.80816965570534,1183500
2023-11-21,479.0622253417969,486.9375126048895,473.16320027555525,474.9805626027877,2915900
2023-11-22,484.166748046875,487.18578493673795,482.35929613664416,482.7267388235156,1463800
2023-11-24,487.3943176269531,487.64259298395586,483.45170374546746,485.1300475833701,722800
2023-11-27,486.74884033203125,490.016152734801,484.78248846244855,485.8451143352204,2427100
2023-11-28,482.56787109375,485.37833486898865,477.25477226190685,485.0506247247934,1549600
2023-11-29,489.5195617675781,492.3796683787252,486.51046569886034,486.51046569886034,1195800
2023-11-30,492.3399963378906,494.0679832040058,486.0040040860657,492.4790147845525,1914000
2023-12-01,492.70745849609375,495.7562874147106,486.22250682845595,487.4936755528197,1219700
2023-12-04,491.9228515625,494.87236397909027,486.97719560231377,490.0657567644709,1222300
2023-12-05,488.2086486816406,490.22464328815255,483.69995989156627,489.56919273485147,1613600
2023-12-06,490.4034423828125,493.2536387985374,488.2583395361812,491.58523557573045,1241700
2023-12-07,490.6914367675781,494.86244470956854,488.9137766706666,491.1184631210941,2101800
2023-12-08,486.39129638671875,492.2605297153117,484.6533688130205,489.4103333435748,1871800
2023-12-11,491.57525634765625,494.01830763290906,487.94050155679093,489.16202719941737,2030900
2023-12-12,493.9388427734375,495.0709929266877,488.07955052378503,492.90600882246275,1420200
2023-12-13,514.9627685546875,515.2905089825381,493.4522193010679,495.15041417750126,2776700
2023-12-14,518.2720947265625,531.1016670802637,516.8907368178213,526.2421064878109,2763900
2023-12-15,514.8037719726562,520.2197812031562,514.4956444036586,517.52669772609,4354900
2023-12-18,515.39013671875,520.5974933743476,512.3889252464609,517.8845146610786,1607300
2023-12-19,524.8507690429688,525.56625578274,516.5726311354371,517.7651696900864,2569400
2023-12-20,516.195068359375,529.1737304073702,516.1354444556798,524.7117030915682,1497300
2023-12-21,523.2807006835938,523.7478051702462,514.8435841930911,514.8435841930911,1016600
2023-12-22,525.755126953125,529.6010201977934,523.6185532922184,524.8011445389664,1081500
2023-12-26,526.4010620117188,527.9314491183584,522.5054925961615,523.5986175787566,639100
2023-12-27,528.3389892578125,529.75012873127,525.9936408795542,527.5041939613072,806000
2023-12-28,529.6210327148438,532.6619736456486,528.1899981206385,529.6806566289752,763400
2023-12-29,527.4843139648438,530.6445022209062,526.2222645407657,527.9017419523723,804300
2024-01-02,540.7611694335938,542.6989767086682,524.0856427247988,526.2620062792295,2310800
2024-01-03,525.526611328125,540.2841039341082,524.6818685823871,539.4294744168075,2170300
2024-01-04,534.013427734375,536.4780240953378,524.0359764411754,524.0359764411754,1831300
2024-01-05,527.9215087890625,537.402133002586,527.1662323232856,530.644434511971,1817200
2024-01-08,538.0084228515625,540.1748390670615,524.1155062760494,526.3315989727895,2126800
2024-01-09,538.4754638671875,555.747230247109,533.3078967443244,535.1662459803247,2890000
2024-01-10,540.5426025390625,545.9387792755132,530.5552022665145,537.4221427134745,2026600
2024-01-11,542.5995483398438,545.1237075530853,537.0443357995783,540.1449604498653,1983100
2024-01-12,540.9300537109375,549.6355072846942,539.4095532358467,545.0939613666942,2013100
2024-01-16,538.62451171875,547.4094843176568,537.8096112674343,540.1251173879388,1838900
2024-01-17,535.8916625976562,542.549948515228,533.4966982671258,535.3947764941814,1966300
2024-01-18,541.0294799804688,543.6232716921231,532.6519870581163,534.0035027824359,1728200
2024-01-19,548.3138427734375,549.8343434409961,538.46558639526,541.764856911902,2124000
2024-01-22,549.943603515625,555.2105839603403,547.1014296263122,549.4367699969281,1818500
2024-01-23,547.31005859375,553.560924172603,541.9735070551823,552.7360763131205,1116600
2024-01-24,536.6270751953125,548.5523423647072,535.7823930328319,546.4256551622876,1842500
2024-01-25,534.8580932617188,544.3684993503523,534.2916358972509,539.846787860219,1748100
2024-01-26,543.9213256835938,552.944733098144,543.245567902881,550.5497689143687,3172300
2024-01-29,554.29638671875,555.7075263797943,543.9511832668528,546.5747566560128,2445900
2024-01-30,563.5880737304688,566.4501424605675,556.0155345731359,556.0155345731359,2301300
2024-01-31,535.6233520507812,562.4750978637128,534.4308738655656,559.7919006368875,3589400
2024-02-01,548.7908325195312,550.4703100553074,530.912879371532,538.7637044416194,2163900
2024-02-02,548.3834228515625,550.9970487814132,538.5152714613276,545.6008726187496,1327500
2024-02-05,548.1845703125,553.511174302269,543.265386202474,546.0380492280533,1473700
2024-02-06,556.7907104492188,557.0093112160972,548.0156850482549,549.0491862876672,1328100
2024-02-07,548.8703002929688,562.47504361509,548.5920756282671,558.4999549676336,1451400
2024-02-08,547.4591674804688,549.4168695487881,538.0879031584521,548.7610066021796,1549300
2024-02-09,547.320068359375,550.679023427039,544.8753667810912,546.2269431430537,1280800
2024-02-12,543.4542236328125,547.5684548928464,540.7213502191005,547.5684548928464,1073000
2024-02-13,535.2457275390625,542.7884858577513,531.0818192457115,538.0481726566563,1268000
2024-02-14,544.8555297851562,545.2728971458766,538.266814928941,538.266814928941,1297000
2024-02-15,545.1536865234375,549.7846388265589,541.8841974404744,543.8518472160216,1519000
2024-02-16,544.4281616210938,549.2479322890296,542.9176085427132,542.9176085427132,1028200
2024-02-20,544.726318359375,546.9821400497488,538.9723383955231,541.4667163685523,989300
2024-02-21,549.406982421875,549.5262302434372,540.9002941051735,542.708966938929,786500
2024-02-22,556.9993896484375,557.2478327069011,546.843066532863,551.5435897893819,1139600
2024-02-23,561.1930541992188,563.1507560861231,557.3669952909264,559.3644868803283,970000
2024-02-26,559.970703125,562.465080888232,557.5161150663853,559.8316211239521,758600
2024-02-27,562.6439819335938,564.2837303035865,557.3472198503656,561.4613906052757,901000
2024-02-28,568.467529296875,569.4414066237599,561.5011766095694,561.6800483233825,1021400
2024-02-29,566.6290283203125,571.4190176249211,564.015402569903,571.0712216153402,1794200
2024-03-01,572.7407836914062,574.8972525125785,559.49378247983,561.0440647795048,1466000
2024-03-04,578.0177612304688,578.9121199478263,567.960789952735,571.816631503255,1547700
2024-03-05,580.9691772460938,582.4996253217103,576.3879017565839,577.5108692451685,1973300
2024-03-06,587.8162841796875,594.6235998105368,582.1617176672939,584.685877339198,1886800
2024-03-07,593.9378662109375,595.1800814606179,588.8100283484754,591.294458847836,1819500
2024-03-08,593.8881225585938,600.0594690567933,592.248435007502,593.281936142524,1600300
2024-03-11,595.69677734375,596.253287269931,585.9677707334499,590.479474040166,1380400
2024-03-12,593.5304565429688,596.8794640615153,590.9864020939089,595.1702049628692,1146300
2024-03-13,589.6249389648438,595.2994001587263,587.3591091960637,595.2994001587263,1035200
2024-03-14,581.6495971679688,591.7827990063994,578.0100252630525,587.6857693603448,1758000
2024-03-15,580.8939819335938,581.391194941944,570.5320191392121,571.9639950310589,1920100
2024-03-18,576.816650390625,583.5787334248157,575.0764053092927,582.5942616328512,1554400
2024-03-19,579.4717407226562,580.9932412453636,573.9825518853685,578.0398259176574,1053600
2024-03-20,576.816650390625,578.3878600872088,573.0775998189733,577.8110761513864,728700
2024-03-21,580.8740234375,583.807592070448,574.3803929800105,576.7670394903612,1230500
2024-03-22,579.83984375,585.7069203354201,576.5084804587989,583.5490330562452,1061200
2024-03-25,570.3628540039062,581.7689493829571,567.9066514347993,579.9590871607519,1226800
2024-03-26,565.6493530273438,571.7849438933141,564.6748350585834,570.8104259245537,1784900
2024-03-27,576.1405639648438,576.5383586270804,567.8967946012544,569.3287704123848,1525800
2024-03-28,577.97021484375,579.0441509586694,572.9781781318763,576.0708276627685,1081400
2024-04-01,574.231201171875,578.2884755069265,569.6469127142562,577.8111098413741,837600
2024-04-02,568.3740234375,569.1994138687609,562.626273716934,567.568540945165,1381300
2024-04-03,572.789306640625,575.0267648696899,566.0172688284526,568.0458757726269,1151500
2024-04-04,567.4292602539062,578.7557840655463,565.4006535826145,577.1746204239275,1231900
2024-04-05,576.2300415039062,580.585631708073,565.8879880877697,567.041495401253,1181300
2024-04-08,575.5736694335938,579.1635321827678,572.5009275484335,576.1205915117191,998900
2024-04-09,585.915771484375,586.6416829926148,579.9790171068272,580.5259999255779,1026300
2024-04-10,570.5120849609375,576.4388242726327,568.7022226029226,574.0720858579161,1282800
2024-04-11,571.3672485351562,577.1249521611578,568.1751198147668,576.3294236471323,1295500
2024-04-12,562.0792846679688,570.193833317319,558.5093299769768,567.7276160205888,1201600
2024-04-15,554.7603149414062,567.5386621646632,551.419058827713,567.5386621646632,1031700
2024-04-16,551.4588623046875,555.9238248164746,549.5992907556127,555.9238248164746,1010300
2024-04-17,544.1995849609375,552.9008117647899,543.4040563635735,552.7615775691423,1610100
2024-04-18,538.5015869140625,541.8328897359088,526.6878011790881,531.8190126330419,2075800
2024-04-19,541.7432861328125,543.0956905783257,536.1645115789414,539.9234700260974,1738400
2024-04-22,545.3231811523438,549.7781889552654,540.1223540594725,546.0889083790694,1522800
2024-04-23,571.38720703125,573.6743744720468,556.878506382406,564.3466546345462,2544000
2024-04-24,574.171630859375,583.1910817766619,562.0793769597157,574.7782161400717,2034900
2024-04-25,568.5431518554688,574.768268264226,566.8029063729224,574.1815909192799,1184000
2024-04-26,570.4026489257812,571.7948694075312,563.7897533748134,564.7742252648641,1438200
2024-04-29,573.67431640625,576.2597992176393,568.1154494583485,571.8843620987549,953800
2024-04-30,565.5498657226562,573.2467731316892,564.8040463016016,571.4965738457573,1515100
2024-05-01,571.7849731445312,578.6564905186857,565.2317400559781,566.6835631131069,1171900
2024-05-02,568.0657348632812,576.5581092944748,562.3378325782406,576.24983972611,1357400
2024-05-03,569.189453125,576.6078915587221,568.4436337633836,576.6078915587221,1749700
2024-05-06,570.3529052734375,573.1771012503292,567.1707305754414,572.2025226940775,1140700
2024-05-07,569.6767578125,573.3760537045639,562.1887623818972,568.3143991914682,1890700
2024-05-08,570.4424438476562,572.1428731607497,564.545505998848,569.5176351153746,1598100
2024-05-09,574.70849609375,575.842156074079,569.308771275784,571.0291084897493,1513300
2024-05-10,589.7243041992188,590.7187299029194,575.5835391312315,576.9359435214817,1328800
2024-05-13,587.4074096679688,591.2160779788485,585.6671642884602,587.9742397321161,944600
2024-05-14,591.4844970703125,593.8512355034431,583.3799626230258,587.8647723261199,1040900
2024-05-15,595.6810913085938,598.6444614128056,591.7133412173981,596.6556093815338,1188700
2024-05-16,593.8214111328125,596.7450255129723,589.9729880102976,594.9152552723885,1409400
2024-05-17,591.9818115234375,593.7717662626476,586.0749183975801,593.6226387731002,1398400
2024-05-20,590.6988525390625,593.9108283058799,589.4458663763606,590.3209658965038,805700
2024-05-21,586.8305053710938,590.6888820488252,582.0572740187761,590.6888820488252,1133200
2024-05-22,587.5068359375,593.3043561891692,584.3445687170286,586.3831297644936,873000
2024-05-23,581.7689819335938,588.7001009480099,580.9037756080613,586.711249255618,1185000
2024-05-24,580.79443359375,584.6826728441355,578.109471530135,582.7335762338574,883300
2024-05-28,569.3783569335938,578.7259225333527,565.9972851176598,578.427606948401,1435500
2024-05-29,564.1377563476562,566.9320904780246,560.5279857603383,566.9320904780246,1324500
2024-05-30,559.623046875,560.826263192246,547.2623420396445,548.4556650830956,2431300
2024-05-31,564.81396484375,565.4106567601301,557.2762607347845,561.4429074001873,2106700
2024-06-03,566.4050903320312,570.4325028691503,559.8717052407329,566.2161469935029,943700
2024-06-04,566.4945678710938,570.5518424117154,562.089268554253,567.6083199889212,995000
2024-06-05,572.0733642578125,572.371679890583,563.5610202364916,566.6735781774346,896100
2024-06-06,576.60791015625,578.4276657569343,568.7519216825337,572.0832239938924,1153800
2024-06-07,577.8509521484375,582.6838472817873,573.8732486915364,576.279742288379,1231900
2024-06-10,578.2387084960938,579.0342977109381,572.650040222945,576.7669776995158,1540500
2024-06-11,572.6798706054688,576.7669459487703,570.710866310538,575.7228110304357,1407700
2024-06-12,572.4810180664062,578.7259808217902,571.3970671878221,576.0311256222193,1397900
2024-06-13,569.4381103515625,571.4269621598714,561.8506358472688,570.1640218392143,1304700
2024-06-14,569.2490234375,570.2938701091603,563.9650255541211,570.0550549540728,1413700
2024-06-17,565.2188720703125,566.5124946654656,560.9896815662653,563.6764735631566,1318400
2024-06-18,566.383056640625,569.2389989000975,561.8553477465564,566.7711615923079,1398100
2024-06-20,554.4816284179688,558.1037589024724,549.0085593128899,558.1037589024724,3071500
2024-06-21,561.8353881835938,565.805902000147,555.3771764579313,555.9742749746055,3153300
2024-06-24,563.1788940429688,568.7116676243659,559.5666631194273,562.8405320953101,1557600
2024-06-25,553.7950439453125,565.5571751280562,553.4666427695081,562.0743127227806,1942300
2024-06-26,555.4369506835938,558.6312550545017,552.123299477768,554.0736636319062,1091400
2024-06-27,548.0831909179688,555.5265464233421,546.5407317462339,553.9940480054331,1506900
2024-06-28,550.2922973632812,555.5365128334457,542.9583886027148,550.2226328220939,6150900
2024-07-01,539.0675048828125,554.8399337311421,536.7589179280361,550.7401116679663,1459400
2024-07-02,531.3156127929688,538.9381397347491,530.8479432940627,536.6692745657706,1316400
2024-07-03,532.9873657226562,537.1668125280762,529.8229439126903,530.3901601903679,908300
2024-07-05,537.4553833007812,537.5250478350761,531.2359863419391,536.0125317953685,1233300
2024-07-08,533.6641235351562,540.3612125125569,532.8083489585312,538.7988924675229,1140100
2024-07-09,529.2557983398438,535.6941503633838,525.7828964134628,535.4553352116781,1567500
2024-07-10,534.2412109375,534.3705792513437,526.230639913487,530.6389411280801,1976200
2024-07-11,540.0327758789062,545.9436937007366,535.2363692317513,537.11712961513,1402400
2024-07-12,545.4063720703125,548.958838560488,538.2117315672056,540.0327882055187,945200
2024-07-15,542.0130615234375,546.9885798902932,540.331333885988,543.913743551909,1326000
2024-07-16,552.7003784179688,553.0586618436835,545.0380691896428,546.5506459711311,1122100
2024-07-17,552.3421630859375,557.2181946788131,548.1527553584048,550.2922522430194,1131200
2024-07-18,537.9728393554688,554.4318290758146,535.1368187274707,548.9886421849681,1745000
2024-07-19,531.7335815429688,539.5750027282497,528.8776390850328,538.5003345760929,1667300
2024-07-22,543.7444458007812,544.4410304087211,533.3555626720421,538.0226005880512,1163700
2024-07-23,549.5360107421875,569.438083046258,547.9736907779613,568.174282019332,2005600
2024-07-24,571.9158325195312,572.4333057908902,549.9439903011873,550.2126269536781,2857300
2024-07-25,591.5889892578125,600.8633605156931,569.3285303829948,573.3189048559301,3625200
2024-07-26,604.1671752929688,611.640412564519,596.3655368484456,597.9079351816517,2715300
2024-07-29,601.1619873046875,604.8339220507054,592.2856801201302,601.2913556327392,1621900
2024-07-30,612.0484008789062,612.7250640198572,599.8981643934833,606.8241071232256,1627100
2024-07-31,610.3368530273438,617.5911362194237,606.3066349621083,611.2224490489424,1702300
2024-08-01,618.7255859375,619.2529592635851,609.8691395868053,613.3818844546458,1458200
2024-08-02,612.67529296875,618.954393794675,602.5053033399233,618.9046507655847,1564700
2024-08-05,595.1018676757812,608.3765164149638,589.907395016222,604.5652524119237,2117100
2024-08-06,599.0723266601562,609.8791378640784,593.6887818307669,597.3209344953932,1316900
2024-08-07,584.4939575195312,598.8334334473012,582.8122301187332,598.0273412784475,1692100
2024-08-08,597.1019287109375,598.1965790878459,584.6233517155584,586.8523740110996,1116700
2024-08-09,593.2608642578125,598.4055329269361,590.9721380969179,597.0621673449318,963800
2024-08-12,596.13671875,596.5944882693874,588.6933632849659,593.3404800737262,1164000
2024-08-13,601.2515258789062,602.6048521033377,596.5247841102071,597.0421966452548,1042500
2024-08-14,599.1517333984375,600.5150201987924,592.8825941199101,599.1418333829132,1128100
2024-08-15,600.7340698242188,605.6399230806061,597.042213756108,602.555126342935,1241100
2024-08-16,601.0226440429688,603.6099498066557,596.6541854628804,598.8433647616041,1076200
2024-08-19,604.6248779296875,607.8888466474551,600.9927865026086,601.2316016309722,959400
2024-08-20,611.5308837890625,611.7896204171934,605.3513299175714,606.9335104722218,1075500
2024-08-21,607.1823120117188,615.0933973282466,606.018057872217,611.9886791320417,965600
2024-08-22,600.9031982421875,610.6950436230298,599.0523202679054,610.1676096029253,1138400
2024-08-23,603.152099609375,604.7243800700678,597.6193268444039,603.7989411478452,777300
2024-08-26,602.624755859375,603.9382390326764,599.3010834422581,603.0327215707902,519500
2024-08-27,607.4113159179688,607.9884323273111,599.0524206378013,602.6347696228393,737300
2024-08-28,610.1377563476562,614.9739446365335,606.2270069977891,607.2618927418197,790500
2024-08-29,608.6849365234375,613.5310859876491,606.674807902463,611.4214713054844,722500
2024-08-30,612.058349609375,614.9739957312008,602.0376495426805,613.0932354393883,1059000
2024-09-03,603.460693359375,612.0186211085982,600.6943368219424,608.4759938419204,1282200
2024-09-04,608.9038696289062,609.670058040443,601.2713818822409,602.6943726308652,1006000
2024-09-05,603.908447265625,611.1627302798493,598.315970173689,608.0480513095342,1467600
2024-09-06,608.336669921875,616.6656817722842,604.5154455678235,604.5154455678235,1868800
2024-09-09,617.3821411132812,619.2131584096725,611.0930792500968,611.5011057269322,1443300
2024-09-10,621.1536865234375,624.8057000026787,615.2228467583587,617.5812376080142,1302900
2024-09-11,615.4317626953125,619.9495109420856,605.8787321844407,619.0340326832951,1324100
2024-09-12,611.1527099609375,616.2775170383251,601.2215969357674,612.6951689020991,1397600
2024-09-13,608.5638427734375,614.4088071621779,605.2181850114628,612.2182369828388,1125100
2024-09-16,611.5311889648438,613.851209708502,604.6705544578858,612.9650510019667,1198100
2024-09-17,607.8867797851562,613.9508379567812,604.4116713329416,610.5653116986654,1333000
2024-09-18,607.5183715820312,612.297891661582,599.293583471128,606.5425698654478,1092600
2024-09-19,617.6051635742188,621.0902390639563,609.2011505336843,614.9764063331279,1474200
2024-09-20,611.0731201171875,616.4002824643723,605.6065401687016,616.4002824643723,1983100
2024-09-23,607.7472534179688,613.7814092617849,605.2081395662178,613.0147341082428,883200
2024-09-24,609.2708740234375,611.3420216670927,605.2281887888854,608.6037480020049,1361100
2024-09-25,597.2224731445312,611.2921646945873,593.4585624856769,611.2523571398248,1282500
2024-09-26,616.6890869140625,617.8938883691167,601.9820492974632,601.9820492974632,1312800
2024-09-27,611.7999877929688,621.1101542096841,611.4216033179639,616.7488264397999,871000
2024-09-30,615.932373046875,616.3804663641954,606.4330742842096,609.8782816587192,1041300
2024-10-01,610.3263549804688,617.3562478883304,607.9664657981131,617.3562478883304,1169200
2024-10-02,610.1072998046875,613.9409196626287,602.7488573509398,607.398927202882,665400
2024-10-03,598.3575439453125,608.8824787151204,596.7942314358063,607.2594244882079,1258200
2024-10-04,596.0574340820312,601.4144979203745,593.9863472319977,600.0603117242231,871500
2024-10-07,596.29638671875,596.7345129217298,589.7942632511133,589.7942632511133,1165800
2024-10-08,592.9109497070312,599.731716264873,592.1741148701135,596.4955746122671,883500
2024-10-09,596.6947631835938,597.5112739489397,590.5809299143518,591.5766658562519,890900
2024-10-10,591.2579345703125,594.6235264122099,587.3546672792246,594.6235264122099,1221100
2024-10-11,594.3746337890625,599.8412139480205,591.7757777749504,593.1001234885166,2138200
2024-10-14,601.2153930664062,601.9621950359801,592.6918956846654,598.2281851881106,1006400
2024-10-15,597.9593505859375,607.9565172845827,596.8241970578832,602.4202280331581,1290600
2024-10-16,589.027587890625,594.2552016176801,584.7658696360877,587.7530774801191,1369300
2024-10-17,596.6947631835938,605.7958042785358,594.3249067798798,601.7630858688204,1946100
2024-10-18,599.144287109375,601.8128521033984,593.0204868422819,597.4714580433408,1081600
2024-10-21,592.8312377929688,598.0190433597751,589.2963877422178,595.3405115390858,914600
2024-10-22,583.8795776367188,588.6790316038321,581.6690125033684,584.9848298159482,1619600
2024-10-23,574.03173828125,576.2223692598186,563.6661550433051,572.1299095889946,2058300
2024-10-24,555.003173828125,572.3787740889884,554.8836904051469,569.9192752871064,1757500
2024-10-25,552.0160522460938,559.8225873731823,550.9506075803639,557.7713739276832,1090400
2024-10-28,550.183837890625,556.9847304319477,548.1027840993953,556.865246997757,1116700
2024-10-29,545.4342651367188,551.2493286707754,544.916463028588,548.610665040645,1638300
2024-10-30,548.2720336914062,552.3744602682295,544.4185410611129,545.165342900703,1452200
2024-10-31,543.9905395507812,549.7359561490067,542.1683255173485,546.2209786338277,1472400
2024-11-01,555.5409545898438,562.4613312283822,544.9562771436456,547.6547433032479,1459700
2024-11-04,553.1014404296875,557.1740273641213,547.8041784521149,554.3063028548886,815100
2024-11-05,558.398681640625,559.3845111763231,547.893680649628,548.0629387260055,998400
2024-11-06,557.2933959960938,567.7685558860986,546.8581044333565,567.7685558860986,1423100
2024-11-07,553.5196533203125,563.4670454041615,551.8368571900937,562.5907929354737,1303800
2024-11-08,549.3873291015625,556.1682883144604,546.6590223932012,554.8539096015108,1620400
2024-11-11,544.5878295898438,551.5679475649671,542.7457425924385,546.7386530421094,1565800
2024-11-12,538.4441528320312,547.8140002993994,537.7471255924805,546.8182644642961,1723800
2024-11-13,539.5892944335938,542.4768920032732,535.705900215014,537.6973719630253,1212200
2024-11-14,530.7471313476562,540.0672041268488,529.4227856773028,537.5977987173769,1764800
2024-11-15,510.8921813964844,527.1425982214622,509.51806102259656,527.1425982214622,3953000
2024-11-18,499.1524353027344,510.583493858561,496.48384011665405,508.82102194709927,3162200
2024-11-19,506.94903564453125,509.119732524046,491.1964870630203,494.0741782813484,3658700
2024-11-20,510.6532287597656,511.65887097388446,500.586322948913,504.91774982993365,1533900
2024-11-21,513.8992919921875,514.0187754424535,505.29614931109853,511.92775428790105,1956800
2024-11-22,511.0713806152344,514.7954228866016,505.0073530714389,512.4255667548421,1833500
2024-11-25,512.0074462890625,514.1383358440136,507.1880574687424,510.115523642162,3063500
2024-11-26,510.7925720214844,512.0074013974282,505.10692865798524,512.0074013974282,1748500
2024-11-27,519.435546875,526.6048572894484,512.7840385605906,513.2121976914327,2914100
2024-11-29,527.37158203125,530.8964650541618,520.769848497106,520.8992990193357,2108300
2024-12-02,527.6902465820312,532.5594096656914,524.3544948886183,526.4455767206598,2558600
2024-12-03,532.1411743164062,533.694519923433,525.6888249910486,527.9889725394324,2665200
2024-12-04,526.6148071289062,534.2421776724802,522.6020233096798,530.2791077152212,2579700
2024-12-05,518.6389770507812,525.1610349246406,515.4725442381647,524.9619363681036,2665300
2024-12-06,527.1026611328125,529.054325078435,519.7740606113155,520.769796359613,1869700
2024-12-09,534.9391479492188,535.7955269638574,524.3943393966758,527.4313215654719,2106600
2024-12-10,533.5650024414062,540.0871205307993,532.2506846714446,537.2293636557812,1938000
2024-12-11,532.0814819335938,537.7273488917373,531.3645811753614,532.7187675686246,1389200
2024-12-12,522.7612915039062,529.6219257059977,521.8153303452546,529.0643160927225,2539200
2024-12-13,525.0333251953125,526.2291087209369,515.3276573747979,521.8047522501803,1553500
2024-12-16,528.3914184570312,532.84563736245,524.8638541919937,525.4817253190371,2595600
2024-12-17,526.9765014648438,534.0514581715261,524.156456783356,524.156456783356,2544800
2024-12-18,514.361083984375,531.4606498472793,514.0821022713636,526.1394401125776,1774300
2024-12-19,514.8692016601562,520.5889643332204,507.06677732644675,516.8920163718171,2235600
2024-12-20,522.2033081054688,524.5749261801988,513.1852112179836,514.8692583244923,2758900
2024-12-23,523.4389038085938,524.3855682588097,517.7590387474456,518.3469255817398,1558100
2024-12-24,527.115966796875,527.115966796875,520.4595130037271,521.4061775684888,488700
2024-12-26,525.3222045898438,525.4717003162228,521.8544876104977,522.7512795085694,777700
2024-12-27,524.2162475585938,526.4184818798785,521.1570582927676,522.1535345036524,943200
2024-12-30,517.0117797851562,521.087333710392,513.9525903076837,520.8481891344477,1035500
2024-12-31,518.396728515625,522.8908453405855,515.3375396700302,518.4864381231173,1262900
2025-01-02,520.728515625,524.2460445825847,516.2643222215814,517.3404726041439,1816800
2025-01-03,530.145263671875,534.8984135756015,520.8979357558894,522.4723851110834,1515200
2025-01-06,535.2969970703125,543.3983526058917,526.6475918453059,528.0227337250033,1981800
2025-01-07,543.7271728515625,549.4469355615224,536.3831493388699,537.6187698911172,1839300
2025-01-08,543.0097045898438,545.8496979183283,536.3532516540693,542.4616549082295,1837800
2025-01-10,540.3989868164062,555.1966335443221,539.4025106510226,539.8509370894609,2919900
2025-01-13,553.5624389648438,560.3384644819497,539.7612080781614,542.2623728946111,2269900
2025-01-14,555.0272216796875,559.4217154070064,549.4370052701767,555.5354342296567,2207400
2025-01-15,549.5266723632812,561.8232147953438,542.1428108644878,555.9141185337543,3251300
2025-01-16,559.7306518554688,559.830275144528,544.4944922774484,549.1779424447277,1835500
2025-01-17,557.6778564453125,563.0089790874031,557.1397204431081,560.4779517669089,2140100
2025-01-21,571.0405883789062,574.3389218194617,560.577589384869,562.1121406754345,2311500
2025-01-22,572.5652465820312,577.5276782494726,567.991394382225,568.6689908525525,1702500
2025-01-23,572.82421875,574.6278379227834,560.6672598987898,573.9203788697463,1246300
2025-01-24,572.79443359375,575.5347430337698,569.7850561281032,571.369479983349,1156500
2025-01-27,581.5833129882812,582.0317393875713,571.110339673192,577.6172968386398,1727800
2025-01-28,582.2310180664062,594.896251616655,576.9696557086987,593.8001521979883,2156800
2025-01-29,566.2276000976562,574.996638515131,564.7030232769403,572.9239511782665,2884300
2025-01-30,604.6019287109375,608.8170033573737,587.9209277134661,588.5187890746353,3349700
2025-01-31,595.6435546875,602.9178176371935,594.8961976552698,597.7560790329985,2165700
2025-02-03,591.65771484375,598.294219250679,587.283169942655,591.0399044955404,2135600
2025-02-04,578.5241088867188,589.7743016201028,574.8171863463375,583.5264381308618,2097400
2025-02-05,580.3278198242188,588.0106732956198,575.8636258675463,587.542297850656,1348800
2025-02-06,570.6918334960938,582.0117870852445,566.367100579707,579.8892881847696,2034100
2025-02-07,569.4562377929688,575.4450696226114,564.4539685126683,572.7546324773858,1826900
2025-02-10,550.9118041992188,561.3748040497386,542.0930143675265,558.1262819839835,2972000
2025-02-11,543.3086547851562,551.9879836750397,540.0701073990905,548.550128901201,2234300
2025-02-12,536.1041870117188,540.0701427617591,530.324637308322,537.1903728131538,2062200
2025-02-13,530.7630615234375,538.2764696631805,529.3381079531454,538.0971112578371,1915400
2025-02-14,529.975830078125,535.5661076508607,529.4377548381099,533.2143776513506,1517100
2025-02-18,521.2467041015625,531.1715670221217,519.213853955367,529.7864506617383,2969600
2025-02-19,528.9893188476562,530.7231776320475,518.1676023643276,519.3832740839296,1965200
2025-02-20,535.9347534179688,541.465183562779,531.7097045204566,531.8990374106788,1967800
2025-02-21,530.67333984375,540.707861562811,530.1252901476499,536.4628636059805,1613900
2025-02-24,533.6627807617188,541.7043504518947,529.9359697562262,529.9359697562262,1375400
2025-02-25,537.6487426757812,539.342764446373,530.4342644354624,532.9055060461574,1888700
2025-02-26,531.4107666015625,541.9335527575686,529.0790463712417,539.8210280958762,1330500
2025-02-27,521.3861694335938,531.141709360471,517.3006417587305,528.2319553630791,1539000
2025-02-28,527.0960083007812,528.1821331669449,518.7455338985781,526.3984628819196,2229300
2025-03-03,521.7947387695312,530.6035530826207,517.7988600368443,529.049052861483,2330300
2025-03-04,514.7496948242188,523.0004857633816,510.65419242289374,521.1769781897007,2720100
2025-03-05,522.3428344726562,523.0602681056063,510.35519721812625,511.07269167115356,1685200
2025-03-06,525.7806396484375,532.1281872458346,519.5028526732183,521.5954280582674,1852900
2025-03-07,529.8363037109375,531.1017869398228,517.4700018415509,522.8708850158788,1799000
2025-03-10,524.9436645507812,534.3205399120134,523.4987618567033,524.4255382700703,2174000
2025-03-11,512.3880615234375,524.9037998528948,507.6149321287516,523.3293504662367,1864100
2025-03-12,510.843505859375,518.8551519472006,510.0064391600139,514.8692474780202,1412300
2025-03-13,507.106689453125,514.6599650335186,506.5586397532291,510.1957714953584,1574500
2025-03-14,520.6502685546875,522.4953448618063,507.34603938459566,508.63258916154496,1745600
2025-03-17,518.1769409179688,524.3104150706647,513.2900544050646,521.3284415710739,1670400
2025-03-18,520.1017456054688,520.7400442360831,511.7641751844068,517.259411421041,1232000
2025-03-19,517.02001953125,521.0990802635718,512.0434083893227,519.0545888693754,1603200
2025-03-20,517.2494506835938,519.2440883362023,511.68439458879317,517.1098114387487,1537100
2025-03-21,516.3319091796875,517.2195376055362,508.6326365274423,514.8758625505352,2192300
2025-03-24,518.506103515625,525.3875671778537,515.7435107740122,519.393671045271,1100000
2025-03-25,512.9609985351562,521.8370996810874,509.550154713376,520.0818087846619,1170700
2025-03-26,512.2926635742188,516.6110704542757,509.97890739370195,512.9708329644435,1216100
2025-03-27,510.3080749511719,513.9483129103005,506.69778577428957,512.611878938315,1249700
2025-03-28,498.8189697265625,511.99354242224393,498.060997706618,511.2355704022995,1787700
2025-03-31,496.2658386230469,499.27773042794865,482.9715620378197,495.16878186107795,2915800
2025-04-01,481.6750793457031,495.17878490450124,479.9197884552463,494.2313198361852,1837600
2025-04-02,487.7487487792969,490.0425699338144,478.3141210879892,479.2117019555936,2068700
2025-04-03,468.7697448730469,484.6071719667038,466.91474655169725,480.5979614285988,2813600
2025-04-04,436.7358703613281,462.8656041214711,436.0477179686472,460.2526337890322,3894200
2025-04-07,436.69598388671875,452.1245071450792,410.10746067326465,416.6498696533042,4076300
2025-04-08,418.18572998046875,452.9123767706372,412.221752793735,449.9503388136265,3929200
2025-04-09,452.3339538574219,453.8099967175615,408.7511382183433,413.5183211209255,4597700
2025-04-10,426.2939758300781,447.39724655387084,414.19649319205286,445.2031328882024,3902400
2025-04-11,436.9752197265625,439.54831923686197,418.8738898590884,428.8370947855812,2657400
2025-04-14,448.125244140625,449.63120527185833,440.8149107099499,446.7988235250171,2370500
2025-04-15,439.8175964355469,449.0627308731367,437.2345443627398,446.38992375947004,2545900
2025-04-16,435.618896484375,444.7443576122601,434.1927074387201,440.1467020194034,1823500
2025-04-17,426.3537902832031,434.85093556776513,423.9103470300853,433.37492321128167,3038300
2025-04-21,420.7189636230469,425.3564901957082,415.5029750724501,424.35917134413563,2314800
2025-04-22,433.5644226074219,435.83830830500386,425.3664606700793,428.64761768194535,3677800
2025-04-23,430.4826965332031,460.3723114101056,428.2686476050155,455.32588077450066,3492200
2025-04-24,425.5160217285156,431.3004583069499,416.6698092815527,428.8470627028005,3662400
2025-04-25,423.1025085449219,425.5758700706816,415.70242025783426,424.9774727168643,2698300
2025-04-28,420.21026611328125,431.6894143275919,415.7223318702826,428.7772302715152,2531600
2025-04-29,426.38372802734375,429.1861915695558,417.6871064113112,420.68904589843584,2437300
2025-04-30,427.84979248046875,428.15895889332137,421.85589637084576,426.5034059274698,2944300
2025-05-01,418.76422119140625,427.7201248712275,414.2663034958667,424.7181854315963,2771900
2025-05-02,422.4143981933594,430.2832587423192,421.28745342834685,427.3212204600986,2492400
2025-05-05,421.1377868652344,423.84054265090225,416.7396074287408,421.26744317530563,2637200
2025-05-06,405.9287109375,422.42437338347844,405.41011608781463,418.32540748311885,4070200
2025-05-07,406.7564697265625,412.24172300599554,403.48526535189444,408.2923491668148,2959400
2025-05-08,409.6785888671875,414.6352641990354,401.7299573294536,405.9785448812525,3013600
2025-05-09,402.04913330078125,411.3840226732497,400.6728284850509,409.49910596508965,2318700
2025-05-12,431.43011474609375,431.5697539803638,408.6015043674123,410.03764580339066,3716400
2025-05-13,427.7998962402344,433.8137271732124,426.15429593007724,430.02389760636225,2726900
2025-05-14,404.9613037109375,429.3956153454366,404.69203858040896,428.8072008808149,3201100
2025-05-15,403.84429931640625,405.9486578367243,389.452996161054,402.34832109811794,4129600
2025-05-16,410.9552001953125,411.5236792406578,400.59307323850624,403.9141315954474,2498200
2025-05-19,412.8102111816406,412.9598029145238,406.1680643198391,407.1354647734894,1665000
2025-05-20,412.6406555175781,414.28622545847315,408.7910195399177,411.54359874506326,2142000
2025-05-21,397.2121276855469,411.55357679958007,396.29458100419276,408.2225356830247,2965800
2025-05-22,399.40625,400.66285101062425,392.7541201120192,393.59186426435366,2891400
2025-05-23,392.60455322265625,395.27736051150185,389.61259658822274,392.7242266183125,2318100
2025-05-27,402.4679870605469,406.65673816877586,399.4261769137823,400.8623184117034,2705700
2025-05-28,401.05181884765625,405.07101244367215,399.31649385374885,402.75722549462574,1931400
2025-05-29,402.66748046875,406.27776978923805,400.3437409700993,401.96934510849576,2499300
2025-05-30,401.7399597167969,404.35293006012427,396.25470640696324,400.63292004040204,2521300
2025-06-02,395.406982421875,399.43615886091885,391.6371186080221,399.067155777842,2584000
2025-06-03,398.8576965332031,401.32107516287874,390.2308950835429,394.0107418211048,3204100
2025-06-04,402.57769775390625,407.38478152276343,401.11163794674866,401.4407397486294,2280700
2025-06-05,397.2919006347656,404.153458815256,395.6862319837039,403.6448469260322,2504000
2025-06-06,400.8224182128906,405.5098287305867,399.48601467791553,399.48601467791553,2630000
2025-06-09,407.4346618652344,411.5037093145107,400.44344710239295,404.0936376855885,2164000
2025-06-10,413.4285583496094,418.8439923186418,405.6395006837472,410.3069455265899,2573800
2025-06-11,414.0368957519531,423.37181559206834,412.17191445657903,414.72504816216934,3062700
2025-06-12,414.2164001464844,415.69244291429305,408.81094934234466,412.87004412700304,2067600
2025-06-13,402.096435546875,412.6489976054483,400.908393714569,409.6938829354771,2385800
2025-06-16,404.4125671386719,406.2096196961796,396.5455760068776,406.2096196961796,1973200
2025-06-17,389.61700439453125,402.8950786852903,389.2176390739971,399.3409466970701,3040400
2025-06-18,391.9132385253906,395.1279346592552,384.82492997922117,389.6170400586156,2884300
2025-06-20,397.2244873046875,397.2444433859434,389.85664117041216,392.2427182080253,3812600
2025-06-23,399.55059814453125,399.93997019769205,392.3524860034035,394.47898145116653,2486100
2025-06-24,403.7037658691406,405.49082524359665,398.5223143377071,401.1379928206292,2083000
2025-06-25,409.9734191894531,414.31625835238964,397.4241218351581,401.5573155186875,3100800
2025-06-26,411.44097900390625,414.6257255414865,408.6056618936627,408.86524326264947,2927700
2025-06-27,407.6073303222656,413.71724234039164,406.27953499134935,411.7205374734329,3923100
2025-06-30,404.7919616699219,412.59908486766005,400.7885892033874,407.1680452924768,3919100
2025-07-01,420.7756042480469,428.39303824259537,404.1829915643932,405.6206215158642,2603000
2025-07-02,427.05523681640625,429.7507700440708,421.0551290804489,424.2997744142046,2669300
2025-07-03,428.62261962890625,432.1867449852968,425.3779743505372,427.913797960475,1359300
2025-07-07,418.0101623535156,428.61265997401733,414.7355676979624,425.857197598593,2497200
2025-07-08,425.4678649902344,432.42638258864525,417.89034329779736,417.89034329779736,2620900
2025-07-09,419.188232421875,428.68257398996116,411.2014128058493,421.5044174226742,2735100
2025-07-10,430.0203552246094,437.76754940116433,417.630797852234,420.1366417459064,2932800
2025-07-11,434.1435241699219,435.60114065781755,424.9487067974981,429.541134080429,2511400
2025-07-14,424.63922119140625,429.790723413836,421.3446703417039,428.29319476082617,2819300
2025-07-15,417.30133056640625,428.293200783605,416.512654067852,427.7341258493367,2090500
2025-07-16,415.62408447265625,419.85708889164596,413.09825412380854,417.6207892691302,2762300
2025-07-17,424.27984619140625,426.2965072245686,412.60910331033324,414.3162775133395,2494600
2025-07-18,414.066650390625,427.2049713924285,410.7321570911739,425.218259901994,2652500
2025-07-21,404.2728271484375,414.3162499508255,402.6954132797091,414.2563512436381,2733800
2025-07-22,426.91546630859375,428.2832042791588,404.48248572156047,405.6405782101808,3674200
2025-07-23,465.9410400390625,487.12607918420423,464.7829475990716,472.48026653896244,8928300
2025-07-24,474.2473449707031,483.80158486402314,464.27381412610316,465.90113343214614,6234000
2025-07-25,477.53192138671875,482.8032207749714,473.62835989481863,479.18919000634133,4205500
2025-07-28,484.1609802246094,486.3074318303914,474.0876079805232,474.6566761710783,3412200
2025-07-29,481.3656311035156,487.7151381951686,479.61851427915644,481.4454858955888,3164200
2025-07-30,476.49365234375,484.0811369971212,472.86962810418237,483.18262589269665,2583500
2025-07-31,466.9094543457031,483.0727825277001,465.9710006297562,470.00435295357295,3413900
2025-08-01,462.277099609375,463.3353507063365,450.70619905501485,460.27040155414744,2756900
2025-08-04,465.8013000488281,466.99930468309014,455.7878264059798,459.341958615364,2092800
2025-08-05,465.65155029296875,469.0958478701033,464.074136403783,466.2106252121668,1992300
2025-08-06,448.2003479003906,465.7314143504536,445.544726747697,464.46351771691246,2539300
2025-08-07,453.99078369140625,456.3369180440608,450.42668859747886,454.110581110725,1490100
2025-08-08,459.9609375,460.95928994027025,450.69622807298407,452.7428383886186,1689900
2025-08-11,461.628173828125,466.92942255398503,458.5731875007493,461.0291563037906,1706700
2025-08-12,476.6234436035156,477.40215729058394,460.1506282893564,460.1506282893564,2104200
2025-08-13,483.99127197265625,486.17766618160624,477.9312655493602,479.6484329082776,2054800
2025-08-14,484.2408752441406,485.0994437168467,478.45041282114,479.94794147871454,1955200
2025-08-15,488.2043151855469,490.74010833632514,485.19926472240184,485.92807294010896,2462500
2025-08-18,486.73675537109375,492.4273459781689,486.3374204899953,489.3224845252822,2211100
2025-08-19,497.46905517578125,500.1046898237501,489.08290061617265,490.1112024299403,2578500
2025-08-20,493.9947509765625,499.54558790980894,491.9481407336628,497.94821796868604,2351500
2025-08-21,482.9629821777344,493.9648150084129,482.0145351805645,491.62867397397696,1360600
2025-08-22,499.1662292480469,501.56229948999163,486.08783659180864,486.72676631364146,1778400
2025-08-25,489.9414367675781,498.756874990409,488.3740161987277,498.4274321063951,1044300
2025-08-26,487.6752014160156,490.7101708383911,485.9280846798471,489.2825341889877,1341600
2025-08-27,487.3157958984375,490.17109976530287,482.18428011811443,485.82826048868435,1294800
2025-08-28,488.93310546875,490.3308232335828,482.59359196200666,486.84655256255553,1407700
2025-08-29,491.908203125,493.4656304549766,485.1194188900915,489.13278463006236,1228200
2025-09-02,486.72674560546875,491.88824093235814,478.24075018363754,488.5038116633486,1303800
2025-09-03,483.75164794921875,488.7334471915489,480.73663464005216,486.2275728935838,1219100
2025-09-04,488.6835021972656,489.4522530375256,470.8329565686343,481.2857073227263,1404200
2025-09-05,491.7884216308594,501.17292854197035,488.31414414604603,489.19269917443324,1442600
2025-09-08,486.8465576171875,489.2625839094588,480.1576145997887,486.96635503432026,2223700
2025-09-09,481.6152038574219,489.1827019410545,480.7266555622179,485.67850559717556,1505900
2025-09-10,475.7548828125,485.0195922861608,474.85637170519277,480.32732360634714,1442700
2025-09-11,490.6003723144531,491.1893965933165,479.5685596593665,479.7881984131205,1509800
2025-09-12,478.6700439453125,490.4506208108051,478.6700439453125,487.8049625174284,1543200
2025-09-15,474.1034851074219,482.5771242651464,470.3862790729776,478.42024640445027,1663500
2025-09-16,480.3787841796875,484.2258975645955,469.6968137174902,469.91664963933204,1799800
2025-09-17,472.2848815917969,486.20440752603145,468.78751142773905,482.59710415674357,1947500
2025-09-18,480.738525390625,481.89765746897757,472.6745815707995,476.7914810763612,1576400
2025-09-19,479.2196350097656,487.6233194799881,477.66080961759553,482.9268693093492,4244100
2025-09-22,474.6330871582031,481.3780152707661,470.38628056881157,475.12273971310503,2352200
2025-09-23,469.39703369140625,475.21266790971504,466.9288884094218,470.7659994054659,3244900
2025-09-24,467.6483459472656,470.9758303757841,462.5821482141216,467.54841498809105,2409600
2025-09-25,458.8749694824219,468.4078102086017,457.0663318528431,466.6591250588704,3229300
2025-09-26,463.89117431640625,465.39004726167605,459.964134518515,460.7135709911499,1886400
2025-09-29,461.6928405761719,466.9988483048107,456.32688036995,466.4892217507065,3018300
2025-09-30,484.6555480957031,485.88463485964223,459.6543589417695,463.77125832097397,4363900
2025-10-01,530.3311767578125,534.4980872283612,486.5741036093749,486.6340560843105,6092700
2025-10-02,524.5655517578125,539.4943278472564,522.607002602621,525.3149881860189,3262000
2025-10-03,542.9117431640625,545.0301452642169,524.9652167983933,524.9652167983933,3048500
2025-10-06,543.5413208007812,545.4498589060757,536.0569580957251,539.5942763959513,2560100
2025-10-07,538.764892578125,549.0271960165772,537.935560087776,542.2722651957883,1870800
2025-10-08,535.787109375,548.8472958981878,535.2275325984658,537.7256540989388,2153200
2025-10-09,534.2782592773438,537.166102504703,528.4426813326726,533.33896310956,1830700
2025-10-10,524.4056396484375,537.5257783094823,523.2565403814507,534.4281321245526,1415800
2025-10-13,524.1858520507812,530.4311558530346,523.4963680714407,527.1336476433038,1686600
2025-10-14,525.4349365234375,529.4518746376057,519.0597252352485,521.347982695514,1601000
2025-10-15,527.473388671875,532.0099556613422,522.0274712419448,524.51559066308,1430400
2025-10-16,536.376708984375,544.1907796018236,533.7586214631435,543.9509696888671,2115900
2025-10-17,538.5150756835938,540.4636227862319,531.6002919703069,533.7586422603085,2010200
2025-10-20,543.431396484375,550.0464174714364,539.5942549472379,540.5935035675105,1665200
2025-10-21,557.5707397460938,567.9629500140425,553.3239330194614,558.6599476006854,3932400
2025-10-22,566.7738037109375,570.8606962270471,550.4660596547516,555.0825831902598,3461200
2025-10-23,571.480224609375,577.8054851541336,561.9574174221135,567.4732890622286,1979300
2025-10-24,572.06982421875,575.3873368936335,569.3618385532017,573.7186088065394,1655700
2025-10-27,563.3564453125,572.2397196505733,560.6184527214849,571.6601993333785,1563600
2025-10-28,557.2109985351562,565.2249917782538,555.1525488704091,563.7061143982986,992700
2025-10-29,557.8905029296875,571.1405495871821,554.6429448661563,557.8905029296875,1953600
2025-10-30,555.8020629882812,565.2050270768398,551.1855390366464,551.1855390366464,1315100
2025-10-31,566.9636840820312,569.4917513536476,551.455326121388,551.5052763540833,1872200
2025-11-03,564.45556640625,565.2749575949064,553.783598443296,563.2364513731236,1835000
2025-11-04,564.8153076171875,568.8722547716719,556.5815083471441,557.9904221344191,1636000
2025-11-05,567.2135009765625,569.7315660248312,553.7835970917122,559.928939507693,1682900
2025-11-06,565.5546875,570.4310254125384,558.9296645857319,562.4470390772134,1277800
2025-11-07,571.9798583984375,576.9161488711579,562.8767183836445,566.4440431676109,2264000
2025-11-10,575.9169311523438,583.221436295068,567.9329442509123,571.9399410687084,1380300
2025-11-11,586.04931640625,587.1485264874932,574.3881020277461,575.51725785331,1377700
2025-11-12,587.5781860351562,590.7257825570065,581.5626898979875,583.8509472543266,1504200
2025-11-13,579.694091796875,598.0702880805178,577.8154995607506,585.6595766290224,2745400
2025-11-14,578.2752075195312,583.8909800468022,572.569475778575,577.7555787055654,1318000
2025-11-17,566.7338256835938,579.3543407491284,566.1643076355487,575.2174977762382,1624400
2025-11-18,575.5972290039062,577.7855249971847,556.0419256091227,562.4270781293094,1916000
2025-11-19,573.3588256835938,574.1882190891151,566.783813883047,574.1882190891151,1247900
2025-11-20,572.3096313476562,580.0138599820974,568.0328790694688,572.9191583540337,1167800
2025-11-21,587.03857421875,589.4067886273313,569.1220533396131,572.5694733613761,1933500
2025-11-24,585.629638671875,587.478224199892,578.6648441636943,586.0093580218398,1803100
2025-11-25,597.3308715820312,601.8674383777242,581.3628371017344,581.7625609469541,1803400
2025-11-26,592.8042602539062,596.1017685934895,586.748815888356,592.9841176917784,2059900
2025-11-28,590.3861083984375,593.5537096033237,587.50826735152,588.7473259432458,746000
2025-12-01,584.7103271484375,597.2308800593006,582.3121061764467,594.4029895194426,1754200
2025-12-02,579.9338989257812,584.0108502473587,577.5257366607209,581.5027265297864,1918100
2025-12-03,580.0138549804688,587.6680723276497,579.5741831622695,580.8531896402078,1186600
2025-12-04,574.8077392578125,580.0138462782335,559.7390537030225,578.5949303818628,1961600
2025-12-05,572.3396606445312,578.6549193415116,569.1920030460383,577.5657114931976,1873700
2025-12-08,567.7830810546875,574.1082809151085,565.5847218900084,570.3711008298018,1412100
2025-12-09,562.6469116210938,574.8177521443928,561.487749101183,573.5686914052698,1416000
2025-12-10,573.3788452148438,574.0283812101774,562.5769701285025,562.5769701285025,1275600
2025-12-11,578.4650268554688,578.6448842809974,570.4110857472333,576.1867108201861,1226400
2025-12-12,571.8500366210938,578.6249106342885,569.7615801441007,577.4157978329455,1576500
2025-12-15,575.9099731445312,576.3400268554688,565.6699829101562,574.22998046875,1702200
2025-12-16,570.1599731445312,574.8599853515625,561.0,570.8400268554688,2015300
2025-12-17,562.5599975585938,572.989990234375,561.489990234375,567.5399780273438,2301800
2025-12-18,562.3900146484375,569.4099731445312,554.530029296875,562.4500122070312,2287300
2025-12-19,567.8300170898438,569.8699951171875,558.9299926757812,561.6799926757812,3862600
2025-12-22,575.7000122070312,576.1500244140625,565.75,568.8300170898438,1108400
2025-12-23,579.9400024414062,580.5599975585938,573.7000122070312,575.3900146484375,732000
2025-12-24,579.1199951171875,579.8099975585938,576.3300170898438,578.6199951171875,401000
2025-12-26,580.739990234375,581.1699829101562,576.8599853515625,578.7999877929688,466100
2025-12-29,585.0700073242188,585.2999877929688,580.1199951171875,580.1199951171875,1042800
2025-12-30,583.4500122070312,584.4500122070312,579.8400268554688,582.25,665000
2025-12-31,579.4500122070312,585.6099853515625,579.0,583.7100219726562,739300
2026-01-02,592.510009765625,593.7100219726562,577.0,579.5,2052300
2026-01-05,611.2000122070312,611.4500122070312,592.510009765625,593.77001953125,2488100
2026-01-06,620.719970703125,628.0800170898438,606.0599975585938,606.0599975585938,2554800
2026-01-07,617.1500244140625,626.77001953125,614.719970703125,618.7000122070312,2404300
2026-01-08,606.5,623.3599853515625,603.989990234375,612.8599853515625,3147700
