Date,Close,High,Low,Open,Volume
2008-01-02,44.1068115234375,45.03300201384586,43.94336719066522,44.511532944361285,7698700
2008-01-03,44.30916976928711,44.58936172564767,43.990062923213316,44.16907379110683,4864000
2008-01-04,43.585330963134766,44.3091590184366,43.538631325400274,44.02118534161153,7250600
2008-01-07,44.27025604248047,44.44926691507631,43.227320938084304,43.227320938084304,6093200
2008-01-08,43.74877166748047,44.73722498449265,43.56976085764572,44.40255169727534,8142700
2008-01-09,43.73319625854492,44.73721591669177,43.39074125292747,43.65536652013639,9381400
2008-01-10,43.655372619628906,43.80325033087216,42.86149670708247,43.51527669570809,6413600
2008-01-11,43.51528549194336,44.04453620729106,43.17283036925406,43.344056446091095,6135400
2008-01-14,43.13390350341797,43.97447904119075,42.86928117006128,43.77990170030052,6194000
2008-01-15,42.768104553222656,43.1183443969208,42.441213042766094,42.81480121970581,6703900
2008-01-16,43.02495574951172,43.795483595903946,42.49570495924579,42.49570495924579,8403500
2008-01-17,42.30891418457031,43.22731983374063,41.86527790968482,43.22731983374063,7686000
2008-01-18,42.34004211425781,42.7136303543876,41.336022048837854,42.526834749815,9705200
2008-01-22,39.86501693725586,41.23484046762125,39.164537139957126,40.08294266574196,16447400
2008-01-23,39.1878662109375,39.25013237075898,37.452237087601475,38.77536329366887,15512200
2008-01-24,38.7753791809082,39.32797821517486,38.35509133695252,39.203448813523,11488400
2008-01-25,38.915489196777344,39.07115174736769,38.526334304809566,38.82209285402961,12519600
2008-01-28,40.47208786010742,40.47208786010742,38.596362368428416,38.83763934567049,13295200
2008-01-29,39.52255630493164,40.643323909064016,39.008872142709365,40.643323909064016,9873700
2008-01-30,39.040000915527344,39.927273191264234,39.01665258269686,39.31240802859925,9818900
2008-01-31,39.56924819946289,39.78717387138052,38.3862176094544,38.96994963267483,8361900
2008-02-01,38.9932975769043,39.71712551604212,38.643060741656285,39.577029594337084,7346800
2008-02-04,38.83765411376953,39.0555798734906,38.752039574160314,38.84543590418137,4484300
2008-02-05,38.44850158691406,39.094497114512095,38.44850158691406,38.96218588644377,6981300
2008-02-06,38.43292236328125,38.767595672060885,38.35508963506796,38.635281518605794,6428300
2008-02-07,38.16050338745117,38.61192419898985,37.87252978261593,38.21498480001421,6909700
2008-02-08,37.514522552490234,38.028206759305,37.039753231082635,38.028206759305,5966200
2008-02-11,37.53009033203125,37.646834992083804,36.88409193081471,37.514523783554466,6717800
2008-02-12,37.569007873535156,37.86476637746276,37.27324936960755,37.73245219056788,7282300
2008-02-13,36.55718994140625,37.086440519870536,34.245610296320024,37.04752267841315,29371900
2008-02-14,36.277008056640625,36.658378067774166,35.95790126468561,36.49493377728836,7993500
2008-02-15,37.156497955322266,37.156497955322266,36.06686343490223,36.06686343490223,8617000
2008-02-19,37.42111587524414,37.748004384997515,37.187620689403595,37.50672741183577,5411200
2008-02-20,37.43667984008789,37.49894601536493,36.96969540156867,37.210972377245234,5012100
2008-02-21,37.20319747924805,37.49117119367747,37.1253677085424,37.49117119367747,4833500
2008-02-22,36.86074447631836,37.44447669762235,36.38597512794862,37.35108037353808,5900800
2008-02-25,37.34329605102539,37.47561023328873,36.814045260003326,36.814045260003326,6475100
2008-02-26,38.08269119262695,38.10603953190742,36.96970816201759,37.23433356025371,7154700
2008-02-27,38.269474029541016,38.58858375261238,37.98150036588396,37.98150036588396,7392400
2008-02-28,37.366641998291016,38.207217778116004,37.31994532319993,38.06712181481184,5639700
2008-02-29,36.175838470458984,37.12537735876758,36.05130902355099,37.031981015840636,10785100
2008-03-03,36.074649810791016,36.199179231614934,35.452002706671415,35.98125348742697,8229300
2008-03-04,36.39374923706055,36.69729242204974,35.810017138951686,35.810017138951686,8082300
2008-03-05,36.75177001953125,36.86851464558574,36.20695285756625,36.798466682347176,5990500
2008-03-06,35.654361724853516,36.64281521436238,35.60766208278467,36.64281521436238,6788000
2008-03-07,35.1873779296875,35.568750957680194,35.132896492690776,35.490918212673705,7434000
2008-03-10,35.07841491699219,35.59209915594132,35.00058514130908,35.148462902713234,6165400
2008-03-11,29.762550354003906,32.12082669508929,29.04650422005814,31.638275737461065,37638000
2008-03-12,28.548389434814453,30.058308623405036,26.98398585595681,27.824561445017295,35342400
2008-03-13,29.793691635131836,30.859977964091286,28.883070794723704,29.342273594395458,30377600
2008-03-14,28.945329666137695,30.914454749319347,28.509478239832795,30.07387905170533,13008400
2008-03-17,26.337987899780273,28.579519606084727,26.25237339826301,27.91017310587465,21053600
2008-03-18,27.28753089904785,27.28753089904785,26.127848490370884,26.696014043274705,19636900
2008-03-19,27.66889762878418,28.46277354588278,26.86723992431852,26.86723992431852,14692900
2008-03-20,27.489887237548828,27.808993966601907,27.116299089073124,27.808993966601907,12731500
2008-03-24,27.793428421020508,28.01913886331633,27.48210643728142,27.497672981820592,7288100
2008-03-25,27.458759307861328,27.61442180788856,27.092955847164855,27.559940378231314,9606500
2008-03-26,26.540346145629883,27.43540303508962,26.41581677543686,27.43540303508962,15311800
2008-03-27,26.4625301361084,26.781636998400835,26.31465236007588,26.657107563579785,11709500
2008-03-28,26.77384376525879,26.929503265498536,26.38468907663011,26.649314383658197,8048500
2008-03-31,26.76605987548828,27.147762783740422,26.35319669712378,26.797220145600633,14104200
2008-04-01,28.238338470458984,28.238338470458984,26.953006013506094,27.147753175371328,8887700
2008-04-02,28.012441635131836,28.674584018654144,27.88780352330282,27.88780352330282,9386800
2008-04-03,28.160449981689453,28.73690010477786,27.56062817086023,27.56062817086023,11752400
2008-04-04,28.433094024658203,28.573312260316566,28.059179720104822,28.160449106215136,5706400
2008-04-07,28.565519332885742,28.877116057489737,28.425304075581206,28.62005128555705,7077800
2008-04-08,29.66390609741211,29.858653370725136,28.440890487127334,28.573320178216125,12245600
2008-04-09,29.040700912475586,29.819689696364794,28.939434510126585,29.819689696364794,7126600
2008-04-10,28.510984420776367,29.48472026809258,28.44866687178324,28.81479250128805,6794700
2008-04-11,27.94233512878418,28.8225935475569,27.833277142169507,28.43309904015748,7061600
2008-04-14,28.26951026916504,28.277298851312374,27.677476991327293,27.926753222540952,4541600
2008-04-15,29.00953483581543,29.679462490965044,28.105908238975072,28.144857072055032,9010100
2008-04-16,27.88779640197754,29.03291080497419,27.85663613907551,29.03291080497419,11659600
2008-04-17,28.588890075683594,28.596678656318794,27.825481394354437,27.825481394354437,7013500
2008-04-18,29.017337799072266,29.165344626792386,28.082550483706935,28.6979524549132,9058800
2008-04-21,29.45357322692871,29.67947776368256,28.853751379698323,28.853751379698323,8088300
2008-04-22,26.602474212646484,27.303562494736518,26.080550063425967,26.259717167902544,28718500
2008-04-23,27.05428123474121,27.397035244150516,26.306452684244636,26.53236015416751,17846700
2008-04-24,26.166234970092773,27.49051657802196,26.02601674268812,26.87511468792449,10118800
2008-04-25,26.477840423583984,26.711536555794485,26.150663461203248,26.337622149936177,10066100
2008-04-28,26.20518684387207,26.602472857937986,26.064968600273147,26.485623331069917,9751200
2008-04-29,26.018226623535156,26.080544181137903,25.65988952379542,26.072755600789954,10580800
2008-04-30,25.41840171813965,26.17401872470797,25.31713235666331,26.17401872470797,14293400
2008-05-01,25.628732681274414,25.84684859412743,25.176917751385798,25.488514459695633,26252600
2008-05-02,26.07275390625,26.766053404807025,25.714416829799575,25.714416829799575,12916900
2008-05-05,25.76116371154785,26.508992372154303,25.753375129744576,26.142869595261303,11348000
2008-05-06,25.550832748413086,25.916958445396848,25.363877095370785,25.761160086790575,11935500
2008-05-07,25.4417724609375,25.885795810792803,25.3638747745653,25.504092987320266,8573600
2008-05-08,25.70663833618164,26.150661851532554,25.317143815936465,25.511891076059054,7207100
2008-05-09,25.659894943237305,25.870222316330278,25.410618716965715,25.776744474380184,5168500
2008-05-12,25.53525161743164,25.846848322466464,25.363876104108257,25.846848322466464,5080700
2008-05-13,25.356077194213867,25.77673173246245,25.31712836028838,25.55861588519528,6172000
2008-05-14,24.943222045898438,25.55083236661642,24.943222045898438,25.348296583579252,10210200
2008-05-15,24.693939208984375,25.106802215981332,24.530350830402252,25.005532865953626,16034800
2008-05-16,25.176912307739258,25.387239594631342,24.81857825078495,25.01332540846957,17738000
2008-05-19,26.049388885498047,26.181818549525442,25.27819150486936,25.379460898348313,13271900
2008-05-20,26.524581909179688,26.63363992272359,26.064978158096107,26.212988009283972,19432000
2008-05-21,26.61025619506836,26.898481207168327,26.345399895093536,26.485618111057047,12849000
2008-05-22,27.498306274414062,27.864431991002583,26.485621346657325,26.875115778225815,16315500
2008-05-23,27.069854736328125,27.68525646366313,26.73488938963215,27.65409620545751,12066300
2008-05-27,27.280181884765625,27.443768782114688,26.968585247486278,27.0231142132693,10348000
2008-05-28,26.664794921875,27.451575529336314,26.649214784225457,27.295777124448264,15387500
2008-05-29,26.87510871887207,27.085436013264648,26.493402968691637,26.563512066822494,11342700
2008-05-30,26.649215698242188,27.054290376201433,26.532369119274097,26.93744379723334,7643400
2008-06-02,26.477840423583984,26.812802997734256,26.220772598027153,26.657007557332285,10343700
2008-06-03,26.446678161621094,26.719323133465792,26.096132503815543,26.516787293182205,9692600
2008-06-04,26.345396041870117,26.57130346472684,26.228546555121913,26.423293718631662,11208500
2008-06-05,26.43888282775879,26.610261340766638,26.15065775992396,26.38435384118482,10629800
2008-06-06,25.72998809814453,26.399918654806022,25.698830817903783,26.267492041868607,12431000
2008-06-09,25.65209197998047,25.901368066501075,25.51187380986196,25.73778119189793,9009800
2008-06-10,25.395038604736328,25.71442395566608,25.301560762700237,25.71442395566608,9300200
2008-06-11,24.888687133789062,25.38723937774558,24.740678879188387,25.309341703979538,11565800
2008-06-12,24.15644073486328,25.01332863641679,24.13307053803618,24.958799662956647,15830200
2008-06-13,23.94611167907715,24.06295968310738,23.369660238165427,23.60335624622589,18258400
2008-06-16,23.52546501159668,23.946118238493113,23.30734758807047,23.87600911970981,11135300
2008-06-17,23.369665145874023,23.766949631650277,23.33850487916061,23.587782555458034,7366800
2008-06-18,23.541038513183594,23.68125672009319,23.283972295783684,23.346291333765386,18323000
2008-06-19,21.726001739501953,22.364772452517972,20.978173046937894,21.110601230304887,51415000
2008-06-20,21.126184463500977,21.772745339249145,21.032705120323662,21.687056065153588,17673700
2008-06-23,20.557512283325195,21.219653006592857,20.42508413867166,21.21186294093052,15516700
2008-06-24,20.58867835998535,20.837954588360542,20.191393813836076,20.3705609172553,13895800
2008-06-25,20.869108200073242,21.219652227184152,20.62762063082005,20.62762063082005,8488200
2008-06-26,20.230344772338867,21.266400132953446,20.168025708760684,20.62762935982616,12442100
2008-06-27,20.261497497558594,20.79900014927324,20.245917366018315,20.48740346168015,20100800
2008-06-30,20.44845962524414,20.7055259153865,19.864217921665738,20.29266124330184,15309500
2008-07-01,19.96548080444336,20.409505635474357,19.70062599909245,20.347186595544184,11956400
2008-07-02,19.56819725036621,21.266391407570936,19.50587821235689,21.04827551743985,27401600
2008-07-03,17.885578155517578,19.466925602578527,17.698621063409366,19.085221353798897,22763500
2008-07-07,18.158227920532227,18.43866435485499,17.667465646270564,17.690834358595346,17254000
2008-07-08,18.13486099243164,18.765841545934606,17.53503922036171,17.745366566797138,23354900
2008-07-09,17.862211227416992,18.352973457375114,17.721993022913804,18.189386542656752,16839800
2008-07-10,17.589569091796875,18.049172656153846,17.27797383269132,17.83884529908132,12975200
2008-07-11,17.262386322021484,17.566191384107263,16.779414248233977,16.950791196061356,14181300
2008-07-14,17.27796745300293,17.52724356824507,17.16111945970853,17.285757517329603,10634900
2008-07-15,17.394813537597656,17.46492262304193,16.51455716651234,17.06763830079195,16152700
2008-07-16,17.550621032714844,17.65188893931273,17.114386164499496,17.44935164031349,19159200
2008-07-17,18.368553161621094,18.438662262245078,17.519455374777717,17.605144605718813,16009900
2008-07-18,18.617834091186523,18.9216407672841,18.10370154493326,18.477615853880472,15625200
2008-07-21,18.563295364379883,18.960579666307925,18.508766408668652,18.79699131337162,13714500
2008-07-22,20.417295455932617,20.56530374193586,18.8125789658765,19.00732616321643,26171000
2008-07-23,21.624723434448242,21.9129483806687,21.25080926787979,21.749361489971058,26577700
2008-07-24,21.048276901245117,21.764946628370808,20.884688487088724,21.609148280203115,11180800
2008-07-25,21.383243560791016,21.50009158585151,20.954798821164864,21.048278132695213,11244200
2008-07-28,20.86132049560547,21.772737446525205,20.86132049560547,21.398821695166,8837000
2008-07-29,21.445556640625,21.546824504624954,20.73667713521681,20.915844156187486,7623700
2008-07-30,21.25081443786621,21.757156847338095,20.791210939135517,21.53903945420725,10490000
2008-07-31,21.874004364013672,22.56730388630833,21.126175866141207,21.126175866141207,17290000
2008-08-01,21.91295623779297,22.05317447198359,21.375454987800072,21.803898271557312,10702100
2008-08-04,22.559513092041016,22.980167722865396,21.42219025012876,22.356977328091983,11467400
2008-08-05,23.720211029052734,23.74357974359155,22.55951633738326,22.55951633738326,13067600
2008-08-06,23.260604858398438,23.68904808224924,22.871110478242016,23.68904808224924,9772900
2008-08-07,22.715312957763672,23.330714813971706,22.5984649366289,23.206076726654192,7074200
2008-08-08,24.148651123046875,24.296659400793647,22.801000949224427,22.801000949224427,10644200
2008-08-11,24.34340476989746,24.826378574285773,23.556625749437952,24.203186520694288,7417400
2008-08-12,24.522565841674805,24.880901444381482,24.28886980767712,24.452456734314868,7479300
2008-08-13,24.62383460998535,24.795211598335595,24.04738311920387,24.53035530719233,7219400
2008-08-14,24.841947555541992,25.20807317169794,24.226547295093066,24.701729360912307,7737000
2008-08-15,25.71442222595215,25.78453134566499,24.249923750868835,24.88090582828443,9848100
2008-08-18,25.028913497924805,26.08833884812791,24.849744926661604,25.90138020978341,8541000
2008-08-19,24.125282287597656,25.02891065079378,23.354083563915935,24.90427107747453,12564800
2008-08-20,23.556625366210938,24.117496868095667,23.283978940062887,24.109708286203098,7075300
2008-08-21,23.603361129760742,23.938326566873933,23.25281704514249,23.447564254087062,5937900
2008-08-22,23.844846725463867,23.930534479818817,23.455352340458855,23.727997221319832,6666400
2008-08-25,22.832162857055664,23.87600803855821,22.71531482630906,23.782530208282257,6565400
2008-08-26,22.949007034301758,23.650098072663788,22.598463000923818,22.824368957660305,6095000
2008-08-27,22.92563819885254,23.260603585180533,22.45045460561487,22.94121832979874,5643500
2008-08-28,23.416399002075195,23.54103707039978,22.92563679377252,23.019114602114467,5952400
2008-08-29,23.720211029052734,23.95390708926078,23.260607489614035,23.40082572006019,7137300
2008-09-02,22.808792114257812,24.452457436987732,22.590674720003115,23.751367829044824,12849800
2008-09-03,23.120384216308594,23.21386202568175,22.575091547020886,22.7308898770468,5111300
2008-09-04,21.858430862426758,23.073654768783566,21.593574484308245,23.026914359136583,13517500
2008-09-05,21.58577537536621,21.819472868311927,21.21186116961664,21.733783638984868,10914200
2008-09-08,22.715312957763672,22.785422067605175,21.983063080420866,22.325818563445633,8880900
2008-09-09,22.185606002807617,23.393039824664438,22.185606002807617,22.64520962420162,12618500
2008-09-10,22.832162857055664,23.04249020388155,22.13886325359626,22.208972369204886,8168400
2008-09-11,23.3385009765625,23.369661238065383,22.216758306913555,22.216758306913555,10032900
2008-09-12,23.065853118896484,23.369658200040092,22.52056049990774,23.369658200040092,7194800
2008-09-15,21.81947898864746,22.75426476522759,21.733789735284677,22.419300790580166,10762700
2008-09-16,20.86132049560547,21.655887938461145,20.12907061120591,21.60135896045963,17597900
2008-09-17,19.87200164794922,21.422188961797474,19.864211582757658,20.643200272277568,12287900
2008-09-18,20.697729110717773,20.814577116239406,19.39681794809012,20.136857792732133,12795600
2008-09-19,20.869108200073242,23.369661239515988,20.51856268715928,23.32292233306181,13050400
2008-09-22,20.65877914428711,21.1028024325385,20.362762628250902,21.032693335887974,6717500
2008-09-23,20.25370979309082,21.42219305038452,19.661678097765616,20.464037135996477,6472000
2008-09-24,19.55261993408203,20.464036924796954,19.459140620709842,20.26149965065994,4908000
2008-09-25,19.864215850830078,20.222550011816317,19.552620605232626,19.622729721217468,5511600
2008-09-26,20.105697631835938,20.409504230661863,19.47471721024872,19.47471721024872,4545800
2008-09-29,16.3587646484375,20.25370861235119,16.3587646484375,19.67725708398835,8695700
2008-09-30,19.77852439880371,20.253708024055882,18.438664249024537,18.44645431502248,10648200
2008-10-01,19.537038803100586,20.230338351074746,19.28776262791002,20.230338351074746,7038900
2008-10-02,19.28775405883789,19.833045078357138,19.241015168205394,19.54482018602044,10096200
2008-10-03,18.781423568725586,19.700630743412116,18.68794424341701,19.521462160387635,7621800
2008-10-06,17.34029197692871,18.687942330651904,16.865108303036532,18.5165653185645,12613300
2008-10-07,15.984855651855469,17.722000875595697,15.984855651855469,17.527253613226513,11134900
2008-10-08,14.956583023071289,16.37434216140142,14.956583023071289,15.78231059530037,12460900
2008-10-09,13.865999221801758,15.712203221859156,13.663463453342674,15.68104295852506,18043400
2008-10-10,13.515459060668945,14.800790576752533,11.303130245069019,12.954586045793517,22748600
2008-10-13,18.212757110595703,18.321816550668515,13.889369955039411,14.068537018711842,17691700
2008-10-14,17.908950805664062,19.669465521748627,17.651884583029766,18.937215696201235,14809700
2008-10-15,16.880687713623047,17.947903046021683,16.802788534809462,17.58956741780049,11159000
2008-10-16,17.62851333618164,18.695728491314146,16.125066418079655,18.399713443954997,20106300
2008-10-17,18.999544143676758,19.25661049360558,17.573994114834406,17.908959673851566,17641700
2008-10-20,19.87200164794922,19.949900814061813,18.851526880702984,19.178702189733464,9741400
2008-10-21,19.669462203979492,20.245913591265122,19.474715053445042,19.58377298228742,13449800
2008-10-22,18.742475509643555,19.334507346439914,17.683051446884914,18.462040471226917,15369300
2008-10-23,18.64120101928711,19.311131819530587,17.27018064142771,18.89826724727305,10879900
2008-10-24,17.846635818481445,18.267290543285018,16.561304413476247,17.277974270479664,10412300
2008-10-27,15.914737701416016,17.862209246164863,15.735570675891813,17.379235649313884,11761500
2008-10-28,17.488292694091797,17.51166139854526,15.579770244784612,16.569086011921076,11767800
2008-10-29,16.60804557800293,17.667471114876363,16.35876933069239,17.37924452529628,14461400
2008-10-30,17.441560745239258,17.675258303367517,16.452245985647497,17.675258303367517,9410800
2008-10-31,18.48540496826172,18.843740610219225,16.592461833803462,17.192283602117197,14807400
2008-11-03,18.298442840576172,18.68793715770841,18.11148574664905,18.446451097111236,5451000
2008-11-04,17.776525497436523,19.077436949407026,17.566198149235724,18.929428650398687,10569500
2008-11-05,17.73757553100586,18.415294962537047,17.511668063293307,17.589567241325334,11475300
2008-11-06,17.262386322021484,18.049164943697534,17.114378080014387,17.605141703479006,11371800
2008-11-07,17.47271728515625,17.85442158092317,17.00532375444875,17.457137154111948,7309700
2008-11-10,16.701520919799805,17.706415737194675,16.428874532325658,17.542828796192154,7087800
2008-11-11,15.704415321350098,16.421085133014234,15.260391908239237,16.421085133014234,9592200
2008-11-12,14.699518203735352,15.579774827749848,14.668357940894358,15.579774827749848,8305500
2008-11-13,16.23412322998047,16.257493423858644,13.9127374603195,14.785203897197427,13802000
2008-11-14,15.595361709594727,16.810584256141247,15.58757164051256,15.790108979237607,9847900
2008-11-17,14.715093612670898,15.603141592866749,14.715093612670898,15.369444130371932,8951100
2008-11-18,14.824159622192383,15.229232729734136,14.107489759275278,14.473614015296837,12303900
2008-11-19,13.81147289276123,15.205863742232475,13.788104176586833,14.730680035974142,9254900
2008-11-20,12.697519302368164,14.528143633714173,12.409294222652784,13.710205829782568,13078000
2008-11-21,13.359659194946289,13.398609531011731,11.832840937560855,13.024693733800486,17653300
2008-11-24,14.855307579040527,15.112373674801603,13.46091920682208,13.686825055435213,13471700
2008-11-25,16.148435592651367,16.350972835434153,15.151330995324487,15.260388939206353,13391300
2008-11-26,16.343183517456055,16.483401729318434,15.361657520222526,15.525245929329673,9609700
2008-11-28,16.366561889648438,16.65478703728415,16.164024536437577,16.210763468469665,3549700
2008-12-01,15.673248291015625,17.48050125996957,15.610929274355232,16.880679795986694,11531800
2008-12-02,15.829052925109863,16.530142581027675,14.995535107511762,15.969271153454084,8941500
2008-12-03,15.875789642333984,15.99263914031959,14.839734692256974,15.455136501316302,8016700
2008-12-04,15.501877784729004,16.257497918529207,15.21365274289448,15.610937233842321,7406500
2008-12-05,16.67815399169922,16.802792109999352,14.979957772605472,15.20586529065169,8246800
2008-12-08,16.709318161010742,17.207870750480346,16.26529308948497,17.12218146698879,7721800
2008-12-09,16.18738555908203,17.277969431020086,15.727782111811926,16.537929579096218,8246400
2008-12-10,16.802783966064453,16.989741052900715,16.273071477126948,16.35876069910297,7030600
2008-12-11,18.298442840576172,18.66456696379143,16.522348219564122,16.600247380151153,13822100
2008-12-12,18.3373966217041,18.571092661730983,17.566196420848385,17.77652374835449,8309400
2008-12-15,18.524356842041016,19.069648188364095,18.275079142398067,18.423087451541566,10733200
2008-12-16,18.9683780670166,19.38903125726224,17.52724845263897,17.963481775879735,11878600
2008-12-17,18.617834091186523,19.350084060560693,18.43866700387474,18.66457300835408,8141000
2008-12-18,19.404613494873047,19.537041668088218,18.454247566142868,18.82037181641849,10148800
2008-12-19,20.635417938232422,20.9703834379507,19.412405475207866,19.490304670505722,17398000
2008-12-22,20.051172256469727,20.89248013136345,19.474720701987298,20.619833744374972,8160500
2008-12-23,20.238128662109375,20.72110237173636,20.035591395866007,20.19917981644086,5888900
2008-12-24,20.222549438476562,20.627623989170445,19.848635154360654,20.378347799759837,1965700
2008-12-26,20.48740005493164,20.627618243871716,20.24591399942533,20.316023093895367,2108200
2008-12-29,19.918745040893555,20.573095806376617,19.537040675328996,20.573095806376617,5507900
2008-12-30,21.06385612487793,21.1183850986442,20.06675000837024,20.113488916483742,5886600
2008-12-31,20.721101760864258,21.274183079228717,20.40950654729251,21.079435885020974,5584600
2009-01-02,21.4923095703125,21.593577500418494,20.67437160269054,20.799009740884294,4885900
2009-01-05,21.141759872436523,21.554624555608168,20.689946335635124,21.344297180079018,8518900
2009-01-06,20.643199920654297,21.320920722746074,20.105697318016198,21.118383488624428,7423000
2009-01-07,20.48740005493164,21.09501171173768,20.28486432179917,20.806785269382758,8228400
2009-01-08,20.806791305541992,20.962589668629526,20.05896272864976,20.331609121151292,6106900
2009-01-09,20.604263305664062,21.03270673747629,20.097919177044687,20.837959452870027,5931400
2009-01-12,19.957691192626953,20.86910803310834,19.700624980481077,20.705519633122943,6242600
2009-01-13,19.755157470703125,20.479617330102744,19.35787298374839,19.41240196485532,10393800
2009-01-14,18.75804901123047,19.44355845640496,18.516562915133026,19.241022689228476,7846700
2009-01-15,19.38903045654297,19.58377765352971,18.58667295587164,18.742469821979114,10735100
2009-01-16,19.864215850830078,19.95769516741098,19.287764275023957,19.778526601114528,9587900
2009-01-20,18.82037353515625,20.261503437446848,18.719105622062852,19.794109754838605,8196900
2009-01-21,19.513660430908203,19.568190871468044,18.586665228429663,18.85931000221595,8206400
2009-01-22,21.180700302124023,21.375447450764142,19.669462012651916,19.817470261643198,19846600
2009-01-23,21.84284782409668,22.255710959087804,20.199180893431976,21.16512687838557,14194800
2009-01-26,21.92854118347168,22.37256469863689,21.655894722253347,21.936331252169765,11956600
2009-01-27,22.652990341186523,22.980165640242433,21.88179174036966,22.0220099379369,14528200
2009-01-28,23.36187744140625,23.56441473811289,22.78542582115048,23.06586230671405,16850900
2009-01-29,22.34918975830078,23.1359686481935,22.208971532366974,23.120388515133463,8842900
2009-01-30,22.06875228881836,22.512775659932164,21.54682974179965,22.403717705147216,9325100
2009-02-02,22.707529067993164,22.980175515335837,21.655893620130634,21.811692014556048,9313100
2009-02-03,23.167118072509766,23.56440239027855,22.349180732622816,23.065850220122897,12365200
2009-02-04,22.575096130371094,23.32292618620086,22.395929054527663,23.213866738719528,13014100
2009-02-05,22.43486976623535,22.65298709629642,22.216753921977038,22.325811844106195,13264500
2009-02-06,22.5439395904541,22.92564398007304,22.201184052219435,22.411511415622762,15279600
2009-02-09,22.995746612548828,23.135964815252656,22.520563033564315,23.07364577914018,12664700
2009-02-10,21.788314819335938,23.10480622387137,21.687046935511578,22.801001086595168,12561200
2009-02-11,22.24012565612793,22.34918507891047,21.539036159053698,21.655884160932246,14523700
2009-02-12,22.96458625793457,23.01132664918057,21.422189006088892,21.655885019106837,16370900
2009-02-13,22.559513092041016,22.933428814708165,22.318026999791705,22.917848683388055,9258200
2009-02-17,22.13886070251465,22.458245976460525,21.21965372450334,21.959693643628555,13399000
2009-02-18,22.06875228881836,22.154441530894076,21.6558876965846,22.154441530894076,10999400
2009-02-19,22.318031311035156,22.894482909006285,22.029806254951286,22.26350232668434,10142100
2009-02-20,21.796112060546875,22.24792562520126,21.453357967225354,21.912960114443013,14396200
2009-02-23,18.555511474609375,20.954796724749066,18.189387303167727,20.72110069800812,29258700
2009-02-24,18.859317779541016,19.233233525707607,18.384135630838728,18.516563783776164,13996100
2009-02-25,17.940109252929688,18.773626875744135,17.57398363430069,18.773626875744135,14346100
2009-02-26,15.634309768676758,18.181604281769165,15.19807632303826,18.181604281769165,34614900
2009-02-27,15.307122230529785,16.047161827461768,15.12795524964815,15.727776692567545,19846800
2009-03-02,13.616729736328125,14.99554086319967,13.242815307760747,14.948801931079714,30818800
2009-03-03,13.865999221801758,14.613829197985572,13.118170731421078,13.819260312603749,33608100
2009-03-04,13.990635871887207,14.419080534069995,13.725781089665333,14.107485361629864,30539200
2009-03-05,12.736468315124512,13.89716155253246,12.604040147860339,13.647885351988922,23363700
2009-03-06,13.94389820098877,14.076326346716167,12.713096046617762,12.907843232346107,24728700
2009-03-09,13.85821533203125,14.247709840711563,13.351871282103934,13.764735996194375,13752500
2009-03-10,15.042276382446289,15.096805371848381,13.741364761468471,13.741364761468471,18763300
2009-03-11,14.894266128540039,15.8212617070356,14.62161975835768,15.127962168237383,15788800
2009-03-12,15.899157524108887,16.047165777084444,14.691725764358093,14.824153888430356,15471200
2009-03-13,16.639198303222656,16.88847443744573,15.883578349830637,15.97705764306577,11716000
2009-03-16,16.109495162963867,16.94301327968408,16.0627562320105,16.849533931973518,8086100
2009-03-17,16.779428482055664,17.0131246533172,15.852430895884067,16.444462880324515,12679300
2009-03-18,17.098806381225586,17.83105485311869,16.57688377613396,16.608042558480957,11402800
2009-03-19,16.59245491027832,17.449342580915822,16.428868033981647,17.363654853913957,8968000
2009-03-20,16.070531845092773,17.028688814030374,15.77451687356423,16.91183935225076,13299800
2009-03-23,17.17670249938965,17.19228263203114,16.000430715218325,16.514563205961743,10350900
2009-03-24,16.45224380493164,17.137753282477327,16.444453738779586,16.88847710882435,8353700
2009-03-25,16.498987197875977,16.880691628194853,16.054963707215315,16.584676463022276,14040500
2009-03-26,16.841739654541016,16.981956399997294,16.25749801482822,16.49119407639201,12733100
2009-03-27,16.421085357666016,16.787209592512863,16.280867123017284,16.592462374568154,6794600
2009-03-30,16.000425338745117,16.257491497737288,15.704408861237326,15.93031625121973,8537100
2009-03-31,16.32808494567871,16.866373869156195,16.070642675837583,16.2656747435347,9877800
2009-04-01,16.133054733276367,16.460708704206656,15.485548253578026,16.078445986117444,12819300
2009-04-02,16.437297821044922,16.97558659367225,16.25006726708241,16.515310923856678,14884600
2009-04-03,16.023834228515625,16.77275659966741,15.711781752559231,16.42169830820471,9655100
2009-04-06,17.108219146728516,17.20183373840608,15.797602959425745,15.860013183203158,12855600
2009-04-07,18.294010162353516,18.535849531042867,16.148657228038044,16.694746173077768,21519900
2009-04-08,17.833730697631836,19.027325862512555,17.59188989012702,18.81669238445952,15949800
2009-04-09,18.613859176635742,18.652864991127654,17.942948453944485,18.379819825754947,8783700
2009-04-13,19.011730194091797,19.17555644758018,18.333017815981794,18.816698089666456,10678000
2009-04-14,19.113140106201172,19.401788182922804,18.47343524684536,18.863499330645382,11141200
2009-04-15,19.589017868041992,20.166312507087312,18.785485356518414,18.988318849368337,15740600
2009-04-16,19.003923416137695,20.36134630472232,18.465634541844608,19.752845773435507,12370500
2009-04-17,18.83229637145996,19.035129904631045,18.020963726752257,18.97271970119199,13915400
2009-04-20,18.88690185546875,19.401787804993553,18.34861450165307,18.34861450165307,9951200
2009-04-21,17.78691864013672,20.057091107712754,17.72450845672479,19.79964891514154,23880900
2009-04-22,17.79472541809082,18.434430361271644,17.552886071078298,17.83373272436806,17248100
2009-04-23,18.067773818969727,18.372023422084105,17.123819159062627,18.020966531100633,15036800
2009-04-24,17.989763259887695,18.41883483880085,17.599698999772315,18.278411467082986,14607200
2009-04-27,17.950756072998047,18.379826131520538,17.73231956816322,18.098980897277997,11906800
2009-04-28,18.637266159057617,19.144350786562793,17.70111301407674,17.942952390533037,14061200
2009-04-29,18.621665954589844,18.91811409811858,18.153588607144112,18.762087819644382,11349100
2009-04-30,18.348617553710938,19.081937067605907,18.231598608981027,19.035129787309263,10722700
2009-05-01,17.919551849365234,18.395430730170606,17.7401226440697,18.379827802411754,10355700
2009-05-04,18.504640579223633,18.53584642180798,17.78692256752483,17.92734588320145,9592300
2009-05-05,19.940074920654297,20.033690952534254,18.426627394409707,18.426627394409707,13811900
2009-05-06,20.228721618652344,20.283330346894708,19.69823427919582,20.08049686486861,9675400
2009-05-07,22.147836685180664,22.2492541732897,20.127304750437993,20.127304750437993,17479200
2009-05-08,22.522300720214844,23.162005575789966,22.264858485947382,22.42088322575944,17012400
2009-05-11,21.523744583129883,22.257065760772722,21.37551975735616,22.04643071698537,9914700
2009-05-12,21.31310272216797,21.687563910475177,20.57198180630701,21.11026920650744,9918900
2009-05-13,21.578344345092773,22.077625881125584,20.673395817045133,21.118068621071398,9800700
2009-05-14,21.687576293945312,22.00742892758863,21.079076887490874,21.586160222195353,6013100
2009-05-15,21.461328506469727,22.42088590447467,21.19608478032545,21.640757648280104,8907900
2009-05-18,21.695362091064453,21.71096501021234,20.751407802261262,21.601747552129662,10816500
2009-05-19,21.422319412231445,22.00741555552515,21.2584932063379,21.617351459996012,6927600
2009-05-20,21.671968460083008,22.14004433070389,21.16488378694888,21.593955318987227,9396300
2009-05-21,21.00105094909668,22.210249049256973,20.78261452007146,21.34430776957162,9292300
2009-05-22,20.51736831665039,21.32870225020654,20.384746480895107,21.02445276911111,6591500
2009-05-26,21.211681365966797,21.383308995387463,20.17411115470197,20.447154772422092,10316400
2009-05-27,21.445722579956055,21.72656918899553,20.99324831426821,21.0244541543732,7596100
2009-05-28,21.211681365966797,22.132232671354984,21.118065348479814,21.422314801354304,9964100
2009-05-29,20.75140953063965,21.359908548326285,20.28333233305089,21.274095461818092,11723600
2009-06-01,21.45353889465332,21.57835936554766,20.798230678469356,20.98546138481086,8330000
2009-06-02,21.92160415649414,22.17904641987318,21.15707882742628,21.625154587768854,9444800
2009-06-03,21.45353889465332,21.718782767298134,20.751423373878325,21.28971258459602,11787700
2009-06-04,21.274093627929688,21.78897805449988,21.07906160307806,21.632951839428074,6605900
2009-06-05,21.141475677490234,21.648558737715284,20.525173651449062,21.554942693869542,8517500
2009-06-08,20.32233428955078,21.063456502418926,20.018084838445972,21.055655043675714,10476700
2009-06-09,20.267730712890625,20.64999336051907,19.784052051800142,20.579781701977467,12179500
2009-06-10,20.072694778442383,20.501766107472026,19.830855494647324,20.29893263178139,9867400
2009-06-11,18.7620792388916,18.980515631259205,18.122374468071854,18.528041416193318,31038100
2009-06-12,18.88690185546875,19.058531001302473,18.317408661328262,18.567049432021278,15141300
2009-06-15,18.340818405151367,18.84790155490974,18.278408194226905,18.730882595423466,13557500
2009-06-16,18.738683700561523,19.417394545429374,18.153587426307347,18.450035550553014,14164100
2009-06-17,18.738683700561523,19.23016391622525,18.5904588944503,18.746485162775457,12144300
2009-06-18,19.854257583618164,20.03368666097694,18.69966704832129,18.785481601830284,16954800
2009-06-19,19.838659286499023,20.65779325681551,19.518806860910576,20.2287233653119,21833600
2009-06-22,19.15995216369629,19.643632403088656,19.08974049204293,19.573420731435302,9727600
2009-06-23,19.144344329833984,19.791850594722124,18.87129919664534,19.105337031963455,9052100
2009-06-24,19.354978561401367,19.768447007526632,19.003921794367912,19.191152367714356,9147500
2009-06-25,19.495399475097656,20.213117328988947,19.152142722025435,19.22235436442603,14774400
2009-06-26,19.323781967163086,19.69044180116127,19.152152756714507,19.44860239950191,15564900
2009-06-29,19.596817016601562,19.69043154812103,19.10533551820785,19.347174793938642,7976400
2009-06-30,19.48760223388672,19.854263443108014,19.214557064119674,19.5110066157444,10177400
2009-07-01,19.628028869628906,19.877669699770973,19.23016323859872,19.57342012403242,6875300
2009-07-02,18.65286636352539,19.589020859973903,18.637263441390054,19.44859753670897,10398500
2009-07-06,18.793296813964844,18.941521654510268,18.481245692798513,18.652873437445713,7908100
2009-07-07,19.635828018188477,20.525173742786208,18.72307791053103,18.762083727654016,19892000
2009-07-08,19.245765686035156,19.784054642688737,18.652867985136965,19.706041513206426,11864900
2009-07-09,19.45639419555664,19.97127859512678,18.894701041133807,19.409585440703946,8967800
2009-07-10,19.245765686035156,19.81525900169565,19.027329221080027,19.425194842260787,5621200
2009-07-13,19.511005401611328,19.59681997510627,18.933710743500757,19.28476752166153,5801600
2009-07-14,19.323781967163086,20.07270456119604,19.19896153482426,19.947884128857215,9708400
2009-07-15,19.432998657226562,19.573422009703812,18.840100884532,19.550017621631984,12532300
2009-07-16,19.6982364654541,19.93227432331844,18.972717022907684,19.347178190681188,11892400
2009-07-17,19.57341194152832,19.893264307433277,19.3393741331019,19.70603376309692,9050100
2009-07-20,19.378376007080078,19.698228308094237,19.003914994377034,19.698228308094237,8006700
2009-07-21,19.96347999572754,20.181916419068955,19.46419844292019,19.877665420847624,12851000
2009-07-22,20.283334732055664,20.751411985006108,19.79185458364247,19.97908518722733,11307100
2009-07-23,21.10246467590332,21.328702540912605,20.31453659812079,20.478362786181627,9955300
2009-07-24,21.31310272216797,21.476930422037682,20.283333710334897,21.242891063363306,7961000
2009-07-27,21.547143936157227,21.999618282982823,21.11027102420542,21.13367540848104,7030300
2009-07-28,22.686124801635742,23.177604843711872,21.422316640905876,21.671958879649445,17732800
2009-07-29,22.163442611694336,23.091795610150058,21.999616399719116,22.257058652806244,17007300
2009-07-30,21.92160415649414,22.63152074605381,21.6485589709766,22.498898883829664,13690200
2009-07-31,21.890403747558594,22.124443173817937,21.640762883263502,21.90600667357127,8317500
2009-08-03,21.344310760498047,22.155643418611277,21.11807283930799,22.108836137252755,12181300
2009-08-04,21.008853912353516,21.437923852656862,20.673398528345622,21.211687434962393,8508800
2009-08-05,20.423757553100586,20.97764788905013,20.314540075696797,20.96984642809607,7892500
2009-08-06,20.267730712890625,20.63439192704709,19.830859328169048,20.49396860996389,11043400
2009-08-07,20.681198120117188,20.790415588582555,20.275531111565233,20.345742766429087,8506500
2009-08-10,21.11806869506836,21.17267742726625,20.42375512059284,20.6499915094093,7705000
2009-08-11,21.703161239624023,21.81237868607692,20.907430303528656,21.11026376692411,11762400
2009-08-12,21.679763793945312,21.937206045196547,21.453525897524525,21.656359411840114,6901500
2009-08-13,22.132244110107422,22.1712499362339,21.211692328944437,21.562749228013395,7858600
2009-08-14,21.890403747558594,22.22585921694647,21.539346840134968,21.90600667357127,6718400
2009-08-17,22.218053817749023,23.14640691935747,21.62515612609856,21.62515612609856,14909500
2009-08-18,21.984018325805664,22.218056248227384,21.687568703562874,22.140043111427868,8269600
2009-08-19,21.984018325805664,22.06983292508281,21.539345380418304,21.64856287915153,7561900
2009-08-20,22.147836685180664,22.576908040760845,21.859190116203877,21.89039446702307,8741100
2009-08-21,22.561307907104492,22.662723919759507,22.054224867876464,22.405281669814418,8182700
2009-08-24,23.162006378173828,23.185409271569352,22.27265922973294,22.69392916656964,11908000
2009-08-25,23.341440200805664,23.403850409044043,22.764145402606452,23.22442124635579,10207500
2009-08-26,22.56911277770996,23.27902943748505,22.475496723596272,23.271227975644187,10143100
2009-08-27,22.5769100189209,22.7875434973407,22.249256122741137,22.483293982308215,7784000
2009-08-28,21.984018325805664,22.725139405458993,21.827992052206636,22.701736506002913,9074200
2009-08-31,21.843595504760742,22.45989766358824,21.60955757668619,21.820191116762544,7603900
2009-09-01,21.320907592773438,22.210253429230228,21.27410030874327,21.79678635900643,10171000
2009-09-02,22.358476638793945,22.725136398871875,21.344310458507216,21.352111919952698,14380400
2009-09-03,22.522300720214844,22.701729840588083,21.8669929442656,22.576909453547884,10479600
2009-09-04,22.53009796142578,22.818746001452833,22.272655758364333,22.46768777547077,5837100
2009-09-08,21.718769073486328,22.623717660883557,21.52373702468561,22.615916200374354,13752600
2009-09-09,22.155643463134766,22.186849309420925,21.609554544916847,21.859195363299513,10975000
2009-09-10,22.709531784057617,22.764140518552786,21.882594842347732,21.960607957902152,9136500
2009-09-11,22.678325653076172,22.943569349788582,22.444287797377648,22.717332954343526,5430600
2009-09-14,22.436485290527344,22.756337706117463,22.179043066077337,22.506696941557014,7354500
2009-09-15,21.60955047607422,22.491094635999943,21.57834463566378,22.483293175897334,13570400
2009-09-16,22.84996223449707,22.888968060474408,21.69537103705912,21.80459002815406,14119100
2009-09-17,22.888957977294922,23.310226366582686,22.725130306811295,22.974772542213785,11461300
2009-09-18,22.29606819152832,22.826555707796068,22.16344631246138,22.53790756348212,15698600
2009-09-21,22.303863525390625,22.576908670562783,22.015215460385463,22.194646062512295,8258400
2009-09-22,21.515932083129883,22.45208636110422,21.46132335637702,22.40527760562216,12943800
2009-09-23,20.81382179260254,21.726571897803602,20.774814487607983,21.726571897803602,15226100
2009-09-24,20.30672836303711,21.09465766589845,20.267721077959354,20.85281696234369,13992100
2009-09-25,19.76844596862793,20.423753684890002,19.604618295574287,20.291131849742293,16839100
2009-09-28,20.127304077148438,20.35354193691883,19.784048789738264,19.84645897726523,8795400
2009-09-29,20.033695220947266,20.626592914573855,19.45640045062111,20.220925836622506,23216300
2009-09-30,19.53441047668457,19.971281843876064,19.1287434631614,19.620223565254776,22933900
2009-10-01,19.339378356933594,20.002486121627047,19.269166701475815,19.417389984796525,17202100
2009-10-02,18.941516876220703,19.432997082077076,18.684074580205127,19.253567918667347,11219600
2009-10-05,18.7542781829834,19.113136355428214,18.684066542639655,19.01952033897786,12436800
2009-10-06,19.0195255279541,19.183353229444272,18.582654137274492,19.081935726622618,11192200
2009-10-07,19.54220962524414,19.76844750370138,19.03512662370638,19.050729543870954,12081700
2009-10-08,18.847896575927734,19.058531540146408,18.33301209982191,18.949314071874387,24531700
2009-10-09,19.245765686035156,19.54221379249591,19.042932144571825,19.07413799155542,16555000
2009-10-12,19.682634353637695,19.908872248449757,19.354980446377223,19.354980446377223,13952400
2009-10-13,18.949316024780273,19.635828234347464,18.691872272218944,19.635828234347464,19003700
2009-10-14,19.401792526245117,19.4485998101461,18.996125431165346,19.20676044068485,9801800
2009-10-15,19.152145385742188,19.432991994405242,19.01952354142645,19.32377453013688,11123600
2009-10-16,19.074138641357422,19.47200278811561,18.98052258519408,19.276970701753985,12367000
2009-10-19,19.4407958984375,19.495404637436867,19.042930315472272,19.167750715464123,10270400
2009-10-20,20.252124786376953,20.688997594250647,19.893266574169562,20.03368987041637,21392200
2009-10-21,19.596817016601562,20.3379377617059,19.52660537397389,20.259924660122245,11959800
2009-10-22,20.05709457397461,20.283332457926306,19.51880720701111,19.542210099849974,13756100
2009-10-23,20.166309356689453,20.454955887131348,19.971277354183705,20.3613413591952,8293000
2009-10-26,19.745046615600586,20.431560344496337,19.729445180653077,20.22872681041244,14347500
2009-10-27,20.673397064208984,20.907434926349076,19.651429550498474,19.73724263969574,20485300
2009-10-28,20.189722061157227,20.681203779702308,20.1351133119804,20.509576069721305,11505700
2009-10-29,20.649993896484375,20.743609939628453,20.283334160787835,20.330141438371612,13044200
2009-10-30,20.244327545166016,20.89963535738253,20.2053202420719,20.532974148180156,11745700
2009-11-02,20.61098289489746,20.75920763926439,20.002482487477554,20.298931976211414,8189400
2009-11-03,20.99324607849121,21.06345772327355,20.486163134600236,20.735803876948026,11443700
2009-11-04,21.742172241210938,22.592510557571803,21.547140203298294,21.547140203298294,22424700
2009-11-05,22.007421493530273,22.140043381313053,21.586152930440587,21.804589418546584,11991700
2009-11-06,22.366273880004883,22.420882611842654,21.687561742078596,21.921601077352918,11891400
2009-11-09,22.72513771057129,22.810952303448207,21.999619609983867,22.085432714884075,11751800
2009-11-10,22.60031509399414,22.76414280188865,22.3272713941309,22.623719477400947,8063300
2009-11-11,22.912364959716797,22.959172233185566,22.358473186426846,22.61591542246967,8794200
2009-11-12,22.436485290527344,22.959171199316913,22.381876559276787,22.959171199316913,8428600
2009-11-13,22.686124801635742,22.896759743086758,22.50669569801876,22.530098588418042,6267600
2009-11-16,22.740741729736328,23.013786957333952,22.58471694823539,22.80315193993206,8281300
2009-11-17,22.60031509399414,22.76414280188865,22.459893257483,22.592513632858537,6103400
2009-11-18,22.522300720214844,22.709531300775144,22.35067157205228,22.600312346132682,7327600
2009-11-19,22.33507537841797,22.40528705327105,21.74217910540038,22.35847976602794,6991000
2009-11-20,22.280466079711914,22.4442938129918,22.077632522686567,22.077632522686567,9008200
2009-11-23,22.686124801635742,23.07618884670374,22.56910588571059,22.5769073451691,9622100
2009-11-24,23.060585021972656,23.16200250297338,22.506694813961367,22.881155925403608,7241100
2009-11-25,23.044984817504883,23.201009544917337,22.91236298081735,23.076189167796866,8060900
2009-11-27,22.966976165771484,23.12300092345524,22.389681437590827,22.615917857024066,5456500
2009-11-30,22.366273880004883,23.005978718063943,22.233652036409,22.966972906173062,12634400
2009-12-01,22.38967514038086,22.77193769796112,22.335064928175562,22.62371295507044,9705800
2009-12-02,22.06982421875,22.467688232318043,21.968406734525804,22.405278045094015,11500500
2009-12-03,21.320907592773438,22.20245196722908,21.29750320676999,22.054228653137436,15325700
2009-12-04,21.422319412231445,21.88259516399394,21.297499020700236,21.570544185165918,11814700
2009-12-07,22.077627182006836,22.21024903382708,21.469128146106314,21.4847310670208,11281000
2009-12-08,22.20244789123535,22.56130763752399,21.898198368929243,21.968410026073187,15897400
2009-12-09,22.233654022216797,23.091795352248532,21.945005929323983,22.53010208780337,19103600
2009-12-10,23.64569091796875,23.965543436581115,22.26486480824234,22.40528666755424,27521700
2009-12-11,23.77830696105957,24.215179820400554,23.715896765150347,23.73930114660747,19072800
2009-12-14,24.14497184753418,24.371208284228302,23.996747051645617,24.09036161580295,20357700
2009-12-15,24.433616638183594,24.480423916715406,24.090359790338333,24.10596271250779,28990900
2009-12-16,25.12013053894043,25.21374509676827,24.503828500004772,24.57404016236394,34897200
2009-12-17,24.823684692382812,25.221551830775216,24.425819041967202,25.034319711069333,14802800
2009-12-18,24.605243682861328,24.964101933932927,24.2463839438133,24.87048589697105,15694400
2009-12-21,25.09671974182129,25.93925952476719,24.901689203295554,24.940695013405445,24416000
2009-12-22,25.2137393951416,25.361962659513793,25.104521939714463,25.26834812285517,10356400
2009-12-23,24.66765785217285,25.471190548293123,24.589644723465998,25.143535110129,9500100
2009-12-24,24.714458465576172,24.886086112040132,24.37900314423529,24.878284652476825,4963400
2009-12-28,24.48822021484375,24.839278449758627,24.246380924111413,24.59743915902629,7968700
2009-12-29,24.066951751708984,24.542828872365188,23.96553426725802,24.254182313799724,9200000
2009-12-30,24.191776275634766,24.191776275634766,23.871923824540612,24.066955879499314,5806300
2009-12-31,23.77830696105957,24.300992909790455,23.754904067578888,24.144968164005626,5354200
2010-01-04,24.59743881225586,24.65204753958914,24.160566017637137,24.48041841028314,12199500
2010-01-05,24.558435440063477,24.940698080458564,24.402410692460677,24.753467490549326,11180700
2010-01-06,24.800275802612305,25.010910770417546,24.50382625800276,24.652051030307533,9761100
2010-01-07,25.752031326293945,25.78323716943598,24.6442506783287,24.6442506783287,11789800
2010-01-08,25.51019287109375,25.681819052360094,25.2293462414451,25.6350132647206,7228700
2010-01-11,25.68181610107422,25.845645266844404,25.510189939530697,25.517989911256617,7206900
2010-01-12,25.003108978271484,25.67401972691,24.60524489354211,25.510193514136315,13121500
2010-01-13,25.385360717773438,25.393160686782398,24.71445029684403,24.9562895114677,8797200
2010-01-14,25.993877410888672,26.001680361230903,25.221551980409625,25.49459572331563,8818300
2010-01-15,26.32933235168457,26.51656446893833,25.822247723418858,26.165506109058494,19382000
2010-01-19,27.405902862548828,28.00660189778861,26.914421292633964,26.961230053181527,26477900
2010-01-20,26.95343017578125,28.13922546116992,26.75059814220631,28.037807956405917,26854700
2010-01-21,25.822240829467773,27.84277287694723,25.744229204078938,27.639940865364604,29192700
2010-01-22,25.869054794311523,26.610177288406963,25.822246024090123,26.383939362933546,21021600
2010-01-25,25.744237899780273,26.30593131535341,25.713032048703155,26.181110886998685,10925800
2010-01-26,25.307357788085938,25.674018995135988,25.307357788085938,25.361966524120678,11057200
2010-01-27,25.93146514892578,26.157700086763832,25.049919365639568,25.229348511626462,14387100
2010-01-28,26.079689025878906,26.594573579289165,25.775439468311923,26.001677387101363,16742100
2010-01-29,25.744237899780273,26.368340041553896,25.713032048703155,26.071890408228768,11931500
2010-02-01,25.84564781188965,26.064082753155944,25.13573127682131,25.767633207185344,13710200
2010-02-02,26.563379287719727,26.617988053807935,25.689636054353816,25.853462352618443,12114600
2010-02-03,25.993877410888672,26.563370771773773,25.603813220478035,26.563370771773773,8410400
2010-02-04,25.322959899902344,25.931461901338995,25.268351165612916,25.931461901338995,10648500
2010-02-05,25.385360717773438,25.455572342660272,24.83927063264823,25.291743233956627,12666000
2010-02-08,25.28395652770996,25.70522649800918,25.14353320427689,25.14353320427689,9558200
2010-02-09,25.744237899780273,25.791046676395954,24.964109478574812,25.525802894147947,11236500
2010-02-10,25.51799201965332,25.876850267747653,25.198139585316575,25.74422990578129,10755200
2010-02-11,25.83785057067871,25.90026226822806,25.30736304532335,25.517998060622112,7857600
2010-02-12,25.10452651977539,25.627211002092917,24.9875060956386,25.57260226441655,11688700
2010-02-16,24.67545509338379,25.432178935696776,24.48822449800665,25.221546933859315,13934200
2010-02-17,25.39316177368164,25.908046052906414,24.714451354692542,24.714451354692542,11690900
2010-02-18,25.502391815185547,25.736432674564114,25.05771894389131,25.143533528869696,10327100
2010-02-19,24.917295455932617,25.56480181102277,24.831480876639166,25.29175515182061,11508200
2010-02-22,25.8066463470459,25.83784921823377,24.87049027650532,25.049920921614135,16338800
2010-02-23,25.59600830078125,25.87685196381514,25.244950002047602,25.64281408997705,10746500
2010-02-24,26.227903366088867,26.259109201316047,25.244943364050748,25.650610294147317,10982600
2010-02-25,26.09528923034668,26.508756229510578,25.619410545899882,25.99387172973844,14779500
2010-02-26,26.415151596069336,26.758407066154202,26.02508734444623,26.14990778592746,9684700
2010-03-01,26.555559158325195,27.086046462852195,26.1576921919538,26.524353322540716,10970800
2010-03-02,26.485361099243164,26.81301361516536,26.220117310944985,26.610181530445022,7081500
2010-03-03,26.602365493774414,26.79739750758787,26.34492478303588,26.563359686202194,8089700
2010-03-04,25.705217361450195,26.602362746780294,25.291747511213494,26.563356943235863,17386600
2010-03-05,26.321517944335938,26.360523746055627,25.7130161288915,25.76762484648945,8133300
2010-03-08,25.822240829467773,26.39953697558451,25.76763209650504,26.321525350195675,7734800
2010-03-09,25.8066463470459,26.095292993219026,25.798843397283896,25.884657988945648,8770800
2010-03-10,25.93146514892578,26.173303009365284,25.69742428585721,25.759835976263016,7419000
2010-03-11,26.134296417236328,26.18110518365509,25.69742352518717,25.81444395325753,14678000
2010-03-12,25.674020767211914,26.321528647677543,25.572603260738948,26.27471988100853,9450400
2010-03-15,25.377573013305664,25.572605091123148,24.909497216925043,25.572605091123148,13520100
2010-03-16,25.78323745727539,25.830046222511008,25.034315069223716,25.08112383445933,12932100
2010-03-17,25.549209594726562,25.869062175958252,25.16694530205737,25.869062175958252,10614400
2010-03-18,26.204505920410156,26.28251754872914,24.948499063185682,25.322960235831943,15407200
2010-03-19,26.828601837158203,27.070442592046394,26.30591749795262,26.828601837158203,21827600
2010-03-22,25.978260040283203,27.42929849787638,25.908048406014117,26.891011285781342,20218800
2010-03-23,25.869054794311523,26.103092693511833,25.713028536193534,26.025081052429513,11409500
2010-03-24,25.525793075561523,26.00947167739318,25.525793075561523,25.853445457977372,10825800
2010-03-25,25.83785057067871,25.947068065436543,25.43218346446852,25.55700388361369,14786200
2010-03-26,25.45557975769043,25.954861246344393,25.432173891942487,25.822237926947448,8751000
2010-03-29,25.619415283203125,25.75983862510248,25.369774447816166,25.478991941303775,7967200
2010-03-30,25.791040420532227,25.970469556772777,25.43217917209809,25.58040544078383,7253100
2010-03-31,25.48678970336914,25.830048054199104,25.35416932305992,25.666221828186572,6961600
2010-04-01,25.76009178161621,25.76009178161621,25.393093480106977,25.61172924507985,6713400
2010-04-05,25.877208709716797,25.93967775369657,25.58829682803025,25.861591448721853,6722000
2010-04-06,26.08803939819336,26.548738209805155,25.96310427870651,25.97872154097839,9430900
2010-04-07,25.713226318359375,26.18173213107633,25.56486683935938,26.18173213107633,8395900
2010-04-08,25.471168518066406,25.736655994041442,25.143214977637907,25.642955408017286,11174600
2010-04-09,25.190065383911133,25.54144632721665,24.682517780192597,25.502404662113396,12831400
2010-04-12,25.190065383911133,25.28376895458468,24.994854079706748,25.127599315483547,8763300
2010-04-13,25.111976623535156,25.518016405921525,24.85429781727914,25.330612283786483,11119100
2010-04-14,24.245235443115234,25.080739313083463,24.159343510159562,25.072932174095868,16499100
2010-04-15,23.91729164123535,24.440458068379687,23.487827308370356,24.260864001133907,25271500
2010-04-16,23.995370864868164,24.29209285296773,23.69084173596843,23.8470113601623,15355500
2010-04-19,24.38579750061035,24.72936983749682,23.86263110850711,23.86263110850711,13524400
2010-04-20,24.190580368041992,25.166636723976648,23.628372443187402,25.158829583751718,26564000
2010-04-21,23.628381729125977,24.557588162169555,23.495637952976896,24.315525018439565,13735400
2010-04-22,23.7845458984375,23.831397686352915,23.331655707330793,23.620569108765963,14148700
2010-04-23,24.167160034179688,24.1827758066003,23.64399367981574,23.667418083118687,14799000
2010-04-26,23.308229446411133,24.323327607561463,23.191102964639022,24.299903204813454,16596800
2010-04-27,23.26919174194336,23.7064662273284,23.128640824509993,23.30042627204702,16204300
2010-04-28,23.76892852783203,23.909480903444646,23.198910394587084,23.37069729337763,13270600
2010-04-29,24.44045639038086,24.784028726690902,24.0422266127315,24.05784238625238,13609500
2010-04-30,23.66742706298828,24.471698476895824,23.597150847727203,24.471698476895824,15545900
2010-05-03,23.628381729125977,23.8782520161491,23.33946827891525,23.81578444439332,9553500
2010-05-04,23.027132034301758,23.464405067244368,22.863155205452465,23.433172023849284,11745200
2010-05-05,23.42535400390625,23.503438815121385,22.753826712537556,22.83191152375269,11359500
2010-05-06,22.831912994384766,23.63618406982012,21.840239253568587,23.542481992457716,10439100
2010-05-07,22.66012954711914,22.863149491151116,22.058878346256463,22.68355395147475,14194800
2010-05-10,23.3316593170166,23.472211723819704,22.582048466525897,22.628898772345472,9059800
2010-05-11,23.308229446411133,23.487823484417973,23.07397499352289,23.276994923621757,9614100
2010-05-12,23.67522430419922,23.722074595380473,23.261377334967644,23.3082276261489,11345400
2010-05-13,23.5659122467041,23.76112357878171,23.37070091462649,23.581529510712933,7148300
2010-05-14,23.729888916015625,23.800165114312048,23.08178735677193,23.40193382041374,12201000
2010-05-17,23.76892852783203,23.99537286349588,23.32384699795477,23.79235293087144,8658100
2010-05-18,23.5659122467041,24.00318521354155,23.487827416004205,23.839208409481607,8907900
2010-05-19,23.41754722595215,23.62056715543085,23.230144557820424,23.51124930469002,10096000
2010-05-20,22.613279342651367,23.152063020707125,22.605472200215743,23.05055378625754,10194300
2010-05-21,22.410263061523438,22.699175018861347,21.98860584031325,22.285327919537686,11502800
2010-05-24,22.51176643371582,22.78506254402483,21.996408735118937,22.324363769620952,7996700
2010-05-25,22.54300308227539,22.558618855415048,21.94956051198871,22.121345931277965,8547300
2010-05-26,22.480533599853516,23.073974630063585,22.46491633870483,22.683552037410436,9613100
2010-05-27,22.894378662109375,22.894378662109375,22.52738199216164,22.88657003219425,6502100
2010-05-28,22.699176788330078,22.96466435808144,22.527391327044572,22.87096373896007,11697300
2010-06-01,22.628890991210938,23.120824245866398,22.558614811974444,22.785060609368447,8178500
2010-06-02,23.355083465576172,23.37850936140382,22.543005105026406,22.738216435557362,7967800
2010-06-03,23.884363174438477,23.907887380507447,23.257065968544335,23.460937934358558,8064800
2010-06-04,23.790271759033203,24.786107483236954,23.437416110112295,23.594241175320402,16676300
2010-06-07,23.884363174438477,24.36267822867933,22.990464282140696,23.892204576461467,16847400
2010-06-08,24.22153663635254,24.394044494319306,23.727540260344412,23.860841107139393,18435500
2010-06-09,23.939252853393555,24.43324921329585,23.876523133158432,24.221535846654366,10126400
2010-06-10,24.072553634643555,24.401885038939337,23.696173818595163,24.245059990952964,11766600
2010-06-11,24.04902458190918,24.174483996775297,23.625597935040396,23.91572376666466,9072700
2010-06-14,23.986297607421875,24.26074066955876,23.95493200233452,24.088232832767044,8390100
2010-06-15,24.456775665283203,24.472456975086242,24.119602827206332,24.229379473800797,9569200
2010-06-16,24.61359405517578,24.801783193579702,24.182327466616083,24.182327466616083,10152000
2010-06-17,24.69985008239746,24.73121568927632,24.441089808024696,24.73121568927632,9370800
2010-06-18,24.56654930114746,24.79394546476155,24.464614069744414,24.699850139501887,10243000
2010-06-21,24.425405502319336,24.93508461799773,24.346992985539345,24.786102481269545,7110500
2010-06-22,24.025503158569336,24.574389283765687,23.978456246453593,24.394041540993367,6578200
2010-06-23,23.68833351135254,24.24506111139733,23.617763881651367,24.12744306776928,8358400
2010-06-24,23.335474014282227,23.64128115651117,23.233537303143095,23.58639284847974,8952600
2010-06-25,23.429576873779297,23.609926164123564,23.194340749809978,23.327641618884538,14216100
2010-06-28,22.88852310180664,23.782421761916964,22.833634797497286,23.421726336116,9883000
2010-06-29,22.449417114257812,22.76306717936507,22.316116285265537,22.645447657152673,14389900
2010-06-30,22.26906967163086,22.551354135765774,22.19849855559713,22.35532359024861,11078500
2010-07-01,21.83780860900879,22.198504186367447,21.27323953753297,22.198504186367447,15600900
2010-07-02,22.190656661987305,22.308276183163617,21.790755674127468,21.869166694119226,9312900
2010-07-06,22.65328598022461,22.786586791104053,22.182813937679892,22.33963745333008,13395000
2010-07-07,22.896371841430664,22.935577358335276,22.582721723815354,22.72386397762332,8978500
2010-07-08,23.27273941040039,23.43740429985804,22.93556673702264,22.990455033508525,8996400
2010-07-09,23.500137329101562,23.625596737608937,23.147283303522368,23.327631016302455,6971100
2010-07-12,23.555034637451172,23.57855734929816,23.217861808761455,23.453097900798905,8901800
2010-07-13,23.63344383239746,23.735380561119104,23.36684215117937,23.711856355507688,6905100
2010-07-14,23.774585723876953,23.829474040565415,23.351160498284194,23.523666850104288,4711100
2010-07-15,24.21368408203125,24.25289107514549,23.61775274263344,23.77457622830881,9214500
2010-07-16,23.790271759033203,24.401887718631222,23.641288096644967,24.096078991034883,9411300
2010-07-19,24.166648864746094,24.27642550732928,23.751065006055704,23.90004716510586,8575500
2010-07-20,24.174488067626953,24.692008614995856,23.71185583655559,24.58223198240077,13493900
2010-07-21,24.072553634643555,24.409724945303605,23.978458306732833,24.190171672836087,8884400
2010-07-22,24.307781219482422,24.464606212684416,24.03333822917592,24.37835231686392,9202600
2010-07-23,24.24505615234375,24.503816393636782,24.10391393062132,24.30778586248769,5746700
2010-07-26,24.67632293701172,24.692005738582516,24.18232665228584,24.18232665228584,5479000
2010-07-27,24.135284423828125,24.87235829346817,24.01766488483096,24.72337613643568,11856600
2010-07-28,23.782421112060547,24.245053229446675,23.64127890735372,24.143118023599566,7981800
2010-07-29,23.868684768676758,24.213697526078555,23.555036127586625,23.907890287965014,5540300
2010-07-30,23.87651824951172,24.056865971350494,23.476615803959966,23.680487726923264,4893200
2010-08-02,24.652803421020508,24.74689725143514,24.174488380363645,24.22153529557096,7440900
2010-08-03,25.421236038208008,25.546698440773973,24.519497453677467,24.61359126441363,9954200
2010-08-04,25.805461883544922,26.06422364933847,25.405560871450817,25.4290835806361,9379500
2010-08-05,26.205358505249023,26.260249802799745,25.62510984050737,25.68783805155506,7829600
2010-08-06,26.228885650634766,26.3072966665731,25.844664493684476,25.938761302236703,7479400
2010-08-09,26.260257720947266,26.495493817885503,26.1583209821713,26.26809762799653,6059400
2010-08-10,26.13479232788086,26.362185474880928,25.844664982803515,26.11126662970331,7957600
2010-08-11,25.08407211303711,25.993655353920357,24.888041538697404,25.758416271761366,17250600
2010-08-12,25.193843841552734,25.280097750906723,24.75473438992717,24.864511005036455,8998000
2010-08-13,25.11542510986328,25.240884502258442,24.817459426823252,25.099742311915403,6868600
2010-08-16,25.013504028320312,25.084075163311766,24.59792011736483,24.974298506922736,5231900
2010-08-17,25.36634635925293,25.546697057582506,25.076222046998303,25.272252553611352,5544800
2010-08-18,25.515342712402344,25.84467267299578,25.186009760619434,25.311469220539237,6444900
2010-08-19,24.927249908447266,25.460453338984376,24.90372569983133,25.382039310264595,7067700
2010-08-20,24.786104202270508,24.95861055468882,24.61359635425773,24.89588083602812,5330200
2010-08-23,24.69985008239746,25.225210537268257,24.676325877238316,24.801785313564842,5077300
2010-08-24,24.339157104492188,24.63712292281299,24.19801485006853,24.464616553847748,7509700
2010-08-25,25.060544967651367,25.28794112511133,24.166646132051596,24.252900053239088,10921200
2010-08-26,24.974294662475586,25.39771991164908,24.974294662475586,25.123278312922995,9944700
2010-08-27,25.382028579711914,25.42123408190254,24.68416047067928,25.060538675847845,7051400
2010-08-30,25.02134132385254,25.468290775024197,24.997817117519205,25.35067423014111,7173200
2010-08-31,24.872352600097656,25.256572251580657,24.63711656713883,24.942923709104146,8650800
2010-09-01,25.554542541503906,25.585908147295765,24.966450893256216,25.0997502310884,8623100
2010-09-02,25.766254425048828,25.82114273646135,25.31930503715337,25.742731717640215,5430000
2010-09-03,26.589584350585938,26.589584350585938,25.805462130879846,25.836827737553424,7760900
2010-09-07,26.487640380859375,26.730719279320954,26.36218097966361,26.471957581811395,6831800
2010-09-08,26.54252815246582,26.62878204991509,26.134787350104197,26.487639852486833,8552100
2010-09-09,26.675838470458984,26.856186223381357,26.597424453195618,26.738566693080767,7507100
2010-09-10,27.14410972595215,27.262160005245065,26.601068233657887,26.75060279053644,8940700
2010-09-13,27.32513427734375,27.76586031264223,27.285781165145572,27.38022503175606,7101400
2010-09-14,27.23855972290039,27.545494755535334,26.742739976678966,26.76634944004452,8716000
2010-09-15,26.970962524414062,27.23067550992383,26.734858991527187,27.151975333034642,11169600
2010-09-16,26.947359085083008,27.065409376759664,26.695511857955523,26.93948726430591,6153700
2010-09-17,26.86079216003418,27.23855856898301,26.86079216003418,27.12050525271501,7286900
2010-09-20,27.490398406982422,27.569098603651813,27.03392886008379,27.049669499861682,5639200
2010-09-21,27.750110626220703,27.938995295675294,27.411697388907008,27.458916304605676,6428000
2010-09-22,28.080669403076172,28.096410048747927,27.474668054708964,27.639940330930607,7184300
2010-09-23,27.89177703857422,28.17510257883282,27.69502352475245,27.860298758050213,6711800
2010-09-24,28.12000274658203,28.285274924242437,28.017690111841084,28.285274924242437,8558100
2010-09-27,27.820945739746094,28.19871512940878,27.74224553486159,28.19871512940878,7505200
2010-09-28,27.576967239379883,28.025564913464375,27.474654593751225,27.899642812005915,8410300
2010-09-29,27.702890396118164,27.710759214287936,27.31725225696302,27.47465564033695,7872500
2010-09-30,27.63205909729004,27.986215960269487,27.60844964049802,27.931125226274887,7847200
2010-10-01,27.883914947509766,27.91539623785071,27.356613842072765,27.60058933888345,6503500
2010-10-04,27.18346405029297,27.781593364250035,27.033929470138606,27.781593364250035,5883300
2010-10-05,27.600574493408203,27.64779640352045,27.191326945760498,27.364470947285923,6887400
2010-10-06,26.71912956237793,27.718637839629846,26.71125774005579,27.57697506003694,13815400
2010-10-07,27.026063919067383,27.222817441191573,26.845051038979587,27.065414023048124,6878900
2010-10-08,27.033933639526367,27.19133706291322,26.908011501261,27.112636852330088,6022300
2010-10-11,27.270030975341797,27.466784436917944,26.813561503419745,26.829302140612185,6746300
2010-10-12,27.56122589111328,27.59270716622149,27.10475640870316,27.16771895891958,6766300
2010-10-13,27.797332763671875,28.03343635068979,27.56122917665396,27.616319913550807,8050100
2010-10-14,28.159353256225586,28.537119526035532,27.726496259707076,27.750105713376623,10274300
2010-10-15,28.316770553588867,28.513524103573964,28.151498292134402,28.340380018876385,7825200
2010-10-18,28.52924919128418,28.623690003158067,28.206573665347392,28.403327108045904,8035000
2010-10-19,27.78160285949707,28.269550861514343,27.48253659919306,28.04131900712925,13178200
2010-10-20,28.907014846801758,28.922755482160394,27.899638201602645,27.907507018172357,10386500
2010-10-21,28.718149185180664,29.001471772416608,28.426951772560653,29.001471772416608,6840200
2010-10-22,29.324132919311523,29.324132919311523,28.663041206043953,28.883407111946074,6622900
2010-10-25,29.56025505065918,29.8671901147193,29.4815518276816,29.52877376146815,7456100
2010-10-26,29.56812286376953,29.662563725901844,29.237578345196006,29.52090093159294,8050600
2010-10-27,28.277421951293945,29.40285255737467,28.096409035925717,29.31628051041137,12700700
2010-10-28,28.52924919128418,28.647302457791,28.29314566048982,28.55285864369783,6281600
2010-10-29,28.37183952331543,29.064412328122717,28.182957941598016,28.647296083129696,6696900
2010-11-01,28.41908073425293,28.836197262729964,28.09640506081924,28.54500287505094,7671800
2010-11-02,29.119516372680664,29.190347748811117,28.61582792118409,28.64730919995762,9988000
2010-11-03,28.851938247680664,29.473680138713842,28.387599785066357,28.84406942725903,10730400
2010-11-04,28.962106704711914,29.15886015107846,28.631562355881396,29.11951006224902,6839700
2010-11-05,29.00933837890625,29.269051454390898,28.710272199124233,28.90702571172971,7190400
2010-11-08,29.21396255493164,29.261184481736777,28.812586684859856,28.828327327128235,4370500
2010-11-09,29.103775024414062,29.339878605024815,28.969984096215267,29.308400329237983,6027600
2010-11-10,29.245437622070312,29.253306440421373,28.308892122859536,28.891280751874675,8385100
2010-11-11,29.489418029785156,29.513027491067483,28.914898121558824,29.095910996570925,5396400
2010-11-12,28.85980796813965,29.379240198787436,28.51352281659524,29.28479633745832,7373900
2010-11-15,27.91538429260254,28.631566829181974,27.891771833840277,28.584344913877246,9124200
2010-11-16,27.553356170654297,27.844553484263553,27.3959557875594,27.76585029049624,10840800
2010-11-17,27.80520248413086,27.813071302141726,27.21494206006352,27.61631782745261,9578000
2010-11-18,28.041311264038086,28.293155518261056,27.15198455256429,27.22281593670327,9207900
2010-11-19,28.332508087158203,28.718146323766025,27.813078892315794,27.970482315466345,14341600
2010-11-22,28.694538116455078,29.450071057016615,27.994095931837336,29.363502013548526,14972500
2010-11-23,28.37183952331543,28.600074186591037,28.15934549221938,28.450542684213197,6577900
2010-11-24,28.474163055419922,28.922760736875514,28.348240951892382,28.81257927156639,6306100
2010-11-26,28.238067626953125,28.545002655144906,28.12788612988127,28.14362377041671,2972200
2010-11-29,28.796844482421875,28.8598040458638,27.584842113405987,27.97048032253663,10899000
2010-11-30,28.74175453186035,29.10378028774949,28.36398813412119,28.58435111558059,12039400
2010-12-01,29.646812438964844,29.827828279548662,29.22969602891818,29.22969602891818,11012000
2010-12-02,29.945877075195312,29.953748895117855,29.623201509423073,29.654682784673938,8600200
2010-12-03,29.86297035217285,29.989307494906196,29.51554396268493,29.776113001772103,5383200
2010-12-06,29.444473266601562,29.910341952406053,29.404993482132937,29.744522038254672,5179900
2010-12-07,29.033891677856445,29.705057392208904,29.002306629339245,29.586617978443417,8523900
2010-12-08,29.08915138244629,29.223383262215744,28.962814255321923,29.14442368730603,5753700
2010-12-09,28.939136505126953,29.381315089464508,28.765421768642515,29.381315089464508,8309700
2010-12-10,28.95492172241211,29.097051392622696,28.765417503541492,29.049676843962665,7979300
2010-12-13,29.13654327392578,29.89456640972565,28.915450933563676,29.025995597686634,11122300
2010-12-14,28.82069969177246,29.2786738998137,28.694362498539753,28.891764551223126,8351800
2010-12-15,27.99159812927246,28.694348614862893,27.72313134703529,28.639076307824197,13520200
2010-12-16,28.117937088012695,28.236376462740626,27.58889824212654,27.991599947700557,10177800
2010-12-17,27.67576789855957,28.117949592352282,27.612600806369958,28.11005182325586,18279900
2010-12-20,27.778398513793945,27.8968408710252,27.62047637485702,27.865255840814964,6407700
2010-12-21,27.896848678588867,28.27586011084384,27.675756417353803,27.731028729633792,6873900
2010-12-22,28.299543380737305,28.3232306506164,27.85736193293457,27.960011789268446,5115000
2010-12-23,28.244272232055664,28.50484124773244,28.133727618610074,28.28375202084126,3808500
2010-12-27,28.062667846679688,28.196899755142354,27.991603009224352,28.031082805118352,2810600
2010-12-28,28.204803466796875,28.2442832710127,27.93633658116686,28.038983469704817,3082900
2010-12-29,28.354814529418945,28.44956661718778,28.16530734176671,28.299542227210907,3593700
2010-12-30,28.378494262695312,28.449559062680002,28.204782649932326,28.35480700007167,2865500
2010-12-31,28.512741088867188,28.591700672187695,28.26006680770354,28.457468778119832,2828000
2011-01-03,29.318153381347656,29.357633189021303,28.718049461089734,28.725947229894214,8212400
2011-01-04,29.58660316467285,29.610290433142726,29.08125468988554,29.239173829170696,6724300
2011-01-05,29.681364059448242,29.855078778754063,29.444482268104654,29.610299220833625,7528100
2011-01-06,30.297264099121094,30.320954392037514,29.79981312961731,29.973524875679995,7157300
2011-01-07,30.360441207885742,30.43150607881233,30.044596667741637,30.30516886517804,6437700
2011-01-10,30.360441207885742,30.518363477957795,30.013011611303874,30.43150607881233,5725300
2011-01-11,30.85787010192871,30.87365960513512,30.273559083519494,30.423583460894825,5569100
2011-01-12,30.684171676635742,31.05528845269779,30.64469187350733,30.976325834325067,5872400
2011-01-13,31.26848030090332,31.26848030090332,30.739444307101486,31.007911187989023,8618200
2011-01-14,32.192317962646484,32.29496784425698,31.118450619348636,31.173722937419956,10560400
2011-01-18,32.279170989990234,32.36602833876146,31.9554318795525,32.20810616027878,6738900
2011-01-19,32.026493072509766,32.38971193329426,31.671168964301156,32.27126955985317,9424600
2011-01-20,31.829103469848633,31.979127923895323,31.08686993102136,31.58432387545217,11293100
2011-01-21,31.908058166503906,32.05018784304992,31.686968897261384,32.04229308862642,7384200
2011-01-24,31.43429183959961,31.97912021067937,31.347434487953173,31.90805537861548,7604100
2011-01-25,32.073875427246094,32.373927304189436,31.307957731946434,31.339539762059882,10000100
2011-01-26,31.781726837158203,32.476582826307165,31.671182182271853,32.05019371850331,8937900
2011-01-27,33.39251708984375,33.4951639428212,31.931740742994936,32.326544672611114,13558000
2011-01-28,32.31865692138672,33.51096372181765,32.26338460023456,33.408316846601124,7767400
2011-01-31,32.41340637207031,32.626600884148104,32.144939543392574,32.389719096989005,7320400
2011-02-01,33.218807220458984,33.30566457952502,32.60291396470401,32.65818628190687,9074600
2011-02-02,33.124046325683594,33.368822804943626,32.90295410336908,32.958229418033646,4285800
2011-02-03,33.98472213745117,34.8138097665633,32.29496184273706,32.98981457282473,14831200
2011-02-04,33.550445556640625,34.6637927264866,33.19512135092053,34.071586720991604,8338500
2011-02-07,33.01350402832031,33.36882513751826,32.82399682624859,33.27407304253979,7114100
2011-02-08,33.139835357666016,33.59780624665366,32.681861456564114,32.78451129855493,5618500
2011-02-09,33.218807220458984,33.526753848336476,33.029302993510704,33.13984762791643,5232500
2011-02-10,33.5030632019043,33.62150559091578,33.17932408566999,33.38462081289281,5457200
2011-02-11,33.46357727050781,33.82679611240621,33.19511051516671,33.289862601724,5051100
2011-02-14,33.52674865722656,33.566228447384994,32.86347794137426,33.353036978106495,3752200
2011-02-15,33.187217712402344,33.526749336450294,33.076673092873236,33.25038778762753,4392700
2011-02-16,33.5583381652832,33.60571572705453,33.155639432630544,33.32145638065721,4993700
2011-02-17,33.62940979003906,33.755746968148664,33.28198330326663,33.43200776098556,4823300
2011-02-18,33.8267936706543,34.19001248633412,33.605704480608196,33.708351311921426,6034900
2011-02-22,33.92155456542969,35.00331955410186,33.73994511039566,34.63220287827161,10738900
2011-02-23,33.88207244873047,34.497965602867865,33.605710908313654,33.6215034266396,7102200
2011-02-24,33.75574493408203,34.22950857041584,33.46359079208005,33.81891502538827,6313200
2011-02-25,33.574153900146484,33.96895815154221,33.48729648290064,33.834723139766616,5498700
2011-02-28,33.62151336669922,33.905769744260766,33.439900858315326,33.69257520200278,6644900
2011-03-01,33.51885986328125,33.92155861387596,33.46358754480973,33.60571722434091,5547400
2011-03-02,34.39533233642578,34.57694185072885,33.518866801920844,33.59782641262093,7233800
2011-03-03,35.46833038330078,35.547517229593595,34.63685641408801,35.056552136852126,8739600
2011-03-04,35.199092864990234,35.523763786384755,34.73980067235253,35.34954908975877,5622100
2011-03-07,34.49431228637695,35.45248687246918,34.29634218078183,35.21492334991185,6084100
2011-03-08,34.70811462402344,34.921919644424115,34.145877321301754,34.52597949870147,4696700
2011-03-09,35.230751037597656,35.24658598313332,34.470543758208024,34.771459076700104,4553400
2011-03-10,34.67644500732422,35.072385225208855,34.52598579122621,35.072385225208855,5117600
2011-03-11,34.51806640625,34.8902511571208,34.25674442692779,34.74771244490577,4774800
2011-03-14,34.17755126953125,34.39135929827637,33.93206730598313,34.28841402055833,4516400
2011-03-15,33.88456344604492,34.114209489778275,33.385677942261715,33.52821665762835,4397900
2011-03-16,33.14811706542969,33.80537628686139,32.83136366808488,33.79745881128069,7141200
2011-03-17,33.4727783203125,33.837042508042636,33.18770094877294,33.575723597986986,5850600
2011-03-18,33.73408889770508,33.93205891006434,33.496525487030496,33.551956848828475,7372200
2011-03-21,34.20132064819336,34.39137331367947,33.78162491375836,33.91624618114115,4592100
2011-03-22,33.844974517822266,34.61309656272996,33.78162262668771,34.25674972705915,4505300
2011-03-23,33.85289001464844,33.947914825010315,33.56781256277855,33.765782679823275,3348200
2011-03-24,34.684364318847656,34.79522710239935,34.058778016481035,34.240913184640874,3917900
2011-03-25,34.64476776123047,34.858575833336715,34.525984492021216,34.549742958333475,4190300
2011-03-28,34.73979949951172,34.882338242705366,34.454722013124425,34.77147544706244,3531100
2011-03-29,35.222843170166016,35.222843170166016,34.64477078583365,34.64477078583365,4202900
2011-03-30,35.95136260986328,36.093901288800815,35.302021081718216,35.412883827384455,6533900
2011-03-31,35.792991638183594,36.228525216963014,35.721722287417236,36.14141789705038,5374300
2011-04-01,36.1176643371582,36.22060963158542,35.87218033376527,36.03055701270316,4511600
2011-04-04,36.109737396240234,36.49776003933735,36.0463885484431,36.378976796140606,3499900
2011-04-05,35.70588302612305,35.848421722497484,35.46039904441516,35.523750918707634,4950900
2011-04-06,35.60295486450195,35.84051846579082,35.50001255044066,35.78508705951626,5158600
2011-04-07,35.18324279785156,38.46954732842891,35.17532230302652,35.45248222701296,7706300
2011-04-08,35.14365768432617,35.824675402467264,34.95360503383716,35.3337073140308,4723900
2011-04-11,35.09614181518555,35.230763064460504,34.716039556125345,35.10406231144043,6048700
2011-04-12,35.484169006347656,35.555438377629784,34.866500114974336,34.99320088383316,3959100
2011-04-13,35.10405731201172,35.76923390504618,34.906087224813234,35.539590899691625,4766300
2011-04-14,35.4920768737793,35.61877760833551,34.73978994075887,35.00111190497194,4719700
2011-04-15,35.61878204345703,35.697971900404966,35.2941111819309,35.63462001484662,5783300
2011-04-18,34.48637008666992,35.32576389360675,34.32799349771061,35.26241204971015,6722600
2011-04-19,34.81106185913086,34.818982354815425,34.288420912957704,34.52598443016659,5731300
2011-04-20,35.03279113769531,35.460404269038136,34.985277224975405,35.460404269038136,5168100
2011-04-21,37.85980987548828,38.722959788809234,37.661839739596175,38.08153546103638,18367400
2011-04-25,37.780616760253906,38.12112560637387,37.281734235664985,37.329245130891955,6650100
2011-04-26,37.495521545410156,38.604154894276896,37.16293335321985,38.105269585208575,10500000
2011-04-27,38.176551818847656,38.24782117280378,37.12335250014476,37.63015545237327,10513300
2011-04-28,38.8813362121582,38.8813362121582,38.05778268479187,38.16072498772219,7913500
2011-04-29,38.9842643737793,39.11888558718604,38.540810345969966,38.76253887026635,9542700
2011-05-02,39.49898910522461,39.75239055247551,38.98426571630547,39.118886934348254,9858200
2011-05-03,39.34062576293945,39.601944772284895,39.12681765304706,39.34062576293945,5879100
2011-05-04,39.24560546875,39.41189967758055,38.770475273939255,39.23768497073812,7553000
2011-05-05,39.26142120361328,39.71279266948539,38.817967210483154,39.15055543974336,7393900
2011-05-06,39.68903350830078,39.79197877682628,39.3168518803416,39.64152263112219,6295300
2011-05-09,39.966209411621094,40.31463574073843,39.39605449053423,39.39605449053423,5665200
2011-05-10,39.99787902832031,40.370063795565336,39.74447753340832,40.16417621374338,5635900
2011-05-11,39.60986328125,40.06915240402225,39.21392302816368,39.98996556171874,6196800
2011-05-12,39.657379150390625,39.87910473637766,38.85757810816385,39.60194473310931,5311300
2011-05-13,39.55442428588867,40.75016229126662,39.40396508532919,40.314628700729635,11099500
2011-05-16,39.72862243652344,40.172076371851354,39.103039464821165,39.2455781218629,6018900
2011-05-17,39.58610534667969,40.148339745765284,39.356459289323304,39.48316004152265,7224900
2011-05-18,40.07706069946289,40.140409549862575,39.39604318816128,39.48315050064639,7140400
2011-05-19,40.029541015625,40.21167308780066,39.736546205671374,40.18791764992911,6101100
2011-05-20,39.38813400268555,40.18793190957343,39.380213506729284,39.966206355343935,10827500
2011-05-23,38.9288330078125,39.174316973038216,38.5249754090563,39.15055851138191,6741800
2011-05-24,37.97858428955078,38.944679370416395,37.851883542944144,38.928841399492555,9573100
2011-05-25,37.90731430053711,38.26366108843865,37.6776712779197,37.772696081098765,9448100
2011-05-26,37.77269744873047,37.92315364427688,37.19462509221956,37.74893898148746,11917200
2011-05-27,38.24781036376953,38.25573085685066,37.68557618633039,37.93106011853395,6039500
2011-05-31,38.76253890991211,38.76253890991211,38.28740894660542,38.53289291201971,6412000
2011-06-01,38.287410736083984,38.79421665812159,38.208223915556886,38.56457064949599,6614800
2011-06-02,39.11096954345703,39.1901593899965,38.23198188196341,38.48538334932218,8258700
2011-06-03,38.81145095825195,39.176924459161995,38.50159542789595,38.61282530743022,7949200
2011-06-06,38.25528335571289,38.77965470311373,38.14405049832504,38.68431225392415,5187400
2011-06-07,38.11228561401367,38.80350193530008,38.11228561401367,38.57309548460911,4530900
2011-06-08,38.29501724243164,38.533367362226315,37.79447986931248,38.12022574021532,6564200
2011-06-09,40.201820373535156,40.20976709480422,38.422136688318815,38.57309105378346,11530000
2011-06-10,39.256370544433594,40.011148566749235,39.05774490860246,39.99525815218834,8545400
2011-06-13,39.01802444458008,39.693350464309795,38.98624361215381,39.42321945026051,6362200
2011-06-14,39.40732192993164,39.72512413532885,39.11335685995041,39.24842385801948,6986300
2011-06-15,39.20868682861328,39.685390021442494,38.874997321339976,39.10540371300148,8991300
2011-06-16,39.45498275756836,39.60593709836173,38.6922613028456,39.14512735601134,9101200
2011-06-17,39.69335174560547,40.03498812824833,39.50267280646676,39.804581631900895,9675100
2011-06-20,40.73413848876953,41.03605024996091,39.44704544695427,39.558275298238954,8987600
2011-06-21,41.48890686035156,41.51274095707845,40.73412914588396,41.004260021668614,9781300
2011-06-22,41.13932800292969,41.822600463842114,41.09165980477302,41.29822906861863,6999500
2011-06-23,40.638797760009766,40.757971297983,39.756899637392074,40.527564881467626,9979800
2011-06-24,40.09059143066406,40.82947892455361,39.89991254689101,40.71824907055496,7398600
2011-06-27,40.54346466064453,40.71825619366911,39.820467452388414,39.97936857052105,4544700
2011-06-28,41.131385803222656,41.298230564385356,40.53550905839658,40.789749560392835,5957100
2011-06-29,40.94865417480469,41.21878511039627,40.56729338881412,41.163170185196776,5630100
2011-06-30,40.98044204711914,41.34591248437706,40.85331873246947,41.115506022754474,6394000
2011-07-01,42.21190643310547,42.32313626592544,40.96453811227748,41.18699777791743,8152700
2011-07-05,41.98945617675781,42.19602852529739,41.528646299868754,42.17219441999919,4822300
2011-07-06,42.21190643310547,42.28341175860197,41.751093661953405,41.989443736679874,5319100
2011-07-07,41.814659118652344,42.505875307747054,41.2902876940312,42.33108382261137,7559100
2011-07-08,41.37769317626953,41.568372086040505,40.9486610831049,41.314131519154785,6927300
2011-07-11,40.47195053100586,40.94865378201095,40.31305247812358,40.82153352123348,6037500
2011-07-12,40.845359802246094,41.33795033959301,40.30509803969057,40.31304475928476,6631700
2011-07-13,41.099613189697266,41.81466663858738,40.95660249991924,40.95660249991924,4869400
2011-07-14,41.52864074707031,41.75904717010044,41.147279959358094,41.163170371027704,7167600
2011-07-15,41.290287017822266,41.782877613299625,41.05988061496874,41.687538182416944,7030500
2011-07-18,41.2744140625,41.47303972879616,40.559360451518955,40.996336311213085,7257700
2011-07-19,40.87714767456055,41.12344147035225,39.68539411571497,40.81358602997816,13946300
2011-07-20,40.924808502197266,41.218776509236136,40.495779601725054,41.1234340595441,7748900
2011-07-21,41.433311462402344,42.02918840751386,41.067837966002585,41.25057319880903,7831500
2011-07-22,41.90999221801758,42.00533163605475,41.417401688909145,41.72725707061905,5717300
2011-07-25,41.02015686035156,41.97356027909983,40.916870707034136,41.695482640289214,6533500
2011-07-26,40.7261962890625,41.457140155606,40.646747252405945,41.226733706200925,5670100
2011-07-27,39.637733459472656,40.471960567118025,39.494722751786384,40.177995459445945,10581400
2011-07-28,39.661563873291016,40.43223227840366,39.558280729082156,39.59800524845376,7703600
2011-07-29,39.431156158447266,39.79662654616074,38.2235121100675,39.010067812721005,10759500
2011-08-01,38.15201950073242,40.01115591477251,36.30082678003829,39.94759424485588,23228700
2011-08-02,37.325721740722656,38.485694497209025,37.150930245903645,37.889817707547195,10060500
2011-08-03,37.484622955322266,37.572018703037664,36.523275792025046,37.333668592495904,8304300
2011-08-04,35.808223724365234,37.111207204507075,35.76849920963627,37.01586776300031,10154500
2011-08-05,36.197513580322266,36.72188479892622,35.156714829869614,36.2134039846175,14313700
2011-08-08,33.3134880065918,35.291797411967266,33.16253363201343,34.40195551563575,16743400
2011-08-09,35.5380859375,35.593700853567974,33.21814077927716,33.631282320628955,19959800
2011-08-10,33.24992752075195,35.17262509518434,33.106916832125314,35.01372399328958,12690300
2011-08-11,34.90248489379883,35.291789308080716,32.789108981054525,33.01156864635846,13915800
2011-08-12,35.60166549682617,36.022750939271624,34.79127241512552,34.79127241512552,9500600
2011-08-15,36.49944305419922,36.57094839905008,35.73672139631432,35.90356619070418,8314700
2011-08-16,36.14985656738281,36.45971199589177,35.474530788877935,36.3723162533306,10044500
2011-08-17,36.17367935180664,36.71394101791818,35.85588033283718,36.29285587816079,4924400
2011-08-18,34.870704650878906,35.48247177134169,34.47345351012014,35.2600121023682,9901300
2011-08-19,34.417842864990234,35.148786630723286,34.147711934512856,34.27483219410303,8882900
2011-08-22,34.64823913574219,35.196444526408285,34.393998691017174,35.093158398618385,7162800
2011-08-23,35.64933395385742,35.73672973248233,34.25895428137389,34.79921633943046,9080100
2011-08-24,36.475616455078125,36.5471218146426,35.26797206620418,35.45865403530515,6286100
2011-08-25,35.8241081237793,36.864907207395696,35.61753886338705,36.76162106180672,5878900
2011-08-26,36.324649810791016,36.61067115273205,34.568797246272084,35.23617936720583,6009900
2011-08-29,37.150936126708984,37.20655409087132,36.52328144564138,36.737797487570774,4036700
2011-08-30,37.56406784057617,37.826255054816976,36.706006931067385,36.97613783477651,6002600
2011-08-31,37.75476837158203,38.52543695438957,37.34957030051915,37.929559934063064,6516400
2011-09-01,37.484622955322266,38.4380264282754,37.43695172089948,37.80242512323534,6493800
2011-09-02,36.458553314208984,37.27972684984136,36.42666231211037,36.5063898173569,5102800
2011-09-06,36.4426155090332,36.522343031116414,35.15106006422517,35.57360528673719,6797700
2011-09-07,37.638484954833984,37.82982788513026,36.82528282333705,37.04851674889815,6823700
2011-09-08,37.63052749633789,38.26833242855505,37.19203679551946,37.271761271561424,7435200
2011-09-09,36.2911262512207,37.423229333546296,36.09978330029466,37.15216192715533,9076000
2011-09-12,36.8810920715332,36.93690283620395,35.43008518112159,35.46995044749967,8216100
2011-09-13,38.260353088378906,38.4437217774464,36.92893272335049,36.97676922361325,11932000
2011-09-14,38.81045913696289,39.400427433454745,37.47106754317982,38.51547498871697,10108400
2011-09-15,40.29336166381836,40.45281364102802,38.74668143856619,39.1532841325155,11325800
2011-09-16,40.468753814697266,40.803603252044574,39.33665061894143,40.71590451747044,11790300
2011-09-19,39.82297897338867,40.00634767798261,39.37651405701207,39.5917737644815,8956300
2011-09-20,39.72731018066406,40.85144221426797,39.336652987122385,39.89473338877042,8440000
2011-09-21,38.27629470825195,40.18971209872066,38.25237797929135,39.79905495836994,7002700
2011-09-22,37.54281234741211,38.00521958078268,36.93689868682145,37.27174498947333,10065200
2011-09-23,37.94942092895508,38.172654892007834,37.05649420062371,37.3116161230041,7130000
2011-09-26,38.91410827636719,38.93802500885792,37.933482707430855,38.37197337042446,7147400
2011-09-27,39.424346923828125,40.17376717449617,38.9539653193415,39.55190788226722,8030600
2011-09-28,37.98130798339844,39.48015140262648,37.917529030076444,39.2808372313943,7338900
2011-09-29,37.136234283447266,38.85830936357807,36.50640049362543,38.547376564124605,9154500
2011-09-30,36.76948165893555,37.65443716693562,36.36288204132934,36.73759369927722,10485400
2011-10-03,34.21827697753906,36.84922812546983,34.178414726481435,36.49046178336156,12717100
2011-10-04,34.10663986206055,34.154476357816975,32.9426458369568,33.5724793452651,13800000
2011-10-05,35.438072204589844,35.62144093900817,34.15448802236767,34.712568498285215,8455800
2011-10-06,35.828712463378906,35.99613866989337,35.06334681554296,35.57359058076692,5804800
2011-10-07,35.788856506347656,36.235321399744194,35.4380646166532,35.87655523909459,5962900
2011-10-10,37.08839416503906,37.08839416503906,36.28316293186104,36.29113720459014,4752100
2011-10-11,37.18405532836914,37.327561790512554,36.58611274986931,36.97676990599155,4639600
2011-10-12,36.97676086425781,37.989277081220756,36.96878659537018,37.63848224118455,7267400
2011-10-13,37.09635543823242,37.16810866706296,36.41071414969464,36.689755835721456,5034600
2011-10-14,37.64646911621094,37.75011031611515,37.096359947871456,37.64646911621094,6074100
2011-10-17,37.152164459228516,37.95739550425194,37.040548997453364,37.367424153206265,5944600
2011-10-18,36.14761734008789,36.59408216769094,34.1704211743478,35.270636224441816,23926900
2011-10-19,37.03256607055664,37.80590282913945,36.04396664469698,36.195447330367024,12250600
2011-10-20,37.37541580200195,37.463114574542296,36.62599213941696,37.215963764773576,7985300
2011-10-21,38.20455551147461,38.66696604982988,37.71823127666905,37.8139012689413,9218800
2011-10-24,39.08949279785156,39.256919006683056,38.26831941691071,38.43574258444943,7146200
2011-10-25,38.874237060546875,39.3047564273585,38.00522709774256,38.00522709774256,7477100
2011-10-26,38.874237060546875,39.448262882962375,38.3719675072264,39.408400654470874,10387600
2011-10-27,39.20909118652344,39.86284154455059,38.91410701065593,39.799059538258454,10025800
2011-10-28,38.94599533081055,39.34462374992342,38.41980593923329,39.201117275739314,6377300
2011-10-31,38.260353088378906,39.02571884482406,38.23643331760094,38.57128273685393,6164900
2011-11-01,36.84919357299805,37.550777049382305,36.63393396957608,37.319574993521925,11125900
2011-11-02,36.9608268737793,37.471070754898626,36.7296216647429,37.471070754898626,7858100
2011-11-03,36.81731414794922,37.37539443860823,36.51435575451268,37.31161244365616,6721300
2011-11-04,36.33896255493164,36.75353337068369,35.94033419715289,36.729616642430734,8010400
2011-11-07,36.012088775634766,36.46652795693682,35.71710460645043,36.2353227513062,7919000
2011-11-08,36.79340744018555,36.8890774173739,35.9403427937962,36.10776601419925,7086400
2011-11-09,36.30707931518555,36.75354122487868,35.98020411360579,36.05195735499128,6423200
2011-11-10,36.7774658203125,36.91299804886524,36.227356550484394,36.7216580742856,5479700
2011-11-11,37.574710845947266,37.87766621611156,37.064467021151515,37.16810820717415,5104500
2011-11-14,37.42322540283203,37.71821254791318,37.199994517942685,37.41525417464,4734200
2011-11-15,37.112308502197266,37.44715798541849,36.79340756340354,37.3116227294285,4911600
2011-11-16,35.804805755615234,36.905021083032004,35.74899801825943,36.66584463132234,8053800
2011-11-17,35.49386978149414,36.0918123255733,35.11915814732409,35.86858141566419,8147900
2011-11-18,35.51778793334961,35.669268663680846,35.19091278447251,35.56562443365839,5972300
2011-11-21,35.43008804321289,35.677238724775165,34.87201076435142,34.87201076435142,6656300
2011-11-22,35.41414260864258,35.868581744295966,35.063350741100976,35.34239242233702,4758800
2011-11-23,34.72850799560547,35.15902436481017,34.61688948669258,35.04740889719068,5515800
2011-11-25,34.816192626953125,35.26265739684916,34.656743747476085,34.72052269100841,2985100
2011-11-28,35.90048599243164,36.2672265672886,35.39024193855433,35.44604969186626,8826400
2011-11-29,36.57814407348633,36.82529174342288,35.948310450260294,36.12370792541019,6457300
2011-11-30,38.88222122192383,38.96991997168989,37.46310484583698,37.75808906126421,11702500
2011-12-01,38.682899475097656,39.11341886781671,38.58722951270229,38.738707206602726,7021500
2011-12-02,38.451690673828125,39.06557870413396,38.29223872392,38.65897912109658,7639100
2011-12-05,38.61408996582031,39.59804091944398,38.32610372542181,39.07006716258233,8135400
2011-12-06,38.63009262084961,38.94207672229016,38.46210165109041,38.68608961076934,8306100
2011-12-07,39.47005844116211,39.758044762311016,38.25411789164878,38.39011278846141,10200500
2011-12-08,38.52609634399414,39.63804091570008,38.38210321440273,39.3820538078947,8641800
2011-12-09,39.126068115234375,39.262062987703715,38.49409858490415,38.56609515230389,5713500
2011-12-12,38.55809783935547,39.19806564777318,38.3501063943652,38.9660763635945,4947700
2011-12-13,38.34210968017578,39.438054787073206,38.158119118551205,38.75008822088987,5267700
2011-12-14,38.20611572265625,38.638095165580054,38.102123045054434,38.28611361112774,7513500
2011-12-15,38.81407928466797,39.0380672219455,38.30210511282975,38.30210511282975,9354200
2011-12-16,39.19805908203125,39.59803927674586,38.96606983671117,39.21405865601264,10214200
2011-12-19,39.174072265625,39.646049150208704,39.07007653129772,39.13407179361696,5877400
2011-12-20,39.85402297973633,39.95001736388274,39.48604196416969,39.53403763043967,6053300
2011-12-21,39.990028381347656,39.99802664396926,39.638043793852084,39.862034818151244,6695000
2011-12-22,40.58198165893555,40.74197431351116,39.878015809766495,39.91001495100283,4627100
2011-12-23,41.07796096801758,41.19795623594932,40.549987282009475,40.75797867287697,3898000
2011-12-27,41.07796096801758,41.36594716976862,40.86997262875651,41.07796096801758,2999300
2011-12-28,40.56598663330078,41.1979560112965,40.525989228077115,41.07796074401909,2959600
2011-12-29,40.941986083984375,41.25397024749627,40.70999676438559,40.74199592259391,3774000
2011-12-30,40.541996002197266,40.94197622869755,40.541996002197266,40.84598182878743,2205400
2012-01-03,41.18996810913086,41.35795908427959,40.8859822600947,40.989977981113654,6021000
2012-01-04,41.78993225097656,41.797930512195386,40.997970119617484,41.0059683808363,5406400
2012-01-05,42.069923400878906,42.18191738417593,41.4379538647232,41.509950432786596,6330100
2012-01-06,42.22190475463867,42.733878871685505,41.98191726872378,42.19790692152912,5321700
2012-01-09,42.173927307128906,42.37391747371945,41.97393714053836,42.101930725092,5079300
2012-01-10,42.09390640258789,42.429891285659394,41.89391634530436,42.36589300255774,7063200
2012-01-11,42.40589141845703,42.49388753402449,41.645931623878816,41.98991477476642,4281600
2012-01-12,42.293907165527344,42.58989472238529,42.021920496710806,42.57389514755997,4550300
2012-01-13,42.15791320800781,42.229909765248394,41.54194334086209,42.14991189519957,4995700
2012-01-17,42.85387420654297,42.90987118495593,42.29390137080689,42.43789447289922,6495700
2012-01-18,43.14986801147461,43.341859873025136,42.34190925404911,42.67789119725364,8389800
2012-01-19,41.853919982910156,42.41389276752281,41.13395453817872,41.84592172312699,18656600
2012-01-20,41.813926696777344,42.00591546653355,41.285953002538065,41.86992367559011,8873800
2012-01-23,41.94192886352539,42.43790351439728,41.56594645555743,41.757938316453675,7535900
2012-01-24,41.06196594238281,42.01391765363025,40.98196807697975,41.813927567532396,10397800
2012-01-25,41.25395202636719,41.317950314516935,39.854021514958085,40.50199045024572,13121500
2012-01-26,40.27802276611328,41.37397119687303,39.91804286789549,41.285975025625795,13576200
2012-01-27,40.81398010253906,40.98997236760666,40.254007210456784,40.27000678469991,7027300
2012-01-30,40.853981018066406,40.9339758445397,40.054020546905356,40.65399090027614,4852400
2012-01-31,41.429954528808594,42.30191158537956,41.10197084981991,41.11797042582022,8843000
2012-02-01,42.60588455200195,42.88587249004705,41.69393029148,41.7259294361034,7480600
2012-02-02,42.02991485595703,42.5978859360522,41.605933822252354,42.5978859360522,5319200
2012-02-03,41.04596710205078,42.21390849332666,40.59798820261596,42.1899106590806,9676900
2012-02-06,41.02998352050781,41.11797968251615,40.54200702326725,40.78199461408503,8577100
2012-02-07,41.62193298339844,41.701930843499106,40.72597831151529,40.86997140809016,5243300
2012-02-08,41.709930419921875,41.893920926549995,41.31795157368132,41.597936463853145,6022000
2012-02-09,42.445892333984375,42.82187157967318,41.757926024723815,41.765924284586895,9613500
2012-02-10,42.653892517089844,42.79788564750909,41.84593377561033,42.05392215754532,6574700
2012-02-13,43.07786560058594,43.38985271472998,42.701886293951894,42.797880685900296,5703700
2012-02-14,43.56584167480469,43.58984256135915,42.85387742302505,43.11786581387728,5982000
2012-02-15,43.693851470947266,43.869843796996506,43.37386903003061,43.62185488770965,7009300
2012-02-16,43.82982635498047,43.909821165771724,43.40584531328881,43.69383151470762,6907700
2012-02-17,43.74183654785156,43.87782835615329,43.62984257593087,43.845832258180856,6387400
2012-02-21,44.253807067871094,44.42179801183258,43.90182560648418,43.989821734732566,7502200
2012-02-22,44.14181900024414,44.50980008423782,43.74183876504918,44.045824598247314,6760100
2012-02-23,43.94981002807617,44.285794881623886,43.725822160114916,44.117803980652944,7195800
2012-02-24,44.517791748046875,44.589788296840084,43.99781633436187,44.08581245528761,5004500
2012-02-27,44.5817985534668,44.92578181456027,44.21381745375053,44.26981444494183,5355900
2012-02-28,44.6697883605957,44.75778449187281,44.19781160778764,44.50179741085217,4538200
2012-02-29,44.5977897644043,44.87777466784313,44.44579839562415,44.789781592195624,5582600
2012-03-01,44.92112731933594,45.00937843407391,44.600203602006495,44.728572476827196,4258200
2012-03-02,44.80076599121094,44.969249512273244,44.423681201691494,44.89704185173877,4408900
2012-03-05,44.15892791748047,44.993326985412345,44.15892791748047,44.6403103471424,4739900
2012-03-06,43.69358825683594,44.455779642758884,43.420804067996826,43.89416477626015,4445700
2012-03-07,43.637420654296875,43.91020480299144,43.51707659668578,43.61335245488553,4474900
2012-03-08,44.61624526977539,44.95321238203672,43.97440096507164,44.022537375077505,4883600
2012-03-09,44.75263977050781,45.01740229098101,44.52799500929807,44.728571563394006,4743200
2012-03-12,44.142887115478516,44.832870931293535,44.08672592680104,44.76868496677342,4567000
2012-03-13,44.391597747802734,44.43171244048006,43.88614405051475,44.22311114167016,6497400
2012-03-14,44.75263977050781,44.82484745240456,44.15893488429482,44.25521077330538,6684000
2012-03-15,44.69647216796875,45.129718197195,44.560081599816904,44.848912285967735,4598700
2012-03-16,44.600189208984375,44.78471921570434,44.44775217575164,44.59216749588977,8510100
2012-03-19,45.033443450927734,45.20192700188775,44.768680961800584,45.17785879762346,5347700
2012-03-20,43.95033645629883,44.95321929300192,43.91022175494181,44.87298989028789,5378100
2012-03-21,43.30046844482422,44.118821171082075,43.292443668570144,44.118821171082075,6252500
2012-03-22,43.2282600402832,43.49301950169899,42.843153421506834,43.01965870893224,7550900
2012-03-23,43.05173873901367,43.31650118132381,42.93941639156856,43.220222260181345,6471200
2012-03-26,44.20707321166992,44.20707321166992,43.212215174210634,43.23628338236604,5098400
2012-03-27,44.47182846069336,44.58415082776478,43.468945811048556,44.32741311430011,7455900
2012-03-28,44.479854583740234,44.89705417460861,44.03056507092449,44.43973988588958,5435300
2012-03-29,46.62202072143555,46.79050431401741,44.11080108414322,44.12684757780183,17258500
2012-03-30,47.287933349609375,47.68106479264328,46.32516821505953,46.5096983012001,10802600
2012-04-02,47.43233108520508,47.55267821252779,46.622003350969834,47.287915756639656,9105900
2012-04-03,47.656982421875,47.82546596430324,47.11141404210798,47.352105254227595,7948100
2012-04-04,47.384212493896484,47.56071780361363,47.07131045735209,47.464441901899214,4791300
2012-04-05,47.34408950805664,47.48850487497947,47.01514407463362,47.191652425440495,4826800
2012-04-09,46.64609146118164,47.2317747389809,46.54179077702246,46.950968736116835,4755600
2012-04-10,46.18074035644531,46.79851642256661,45.907956159204154,46.50166096107586,5841700
2012-04-11,46.549800872802734,46.967000417299225,46.4134072426044,46.597940341205955,6496000
2012-04-12,46.902809143066406,47.031177983702996,46.30910440283014,46.55781731000158,4303200
2012-04-13,46.573890686035156,46.9750439271906,46.32517763527485,46.846675012443114,5655400
2012-04-16,46.020294189453125,46.814575787305515,46.020294189453125,46.814575787305515,6628000
2012-04-17,46.61399459838867,46.854688935762326,45.972150173355416,46.220866227048894,5896300
2012-04-18,45.98820114135742,46.293078420622166,45.819717537246355,46.293078420622166,6551300
2012-04-19,47.1033821105957,47.6168574345824,45.72341794252004,45.95608434457039,10754500
2012-04-20,47.74524688720703,47.90570876039647,47.279910821568876,47.46444090454225,8378800
2012-04-23,47.48849868774414,47.600824116703535,47.25583223628718,47.368154604691576,4471400
2012-04-24,47.111412048339844,47.496518583544365,46.91083553663616,47.35210325027333,5030600
2012-04-25,47.23176574707031,47.73721951655401,47.071303892886796,47.16758284173009,6091300
2012-04-26,46.830604553222656,47.07129576264765,45.306224853161176,45.68330662572358,9384700
2012-04-27,46.4615478515625,47.12746340832373,46.204810134886,47.02316275450046,7509600
2012-04-30,45.04949951171875,46.11656528839315,44.51195270468891,45.69134393308932,9874300
2012-05-01,45.835750579833984,46.044348829338,45.049490930849565,45.14576681057795,4887100
2012-05-02,45.45867156982422,46.06842296737516,45.3864638855894,45.54692574617294,5175400
2012-05-03,44.70450973510742,45.34635418768729,44.439747176855604,45.34635418768729,7296800
2012-05-04,43.90219497680664,44.7125228687845,43.85405550439556,44.6483399661249,5787500
2012-05-07,44.32741165161133,44.47182699323925,43.53312727265777,43.60533494347173,4076600
2012-05-08,44.78473663330078,44.90508380040589,44.05463803556693,44.31940057897593,4702900
2012-05-09,44.3033332824707,44.8970379413291,44.00647789248735,44.423677332510245,6635800
2012-05-10,44.35950469970703,44.81681892873041,44.150903401225044,44.57612771248993,4030800
2012-05-11,44.28730392456055,44.64031755930914,44.142888560219006,44.28730392456055,3937800
2012-05-14,44.255210876464844,44.58415630352674,43.78185008527281,43.98242663983629,4634300
2012-05-15,44.07869338989258,44.68844770325145,43.9342780557052,44.14287934311128,5514500
2012-05-16,44.046607971191406,44.359506873694194,43.998468501362126,44.158930340238044,4036200
2012-05-17,44.03056335449219,44.49589934041917,43.91021620507642,44.18300042460436,5465300
2012-05-18,43.31650924682617,44.39962129664095,43.14802263373199,44.0385829265177,6420400
2012-05-21,44.568115234375,44.60822993805727,43.38872703122642,43.396748747740595,4825900
2012-05-22,44.70450973510742,45.434608373771226,44.52800136293954,44.73659966231959,5832200
2012-05-23,44.415672302246094,44.83287189896594,43.88615032574692,44.487879983612125,4671800
2012-05-24,45.10565185546875,45.52285141262449,44.13485910682029,44.15090559677493,7192400
2012-05-25,45.025428771972656,45.37844550330006,44.824852196647775,45.0655434749265,4306500
2012-05-29,45.04949951171875,45.129728916681714,44.527999197792624,44.993338316133546,5005900
2012-05-30,45.0655403137207,45.30623463567113,44.75264136785168,44.929149721133875,4398100
2012-05-31,44.744625091552734,45.19391774518356,44.49590902356062,45.09763878047679,6343300
2012-06-01,44.15892791748047,44.8489116444028,44.07869547216692,44.303343258490024,5703900
2012-06-04,44.05464553833008,44.40765926244011,43.878137145997,43.9423231288658,5508000
2012-06-05,44.961246490478516,45.08961537806612,43.90220240274182,43.9984783032936,6112200
2012-06-06,46.293060302734375,46.293060302734375,45.33029241802814,45.41854657437146,6776600
2012-06-07,46.09249496459961,46.84666174254444,46.05238026395832,46.3733009296441,7249100
2012-06-08,46.533756256103516,46.84665516192989,45.60308125340365,45.60308125340365,6406900
2012-06-11,46.10051345825195,46.838636752792596,46.05237704506915,46.71026788337969,6236300
2012-06-12,46.4053840637207,46.63805356282814,45.731446830117825,46.10853166932266,6023900
2012-06-13,46.71381759643555,47.13255931746432,46.359499096427314,46.48029109990671,6373600
2012-06-14,47.71234130859375,47.81702747454136,46.617171463851314,46.84264652416865,6649800
2012-06-15,47.43049621582031,48.19550174198901,47.116437726369355,48.066658414983706,9021000
2012-06-18,47.84922790527344,47.88949393511605,46.85069303125909,47.34190910541781,9718000
2012-06-19,48.525665283203125,48.92024971897784,47.80897405042387,47.97808342110868,8602400
2012-06-20,47.99419403076172,48.501516082386246,47.75261312537267,48.27604098027218,4344500
2012-06-21,46.97955322265625,48.34851578885753,46.923184446859835,48.17940946146829,5320500
2012-06-22,47.5673828125,47.937806930623495,47.035903795059035,47.10837834615856,7494300
2012-06-25,46.45613479614258,47.59156805204824,46.42392625476888,47.18088073474981,6884400
2012-06-26,47.34996795654297,47.63986621480244,46.08569183058591,46.43195885329947,7458200
2012-06-27,47.74456024169922,48.79946421179476,47.3660815564399,47.913666562908276,7088700
2012-06-28,47.99419403076172,48.718939818796756,44.563737801754264,47.40634603463014,25319900
2012-06-29,47.1084098815918,48.799479776798876,46.60108768428218,48.59011041783627,11121700
2012-07-02,45.30458068847656,47.76066162485964,45.06299981312326,47.422445941871025,12997500
2012-07-03,44.19331359863281,45.683065076996506,44.08057604743139,45.409272564706825,8460200
2012-07-05,44.942203521728516,45.224047317987086,44.17719498234054,44.19330078096488,6937800
2012-07-06,44.95026779174805,45.04689953937316,44.410737206317656,44.5234747571916,4458600
2012-07-09,45.16769027709961,45.62669490544375,44.716737014223,45.328745233260385,4241500
2012-07-10,44.853641510009766,45.44954094349372,44.4832172057502,45.312646206998416,5662700
2012-07-11,45.1274299621582,45.32874790124149,44.853637442130214,44.910006219324096,5316400
2012-07-12,43.94366455078125,45.01467709691721,43.83897839794184,44.99857129864446,6079200
2012-07-13,44.45100402832031,44.73284792991511,43.94368193358154,43.97589354286898,5053000
2012-07-16,44.41877746582031,44.51540918928424,44.06445909854117,44.43488326504215,3170100
2012-07-17,45.01470184326172,45.25628280642564,44.20137547863856,44.45906224892923,6180000
2012-07-18,45.37705993652344,45.48174611965415,44.185258166290424,44.72479181300918,5090200
2012-07-19,44.281890869140625,46.383647365708036,43.186720896939384,46.21454105078899,16696600
2012-07-20,44.620113372802734,44.95832914935104,44.17721446682588,44.185265833755636,8367300
2012-07-23,43.89536666870117,44.338268638417006,43.46052220950389,43.782629102543794,6037000
2012-07-24,44.20940399169922,44.370455824781196,43.73429371162706,44.000031693705765,7561100
2012-07-25,42.260650634765625,42.647180610684764,41.07690047160458,41.47148488328066,19603900
2012-07-26,41.882171630859375,42.961235622154064,40.98026836215352,42.77602353575081,10510600
2012-07-27,42.95319747924805,43.090092209299236,41.624497794595,41.721132621315,8569900
2012-07-30,42.88876724243164,43.25114010365691,42.59081758847646,42.937084647884205,4405400
2012-07-31,41.14132308959961,42.832392094364636,41.13327172582347,42.47002235896294,9879500
2012-08-01,41.23796081542969,41.80970295461969,40.867536590478494,41.23796081542969,7617600
2012-08-02,41.14938735961914,41.680866619686135,40.5212763445949,40.867543461048804,7320500
2012-08-03,41.56007766723633,42.07545112250108,40.76285724171434,41.374865523742315,6408000
2012-08-06,41.06886291503906,41.9385579571484,41.04470574338099,41.7613971733406,4982600
2012-08-07,42.308963775634766,42.502227208210265,41.23795124592256,41.374848993208175,6590800
2012-08-08,42.461978912353516,42.59887670691366,41.80165632460396,42.1157118148912,5718000
2012-08-09,41.89024353027344,42.51030324596551,41.62450233560465,42.33314244951965,4890700
2012-08-10,41.79359817504883,41.96270447746776,41.63254323718285,41.7452807721288,5381700
2012-08-13,41.79359817504883,41.8741241080481,41.39901373087055,41.584225834262824,4259900
2012-08-14,41.84996795654297,42.091548833261704,41.72112461750181,42.02712562780737,3460200
2012-08-15,42.534454345703125,42.606928927366766,41.7211312153605,41.79360579702414,4647300
2012-08-16,42.99345397949219,43.10619152181878,42.50223776918264,42.550555175265885,5598900
2012-08-17,42.784080505371094,43.19476766530747,42.58276260754854,43.19476766530747,4653600
2012-08-20,42.840450286865234,43.178662888730656,42.47807744781842,42.655238185100735,4930500
2012-08-21,43.01761245727539,43.404145573983065,42.88071774367005,43.03371825979386,5323300
2012-08-22,43.46052169799805,43.5652048242731,42.961250951079656,43.02567417205039,5367100
2012-08-23,43.42025375366211,43.76652087159457,43.29141038921292,43.47662560548498,4450300
2012-08-24,43.61351776123047,43.75041555580079,43.33167387809735,43.379988216995635,4143200
2012-08-27,43.97587966918945,44.281883717144574,43.38803180855671,43.58129525957361,4773600
2012-08-28,43.75040817260742,44.128883741534594,43.65377336738279,43.80677693972141,4611700
2012-08-29,44.00005340576172,44.2657945908386,43.78262963757199,43.91147301073609,4611900
2012-08-30,44.04029846191406,44.22551054347452,43.70208589694289,43.855086380353605,5188200
2012-08-31,43.72624206542969,44.314089894895076,43.653767507174116,44.1610894149631,5070900
2012-09-04,43.935630798339844,44.032262554842426,43.48467748154756,43.806787432380354,4233900
2012-09-05,43.71013641357422,44.23356412183045,43.62961049162726,44.08056364138443,4166100
2012-09-06,44.20136642456055,44.28189544369893,43.88731092959079,43.92757390322599,3741600
2012-09-07,44.19331359863281,44.49931464564584,44.04836444084017,44.26578817752914,3732700
2012-09-10,43.27530288696289,44.297995251636685,43.11424793118502,44.297995251636685,5447700
2012-09-11,42.51834487915039,43.42830275457037,42.42976450120671,43.25114199868301,6575400
2012-09-12,42.706722259521484,43.11098884894089,42.59352810797354,42.59352810797354,4834000
2012-09-13,43.57185745239258,43.63654159449919,42.512680842028885,42.56119086429919,6316500
2012-09-14,43.86293029785156,44.687634610896076,43.47483469482645,44.226770889534386,15735800
2012-09-17,44.04889678955078,44.1782620029175,43.668885125900445,44.13783595204852,5481600
2012-09-18,44.5744514465332,44.81701087274889,43.90336718021567,43.92762528185455,6600300
2012-09-19,44.428916931152344,44.72807346583997,44.25103857221402,44.5178561106215,6195400
2012-09-20,44.42082214355469,44.44508024193424,43.99230044533968,44.218688801481946,5776100
2012-09-21,45.42340087890625,45.455742951025364,44.396563221447586,44.542099461673835,26628600
2012-09-24,45.261695861816406,45.79532774117849,45.15658566433769,45.34255104615,6443800
2012-09-25,45.43956756591797,45.6821269149763,45.14849511332418,45.45573860042978,6343300
2012-09-26,45.0999870300293,45.88426532745122,45.07573201771639,45.55276679383233,5562000
2012-09-27,45.471920013427734,45.633624226834264,45.035311234885704,45.512346066779365,4245400
2012-09-28,44.80083084106445,45.26169458366687,44.614868548813455,45.23743957120669,5838100
2012-10-01,45.64979553222656,45.73065072371325,44.88977523811289,45.051482536776064,4424400
2012-10-02,45.92470169067383,45.997469828265935,45.528522007136075,45.64980018024926,3828700
2012-10-03,45.97322082519531,46.207696308591984,45.787258467977196,46.070243993241526,4662900
2012-10-04,46.87067794799805,47.01621419358678,46.094483610088176,46.20768086667598,6897300
2012-10-05,46.19150924682617,47.01621359998,45.957033844748054,46.975784466697,6078300
2012-10-08,46.57149124145508,47.129380885687816,46.34510302890155,46.56340726999591,6050700
2012-10-09,46.4664192199707,46.76557573841019,46.16725961722081,46.57152634971595,5093300
2012-10-10,46.175331115722656,46.70087584024564,46.029794894332454,46.42597443143184,4141500
2012-10-11,46.62003707885742,47.04047482922369,46.35322265292532,46.523013931637585,5035900
2012-10-12,46.143001556396484,46.692804523066584,46.02172031092418,46.692804523066584,4283900
2012-10-15,46.48258972167969,46.72514914150878,46.021722814400945,46.19960116162045,4193300
2012-10-16,45.98937225341797,46.773647410801175,45.4880794163001,46.24001558766731,7531600
2012-10-17,45.26978302001953,46.65237428985121,44.99488156131236,46.55535115275159,6255200
2012-10-18,45.285953521728516,45.62553914715709,45.083820175545576,45.11616225116927,5384500
2012-10-19,45.00297164916992,45.35064127899403,44.76849620871918,45.28595712260335,5704800
2012-10-22,45.714481353759766,45.78724948659835,44.83317978240818,44.889776876359264,5723600
2012-10-23,45.42340087890625,45.536595047013385,44.75231676182856,45.34254878291822,5557400
2012-10-24,45.21318054199219,45.8195805154694,45.0919023978826,45.63361822705356,4545000
2012-10-25,45.44764709472656,45.86000072366234,45.11614863043955,45.229342776638646,4701900
2012-10-26,45.0999870300293,45.488082648584836,44.74423348409751,45.39105951502341,3346700
2012-10-31,45.27788543701172,45.40725070060216,44.88170258234095,45.39107965711446,4157700
2012-11-01,46.045982360839844,46.1591765546927,45.16468074315775,45.16468074315775,4833700
2012-11-02,45.318302154541016,46.280458995546496,45.26979211839656,46.10258063818873,4948200
2012-11-05,44.695716857910156,45.60127631425479,44.33187936460889,45.48807906897954,6149600
2012-11-06,45.59319305419922,45.67404823613409,44.1863468159405,44.695720582735994,4880800
2012-11-07,43.87102127075195,44.792751944796734,43.167598070845564,44.77658090655277,13812600
2012-11-08,43.20802307128906,44.453165226937536,43.1918520334392,43.94378832975223,8846100
2012-11-09,42.771419525146484,43.660805061187304,42.56119910689739,43.143344161359174,8585800
2012-11-12,42.20545196533203,43.2646289428386,42.08417069899719,42.88462027132351,5944000
2012-11-13,42.19734191894531,42.83608381635795,42.043721738329594,42.07606380297786,5669900
2012-11-14,41.43734359741211,42.39141341381445,41.31606233364664,42.35907133223557,5792500
2012-11-15,41.43734359741211,41.8173553451873,41.30797835540725,41.45351463820155,6668600
2012-11-16,41.9628791809082,42.197351492029014,41.348392150421915,41.43733130622728,6388000
2012-11-19,42.779502868652344,42.779502868652344,41.922456338313026,42.22969989965131,5868900
2012-11-20,42.9654655456543,42.997807622764284,42.57736987326514,42.787587205859595,4737800
2012-11-21,43.280784606933594,43.41823686556565,42.70672673009938,43.01397023382726,5097000
2012-11-23,43.59611511230469,43.60420217271419,43.25653259854187,43.39398178240496,1709300
2012-11-26,43.280784606933594,43.34546874848036,42.65821362393931,42.84417898873144,5692900
2012-11-27,42.52076721191406,43.523349880852784,42.48842513903963,42.95737594278946,7859400
2012-11-28,42.650123596191406,43.0463061961715,42.23777304742853,42.26202805491188,5744200
2012-11-29,43.95186996459961,44.13783225044924,42.85226420104549,43.062481498520384,10911600
2012-11-30,43.97612762451172,44.37231031600449,43.717397203895594,43.806336364290495,7818600
2012-12-03,43.57185745239258,44.42890382944724,43.52334743012228,44.113576347451655,3861300
2012-12-04,43.28886795043945,43.854841803146364,43.27269691644104,43.628450411477985,5948900
2012-12-05,43.53144454956055,43.84677212676575,43.345482211319286,43.4425053694646,4495100
2012-12-06,43.37782287597656,43.57995624802806,43.07866326463679,43.57995624802806,3771900
2012-12-07,43.729305267333984,43.75366005882452,43.33966266613079,43.67248258152961,4206200
2012-12-10,43.98905944824219,44.102707896940835,43.623771701251975,43.729297758709606,4113500
2012-12-11,44.45176315307617,44.630350487916125,43.89977184799631,44.037768900115324,4970400
2012-12-12,44.849517822265625,45.31221848238698,44.56540446836771,44.646578827594745,7054000
2012-12-13,44.14329528808594,44.96316754391884,44.086472611770965,44.82517050046923,4911800
2012-12-14,43.87543487548828,44.26507759432136,43.76990567144857,43.97284478104528,3468700
2012-12-17,44.12705612182617,44.28128864518381,43.81858797850754,43.89976543548789,6336900
2012-12-18,44.60599899291992,44.92258338127957,44.216356430584675,44.33811798947479,4637800
2012-12-19,44.232601165771484,44.74400539384257,44.18389467407709,44.74400539384257,5537600
2012-12-20,45.01999282836914,45.06058001428779,44.20012052503871,44.224472217269145,5025900
2012-12-21,44.67094421386719,45.06870612789664,44.183891715949414,44.95506075148944,9440100
2012-12-24,44.52483367919922,44.687185565312646,44.2650719000596,44.48424648182203,1713900
2012-12-26,44.013431549072266,44.52483583467062,43.932254053783375,44.484248635328576,3232400
2012-12-27,44.1920051574707,44.31376982265232,43.79424636487167,43.93224342858037,3245700
2012-12-28,43.72119140625,44.354360279993486,43.67248491726808,43.90789496910759,3137400
2012-12-31,44.02964782714844,44.04588022251521,43.420830812980256,43.53447616016843,4948700
2013-01-02,44.273197174072266,44.64660439491726,43.84296415330252,44.54919448874141,5358100
2013-01-03,42.20320510864258,43.44519107159712,42.089556642435355,43.38024909090728,14413200
2013-01-04,42.28438186645508,42.803905354781435,42.26003017062861,42.37367554662447,10458000
2013-01-07,42.28438186645508,42.47920472287959,41.846032761953126,42.11391380246129,7804500
2013-01-08,41.724273681640625,42.40614907500128,41.69180268752716,42.21132620692491,8196200
2013-01-09,42.511661529541016,42.6171906782695,41.805434665350084,41.87849283037697,5154300
2013-01-10,43.11237335205078,43.17731223943525,42.47920449118211,42.63343705824893,6506500
2013-01-11,42.876956939697266,43.34777696390704,42.47919818493058,43.34777696390704,10182500
2013-01-14,43.3153076171875,44.175767133656265,42.69837122393424,42.91754575075285,7119900
2013-01-15,43.52635955810547,43.71306308240609,43.19353969363852,43.201658988427575,5802900
2013-01-16,43.558837890625,43.67248326400971,43.29907615243018,43.5426023949123,6474500
2013-01-17,44.1595344543457,44.265060521078446,43.161071695229225,43.6400079330137,14438900
2013-01-18,44.289424896240234,44.346247589580464,44.01342763004289,44.15954401194764,7023900
2013-01-22,45.474578857421875,45.53140153889756,44.28941564863767,44.362473824335545,9330000
2013-01-23,45.385292053222656,45.66128930354381,45.011884919436504,45.54764392340057,6665700
2013-01-24,45.636924743652344,45.81550896356856,45.37716306322558,45.482689116984055,4221700
2013-01-25,45.490821838378906,45.76681909237096,45.23106008128103,45.75058359547679,5604700
2013-01-28,45.30410385131836,45.88856607048576,45.29598455715298,45.79927241428706,5736900
2013-01-29,45.685638427734375,46.0184583493863,45.198585941230554,45.25540862810253,7317600
2013-01-30,45.52328872680664,45.815518354734735,45.39340476336643,45.661285793055676,6269200
2013-01-31,44.81706237792969,45.49082156019773,44.81706237792969,45.328469688853254,6957500
2013-02-01,45.27164840698242,45.32847109923035,44.946944654190446,45.24729670933459,6369500
2013-02-04,45.25541305541992,45.75870108692421,44.90635760385604,44.90635760385604,4795700
2013-02-05,46.89515686035156,46.94386334797529,46.13210713387179,46.32692689115827,8645500
2013-02-06,46.578575134277344,46.708456012203975,46.35128127545245,46.62727852812209,5266100
2013-02-07,46.31069564819336,46.67598659740701,45.985994990695836,46.56234121245265,6050700
2013-02-08,46.87078857421875,47.29289893112853,46.36749767006697,46.39996865032252,4554600
2013-02-11,46.36750793457031,46.84644416125231,46.31068525484565,46.72468260324395,4166800
2013-02-12,46.278228759765625,46.57858084277204,46.21328986114584,46.43246445012156,4448600
2013-02-13,46.456817626953125,46.57046302560427,46.06717493303283,46.278230231012834,4261200
2013-02-14,46.31069564819336,46.44869582749829,46.0671693809191,46.27822465346226,5173800
2013-02-15,46.529876708984375,46.667876907541356,46.302585907366904,46.31882140699743,5750400
2013-02-19,45.99409866333008,46.17268598910351,43.86729863340683,43.99717948035015,14566200
2013-02-20,44.81706237792969,45.92917068384651,44.8008268811348,45.87234489676221,7542900
2013-02-21,44.841407775878906,45.40963456161839,44.54917508801075,45.10928567535556,6357300
2013-02-22,44.21635437011719,44.97940396539038,44.03776704280921,44.971287767150784,8400700
2013-02-25,43.26660919189453,44.44365641958807,43.258492991584134,44.394949927912286,6807800
2013-02-26,43.063655853271484,43.51012104092395,42.62530686324029,43.43706287591875,6325100
2013-02-27,43.729305267333984,43.84295063894273,42.96625556038658,42.990607255272984,5133800
2013-02-28,43.38835525512695,43.80234941861337,43.33964878435079,43.688704083405455,5879800
2013-03-01,43.4452018737793,43.664376468196814,42.9256782855029,43.29908547750095,6972100
2013-03-04,43.2828483581543,43.4289647489633,43.1286157663469,43.2747321571559,4783000
2013-03-05,43.428951263427734,43.704948460741704,43.16918955967385,43.37212858426931,4911700
2013-03-06,43.51824951171875,43.78612744215551,43.30719116981915,43.477662321847006,5562600
2013-03-07,43.672481536865234,43.980949749998956,43.58318786227884,43.64001054672399,4455700
2013-03-08,43.680606842041016,44.03777849292027,43.445196776036646,43.810487723870246,4584400
2013-03-11,44.00529861450195,44.35435399456388,43.63189154170208,43.69683351780842,4008700
2013-03-12,44.50859069824219,44.64658775584491,43.89977359248067,43.97282867243228,5466300
2013-03-13,44.39613342285156,44.72209746950132,44.290194641396866,44.55911544617644,4343000
2013-03-14,44.59986114501953,44.66505519921704,44.05387492992158,44.4776269563346,5066800
2013-03-15,44.59986114501953,44.73839695587744,44.34723884793958,44.51837168589624,7888300
2013-03-18,44.81989669799805,45.20290408272254,44.23316251010084,44.24946102738957,5974200
2013-03-19,44.958412170410156,45.14584349295494,44.75468544545751,44.81987948958146,5486600
2013-03-20,44.72209167480469,45.25177929619884,44.66504844032568,45.20288687157291,4528800
2013-03-21,44.86879348754883,45.105114223193496,44.5183831277359,44.567275572326466,4953700
2013-03-22,44.37983322143555,45.0643552064618,44.19240498976,44.933970214486486,5415900
2013-03-25,44.70579528808594,44.91766972498698,44.36353275632482,44.53466557651702,5142500
2013-03-26,45.34958267211914,45.45551835997865,44.89323356379519,44.93397829825069,6059700
2013-03-27,46.14002990722656,46.47414162708567,45.17843947277873,45.268079733237585,8525800
2013-03-28,46.62083053588867,46.702323104230054,46.03409958694886,46.17263229019377,5685400
2013-04-01,48.0550651550293,48.372878376871284,46.45784512664325,46.58008241594712,9006100
2013-04-02,50.31236267089844,52.11330650662111,50.116783610963665,50.22272239795432,22664600
2013-04-03,50.25531005859375,51.135411055756315,50.21456533286363,50.85834256871884,10140400
2013-04-04,50.548683166503906,50.931690473625146,50.108635723365786,50.32051018794164,7648400
2013-04-05,50.60572052001953,50.98058008082117,50.2390148781974,50.45903701984135,6841300
2013-04-08,50.43459701538086,50.825752027806104,49.945654027005226,50.58128053361829,4545600
2013-04-09,50.670928955078125,50.988742259491296,50.48350067577355,50.59758718416553,4405900
2013-04-10,50.858341217041016,51.013172414149814,50.597571248950814,50.78499946922669,4400600
2013-04-11,51.322853088378906,51.339151604780405,50.793165294138994,50.84205773471933,4738900
2013-04-12,51.36359405517578,51.56732083230546,51.02948226502806,51.20061512037117,4162000
2013-04-15,50.190120697021484,51.339139407024234,50.181972995068634,51.110966448863614,4625600
2013-04-16,51.1843147277832,51.33914595361812,50.33681061993948,50.670922397832356,4976400
2013-04-17,50.548683166503906,51.461381298000326,50.49163992186334,50.84205020101178,8429000
2013-04-18,48.64179611206055,49.50559862277219,47.28905066086965,48.397324641820916,14015000
2013-04-19,48.927024841308594,49.50560815765755,48.46252802580321,48.84553226311747,6524600
2013-04-22,48.258785247802734,48.975901046451305,47.78613777682607,48.88626390308746,6020900
2013-04-23,47.704654693603516,48.61734962812982,47.36239215026653,48.46251842318178,6277700
2013-04-24,47.90840148925781,48.28325810569625,47.85135822626173,47.998041790715845,5883000
2013-04-25,48.35659408569336,48.41363734184491,47.761712193952675,48.18546431723871,5669100
2013-04-26,48.47066116333008,49.016650392950666,48.185444996931835,48.291380653809426,5798100
2013-04-29,48.9025764465332,49.29373461206534,48.73959750428955,48.85368400730973,4861600
2013-04-30,48.83736801147461,49.20407671751846,48.250634081804456,49.00849770475409,5701800
2013-05-01,48.66625213623047,49.25298312387094,48.32398954386836,48.86182809590268,4897800
2013-05-02,48.47066116333008,49.20407860352995,48.397319419310094,48.65808937390936,6072500
2013-05-03,48.014320373535156,48.91886766777336,47.97357564405004,48.72329172279535,5149500
2013-05-06,49.05739212036133,49.48929174843054,48.34027323468446,48.389168763920225,5609600
2013-05-07,49.301876068115234,49.81526837527222,48.83737930260966,48.95961660242636,4830700
2013-05-08,50.93983459472656,51.151712153028996,49.14704170300518,49.155189405113674,10032800
2013-05-09,50.53239059448242,50.980592010252046,50.08419228733685,50.72796967669317,6416700
2013-05-10,51.26580047607422,51.33099452977821,50.36940399800941,50.55683223947301,5015700
2013-05-13,50.84205627441406,51.176168079487844,50.73611747515923,51.070229280233015,3490400
2013-05-14,50.30421447753906,50.915394797285224,50.15753095211008,50.76871127185623,5390300
2013-05-15,50.206417083740234,50.752403241542005,49.847856040528775,50.133075334776365,6808200
2013-05-16,50.63832092285156,50.80945064826966,49.872309455296595,49.953798912555634,6904800
2013-05-17,51.20875930786133,51.59176661732894,50.70351780568239,50.72796402249991,5840800
2013-05-20,50.980594635009766,51.27395861049378,50.86650501781551,51.11912736438075,2688200
2013-05-21,51.23320388793945,51.363588887840365,50.89094442893343,50.9887324017032,3248400
2013-05-22,50.752418518066406,51.55917799950425,50.141238128942774,50.524245500886664,6317500
2013-05-23,50.81760787963867,51.19246440418855,50.37755729414591,50.597582586892294,4479100
2013-05-24,50.57312774658203,50.947984207225915,50.10863102173561,50.540530721667764,4697900
2013-05-28,51.6162223815918,51.81180147817933,50.8502107295912,50.92355250223349,5341000
2013-05-29,51.62435531616211,51.78733733191871,51.184307914829695,51.599909101816806,5009100
2013-05-30,52.691890716552734,52.88746665985199,51.35544059709783,51.689552349805666,5671300
2013-05-31,51.03763961791992,52.84673151682022,51.013190287666674,52.520767388187636,5888300
2013-06-03,51.17616653442383,51.339148580212786,50.59758322506578,51.249508299597665,3756200
2013-06-04,50.81760787963867,51.33100022938024,50.459046761700606,51.01318384521951,5151100
2013-06-05,50.32051086425781,51.428784961239074,50.23902140185425,51.347292390211784,5380100
2013-06-06,50.45903778076172,50.45903778076172,49.66858013857403,50.32050508885066,4711400
2013-06-07,50.98873519897461,51.28210224200184,50.279766917408,50.74426369932652,5214700
2013-06-10,51.89326858520508,52.07254908740841,50.988721482085275,50.9968722914343,5256600
2013-06-11,52.09701156616211,52.61040080503732,51.094676198222615,51.46138501786485,6063400
2013-06-12,52.01551055908203,52.56964751724269,51.84437774213299,52.349619165647745,3891100
2013-06-13,52.506622314453125,52.555730172191836,51.68812471405523,52.13829776980996,4379500
2013-06-14,52.22014617919922,52.75216774502916,52.04826243280742,52.49024876319769,3122600
2013-06-17,52.686676025390625,53.398764714642134,52.465678246586336,52.62119473947534,4975000
2013-06-18,53.7589225769043,53.783476505743046,52.76035450652109,53.120495448532374,5183300
2013-06-19,53.415157318115234,54.15180643729564,53.390603388249446,53.77529203054903,6370200
2013-06-20,52.22014617919922,53.05501410465726,52.09737341277103,53.03864690032327,5748300
2013-06-21,52.30199432373047,53.06319728962824,51.917299478810854,52.53935936090727,7806500
2013-06-24,52.915870666503906,53.23508422838436,51.941856531994254,51.966413582976195,5717100
2013-06-25,52.1628532409668,53.64433506552503,52.10555865703057,53.22689952848037,4959100
2013-06-26,53.02226638793945,53.251444685931666,52.40020654721754,52.40839327061449,4851700
2013-06-27,54.094505310058594,54.176360068682065,53.1696052372419,53.25145375122404,4483600
2013-06-28,53.595218658447266,54.1272370338716,53.2350777627776,53.70980780804392,6867800
2013-07-01,53.71797561645508,54.315481393824996,53.62794041377415,53.93078666321354,3736500
2013-07-02,53.42333984375,53.742559678151416,53.2432756029596,53.55430246757023,4484800
2013-07-03,53.64433670043945,53.889882248517615,52.915874291917035,53.169606564990254,2271100
2013-07-05,54.15996551513672,54.17633895833788,53.42331668705729,53.988081829358,2356500
2013-07-08,55.29768371582031,55.31405716122416,54.315489309340414,54.79839978987844,6192500
2013-07-09,55.63326644897461,56.026141684004266,55.0766879954832,55.67418757011059,4275700
2013-07-10,55.40410232543945,56.27170774843941,55.338621021345645,55.657834573001885,4383900
2013-07-11,55.9525032043457,56.108019765444254,55.371370587400946,55.87883516422044,6588900
2013-07-12,55.657833099365234,56.263519534594224,55.4041008585208,56.12437645055958,4645600
2013-07-15,55.34679412841797,55.81333737718013,55.21583155245138,55.764223288873,3813600
2013-07-16,54.76567459106445,55.125809270148864,54.47919545011534,55.035774039217564,5459600
2013-07-17,54.2090950012207,55.19947627854101,53.95535651662543,54.847522085390764,8904300
2013-07-18,57.74501037597656,57.990555918538824,56.40267476045054,56.76280947180346,14082900
2013-07-19,58.48166275024414,59.00550081972502,57.42580612978344,57.79412762579137,7504900
2013-07-22,59.07913589477539,59.37379542499483,58.440708994179566,58.57166531614438,5038000
2013-07-23,59.496578216552734,59.53749933991497,58.78448322794191,59.103696715509614,3934300
2013-07-24,59.36563491821289,59.87310572093382,59.07916198306464,59.59481326633149,6023300
2013-07-25,59.43930435180664,59.43930435180664,58.68628173290399,58.99731485092089,3840600
2013-07-26,59.10369873046875,59.414725506111665,58.57986087431236,59.03821743728925,3826000
2013-07-29,59.57843017578125,59.63572474753501,58.89907579310101,59.02185165961334,3835300
2013-07-30,59.15281677246094,59.93039321253588,58.915457971898384,59.65210079088184,5375400
2013-07-31,59.627532958984375,60.290520083972126,59.31650620226382,59.31650620226382,5964700
2013-08-01,59.88127136230469,60.175924674253295,59.668460294849,59.93856592916128,3254000
2013-08-02,59.14461135864258,59.774851475654536,58.8745057750782,59.774851475654536,3622500
2013-08-05,60.02859878540039,60.22504266561359,59.17736694970253,59.22647479743591,2871000
2013-08-06,59.9467658996582,60.05317459030658,59.365633319820866,59.89765803913832,3089500
2013-08-07,59.68482971191406,60.07771121683886,59.439284235395775,59.89764078727498,2807300
2013-08-08,59.89762496948242,60.29868684646412,59.63570611691343,59.87307105277877,2171600
2013-08-09,59.69301986694336,60.23322494205776,59.152808547188926,59.91401143298106,2556900
2013-08-12,59.25102233886719,59.41471931010514,58.9399955956594,59.267395782774486,3043300
2013-08-13,60.036773681640625,60.06951432189327,59.18553576898759,59.28375768974554,2627400
2013-08-14,59.332881927490234,59.995869147739334,59.18555212795048,59.90583392331835,3079000
2013-08-15,58.440711975097656,59.43927974014927,58.41615805376674,58.923622413643386,3402000
2013-08-16,58.46526336669922,58.915439387084575,58.11330927202674,58.236085118008106,3323600
2013-08-19,58.6944465637207,59.09550853274233,58.48982221804688,58.54711678504997,2794800
2013-08-20,59.30830383300781,59.61933050767211,58.612582491609544,58.80902006273237,3110000
2013-08-21,58.80903244018555,59.210094386991614,58.4980057000599,59.0791380602268,3314200
2013-08-22,58.907264709472656,59.5375050222305,58.7926755616985,58.96455928335973,2959400
2013-08-23,59.37380599975586,59.52113579110573,58.85815485235133,58.940003348736816,3215600
2013-08-26,59.24285125732422,59.68484068992114,59.16100275009682,59.455662371828105,2797700
2013-08-27,58.538944244384766,59.046414992666044,58.375247226044216,58.890898453993834,3626200
2013-08-28,58.5553092956543,59.062779971159785,58.39979277928454,58.440720150320814,3297700
2013-08-29,59.29196548461914,59.61117903473962,58.236102878589534,58.39161316926308,5243500
2013-08-30,58.71900939941406,59.59480148205481,58.51438502267893,59.30832860355371,4186200
2013-09-03,59.390167236328125,59.5620509348665,58.75992700835406,58.776294208131326,3801500
2013-09-04,60.036773681640625,60.036773681640625,59.09550056945246,59.30831160877537,3333600
2013-09-05,60.6015625,60.75707904086512,59.86491341779817,60.028610438447,2861600
2013-09-06,60.61791229248047,61.21541811104071,59.38198577891165,60.76524206660223,3584100
2013-09-09,60.77342987060547,61.018981580059624,60.38873510662567,60.65884073809736,2629600
2013-09-10,61.08445358276367,61.092640304575056,60.437839941723226,61.05989966196856,3925400
2013-09-11,61.766361236572266,61.77457878854142,61.06801975492846,61.27341467706814,3819200
2013-09-12,61.404884338378906,62.02928686187396,61.37202038786258,61.88140221862928,2823800
2013-09-13,61.191280364990234,61.82389419880246,60.89551106737058,61.55277129795813,3421000
2013-09-16,61.71709060668945,62.341486880970926,61.59385235555359,61.692437941936014,4224800
2013-09-17,61.05158996582031,61.90603366848344,60.73939191352568,61.70885628114768,5138100
2013-09-18,60.008182525634766,60.95300044190932,59.515235955278044,60.920136501464775,7725600
2013-09-19,58.200714111328125,60.07392145215442,58.01997180788411,60.04926879117141,8322900
2013-09-20,57.9788818359375,58.9483461771025,57.83921478489274,57.962452999172925,9088700
2013-09-23,59.0058479309082,59.10443974163221,58.019954896288276,58.16783947829677,4482500
2013-09-24,59.41664505004883,59.926026732559485,58.849753037912436,59.30162439079736,4855200
2013-09-25,59.137332916259766,59.6960075835966,59.03874105679157,59.40023827335015,4812900
2013-09-26,59.28520202636719,59.819223887693894,59.0880183591338,59.1537462482116,2413200
2013-09-27,59.14553451538086,59.244126358699695,58.74296212443724,58.90727559514485,3548000
2013-09-30,58.83332824707031,58.8826210278088,58.34038163521671,58.57042296953797,4183600
2013-10-01,59.63027572631836,59.926045016967805,58.86620610350025,58.94014529208374,4322300
2013-10-02,59.622039794921875,59.67133257211793,59.211249936539296,59.35091698403198,2705700
2013-10-03,59.58097839355469,59.95891070668906,59.3673721082362,59.564549551667845,5038300
2013-10-04,59.967105865478516,60.090344085037756,59.34270975118249,59.56453353186414,4297600
2013-10-07,59.2934455871582,59.728882120050095,59.285234297671124,59.638507790412916,4787000
2013-10-08,58.72654724121094,59.49882825886067,58.6854657296923,59.15376612747514,6049100
2013-10-09,58.64435958862305,59.05514945865078,58.48004614787435,58.91548240719879,4464100
2013-10-10,60.780494689941406,60.780494689941406,59.02230762106791,59.260566587092086,4894300
2013-10-11,61.01873016357422,61.018730163574226,60.386116463375366,60.73939603490777,2935800
2013-10-14,61.38844299316406,61.46238216564713,60.40254348296202,60.68188387137399,2562200
2013-10-15,60.690120697021484,61.56099354631997,60.59974638984994,61.21593142884227,2922900
2013-10-16,61.77458190917969,62.02105206730477,61.109098065483366,61.20768988962694,4368600
2013-10-17,58.63616180419922,59.87674298423181,58.373256477578565,58.96478876135698,21810200
2013-10-18,56.49185562133789,58.61974530479118,55.4895267865995,58.54580609640527,21080600
2013-10-21,56.031734466552734,56.50003465681,55.119780474763985,56.40144910190689,11496900
2013-10-22,56.5739860534668,57.20659974733752,56.04817547804901,56.04817547804901,7647300
2013-10-23,55.87565231323242,56.36859901335611,55.57988303952673,56.28644227469506,8227700
2013-10-24,55.54701232910156,56.18784358807442,55.193732754519516,55.87564551190105,6352500
2013-10-25,55.55522155761719,56.01530418370038,55.275881200241194,55.46484728918575,6892500
2013-10-28,54.99656295776367,55.70312220464023,54.815814368819794,55.49772722050536,6989300
2013-10-29,55.933162689208984,55.990673033120466,54.922616625441734,54.94726302023845,5860000
2013-10-30,55.87565231323242,56.417891802921275,55.67846861865704,55.96602660620679,4360500
2013-10-31,56.0810661315918,56.45077471383033,55.75243279840229,56.196086857984206,4216700
2013-11-01,56.38502883911133,56.442539183994754,55.82635423103343,56.089259560237295,4459000
2013-11-04,56.64794158935547,56.902635665625546,56.16321237157391,56.50827448607858,3698700
2013-11-05,56.45896911621094,56.639717688745364,56.089254417438625,56.278220543676504,3328700
2013-11-06,57.74885559082031,58.34860544574252,56.52470321715817,56.58221356308437,5479400
2013-11-07,57.31342697143555,58.315755651576396,57.231270218736455,58.25002774215375,4497300
2013-11-08,57.92137145996094,57.94601784916661,57.21481238467064,57.26410516308198,3741900
2013-11-11,57.92137145996094,58.29107983435788,57.7488404673653,58.11033755746432,3082600
2013-11-12,57.46953582763672,58.250040823960155,57.40381417161273,57.89676106667183,3604800
2013-11-13,58.34037399291992,58.43895954148268,57.35447463020434,57.46949528229784,3879500
2013-11-14,58.69367599487305,58.825125532718914,58.28288600334825,58.61151298204183,3581200
2013-11-15,59.046958923339844,59.12089811721209,58.40612123565611,58.43898518898539,3872600
2013-11-18,58.890865325927734,59.23592748411956,58.74298064839422,59.12912432129612,3263700
2013-11-19,58.83332824707031,59.07980468707524,58.54577657916873,58.956566467072776,4260900
2013-11-20,59.137332916259766,59.86032108121878,58.87442755916939,59.05516989929053,5031300
2013-11-21,59.90142059326172,60.534034644215204,59.457766494550434,59.474195341987134,4368000
2013-11-22,60.583309173583984,60.59152672890269,59.81102821389534,59.90140251792669,3178400
2013-11-25,60.854427337646484,61.33916277309953,60.62438595193628,60.796916991218936,3773900
2013-11-26,61.22414016723633,61.61028377849986,60.83800282413088,60.96945236753403,4635400
2013-11-27,61.092681884765625,61.56098217718738,60.86264051559805,61.34736964803584,3640600
2013-11-29,61.191280364990234,61.560988852935864,60.98588536765202,61.2816483971138,2025600
2013-12-02,60.92836380004883,61.16661643711146,60.501138774084225,60.501138774084225,4276000
2013-12-03,60.5750846862793,60.91192916304555,59.90960074996124,60.91192916304555,5162400
2013-12-04,60.740028381347656,61.366811142625714,59.824597733971814,60.22045589431963,5548700
2013-12-05,59.997802734375,60.76478520657905,59.824613955755204,60.46788835978692,4104700
2013-12-06,60.616302490234375,60.79774004863385,60.07198981503595,60.393633127139665,3886000
2013-12-09,60.797733306884766,61.28431007586397,60.558566214792634,60.616295768604566,3988600
2013-12-10,61.069915771484375,61.366812544553866,60.764770118037355,60.78126158674026,3741100
2013-12-11,59.494686126708984,61.111119885039045,59.29675713174288,61.094628423812416,7304300
2013-12-12,58.56278610229492,59.8493344841519,58.48031618151848,59.53594626838079,5815300
2013-12-13,58.125701904296875,59.26380214777579,58.109204141491894,58.71948923216439,4737000
2013-12-16,58.60402297973633,58.86793052425213,58.16692669901193,58.331872846866915,4369500
2013-12-17,58.33187484741211,58.735981912424734,57.8947722596447,58.735981912424734,4280100
2013-12-18,59.69265365600586,59.76688100956611,58.30713721273042,58.57929368902906,4975700
2013-12-19,59.70087814331055,59.81633727540075,59.10708472567475,59.51944056658285,4359200
2013-12-20,60.492610931396484,60.80600545090854,59.89057482442666,59.8988174123756,7511500
2013-12-23,61.31732177734375,61.51525084984741,60.7895067226328,60.896716992728166,3263100
2013-12-24,61.13587188720703,61.375039018945124,60.96268319706231,61.1936014505886,1253500
2013-12-26,61.72967529296875,61.82864297141612,61.25958983143389,61.39154673603039,2121000
2013-12-27,61.597747802734375,62.117314152499844,61.507028969783505,61.85340653629382,2859900
2013-12-30,61.671958923339844,61.88638579318924,61.284343298168864,61.72968850844705,1983800
2013-12-31,62.10081100463867,62.2987401065701,61.548249228165496,61.853394908184846,2280000
2014-01-02,61.49876022338867,62.0925537410738,61.44927952759887,61.779165514318585,3067000
2014-01-03,61.93586730957031,62.4801802266248,61.523511327093736,61.688457495316136,3206400
2014-01-06,61.226619720458984,62.19978017350206,61.127658303167024,62.19978017350206,3424500
2014-01-07,63.09870147705078,63.77496490026777,61.80390420484076,61.80390420484076,6542500
2014-01-08,62.36471939086914,63.05747440276015,62.249260222220634,62.9502641153159,6172200
2014-01-09,62.74406051635742,62.87601110149713,62.389434273972284,62.389434273972284,6291500
2014-01-10,61.60597610473633,62.92552017177173,61.48227435399763,62.8430439485427,6632200
2014-01-13,60.97916793823242,61.853360080582256,60.764741194845975,61.581203786135895,5248700
2014-01-14,61.045169830322266,61.30907737695988,60.77301969526477,61.06991647173861,5783900
2014-01-15,61.721412658691406,61.73791041411518,61.02040906238411,61.02040906238411,7043300
2014-01-16,60.00601577758789,61.72141106645033,59.50294121499291,61.13586660501436,8892800
2014-01-17,59.808101654052734,60.30293380646908,59.62667032915922,60.30293380646908,5551300
2014-01-21,60.33594512939453,60.71531197098872,59.71741100443681,59.97306976262856,6379300
2014-01-22,60.53384780883789,60.97094405921761,60.4018908997148,60.88847413704154,4864700
2014-01-23,60.3689079284668,60.77302128549576,59.783363240669445,59.95655198280226,5050300
2014-01-24,59.049346923828125,60.137965940310295,58.86790937240611,60.063744919483064,5523600
2014-01-27,59.090599060058594,59.54418675434494,58.669994299277356,58.810193788853965,4233600
2014-01-28,59.14010238647461,59.67616649584045,58.9421732494355,59.090621675228284,2932700
2014-01-29,58.76898193359375,60.170989889577434,58.42259809364591,58.87619223402192,6005100
2014-01-30,60.03901672363281,60.236945777924895,58.99162929839937,59.131828783020794,4254000
2014-01-31,59.61017608642578,59.667905668674514,58.92566368829612,59.27204747384108,4291500
2014-02-03,58.34013366699219,59.55246149136699,58.257663713318244,59.49473189458982,4526100
2014-02-04,58.150447845458984,58.554554984279726,57.564903050662615,58.38961509269472,4646100
2014-02-05,58.406097412109375,58.719485673830675,57.589634380221945,57.68035319399305,4394300
2014-02-06,58.44733810424805,58.60402909599825,57.80405749855531,58.364861875686756,4765600
2014-02-07,58.85145950317383,59.09062678162204,57.82056931609757,58.14220655110101,6902900
2014-02-10,57.51538848876953,58.61225648915737,57.37518901889904,58.48030589752942,7774000
2014-02-11,58.241146087646484,58.447324025279265,57.38344511204796,57.53189347882561,5543000
2014-02-12,57.92774963378906,58.801948338341916,57.71332911618934,58.48031126989123,4120600
2014-02-13,58.727752685546875,58.950428494295544,57.67212211800289,57.8370620346612,3788000
2014-02-14,60.632816314697266,60.896723871864786,58.55454508850959,58.68650201311959,6848800
2014-02-18,60.888458251953125,61.539981163657274,60.57506382057259,60.63279338024004,5538400
2014-02-19,60.65754699707031,61.284323347894876,60.550330451022056,60.65754699707031,3926500
2014-02-20,60.59983825683594,61.11940453222012,60.3936602645648,60.69879966621217,4134000
2014-02-21,60.87199783325195,61.11116509629932,60.48438214114257,60.55860950170055,4552300
2014-02-24,62.68635177612305,63.31312827480085,61.02867913513724,61.144138295001696,9559000
2014-02-25,62.11729049682617,62.79355389907105,61.96059324648419,62.66160328724476,3761800
2014-02-26,62.727596282958984,62.78532587456831,61.671965869500696,62.12556001218367,5433200
2014-02-27,62.694580078125,63.016223426798454,62.34820267746237,62.49665103375362,4227300
2014-02-28,63.7254638671875,64.08833899206722,62.5131430757081,62.71107210198327,6176600
2014-03-03,63.58528518676758,63.882181969253224,63.11519966317404,63.25539917377772,3673400
2014-03-04,64.43474578857422,64.79762107918,63.94816873258297,64.11310861446569,5164500
2014-03-05,64.31927490234375,64.739879704235,63.98114631843072,64.54195062360172,3917600
2014-03-06,64.0306396484375,64.60793553586994,63.95641858807616,64.45124453331158,4200500
2014-03-07,63.832698822021484,64.38525425466308,63.535802050919585,64.33577355683013,3434700
2014-03-10,64.22856140136719,64.24505916314634,63.593535998026326,63.733735512886284,2986400
2014-03-11,64.14608764648438,64.69864308416317,63.931660800500005,64.25330421550265,3471200
2014-03-12,64.2288818359375,64.3116497522312,63.92263991417206,63.9640207149253,2875400
2014-03-13,63.74051284790039,64.64269339136509,63.699125754346426,64.36128136250656,3178600
2014-03-14,62.65624237060547,63.74879486918192,62.6148615855685,63.74879486918192,5128700
2014-03-17,63.533599853515625,63.74879509194345,62.97904176197582,63.02042886194225,3517900
2014-03-18,64.5599136352539,64.6013007211896,63.54185068019358,63.70739270915361,3670800
2014-03-19,66.18220520019531,66.463623566746,64.51027130992733,64.61786892122896,9060100
2014-03-20,67.4817123413086,67.53137182923726,65.74356080114431,65.86771583575334,7786500
2014-03-21,67.32441711425781,68.96324890539881,67.29131501444715,68.02795987353002,11828100
2014-03-24,67.2747573852539,67.63894362958324,66.9271285055492,67.5810054829658,5306200
2014-03-25,67.12576293945312,67.99484132741989,67.0264440252513,67.53132990693867,4588800
2014-03-26,67.48995971679688,68.11900696946996,67.10094373573305,67.44030025190683,6910000
2014-03-27,67.05957794189453,67.78795067052094,66.8609337044448,67.52308958232582,5453900
2014-03-28,67.55619812011719,68.1604095185116,67.25822860605354,67.37410493765756,4787400
2014-03-31,67.8624038696289,68.09415640943529,67.38234774350846,67.9368993658713,3513700
2014-04-01,67.73825073242188,68.73976272948316,67.52305554814556,68.16037504967402,4339800
2014-04-02,67.54790496826172,67.6555025917679,67.26648656979039,67.48996681486837,3832100
2014-04-03,68.07760620117188,68.1603740642957,67.5396056186923,67.58099270764579,4214700
2014-04-04,67.4817123413086,68.64048213968057,67.34928493523637,68.44183787317856,4788100
2014-04-07,67.10920715332031,67.85413053115106,66.83606752898521,67.456835958047,5286700
2014-04-08,66.76158142089844,67.49822615210213,66.30634869272387,67.10093156071495,4044900
2014-04-09,67.36579132080078,67.50649731981747,66.62914660267437,66.87745650723114,3308900
2014-04-10,66.20704650878906,67.86242963860352,66.0332320379328,67.39064569919782,4850000
2014-04-11,65.34626007080078,66.19050917831193,65.23866241837896,66.02496704213974,3418700
2014-04-14,65.53662109375,65.9504668934542,64.87446528830895,65.7518226777362,4013700
2014-04-15,65.80973815917969,65.98355257738501,64.6095819647378,65.68558319909486,4719100
2014-04-16,64.71722412109375,65.83460679259706,64.1212850123487,65.79321967651693,8098100
2014-04-17,62.722469329833984,63.44256330539988,60.92638004783398,62.441057212928186,13422900
2014-04-21,62.03546905517578,63.301842225092535,61.903041712406356,62.656237616694355,6912500
2014-04-22,62.70591354370117,63.06182116249495,62.03547909470777,62.23412961318712,6199400
2014-04-23,62.349998474121094,62.96248837927681,62.16790534466772,62.747286834033325,4645700
2014-04-24,63.392887115478516,63.79846048536189,62.830062973994295,63.02870716009372,4604900
2014-04-25,62.62313461303711,63.97226932727178,62.26722705697978,63.376330506451666,5416200
2014-04-28,62.6893424987793,63.384606532192514,62.42448151337998,63.194234738881754,5346800
2014-04-29,62.24240493774414,63.07837521038274,61.985822566005695,62.8631736292035,4813200
2014-04-30,62.10995101928711,63.06179720229621,62.01062579778584,62.28376542082708,6435900
2014-05-01,62.03546905517578,62.407933980957544,61.464366272632056,62.11824324853908,4598000
2014-05-02,62.101688385009766,62.34999834553127,61.67129161019505,61.81199764092442,3794700
2014-05-05,62.26723098754883,62.333441504765005,61.497477681196834,61.93615314232927,4476100
2014-05-06,62.29205322265625,62.57346525260882,61.985805147604424,62.18444930491117,4728200
2014-05-07,64.48545837402344,64.51856048244257,62.14308952924258,62.56520771683989,6383500
2014-05-08,63.641204833984375,64.60960246327686,63.51704983450918,64.4109582529879,4943100
2014-05-09,63.69085693359375,63.980554003755984,63.417723544115006,63.583259314392116,3465600
2014-05-12,64.34473419189453,64.57648679702689,63.81501214736775,63.8977800328029,3110900
2014-05-13,64.5930404663086,64.74202517747938,64.17091606552731,64.44405575513781,3059000
2014-05-14,63.872947692871094,64.60132021046917,63.682582195614955,64.60132021046917,2635300
2014-05-15,63.30185317993164,63.99711105805531,63.094930290282626,63.864683692368374,3075200
2014-05-16,63.44253921508789,63.45909026253285,62.912817289880955,63.194229299929376,2974600
2014-05-19,63.89777374267578,63.92260978916784,63.20251599572022,63.25217545913583,2149100
2014-05-20,63.450828552246094,64.06331844710735,63.20251859538597,63.88950400321907,2806500
2014-05-21,64.32818603515625,64.46061339485405,63.42599899340026,63.49221583064175,2401200
2014-05-22,64.84132385253906,65.08135505192969,64.253663873941,64.3198806837279,3146900
2014-05-23,65.1972427368164,65.38761451961884,64.85789257806032,65.09792381951397,2251500
2014-05-27,65.47866821289062,65.66076133418642,65.10620960281058,65.57799345581134,2645500
2014-05-28,65.03997802734375,65.56142122618316,64.80822549452624,65.3627771001657,2250900
2014-05-29,65.69386291503906,65.74352237394169,64.62614034514691,65.05653705679822,3526800
2014-05-30,65.90906524658203,66.00011180761295,65.2882966839809,65.5862660992122,5139900
2014-06-02,65.7766342163086,66.15737148891999,65.6524792477913,66.02493783855914,1986400
2014-06-03,66.11600494384766,66.36431495805888,65.61939123021118,65.64422096867511,2841100
2014-06-04,66.637451171875,66.68711064616564,65.78492985102909,65.99185274695424,3552900
2014-06-05,66.04978942871094,66.83609388973478,65.9504641675644,66.61261994563696,3453700
2014-06-06,66.15737915039062,66.48017831704747,65.85940971735587,66.20703861763484,3286600
2014-06-09,66.01666259765625,66.42222958335913,65.60281693047021,66.2566938423982,2801700
2014-06-10,66.05806732177734,66.21533075304737,65.7766551971742,65.88425283632492,2459200
2014-06-11,66.35602569580078,66.49673173452368,65.73525707401568,66.01667546624644,2733500
2014-06-12,66.06080627441406,66.52648967188995,65.7780653941891,66.34354081017858,2560000
2014-06-13,65.8446044921875,66.00260696198701,65.3622858381922,65.9776541948122,2265200
2014-06-16,64.86334991455078,65.86956265829997,64.70534741658216,65.84461623113916,4542900
2014-06-17,65.00467681884766,65.07120481289195,64.47246555541074,64.78015276952156,3430900
2014-06-18,65.8695297241211,66.0025857284021,64.68036864981245,65.00468472967303,4823000
2014-06-19,66.95059967041016,67.1834413755835,65.91112324055733,65.98596249816563,4538600
2014-06-20,67.69902038574219,67.76554205194195,66.9090145341897,67.21670182514723,7366500
2014-06-23,67.76554870605469,67.89860474043999,67.3414468714886,67.68239185679434,3066900
2014-06-24,67.97345733642578,68.51398647935012,67.70735155991163,67.71566914980768,4685500
2014-06-25,68.4723892211914,68.50565322870912,67.20007106982716,67.64912565462525,3629200
2014-06-26,68.43082427978516,68.58882675318345,67.90693035748896,68.58882675318345,2915900
2014-06-27,68.18964385986328,68.28111827991499,67.6158509239861,67.9318557730592,4755600
2014-06-30,67.98175811767578,68.63870797886382,67.85701967792554,68.42249510626078,3916100
2014-07-01,68.09817504882812,68.48070158943376,67.8985973633948,67.97343661625972,5482400
2014-07-02,68.5971450805664,68.62209150642359,67.41630106393609,68.02335825246425,3693500
2014-07-03,69.31231689453125,69.38716252880167,68.45578896293482,68.68031317681934,2183400
2014-07-07,68.37260437011719,69.10439351097634,68.01502421555243,69.01291907531134,2558500
2014-07-08,68.13143920898438,68.24786005445732,67.6740670700119,68.20627846201974,2967300
2014-07-09,68.80502319335938,68.81334078138318,68.09818047839441,68.1730260816871,3079500
2014-07-10,68.25617980957031,68.61375994472503,67.39965227161981,67.59091237620231,3829400
2014-07-11,68.91313171386719,69.12933824337892,67.96512971689837,68.12312582008609,2758400
2014-07-14,70.07734680175781,70.426615736865,69.19587273647194,69.29566476713988,3794500
2014-07-15,69.7696762084961,70.46820149389642,69.62830890232634,69.88609708939615,4356300
2014-07-16,69.6532211303711,69.96090201692006,69.20416666259955,69.91100919087624,3955200
2014-07-17,70.77587890625,72.54714463997648,69.3788221877811,70.06071854176822,7117900
2014-07-18,71.1168212890625,71.3330341770757,70.21040082823119,71.07524603582294,3892100
2014-07-21,70.73429107666016,70.92555753404211,69.87776350136599,70.86734710691903,4025100
2014-07-22,71.55755615234375,72.14797797167485,71.07523759194586,71.11681284024618,4366900
2014-07-23,71.46610260009766,71.97336772654712,71.32472895009049,71.77378363634716,2596300
2014-07-24,71.24988555908203,71.79041466934282,70.9255693618179,71.05861906980387,4022400
2014-07-25,70.41832733154297,70.69275077126274,69.85285161233125,69.95264368435586,3362600
2014-07-28,71.3080825805664,71.4328210201534,70.35176300301363,70.70934314611735,2206900
2014-07-29,70.07734680175781,71.1500873397086,69.8445050746605,70.65113987529134,4897800
2014-07-30,68.97965240478516,70.57629300101439,67.95681116468293,70.4848185688803,7171800
2014-07-31,67.399658203125,68.33934266682829,66.98386760679347,67.99839133249516,5345400
2014-08-01,67.76554870605469,68.24786731401004,66.99217795345764,67.47449656141299,4625100
2014-08-04,68.4141845703125,68.630397465202,67.4911352477215,67.84870908369005,3197700
2014-08-05,67.34976196289062,68.63039781693598,67.00049936936769,68.04829349439777,4599500
2014-08-06,67.77384185791016,68.28942428856439,67.1418386113757,67.31646983519602,3311300
2014-08-07,65.91111755371094,67.43290609392467,65.82796071538965,67.35806684277354,5465400
2014-08-08,66.62628173828125,66.68449216300756,65.4786957301618,66.03585990335421,3713400
2014-08-11,66.41838836669922,67.06702064499356,66.32691393314893,66.8508077707419,3460000
2014-08-12,66.70945739746094,66.85082470531853,66.13566423155838,66.20219226271333,3206200
2014-08-13,67.78219604492188,67.91524575871972,66.85082267048872,67.04208916812182,3049900
2014-08-14,68.03998565673828,68.2478809937907,66.65956391783054,67.94851120087824,2241100
2014-08-15,67.74893188476562,68.42251073098822,67.20008516231607,68.36430029174012,2442700
2014-08-18,68.4723892211914,68.58881641973376,67.64912565462525,67.9983882168702,2795800
2014-08-19,69.41209411621094,69.65325346146058,68.23125015902609,68.59714162728243,3549300
2014-08-20,69.37883758544922,69.64494338400362,68.48904572673956,68.971364469264,2579600
2014-08-21,69.66155242919922,69.9359757403723,69.51186756351035,69.52850273995405,2648500
2014-08-22,69.66986846923828,69.85281733928822,69.40376275220036,69.52018360687566,2089300
2014-08-25,70.0523910522461,70.4764991955354,69.81123176858985,70.17712948785594,1988100
2014-08-26,70.7842025756836,70.96714513242787,69.97756769916313,70.22703828261179,2267800
2014-08-27,71.83198547363281,72.32262170603599,70.65114163145233,70.83409051999381,5800700
2014-08-28,71.79872131347656,72.34756797796118,71.1168249495317,71.51598673683519,2749700
2014-08-29,72.08146667480469,72.5388389233827,71.80704332565787,72.13967711149081,3297500
2014-09-02,71.8403091430664,72.53052315572474,71.31641519973282,72.44736629329333,3726100
2014-09-03,72.17292785644531,72.63861126432441,71.86524055083343,72.16461026860159,2824400
2014-09-04,72.39744567871094,73.55334285453829,72.10639357408895,72.14797516523211,3650100
2014-09-05,72.97125244140625,73.01283404041092,72.13135362830958,72.30598492409896,3873500
2014-09-08,73.10430908203125,73.17914834749978,72.69682971072054,72.92967144034878,2298000
2014-09-09,73.64482879638672,73.8859881049185,72.75503716912996,73.17914535616592,4409400
2014-09-10,72.86402130126953,73.90791845458284,72.39635741544679,73.85781343008544,3355800
2014-09-11,72.72201538085938,72.75542083714166,71.98710808552788,72.45477810204046,3034500
2014-09-12,71.97040557861328,72.85562783359336,71.70316831080198,72.85562783359336,2582400
2014-09-15,71.84514617919922,72.50488966476372,71.67812525410638,72.07063143665842,2441800
2014-09-16,72.78882598876953,72.96419985493799,71.69481800728161,71.82008687495602,2973700
2014-09-17,72.64688873291016,73.12290557880704,72.2126303216214,72.61348325951217,3302700
2014-09-18,73.18133544921875,73.46527867829366,72.81388812589375,73.00596155983725,2584000
2014-09-19,73.32332611083984,74.09163275569482,73.18970423967819,73.91625882837629,6486300
2014-09-22,73.2982177734375,73.85775101707992,73.05603944538949,73.32327663595296,2335400
2014-09-23,72.31283569335938,73.23147022378272,72.1374617479446,72.92247439341831,2640200
2014-09-24,73.66571044921875,73.87448981440919,72.32117082767714,72.33787674489909,2661500
2014-09-25,71.97040557861328,73.49031873393483,71.84513671557444,73.31494487425607,3657100
2014-09-26,72.32117462158203,72.63017039199212,71.74494787600769,72.02888476927028,2260500
2014-09-29,72.24601745605469,72.61346482727443,71.4693579181661,71.4693579181661,3114800
2014-09-30,72.02889251708984,72.7220416495887,71.9203295235367,72.38799333753997,2843200
2014-10-01,70.88477325439453,72.03723951704137,70.65929432599553,71.82010717645788,4140200
2014-10-02,70.9014892578125,71.21047870840417,69.92440314336937,70.85973082703104,3047000
2014-10-03,71.83679962158203,72.05393194069933,71.04344059954946,71.29397838094945,3108100
2014-10-06,71.06014251708984,72.61346152216542,70.94322658091777,72.36293010384267,2596100
2014-10-07,70.30854797363281,71.09355413135668,70.09141562848139,70.90148066450217,3412900
2014-10-08,72.33787536621094,72.5215958520669,70.14151240854613,70.39205019057587,4787400
2014-10-09,70.93486785888672,72.27940726629723,70.67597715470187,72.11237997788126,4432800
2014-10-10,71.31069946289062,72.50491802154065,71.02676250489668,71.06016160582577,4036800
2014-10-13,70.10810089111328,71.7783356365496,69.94943292287599,71.1687035224717,3672600
2014-10-14,69.1644287109375,70.62588428555887,68.93894979714409,70.43380446374616,5929500
2014-10-15,68.61324310302734,69.29803906088499,67.4106721052521,68.62158968891661,8308900
2014-10-16,71.31069946289062,72.40470160442624,70.23339687181956,70.78457760878528,10233000
2014-10-17,73.64067077636719,74.16679257460271,72.44645234453334,72.5299628308727,8532800
2014-10-20,73.94129180908203,74.19182319418462,73.49032767016958,73.69075405253962,4890900
2014-10-21,75.95392608642578,76.06249542772696,74.20018079519977,74.45907152554547,5882100
2014-10-22,74.968505859375,76.36315712549711,74.91840084109292,76.36315712549711,4290300
2014-10-23,75.71177673339844,76.2295456501442,75.51134389003622,75.94560867921172,3159200
2014-10-24,76.5301742553711,76.5802792711356,75.6532982508436,75.71176259782415,2977300
2014-10-27,76.93937683105469,77.06464573661087,76.31303867471495,76.35479710038075,3948900
2014-10-28,77.36528015136719,77.4821960847926,75.46121338250678,76.03744646256104,4741300
2014-10-29,77.6325454711914,78.2338312721385,77.40706648155765,77.58244044492676,4330400
2014-10-30,78.40084075927734,78.62632608723696,77.24838072435203,77.29848574325777,2836400
2014-10-31,79.34452056884766,79.89569484119441,78.75993445833535,79.33616760930627,5031500
2014-11-03,79.21923828125,79.89568134670014,78.9185955029521,79.71195449646919,4001200
2014-11-04,79.31947326660156,79.83724210620002,78.70148164881246,79.32781985524934,4437300
2014-11-05,80.00425720214844,80.17963110852806,79.35286021517176,79.81217737814748,3454700
2014-11-06,80.34666442871094,80.70576525557891,80.08778000868112,80.20469596427148,3743200
2014-11-07,78.17536163330078,79.93746033734115,77.67429233100384,79.75373343982918,6155400
2014-11-10,79.12735748291016,79.33613679025292,78.0834609461963,78.23378230234066,4087700
2014-11-11,79.91239166259766,79.96249667125913,79.10232670822073,79.37791699873999,2291400
2014-11-12,79.90403747558594,80.14622229946076,78.93529818008669,79.52823717352116,2897700
2014-11-13,80.08776092529297,80.78925649168201,79.6702022201261,79.87062861460295,2767700
2014-11-14,79.42802429199219,80.27149473355105,79.22759788014083,80.18797788812563,2709600
2014-11-17,80.56378936767578,80.74751624422893,79.20254371218171,79.50318653355211,3297600
2014-11-18,82.00016021728516,82.3509079134677,80.8810998519007,80.99801575062821,4320800
2014-11-19,80.88948822021484,82.1839230003759,80.831030245259,81.6160427987586,3433800
2014-11-20,80.88113403320312,80.88113403320312,80.31325384020305,80.55543869604261,3316700
2014-11-21,80.76422119140625,81.87492911287414,80.66400478710185,81.3404543661338,4408600
2014-11-24,80.9228744506836,81.24856971536256,80.59717918600462,81.2318637999514,3998800
2014-11-25,81.75798034667969,81.95840670340581,80.93121605017528,81.00637354465795,4066300
2014-11-26,81.9333724975586,82.45949419071539,81.69118767553518,81.83315611110187,2765900
2014-11-28,82.3676528930664,83.02739661209105,82.2006319088707,82.42611087467911,2177500
2014-12-01,82.72675323486328,83.36979740009242,81.84988351606277,82.46786879951867,4892800
2014-12-02,83.36975860595703,83.51172701273329,82.00851337792844,82.67660974260595,5297200
2014-12-03,84.49725341796875,84.94153357481028,83.57515528626188,83.72604349004438,6689000
2014-12-04,83.5500259399414,84.60624358918822,83.34045930134691,84.53079627365175,4065200
2014-12-05,84.103271484375,84.42181042172442,83.558397032082,83.66736936435451,3104900
2014-12-08,83.75955963134766,84.58106334550116,83.52484611172201,84.09486740029733,3085800
2014-12-09,84.68165588378906,84.74033426694146,82.77879426259241,83.02189224864205,3792200
2014-12-10,83.06379699707031,84.68165106385973,82.99674055975868,84.47208450803448,3908700
2014-12-11,83.60030364990234,84.38826964878295,83.18954854472078,83.31528977293014,2940600
2014-12-12,82.78717803955078,84.17031865451393,82.72849965687787,83.47455612034656,3086500
2014-12-15,82.37641143798828,83.61704814934578,81.65550843551426,82.82069786801345,3649300
2014-12-16,80.34783935546875,82.80396035264644,80.2640139880991,81.85672154998478,4843800
2014-12-17,83.10572052001953,83.61706347496221,80.61606858425763,80.93461387154514,6235000
2014-12-18,85.7043228149414,85.72109171811523,83.75116769572766,84.06132205435394,4681000
2014-12-19,85.91390991210938,87.17969379544633,85.50316122245697,85.50316122245697,7986500
2014-12-22,86.37498474121094,86.54263549042696,85.89717307093252,85.98938290164118,2398100
2014-12-23,86.21568298339844,87.12101207303503,85.87199714474586,86.9449769270719,3028600
2014-12-24,86.07318878173828,86.60967873228059,85.9558320047737,86.34143375700943,950700
2014-12-26,85.96419525146484,86.3414124564388,85.63727196836392,85.99772026907146,2019900
2014-12-29,85.77977752685547,86.34979877040507,85.36064444764143,85.82168699749892,1708100
2014-12-30,86.21568298339844,86.39171812936156,85.7127245098661,85.7127245098661,1767600
2014-12-31,84.74037170410156,86.91148563083713,84.69007775217007,86.44205835823136,2313900
2015-01-02,84.48047637939453,86.0228896913518,83.83501414477752,85.08402913644458,3060900
2015-01-05,83.08893585205078,84.2038248738749,82.77877510120378,84.07809007869886,4679000
2015-01-06,82.92131042480469,83.9439964520303,82.53570864978708,83.68413591560792,3468300
2015-01-07,83.76795959472656,84.07812045764028,82.92130876034285,82.95484018299284,3225800
2015-01-08,87.7664794921875,88.00119942955526,84.43018318290747,85.14270826238975,5346100
2015-01-09,86.94499206542969,87.7078111640875,86.25761387297827,87.53177598747416,3397600
2015-01-12,85.96419525146484,87.17967859679257,85.42770543327548,87.03717488784358,3051500
2015-01-13,86.4001235961914,88.5209367122939,85.36905303853689,87.12941771723804,3856500
2015-01-14,86.61808776855469,86.74382903540611,84.81581333159501,85.17626821898695,4725600
2015-01-15,87.56529998779297,87.67427230823046,86.45040423495614,86.8108590123596,5888900
2015-01-16,88.66342163085938,88.85622568928376,86.88630121017077,87.59882626915238,6045500
2015-01-20,88.53768920898438,89.17476699441318,87.59882864742946,89.02387880408227,6526800
2015-01-21,91.6392593383789,91.74823164035935,88.53767700360298,89.29211145579036,8293700
2015-01-22,95.4366455078125,95.6629810579382,91.64768351306215,91.9997539294063,8055200
2015-01-23,93.88581848144531,95.83059589417098,93.88581848144531,95.26057459757223,5256000
2015-01-26,93.55890655517578,93.88582991556602,92.84638144651665,93.88582991556602,4203400
2015-01-27,92.21768188476562,93.25713035598083,92.14223458849895,93.00564789571145,4718300
2015-01-28,90.91837310791016,92.94697626392961,90.90998865316782,92.68711572610299,6633500
2015-01-29,91.69794464111328,91.85721727527508,89.47653779793978,90.65849628110354,4912300
2015-01-30,89.0657958984375,91.6979516138224,88.97358609222314,91.05248936578631,5397500
2015-02-02,89.9375991821289,89.97950866315306,88.07664682619935,89.46817206368355,4657100
2015-02-03,90.37348175048828,90.53275438345206,89.29211752789693,89.98788004556998,4192600
2015-02-04,90.46570587158203,91.1530840449084,89.48493574539653,89.55199859046859,4768900
2015-02-05,91.22012329101562,92.05000499882814,90.80099021094378,90.80099021094378,3297700
2015-02-06,90.19744873046875,91.70633056390726,89.85376288785801,91.02733054112791,3661400
2015-02-09,89.26700592041016,89.89570585264187,89.09097070684125,89.63584526053535,3909700
2015-02-10,91.34590148925781,91.75665028335193,89.80348780427438,89.91246654232599,5437400
2015-02-11,92.08358001708984,92.2596152266225,90.85132715489499,91.14472556624902,3798500
2015-02-12,92.0751724243164,92.86314483652872,91.22852801913582,92.79608199390114,3378000
2015-02-13,91.73987579345703,92.07517723317751,91.10279154615107,91.94944239101484,3727600
2015-02-17,92.00811004638672,92.00811004638672,90.96865523905575,91.65603334301886,3430600
2015-02-18,92.01649475097656,92.39371844708971,91.32911659736376,92.00811669218152,2958700
2015-02-19,92.23442840576172,92.51105778500254,91.73985442057075,91.82367976097186,2674800
2015-02-20,94.40555572509766,94.57320643173645,91.73986855856798,92.17576423310756,4647100
2015-02-23,97.57421875,97.64965966275709,94.5983702122457,94.71572700684494,7060000
2015-02-24,96.76109313964844,97.72510080197291,96.66888332178908,97.45685580332713,3582800
2015-02-25,95.6042709350586,97.08799942335219,95.32764153022727,97.08799942335219,3845900
2015-02-26,95.27734375,96.08207857160795,95.03424577334805,95.90604342895595,3126800
2015-02-27,95.25218963623047,95.771917002418,95.06777643738697,95.36954639706897,4016400
2015-03-02,95.89765930175781,96.27487655222785,95.25219071437625,95.25219071437625,2952200
2015-03-03,94.60674285888672,95.9731147371504,94.18760967464408,95.52045013071256,3163700
2015-03-04,95.4114990234375,95.53724028576647,93.59246213420614,94.09542078805573,3180900
2015-03-05,96.224609375,97.00419745210111,95.62105649008744,95.62105649008744,2941400
2015-03-06,94.6235122680664,96.53476509968843,94.39718314608588,96.53476509968843,3196900
2015-03-09,96.3167953491211,96.36708927858828,94.6151158505315,94.69894119813148,3942000
2015-03-10,94.27143096923828,95.90605415461016,94.27143096923828,95.78031292566392,3957900
2015-03-11,94.80553436279297,95.5372621048508,94.7382471354952,94.95692741578134,2593700
2015-03-12,96.62222290039062,96.76520983052883,95.16717383354336,95.31015434681981,3258600
2015-03-13,96.93341064453125,97.05116004432975,95.48676782773724,96.25214534328843,3066800
2015-03-16,99.68370819091797,99.82669510344303,97.41281960225642,97.5642126026246,4692200
2015-03-17,98.90991973876953,99.35568621327707,98.33799136734123,99.3136365255439,3303500
2015-03-18,100.89485931396484,101.36585694085457,98.17820403718981,98.76695107080197,5533500
2015-03-19,101.5677261352539,101.85368716807093,100.77711741675193,100.92851043908503,4032500
2015-03-20,100.20518493652344,102.2153438425567,100.08743552572446,102.0639508262635,7195700
2015-03-23,100.12110137939453,101.33224577887181,99.74261554612636,100.49117470520437,4576500
2015-03-24,99.34730529785156,100.62573034897862,99.31366168902424,100.00333962782877,3054700
2015-03-25,98.01839447021484,100.71823104168467,97.99316337222577,99.96126601770689,3385500
2015-03-26,97.77449798583984,98.58192532821558,96.38672963428131,97.62310495809051,2856400
2015-03-27,99.2547836303711,99.4314077581111,97.58104783618616,97.61469144387884,2608500
2015-03-30,101.76956939697266,104.0909266609305,101.37426508418746,102.87978262462882,5178500
2015-03-31,99.49026489257812,101.71069127316403,99.43139019373156,101.60135438012352,4573100
2015-04-01,98.78377532958984,100.52479184809981,98.01840414200151,100.52479184809981,4826200
2015-04-02,98.70809173583984,99.56598132079583,98.29596874814567,98.90994697638318,2497100
2015-04-06,98.99404907226562,99.6837270003319,97.52217489751398,97.58104960782956,2544700
2015-04-07,98.6996841430664,100.78554312206819,98.63239692058123,100.4659320236949,2528500
2015-04-08,99.4061508178711,99.94443556731323,98.8005788705336,99.06130874130265,2627000
2015-04-09,99.7089614868164,99.88558561239158,98.90994025184838,99.1033893894947,2247200
2015-04-10,100.08743286132812,100.17153866439392,99.22113089771362,99.7089535391013,2232600
2015-04-13,100.39864349365234,102.0303168037736,100.19678184172751,101.76958685778182,3961000
2015-04-14,100.86121368408203,101.0798938994012,99.68371322364357,100.37339105639361,3208800
2015-04-15,98.67442321777344,101.55088373264171,98.02680154344819,101.24809773982813,7344000
2015-04-16,102.27422332763672,102.87979542111034,101.3658651874263,102.55177827328912,7068000
2015-04-17,99.84354400634766,101.81165360860965,99.02770405762887,101.76959748918301,4390000
2015-04-20,99.73419952392578,101.20607375627345,99.3052515223487,100.80235685769578,4650700
2015-04-21,100.32292938232422,100.61730289475308,99.88557536626723,100.08743057238112,3379800
2015-04-22,99.08657836914062,100.87806381283129,98.54829341036995,100.54163410938389,3846700
2015-04-23,99.46504974365234,99.73419218394234,98.37165497048942,98.80901544649936,3244300
2015-04-24,99.82671356201172,100.16313681004907,99.26319114613867,99.48187139085266,3139200
2015-04-27,97.76607513427734,100.43227464178082,97.62309462788336,100.2388255202361,5174300
2015-04-28,98.90152740478516,99.02768932743582,96.11758468477382,98.31278032156467,4144800
2015-04-29,95.5540771484375,98.67444979902996,94.23359593061953,97.74927297925487,7122600
2015-04-30,93.69530487060547,96.1596430043948,93.4598060319136,95.48678367939335,6705600
2015-05-01,95.20923614501953,95.59613445800183,93.98127323554502,94.44386485963521,5805100
2015-05-04,96.35308074951172,96.66427929419329,95.41949153232873,95.62975925841748,3531500
2015-05-05,95.35221099853516,96.117582186831,95.04942495878727,95.831621158659,3960400
2015-05-06,95.4531021118164,96.29417272516152,94.7550183795532,95.88204992134308,3369800
2015-05-07,96.52130889892578,96.84091356601492,95.13354047788654,95.16718408761103,3300200
2015-05-08,97.29507446289062,98.06044558607832,96.7652021468376,97.50534217166961,3066000
2015-05-11,96.52970123291016,97.38759711647594,96.48765153939357,97.2362041027209,3376400
2015-05-12,96.42036437988281,96.79043761744651,95.73909902606009,96.07552865867605,3844600
2015-05-13,97.44647216796875,97.81654540665733,96.4035460788646,96.4035460788646,3667700
2015-05-14,99.692138671875,99.76783839413955,97.74085432464592,98.55669417280353,4771400
2015-05-15,100.36497497558594,100.38179356730772,99.50707920998066,99.9023834924791,3083800
2015-05-18,100.76029205322266,100.91168506538598,99.95285837711063,100.27246941215623,2824700
2015-05-19,101.3910903930664,101.87890659413884,100.66776897112658,100.77710586816916,3554900
2015-05-20,101.97144317626953,102.48449698418734,100.95374806690239,101.54250159931186,3379200
2015-05-21,101.31536865234375,101.63497318587793,100.97053302627526,101.56769241140634,2983500
2015-05-22,100.58364868164062,101.58452493519042,100.20516940799035,101.18081456554488,2945900
2015-05-26,99.44823455810547,100.58367913974494,98.99405544207717,100.27248697242258,3014500
2015-05-27,100.46592712402344,100.80235680317915,99.4734630997884,99.98651691670682,2887700
2015-05-28,100.6089096069336,100.77712123061988,99.49028370051963,100.34817324829909,2873600
2015-05-29,101.10513305664062,102.29104611673259,99.02768688767621,100.97897113709824,6019900
2015-06-01,100.81077575683594,101.39952292036313,99.87718638548365,101.38270432291785,3876400
2015-06-02,99.03609466552734,100.65936169676203,98.7501336506206,100.49955617851329,4219500
2015-06-03,99.5407485961914,100.07903350677923,98.78378343540781,99.24637503834842,3438100
2015-06-04,98.11091613769531,99.22112940530467,97.58944989955252,99.17907329597362,3300300
2015-06-05,98.00996398925781,98.19500056305496,97.02591284700208,97.84175242227494,2724500
2015-06-08,98.32960510253906,98.96881438657311,97.83336991910896,97.88383212130587,3271300
2015-06-09,98.39689636230469,98.72491354518631,97.3876137098786,98.34643415474217,3047300
2015-06-10,99.7089614868164,99.98651001737055,98.17821264830295,98.43053007761235,4006400
2015-06-11,100.78166961669922,101.30534470995508,99.85257404947426,100.01305647760991,3815600
2015-06-12,99.3711166381836,100.51137039163339,99.24442034468002,100.37622596015193,3076600
2015-06-15,100.49447631835938,102.09927448820368,97.97746616259741,98.67851337222719,6809500
2015-06-16,102.66516876220703,103.19728536210823,100.51135150938984,100.62959964270121,7229400
2015-06-17,101.13638305664062,103.21418006820623,100.65494236425397,102.96079396086814,4805900
2015-06-18,102.10774993896484,102.52161857654457,101.28845435964395,101.68543316150398,3478300
2015-06-19,101.63471221923828,102.09925660237785,101.2715196936362,101.9049945794045,4178700
2015-06-22,101.56714630126953,103.2395229385309,101.30531206104726,102.73273784333401,4435600
2015-06-23,103.67027282714844,103.69561079104217,102.20906106093318,102.5131295157372,4991000
2015-06-24,100.6549301147461,103.88987659932714,100.5958060524918,103.72095254832614,4650500
2015-06-25,103.32398986816406,104.23619534988723,100.93367615818299,100.99280022955168,6149500
2015-06-26,104.10104370117188,104.8274287812631,103.66183726495022,104.55714641034822,16358200
2015-06-29,102.3611068725586,103.91522897829087,102.2935346651684,103.0790438549684,3604000
2015-06-30,103.04524993896484,103.83920720550536,102.20061674274382,103.3999943348081,4982600
2015-07-01,104.21088409423828,104.43893875924675,103.23111253640033,103.84769141340914,3269300
2015-07-02,102.88478088378906,104.63317156846219,102.21751979914019,104.58249563222377,3682300
2015-07-06,103.18040466308594,103.97435556499356,100.7309668602565,101.01813908255403,6522800
2015-07-07,101.94725799560547,103.72099345078745,99.50626776500943,103.34935265918101,6476200
2015-07-08,100.32555389404297,101.34755953142779,100.00459552294373,100.55360851996305,4009800
2015-07-09,100.79853057861328,101.82898419118763,100.77319261175333,101.38977772952074,3315600
2015-07-10,103.17195129394531,103.67872994785593,101.9472292326178,102.19217364488331,4033500
2015-07-13,103.42534637451172,104.52337225664225,102.88478157088952,103.97435931557698,3766900
2015-07-14,105.57916259765625,105.74808668019622,103.0452626953125,103.19729694721475,4192400
2015-07-15,106.3055419921875,106.46602437273398,104.57404124178285,105.53692263698105,5067300
2015-07-16,105.52003479003906,106.00147549668469,103.12972108685088,105.9339032884438,7216600
2015-07-17,104.6078109741211,105.56225052710812,104.4811147168882,105.3257478397217,3702700
2015-07-20,103.59427642822266,104.92879860031445,103.32399402765071,104.77676434724019,3199700
2015-07-21,102.0823745727539,103.65339292500101,101.6431616764051,103.52669664936039,4239100
2015-07-22,101.87122344970703,102.4033401120971,101.42356882902386,102.17529195508442,3384700
2015-07-23,100.79007720947266,102.7749638600582,100.30863656278562,102.73272962415737,4896100
2015-07-24,99.61602020263672,101.1194659435947,99.31195180064088,100.6126874216145,3840600
2015-07-27,99.56536102294922,99.74273322474066,98.53491391407127,99.56536102294922,3752300
2015-07-28,102.63983154296875,102.68206578384131,100.08904191766017,100.29175209695956,5216900
2015-07-29,102.63983154296875,103.13816852029524,101.87966675958593,102.89322410012329,3924400
2015-07-30,101.82897186279297,102.97767347766786,100.97589700960057,102.31886064290954,3732400
2015-07-31,102.53848266601562,103.65339835074093,101.75297344877457,101.75297344877457,3593000
2015-08-03,102.10774993896484,103.18887985821785,101.47427477277355,102.71588712955531,2541300
2015-08-04,102.06547546386719,102.73273648260081,101.55025512691093,102.69050868792051,2058200
2015-08-05,104.66695404052734,104.93723643115075,102.84254951482956,102.84254951482956,3831900
2015-08-06,103.07906341552734,105.27510902011323,102.87635319893029,105.04706083194677,3014900
2015-08-07,102.89321899414062,102.927005096354,101.57559322801997,102.8003088240639,2276300
2015-08-10,103.45066833496094,104.17704689639935,102.99456567263495,103.4675581621407,2480000
2015-08-11,103.26486206054688,103.90677868531299,102.42867051053483,102.42867051053483,2756000
2015-08-12,102.36954498291016,102.85943380328429,100.55358869214284,102.42022735869931,3005300
2015-08-13,101.79519653320312,103.03680844270804,101.60093449421574,102.47935384817866,3253400
2015-08-14,102.21749877929688,102.35264317352939,101.57558223881063,101.83741644758688,2040500
2015-08-17,104.58248901367188,104.6922890165866,101.60938280175964,101.69384483815867,2951800
2015-08-18,106.00148010253906,106.60116897764304,104.58249588802632,104.63317182438867,4140200
2015-08-19,104.0757064819336,105.57070444714086,103.76318987043148,105.33420817639983,3411500
2015-08-20,101.17859649658203,103.39997915671192,101.17859649658203,103.24794494594767,3201600
2015-08-21,98.21395874023438,100.34243825725306,97.98591058543127,99.87788736630516,5627800
2015-08-24,93.2728500366211,94.96211653628349,80.24015873396405,93.63604259181012,8824900
2015-08-25,92.89273834228516,96.78649046693278,92.74070414752377,95.44352711657247,8109900
2015-08-26,95.83209228515625,96.14460892222948,93.14615816589416,95.07192103554611,7503200
2015-08-27,99.47242736816406,99.52310973102401,97.09901065746239,97.34395500516347,5783700
2015-08-28,99.05860137939453,99.53159400821067,97.97747168836266,99.15151156634646,3333100
2015-08-31,97.72406005859375,100.32553189833126,97.26796379483251,98.99945801314688,4087000
2015-09-01,95.13104248046875,96.47401272502611,94.65804991334939,95.74762760035541,4658100
2015-09-02,96.48247528076172,96.79498551186538,95.04659464678764,96.14462063488304,4522100
2015-09-03,96.27973175048828,97.90987400106329,95.8320772083786,96.9132066181619,3137100
2015-09-04,94.90299987792969,95.50268875885722,93.97390451936647,95.02124802661731,3394900
2015-09-08,98.05345153808594,98.15480982792661,96.00944102325843,96.3979714682558,3990600
2015-09-09,97.6208267211914,99.8603029017642,97.40875506415297,99.49553939278157,3753500
2015-09-10,99.05445861816406,100.04695921135088,97.32395903478009,97.42574932091124,5525700
2015-09-11,100.69165802001953,100.83587171966536,98.28252619706184,98.54549307961848,3752500
2015-09-14,99.92819213867188,101.37027717498943,99.37680439940401,100.97158132548934,2686500
2015-09-15,101.81985473632812,102.31186259090939,99.61431054202671,100.61528913807535,3072100
2015-09-16,102.76996612548828,102.948105609812,101.4127082887962,102.02346946137074,3475700
2015-09-17,104.5598373413086,106.13765137589012,102.55787988822482,103.06685069604451,5466500
2015-09-18,103.88970184326172,104.99247097432054,103.33831404177447,103.66914542828368,7458400
2015-09-21,105.13670349121094,105.41663331088449,102.97356883352775,104.7549704194285,3476700
2015-09-22,104.27989959716797,105.0094267840087,103.01595404076875,103.01595404076875,4566800
2015-09-23,104.57679748535156,105.36570448193417,103.52492364721301,104.33927821273139,3131300
2015-09-24,102.71903991699219,104.02540229454856,101.17515828386455,103.78788303897727,4735800
2015-09-25,98.71514129638672,103.83879455525114,97.74809482245986,103.64368573560294,8060200
2015-09-28,95.60192108154297,98.24857826370703,94.16832077079619,98.01954367221036,5727000
2015-09-29,96.89134216308594,97.43424532526305,94.67731257561647,95.76311889997068,5142700
2015-09-30,98.4097671508789,99.18170488071819,97.45119879169253,97.88382693192784,4638600
2015-10-01,98.918701171875,99.003528537688,97.47661653731458,98.35035070182344,3768300
2015-10-02,100.80192565917969,100.81888854815345,97.4002936554695,97.67174518245417,3521600
2015-10-05,101.49752044677734,102.08283395824589,100.20812084163045,101.51448333572523,3491200
2015-10-06,98.44368743896484,101.45510174813141,97.27304749260267,101.33634211182145,4652000
2015-10-07,98.76602935791016,99.08837600214817,97.2136630081959,98.79147692562441,4282000
2015-10-08,98.46910858154297,99.1986355641851,97.46813014991167,98.76600759263847,3646500
2015-10-09,101.17517852783203,101.34483979569754,98.36735088179277,98.39279845399369,4485100
2015-10-12,103.92361450195312,104.39865302441284,100.57287786127625,100.95461079275094,5840000
2015-10-13,105.17908477783203,106.87565847877515,103.14319504231729,104.47501161059608,6655700
2015-10-14,103.55037689208984,106.03585765438524,102.50698120512803,105.06032646958187,5592200
2015-10-15,101.93861389160156,102.21855006329153,98.36732756643492,100.94611997951611,8012400
2015-10-16,101.77743530273438,102.5154405475736,100.58983269615689,102.5154405475736,4416500
2015-10-19,102.4136734008789,102.56636529149229,101.1157890947076,101.60779701689685,3707500
2015-10-20,102.15071105957031,103.1262423282497,101.53146522189853,102.33733522059437,3278400
2015-10-21,100.19112396240234,102.47301683068903,97.78198681847243,102.37970479334486,5305600
2015-10-22,96.54354095458984,100.97160010971376,93.37094940133005,100.27600503179228,10475000
2015-10-23,98.3333969116211,98.92720151013724,96.73862017737999,97.08641437384279,5497500
2015-10-26,98.85084533691406,99.24954111021343,97.55296775790208,98.333389946706,3377100
2015-10-27,101.260009765625,101.38724762332227,98.31645318180654,98.73211195142032,4008400
2015-10-28,101.6077880859375,101.91317184032214,98.32492243417423,101.59082519821143,4405500
2015-10-29,101.54843139648438,103.21107306459012,101.37029191117833,101.61629590667218,3257500
2015-10-30,99.9112319946289,102.10829847386479,99.9112319946289,101.73505015957402,4237800
2015-11-02,100.68316650390625,101.75200325608675,99.96211751671923,100.64074957339585,3874200
2015-11-03,99.80944061279297,100.4880662554385,98.61335296706017,100.24206227570802,2758200
2015-11-04,97.24758911132812,99.88576132959105,96.75558126022449,99.75851702714506,5396100
2015-11-05,98.59638977050781,99.0544590037118,96.39083864098843,97.53603113974482,4009100
2015-11-06,97.39181518554688,98.23162386138718,96.71318956076777,97.74810059586488,4106900
2015-11-09,96.92526245117188,97.24760914143667,95.86490383224317,96.81498101277744,2755100
2015-11-10,98.30796813964844,98.57093500714439,96.7301539908419,96.93374103432537,2842600
2015-11-11,97.16278839111328,99.13081386355847,97.00161179900059,98.6981857053125,2374200
2015-11-12,95.70375061035156,97.33246029329888,95.45774657408603,96.50114255742486,3341300
2015-11-13,94.50763702392578,95.87337283986584,94.3125282091259,95.42378186409651,3767300
2015-11-16,96.55200958251953,96.82346111725782,93.98170144723495,94.07501351904328,2450000
2015-11-17,97.03553771972656,97.92624155116563,96.00062666892396,96.47567173258533,1981400
2015-11-18,99.46165466308594,99.69917399692399,96.4926500462774,96.91679356296433,3319900
2015-11-19,93.84597778320312,96.45870299865506,92.98072798947058,93.13341989094285,15731900
2015-11-20,95.83097076416016,97.07795352491331,93.82052850989328,94.06653248402077,7059400
2015-11-23,95.14383697509766,97.1203400175148,95.09293537348202,95.83094711372817,3780400
2015-11-24,96.01760864257812,96.23815860519092,94.21075317095163,94.4822047550196,3244800
2015-11-25,97.052490234375,97.59539323695948,95.8564028096123,96.25509861786654,2959200
2015-11-27,96.99311828613281,98.31645021346984,96.77256835817269,97.12036261190381,1740400
2015-11-30,95.61042785644531,97.4003139603559,95.53408513227593,97.1797575262284,4605200
2015-12-01,98.62181854248047,98.71513060195336,95.89881887437936,96.30599288670264,5467000
2015-12-02,100.22351837158203,101.70591133971192,98.92003433927209,99.0307856329119,6071100
2015-12-03,97.97433471679688,100.76873209308832,97.48872305689096,100.35979937941403,4286600
2015-12-04,100.30867767333984,100.74317436795545,98.17880083680801,98.47698229394881,3588200
2015-12-07,98.7496337890625,100.43649296273973,98.14474291884437,100.43649296273973,3164300
2015-12-08,98.72405242919922,99.12447032921875,97.07978719074,97.93173795678378,3551900
2015-12-09,98.0169448852539,99.52489498354704,97.6846845839373,98.31512637363176,3839100
2015-12-10,99.00520324707031,99.72084531027143,97.4120528860299,98.01694368343975,3202600
2015-12-11,98.80924224853516,99.96788918785391,97.65058880934856,99.00518726406163,3830800
2015-12-14,98.6985092163086,99.45674498772595,97.48874051358308,98.72406670300612,3867200
2015-12-15,100.19794464111328,100.95618041283191,99.38859389597928,99.5675028028025,3124100
2015-12-16,101.23731231689453,102.02962679892026,99.59304705849142,100.78577944539349,3516900
2015-12-17,101.56956481933594,103.16270848920897,101.0754318469198,101.2373045619898,3945800
2015-12-18,98.67296600341797,101.26289786128858,98.67296600341797,101.04991010817294,7574800
2015-12-21,100.02754974365234,100.33424606157152,98.82629595733725,99.311907668857,3185200
2015-12-22,100.05310821533203,100.81985876749603,99.00520582757537,100.69207134204807,2821600
2015-12-23,101.11804962158203,101.23732222195501,100.14682616147678,100.44500766240922,2479600
2015-12-24,100.8198471069336,101.53548910601815,100.77725347000022,100.98171982693798,900100
2015-12-28,100.81133270263672,101.04987787004346,100.00197559908575,100.75169641078503,1582600
2015-12-29,102.08076477050781,102.58341922178056,101.12657734597636,101.27141395050108,2027600
2015-12-30,101.31399536132812,102.32781897119163,101.09249281621267,102.25966134198568,1747700
2015-12-31,100.22351837158203,101.69739650934228,99.98497312382212,101.07546939922204,2372500
2016-01-04,99.21817016601562,99.60155185166256,97.57390518057201,99.60155185166256,4991000
2016-01-05,99.40562438964844,100.43648412729253,99.00520645439224,99.43970320327333,2816800
2016-01-06,98.39179992675781,99.38006601341237,97.5483704216778,98.63886644842145,2677300
2016-01-07,95.49517822265625,97.19908011118501,94.92437264996789,96.80718345680778,5277200
2016-01-08,93.85090637207031,96.27044360467549,93.51012474075253,95.71667426626772,4422400
2016-01-11,93.35675811767578,94.24278761476174,92.17254717923107,94.149072518925,4525800
2016-01-12,95.63999938964844,96.38119243163534,93.75718888663782,94.02129155678315,4037800
2016-01-13,93.0586166381836,96.30454807919078,92.80302872162382,95.76782125426013,3434300
2016-01-14,94.362060546875,95.24809004729964,91.59322079549848,92.64111650763185,4238200
2016-01-15,93.09266662597656,94.26836296023683,91.83178300646192,92.93080038420256,6357000
2016-01-19,95.91261291503906,97.25869660274779,93.37379692809309,94.98398325710953,7122800
2016-01-20,97.79544830322266,98.60479908899717,93.84239649715748,95.49517688598445,8380700
2016-01-21,96.69642639160156,98.38329202031392,95.6400091038506,97.69320737681502,5413900
2016-01-22,97.40353393554688,98.1021333129874,97.02867351355049,97.69319407991237,3622200
2016-01-25,96.5942153930664,98.23848131036173,96.1426823406265,97.5654391473371,2908500
2016-01-26,97.08831787109375,97.27574809765791,95.21402860519048,96.19377338049547,4592500
2016-01-27,95.69963836669922,97.81247278678052,95.28217777977584,97.48873381108699,4720300
2016-01-28,94.89029693603516,96.48344759387399,94.23429754743687,95.66557544061232,3525600
2016-01-29,98.11066436767578,98.11066436767578,94.24280667500709,95.35886022403936,5280800
2016-02-01,98.7325668334961,98.954075837098,97.21609561625517,97.82950116477241,4333500
2016-02-02,97.0201644897461,98.30661214666814,96.50047392966069,97.93175167713258,2997700
2016-02-03,96.05745697021484,97.43761966752245,93.97018001737288,97.43761966752245,3462300
2016-02-04,97.29277038574219,97.59095833997118,95.45256019606693,95.98928681391632,3608300
2016-02-05,95.179931640625,97.30128702792666,94.48133233838797,97.18201445192531,3330800
2016-02-08,93.73162841796875,94.66877954047537,92.71781133978197,94.1405676805052,5050200
2016-02-09,94.70287322998047,95.65705415933357,92.98192862547705,93.17788020910926,3680200
2016-02-10,96.04893493652344,97.5313340634425,94.84768764387553,94.84768764387553,3023200
2016-02-11,94.24280548095703,95.154392631565,93.79126607002073,94.83916847673078,3955000
2016-02-12,95.26513671875,95.34181566949272,93.89349543203024,94.7369248909881,2552100
2016-02-16,98.10214233398438,98.20437227675225,95.87002875209393,95.95522253769022,3445700
2016-02-17,100.78578186035156,100.86245431212576,98.14472919040371,98.40031702938857,4466000
2016-02-18,100.06161499023438,102.23409204616274,99.72935471107382,100.95616589558571,3847100
2016-02-19,100.25756072998047,100.99876019441369,98.84331941850589,100.10420934078284,4481400
2016-02-22,103.31608581542969,104.05728546013725,101.34808125862614,101.46735386813728,5054800
2016-02-23,103.2138671875,103.76763664947897,102.46414613133015,102.77937034811706,2804400
2016-02-24,102.40449523925781,102.50673168687061,100.3853757728938,102.17447135696591,2559700
2016-02-25,103.2564468383789,103.28201082535803,102.08075693225199,102.4044959354224,2281700
2016-02-26,103.36721801757812,104.15953272004865,102.99235749171712,103.49501196956442,2877500
2016-02-29,101.46731567382812,103.78462235754107,101.35656443521952,103.17121688245619,4526300
2016-03-01,103.65686798095703,104.12544359189785,101.69738474399938,101.79961469557209,3295600
2016-03-02,103.31608581542969,103.80169758268782,102.54933518282084,103.28201349831484,2670900
2016-03-03,103.78463745117188,103.81871626028467,102.31075983141768,102.96676553206954,3064100
2016-03-04,103.76761627197266,104.09987658393788,102.86454394982562,103.35867700347052,2873900
2016-03-07,103.73352813720703,104.56843625640431,103.0008499510478,103.15420135047341,2315400
2016-03-08,103.6483383178711,104.21062247065865,102.85602380722634,103.32459285123784,2522000
2016-03-09,103.59700012207031,104.4695796767367,103.04094554730322,104.26426300111405,2094000
2016-03-10,104.44390869140625,105.01707624422403,103.00673114292047,103.68254397868573,2638200
2016-03-11,107.01887512207031,107.20707882672504,104.58079650879877,104.76900021345351,3766200
2016-03-14,107.12153625488281,107.80590566715735,106.38583440483552,106.76224182393673,2856400
2016-03-15,106.80501556396484,107.33540726446712,106.14630908056866,106.53982297706017,2610300
2016-03-16,106.8477783203125,107.40383290875528,106.16340243812262,106.41148853224915,2140900
2016-03-17,106.53126525878906,106.89911619447587,104.5551393046096,106.5997041600082,3911400
2016-03-18,108.40474700927734,108.71271555972248,106.53127274851828,106.81357834087521,6948400
2016-03-21,108.42184448242188,108.64426764523255,107.51505189612934,107.99411114523592,2667000
2016-03-22,109.516845703125,110.20122164327044,107.80590585276138,108.34485402680104,3984000
2016-03-23,111.031005859375,111.51007812707346,109.5168393541439,109.62804113743381,6166400
2016-03-24,110.00446319580078,111.48443003065313,108.78970201093075,110.32954472885977,4153900
2016-03-28,110.28673553466797,110.78290765272313,109.50825791564787,110.20119671986133,1955100
2016-03-29,111.06523895263672,111.28765558685723,109.96167964221529,110.58617970761688,2463100
2016-03-30,110.93692016601562,112.15169441928916,110.68884055582603,111.28766466092719,2578500
2016-03-31,110.2696304321289,111.18498588432564,109.74779532699417,110.90268036318226,3181800
2016-04-01,111.14222717285156,111.58707349208836,109.80770126852651,110.09000683342379,3901700
2016-04-04,110.77436828613281,111.80947550199416,110.25253316836833,111.63838480262854,2812400
2016-04-05,108.6784896850586,110.74872404665575,108.55872486992813,110.31242767816303,4440000
2016-04-06,109.52539825439453,109.85902973824582,108.54161026473616,108.84102882479645,3021400
2016-04-07,108.5330581665039,109.87614056983695,107.98556002289634,109.08055631011148,3186600
2016-04-08,107.51506042480469,109.62805779569574,107.15576595947357,108.80681703304936,3642300
2016-04-11,108.07109069824219,108.59292581525143,107.64335742375538,107.64335742375538,3119200
2016-04-12,108.47318267822266,108.9522419527552,107.27552796519821,108.04544931833486,2887200
2016-04-13,109.29441833496094,110.06433960630395,108.87523498758438,109.20031648364721,2592400
2016-04-14,109.48265838623047,109.98738725872977,109.12335732251952,109.26023516139885,1674600
2016-04-15,108.92655944824219,109.55104638666421,107.97699103755866,109.40561863680614,2835200
2016-04-18,109.3371810913086,109.52538478247367,108.30206731659271,108.54159691382388,2717400
2016-04-19,111.63842010498047,112.32279617224027,110.45787171529199,111.287675575669,4340100
2016-04-20,114.57263946533203,115.58209687627239,111.98057662126712,112.3142080847591,7321000
2016-04-21,113.74287414550781,114.6325538949331,113.28946472173202,114.25614640554203,3786000
2016-04-22,114.74373626708984,114.9148269719875,113.81983079658171,114.39299183735004,2782800
2016-04-25,114.4443130493164,114.69240565661842,113.42630577486258,114.38443717908099,2702100
2016-04-26,114.83780670166016,115.15432507181397,113.77702373603205,114.60682713386603,2638000
2016-04-27,113.6059799194336,115.12870959511443,112.8360520604602,114.92339288871102,3358800
2016-04-28,112.98149871826172,114.96617476907204,112.65641717968788,113.59742276249581,3332800
2016-04-29,112.6478500366211,112.81895382122279,110.29531658559453,112.11746485383684,4161100
2016-05-02,113.00715637207031,113.71718224659784,111.99769887758862,113.44343969016299,2887700
2016-05-03,113.31512451171875,113.97382447045693,112.17735223746294,112.38265589072746,3632300
2016-05-04,112.947265625,113.27234714309928,111.71539150734559,112.0832489704662,2909300
2016-05-05,113.18680572509766,114.01660953241925,112.79329832261982,112.96438906514874,2054700
2016-05-06,112.955810546875,113.16112724177441,111.72394953763396,112.99858648998551,2618600
2016-05-09,113.49474334716797,114.28177099098649,112.55373799305997,112.70771570334945,2191800
2016-05-10,114.26467895507812,114.29034190856649,113.41776232980934,113.70861783826696,2223500
2016-05-11,111.80094909667969,114.63254188606989,111.70684723419,114.4101252353608,3450800
2016-05-12,110.98824310302734,112.31420591086616,110.14132645668563,112.0661263365112,3210400
2016-05-13,110.35520935058594,111.23633904764141,109.97025192864493,110.44076124585574,3137300
2016-05-16,111.75814056396484,111.94634423406936,109.95310576678612,110.14130943689065,2466000
2016-05-17,110.83425903320312,112.2543368299713,110.34664982189442,111.69828871905365,2294500
2016-05-18,111.64693450927734,112.29709744009182,110.29529579668004,110.44928656311953,2246400
2016-05-19,111.2106704711914,112.16878899355204,110.14988706901651,110.94547788399414,2756000
2016-05-20,112.01480865478516,112.74194749742395,111.3817586152653,111.74961607374128,2538100
2016-05-23,111.56996154785156,112.23722450625762,111.21921708029863,111.32188195701258,3036500
2016-05-24,113.42632293701172,113.76851743793155,111.47585996861797,111.86081736044045,2702400
2016-05-25,114.13634490966797,114.88915964662888,113.58884684280102,113.9567042450464,2211300
2016-05-26,113.75994110107422,114.59830774015515,113.4861985857663,114.20478737350655,1499300
2016-05-27,114.63256072998047,115.0859571274026,113.7428809275074,113.75998086649004,1833400
2016-05-31,114.35021209716797,115.27411753696863,114.18767136423308,115.14580277590616,3634100
2016-06-01,115.0859146118164,115.35967017506898,113.79416481285057,114.27322399515886,2618000
2016-06-02,116.377685546875,116.47178740716055,114.64108916892124,114.85495584653512,4015000
2016-06-03,117.06206512451172,117.30159476653172,115.61632425085676,116.00984469325334,3625600
2016-06-06,118.18273162841797,118.38804835690952,116.77976661719386,117.1305111333467,2959900
2016-06-07,117.14757537841797,118.48210092484261,117.09624948099884,118.19124547054633,2943200
2016-06-08,120.10749053955078,120.52667382084012,117.19890968122388,117.42988928955742,6180800
2016-06-09,120.34705352783203,120.50959429536702,119.37182197600856,120.18452581368346,3682400
2016-06-10,119.11516571044922,120.09894700994411,118.60188056517498,119.97918221649792,2805800
2016-06-13,118.13134765625,119.87650635733515,118.1227976917848,118.9098251841519,2804300
2016-06-14,117.94315338134766,118.27678476932907,117.489757214434,117.95171639987404,2970700
2016-06-15,117.9560775756836,118.73810050193822,117.77561881598146,118.36858096637607,2369400
2016-06-16,119.15914916992188,119.35679877674761,117.1998046763827,117.91307677638179,3176100
2016-06-17,118.32560729980469,119.32247080009768,117.34593471857309,119.24511822073606,4430900
2016-06-20,119.03888702392578,120.17323860855393,118.71232510565814,119.64043810007935,3731700
2016-06-21,118.75528717041016,119.64901825925912,118.65216788284309,119.62323843736736,2021400
2016-06-22,118.50607299804688,119.91542684857946,118.27405458485616,118.97872495370748,2375200
2016-06-23,119.61465454101562,120.29354506729662,118.60060009045476,119.75215567207974,2646800
2016-06-24,117.98188781738281,119.12484167055528,116.14285234308892,116.58113566959715,4475100
2016-06-27,117.82717895507812,118.06779937757506,116.4264140497478,117.00218528306756,3996200
2016-06-28,119.20214080810547,119.5286895390986,118.29120582865073,118.77245969269036,4160200
2016-06-29,120.75758361816406,120.8950716085176,119.96697194411685,120.13884176667896,3704500
2016-06-30,121.34199523925781,121.43652564879093,120.51701449499818,120.89512302029821,4730800
2016-07-01,121.04977416992188,121.84897481520946,120.84352249718893,121.30758548263105,2882500
2016-07-05,121.65132904052734,121.95211110042635,120.33650572785521,120.43962501109898,3749300
2016-07-06,122.35603332519531,122.85446513398483,121.14432908897409,121.15291799310071,4083300
2016-07-07,120.99822235107422,122.59663685779637,120.26775910332027,122.34741443136454,3515500
2016-07-08,121.40210723876953,121.84037726027154,119.92400313788843,121.77162670757623,3605500
2016-07-11,120.58575439453125,121.68573736466436,120.31934100011271,121.40214616118502,4084000
2016-07-12,120.19042205810547,121.1271238979535,119.76932977455645,121.07556425360652,4310100
2016-07-13,121.58259582519531,121.67712621926357,120.24199250046765,121.135736792173,3164700
2016-07-14,121.03258514404297,122.75991178721269,120.71462528400122,122.36459935316952,3000700
2016-07-15,121.45368957519531,122.69976243272846,121.22165805558458,121.72867872454579,3748700
2016-07-18,120.95523834228516,121.94349969817462,119.98415479039505,121.82318950604174,4166300
2016-07-19,122.5364990234375,122.57088086754759,119.72639301410044,120.95527512799127,5326200
2016-07-20,122.90601348876953,124.16067524314533,122.72554161605079,123.29272394421879,5489800
2016-07-21,122.77711486816406,123.51616713478741,122.14119501716485,122.63962683538348,3475100
2016-07-22,123.48177337646484,123.7911443349694,122.82006072105791,123.48177337646484,2697500
2016-07-25,121.79737854003906,123.65360369782115,121.52238950526993,123.36142375062141,2725600
2016-07-26,121.77161407470703,122.1927062489705,121.18725410666055,121.9778657113959,2668100
2016-07-27,121.75442504882812,122.32160722390162,120.23336346043915,121.31615506599458,2684100
2016-07-28,122.68254852294922,122.91457999907824,121.33335662634614,121.47944663344157,2517000
2016-07-29,123.06068420410156,123.66223521825837,121.68571233071867,121.90055291526244,3269700
2016-08-01,123.32711029052734,123.88570379516608,122.92320885786737,123.24977081095366,2494900
2016-08-02,123.03492736816406,123.72241998970607,122.32165492068695,123.58491884283144,2679100
2016-08-03,122.78569030761719,123.42161002096793,122.39896678018937,123.17240072221688,1963600
2016-08-04,122.63961029052734,123.3013098779574,122.25288673156243,122.97476109222217,1890900
2016-08-05,122.88020324707031,123.3528419573796,122.37316959343782,123.17238324216274,2000100
2016-08-08,122.14115905761719,122.94896165922137,121.9091275818139,122.55364926017972,1846400
2016-08-09,121.87478637695312,123.00054906460375,121.7544630481794,122.50211728060003,2140700
2016-08-10,122.19273376464844,122.32163287108871,121.10992881923522,121.91773152047088,1866300
2016-08-11,122.57084655761719,122.94036604496058,121.54820334331852,122.23569579193196,1857500
2016-08-12,122.78569030761719,123.00911978625014,121.59976613087188,122.16694839912643,1787900
2016-08-15,121.70289611816406,122.98335078559988,121.59118792543413,122.85445167366946,2369600
2016-08-16,121.23884582519531,121.7028957395304,120.59432404188979,121.29899437296595,1688500
2016-08-17,121.78022766113281,121.95209748496002,120.87789469500616,121.41928398442053,1849100
2016-08-18,122.17554473876953,122.75131594450309,121.40212386248957,121.74586356020757,1572700
2016-08-19,122.0638198852539,122.24429174464451,121.35914959158305,121.72866910023868,1950200
2016-08-22,122.10675048828125,122.88877310054436,121.78020182613315,122.12394140086512,1587900
2016-08-23,122.0380630493164,122.77711531865145,121.81463352150108,122.65680509400765,2295500
2016-08-24,120.19904327392578,122.09824039917932,119.88967221184751,122.02948981729162,2529800
2016-08-25,117.99044799804688,120.09588303877277,117.75841650233713,120.09588303877277,3891000
2016-08-26,117.40604400634766,118.84977912965803,116.86465480882796,118.30837681931354,3082400
2016-08-29,117.96465301513672,118.62635246874046,117.28574953309321,117.90449136690371,2315900
2016-08-30,117.62091827392578,118.32560168085784,117.07952892107866,117.96467107468358,2026600
2016-08-31,116.91626739501953,117.57798017263778,116.48658615734054,117.34594863269852,2837300
2016-09-01,116.64984893798828,117.71544984907494,116.31469814936769,117.57796184020579,2765400
2016-09-02,117.39747619628906,117.54356620363116,116.66701304675142,117.30294582532333,2390500
2016-09-06,116.84748840332031,117.60373139380461,116.55530837984321,117.4060686313105,2242400
2016-09-07,116.54105377197266,117.37848587672627,115.85901492044657,116.54968233935686,2816300
2016-09-08,116.92951202392578,117.08490522658086,116.0402824574945,116.09208019171285,2826700
2016-09-09,115.35824584960938,116.6791407888506,115.35824584960938,116.29928634013194,3322300
2016-09-12,117.00721740722656,117.17125236015036,114.29635933482705,114.57263150256861,3457400
2016-09-13,115.64315032958984,116.67914458597076,115.14241691810636,115.89352362202241,3331500
2016-09-14,115.41868591308594,116.28201663195306,114.8057153064025,115.57407911925898,4592400
2016-09-15,117.07626342773438,117.4906584280192,114.71937457355385,114.84886889446175,3302900
2016-09-16,119.54540252685547,119.61447056333995,117.00720817291985,117.07627620940433,7421900
2016-09-19,118.86338806152344,120.33968964803536,118.72526513385894,119.72671893299893,3239500
2016-09-20,118.68206024169922,119.59718858234065,118.32809152929876,119.25186160702,2425700
2016-09-21,120.78860473632812,120.8317739071972,119.13101132733004,119.31230340224624,3506600
2016-09-22,121.76415252685547,122.08359383429745,121.15119512509561,121.2893311946175,3018300
2016-09-23,121.30660247802734,122.40303625105207,121.17710813110332,121.74690960433338,2802000
2016-09-26,120.62455749511719,121.0130536465746,119.91662005049609,120.82311985281675,2636500
2016-09-27,121.54828643798828,121.5914555945169,119.7353004241796,120.85763262703851,3048600
2016-09-28,121.22026824951172,122.3426008080842,120.57277021649466,121.8418674150786,1990400
2016-09-29,119.41587829589844,121.10799865931045,119.00147018073912,121.02166034197451,2201000
2016-09-30,120.86629486083984,121.28068989753041,119.50223080946182,120.15835738200362,4164100
2016-10-03,119.56266021728516,120.62455317278601,119.16552234273661,120.30512506444842,2724400
2016-10-04,119.27774047851562,120.31373440420698,118.41441001154323,119.73530457214079,2452600
2016-10-05,118.7943344116211,119.94255288996789,117.93100353122671,119.32096677559701,4625600
2016-10-06,117.81877136230469,118.69937258668145,117.11947542688775,118.54396617137526,4025300
2016-10-07,117.98275756835938,118.75112124032665,117.39568593701846,118.45759201134565,2568700
2016-10-10,119.20872497558594,119.44182799290347,118.25042720815085,118.25042720815085,2586000
2016-10-11,116.33378601074219,118.87197981326251,116.00571620205835,118.55255174062496,3353600
2016-10-12,116.6360092163086,117.17127015587465,115.37554031296888,116.53240055097862,4287900
2016-10-13,115.85034942626953,116.24747417352607,115.34961603650078,116.24747417352607,3425700
2016-10-14,115.61724853515625,116.98994121945556,115.5913496674058,116.35971348189233,3452900
2016-10-17,115.79857635498047,116.0575650829687,114.8489071077439,115.73813686952727,3602500
2016-10-18,123.7929916381836,124.27645473451864,119.02740236660134,120.17563380708775,10141900
2016-10-19,124.63902282714844,126.35705530257586,123.30087106124431,124.16420158034543,5796000
2016-10-20,125.24337005615234,125.94266569862661,124.3023297385397,124.74263675297078,5203700
2016-10-21,125.50238800048828,125.56282747673573,124.11242495399799,124.54409033274179,3331800
2016-10-24,124.91532897949219,126.23622398003991,124.33689895476844,126.04629016017458,2930200
2016-10-25,124.12968444824219,125.51101880928583,123.97429124864968,125.07935346813228,3095400
2016-10-26,122.79155731201172,124.12972291899318,122.49802795066697,124.10382404436776,3267600
2016-10-27,122.54119110107422,123.67215248199884,122.23039144748252,123.21458815495886,3358000
2016-10-28,121.16845703125,122.89511826048974,120.38282301033479,122.29941802866126,4033600
2016-10-31,122.01453399658203,122.19582607330081,120.84040367352806,121.55696976225923,3761100
2016-11-01,120.37419128417969,122.16992069273692,119.8475722119097,122.16992069273692,3391400
2016-11-02,119.98571014404297,121.92820443187811,119.94254096963681,120.0202507529209,3149700
2016-11-03,118.9928970336914,121.15985280485332,118.83749062478903,120.15838582023207,2989700
2016-11-04,118.88927459716797,119.90799848369784,118.87200429489671,119.52813087401523,3520700
2016-11-07,122.53253173828125,122.97283886868486,120.47781343213288,120.52098260597002,3896600
2016-11-08,123.36991882324219,123.98288925287848,121.72959620052933,122.0317671342079,4389300
2016-11-09,122.50657653808594,124.48361049966593,117.60286626746412,120.46911629962482,8042400
2016-11-10,126.15853118896484,126.53839884018328,122.59297084948004,122.88650015328254,6075500
2016-11-11,126.40892791748047,127.34132701131884,126.05495903332788,126.65930129344639,4475400
2016-11-14,131.46803283691406,132.02056410463393,126.94417402575571,127.18591880543117,5740400
2016-11-15,131.42481994628906,132.91839144181887,130.80322083016364,132.52988211420535,4910700
2016-11-16,130.79457092285156,132.08956667456297,130.56146799899767,131.21760761082672,3899000
2016-11-17,130.16439819335938,131.15722341867024,129.6636647108966,131.07089823620782,4683000
2016-11-18,129.02476501464844,130.9327315771119,128.98159584680096,130.40609934548556,5664800
2016-11-21,129.8535614013672,130.06939405584453,128.25639448888285,129.2578611672689,3867800
2016-11-22,131.45069885253906,132.02912871406008,129.98303961862527,130.43197517285734,4992100
2016-11-23,132.5557861328125,132.72846280663376,130.3284045823819,131.2348912530401,2697200
2016-11-25,131.92556762695312,133.38459867816405,131.75290411447324,132.89249383554574,1664500
2016-11-28,131.3212432861328,131.96011279511276,129.4996148437291,131.86514588395875,5029600
2016-11-29,136.0522918701172,136.50985612094118,133.97166156829059,135.49113214314647,5827400
2016-11-30,137.2267608642578,138.47489608163394,136.14330051089235,136.49000253363553,7142400
2016-12-01,139.49769592285156,140.17377415625512,137.92017122768658,137.92017122768658,5250200
2016-12-02,139.31568908691406,140.8672120168965,139.16834003770313,139.5497202713488,3480000
2016-12-05,136.62864685058594,139.26361580480236,135.4151636904119,138.84757085957457,5854200
2016-12-06,136.3599853515625,137.14873439535782,135.44119991092302,137.0967304172871,3216700
2016-12-07,138.16285705566406,138.66558423975712,135.51922441076496,136.8540417282413,4552300
2016-12-08,138.09356689453125,138.89099234548266,136.94942610022838,138.1715728870961,3407500
2016-12-09,138.78697204589844,138.82165019338154,136.69806995145507,138.26691886619457,4007200
2016-12-12,138.2408905029297,138.388239537035,136.73270879517185,137.66882021110752,3471200
2016-12-13,139.15098571777344,140.1651163305865,138.74361675920312,139.02963867725907,3868900
2016-12-14,138.56158447265625,140.24311713333276,137.5734691146902,139.671046866659,3885700
2016-12-15,139.22035217285156,139.8010854804804,138.18889554219822,138.5702757981545,4422700
2016-12-16,142.09799194335938,142.1499959232954,139.7143792068407,139.8790672938609,7605300
2016-12-19,140.01771545410156,142.09796686524956,139.74035653478094,141.3612086772912,4732600
2016-12-20,140.06109619140625,141.3785878025288,139.90508423492577,140.1651173882288,3131200
2016-12-21,139.83572387695312,140.66781399356464,138.35354434460257,139.91372984554158,2767700
2016-12-22,140.05245971679688,140.3124929192049,138.9169950663144,139.88777158107717,2741700
2016-12-23,141.3092498779297,141.317912800548,139.15966796918272,140.03509928372887,2044400
2016-12-27,140.97120666503906,142.11534725776002,140.80651855919265,141.5085988202552,1344000
2016-12-28,139.9310302734375,141.49987826238842,139.8270223440402,140.555104301482,1669100
2016-12-29,139.58438110351562,140.7285217709572,139.02098691856537,140.34714154847666,2476300
2016-12-30,138.7176055908203,139.9657541730292,138.55293070847085,139.8704091222817,2855600
2017-01-03,139.93975830078125,140.6505147512309,137.94618829621055,139.662399284734,3539700
2017-01-04,140.3384552001953,140.9191883599139,138.4575696222259,140.71983535901572,2695200
2017-01-05,140.57249450683594,140.96255087234198,139.9917612587346,140.19979043861542,2961100
2017-01-06,140.7718505859375,141.23123675235328,139.64504908826592,140.19978030200394,3081300
2017-01-09,140.3731231689453,140.78916824861236,139.35900584772492,140.41646422899774,3040800
2017-01-10,140.05245971679688,141.2659303602503,139.11634812363076,139.78376359044918,3500700
2017-01-11,140.32113647460938,141.23124594449604,139.2116739749231,139.80974629015822,3330600
2017-01-12,140.72850036621094,141.23122756248551,139.45434991937447,140.14776719788543,2555900
2017-01-13,140.24314880371094,141.05791332645214,139.90510961085428,140.55518599910462,3183300
2017-01-17,139.2550048828125,141.25723763501506,136.5246766723074,140.94520050312406,5475800
2017-01-18,136.7240753173828,139.723087082487,135.2938992798287,139.60174001498288,6591600
2017-01-19,137.55612182617188,139.15964841626595,136.2906475582335,136.72403169330389,4976900
2017-01-20,137.521484375,138.50959987123383,136.78472590793086,137.83352154359156,3579100
2017-01-23,137.87681579589844,138.26685881774256,135.70121927759556,137.48675954822195,4062600
2017-01-24,139.05563354492188,139.81839388955032,137.90284333201953,138.1281983311894,3514100
2017-01-25,139.7577667236328,140.3991669905035,138.98634323786558,139.39372551723196,3605800
2017-01-26,141.06654357910156,141.78596286924724,139.76639110371815,140.29512030607412,4202400
2017-01-27,141.2745361328125,141.97661617147992,140.95382294507897,141.71658309860973,3110400
2017-01-30,140.49444580078125,141.68192715597178,139.8183677040543,141.23120401620972,2784600
2017-01-31,140.50314331054688,140.5811492814535,138.6915875558761,140.087085014043,3037000
2017-02-01,141.0319061279297,142.0633495162115,140.4424966802169,141.06657104798927,3718500
2017-02-02,139.3416748046875,141.49993275160227,138.90829063086943,140.86719556106178,4714000
2017-02-03,140.30380249023438,140.41648661917182,138.86497693824174,139.66240231218848,2762300
2017-02-06,139.1249542236328,140.87582963049542,138.87359727366623,139.99172239374641,3479400
2017-02-07,139.14227294921875,140.13905090879848,138.28416782495194,139.59299603502026,2942700
2017-02-08,138.95164489746094,139.2290171434631,138.17155860079393,138.6829488002942,2339700
2017-02-09,139.06431579589844,139.80973710381866,138.30155541779345,138.95163167845055,3056800
2017-02-10,139.33297729492188,140.0610593519989,138.7695832991477,138.78690913919806,1905900
2017-02-13,140.40777587890625,140.4337778650617,139.28097465078474,139.28097465078474,3275800
2017-02-14,141.39588928222656,141.71658925806724,139.76636096552502,139.93971194636237,2969400
2017-02-15,142.40133666992188,142.92140286167057,140.91917050735364,140.91917050735364,4537900
2017-02-16,141.84666442871094,142.9908052349754,140.7025368482846,142.82611709839145,3191600
2017-02-17,136.62002563476562,138.82162469116548,135.640586374624,137.8161702122716,12033600
2017-02-21,139.1769561767578,139.39364819554768,136.53331090235514,136.61997977437235,5419000
2017-02-22,139.1769561767578,140.2257381412353,138.37085498942724,139.47165414811255,2725300
2017-02-23,140.93655395507812,140.93655395507812,139.28102305670964,139.83575433053863,2459600
2017-02-24,141.33526611328125,141.3612681095923,140.19113859808314,140.99722693540028,2715700
2017-02-27,143.34616088867188,143.41550394712613,141.11855977302568,141.42193400053353,4071800
2017-02-28,143.34616088867188,144.5422922759586,142.93010253794637,143.4241668697444,4382100
2017-03-01,145.56504821777344,146.1371183827264,144.1868900051589,144.50758999498132,3514200
2017-03-02,145.0189971923828,145.98977342288282,144.71563623326867,145.89444160994762,1889800
2017-03-03,145.79042053222656,146.00711259996942,144.4209250769916,145.01899730009535,2254400
2017-03-06,146.22381591796875,146.78722327294847,144.86299650527786,145.12301642590748,2576500
2017-03-07,145.87710571289062,146.7958779832799,145.55639245232936,146.0071156659327,2702300
2017-03-08,146.08154296875,146.56004509897437,145.1158434968906,145.73353538534502,2048200
2017-03-09,146.16854858398438,147.09075880994186,145.93365837773277,146.29034793078884,3631400
2017-03-10,147.8824462890625,147.89984998845134,146.21204957632656,146.52524978966036,3716600
2017-03-13,148.08251953125,148.70890653002732,147.50831706764689,147.89111871004897,3130200
2017-03-14,147.08201599121094,148.05641053820693,146.59481871771294,147.6040206557474,2522600
2017-03-15,149.44845581054688,149.6137577762599,147.28215310617173,147.3430594199118,2807600
2017-03-16,149.0308380126953,149.76163401931075,148.0912374577047,149.7007409896587,3138600
2017-03-17,147.63890075683594,149.2396965235302,147.54320028843912,148.84819943468423,5622900
2017-03-20,146.15985107421875,148.10865386758954,146.09024955211984,147.83894299128139,3928600
2017-03-21,145.89883422851562,146.87324216621676,145.34203538202854,146.74273434703798,4953100
2017-03-22,145.31594848632812,146.49045258037367,144.0979550574261,146.27295280556024,2999800
2017-03-23,143.80215454101562,145.22895262472744,143.3497645383478,144.61995587103343,3947400
2017-03-24,143.54986572265625,145.63785845947763,142.98437156168123,144.5329690511028,5243900
2017-03-27,143.2018280029297,143.64552267451086,142.07952195844487,142.6711281290165,4383000
2017-03-28,143.8543243408203,144.4807246148183,142.5406174973743,143.18442146651944,7327100
2017-03-29,142.19265747070312,143.523755054559,141.5836607452679,143.2540574529472,5900400
2017-03-30,143.5411376953125,144.35892559227378,142.2100403067388,142.3753289632176,2993800
2017-03-31,142.68856811523438,143.63687735960022,142.46237309577964,143.23667187503528,3496100
2017-04-03,144.06314086914062,144.54164300620306,142.89734531712094,143.21924072063015,3473700
2017-04-04,143.5237274169922,144.81132214212923,143.36712070338973,144.30672115961312,2886000
2017-04-05,143.87173461914062,145.51603224656176,143.7412400753499,144.2110337081281,3541600
2017-04-06,143.84561157226562,144.43721771348243,143.4106121324498,143.9413119800303,2923600
2017-04-07,144.437255859375,144.85485171484908,143.21924914113737,143.51505892743387,2927800
2017-04-10,143.9674530029297,145.2898554038826,143.79345583112536,144.58515822923837,3234900
2017-04-11,144.27197265625,144.28066786942628,143.20187732964192,143.4541712631008,3172900
2017-04-12,144.03704833984375,144.7852480940849,143.20185664100364,144.69825614948593,2978700
2017-04-13,143.5150604248047,144.11534866544116,143.26275324637226,143.5063519375348,1979800
2017-04-17,145.44644165039062,145.6552462112627,143.51505588163772,143.54115479235514,4396700
2017-04-18,146.6731719970703,148.09997025187835,145.89887318699405,147.95207197075538,5526200
2017-04-19,147.2473602294922,148.93516075141738,146.76016281597438,147.5431567626803,4703400
2017-04-20,149.2396240234375,149.8051313438382,146.48172876049867,147.4822355849932,3652100
2017-04-21,148.9090576171875,150.1792489414061,148.3087560800001,149.7529578542287,2982300
2017-04-24,149.9269561767578,150.6490570693996,149.37885246032442,150.2140574913118,2830300
2017-04-25,151.41461181640625,152.02362170311733,150.6751206720336,150.94481822322425,3394700
2017-04-26,151.71046447753906,152.81535390150145,151.3624568330698,151.45815727590707,2817500
2017-04-27,151.92794799804688,153.18074883362974,151.39724801283836,151.44075062312749,2438600
2017-04-28,152.14547729492188,152.24987295976524,151.3015769370769,151.9105737738889,2010800
2017-05-01,151.89317321777344,153.24167477552066,151.4581735717347,152.24987611355778,2709700
2017-05-02,151.50161743164062,152.57171242882282,148.13472572518924,152.1715203437572,4951000
2017-05-03,150.10963439941406,151.64084126586638,149.51804140110826,151.16233912010003,3622200
2017-05-04,151.39723205566406,151.5625339922603,149.97043420444115,150.5533319505064,2585200
2017-05-05,151.48426818847656,152.14547612777335,150.77957090591894,151.8496662877607,2189000
2017-05-08,151.76268005371094,151.8670757216934,151.00578491056643,151.31897191451384,2505900
2017-05-09,150.71865844726562,152.04975609289966,150.2749503819652,151.46685825184906,1653700
2017-05-10,150.84910583496094,151.06660555577236,150.0400132456046,150.54460091577317,1568700
2017-05-11,150.78819274902344,151.25798624239815,149.35268681763026,150.30098228813603,1901300
2017-05-12,149.47451782226562,150.8491177594704,149.22222396723768,150.19661854545657,2335400
2017-05-15,149.23095703125,149.6398577044298,148.09995545171302,149.45715203710387,2831400
2017-05-16,146.26426696777344,148.76986900966352,145.50737188225864,148.48276766943573,4343700
2017-05-17,146.9080352783203,148.2391327189948,144.98533160005073,146.26423122346452,4442300
2017-05-18,149.16131591796875,151.36241217873277,146.0467181132802,146.37732195920898,3908000
2017-05-19,150.15310668945312,150.46630682388363,148.1173124532197,149.90081284997314,3877300
2017-05-22,151.9888458251953,152.16284299670585,150.16185561163493,150.27494647179347,3480300
2017-05-23,152.4412384033203,152.7022407798534,151.12754458411786,151.76264018941364,2471500
2017-05-24,152.7631378173828,153.2068458516632,151.83224568933585,152.641338475158,1612300
2017-05-25,154.9032745361328,155.49486729285118,153.06757670847435,153.39818046965632,3212200
2017-05-26,154.42481994628906,155.63411800528576,153.98982045348262,154.5814133916365,1583600
2017-05-30,153.63314819335938,154.9294517184027,153.32865645300444,154.4596447387994,2285700
2017-05-31,152.4064178466797,153.90281718278675,152.1802228866193,153.8941219718683,3320400
2017-06-01,156.23443603515625,156.23443603515625,152.4151406133773,152.92843688341446,2890600
2017-06-02,156.069091796875,156.5301901213064,155.15559035738926,156.5301901213064,2610100
2017-06-05,156.0517120361328,156.87822168322066,155.86901968529403,156.19091505828771,2640600
2017-06-06,157.31326293945312,157.5220542529909,155.27745470651908,155.8951599843819,3443900
2017-06-07,159.39254760742188,159.61874260381876,156.29533953098786,158.33984281140826,3783600
2017-06-08,158.07012939453125,159.87102052355002,157.45242422845772,159.3925316665309,3079900
2017-06-09,157.87001037597656,158.68779821231814,157.34800571223252,158.20060093955973,2392200
2017-06-12,155.9473419189453,158.1832460245193,153.4852428217139,157.87004581099893,3705600
2017-06-13,157.51333618164062,157.80913268298275,155.8603299635892,155.91254105953118,2458500
2017-06-14,158.6529998779297,159.07059563274316,157.4176030333897,157.4176030333897,2039300
2017-06-15,157.5784912109375,160.30409332782017,157.3251421272807,158.77530769662843,3078700
2017-06-16,158.6705322265625,159.3956152455683,157.5785421370882,157.97165590330752,4473300
2017-06-19,159.88479614257812,159.88479614257812,157.91046988194017,159.25580889688254,3887100
2017-06-20,160.10317993164062,160.2342133753993,159.1859058354692,159.64890844335463,2742600
2017-06-21,161.5446319580078,161.7106165717436,159.61400109181687,160.29540178929088,2866300
2017-06-22,162.92486572265625,164.81182715219845,161.4222868061637,161.5271135533763,3841300
2017-06-23,161.83294677734375,162.72401450818225,160.86325895171436,162.72401450818225,3438500
2017-06-26,161.7193145751953,162.39198401365076,160.20800444849328,161.72805902462613,2327400
2017-06-27,161.2650909423828,163.1869907051179,160.93312171183499,162.24350973142114,2682800
2017-06-28,162.22607421875,162.75896601150515,161.69318242599485,162.2085986417857,2451200
2017-06-29,161.8504180908203,162.56675670776002,161.02923935362844,162.33089642959834,2193600
2017-06-30,161.9813690185547,162.6540383499917,161.55330429310362,161.74549553065705,2392000
2017-07-03,163.0559539794922,163.82471926406637,162.26099532926068,162.74146030216247,2087000
2017-07-05,164.4536895751953,164.549785225808,162.24350294105926,162.6104099715925,2587400
2017-07-06,163.30926513671875,164.40125496636946,162.61912009960525,164.34009713753113,1844700
2017-07-07,164.20033264160156,164.61090855417137,163.37040970674244,163.6674410713018,2252500
2017-07-10,163.3180389404297,164.23531330306062,162.61916260080815,163.65000820099036,2612000
2017-07-11,162.4444122314453,163.9382602556714,161.6931226591947,163.36168639860486,2664500
2017-07-12,163.09085083007812,163.62374234675335,162.84624619914058,163.17820200972574,3342800
2017-07-13,162.03384399414062,163.60631229474345,161.89407940183088,163.36170759575595,2379300
2017-07-14,163.27430725097656,163.4752429688966,161.4135657225054,162.32209535805504,2716700
2017-07-17,162.79383850097656,163.5800657949792,162.27840920428943,163.4228256681599,2444600
2017-07-18,163.23068237304688,163.53643159725289,160.61863730477998,163.31803358140988,4235800
2017-07-19,165.2748565673828,165.46704785512074,163.80721521828897,163.80721521828897,3401600
2017-07-20,167.29283142089844,167.65973838107837,165.0389629541191,165.4670277393056,3099600
2017-07-21,167.53746032714844,168.60324355487617,166.50662824161623,167.18802888492345,4911500
2017-07-24,166.75994873046875,167.87814523889298,166.54155076663662,167.5461760682829,2356500
2017-07-25,166.33187866210938,168.1489512633199,166.2445274773114,167.84320212159693,1960100
2017-07-26,166.6376495361328,167.31905012970074,165.4408329374219,165.99993120214313,2683500
2017-07-27,165.0477294921875,166.410544203823,164.63715351741237,166.19214620470882,2631400
2017-07-28,166.9871063232422,167.06573973441152,163.88586537132403,165.2049844992957,1925000
2017-07-31,167.56370544433594,168.2625818190065,166.97840031291233,167.3715141080526,3767100
2017-08-01,167.9305877685547,168.95268881712153,167.39769611110125,168.95268881712153,3336800
2017-08-02,168.60328674316406,168.99640054885333,167.85199695297547,167.85199695297547,2463800
2017-08-03,170.1495361328125,170.31552076371156,168.61200551392213,168.83040353774567,2886100
2017-08-04,170.24560546875,171.25896201181223,170.0010007862913,170.30674997438695,2892300
2017-08-07,170.15821838378906,170.70858551133963,169.38945329514112,170.18442507272445,2074800
2017-08-08,170.26307678222656,170.3417101936001,169.5467382682745,170.07088547434662,1741000
2017-08-09,170.20196533203125,170.6649681191386,169.62539129640217,170.2631098528023,2125900
2017-08-10,168.22760009765625,169.81753043841036,168.0790777429576,169.70395922480125,2698600
2017-08-11,168.62069702148438,169.94854699183543,168.30620343272685,169.39819320897476,2210700
2017-08-14,169.22352600097656,170.13205588997036,168.5159052260417,170.0010224112549,2322000
2017-08-15,169.9136199951172,170.35914705339027,169.31083946748322,169.88741330521606,1595200
2017-08-16,169.27590942382812,170.58629729881991,168.45473088937382,170.18443915197565,1881600
2017-08-17,168.34112548828125,169.6864642315058,168.30618768389002,169.25839948048852,2440900
2017-08-18,166.69886779785156,168.77800814198352,166.5328831492532,168.46351442094422,2858500
2017-08-21,167.75587463378906,168.00047933313778,166.75124914217523,166.75124914217523,1930500
2017-08-22,170.16696166992188,170.31548402444628,167.34526354318714,167.8606795690389,2021900
2017-08-23,169.6864776611328,169.99222679609866,169.23220618838133,169.913606732532,1547000
2017-08-24,170.13204956054688,170.41160541134906,169.66031572476402,169.95733381877383,1923700
2017-08-25,169.79136657714844,170.8221988900871,169.59917524253987,170.63875200793402,1375000
2017-08-28,170.42906188964844,171.05804920272064,169.79134345526774,169.99226588501253,2009900
2017-08-29,171.86175537109375,172.1325667660905,169.76513984276852,170.20193585533264,2072200
2017-08-30,171.11917114257812,171.9927629685787,170.52512176932197,171.5559670555784,1506700
2017-08-31,173.75738525390625,174.27281449198807,171.5646748673164,172.03640852409032,2990200
2017-09-01,174.5,174.7096668763811,173.28570766711562,174.5349378144189,2241800
2017-09-05,174.1156463623047,175.10280974082823,173.5914990790741,174.0195506942187,2700800
2017-09-06,173.3031463623047,174.70962970009865,172.6479525092321,174.31650272429263,3040200
2017-09-07,173.7766876220703,174.92543384313726,172.81209778921266,173.42593011567502,2684600
2017-09-08,173.40843200683594,174.38179972045262,172.75075148089346,174.00472259436242,2206000
2017-09-11,175.0131378173828,175.74973664241836,174.31160939235485,174.72375684028844,3307900
2017-09-12,173.16285705566406,174.91667136654897,172.6717911895029,174.890365222329,2554700
2017-09-13,173.91702270507812,176.04790097596637,173.43472102425676,173.45226291643476,2394400
2017-09-14,173.390869140625,173.96086688915844,172.82964902825762,173.58378980867718,2378600
2017-09-15,173.78549194335938,175.12717249697613,172.92612648818252,174.08365061113213,4198700
2017-09-18,173.79428100585938,174.3467369536358,173.19797701165632,173.7767391111797,1915200
2017-09-19,170.68997192382812,174.1537658814868,168.70816657568628,174.01345752572246,3819000
2017-09-20,171.6545867919922,171.73350522976185,170.17261146245428,171.01444827362369,2788500
2017-09-21,171.1810760498047,171.9878291418977,170.90922355329508,171.54937550181174,1895000
2017-09-22,169.26937866210938,171.75979164743532,165.07776373958987,171.0933470596911,5660200
2017-09-25,168.14694213867188,172.14563650966195,167.41910761527504,169.47984472251554,3105900
2017-09-26,168.97998046875,170.43564933664643,168.40121862288188,168.63798726538053,2775400
2017-09-27,170.54969787597656,171.54059398136516,168.13820291010583,169.41848001706407,3267200
2017-09-28,171.96151733398438,172.35612292096502,169.6903173838806,170.3392335668449,2088400
2017-09-29,171.7423095703125,171.95275877042178,170.5409374039969,171.71600342029885,2646300
2017-10-02,173.13650512695312,173.5486524514655,172.16313790658913,172.391128889719,2893600
2017-10-03,174.18006896972656,174.8903616100777,172.9786970928159,173.18915962277,2533800
2017-10-04,175.80233764648438,176.02156442894776,174.00467535417644,174.53082498430493,2286400
2017-10-05,173.53993225097656,175.3200528244669,172.3648797958677,175.3200528244669,4069000
2017-10-06,173.68020629882812,175.37264384485698,173.19790475045,173.53989796102002,3361900
2017-10-09,172.13682556152344,173.90818122976793,171.68083023117057,173.636328853619,3365400
2017-10-10,170.7162628173828,172.2508501975455,169.83059148925477,172.10177760056595,2499100
2017-10-11,171.2249298095703,171.93523602540077,169.76049609399035,170.67248726020625,2935600
2017-10-12,169.17294311523438,171.31259892146952,169.00632859876717,171.00567603528856,2954700
2017-10-13,168.8222198486328,168.98883439892893,163.10477973710215,166.25287415618092,5435000
2017-10-16,169.41848754882812,169.52372552351383,167.8049813294449,168.787113222888,2927400
2017-10-17,178.79263305664062,181.18658629525578,172.19828625937078,172.57536336510046,8949700
2017-10-18,179.96766662597656,182.22132462422235,178.60845774669397,178.71369571280533,4796300
2017-10-19,178.2313690185547,180.4236367801605,177.74906743489328,180.1781038613039,3471800
2017-10-20,181.94949340820312,182.58086771005856,178.6172431218647,179.1170733055168,5138800
2017-10-23,181.52857971191406,182.7913283951016,180.46752934655777,182.02842330756906,2261400
2017-10-24,182.52821350097656,182.59836767694296,180.5376439526612,180.9760975170455,3459900
2017-10-25,182.01083374023438,183.39634855023613,181.58115782901746,182.67729169320808,2908300
2017-10-26,183.4051513671875,185.64126759641343,182.02841390217026,182.3265591645889,4346000
2017-10-27,186.43051147460938,186.57958412125262,182.8790339640899,183.40517035567586,4385300
2017-10-30,183.61561584472656,186.57956674937745,183.60685158887338,186.08850081073447,2477400
2017-10-31,184.34347534179688,184.606550238824,182.22136103205617,183.61564059159133,3749600
2017-11-01,183.73837280273438,186.45679059711648,183.20345885147373,185.57110572176705,1902900
2017-11-02,185.1151123046875,185.45710557198342,183.28236611685583,184.24696937360935,2825900
2017-11-03,186.667236328125,187.5090731498686,184.2382129537563,184.78189115038805,2196900
2017-11-06,186.00955200195312,187.59675190176765,185.72894865429666,185.82540898204715,2293700
2017-11-07,186.51812744140625,187.2547261543772,184.93092781683563,186.55321121661805,1845800
2017-11-08,184.82568359375,186.71979245699308,184.7642936839288,185.97442956976775,2261100
2017-11-09,185.51849365234375,185.69387242432867,183.38761548066904,184.66789255864722,1839700
2017-11-10,185.0888214111328,185.73772421865408,184.32590299772883,185.43081470660945,1384700
2017-11-13,186.48309326171875,187.25476251921978,184.09790454462316,184.42235593537214,2662200
2017-11-14,185.65003967285156,186.51816928628006,184.95727545266587,186.08849329758684,1993900
2017-11-15,184.02772521972656,185.88676399680784,183.81726269795604,184.9221742115757,1816300
2017-11-16,185.14141845703125,185.91308768192232,184.06281298428985,184.48373806754873,1919600
2017-11-17,184.06280517578125,185.4307915675258,183.40512481419955,184.5538844187502,1887500
2017-11-20,184.36973571777344,184.74679938480966,183.78220950926053,184.1505089214384,2040400
2017-11-21,186.43051147460938,186.64973831623965,184.80822749432747,185.14145657537975,2327200
2017-11-22,185.2203369140625,186.6146161285982,184.81695372102774,186.13231450014635,2257800
2017-11-24,186.3515625,186.7198619543938,185.0274373153549,185.90434460120966,744000
2017-11-27,186.25511169433594,187.8773956083997,185.73773958053718,186.12358094694437,2856300
2017-11-28,189.5347137451172,189.6837863572169,186.3515364604864,187.55290837300518,2905700
2017-11-29,195.44509887695312,196.66399946111088,190.60456694408828,190.9027122080018,4247200
2017-11-30,200.75946044921875,201.2697854507375,195.58583281550088,196.94083692229316,6846400
2017-12-01,199.5364532470703,201.6833331998576,194.52120860162762,201.39297516436886,3325800
2017-12-04,194.82037353515625,203.92701282633507,194.80277241572094,201.7185355245566,5591500
2017-12-05,193.65013122558594,196.84405613631637,192.83186048770384,194.45081427122832,3246300
2017-12-06,193.51820373535156,195.29554116376463,192.71752049388022,194.46846295175888,2397500
2017-12-07,193.7029571533203,194.10770238728273,191.97842319297695,194.09010126605259,2661600
2017-12-08,197.01129150390625,197.38083453610616,193.76457570405728,194.0549338205836,2233300
2017-12-11,196.0081787109375,197.8119106174803,195.36586546801928,195.77940446112925,1599500
2017-12-12,195.76182556152344,196.58009631290503,194.6795783135601,194.80275928986657,2294100
2017-12-13,197.39842224121094,197.92633506887339,194.65322451962135,195.1019658627151,3059400
2017-12-14,194.6707763671875,199.70362191952893,194.45960323414056,197.97028105137713,2811700
2017-12-15,195.17233276367188,196.870471616397,194.1252876603677,196.870471616397,6293400
2017-12-18,195.92019653320312,197.8031134256834,195.49786367270164,195.8586127575373,3194100
2017-12-19,195.3659210205078,196.90569030587847,194.31888918406287,196.20180651600148,2340200
2017-12-20,195.66502380371094,197.87348735323752,195.09310162524787,196.30732359806885,2633200
2017-12-21,195.0579376220703,197.03764060739397,194.77637341981196,196.31614240839704,2955300
2017-12-22,193.5709686279297,195.63866389037997,192.20717048199782,195.3307047063654,1959700
2017-12-26,193.21902465820312,193.94050946105466,192.77028337067435,192.77028337067435,1482400
2017-12-27,193.94052124023438,194.83799044408,192.91107719422973,193.55337713560598,1861900
2017-12-28,196.0081787109375,196.02576640267745,193.7029156497094,194.8555538931829,1452600
2017-12-29,193.97572326660156,197.0464542803446,193.97572326660156,197.0464542803446,2350200
2018-01-02,194.59156799316406,195.7265915602316,193.57091811185668,194.46838703684887,3485000
2018-01-03,196.6328887939453,196.92324683309027,194.02848713945897,194.99633384422253,2417600
2018-01-04,197.486328125,198.93811807322052,197.23996621119,197.38954212845198,2749100
2018-01-05,201.25222778320312,201.53379202098975,197.72396151741586,198.13750060058885,2432800
2018-01-08,197.75912475585938,201.23461405968965,197.6271499275428,200.72428901399883,2850800
2018-01-09,198.74456787109375,199.40446880380645,196.47450705147574,197.75910668208726,2672200
2018-01-10,197.266357421875,197.97904818940114,196.23691371036867,197.8206784302696,2311600
2018-01-11,198.31344604492188,198.77977500630698,196.82646699133838,197.2487998680094,2543600
2018-01-12,201.17303466796875,202.2816636011467,199.30771865876483,200.1259895182178,3943800
2018-01-16,204.9212646484375,206.7689929343091,203.46948772791055,205.33480370836378,6852600
2018-01-17,209.78689575195312,210.25323808794525,205.7571126076498,206.4785973001467,5124800
2018-01-18,213.94869995117188,214.59979365999206,209.89250805075812,210.51720679439478,6234200
2018-01-19,214.1158905029297,214.99575853306175,212.1097924682862,214.8461691533051,4293600
2018-01-22,214.30067443847656,214.5118476178556,212.36496728419533,214.32706940768372,4012200
2018-01-23,215.75244140625,217.30979812296653,213.2888082843496,213.79913334304987,3300000
2018-01-24,215.43569946289062,217.60016736808413,214.43265041337438,216.45633620705513,2733300
2018-01-25,215.72607421875,216.6147496742102,214.5998440208902,215.3477373451872,2420500
2018-01-26,218.62083435058594,218.85840250381824,215.09256799843567,215.56769087917817,2615300
2018-01-29,217.68814086914062,220.66208552182135,217.67933359685097,219.3334897009157,2564700
2018-01-30,208.22076416015625,213.57917067234715,204.2173753597925,204.90367134989603,11565500
2018-01-31,208.3351287841797,217.32738016295545,207.43765973037824,213.66712632751202,5187400
2018-02-01,206.96253967285156,209.25020170650495,205.73952376292718,206.99772848343295,4268300
2018-02-02,204.0238037109375,207.91281880423693,203.4166926202823,205.00925161129334,3959900
2018-02-05,193.5885772705078,205.10604712925004,183.43489218497146,203.0647467545964,6290000
2018-02-06,198.128662109375,199.29888811506325,184.95705101202213,186.707979671635,7064800
2018-02-07,198.6918182373047,201.7449481534717,194.8995754973496,195.62107377443982,5589200
2018-02-08,190.4562530517578,199.40450993396772,190.2802686928266,198.26067872952297,4902400
2018-02-09,194.4156036376953,196.45689004306394,186.54077573706093,191.8111889266054,6225300
2018-02-12,198.577392578125,200.60988532075976,195.46265262974217,195.7178218443861,4912000
2018-02-13,199.4132843017578,199.83561718534918,195.67384527702765,196.34254012819068,3536800
2018-02-14,201.29623413085938,201.78895814637153,197.0200743880612,197.9263375078187,2878400
2018-02-15,198.86773681640625,202.3696071283833,195.1019034621616,201.727307351916,4662700
2018-02-16,201.81533813476562,202.85358945528097,198.58622387750955,198.84139314027854,3621700
2018-02-20,199.430908203125,201.26982932318325,198.50704400633325,200.53074333603857,3172300
2018-02-21,198.08468627929688,201.7977302972915,198.06708516017136,198.98214196889583,3371900
2018-02-22,199.80923461914062,202.22887178530212,198.04070465095128,199.11414475872428,2767900
2018-02-23,202.5103759765625,202.65115804666956,198.77093782829104,200.5218661570227,2393900
2018-02-26,205.94190979003906,206.33784772000288,202.10568462663088,203.8126307598783,3307000
2018-02-27,204.58694458007812,207.55209592880803,204.516553517479,206.24108756112898,2899500
2018-02-28,198.9909210205078,206.54898281375682,198.9293238251643,206.25862480510497,4368600
2018-03-01,197.486328125,201.74488512167878,195.98176168178293,198.58616289226524,3514600
2018-03-02,198.13746643066406,198.69178753713456,195.8498043831942,196.3953316433961,2613600
2018-03-05,200.94424438476562,201.86809498096645,196.0257723978101,196.53609741397284,2627300
2018-03-06,199.00851440429688,201.6217231311993,196.99362282844308,201.41935727418695,2652800
2018-03-07,199.9676055908203,200.45153567952573,196.87046644882594,197.39839262299918,3242200
2018-03-08,198.3874053955078,201.2652805846769,197.67235481444993,201.2123024003784,3500900
2018-03-09,199.00534057617188,199.96758223024136,196.41879837116838,199.60563873972765,4834600
2018-03-12,196.65716552734375,200.39132611457072,196.65716552734375,199.69393491532065,3117300
2018-03-13,200.33836364746094,201.3270742610885,197.00145185629594,197.3280765832611,3343800
2018-03-14,198.9612274169922,202.50117511301923,198.64342565217433,200.50609448787887,3048200
2018-03-15,202.58065795898438,203.7106169956079,199.2084402475476,199.35851145879886,3330200
2018-03-16,201.15049743652344,204.16078415229774,201.05339097891232,202.73950607462794,5690300
2018-03-19,198.66993713378906,201.24765695066782,197.46051757557066,200.66501805139538,3407300
2018-03-20,200.19711303710938,200.92100006357347,197.63705302729156,198.76701184943462,3429100
2018-03-21,196.70130920410156,200.77975394961774,196.70130920410156,199.9057957312192,3419800
2018-03-22,189.9833984375,195.67733599574643,189.8862919409021,195.66849956048935,5894800
2018-03-23,187.6351318359375,192.2079316226904,187.5909900854126,190.46002875730716,5741200
2018-03-26,193.39088439941406,193.69102677527073,189.53312138672578,189.96568902499368,3561300
2018-03-27,192.41098022460938,195.93326829780878,191.04266678474343,194.49434422158586,3722100
2018-03-28,192.88771057128906,194.13243541468225,191.59884396965725,193.23199473327298,3179500
2018-03-29,188.91519165039062,197.16920190729707,188.91519165039062,193.66455919018765,5529400
2018-04-02,191.74009704589844,196.85140835298125,189.47135609306085,192.85241011281477,6220700
2018-04-03,198.25498962402344,198.7140395875137,193.93819039723593,194.51199274897039,4652000
2018-04-04,201.97149658203125,202.5806177404107,194.58262254990322,194.82097723582814,4674000
2018-04-05,202.2187042236328,204.4344802770312,200.21478704599267,202.5629883669126,3348100
2018-04-06,197.7076873779297,201.44184815592402,195.81853611148006,200.0823575378167,3231700
2018-04-09,196.621826171875,199.62328992590272,196.29520148273758,199.1377576378807,3031500
2018-04-10,200.20596313476562,201.41538266361124,197.29279564950218,198.9788976786183,2737500
2018-04-11,195.88914489746094,198.97005616626555,195.70376838685942,197.9813455225981,3482100
2018-04-12,197.95486450195312,199.28785928734843,197.22215447707842,197.77829748281428,2664500
2018-04-13,197.99017333984375,199.6233240046753,196.93083855705933,198.7140604146862,2496600
2018-04-16,203.32220458984375,204.6728589617347,199.81756159423347,200.48847056302546,4510600
2018-04-17,210.58746337890625,213.34173648340305,208.40699268112212,211.25837225892732,6180300
2018-04-18,208.68946838378906,211.6379678021604,208.60119834669942,210.98470487087152,2940100
2018-04-19,208.12451171875,210.34030137370289,207.27704922512277,208.51293764090144,2734900
2018-04-20,207.50653076171875,209.30741181454647,206.12939435083348,208.3804889317826,2842000
2018-04-23,206.87095642089844,208.52176653031518,205.75865688694097,207.70959592056124,3051700
2018-04-24,206.76502990722656,209.5016572292545,205.2996097678136,208.29223773098082,2771200
2018-04-25,207.36526489257812,207.5418318801067,203.4280689218176,206.08523505401553,3118800
2018-04-26,209.24560546875,209.96065601276985,206.8620991652936,208.0979873314797,2252800
2018-04-27,212.02638244628906,212.34418421753958,209.351556484169,209.77530115928445,2301800
2018-04-30,208.68946838378906,212.7502672547282,208.68946838378906,212.7502672547282,3446900
2018-05-01,209.08673095703125,209.65171038176305,206.88860093712665,209.21914274791683,2633500
2018-05-02,206.0941162109375,208.52176464442147,205.56444207374457,207.78905459171284,3542700
2018-05-03,206.7031707763672,207.27698652238888,202.43051386555692,204.77871461536276,2731600
2018-05-04,208.24806213378906,208.91014797796623,204.94646934506835,205.77628575833108,1999900
2018-05-07,206.37661743164062,209.21035141658336,205.36142429423484,208.230463605361,3237800
2018-05-08,204.83172607421875,206.32362849616445,203.6134836761476,206.32362849616445,2698300
2018-05-09,202.34226989746094,206.0587709328317,201.47713468656403,205.7321462233086,3504200
2018-05-10,206.31480407714844,206.82680532907114,202.47470039652168,203.172091630823,2169000
2018-05-11,210.34910583496094,210.80815583623206,205.64388036490578,206.20003683817325,3044900
2018-05-14,214.42752075195312,215.1072659609323,210.82578576893368,210.8963964021792,3893600
2018-05-15,211.42608642578125,213.82725224276084,210.69337645139242,213.50945048844966,2396600
2018-05-16,213.38587951660156,213.4653265942827,210.6051240363816,211.55851590890026,1906100
2018-05-17,214.48052978515625,215.01019043171178,212.34418739248034,213.18284032232816,2418700
2018-05-18,215.96360778808594,216.06953722926244,213.97734994498788,214.84247181166657,2283600
2018-05-21,218.8414764404297,219.96261245057036,216.14016784779457,216.2814160870604,3040700
2018-05-22,216.44029235839844,218.97388361137413,215.2573687602411,218.9297418564815,2644100
2018-05-23,215.6281280517578,216.7227815737343,213.31524565050944,215.42509215024117,3047800
2018-05-24,214.2774658203125,216.6698086754383,213.80959288612817,215.9017933816209,2610400
2018-05-25,216.2372283935547,216.793384798662,214.0214526752315,214.471666188308,1554900
2018-05-29,213.7831268310547,215.27502925087424,212.07936553894902,215.27502925087424,2837800
2018-05-30,216.22842407226562,216.94347467180583,214.18920170463707,215.1690893518293,2071900
2018-05-31,213.200439453125,216.0606548093618,212.46772958954728,215.58395898507368,2966100
2018-06-01,214.8248291015625,215.1691132607143,213.00628835637326,215.1691132607143,2371400
2018-06-04,215.95477294921875,216.49327002920884,214.2863169915728,215.3986164732793,2188900
2018-06-05,215.7781524658203,216.3784505478086,213.55355405360527,216.3607911562348,1531900
2018-06-06,219.5035400390625,219.5653411887584,216.39615991291922,217.44667169637233,2650300
2018-06-07,219.79486083984375,220.69530144137278,219.15043433128318,220.48342910272706,2117200
2018-06-08,221.2955780029297,222.01946503054072,218.99153207254616,220.2185973643256,3034600
2018-06-11,224.03219604492188,225.10036714840004,221.04839148908067,221.4368173448909,2775200
2018-06-12,223.85569763183594,224.1734994584635,220.84540997824888,223.52023640645834,2567200
2018-06-13,223.22891235351562,226.6364623229624,222.8846281709284,224.3500484230378,3138300
2018-06-14,225.4005126953125,225.9831514872813,223.92626979091,224.64132036733926,2456600
2018-06-15,226.77369689941406,226.77369689941406,223.74390691150245,225.25880866436924,4772200
2018-06-18,225.79029846191406,225.9143244539053,223.37178485917565,225.01956647724145,1961900
2018-06-19,224.15139770507812,224.3994497036368,222.503615990184,224.10709980865977,2370200
2018-06-20,223.96534729003906,224.78037719947244,223.14146320863415,224.41716689916288,2580400
2018-06-21,223.1503143310547,224.70950019938223,222.29098653786758,224.08937022435535,2150300
2018-06-22,225.3473358154297,226.0029094663097,222.53016833830745,223.46036999280167,2604000
2018-06-25,222.10498046875,226.02067422127706,220.24457680668988,225.33852440947885,3060800
2018-06-26,221.272216796875,223.6641545790862,221.06844917081153,221.97207491709415,2158000
2018-06-27,219.854736328125,223.03512760873645,219.8193061252701,221.7328479892649,2481000
2018-06-28,216.9578399658203,219.70414721311204,214.5924783901401,218.93341521592956,3556900
2018-06-29,217.34767150878906,219.2612272820734,216.69211123822012,216.95787160854726,2772600
2018-07-02,219.24349975585938,219.4649757372931,216.2668620246776,217.04646180502698,1793300
2018-07-03,218.800537109375,220.36859076635042,218.58792882898544,219.9699367227995,1248000
2018-07-05,221.91891479492188,222.29984696250327,219.3320771707482,220.68750898208202,2182900
2018-07-06,222.14926147460938,223.00858935596642,220.96215346949666,222.3707374539731,1572300
2018-07-09,224.72723388671875,225.02843795932213,222.40617006469702,223.36294786986684,2039600
2018-07-10,226.3838348388672,227.588664461015,224.7980730986419,225.17900521671936,2012200
2018-07-11,225.54225158691406,226.79137922457613,224.78924144627422,226.0295013942808,1486000
2018-07-12,226.83566284179688,227.517826087645,225.83460071490876,226.95083466437586,1592700
2018-07-13,229.1833038330078,229.45793182414153,226.8090613095415,227.13686839681225,2356200
2018-07-16,227.6595916748047,228.96187147618792,227.18119600361624,228.82012360933055,3625400
2018-07-17,221.73287963867188,223.70845505474188,218.17155571830932,222.8491271963019,6932300
2018-07-18,226.27757263183594,227.33178691840683,221.86577499256458,222.4593289837303,3359800
2018-07-19,224.0716552734375,227.23433852034447,223.11489100692822,226.1889784613191,2307600
2018-07-20,223.86790466308594,224.6209283577552,222.51247282693745,222.51247282693745,1959600
2018-07-23,223.9033660888672,226.10925824241488,223.6287245132003,224.0539681361431,1479600
2018-07-24,224.80699157714844,225.8700871791279,223.25665959505417,225.78149137302222,2476500
2018-07-25,225.7814483642578,226.1446721751501,223.92991262261592,225.7371504696432,3016900
2018-07-26,227.67724609375,228.44797797077825,226.61416437975512,227.01281833277602,2021300
2018-07-27,226.74708557128906,228.37715891350075,226.25098158280633,228.37715891350075,1656800
2018-07-30,224.87782287597656,227.57984575378444,224.23111687106774,226.71165027561145,1681500
2018-07-31,224.32859802246094,226.08268404847817,224.00081788853112,225.14362802967926,2355900
2018-08-01,224.46148681640625,226.88001441172358,223.9653827510556,226.88001441172358,3006700
2018-08-02,226.86224365234375,227.05714357874186,223.45152197601635,224.5766236388019,1854400
2018-08-03,227.8721923828125,228.17339645150693,225.28535472884468,227.19005614214925,1422300
2018-08-06,227.46470642089844,228.15571041915882,226.3218827575914,227.23436274293064,1398100
2018-08-07,228.25311279296875,229.3073404968954,227.7924525414632,228.2442721390429,1462800
2018-08-08,229.28077697753906,229.89205280681304,228.49233659677316,228.66063345821635,1494300
2018-08-09,231.74363708496094,233.0104733873031,229.7237769333478,230.2553247702241,2315000
2018-08-10,230.6538848876953,231.6638281289193,229.54650521212687,230.7690566996563,1625000
2018-08-13,231.14117431640625,232.59404255659078,230.6007589150581,231.2209024177908,1635100
2018-08-14,233.41790771484375,234.14432817408186,231.08797674692008,231.12342046354746,1941600
2018-08-15,230.8754119873047,232.71810731576835,229.61744353703597,232.08912309063402,2017700
2018-08-16,233.081298828125,233.65713089999247,231.6195629424187,231.72586707437713,2115900
2018-08-17,232.399169921875,233.99381324375094,231.85878149270633,233.4799738158552,1969700
2018-08-20,232.46115112304688,233.42678301832018,231.72586286659345,232.99269880882588,1786200
2018-08-21,231.8321533203125,232.5674415333896,230.98169329461973,231.97390116386742,1559300
2018-08-22,230.9905548095703,232.06251790408604,230.55647058647966,232.06251790408604,2148500
2018-08-23,231.593017578125,232.6029340011072,229.94522220764333,231.2386343771492,1603500
2018-08-24,234.12667846679688,234.56963041084907,231.8853427113185,231.8853427113185,2238600
2018-08-27,236.60720825195312,236.93501541394676,234.25072760422623,234.76453998473664,2614000
2018-08-28,237.87403869628906,238.43216241764978,236.82865166209731,237.90061472894251,2603900
2018-08-29,238.30816650390625,238.59166226116423,236.75783456568382,237.767778062549,2880600
2018-08-30,237.7677001953125,239.34460765462416,237.5196212122233,238.71559658002158,2976300
2018-08-31,237.82977294921875,238.49420092876653,236.7135523278162,237.67031672268178,2961500
2018-09-04,237.87403869628906,238.67134671153073,236.1553831563307,237.4222191055421,2097300
2018-09-05,237.1033172607422,238.13094192614585,236.47430606723304,237.9183336554609,2230600
2018-09-06,239.69003295898438,240.01891908485382,237.28114011311396,237.86781284852955,2556100
2018-09-07,238.47219848632812,241.03221451130457,237.78776068352454,239.6811069989492,2958000
2018-09-10,230.8721923828125,237.15664537785233,230.0010674630791,237.13887728323564,4146200
2018-09-11,232.03662109375,232.37440475188902,228.8721643914896,229.2632794559811,2283300
2018-09-12,233.4855194091797,235.1032839361079,231.86772775539185,232.1077190824159,2236300
2018-09-13,235.99220275878906,236.16999221621563,234.15221479605088,234.8099869601765,2734500
2018-09-14,235.83213806152344,237.0232511151865,234.0276868279127,235.91213515540514,2084600
2018-09-17,234.55223083496094,237.0322503156503,234.14334758203302,236.8900241566175,1940400
2018-09-18,234.03660583496094,234.74770926349785,232.88992646410247,233.71659030331944,3557000
2018-09-19,235.8499298095703,236.09881872445348,233.92104750094018,235.08549497344964,2274300
2018-09-20,236.79220581054688,238.16997903136698,236.49885594620451,236.51662403952284,2095000
2018-09-21,237.0410614013672,238.08105081480025,236.31216277496657,236.53438598105043,5671600
2018-09-24,237.65443420410156,239.58334406959762,237.041122952762,237.34334333628954,2699800
2018-09-25,234.23219299316406,237.62774349008177,233.80551460592386,237.60107778630802,3789700
2018-09-26,233.6988983154297,235.99223067710722,233.29001506721207,235.1122351505246,2238000
2018-09-27,235.2455596923828,235.9211271467923,233.71666243499558,233.7788914640839,2761400
2018-09-28,236.4810791015625,236.61440761366592,234.53440144427563,235.00551360494703,2875100
2018-10-01,239.20106506347656,240.01883127290918,237.35215279310867,237.556607908895,3314500
2018-10-02,240.5610809326172,241.28108198472694,237.778841918655,239.11218121913342,2777300
2018-10-03,240.8011016845703,241.84111840192705,239.79664828176158,241.7788893831833,3002200
2018-10-04,238.50772094726562,241.44105631611768,237.60993054491738,240.88994712424835,2186600
2018-10-05,239.29000854492188,240.8900051081798,238.17889228519778,238.80110111452618,2045700
2018-10-08,239.12110900878906,239.68998640949417,236.1344144927893,238.9699852665103,1865000
2018-10-09,240.09889221191406,241.74334980374005,238.64112169464883,239.28112578504573,2510100
2018-10-10,233.84996032714844,241.2633518765774,233.35218241341695,240.53445310044853,4267300
2018-10-11,228.55215454101562,235.02329423322792,227.36104122459545,232.88995654520878,4558500
2018-10-12,230.76544189453125,232.3476970867663,228.32098674635742,230.84546611646743,4006300
2018-10-15,231.33438110351562,233.281058757302,230.49881959335804,231.2277182940247,3583400
2018-10-16,242.28550720214844,242.49883278492229,235.556582467995,239.72549170144484,6453600
2018-10-17,237.60104370117188,240.88995803804272,236.11660785928336,240.16995701257937,3985100
2018-10-18,237.16552734375,238.11664931680983,234.40995375566635,237.6455371353561,3132100
2018-10-19,235.82322692871094,238.20548002626853,234.56991206958756,236.9965718253934,3336600
2018-10-22,233.05880737304688,237.1832558939611,231.16546135273865,237.11215640517622,2618100
2018-10-23,235.43214416503906,236.01881669362407,230.40103457117277,230.86324908148674,4081800
2018-10-24,227.8410186767578,235.84992469842007,227.4943374491529,234.6766067690308,5265600
2018-10-25,234.88104248046875,235.71660394554394,225.21878135709372,229.4765857852716,4675600
2018-10-26,229.4944305419922,233.24556077867155,228.46331121665887,232.44556235654622,4830600
2018-10-29,228.01881408691406,232.92552062503552,225.1743728691575,230.86328243153113,3697700
2018-10-30,229.583251953125,230.83659416910317,225.76100985657573,228.16991552919842,4169200
2018-10-31,232.3121337890625,234.7299232389702,231.30768060602236,231.8854554884241,4230200
2018-11-01,231.93882751464844,235.27217602802025,230.89883796951784,233.70774290534231,2771300
2018-11-02,232.0099639892578,236.78331492273318,230.7210583252973,235.20995699644388,2593600
2018-11-05,232.0099639892578,233.77885232817977,231.174402422955,233.02328787437054,3287000
2018-11-06,234.25885009765625,234.676630859349,231.73439743458968,231.73439743458968,2582400
2018-11-07,244.11666870117188,246.0011173647161,237.24551661489093,237.24551661489093,5796800
2018-11-08,245.91220092773438,247.11221169768083,244.17887615057344,245.33442600201406,3809100
2018-11-09,245.8233184814453,247.1122240258486,243.7255442767941,246.0988731078722,2904300
2018-11-12,242.11663818359375,246.92555174461083,241.7788545611891,245.33442595179483,3140600
2018-11-13,239.30780029296875,243.2011563921653,238.34780768549916,242.29446807342038,2516900
2018-11-14,235.52108764648438,240.46333068144392,234.0899829011508,239.37000962495887,3511900
2018-11-15,235.50331115722656,236.37443605389737,231.86774208000804,234.6677495757096,3657600
2018-11-16,240.9877471923828,241.60108547904204,235.48552495894842,235.54772684710898,3857800
2018-11-19,236.48992919921875,242.01884374834398,234.82770392894102,241.31663793617594,3670800
2018-11-20,232.44554138183594,237.138895778582,231.46775356441714,236.10777654629166,3617700
2018-11-21,231.60101318359375,235.22771107684036,231.51214560316174,233.41436213021706,3234300
2018-11-23,232.5521697998047,233.72551500708215,229.58327059486453,231.11216755762786,1159300
2018-11-26,236.5877685546875,238.48998550425293,234.22330987529597,235.2188657135951,3879800
2018-11-27,241.02333068847656,241.15665921264173,235.58330988764678,236.0633197015028,3497300
2018-11-28,249.73443603515625,251.023314283042,242.50773343271575,242.50773343271575,5044300
2018-11-29,251.15664672851562,253.7344575185853,249.16553556137424,249.2721983557775,4177800
2018-11-30,250.89805603027344,252.9312339804472,248.85600646627918,252.35158559278923,6143200
2018-12-03,255.32998657226562,255.50834411960793,252.10191634557327,252.36052662515732,4178800
2018-12-04,248.3924102783203,256.7658027510842,246.92998116708614,255.1695918145309,4635500
2018-12-06,246.8763427734375,246.95659549610903,236.53223217257042,243.46098936525715,6694600
2018-12-07,240.0367889404297,246.49295723096873,238.34250093118735,244.12094313261198,3506900
2018-12-10,237.67369079589844,239.8762732784842,232.05578152646615,239.51065933611497,4061300
2018-12-11,238.28892517089844,242.13229273707947,236.90674972172806,240.39340226944628,3102800
2018-12-12,241.33872985839844,244.83430939357046,241.20494808342835,242.50689838410332,3167900
2018-12-13,242.68528747558594,243.7286277343699,240.4292026148966,241.53494354175726,2350400
2018-12-14,236.3271942138672,241.27633129612502,235.15902554628224,241.08904767383737,3360500
2018-12-17,230.12965393066406,234.30295987211164,228.9347343942775,232.77810331918747,5806800
2018-12-18,225.581787109375,231.84174544257945,221.32821521109165,231.58316236428954,5065500
2018-12-19,223.2097625732422,228.78309575885018,220.78424688232397,225.0467310141353,5468500
2018-12-20,216.1918182373047,222.05049880208975,214.0605762457566,221.59571972844844,7311700
2018-12-21,212.53570556640625,220.70398563366484,211.74206349567115,214.66694755007265,12209700
2018-12-24,207.7203826904297,212.1433727839807,207.3815196404823,210.6631056646133,3091000
2018-12-26,217.00331115722656,217.02113602694,206.7127009159205,207.50634303483403,4159300
2018-12-27,219.33966064453125,219.33966064453125,209.7713652836513,213.21345667593664,4295800
2018-12-28,219.58042907714844,222.74607164297578,218.3052432874641,219.99954484796757,3312700
2018-12-31,222.14859008789062,223.18300395705103,220.20461807111647,221.20335498932926,3123200
2019-01-02,217.12814331054688,219.67850105987182,215.32683825792068,218.47465567771513,4063600
2019-01-03,211.20703125,217.11921360010848,210.56498220460279,217.11921360010848,4623200
2019-01-04,213.67715454101562,217.1014211635975,212.94594022310557,213.83767362972932,5367600
2019-01-07,214.0873565673828,215.78164458675207,212.43764433265076,214.37270418021143,4133000
2019-01-08,216.94979858398438,218.28739859572528,213.75740519658785,216.09374219626193,3618600
2019-01-09,217.26190185546875,219.92818933548227,215.85296160095385,218.2606388027622,3425400
2019-01-10,218.35873413085938,218.59950593761454,215.27334445756404,215.87080415029152,3374100
2019-01-11,220.85557556152344,220.93582828954948,216.93195464797068,217.09246010402276,3967100
2019-01-14,221.20338439941406,222.8620090629798,219.4645069957012,219.8925352165909,4955500
2019-01-15,229.0595245361328,229.10412752850155,220.2581213684117,222.93332122308877,5325600
2019-01-16,233.1526336669922,233.80360891992103,230.2188500410047,230.718218624728,6069400
2019-01-17,231.64556884765625,233.40228468358885,229.96913296332934,232.73348465285628,3583600
2019-01-18,236.75526428222656,237.432990507905,232.22526969289734,234.16924235612865,4844800
2019-01-22,236.92465209960938,238.53868739612204,235.18576106307987,235.47112228579493,4052700
2019-01-23,238.110595703125,240.29535298759285,235.12331117321042,238.76157075359404,2971100
2019-01-24,237.31692504882812,239.12714208304695,235.64938857069714,237.91437096306674,2927300
2019-01-25,239.02906799316406,241.13357244882351,236.9335167911727,239.69786787810693,2809100
2019-01-28,237.88775634765625,238.0304369854871,235.96160855726296,238.00368606674064,2837300
2019-01-29,238.39599609375,239.38583428642056,236.7017081318696,237.2010766424545,2173000
2019-01-30,241.09791564941406,242.94381001735917,238.2622104315368,240.49154356764268,3659000
2019-01-31,240.94631958007812,242.31956910324382,239.86730282304276,241.19600378552076,4055100
2019-02-01,239.62660217285156,240.22407552938935,237.22783713138583,239.40366882114319,3946800
2019-02-04,239.1717987060547,239.59984051902345,235.6583670635381,239.26097748544936,3398900
2019-02-05,237.47755432128906,242.63177303884004,237.0584384734282,240.87505689528032,3597000
2019-02-06,240.3221435546875,240.7055823730792,236.29151851346575,236.43419911849253,2570000
2019-02-07,239.87628173828125,241.28520851951356,238.3246743491259,239.5552707806119,2458200
2019-02-08,233.5449676513672,239.60877098613577,232.1360408796651,238.5386800407227,4547000
2019-02-11,229.30032348632812,232.90290657637777,228.58692048814368,232.89400774821044,4856200
2019-02-12,234.97169494628906,235.41756154011503,229.1041025454956,231.1550779916802,4327900
2019-02-13,235.23922729492188,237.45966165710036,234.65960610829998,234.98954306621368,3066400
2019-02-14,236.60360717773438,238.1552417735628,234.26727006211863,234.7398876678459,3015300
2019-02-15,241.77569580078125,241.77569580078125,237.7539692138489,238.79730932926327,3673700
2019-02-19,241.13365173339844,242.98844538353856,240.12598855459967,241.81137788130826,2486700
2019-02-20,240.3310546875,241.2941146947578,239.1450341377159,240.06351836459314,2802800
2019-02-21,237.55772399902344,240.71446721274705,236.39848170022606,240.2953515114517,2554300
2019-02-22,238.1908416748047,239.33228629429271,237.15645511208442,237.6468974860214,3191100
2019-02-25,235.95263671875,239.13613113229556,235.75645430412854,238.60998453716564,3679100
2019-02-26,234.508056640625,236.69278711745443,234.34752394817204,236.0061622042012,3212900
2019-02-27,223.00469970703125,233.28637154720863,221.98812413244173,233.28637154720863,8952900
2019-02-28,215.9956512451172,224.67221285518448,213.25802335320043,222.6658128351519,11034300
2019-03-01,219.50013732910156,221.1498493089935,217.1905514426687,217.1905514426687,6921300
2019-03-04,210.46693420410156,221.55117453667563,209.1204079765091,221.25690086323038,8646300
2019-03-05,215.29119873046875,216.86957073534182,209.50385739055497,210.9217103000782,6924500
2019-03-06,213.18670654296875,215.56763304430638,211.3675628206799,215.56763304430638,4878700
2019-03-07,211.07325744628906,215.06821859436164,210.04776965201847,214.28350258736407,5033500
2019-03-08,212.406982421875,214.30468152173233,210.03487562043102,210.4913904222083,4921700
2019-03-11,217.652587890625,218.4313664823432,211.62831882477698,214.12575906858683,4539600
2019-03-12,220.0962677001953,221.52847856031235,218.18067526002596,219.26378327175206,4235800
2019-03-13,225.7982940673828,226.25480899157427,221.1704377071079,221.95816258841626,4881600
2019-03-14,226.71131896972656,228.31360795776465,225.87883457780492,226.46962819030355,3865200
2019-03-15,225.03744506835938,228.02721314498461,223.73055264652544,227.66915013586714,6466200
2019-03-18,228.25990295410156,228.53739319975105,224.16017443062645,226.16528594625893,3927400
2019-03-19,230.1665802001953,232.06426626132438,228.38525266065,229.11031144216793,4164800
2019-03-20,224.2317657470703,230.66780144831688,223.75734434137956,230.4350571415002,4193500
2019-03-21,225.59237670898438,226.43380747350346,222.58471656065194,223.05913796469724,2699700
2019-03-22,221.17938232421875,224.8583956789586,221.08987682580735,224.29446869697904,3777900
2019-03-25,220.9735107421875,221.4747852549622,215.53107638017954,221.4747852549622,4110900
2019-03-26,217.86737060546875,221.89548667508205,216.37249361423468,221.33154605455053,4416200
2019-03-27,216.36355590820312,219.91723699614502,213.18581703753838,217.464570520632,4819200
2019-03-28,216.82901000976562,217.38400418220493,213.83925600673265,217.15125984389948,3601500
2019-03-29,221.33154296875,221.77911141468925,216.50675566787297,218.67298530717437,4294200
2019-04-01,219.7919158935547,223.96325726755418,217.57198013046929,223.5246489132039,4809500
2019-04-02,218.7804412841797,220.56175520384093,217.339270142562,219.7650838062204,4057100
2019-04-03,220.06048583984375,221.58221607060023,218.9415645438894,220.48120133981917,2851400
2019-04-04,221.44790649414062,222.9875429807884,218.98628013753225,219.73819181927993,2255500
2019-04-05,222.69216918945312,223.16659067996085,219.4607242556197,222.84434083181353,3343000
2019-04-08,222.66534423828125,223.49781515000754,220.48120762096278,223.49781515000754,2195400
2019-04-09,222.7011260986328,223.7305418340502,220.15894032094025,221.60907153504627,2903800
2019-04-10,220.23052978515625,223.6678521932474,219.77401488459427,222.69215625312395,2753700
2019-04-11,210.7331085205078,221.027181950271,208.2804287166308,220.24841728767416,8223400
2019-04-12,199.8124542236328,211.9505080567666,197.61937161279337,211.69987082459667,13979400
2019-04-15,206.0605010986328,206.74976030078244,200.87766472280742,202.09505139082938,10021800
2019-04-16,197.78948974609375,213.0515656117747,193.18848582826575,213.0515656117747,27361400
2019-04-17,194.10150146484375,200.72552338031164,186.2511599036341,200.3227008081965,22101400
2019-04-18,198.4966278076172,199.615549046668,191.74730090349345,194.37004573164947,13927200
2019-04-22,203.29454040527344,203.69734927556016,198.2728218869796,200.51066412046697,11191800
2019-04-23,206.4007110595703,207.6180980436492,202.3905007361902,204.3150400088252,10261400
2019-04-24,206.1947784423828,207.34055251536043,203.86741717362588,205.96203412028453,6104100
2019-04-25,206.58863830566406,207.7791720168938,204.20758454190965,204.56563383697954,5954500
2019-04-26,212.14743041992188,212.24589601836368,206.9466875810962,207.7970648447095,6186200
2019-04-29,212.55029296875,213.09632712376245,209.60529804004855,212.50553338383926,5345300
2019-04-30,208.6295928955078,213.11422447195906,206.05159389367824,213.11422447195906,7632300
2019-05-01,207.6270294189453,210.0170436274639,206.1948183796746,208.62959217101252,4823200
2019-05-02,208.07456970214844,208.87124099691084,204.16282581939097,206.68710477521478,5499200
2019-05-03,207.6270294189453,209.3725438792446,203.35722200166936,208.42370082178485,4323100
2019-05-06,215.2804412841797,215.3431074282584,203.643660674224,204.243400805077,7180200
2019-05-07,213.08734130859375,217.65253129334107,211.61035723161555,214.10779682600364,5104700
2019-05-08,214.07199096679688,215.55792154605396,210.83159965672291,213.04258896260268,3768400
2019-05-09,213.01576232910156,215.31625741751196,210.95694440702633,211.78942895608037,4299500
2019-05-10,215.36102294921875,217.17815009643834,211.58354344645008,214.80604234032637,4374400
2019-05-13,214.43003845214844,214.92236645897273,211.4313244949769,211.6551087109239,4684400
2019-05-14,211.63719177246094,215.7190271445101,211.5029267129577,215.405723794064,5329700
2019-05-15,211.32395935058594,212.62190535944816,208.22677910455528,210.35720968405684,5099700
2019-05-16,211.95945739746094,215.23566168095866,211.00166803119322,211.15383966289164,4456400
2019-05-17,216.0681915283203,217.0170346424009,210.93904625444233,211.40452135786765,4486400
2019-05-20,220.19476318359375,220.8661159568766,214.62700975780487,214.83288745050695,5390800
2019-05-21,223.7305450439453,224.8405061877239,220.9198153967437,221.10778651877413,5345300
2019-05-22,223.19345092773438,224.7062346067018,222.62952391923346,222.97862679447928,4038000
2019-05-23,220.65122985839844,222.1282001728736,218.76249058993577,221.9760285499468,3934600
2019-05-24,221.66278076171875,223.2113639548325,219.76508102454414,221.32262432927385,2973900
2019-05-28,216.67684936523438,223.15764584324822,216.60523676971584,222.44153354676894,6172700
2019-05-29,216.98118591308594,217.54512654858803,212.95306973654073,214.69859767334142,3958400
2019-05-30,217.96583557128906,219.6218443029719,216.03233658546273,216.55151762751083,2646600
2019-05-31,216.4441375732422,218.07327987274726,214.36741309798796,216.57840266487193,3285700
2019-06-03,211.75360107421875,218.234397704236,211.27023311651408,216.16663347294948,4999400
2019-06-04,215.51315307617188,215.77275042357658,210.20499786585958,213.15895233949254,4992000
2019-06-05,217.31239318847656,220.0156968438466,215.93387468726962,217.67044249183388,3194400
2019-06-06,216.46200561523438,218.35969141898033,216.38143291588867,217.63463273580211,2630100
2019-06-07,220.89295959472656,221.1615034243772,216.79323052759926,217.4287701437757,2837400
2019-06-10,222.11927795410156,223.4888363685611,220.19473901210316,221.17043499074586,2331000
2019-06-11,220.08731079101562,224.4018773141682,219.96199216819863,222.45943183115196,3043000
2019-06-12,218.8609619140625,220.65123563115094,216.8916635570061,220.38269184184676,3251800
2019-06-13,219.2727508544922,219.6128936038068,217.6256885041086,219.1474322292277,3107800
2019-06-14,220.6124267578125,221.2687804214982,218.29274433406408,220.02801654574603,2165500
2019-06-17,221.15184020996094,222.16782857455826,220.47751456319784,221.17881213829622,2270300
2019-06-18,220.90914916992188,224.18187679765424,220.41464079501833,222.5275339790631,3482500
2019-06-19,224.94606018066406,226.0069926754435,220.7382607633297,221.17882515070946,4204600
2019-06-20,222.7612762451172,227.3107391850905,222.43759931103202,226.21383478175704,3800800
2019-06-21,226.82521057128906,227.91312887235782,221.98804255827474,223.6783569132865,6323500
2019-06-24,224.45155334472656,227.13987003712666,222.85115480305973,225.9710360961183,3163800
2019-06-25,222.67137145996094,225.71032370890205,222.45558226699265,224.14589664726063,3182700
2019-06-26,218.9040985107422,223.04895423293937,218.59840749554633,222.9770245142125,3852900
2019-06-27,221.4844970703125,223.11186739150773,218.62536299158737,219.61436568156074,3366200
2019-06-28,219.38966369628906,221.8532057527781,214.57048104889964,221.62843046832748,6727600
2019-07-01,218.15785217285156,221.33167740282744,216.43158000929012,221.13387409791181,4102700
2019-07-02,219.35365295410156,219.37163881390828,215.37062873718324,218.11288929207421,3863500
2019-07-03,220.4685516357422,222.5454726507134,219.41659144348148,219.66835233302186,2559400
2019-07-05,222.06895446777344,223.6603533136528,219.4345814804409,219.7312864481113,2965000
2019-07-08,222.83319091796875,222.95906451054012,220.1718596124044,221.54748305950335,1902500
2019-07-09,221.17886352539062,221.25079325739318,219.10194224589392,219.94709944793183,2774800
2019-07-10,222.50949096679688,223.97502985078532,220.71128913385547,221.91609478851154,2753000
2019-07-11,234.80921936035156,235.28574179059953,223.92110575223174,229.9900374740011,10268800
2019-07-12,239.07093811035156,239.6283763115256,235.23178691572295,235.23178691572295,5336100
2019-07-15,239.12484741210938,240.64432999938273,237.5873926861769,238.31566215837543,2611400
2019-07-16,237.95608520507812,240.1858656683386,236.6344055750431,238.558467538068,3121600
2019-07-17,239.74530029296875,241.57947420032832,236.91313734558523,237.36268789083303,3995200
2019-07-18,234.30572509765625,239.61941527781033,231.30273106295112,238.83720180125704,5825800
2019-07-19,230.75428771972656,236.2118378847913,230.52951244872773,234.75529851886085,4413200
2019-07-22,229.55844116210938,232.82218171672687,228.84814379067495,232.09391220567448,4104300
2019-07-23,229.27972412109375,230.2597545652292,226.59142111011553,228.7942156534307,2889300
2019-07-24,225.79122924804688,227.31969814144193,220.39662346957584,227.28372642017132,4864000
2019-07-25,223.6063690185547,227.24773004802867,223.23773439332922,225.79119112391493,3362800
2019-07-26,227.41860961914062,228.26376675601037,221.63738304285494,223.89413533794175,3362600
2019-07-29,228.20982360839844,229.54048925404018,226.87914424356413,227.32869474593429,2005500
2019-07-30,229.20782470703125,229.3247122339871,225.19784169600706,227.1668751958676,1908800
2019-07-31,223.88510131835938,231.2127815951599,223.4085789577349,230.45754016162567,3532400
2019-08-01,224.10089111328125,226.1957977798206,222.32966130764905,224.04694725632845,3613600
2019-08-02,224.8201904296875,226.18682768550818,221.2687444978245,224.4965135459192,2677600
2019-08-05,220.3336944580078,224.72131183952726,218.11291383409883,223.09394118328794,5812400
2019-08-06,223.228759765625,223.228759765625,218.99400241024733,221.1158672631735,3533000
2019-08-07,221.5834503173828,222.11391664257366,216.91711368779073,221.42161871411506,3205800
2019-08-08,222.63540649414062,222.6803642922731,218.81422687917333,221.34969852655288,2830700
2019-08-09,223.54347229003906,225.1528569447455,221.3047059986354,222.72528713768602,2535000
2019-08-12,218.66134643554688,222.94107570141287,218.50850092165047,221.8891155259754,2667400
2019-08-13,224.07394409179688,225.18883422977862,217.1418695998281,217.29471511791408,2763400
2019-08-14,218.66134643554688,223.3456683816318,218.49051506142982,221.83517166450508,3464300
2019-08-15,219.6054229736328,220.51351006012104,217.0879373871078,219.69533856283442,2513500
2019-08-16,220.9001007080078,222.1768223304109,219.5424495786087,220.62138162610734,2810000
2019-08-19,220.0189971923828,223.417597650033,219.46154528020685,222.51849670950773,2672300
2019-08-20,215.92811584472656,219.9201267828497,215.71232664943568,219.569477914998,3201300
2019-08-21,216.0989227294922,217.48353218109594,215.15486397107543,215.95506328228367,2761900
2019-08-22,209.4365997314453,216.09894177113048,209.193838607789,216.09894177113048,4498200
2019-08-23,207.38662719726562,211.37863758680732,206.23577908558408,209.4006045331125,4826600
2019-08-26,207.7642822265625,210.89315018897608,207.2068439390182,209.05898999561472,2918300
2019-08-27,200.4365692138672,208.95105635104406,200.13987797175264,208.33967428715832,4988100
2019-08-28,204.41062927246094,206.58645216787394,198.5035287868038,199.9780539605214,4847600
2019-08-29,207.3506622314453,208.8611590017285,205.00400814056357,205.3726428325056,4052500
2019-08-30,210.38958740234375,211.3336459870896,208.85211899642172,210.09288249175566,3384100
2019-09-03,207.3506622314453,208.74427148496832,205.41760062504352,208.35766465136481,3382300
2019-09-04,203.85317993164062,209.44558963442532,203.64639052876925,208.54648857248816,4526100
2019-09-05,206.42459106445312,208.1508633027511,204.6174030304206,206.7932257595001,4256900
2019-09-06,205.8941192626953,208.55546413327764,205.5254845775229,206.94606573664274,4183200
2019-09-09,207.40463256835938,208.59145259072656,205.49854265034477,205.89414932446718,3895600
2019-09-10,209.00503540039062,210.65037824333996,207.53949630379077,208.09693456273112,4257600
2019-09-11,210.5784454345703,210.61440343713318,205.51650255413617,209.0319906597164,3168100
2019-09-12,206.8831329345703,212.5474579127825,206.52348432505116,211.28872207744462,4713700
2019-09-13,211.02944946289062,213.69430212449868,209.15952734965606,210.46938256546363,4523200
2019-09-16,211.7702178955078,213.23363964627333,209.7106015777231,210.31585216005988,2973600
2019-09-17,210.04483032226562,211.37274255047248,208.82531459141825,210.54167057497708,2392900
2019-09-18,208.31942749023438,210.59585022091642,207.0728127451654,208.49106445181772,2960500
2019-09-19,210.34292602539062,211.33659270701426,208.87950445037498,209.57508077623294,2666700
2019-09-20,210.37904357910156,212.28509326573666,209.50280187865545,212.07732873607134,6220100
2019-09-23,206.65733337402344,208.47304390041063,206.25083266320726,207.5606744131218,3281200
2019-09-24,203.251708984375,207.62387577172785,201.37275819836393,207.20834666344857,5006800
2019-09-25,200.6952667236328,204.6067348766663,200.65913914883095,202.60131676986597,4658000
2019-09-26,194.65191650390625,202.01415398791048,192.80006468111304,201.4811723175449,10444400
2019-09-27,194.45315551757812,197.7232589208032,194.23636252511088,197.09090926907206,4834900
2019-09-30,196.31405639648438,197.40709119652968,192.52001348516166,192.98975462555288,5286300
2019-10-01,196.21466064453125,198.00327156367956,191.58051794358366,198.00327156367956,5523600
2019-10-02,195.79916381835938,198.15688440462117,194.47125143162054,195.25715369907783,4921200
2019-10-03,194.5435028076172,195.4468437356273,192.45678746933598,194.78740871766874,3375800
2019-10-04,198.55433654785156,198.6085347975134,194.34476456152723,195.880441365463,3700500
2019-10-07,199.85513305664062,201.02043667913676,197.82261616000127,197.87681440515632,3843200
2019-10-08,198.8344268798828,200.5236704688298,197.28970740339508,198.2743597613854,4817000
2019-10-09,200.61395263671875,201.86959596084,198.88856817595192,200.27972090804766,4483100
2019-10-10,202.10447692871094,202.46582159700336,196.49473706938173,197.09997388189564,5252200
2019-10-11,200.6049346923828,206.7295853317173,200.1713211048289,203.7395151594198,5891600
2019-10-14,199.2679901123047,201.7521778901106,198.64468260990554,200.20747248179873,4075300
2019-10-15,215.5281219482422,216.6572981776335,208.7530645718944,210.19841565907106,13397700
2019-10-16,214.08279418945312,214.52542246941903,211.4540685020997,213.4504444456902,5368600
2019-10-17,220.11703491210938,220.96617740715314,214.3356597303646,215.6184019180678,6301200
2019-10-18,221.6256561279297,222.59223752041115,218.39169400764843,220.8216832672933,4922100
2019-10-21,220.34291076660156,221.86053064686172,218.74399351344042,221.3365912705748,3029200
2019-10-22,225.36549377441406,227.19024633207707,219.64734397210864,220.0899859947568,5660800
2019-10-23,223.847900390625,227.41609454931802,222.88131891371143,224.380868267334,3706600
2019-10-24,220.8759002685547,224.4712073293439,220.33390394546302,224.055664409473,2546900
2019-10-25,221.23724365234375,222.2941509493314,218.7440137153467,220.3339026685366,2815100
2019-10-28,223.1703643798828,224.38083783586615,221.24624391861485,221.55337650585463,2957100
2019-10-29,227.90386962890625,228.72591315615782,222.50189490561712,223.16132990322336,3528900
2019-10-30,230.1712646484375,230.6048644220257,227.6238366878443,227.79547366469268,3299600
2019-10-31,228.2742462158203,231.00233963564642,225.75393113061827,229.79186611899422,3960400
2019-11-01,227.83160400390625,231.55335014646758,227.78643420420042,229.43954962944318,2919600
2019-11-04,226.9644317626953,229.2950532533701,225.7539581014279,229.11438780575992,3186400
2019-11-05,226.106201171875,229.6924651899193,225.916493542174,229.21369567672926,5393400
2019-11-06,226.3050079345703,227.63292040559696,225.01322304130696,225.57330387581905,3668600
2019-11-07,231.67080688476562,231.93278347309948,226.97343681170844,227.59674425801256,3646300
2019-11-08,232.1315155029297,233.36908814282398,230.35193280171126,231.95083629322934,2200300
2019-11-11,229.52989196777344,231.670805545846,228.84335782804217,230.39710531933432,1765600
2019-11-12,230.57777404785156,231.03847296327902,228.91563003277997,229.07822478508774,1892500
2019-11-13,229.0601806640625,232.05023712527347,228.7169066781965,230.23451291991861,3289800
2019-11-14,231.10165405273438,231.3274754449413,228.9697694390686,229.26787352557653,2101900
2019-11-15,243.3600616455078,248.93368778561828,230.6771599787443,231.3546519497516,10136000
2019-11-18,246.54879760742188,251.53525646031855,242.99867488429976,242.99867488429976,6985200
2019-11-19,247.72315979003906,248.74391174651095,245.302185472233,248.63551526035633,4002000
2019-11-20,248.9246063232422,249.34917763210964,245.02216717379338,245.9345502682858,4141600
2019-11-21,249.8189697265625,250.83974957856356,247.43416356211785,248.61753819555733,3309900
2019-11-22,250.08094787597656,250.92104848626997,248.41880355306452,249.80091433921208,2802700
2019-11-25,255.34739685058594,255.6454872323774,250.23448379780504,250.93004640050373,4082900
2019-11-26,254.2000274658203,254.9678724535472,253.07989399576977,253.5767202754816,2998600
2019-11-27,253.540771484375,254.67896258182319,251.75214609155074,253.84790416576794,2323900
2019-11-29,252.81805419921875,253.7665788384351,250.52356022280068,251.2191504717822,1520900
2019-12-02,252.6282958984375,254.7421100996421,251.64365771717814,254.54337401742077,2517100
2019-12-03,250.13507080078125,251.50816650843203,247.3798922910231,250.1983112752703,3239200
2019-12-04,252.32122802734375,254.59763754285348,251.70696273125427,254.39890140967384,2694200
2019-12-05,254.7421417236328,255.48288790093974,250.65905065302977,252.2489119403936,3357300
2019-12-06,254.08023071289062,256.66465628840996,253.10085604223747,256.48328240902424,2828900
2019-12-09,251.6770477294922,254.6967247622938,251.56823452813057,254.60603786990774,2697100
2019-12-10,253.47267150878906,253.5452321353139,248.47614455238553,251.7316039049809,2515300
2019-12-11,254.3612518310547,254.50634534902863,252.1214208060198,252.36625055111148,2751300
2019-12-12,257.18145751953125,257.5260512033718,253.94415317249056,254.84189001025055,2996200
2019-12-13,258.8772277832031,260.9900918766163,257.6439465572151,258.4147438642373,3599300
2019-12-16,264.81683349609375,267.90907188182325,260.30996779311846,261.13517167380536,4663600
2019-12-17,263.4021911621094,265.4969287114455,262.2233443561985,264.1004277873016,4409100
2019-12-18,265.60577392578125,267.38312134183457,263.87375613320006,263.8828331273996,3621600
2019-12-19,267.16552734375,269.5051228830474,266.25871337398706,267.5101210800625,2905900
2019-12-20,265.3246154785156,272.0441082737276,265.25208255942937,271.0466076753057,6608300
2019-12-23,267.5917053222656,268.28089272871466,265.524170776682,266.0863909561479,2098900
2019-12-24,267.0928955078125,268.2626651705717,266.2042081839377,267.74580243124467,714000
2019-12-26,268.0994873046875,268.6526580983307,267.0929372968637,267.7820969483768,1050600
2019-12-27,268.3896789550781,268.90656945789306,267.5191454639629,268.42595925538814,1547100
2019-12-30,266.4672546386719,268.90658610249477,266.1045346344025,268.46222849903455,1511700
2019-12-31,266.5851135253906,266.68484975349014,264.0188151412128,266.29492648658623,2224200
2020-01-02,265.2430725097656,268.1448881332245,262.7856145267908,266.5851670785242,2543400
2020-01-03,262.55889892578125,264.68084008705466,257.861581988846,260.5004137041351,2711400
2020-01-06,264.3816223144531,264.4813862492209,260.455129697385,261.16244354169305,3079100
2020-01-07,262.7855529785156,264.3271196824865,260.78147475271606,263.6107567761228,2492900
2020-01-08,268.32623291015625,269.6683274718952,263.0123166319304,264.33625720409265,3379200
2020-01-09,266.8027038574219,269.50501840224695,266.34929704831563,266.86618745239804,2838200
2020-01-10,267.62799072265625,268.4803980025187,264.9800819583203,268.4803980025187,2477900
2020-01-13,259.2127380371094,267.0113424856986,258.46006706323476,266.93878188221674,6994900
2020-01-14,261.3800354003906,261.3800354003906,257.76185671581555,258.98606104235864,6056300
2020-01-15,268.7887268066406,271.7177458338671,262.069232102132,262.0873584186146,6081300
2020-01-16,272.71514892578125,272.9418523554725,268.3533771524223,270.2304881919679,3710300
2020-01-17,270.6566162109375,272.6788202019727,268.3079726556549,272.0531166967477,4632200
2020-01-21,272.5247497558594,274.34745434644526,268.42596134919927,269.2239619196799,4962800
2020-01-22,272.57916259765625,273.97566362790405,269.6410946789961,273.84869640980804,3117600
2020-01-23,271.554443359375,272.5700703522673,269.00629888385635,272.0532075362932,3169600
2020-01-24,265.52410888671875,271.9806177987503,264.39059179756276,270.5387873821947,3678500
2020-01-27,257.61676025390625,261.23493889755645,253.97137829991902,261.1624059612457,4399400
2020-01-28,259.2308349609375,261.4978692718895,256.9003170475768,257.45348780980356,4341000
2020-01-29,256.5376281738281,259.52105343715533,254.7149511851491,257.53512892625264,3963800
2020-01-30,254.79660034179688,255.57644707592107,250.2081238478935,255.57644707592107,4211800
2020-01-31,247.0614776611328,252.80159792558223,245.90980620585427,252.24845468624864,5532600
2020-02-03,248.48509216308594,251.051390555857,245.5833047866027,249.49166980925952,5646800
2020-02-04,254.66952514648438,257.0816526153306,251.0785510808263,251.4412709818642,4290200
2020-02-05,268.1720886230469,269.32373233072747,258.84096570374237,258.98605925076555,5761000
2020-02-06,265.206787109375,269.56855978184166,262.97603265003215,269.3237299898605,3044000
2020-02-07,262.26861572265625,266.05004039806175,261.98750573639444,265.5784796414265,3425900
2020-02-10,260.28271484375,262.3321225010401,258.84996148627886,259.55727500999984,3147400
2020-02-11,263.69232177734375,264.39963524428674,259.2579902037659,260.11947415172693,2992200
2020-02-12,275.1998596191406,276.5782066207294,266.6123319000646,267.5100686987383,6701900
2020-02-13,274.0390930175781,277.3942868805908,272.1710591334871,272.1710591334871,3565500
2020-02-14,270.9377746582031,275.6441396012727,269.6047575181356,274.048138760442,2485600
2020-02-18,273.98480224609375,275.08203946548286,271.13739292990954,271.7449705018959,3241700
2020-02-19,276.85931396484375,278.128847726709,274.51974658038927,275.1000930113446,3021100
2020-02-20,273.9757385253906,275.81656997468417,270.1308557364273,274.9460362189087,2885500
2020-02-21,273.3408203125,274.3201945103654,270.78359928599684,272.47028699398487,2987100
2020-02-24,251.90380859375,262.0601063617356,251.7677920610167,260.15581955594865,8790600
2020-02-25,238.845703125,255.70336856209406,237.5942956371678,254.04388378953,8171200
2020-02-26,238.4920654296875,244.68559244290674,234.60182589132464,240.05178650826952,6806600
2020-02-27,230.25814819335938,237.72122156106454,228.5805510401096,234.33882394872552,7604300
2020-02-28,231.2012939453125,233.14187527140325,222.44146774754097,223.2575947789604,9961000
2020-03-02,247.659912109375,247.77780233521088,226.99364482529506,233.35946795657594,8866300
2020-03-03,237.04116821289062,254.22530415813495,235.0733973787829,249.6912342700775,9188100
2020-03-04,262.4500427246094,268.27177139190655,255.91189578598556,262.9759825131818,14533000
2020-03-05,256.59197998046875,262.45001602350544,253.85341274856964,255.35872671272804,5908400
2020-03-06,257.4173278808594,258.41482897886283,246.56276141746122,249.75476493107223,5361900
2020-03-09,247.95921325683594,255.21372499009908,235.0824438607874,239.81601387369224,8070700
2020-03-10,253.90780639648438,257.44437387939877,247.10670443943567,253.65389969703807,7366000
2020-03-11,251.89476013183594,258.65958397235823,247.7959713299034,249.15619215882623,7744600
2020-03-12,227.0752410888672,246.86192433333355,226.7034441196597,235.77158188444608,10496600
2020-03-13,247.75820922851562,248.83287789147462,220.6454217134681,237.69449557401717,9308400
2020-03-16,204.95333862304688,223.75104974236535,203.96063334752932,222.148149098498,10303500
2020-03-17,222.42137145996094,226.5561332651913,207.91324684090813,210.21743646236132,9642200
2020-03-18,197.6855926513672,210.7911652561377,182.32138450487702,205.59994030682356,12917500
2020-03-19,200.18106079101562,205.93694203889078,190.29040377469457,197.6127621114764,8065200
2020-03-20,188.15016174316406,211.87499050777544,185.299549107249,203.2593662042908,9364100
2020-03-23,177.46713256835938,187.38510936861925,170.9644372268228,184.00625146419003,10654500
2020-03-24,200.18106079101562,200.6091105709388,181.23762759016725,184.097356434461,8894400
2020-03-25,213.55984497070312,225.417692939243,196.72022445756923,199.53441322221232,10014000
2020-03-26,232.5943145751953,234.93491344105104,211.56529274743957,213.140871945633,7517600
2020-03-27,220.80935668945312,229.14265287716083,216.97514131900564,221.2556251946367,4879500
2020-03-30,228.85122680664062,231.41040935890047,220.98241723351444,220.98241723351444,5329000
2020-03-31,227.1207733154297,231.81108758857647,221.3102367272156,221.74738885927206,5450000
2020-04-01,216.13726806640625,224.59805395571755,214.42506889742734,217.38497998598618,4548800
2020-04-02,218.97874450683594,220.3994993868307,205.85495279902062,214.29753255507092,4636800
2020-04-03,209.00611877441406,217.97691622590105,206.98427107862216,217.0479696929922,4650300
2020-04-06,226.17361450195312,227.0388164296258,214.13360683545363,218.57803125120967,6365900
2020-04-07,225.900390625,242.90393841363226,224.53427792096275,236.61982553378772,4984100
2020-04-08,243.9239501953125,245.13525228487305,224.27925791265235,225.58162583894472,6390200
2020-04-09,240.55422973632812,246.2645706660088,238.25005415484648,241.3465706344486,4923300
2020-04-13,239.9895782470703,241.31013716787692,235.13530893646993,238.66899153262995,2964900
2020-04-14,246.35562133789062,248.69623409648892,243.1680254980288,244.98950883509272,4778900
2020-04-15,256.5377197265625,257.7307891502607,246.51956085703904,251.66524599038615,7841800
2020-04-16,271.7926330566406,273.22250416557847,255.01678686530713,258.14062415912895,7738900
2020-04-17,264.6251525878906,276.86552540838375,261.4739935348685,274.1241835161333,5857500
2020-04-20,256.9566955566406,263.2134870507589,256.1643268724697,259.8346150827959,4072600
2020-04-21,249.71627807617188,255.00768532313637,248.8601786233822,250.40845068743977,3977500
2020-04-22,252.293701171875,258.4867625235586,252.0113734175121,254.6251981203378,3663300
2020-04-23,259.8620300292969,262.71265723683456,253.6781112087176,254.15168709293852,4420500
2020-04-24,265.2899475097656,265.8454865847449,258.65063298645333,261.6469808479846,3265000
2020-04-27,267.73992919921875,270.3628426757383,264.68893809964385,267.0386401078714,3706200
2020-04-28,262.62152099609375,271.62877172985867,260.12609708355365,271.4010862548127,3862900
2020-04-29,261.9748229980469,266.6196108464981,260.56318459607195,265.93655462742083,4258400
2020-04-30,266.3645935058594,268.668768613067,260.0349283482022,261.0640707902089,7631700
2020-05-01,259.1151428222656,263.20436436427417,254.6433975180727,262.6488252406426,3526100
2020-05-04,261.8746337890625,262.2389248513386,256.92928603581254,259.09685537775107,2894200
2020-05-05,266.88372802734375,269.5795153991191,261.6469637923946,264.07862831619144,2501300
2020-05-06,262.99493408203125,271.10964791981917,262.69440147780404,268.75994599676585,2579200
2020-05-07,259.5613708496094,266.20068527566303,259.1242048508929,265.0804630378686,3162300
2020-05-08,261.3829040527344,264.11512953063755,260.1625133411738,263.65064230543084,3200000
2020-05-11,262.9220275878906,264.2061767396209,259.7981901799393,260.0714015766345,3490700
2020-05-12,262.0203857421875,266.9839110948759,262.0203857421875,265.72708316168683,4214300
2020-05-13,253.18621826171875,260.8364437583821,250.9640060649957,259.09692359983706,5474100
2020-05-14,264.670654296875,266.346443623837,251.03687658614692,251.30097168988516,5704600
2020-05-15,264.9894104003906,273.22252355919136,264.77084127550563,266.30999704837967,12182800
2020-05-18,267.17523193359375,272.9675649025998,265.9548411160218,271.83825383426336,4015100
2020-05-19,263.2499084472656,268.3318632996134,263.095097904363,264.78906432605606,3059400
2020-05-20,262.28448486328125,266.75622980186444,261.1096481194366,266.75622980186444,3200600
2020-05-21,261.3009338378906,264.23352355309544,259.4976550635955,260.5085929168567,3604900
2020-05-22,264.06048583984375,264.3336972687267,259.37017101978813,261.65611409113484,2922800
2020-05-26,268.568603515625,270.51757608512924,266.3919177527043,270.0348841493224,4567800
2020-05-27,276.656005859375,276.68332699958336,264.8436844863461,270.87281809743007,5618900
2020-05-28,276.83819580078125,282.0203190486515,276.21889802545786,278.64147463395403,4387700
2020-05-29,277.6396789550781,280.84548049719587,273.9967112870925,277.5212780588866,6251500
2020-06-01,278.6232604980469,278.66881426885334,273.7325809823741,276.8837401481604,2894000
2020-06-02,278.9693603515625,280.59959620014973,274.7981745115075,278.30450873219405,2756800
2020-06-03,278.09503173828125,282.4392603927213,275.71798103758465,280.37188638196517,4360000
2020-06-04,271.4738464355469,277.2934986548691,268.0221557507052,276.11863419767496,4374300
2020-06-05,284.01483154296875,286.2279274126337,273.67790671240897,276.86550296363504,5554300
2020-06-08,281.8564147949219,287.64871997038864,280.4447481658402,281.0913949298774,4635500
2020-06-09,281.6105041503906,284.7434586103817,279.89830487648413,282.2389183050401,3061500
2020-06-10,278.4592590332031,282.61223872693733,275.8272023280551,281.3645271154536,3296100
2020-06-11,258.4048156738281,276.28265626565326,255.7363207177674,276.28265626565326,6638900
2020-06-12,259.6980285644531,267.84917910116883,253.82376040775847,264.7071086545022,5416800
2020-06-15,260.7271423339844,261.3828774937977,249.2791120743244,253.20440672190796,4494600
2020-06-16,266.84735107421875,271.00944782799877,261.78362881998714,269.0695633203071,4245400
2020-06-17,266.4830627441406,268.75991729972344,265.2353508946628,268.75991729972344,2538000
2020-06-18,265.4631042480469,265.73631574714256,261.0186785718114,264.5068084139283,2926600
2020-06-19,266.38677978515625,271.2162054109247,266.0849528956297,269.3045606750304,5172800
2020-06-22,267.69476318359375,267.99659006459814,261.83176276124937,265.06052602331,2174100
2020-06-23,272.2041015625,273.7407308889912,266.2313447934546,268.9204600714838,4023400
2020-06-24,264.5025939941406,271.74674694096245,261.2006695389461,268.9021266851174,3399900
2020-06-25,270.94189453125,271.45410437134524,261.6489007114122,263.67945683226924,3112500
2020-06-26,262.39886474609375,271.271090554965,261.42932294717247,269.95399981441966,5043200
2020-06-29,265.0331726074219,267.33811690863695,262.1611129157401,263.83496444424947,2356700
2020-06-30,269.78021240234375,271.152208679189,263.11230268114167,263.9446504386948,2932900
2020-07-01,272.3230285644531,274.7651667617425,270.04549533858244,270.58514395863267,2303800
2020-07-02,272.8077392578125,277.21639926197463,271.8198863409176,274.85657802865416,1971700
2020-07-06,276.969482421875,277.59144741966327,273.786440747304,277.14327086439494,2395000
2020-07-07,271.3351135253906,277.65544612844326,270.6948653707261,275.00292568578277,2075700
2020-07-08,272.8992004394531,275.19501654001755,270.4479070545761,271.9754085679404,1987400
2020-07-09,266.3136291503906,273.07298300565736,262.9659548623685,269.9174082953105,3061700
2020-07-10,266.3777160644531,269.1308368530032,262.6001477283716,269.1308368530032,2391600
2020-07-13,274.134033203125,278.53356631189064,266.87159633094086,267.1642956100564,4263300
2020-07-14,282.1921691894531,283.30806055190465,271.3899879763777,272.3961241086429,4234900
2020-07-15,278.1219787597656,284.17705192391696,273.1736415763515,275.423707925345,5116900
2020-07-16,280.9391174316406,284.32338630543387,277.2896160242469,278.9817504611436,3844500
2020-07-17,280.3720703125,284.4331823786829,280.1159654035219,282.7136088841119,3016500
2020-07-20,277.56396484375,282.2653517986971,276.57613988027225,280.6098119816957,2375500
2020-07-21,279.07318115234375,280.80190989177265,277.24385274914,279.00002029808354,2340200
2020-07-22,280.53662109375,280.7195650809082,276.05477254170813,278.84448690920357,1935800
2020-07-23,277.1158447265625,282.1739372006929,275.56090424764113,281.89954907539584,2367700
2020-07-24,275.12188720703125,278.31405673506913,273.6950131082708,277.44511447022285,2415700
2020-07-27,273.1186828613281,276.3474457461133,271.9936360641943,272.9631776955464,2060500
2020-07-28,274.3353271484375,275.6798851307601,271.8474384979271,272.4694315955645,2257400
2020-07-29,280.5091857910156,283.31721134030363,274.399236164943,275.73463796521224,2672700
2020-07-30,279.1829833984375,280.3080025788182,273.384015313262,275.9359085126657,2205300
2020-07-31,276.9419860839844,277.8200557757238,272.6156149827426,277.54566771997156,3913500
2020-08-03,277.7012634277344,278.8903439742784,273.6676177210537,277.68298018733,2628500
2020-08-04,278.5152282714844,282.50315048971345,274.4632728647973,276.1462515185454,3594900
2020-08-05,285.8051452636719,286.25332182323353,278.9908852939835,280.6464253878801,2982200
2020-08-06,287.25946044921875,289.25342187282007,283.9117858475734,285.375254272665,3305300
2020-08-07,289.97601318359375,291.7779029168868,286.60089978512445,286.60089978512445,2600800
2020-08-10,291.8694152832031,293.12250104361095,288.64977873440876,289.9486144627687,2563600
2020-08-11,288.62225341796875,296.87254168827457,287.80821686182287,295.3633514650074,3018200
2020-08-12,294.7688293457031,295.7018047184846,290.53395743684894,290.8632231590046,2915800
2020-08-13,294.08282470703125,294.40296276097416,290.7168671368196,293.3145101255701,2159500
2020-08-14,296.07684326171875,296.2871981848931,291.530960602031,293.18650074182284,1787200
2020-08-17,293.1590270996094,296.16825217304927,292.0980132945658,294.01881366725956,2772500
2020-08-18,289.7747802734375,295.1347273204527,288.7686440106867,294.50360675169713,2520000
2020-08-19,288.4851379394531,292.2261118790261,288.2839106606656,289.7382236655357,2066700
2020-08-20,286.5917663574219,288.3753729919012,285.3844306386022,287.96376287214736,2245600
2020-08-21,287.3326416015625,288.37534433419677,283.62823463193,284.71668732517963,2488500
2020-08-24,282.48486328125,289.85705385042604,280.3353970180286,289.77473742928146,2922200
2020-08-25,285.5765075683594,285.70454606380974,281.5336788156768,285.5582243299639,1879300
2020-08-26,282.4666442871094,284.7898715811025,277.7012230437465,284.4423225838959,3178900
2020-08-27,285.073486328125,287.9089238413338,279.42083871553035,283.92100016898576,2321000
2020-08-28,287.5429992675781,288.8692736113779,282.60381784079175,285.6862319342614,2883500
2020-08-31,285.8783264160156,292.2901323293924,285.86919875374736,288.0186655212376,4341600
2020-09-01,286.1343688964844,287.8630975089854,283.5458816778728,283.69223128898403,2487100
2020-09-02,292.91204833984375,293.86330690365105,285.8874341301953,285.8874341301953,2846500
2020-09-03,289.2442321777344,296.18652919798745,286.95757197686055,294.5218338725515,3872500
2020-09-04,285.375244140625,290.7077244015124,280.46350161626174,289.47295000272777,2901000
2020-09-08,281.03057861328125,284.8813071228909,277.9024147322027,284.48800821166463,2594500
2020-09-09,285.39361572265625,288.41202541036597,282.1008457554764,283.2533040786509,2195600
2020-09-10,278.606689453125,287.60698081555825,277.80178058185055,286.0429130258467,2421200
2020-09-11,276.8892822265625,281.46306213649166,273.0410444454476,280.186454420309,3085900
2020-09-14,283.4009704589844,285.74296416554245,278.29448354692545,278.29448354692545,1795500
2020-09-15,282.1702575683594,286.05521227882036,281.0864850314972,284.76021803254724,1468300
2020-09-16,281.5181579589844,286.7807907260888,281.224280611915,283.8601796322098,3438200
2020-09-17,280.1037292480469,282.30796302193824,277.46780277950404,279.6628712819274,2394100
2020-09-18,282.8957214355469,285.0724311806342,278.992381201197,280.13125717590935,3795400
2020-09-21,274.7860412597656,276.01673842874493,267.8702401354982,275.9616346770263,4124700
2020-09-22,270.2581481933594,276.0993695846698,269.02745113346106,274.0971920407317,3163600
2020-09-23,268.3110656738281,271.94805298845495,268.0263256199653,270.9377709487379,3709900
2020-09-24,268.7886657714844,270.87349906153395,266.01500757606317,268.3570010429839,2869100
2020-09-25,277.82598876953125,278.53317210528354,267.4660654168792,267.4936172863669,2455800
2020-09-28,278.4965515136719,284.72352843181807,278.12915575533214,281.39880422871636,2575700
2020-09-29,279.3414611816406,280.581351647292,276.1544967537433,278.9006311695746,1797800
2020-09-30,286.33984375,288.86553447733286,279.1944361952614,279.2219880638801,3497300
2020-10-01,287.53387451171875,289.4625897425482,283.9336042122801,287.3869218435421,2731200
2020-10-02,286.5328063964844,291.5015334858215,283.20805459242706,286.64301389847435,2338000
2020-10-05,292.19952392578125,292.4475188338295,287.579805941012,289.3707619349618,1638600
2020-10-06,288.80133056640625,294.1741423565594,287.9196145151645,292.9342799608975,2434400
2020-10-07,296.81011962890625,298.2520386945123,290.0596288648692,290.0596288648692,2596600
2020-10-08,296.1121520996094,298.812348868365,294.8079641795055,297.04894419205596,2056700
2020-10-09,301.09918212890625,301.4022808262906,297.4989391402782,298.17857084123773,2028900
2020-10-12,303.055419921875,306.352591918337,302.173731851857,302.27474605551106,2424200
2020-10-13,304.38714599609375,306.48117258829313,300.9797386154713,301.7053086974173,2713500
2020-10-14,295.59771728515625,303.6064555380137,294.08230818126964,295.7997737008982,4455400
2020-10-15,298.0958557128906,300.3000896782415,290.5279474597667,292.8424169474874,3172200
2020-10-16,302.9912109375,305.2413842601857,298.2429253617023,298.9133638893753,3293300
2020-10-19,297.7743835449219,303.79930249412865,295.7905646672532,301.74202130025924,2482100
2020-10-20,297.0304870605469,301.8155162246415,296.91108625901074,299.9786498092731,1988600
2020-10-21,296.4610595703125,299.8592455829176,295.9008007452784,297.0304836680359,2139000
2020-10-22,299.1613464355469,301.30128410363295,295.9651878466347,296.02948491680706,2100600
2020-10-23,303.63397216796875,308.27204786267623,301.3654414115991,302.3114263326887,2349500
2020-10-26,296.7089538574219,301.0164067407706,292.55764691187414,299.70305431688263,2408500
2020-10-27,294.3670349121094,297.11314122046696,293.37511135682263,296.70902836881044,2427700
2020-10-28,282.8774108886719,291.8872378698381,282.3630905656882,287.7726472576131,3301400
2020-10-29,278.90985107421875,284.2367816664144,276.8709277839645,281.5824956593063,3279200
2020-10-30,280.2507629394531,282.1151814993053,275.1626343857653,278.4965518959097,3556800
2020-11-02,286.6430358886719,287.1389977140327,282.2896430275884,287.1389977140327,4519000
2020-11-03,295.13848876953125,299.81330998775013,289.3247914230312,291.5749637787684,4043900
2020-11-04,325.6396179199219,331.04000870453063,313.3142621622324,317.07064994973086,10344900
2020-11-05,325.4927673339844,331.5360743558906,321.1577608847597,328.8634299957198,4786500
2020-11-06,319.11883544921875,323.2885305951771,316.4645777131139,321.7822864876546,2994900
2020-11-09,321.4516296386719,337.9375172843412,320.51483783679083,336.43127333756536,4635300
2020-11-10,324.8406982421875,326.87042812547924,319.77095617112786,320.98326690813735,3733200
2020-11-11,323.0129699707031,327.7061502027907,320.90975007966125,327.10917422417555,2048200
2020-11-12,325.50189208984375,331.113505114376,321.22199029957613,322.73739937294533,2907300
2020-11-13,326.6591491699219,328.7439824475009,324.0140570645794,327.752058893819,2442100
2020-11-16,327.71533203125,330.2501885334281,322.3792375300097,329.67159917734875,2790100
2020-11-17,323.3802795410156,324.53748611410924,319.1554819441422,323.64663297100833,2557600
2020-11-18,316.4094543457031,325.1712875480399,315.1052667717668,324.60186340602513,2722500
2020-11-19,309.5119934082031,315.08688974921597,307.05976439204665,314.3705129627586,3935600
2020-11-20,307.39959716796875,310.1181515382292,304.65346289503145,307.6751159111735,3702000
2020-11-23,307.7302551269531,308.83238628350995,304.5432904975778,308.18027846884,2535700
2020-11-24,308.602783203125,312.26732311412434,307.15164288806596,308.75890116880043,3759700
2020-11-25,306.01275634765625,311.18353968393956,302.2931131452205,311.18353968393956,3145100
2020-11-27,310.37530517578125,311.2569931638367,304.7728572788914,306.3250115657762,1558600
2020-11-30,308.9058532714844,310.3753521595962,303.3493430086027,307.77617022039914,5265700
2020-12-01,313.36029052734375,325.21726895379226,312.20305548704874,316.64826973054977,3817700
2020-12-02,319.210693359375,323.1323936795084,313.6449894923507,313.89295640701005,2864300
2020-12-03,320.2392883300781,323.99567683538766,318.2279173365919,319.5229115398198,4169200
2020-12-04,322.5068359375,323.9631692105633,318.69082813760883,318.9212625758862,3255100
2020-12-07,320.6355895996094,322.50674370734663,318.2022172544797,321.42829846777147,2999400
2020-12-08,320.6355895996094,322.51594195438855,317.15142301442205,317.76899950924127,2471200
2020-12-09,317.4556884765625,322.06437703236895,314.87480600778935,321.58508354907804,2600400
2020-12-10,313.0682373046875,318.4235316579912,312.70877419083814,318.1470215704148,2896900
2020-12-11,310.6900634765625,312.3584060883423,308.16448361821404,311.6671029686812,3071700
2020-12-14,309.82366943359375,316.36801213444556,309.57478227453225,313.4184405109294,2479000
2020-12-15,313.08660888671875,314.3217338396609,310.66243460708233,312.5980891058596,2616500
2020-12-16,312.782470703125,314.92090893837485,308.1000555196528,310.4689000528813,2365600
2020-12-17,314.9301452636719,315.7873546088516,310.9113540995161,313.21569844410897,2525700
2020-12-18,311.89764404296875,315.7965769690079,307.8604279423335,315.7136239417736,8742700
2020-12-21,309.77752685546875,310.57946210959494,303.6203271018583,306.08137860555024,2892700
2020-12-22,308.7913513183594,310.60717568571283,307.37186740514454,308.9296063454773,2069700
2020-12-23,311.1693420410156,314.9115938337236,309.7314338708714,310.15542522124866,2348100
2020-12-24,314.1190185546875,314.6904914642108,310.10945367989126,310.10945367989126,1360600
2020-12-28,318.8751525878906,320.57114649540034,316.211317266358,316.34957228858957,2308200
2020-12-29,320.1655578613281,323.7972062202226,317.99946889662726,320.7554552923877,2275700
2020-12-30,317.9902648925781,321.6956682718097,317.5109714380451,319.91669321781404,1866000
2020-12-31,323.2348937988281,323.6128095423749,317.1237697856514,318.0363090217066,1969000
2021-01-04,322.1473083496094,324.525379107359,313.74106549077237,323.9447080169742,4203800
2021-01-05,317.8150329589844,323.8616278374829,317.52009837966625,321.4006048194057,3160500
2021-01-06,331.1526184082031,331.35540178147863,308.88343724051356,310.7269122233104,6561400
2021-01-07,336.46185302734375,337.77073271070395,329.9083126213938,330.479785395397,3366700
2021-01-08,334.95025634765625,338.72935818912396,330.68260655026353,338.27771574437895,2947800
2021-01-11,332.51690673828125,335.77986638120433,331.07899804056024,334.24055189970295,2695100
2021-01-12,329.4013977050781,331.89929899860675,327.42889365212704,329.9267949456557,2372500
2021-01-13,327.2537841796875,328.8852498983103,323.7419655430354,328.1755219453012,1974500
2021-01-14,323.0966796875,330.72866588760775,322.9953020535518,328.92206806842836,2919900
2021-01-15,323.806396484375,325.41943722886145,318.6815378550853,321.7970153365366,3777000
2021-01-19,324.62677001953125,329.0234482778659,324.04607082652115,328.33214507270134,3361300
2021-01-20,323.3823547363281,324.5253001417204,318.7644412368095,324.34096953427957,3036800
2021-01-21,327.2168884277344,332.6459370645104,323.2902767652567,323.35480515623703,3749800
2021-01-22,320.349853515625,326.8665443233284,320.34065526857484,325.6590704613201,2585100
2021-01-25,320.5895690917969,322.96766797592437,317.6307991179738,319.9812188686294,2506300
2021-01-26,316.2574462890625,324.0000663915791,315.7597281250022,323.07832858215625,2467500
2021-01-27,306.9294128417969,311.5473274962663,303.26091497633416,310.66246722334074,4770900
2021-01-28,311.6855773925781,319.4558189480768,308.3304670095981,310.29377268380034,2769900
2021-01-29,307.4732360839844,312.48749120207907,304.75412686593734,310.1923734312324,3899200
2021-02-01,307.8603515625,311.68555689170336,306.6989532109506,308.80974014424635,3020200
2021-02-02,312.2109680175781,317.6676671091257,310.7177575726735,310.7177575726735,2663700
2021-02-03,311.4459228515625,313.5382570211932,308.4133983523439,311.54730048284046,2537100
2021-02-04,303.5466003417969,309.04937434361057,302.68939121754755,306.31181284262397,5962200
2021-02-05,299.1131286621094,307.381117471346,298.16373989713367,306.11831311514754,7227900
2021-02-08,298.956298828125,301.4265482586126,298.46777914128086,301.41735001265204,4758200
2021-02-09,303.8323669433594,305.13202032354786,296.5321928380706,298.55080041483154,4096900
2021-02-10,307.3073425292969,309.4826581212274,303.961430188783,306.6252656349163,4122700
2021-02-11,307.0031433105469,310.30295147857936,305.55600855522033,308.78209009351076,2776700
2021-02-12,302.5511169433594,306.3855484322251,302.2193049355638,305.72189628743683,2760800
2021-02-16,299.21441650390625,304.02588727864554,297.2419129222598,301.7399681998483,4339000
2021-02-17,301.2791748046875,302.88301755016033,297.02075107927845,298.1452722121997,2620000
2021-02-18,302.7078857421875,303.7863031141878,299.74911555923984,300.3943150809042,2383500
2021-02-19,299.1775207519531,303.1133575557339,298.7443030374375,303.0211781874807,2313800
2021-02-22,301.9981689453125,303.297794414953,295.2786928931447,296.3386856764108,2688300
2021-02-23,303.7218017578125,307.8050930612215,301.0764190313565,304.16421785582725,3225700
2021-02-24,306.21044921875,307.49167802241845,300.5233438119687,302.7815841208144,3360500
2021-02-25,303.1318664550781,307.49169580992015,301.74003355631766,305.09517221501926,2780100
2021-02-26,306.2196350097656,311.46432366309745,304.0351216237761,304.6803209997025,5430000
2021-03-01,308.4595031738281,312.38611461798314,307.56541651590743,308.1921913754886,4198900
2021-03-02,308.4503173828125,311.243181488217,307.7590141079183,308.78212945274464,2568900
2021-03-03,306.81878662109375,311.69478634103467,306.7358336136224,307.2335797876494,3039700
2021-03-04,307.68524169921875,314.1650562325552,306.63447540880776,308.0170818793279,4991600
2021-03-05,319.9351501464844,321.03202022159593,308.80054336615876,308.80976974418195,4563100
2021-03-08,322.76483154296875,326.2950737779003,318.55248443273854,319.8521376783744,3419900
2021-03-09,324.4331970214844,332.97769409003075,323.8432714801126,325.29963257962544,4277600
2021-03-10,322.2394714355469,326.7375554360797,321.22555444703346,326.21215825168645,3012300
2021-03-11,325.4656066894531,328.11098954378633,322.4883836163652,323.3087437197612,2520500
2021-03-12,329.3228454589844,330.0628721838278,325.5950472843057,326.68658317480816,2088700
2021-03-15,327.34332275390625,331.0988700379155,325.1880285136583,330.15536775380536,2343400
2021-03-16,328.0093688964844,328.712359052253,325.5210835384799,327.0195989554507,2904200
2021-03-17,325.770751953125,331.2190867277891,325.4469920749327,328.53655730543517,2633100
2021-03-18,334.9006652832031,337.0004611038184,325.9188044688357,326.4090598196722,3311600
2021-03-19,338.1659851074219,342.6800496600204,332.08867573449385,334.7804649221082,8572900
2021-03-22,339.3500061035156,340.94102842279176,333.10617294465084,337.6294967386136,3505200
2021-03-23,340.86700439453125,343.67904945841536,339.68298987749574,341.19076431861583,3100100
2021-03-24,342.80950927734375,345.7695312271316,338.10120080978163,338.6006870470338,3407800
2021-03-25,343.26275634765625,344.20625858089494,336.1401797095582,342.80950942616863,3021500
2021-03-26,348.2486877441406,348.7851825295386,342.52285857805765,343.80861116898217,2959800
2021-03-29,350.6351318359375,351.96715169859397,346.87032530427473,348.13758753617344,2740400
2021-03-30,345.5476379394531,351.3937232187028,343.9196070441839,349.2384284681513,3066000
2021-03-31,344.1693115234375,348.7296150997499,343.9195401515483,344.8445523931922,3356500
2021-04-01,339.54425048828125,344.7428147723083,338.3324867094408,344.28956780699446,2977700
2021-04-05,342.4210510253906,344.68734248239934,340.0715400768986,341.9030463887833,2709400
2021-04-06,337.0466613769531,342.06023948414224,335.52039702600524,341.12596821037135,2698600
2021-04-07,338.2214660644531,338.44345995368735,333.5131292402701,336.8801871156898,2158900
2021-04-08,337.52777099609375,339.3962857864428,335.88122190797793,335.88122190797793,2426700
2021-04-09,348.08209228515625,348.36884381930184,339.47948980252215,340.72826196397114,2483200
2021-04-12,348.0635986328125,351.34738073744677,345.98232112812326,346.39858792071425,3057300
2021-04-13,346.4170837402344,350.86639035450855,346.25981923867914,348.0358551595813,2652300
2021-04-14,347.46234130859375,349.6638748872702,346.491061549637,347.1940798632667,2805600
2021-04-15,360.7640686035156,362.9378250002071,351.5046861277223,351.5046861277223,4488300
2021-04-16,361.6890563964844,364.380845487228,356.55522136518135,364.380845487228,4532400
2021-04-19,360.60675048828125,363.89056071597946,359.3394882985761,360.7547558268855,2965400
2021-04-20,366.7950744628906,368.0438465376107,360.218251487366,360.6252308711678,3348100
2021-04-21,368.9041442871094,371.3739394898957,365.7868574272805,368.9503836093501,2473300
2021-04-22,366.8043518066406,368.8578800540374,363.7055552391585,368.5618693701113,2718600
2021-04-23,370.2916259765625,371.8456396742911,364.91730743340236,365.9533165652214,2263200
2021-04-26,366.17535400390625,370.00491845995157,365.5741016572358,369.82916386535226,1642300
2021-04-27,364.9173278808594,366.6100878555337,362.88228966566265,365.0653332264313,1758500
2021-04-28,365.0005798339844,367.2206035850799,363.8073061289813,365.54633367323174,1886500
2021-04-29,371.43865966796875,372.0029318226142,366.5823453296846,366.99861213604817,1996500
2021-04-30,368.8948669433594,371.72540211581895,368.47862837631124,370.92990514603827,2328100
2021-05-03,375.46246337890625,376.26721951277835,370.4951521560682,370.92990903897,2568500
2021-05-04,380.49456787109375,381.53983631910717,373.2424746021323,375.0740091753083,3237200
2021-05-05,381.5675354003906,381.7987884521484,376.29495452865956,379.71751098632814,2767600
2021-05-06,383.8523254394531,385.5913529450132,381.6230425821454,382.03005022085665,3058700
2021-05-07,386.3313903808594,387.5986527444959,383.01985869111877,383.8801133750148,1851000
2021-05-10,389.3283996582031,394.0367083838267,386.858604655454,387.82985617692003,2489300
2021-05-11,380.8275146484375,390.62338996035487,379.81922656012074,389.43011637893267,3024000
2021-05-12,374.97216796875,380.04124467592464,374.3339073316177,378.5982279908768,2888100
2021-05-13,377.9229736328125,382.1965253835714,374.00093102677084,375.8139469936406,2637500
2021-05-14,379.0700378417969,381.6508301214608,377.8675331161903,380.17080476208184,2072900
2021-05-17,377.98785400390625,381.5769069409258,377.93235551346913,378.61685571495445,1583900
2021-05-18,379.6065368652344,381.9930560820667,375.80472178657055,378.9682761456714,2694800
2021-05-19,378.7924499511719,379.92096582744426,373.9361364902594,378.78319079697275,2783100
2021-05-20,377.99700927734375,382.7977967556042,377.7009985902709,378.82025547866976,2105800
2021-05-21,380.7628479003906,387.23793451624977,378.75555862865383,379.9580916519387,4295400
2021-05-24,380.1338195800781,382.862588953464,379.18105803121193,381.4473212502136,1883600
2021-05-25,382.0762634277344,382.82552102298746,378.2282376633107,380.96626576731137,2285600
2021-05-26,382.22430419921875,384.15757641564335,380.1892941852035,381.19755415094835,1903900
2021-05-27,381.7525634765625,383.9818181376284,379.60652830062793,383.8060917824918,2041800
2021-05-28,381.031005859375,384.3147876020669,379.27346024360554,381.75251418564307,2367900
2021-06-01,376.220947265625,382.70529154780746,375.7029427137754,382.70529154780746,2199600
2021-06-02,375.416259765625,378.45955823539634,374.21372679917766,378.45955823539634,2232900
2021-06-03,377.36798095703125,379.0330199063508,372.6319228622373,373.24243432074115,2281200
2021-06-04,375.22198486328125,380.18003700267496,374.3062035345441,380.14302860829827,2990900
2021-06-07,370.2361755371094,376.67425328376544,368.79315859784396,376.44300020722756,3353800
2021-06-08,371.6144104003906,372.54868180148367,368.8486328202151,370.6709080726552,3051300
2021-06-09,371.0224609375,375.35151198042047,370.49519712058185,373.08522042084104,1925700
2021-06-10,371.38311767578125,372.6411488742057,368.58959115575686,371.77163519813996,4033600
2021-06-11,368.0531921386719,373.1129827945621,365.17638893653447,373.10375186650765,3094300
2021-06-14,369.2279052734375,369.51465682206293,365.5001069121721,367.50736775255024,2674900
2021-06-15,370.263916015625,371.39243213159125,366.7396214709138,369.96790530966854,2845800
2021-06-16,367.461181640625,372.91874924005765,366.92468686106446,371.02248508208874,3330800
2021-06-17,367.55352783203125,368.21953760841933,365.01897572873776,366.30475597266286,3532000
2021-06-18,361.4912109375,364.5456557786866,359.52300688555954,359.55085776053875,5521400
2021-06-21,369.56829833984375,370.6173951669669,361.3519503714081,361.4912047439184,3839300
2021-06-22,370.143798828125,371.96345489778,369.33609536010283,371.9263109646182,3964600
2021-06-23,367.2379455566406,370.43164420435266,366.96870159140576,369.3361388734285,2942100
2021-06-24,370.3109130859375,373.3653570983848,368.4262621702829,369.80030440568186,3309100
2021-06-25,375.95562744140625,380.6254787566181,370.4501933799258,371.4528813424392,16928900
2021-06-28,372.7154846191406,375.992735736897,369.4382335013843,375.95562013346773,3193300
2021-06-29,369.5960998535156,374.33094621420213,369.0204963023287,373.18900384707325,2458800
2021-06-30,371.7685852050781,372.6598414803939,368.38919481519474,369.076230241972,2875600
2021-07-01,375.8999328613281,376.1969993628022,373.0404446660233,373.2446938228308,2678100
2021-07-02,380.0498352050781,380.5233283023878,374.96222100583765,376.0855771460502,1982400
2021-07-06,380.88543701171875,381.72099144161837,376.66119952482836,379.40928424130743,2615300
2021-07-07,382.1852722167969,382.6680301747525,378.0446147976158,380.9690700862022,2270400
2021-07-08,380.59765625,381.41462459003054,376.0763236794983,379.3535751051849,2032300
2021-07-09,382.60296630859375,383.6613560628613,381.2382453083914,382.99290683188275,2078900
2021-07-12,386.2515563964844,386.5857668076591,380.93181402512243,381.5909701132863,2802600
2021-07-13,388.57257080078125,389.6402252080998,385.94518275290073,386.56722326222,2948900
2021-07-14,385.0447082519531,392.2769540881084,383.7542466452989,390.6429605917429,3538700
2021-07-15,389.9744873046875,391.53422115192,378.044567565055,382.41732451370854,3546500
2021-07-16,389.6495056152344,392.0540583034686,387.73700381173506,391.19062473910543,2625400
2021-07-19,379.77130126953125,389.49165039095925,377.6824012720827,387.3656064604506,3611300
2021-07-20,383.40142822265625,387.82062220066894,381.21038903777105,381.5724787120735,3186700
2021-07-21,384.95184326171875,387.35639619701,381.4146127027125,387.1985557086985,1863700
2021-07-22,386.0009460449219,386.9850480032983,384.1070300113631,386.2330460979829,1421900
2021-07-23,387.7928466796875,389.31540855670335,386.20526164429975,387.97850975455094,1611700
2021-07-26,383.9306335449219,387.76493097307406,381.47964337323606,386.9850498584277,2232600
2021-07-27,385.3788757324219,385.5274231439134,380.1426857243032,382.5008298413828,2630600
2021-07-28,379.87353515625,384.8126028546818,377.6732028084633,384.8126028546818,2446600
2021-07-29,382.5751037597656,383.03930381342764,379.17718429957984,381.83239500691553,1597300
2021-07-30,382.705078125,384.1440869010038,380.87612885314775,381.3496219554233,1864200
2021-08-02,385.8153381347656,386.623041901634,383.25294411639965,383.9585374449422,1806500
2021-08-03,391.6920471191406,391.91488243804,385.3603508194573,386.0473862483184,2496500
2021-08-04,391.3578186035156,393.32602244584245,389.6588304131406,391.83128342773864,1995400
2021-08-05,381.7488098144531,392.0169118584603,378.6851010547841,391.8405135865227,3598600
2021-08-06,385.3974304199219,386.9292848605496,382.51011981760456,382.51011981760456,1944000
2021-08-09,381.4517517089844,386.4279910712393,380.968993847637,385.23964005424943,1509800
2021-08-10,382.2966003417969,384.0327040332724,379.316443889224,381.1175423889156,1441800
2021-08-11,378.5458984375,384.2926980932452,378.3323845187009,383.4571435577749,1542600
2021-08-12,376.893310546875,379.46499705142514,375.35216292419955,377.85885461955,1939900
2021-08-13,380.33770751953125,380.6904757824076,376.8562069057456,377.93312616298834,1537800
2021-08-16,387.3377685546875,387.5327529603879,378.1651717257593,380.49546486729434,2377500
2021-08-17,391.5806579589844,392.24910727509746,386.79940231787623,387.23575157051295,2258000
2021-08-18,387.43994140625,391.40419968341683,387.22639918085525,391.1813927230209,3037000
2021-08-19,397.2532043457031,397.6802605359523,382.8722649256734,385.6389079245218,3204500
2021-08-20,398.9427795410156,400.4746339646473,396.3432707210662,397.6801690663319,2401900
2021-08-23,394.9042663574219,399.7319583745026,394.47721023001446,399.7319583745026,2375900
2021-08-24,393.0938720703125,395.44272308442464,391.52487370524125,395.05278259364354,1619300
2021-08-25,389.68670654296875,393.28890399694393,389.4174908735675,391.64564577661116,1939000
2021-08-26,387.00360107421875,391.2185456107823,386.7993519116754,389.714513596132,1385400
2021-08-27,388.7768249511719,390.25297767233326,386.3258351505494,388.0805248940662,1621600
2021-08-30,388.3497619628906,390.45724838492794,387.96914284327283,388.7768464209164,1284200
2021-08-31,386.4651794433594,390.6151298828909,384.5619701773166,387.14292185639135,4249100
2021-09-01,387.4677429199219,389.8073007036308,381.79520422722175,386.715741191854,2034400
2021-09-02,393.3724365234375,394.01303492106075,388.29408635146075,389.1482269924669,3137400
2021-09-03,392.5832824707031,393.6416722646114,390.49438208722347,391.7198771120041,1604800
2021-09-07,391.0793151855469,392.0263015804881,387.681366845082,390.20661667737966,1920300
2021-09-08,385.6481628417969,392.59257802786567,384.5433643653723,391.0328725314516,2262500
2021-09-09,384.86822509765625,390.1322657886955,384.29262160628593,385.60166906207365,3508500
2021-09-10,376.3063049316406,387.57005628045493,375.0765085063087,387.16012413867765,4215800
2021-09-13,386.19122314453125,388.324729909981,378.67275769942637,380.0981946280345,3068200
2021-09-14,384.3465270996094,389.05139263972734,383.2564737998198,389.05139263972734,2879800
2021-09-15,388.9862365722656,392.6197292415626,381.5143419902867,384.3279417982694,3180600
2021-09-16,388.3526611328125,394.46434074917914,386.6011379930054,390.98927152900217,2262700
2021-09-17,391.44580078125,392.31223672117505,386.61048889048107,386.61048889048107,4534200
2021-09-20,384.4956359863281,390.64456192611283,380.78762336176555,388.42723764667255,2799800
2021-09-21,384.1602478027344,390.1601337117247,384.03912759019045,386.64778970782413,2382200
2021-09-22,380.7689208984375,383.8433832262493,377.26587509891993,377.26587509891993,3629400
2021-09-23,380.1448059082031,386.49872686576487,379.66035348247937,381.7938320388183,2681600
2021-09-24,379.2596740722656,380.01434390200876,377.5361279365979,379.1292566172292,1950400
2021-09-27,377.5733642578125,383.9831815651238,377.2845522947189,379.95840859095557,2608600
2021-09-28,371.3778381347656,376.39016718751674,369.88717832089606,375.0858505123701,3115400
2021-09-29,373.0455017089844,374.3870926490296,368.75053987720867,369.8685418045697,2056300
2021-09-30,364.03643798828125,375.91509054587215,363.7755745988054,374.05177249762255,3779900
2021-10-01,365.61083984375,366.78473897791247,356.9370990750292,364.8375755841148,3146600
2021-10-04,360.5612487792969,368.1449359429538,358.4650166682858,364.85618181273514,3074800
2021-10-05,366.5425720214844,368.9462680222365,362.63891876616435,362.7320903470882,3269400
2021-10-06,367.3065185546875,367.8002966306844,359.47126385294604,364.04571242928125,2809200
2021-10-07,377.0423278808594,380.2751850554078,369.59835473219624,369.6449547313967,2813700
2021-10-08,380.5454406738281,381.16033904747064,375.1232067098486,378.6355510288908,2012200
2021-10-11,377.3125,383.11674473928,376.5858072507715,380.1168021730861,2164200
2021-10-12,375.6821594238281,380.4709002465643,374.81572339281155,377.42435717392897,2415700
2021-10-13,375.970947265625,377.6106760694783,370.9027204464184,375.7753068526115,3021800
2021-10-14,391.6321105957031,403.87412184642244,389.2470661530133,396.5699196866883,6038800
2021-10-15,398.815185546875,401.0697838995301,392.6941804654139,393.2065814277528,3312000
2021-10-18,395.6009826660156,398.74999417850347,394.87428988867015,398.74999417850347,2232800
2021-10-19,395.3774108886719,398.58231979833994,394.46437492571727,397.65995814809827,1616800
2021-10-20,405.35546875,405.76540094193405,397.66928279919637,397.8183516355336,2764000
2021-10-21,412.0540771484375,412.2590432337648,405.34612202133667,405.73743125040585,2465100
2021-10-22,418.46392822265625,418.5850484326177,410.3584841625077,410.7125191048645,2736200
2021-10-25,418.7713623046875,421.70611067245903,415.92981394805287,419.24651745603603,3553500
2021-10-26,423.5693359375,426.42950661195727,417.0011248739518,419.70292948722715,3103900
2021-10-27,422.4886779785156,428.97301580456894,422.4886779785156,423.56940568818663,3520400
2021-10-28,424.314697265625,426.60657001273137,421.5942409882692,422.0414474594974,1672600
2021-10-29,429.00091552734375,429.8580541069454,422.0973206206644,423.35506564822396,2497800
2021-11-01,423.07562255859375,433.9294718259392,420.34586872057014,430.25873337148784,2203100
2021-11-02,421.1470947265625,425.24638817690067,419.6005375495038,425.07869639952605,2600000
2021-11-03,426.0755920410156,426.2526095231147,416.4888415352149,419.6378534605859,2438200
2021-11-04,425.5445556640625,427.17495884404804,421.25891876170544,426.32714577861856,2517300
2021-11-05,424.6593933105469,429.9791570720036,423.5134427565504,426.5413338419842,2905000
2021-11-08,431.0039978027344,432.4667089705611,423.2619153002745,425.6283366587744,2279900
2021-11-09,432.6158142089844,432.7276087274313,428.83328136433965,431.00403408277936,2657800
2021-11-10,428.46990966796875,434.1530344751756,425.42339539117444,433.5847362104411,2818200
2021-11-11,426.1314392089844,429.3549707492094,424.3146931462265,428.56305506975156,2246800
2021-11-12,427.6220703125,429.4947136285035,425.8425985643719,429.18727872968253,2609500
2021-11-15,419.9917907714844,426.89538613959655,419.7123044942212,426.69974574551236,2849600
2021-11-16,418.8924560546875,427.0258482150923,418.65954133747977,422.03214189353247,3383800
2021-11-17,418.2683410644531,422.9359335622156,418.0633749365689,419.60993236842666,2281500
2021-11-18,418.752685546875,421.86442255359384,416.55395597548676,418.06326712722205,2073800
2021-11-19,409.929931640625,418.7341199543327,409.46410217285154,417.50432333573696,3536100
2021-11-22,407.6380615234375,413.4236555934373,407.49831836850507,412.5572196008815,2598700
2021-11-23,416.5726013183594,416.9359334635764,406.203234386846,406.21256007302105,2857000
2021-11-24,419.3955993652344,420.1595665334121,415.1845111164079,416.11617007311975,2248800
2021-11-26,409.8460998535156,417.550909280146,408.2622682357871,414.51372037947795,2480600
2021-11-29,421.1098327636719,422.11601188941034,410.442326733484,413.2466291870666,4079700
2021-11-30,413.86151123046875,420.50424363282025,411.0944832034127,416.50741905330096,7435400
2021-12-01,413.9733581542969,424.7619853354552,413.7870434128048,421.9390596924638,4325500
2021-12-02,415.5384826660156,417.2807086513027,409.20321366633175,412.8646262343963,4738700
2021-12-03,419.9783630371094,424.7640105333777,416.09937341980117,418.5295645368652,3038300
2021-12-06,430.063720703125,431.6246783246095,422.0346713377287,422.6235354193384,4721500
2021-12-07,434.38201904296875,435.3354003109873,430.1758799095292,432.53130755536097,3105200
2021-12-08,438.2422790527344,439.46675908443115,432.28826023063795,435.6531771113683,3228300
2021-12-09,442.41107177734375,443.49532440870973,436.84025358259714,437.9338623178038,2977400
2021-12-10,447.00042724609375,447.23410163758797,440.25190967875125,441.1772511411626,2572300
2021-12-13,446.91632080078125,448.89787513395225,443.05601517780815,445.8694355358865,2724800
2021-12-14,448.1500549316406,451.4962879522534,446.01894577468045,448.4211251932968,3018000
2021-12-15,462.09576416015625,463.0491453609583,448.7856806130952,449.21563348506027,4188600
2021-12-16,460.6750793457031,464.507345492665,458.10466075654335,461.75000448457365,4080800
2021-12-17,455.3099365234375,460.9274787970485,454.61826935719813,459.32915372587183,5707200
2021-12-20,452.1413269042969,453.3377388145836,444.2244362755739,450.5242896207873,3145600
2021-12-21,455.3939514160156,457.06706789276495,450.71113643624386,455.2163566127722,2536000
2021-12-22,461.8620910644531,463.0958986393011,454.16952019025496,455.33789209264023,1687500
2021-12-23,463.0304260253906,465.61952768561923,460.6282467398079,462.67523643145046,1706500
2021-12-27,466.88140869140625,467.62915529344264,464.20818749065694,466.1149498832611,1349400
2021-12-28,470.0968017578125,472.3213865554962,467.7226619248125,469.2181837532701,1495500
2021-12-29,472.5643310546875,474.09724858671484,469.21812668616144,471.8165844937541,1573900
2021-12-30,471.4894714355469,475.9760367250445,470.76040849815047,474.7609128129138,1309800
2021-12-31,469.3490295410156,473.77013058453645,469.2555540834461,471.21842459358726,1695400
2022-01-03,469.4798583984375,470.059366283546,460.85259021852056,467.3487492428781,3033600
2022-01-04,458.8429870605469,470.85385537912885,458.82430337984687,470.3397831751967,3908100
2022-01-05,457.7120056152344,464.5446418277467,457.7120056152344,462.4602562041738,3921100
2022-01-06,438.980712890625,452.52450022620906,432.87713883214764,448.6548385518404,6555200
2022-01-07,428.6523132324219,437.4104249387098,425.80146851629235,437.14871075892245,5494200
2022-01-10,434.6343688964844,435.4381951126921,424.7639648654568,426.2220907888105,5831800
2022-01-11,438.3731689453125,439.728491858331,430.58715058506516,436.69072469612996,3332800
2022-01-12,442.7848815917969,444.28040323172286,435.8868097777242,438.34506865980893,3502300
2022-01-13,436.90570068359375,445.43013839478175,435.5504062524803,444.8132630687182,3005300
2022-01-14,438.0834045410156,442.27085990607253,434.70913149451957,439.20505303022736,3665400
2022-01-18,430.88623046875,435.2980042097864,428.4186436778416,434.79328805180694,3938800
2022-01-19,432.3162841796875,444.4393120849196,431.37225908674975,437.43843682853924,4030900
2022-01-20,432.7650146484375,440.83145998218794,431.83031699260937,434.05490197743376,3228600
2022-01-21,431.054443359375,440.04622842696364,430.96096790774476,433.23227590637373,4273200
2022-01-24,432.0826416015625,433.83055004324217,418.86603260537436,428.15692886617785,4780700
2022-01-25,427.0071716308594,429.484114121989,418.0621103561044,424.4180700117845,3428900
2022-01-26,428.4934387207031,433.5875523454027,423.8386626591251,428.5121509295986,4435900
2022-01-27,431.45648193359375,438.07412937340285,427.1662227354813,428.16632763721344,3508100
2022-01-28,435.6251220703125,435.83075666484206,425.36213307467096,431.26942822233474,3364400
2022-01-31,441.7099914550781,442.2801432214841,434.0735005533681,434.6343247418466,3500500
2022-02-01,437.8216857910156,443.9813392643714,432.53129419913233,443.9813392643714,3148600
2022-02-02,448.44915771484375,450.50550358944406,438.4291995457708,438.4291995457708,3026800
2022-02-03,456.85211181640625,467.5170142982192,451.9917016651462,466.0869281859175,4370900
2022-02-04,451.61785888671875,457.65599748864014,448.8324497269972,450.29057572344004,3066400
2022-02-07,452.11322021484375,455.44074123934996,449.8699232558774,453.24419627310704,2937200
2022-02-08,461.18914794921875,463.30157366095864,449.9166971333931,449.9166971333931,3534700
2022-02-09,465.5729064941406,468.2180883002924,463.88110602480543,464.54473337127456,2818100
2022-02-10,454.93597412109375,461.9462054601609,453.3937289314398,460.0954941177536,2626100
2022-02-11,446.90692138671875,458.40368925636363,445.3272803256855,453.0291786175606,2493800
2022-02-14,443.4205017089844,446.54238803046013,438.68157839469814,444.08412896714265,2549500
2022-02-15,447.00042724609375,449.7484403720427,444.16829476217157,444.8599618330886,3001000
2022-02-16,448.7015380859375,450.2718516158808,440.61641015242657,444.4486757322407,2651800
2022-02-17,439.62567138671875,447.99122642365165,438.2703769641999,446.9443696622086,2403100
2022-02-18,437.2608337402344,443.9065477760002,436.3448199243844,439.5414979146332,2992300
2022-02-22,432.3070068359375,436.68138486660183,427.92327270113464,433.54078601978875,3029800
2022-02-23,429.60565185546875,437.1767071600729,428.87658896093376,436.68131863589787,2840300
2022-02-24,426.11932373046875,426.77359496815643,416.6321197992675,420.16527576184785,3933000
2022-02-25,444.6823425292969,444.71038231374405,426.43705731490746,426.82961429716823,3314400
2022-02-28,444.7944641113281,446.1404307005571,435.20445929424704,435.4288060755866,3918300
2022-03-01,445.14971923828125,445.8133465283382,437.18610618347964,440.1397539377682,2917600
2022-03-02,453.68353271484375,455.3566494318086,446.6826567097612,446.9630545842436,3675900
2022-03-03,454.8144836425781,459.29169295513736,450.7298598572505,454.26301550351184,3139400
2022-03-04,466.0868835449219,467.0309371090894,446.3086818335246,449.29972512067343,4170100
2022-03-07,455.0762023925781,467.34878607896474,451.4776110348289,467.34878607896474,4123300
2022-03-08,442.54193115234375,452.8516448525375,440.7286154712834,447.53321306500095,3849500
2022-03-09,453.8611145019531,455.87070861055145,442.6634271324982,451.06634931795094,3115500
2022-03-10,459.34771728515625,461.46947022857256,446.62647015295954,448.0285163284942,2834800
2022-03-11,452.6730041503906,462.91947353121617,452.335531016442,457.3228151869732,2615000
2022-03-14,457.4071960449219,464.5975249514992,454.9322787129273,459.73208717715477,2704100
2022-03-15,466.77252197265625,468.67557200749116,456.83540171905076,459.3571811861287,3043000
2022-03-16,467.1005859375,473.8878127154409,459.3665118427376,468.57238193139295,3497100
2022-03-17,475.3127746582031,475.4065267381502,464.21320928948154,464.9819362922821,2357200
2022-03-18,474.46905517578125,478.7438867455731,470.1942236059894,476.92520513984124,5065600
2022-03-21,475.9126892089844,480.9187405015797,472.81904271865227,473.4284168365981,2617700
2022-03-22,473.71905517578125,479.84069058936336,473.2690624036338,477.42201877660455,2752500
2022-03-23,471.7597961425781,475.35026897828885,469.97859249677964,470.85981052919027,2753200
2022-03-24,481.35003662109375,483.52495884032226,472.35035255343445,473.4190746920456,2789200
2022-03-25,480.94696044921875,484.228082928305,477.39393691648047,482.034393009121,2551100
2022-03-28,481.10626220703125,484.79987055189395,476.990783858812,482.1562167115195,2643000
2022-03-29,478.7907409667969,487.09668240691514,475.57521943691796,484.7623502417037,3478400
2022-03-30,488.2496643066406,488.60590495381024,480.4311948637874,482.89672802898826,3041200
2022-03-31,478.0782470703125,489.2528242237627,477.79701947288186,484.76233758157434,3979700
2022-04-01,480.5343933105469,482.5874404620602,474.9189680444424,478.74380615970216,2344100
2022-04-04,478.1251525878906,480.4313049253682,472.97848681976484,480.17822867361804,2657500
2022-04-05,485.3811340332031,491.9152274746654,476.231480682496,478.1064077717972,3268600
2022-04-06,498.4961242675781,500.1554526666492,485.6060035178288,485.81221798507886,3955600
2022-04-07,503.37103271484375,504.6178751784303,495.3463475241402,496.85565001161143,2867000
2022-04-08,511.8175964355469,514.6393135258504,504.4490897910736,505.2928298339331,3986700
2022-04-11,503.8304138183594,513.364402123795,503.0804544201938,509.6051641242924,3574000
2022-04-12,500.3336181640625,506.9145724072116,497.58685723338067,501.92726018971297,3575700
2022-04-13,503.41778564453125,504.6177661178887,495.5618387138128,499.96792761095605,3012000
2022-04-14,501.37420654296875,518.6891289081251,500.6711089591881,504.824065154532,4211300
2022-04-18,500.6805114746094,507.16774273581893,497.21188515458164,504.2616288347911,2087100
2022-04-19,504.0741271972656,508.5551729009224,501.76794642620155,502.3773205785854,2207600
2022-04-20,511.8643493652344,514.067365249204,505.2927224288238,508.23637094491914,2986300
2022-04-21,503.8304138183594,513.7300266415549,502.508615385688,511.38636776089083,2539900
2022-04-22,488.3622741699219,499.99617189105646,487.6497927022048,498.7868644850013,3453300
2022-04-25,491.4840393066406,493.3495826376247,479.7282382442253,487.8560599039792,3030400
2022-04-26,481.6500244140625,493.34955058226853,481.39689095927093,491.4558560027518,2895300
2022-04-27,481.6780700683594,488.32471078905803,477.937600235508,482.70925692707027,3353700
2022-04-28,491.62457275390625,493.3682982791972,481.07810880569895,484.4436278105254,2582700
2022-04-29,476.7470397949219,487.38728459003784,475.25647629955375,486.4029021645829,2873200
2022-05-02,469.809814453125,481.39687787294037,462.48822700711145,478.8657150485255,3184300
2022-05-03,468.3755187988281,473.90654783926436,466.36936174485066,469.79109786747614,2763400
2022-05-04,475.875244140625,477.8907850575153,462.2538998614962,468.263044668616,4002600
2022-05-05,463.78192138671875,478.7344749306748,458.63525617607394,475.490830779318,3359700
2022-05-06,468.3755187988281,470.2035841045773,454.66980672811144,454.6791905182189,3260300
2022-05-09,456.00103759765625,463.6976054173101,454.13546565842455,459.7321242578848,3862700
2022-05-10,457.4915466308594,465.3099883578021,451.0324097386944,462.92882318819835,4275500
2022-05-11,455.74786376953125,469.2192093609318,454.09794750367433,454.09794750367433,3936300
2022-05-12,448.8575439453125,456.44164937007594,441.9390868600738,455.70104514240256,3997600
2022-05-13,455.0447692871094,456.54471658292147,446.05449791110624,450.90119671006903,2453400
2022-05-16,458.6259460449219,464.569461868337,453.87299870073605,455.05421199811497,2338800
2022-05-17,461.7288513183594,463.78189847114413,457.9133683806167,463.1069236728435,2289000
2022-05-18,441.9015808105469,458.61654362292535,439.0704225282394,457.7259703997044,3240500
2022-05-19,448.6231994628906,451.4637130589852,434.35500216347936,435.28311059228577,3813800
2022-05-20,455.3541564941406,456.9853338304411,442.77338372673995,451.27618454427386,3068200
2022-05-23,461.30706787109375,464.7381880219581,455.8791743177766,455.8791743177766,2279800
2022-05-24,466.4443054199219,466.9317761078757,458.1008865525353,460.0976882507818,2658100
2022-05-25,466.9411926269531,470.89728975271345,460.53832949152024,467.3442950669265,3161600
2022-05-26,470.8223571777344,475.5377979719209,468.1787029424177,470.3629805565574,2705800
2022-05-27,475.39715576171875,475.39715576171875,458.78532811922713,460.29463079332106,3349100
2022-05-31,465.7131042480469,472.58469893594594,464.66314973286967,472.1253509878346,4003100
2022-06-01,461.7476501464844,470.0254691354931,457.2759594087448,467.1568330231143,1765900
2022-06-02,461.47576904296875,465.12248700246334,452.76672554434134,463.10694629809,2093500
2022-06-03,455.24163818359375,460.9226933349573,454.57604710668846,457.7915400573738,1756900
2022-06-06,459.5258483886719,462.76010888497063,455.8791302756093,458.82275076853,1781500
2022-06-07,466.0130615234375,466.4911484028938,456.6571664989506,458.8883339667884,2341900
2022-06-08,462.6663818359375,466.7630929467327,457.9978030864256,463.10699084608694,3268100
2022-06-09,458.82281494140625,465.4131830782612,457.1166242783727,462.0570758900623,3148800
2022-06-10,454.3229064941406,459.50707811580224,450.85428036074904,454.4822592560795,2599900
2022-06-13,440.3266906738281,451.2387527530985,438.0392770644222,445.4171114597999,3764600
2022-06-14,432.8738098144531,439.83915737581515,428.81460508465983,438.2642254212384,3814200
2022-06-15,435.29241943359375,439.68912558849865,427.95209273116654,435.1705732088326,2550700
2022-06-16,429.0924987792969,430.7106873552817,424.0027313903628,426.5617266102658,3135600
2022-06-17,425.3011169433594,434.14469506357864,423.08082669115805,424.0686623402715,5277400
2022-06-21,451.88824462890625,456.40410494063525,430.0427136664163,430.7106783304829,5726800
2022-06-22,460.69415283203125,466.5648053336104,446.450356337624,447.5605011959968,5061000
2022-06-23,470.2245788574219,473.7714096629484,462.8392407647778,465.65227222819357,4687700
2022-06-24,466.3014221191406,470.1775409261162,457.7588816528236,469.87647590722827,15861100
2022-06-27,475.7283020019531,481.58953786501314,463.4225347369078,463.6577364033223,3907100
2022-06-28,478.3437805175781,487.9117689718381,475.1826549457777,481.7683308277666,4978200
2022-06-29,485.18341064453125,487.9964132969886,476.0575747961239,478.7294621954904,3823400
2022-06-30,483.22650146484375,485.75727353099126,479.5479441913314,483.15122085815216,3568900
2022-07-01,486.7734069824219,486.89571644655973,472.5766086884689,481.9940928933811,2426600
2022-07-05,475.3330993652344,480.75215436323333,463.11203128239066,477.5910580884925,3029600
2022-07-06,484.788330078125,486.78283596114176,474.4488722185063,475.70957863474496,2506700
2022-07-07,483.9321594238281,486.6792989350432,481.90940203117196,484.7506566666295,2385400
2022-07-08,487.9305419921875,497.09398928469625,480.7616001405736,481.9846372622877,3092100
2022-07-11,486.3501281738281,490.60253622490904,481.51436702854784,484.3838165285217,1743600
2022-07-12,483.9697570800781,488.4103944769057,480.39470317438344,482.8690293408234,2706500
2022-07-13,471.5699157714844,481.56127779462213,471.5228869234692,477.99564126531294,3467700
2022-07-14,472.689453125,475.94466463286625,463.1402718776788,465.6992669780035,3765500
2022-07-15,498.3922424316406,500.49963980008823,484.9387209915599,494.92066415632075,5742500
2022-07-18,488.6267395019531,500.6596357427005,488.04344397955754,499.56832530726757,3212000
2022-07-19,501.8733825683594,502.24031098973614,489.77462129649086,490.2450246811416,2953500
2022-07-20,488.7208557128906,502.4378342300747,485.20224764931464,501.8733731480042,4327500
2022-07-21,491.53387451171875,491.5432343437214,480.8839360942957,488.6455911380837,2667600
2022-07-22,490.5459289550781,496.3695239268838,487.7141494108735,494.8642563820845,1850300
2022-07-25,498.1287841796875,501.34638371617723,493.189550112323,494.94891107528315,2337200
2022-07-26,500.1233825683594,505.81525074996364,499.59653319368124,502.20252830768857,2637800
2022-07-27,502.9646301269531,506.0222517440235,496.7835235365403,501.95796011927473,2268100
2022-07-28,509.4374084472656,512.1187419832768,500.2645431645464,505.6741816646116,2344500
2022-07-29,510.2370300292969,511.6575996306186,504.9214502566969,508.04493477360927,2945700
2022-08-01,503.6890563964844,511.46954557442365,499.56831877775556,510.17122783579515,2335000
2022-08-02,503.7643737792969,508.534270615539,500.24570850386374,505.73062761615876,2114200
2022-08-03,508.6470642089844,511.4412319898301,503.980643232609,505.45771634865287,1802900
2022-08-04,502.1555480957031,508.44012961023657,501.22415870225683,507.36759625075507,2368000
2022-08-05,503.3880615234375,503.8020187937543,496.33201084005157,498.627581625938,2373400
2022-08-08,504.83673095703125,509.2585328690885,501.8449732605168,507.9507980889419,1656400
2022-08-09,505.4577331542969,513.435754274456,504.62981880157,508.03553389799316,2147200
2022-08-10,505.8905029296875,509.89834827714486,502.2119743492035,508.28018847011657,2291400
2022-08-11,501.3182067871094,506.74667941416243,498.31703134227433,506.37975104733,3006200
2022-08-12,511.5166015625,512.1751777205902,502.8141398037693,503.9054502828437,1981000
2022-08-15,512.40087890625,514.8187585631005,506.6807591632819,509.60665367096846,1447300
2022-08-16,513.7933349609375,515.0352066582697,510.2841444505864,512.9372261554848,1773000
2022-08-17,512.7396240234375,515.3644539037565,509.51266410603705,512.9654084317727,1471700
2022-08-18,512.9466552734375,515.684435214398,509.7479466109264,512.7491225959573,1486400
2022-08-19,515.8630981445312,520.3883757369949,512.570274940219,513.2100165578119,2258000
2022-08-22,512.3350219726562,516.9920258082428,509.30559506849926,509.34326408017785,1672900
2022-08-23,504.0841979980469,511.1308307086228,501.6475409000272,511.1308307086228,2039600
2022-08-24,504.70513916015625,507.9038472092302,503.3503753328194,504.9120890535027,1761200
2022-08-25,509.5126037597656,509.93597818639057,499.8034733953238,503.34091516635385,1965800
2022-08-26,497.9219665527344,511.0368147896261,496.9529080489896,510.16187141314117,1906700
2022-08-29,498.41119384765625,501.3559234716012,491.91960451832085,494.8643341422658,1594000
2022-08-30,491.89141845703125,499.65307401863254,490.9035254477259,499.0132749073979,2013400
2022-08-31,488.589111328125,495.899139617913,488.42913286088265,489.99090398509543,2891300
2022-09-01,492.9826965332031,493.22731545568934,484.60013434459734,488.58914544959094,2085300
2022-09-02,485.7855224609375,498.4299669590048,483.39589408601154,498.270045896307,1944200
2022-09-06,487.03680419921875,496.2285040075675,486.3217819216589,489.1536192682812,2711900
2022-09-07,490.80010986328125,492.51238521832573,484.21446192339914,486.39714070272095,2504400
2022-09-08,496.28497314453125,497.206945375602,488.09994301317516,490.1132832203128,1557500
2022-09-09,494.8504333496094,498.1441418048336,493.1894089177303,498.1441418048336,2495500
2022-09-12,501.37176513671875,504.92975355456855,493.11387724034927,495.4732737821691,2792000
2022-09-13,485.0542297363281,495.71869125205274,483.1761303867073,494.5295461041875,3172500
2022-09-14,481.099853515625,486.3943547044572,477.63627527733513,485.09196311358204,2648100
2022-09-15,493.50091552734375,498.28577981514104,485.2241895721423,487.2626833456126,3058100
2022-09-16,491.7171936035156,493.4159478027794,487.99878189061775,489.3577967705211,3981700
2022-09-19,494.10491943359375,494.52962242372587,484.11993497428654,489.4239125449329,2130800
2022-09-20,493.39703369140625,495.16185784094904,485.8564109429125,494.7560485148335,2421700
2022-09-21,483.2799987792969,498.31406881518166,483.2233755581669,495.50168616161847,2427700
2022-09-22,488.3574523925781,491.6699974149081,477.6457553851276,482.28906138226716,2285600
2022-09-23,484.723876953125,485.7148120367038,477.90052019788385,484.6767005400894,2536900
2022-09-26,479.7691345214844,483.742379183416,470.9355673630713,478.8537162781943,2867400
2022-09-27,479.7785949707031,487.7250269181293,475.25798283455504,481.66611232845,2583400
2022-09-28,485.0353698730469,487.234343869261,472.63436618610626,477.9949377263468,3027300
2022-09-29,480.21270751953125,485.8186650795502,474.21041625121853,485.8186650795502,2392000
2022-09-30,476.6358642578125,487.4985064518206,476.44710101223296,482.3550392238957,3116000
2022-10-03,486.51702880859375,488.6876621738701,476.97561392103745,478.561121533999,2562400
2022-10-04,493.74609375,495.0862722270817,487.76269741507423,489.19717109403774,3189800
2022-10-05,497.4269714355469,499.57871160599126,490.8772828776463,491.69834844823964,2281800
2022-10-06,489.9334411621094,498.85197208127653,487.67784412452113,498.6160324146449,2187300
2022-10-07,476.45660400390625,485.2524135413962,472.87975032731345,485.2524135413962,3273700
2022-10-10,470.803466796875,477.83448086443445,467.17943672540684,477.16442022966265,2459100
2022-10-11,471.70001220703125,478.3251876129195,467.33040501548,469.0197410764125,2844500
2022-10-12,471.84161376953125,479.6653818246809,470.19003596688844,473.88958291735,2254300
2022-10-13,481.2320251464844,484.59177517354584,460.3088810961019,465.6977642672451,3999700
2022-10-14,484.27093505859375,500.1071770304735,483.13841303093824,490.754553103904,5628900
2022-10-17,492.5288391113281,494.8221660455921,486.3000541740036,488.6216639185236,3282300
2022-10-18,492.84027099609375,502.07964829838255,489.1784824867732,502.07964829838255,2345500
2022-10-19,491.0565490722656,494.35970462569406,485.65821918595395,492.3966703395388,2500500
2022-10-20,491.5850830078125,499.64476233530206,490.54697138008487,493.63302345285734,2390800
2022-10-21,503.7121887207031,506.35475851320564,488.87633325209686,488.9235096550104,2896000
2022-10-24,511.13958740234375,515.7451335522003,507.55331657481895,507.808149806014,2627100
2022-10-25,509.8373718261719,513.3292910473408,503.8728666600552,507.5440447620786,2411900
2022-10-26,512.621337890625,516.8399687468708,509.8278493260402,510.93203074913754,2863500
2022-10-27,511.32843017578125,515.7830010017176,509.40318324736427,515.7830010017176,2212100
2022-10-28,520.237548828125,521.8985733956514,513.1121819957472,514.3201632069274,2761900
2022-10-31,523.9276733398438,526.7117154653537,519.189986160771,523.7860864916996,2770400
2022-11-01,516.528564453125,524.4372668549406,513.612324766482,523.7860710570956,3338900
2022-11-02,512.8668212890625,523.3897546118602,512.5270819565729,513.7916864505498,2696200
2022-11-03,513.0367431640625,517.0571651483825,507.86496301276156,511.2719186933822,2245300
2022-11-04,507.9025573730469,516.9532278300462,497.49292980969443,516.2831384769516,3513100
2022-11-07,514.3673706054688,516.1888179328224,505.3544291925986,507.9025891312515,2540300
2022-11-08,521.94580078125,523.5973787064431,511.5172774026668,516.2832478948736,2797000
2022-11-09,510.2524719238281,523.417915207166,509.10111414284853,522.6346370850046,2672600
2022-11-10,513.5651245117188,520.6716547410147,503.9199388317084,518.0574248677342,3426400
2022-11-11,492.717529296875,515.5565000164739,480.9865874556727,515.5565000164739,7034300
2022-11-14,484.8560485839844,499.22947564011946,484.5351452700087,492.64205812328925,5238400
2022-11-15,474.7200622558594,487.5834976565411,472.606023230439,483.9688857879248,5103800
2022-11-16,482.75146484375,485.21469015489106,477.04173593369484,477.43812728075403,3430800
2022-11-17,486.32830810546875,497.3419563389686,483.3554450695488,483.3554450695488,4246300
2022-11-18,500.192138671875,503.0234149285082,490.2449421604568,492.7553150962546,3566000
2022-11-21,488.1025695800781,502.0324573575295,486.3943686188978,499.25780444574076,3349600
2022-11-22,493.67071533203125,495.152365655616,490.6695122700838,490.6978526774862,2567400
2022-11-23,499.9184875488281,500.60741303020507,493.5858453543354,495.47336292739215,2238300
2022-11-25,507.383544921875,510.4318670734824,502.5703986190781,503.96714305468237,1419200
2022-11-28,502.33447265625,509.2333465998708,501.78707646960237,505.6942513975524,2699900
2022-11-29,498.3046569824219,502.9951106688488,494.199329156224,501.768235723287,3751000
2022-11-30,516.9533081054688,517.2553178212631,497.81385278454974,499.9278631926472,9688900
2022-12-01,506.71343994140625,521.8985422201629,505.66588164689233,521.2945228494232,2997800
2022-12-02,507.5655212402344,509.8848695414764,504.04394379412935,504.41315820445635,2346200
2022-12-05,506.5051574707031,511.5603893307582,502.5670445461078,503.14449808086437,2424800
2022-12-06,510.55694580078125,511.7592325399649,505.7478566240706,505.9182499148171,3097700
2022-12-07,513.95556640625,516.7955707817237,510.85052500135134,511.9960142336057,2849100
2022-12-08,518.6983642578125,521.888631102175,514.7792022737818,515.8015622104673,2272300
2022-12-09,510.443359375,519.2378836432534,510.1309427797156,518.7077519136928,2852400
2022-12-12,516.7481689453125,516.9564659462246,510.5191352475768,512.9520211062197,2714100
2022-12-13,509.51556396484375,521.6045314084093,506.5619647707734,521.1974711493573,3369700
2022-12-14,509.648193359375,514.4951291133008,503.220338153298,513.0278052038171,2654600
2022-12-15,499.5378112792969,505.58703424743845,497.4456539975669,505.51128462175564,2963800
2022-12-16,495.7699279785156,497.76738312725894,488.21547980314847,497.1426078156199,7109100
2022-12-19,495.6753845214844,499.09290020962925,493.1477969214726,496.6220526032901,1808100
2022-12-20,492.4661865234375,498.8845655887568,491.98337659329695,498.8845655887568,2086100
2022-12-21,499.4051513671875,499.72704386879326,490.46860429110455,495.70370538884106,2182000
2022-12-22,498.9792175292969,500.7968037505632,493.81038990441783,498.40170618741564,1851600
2022-12-23,502.97418212890625,502.97418212890625,495.01272952396033,496.1486849210765,1292300
2022-12-27,503.61798095703125,507.26268801039447,501.59209724446407,505.45451948318333,1596700
2022-12-28,500.26678466796875,509.4494770815522,499.5851535690035,506.533723063829,1694200
2022-12-29,501.620361328125,505.217687575929,500.6547416385492,504.13847236758187,1379700
2022-12-30,501.90435791015625,502.2072985582519,496.84918390636255,501.7339646293563,1849600
2023-01-03,490.97991943359375,497.5971196980998,484.84547132767415,497.1237856845582,3525600
2023-01-04,477.5940246582031,490.9799245683582,473.9020250919704,490.9799245683582,5070400
2023-01-05,463.8294677734375,475.3125557949213,462.4473405153495,474.29016701675033,5497100
2023-01-06,463.86724853515625,466.5841806541748,461.5384537031418,465.3724469564589,4841300
2023-01-09,463.9241027832031,473.3245087859493,462.4851778700883,466.14877828934493,3702800
2023-01-10,460.08062744140625,464.31223436791845,456.93768288824447,462.77863689884924,3164000
2023-01-11,467.08599853515625,469.16867974963213,459.1339928899114,459.4085347068231,4274200
2023-01-12,469.2350158691406,472.1318181046376,459.34232211934227,463.86739473276725,3726800
2023-01-13,463.46014404296875,482.3272256413229,460.0805331927045,460.1846527795158,5390100
2023-01-17,459.2096862792969,466.6505115479779,457.97902947402554,465.0033185246117,4495600
2023-01-18,450.8410949707031,463.3939201106384,449.4305690960686,462.02124014981206,4398200
2023-01-19,458.5281066894531,460.44987049771777,451.9298583476436,452.3842405060378,4549600
2023-01-20,460.76220703125,461.01779696694535,453.4539295990223,459.6356699053876,3525900
2023-01-23,459.9007568359375,463.96197045146056,455.7165006538946,460.72435333425744,3418700
2023-01-24,465.3819885253906,473.5801367655698,454.40063409020775,473.5801367655698,3036300
2023-01-25,466.2339782714844,468.94143481616896,459.8250464731118,463.1857062325657,3037300
2023-01-26,466.2150573730469,469.9733304107165,464.41636509833256,466.23398033224925,3005000
2023-01-27,460.12799072265625,467.0576077306965,458.6322679263931,467.0576077306965,3177100
2023-01-30,459.8818359375,468.8373067413259,458.9446150127878,461.79409481446515,3606900
2023-01-31,472.56719970703125,478.54067245656387,466.83039395673535,471.4406624794635,5567000
2023-02-01,470.4939880371094,477.4804023812699,469.2349323300247,473.2866701458504,3451200
2023-02-02,445.7196960449219,468.600675051466,439.1498464927116,467.90014995376976,11169900
2023-02-03,446.8462219238281,453.2457068910849,444.6972959499781,449.88504702479725,5440100
2023-02-06,449.89447021484375,453.4255520915226,445.8900832501254,446.8272752818657,4174200
2023-02-07,451.447021484375,452.5830057026115,444.01567221877275,445.9184840635866,3394600
2023-02-08,457.4488830566406,459.17182564079604,449.77139104153764,450.1122065226953,3466400
2023-02-09,459.8250427246094,463.58331571502987,456.6726222112016,459.7303701497598,3664600
2023-02-10,467.8906555175781,469.2254608544452,462.6839815563304,463.0437200160553,3418100
2023-02-13,468.9320068359375,473.2109358617597,465.53347213013814,467.6539992381541,2589000
2023-02-14,466.5463562011719,471.3933204051372,463.00582728934245,467.92851221820746,2072600
2023-02-15,465.0506286621094,465.5996833594075,462.3431722026517,463.53595416988924,2242500
2023-02-16,461.358642578125,467.65397882273595,461.2828929618512,464.95596932075586,2611500
2023-02-17,472.4630432128906,472.82278166804775,461.35864628614485,461.3870451699723,3891500
2023-02-21,465.1074523925781,474.6593290380499,464.3406536243995,470.21000677565775,2877300
2023-02-22,462.8165283203125,467.5498682787194,462.608260206542,466.52745066929543,2982800
2023-02-23,465.4671630859375,467.0196834892541,459.9575487254822,460.7054244894647,2511800
2023-02-24,458.4996643066406,466.2434299048011,457.25008459958906,463.46967092267886,2940400
2023-02-27,457.54351806640625,464.7571225535634,456.25603475108113,462.7028405811002,3006200
2023-02-28,450.5571594238281,457.5814196369312,448.64490051010216,456.9282453114121,3902100
2023-03-01,449.8755798339844,452.89545314384736,446.82730763898223,448.3514292914756,2996900
2023-03-02,452.2232971191406,454.80768216645345,448.01061313115713,449.8660742479482,2188800
2023-03-03,453.03741455078125,453.54862333604285,448.9288790900064,452.45048504067245,2863300
2023-03-06,455.1390075683594,458.5186190220018,453.4539398036041,455.6975381819005,3812700
2023-03-07,448.6070251464844,458.0169071403253,447.3574164844017,457.2217095071856,2589200
2023-03-08,445.5019836425781,450.0365316254742,441.86678185013653,446.59064610627547,3036600
2023-03-09,440.11541748046875,448.6733041756041,439.01727914830417,448.6733041756041,2780400
2023-03-10,437.331787109375,445.43562504956327,434.7286874616979,439.64988642807737,3787500
2023-03-13,440.514404296875,446.8701722548886,435.7357057313207,435.7357057313207,2971600
2023-03-14,441.36944580078125,446.3666640673057,436.11572724414344,441.43595554029974,3258200
2023-03-15,442.1769714355469,445.45462000381053,436.29622336217056,437.95879284026444,3770200
2023-03-16,448.4377746582031,449.7393535344765,439.96343590280816,441.49298605977424,2940500
2023-03-17,446.0436706542969,448.4282797474545,443.003531802406,447.83925973071746,5290000
2023-03-20,453.1309509277344,455.84807968836367,446.518682387417,446.518682387417,3119400
2023-03-21,456.11407470703125,457.39663412574765,451.95289610061906,454.4895149062098,3163300
2023-03-22,451.7628479003906,461.4722543684278,451.0978375352924,457.87162493818215,2632200
2023-03-23,446.4331970214844,456.6556343439816,443.35507740841376,453.5584953798243,3284900
2023-03-24,452.2094421386719,453.05499149038616,444.2291134934685,445.54968275255106,2533200
2023-03-27,457.8241271972656,461.9948154111273,454.6794980989432,461.29176631554344,2271800
2023-03-28,448.9697570800781,459.6197231914894,447.1741970897539,457.91914397861586,2369500
2023-03-29,443.279052734375,452.10493031428143,441.72100258813845,451.37338113603397,3733200
2023-03-30,446.57568359375,446.908203305598,438.0443161816592,443.2600541363481,3324600
2023-03-31,448.979248046875,452.21888682872583,446.61365852585936,447.9626986328902,3996700
2023-04-03,469.5001525878906,471.3432320467251,459.3347155311402,460.9593044000458,4729100
2023-04-04,468.60711669921875,471.3147358431491,467.2675571439498,468.3981067900368,2624700
2023-04-05,483.78875732421875,486.173337406155,471.3147306390803,472.54029004724754,4964800
2023-04-06,487.18988037109375,488.54843025109255,481.8126519235771,485.4703107483457,3472600
2023-04-10,489.44146728515625,489.64099650585655,482.7056889940776,485.28979825182233,2714500
2023-04-11,494.9421691894531,496.12971884927674,489.4794407542645,490.3535190536874,3065300
2023-04-12,495.151123046875,500.38585032611746,494.05855435314146,498.75175212220574,3422400
2023-04-13,499.93939208984375,503.94858993135944,494.4956829539982,497.7352929423935,4224400
2023-04-14,486.2208251953125,500.89892113480954,483.095186470634,495.9207223946332,4872000
2023-04-17,480.1025695800781,484.13072864197966,477.6324605543625,483.30419873945846,3660900
2023-04-18,479.27606201171875,481.66064206154687,473.2528134947913,478.5065321360694,3232000
2023-04-19,461.9093017578125,476.8914170008121,459.46769283383566,475.6373576710368,5809100
2023-04-20,463.1063537597656,465.1869430658484,459.1162043318004,461.2157839948337,3283000
2023-04-21,459.64825439453125,466.2130327688575,458.052194518692,465.55750299968895,3165300
2023-04-24,464.5124206542969,465.7284703299971,458.536662727867,459.25870218912723,2322400
2023-04-25,467.34356689453125,473.59481569689876,466.0704881149031,468.0655773898416,2937300
2023-04-26,458.82171630859375,463.33440519435686,454.46100827153526,461.5958161876001,2930000
2023-04-27,465.9659729003906,466.450502425207,458.1091550174614,458.1091550174614,2473200
2023-04-28,467.5050354003906,469.2816050115701,463.73337660822534,464.2749061988907,2398900
2023-05-01,470.9347839355469,474.4404334406341,467.23911485575087,469.88022458387104,2105600
2023-05-02,468.7401123046875,471.8942221467818,464.82592429641517,470.50717227082345,2152300
2023-05-03,464.98748779296875,470.69723633944915,463.64792817922097,469.6996771413403,1749700
2023-05-04,462.93536376953125,465.22496302416806,457.8716647075961,462.7168441916837,2555700
2023-05-05,469.5856628417969,475.8274311752072,467.4480733297725,469.3766529297935,2329400
2023-05-08,468.0085754394531,469.65215463889956,463.9234161252933,467.45756514317907,1738500
2023-05-09,465.8804626464844,474.449810117656,465.80444323609885,468.21755213991116,2038600
2023-05-10,465.5860290527344,468.8161586942336,463.2774392112105,464.94948960618854,2018700
2023-05-11,464.3414611816406,465.6335013909715,461.3963320077773,463.61942165706523,2384200
2023-05-12,466.68798828125,468.2745382626732,463.3818398577341,464.3413891831459,1536500
2023-05-15,462.536376953125,467.22009534190306,459.53427660904924,466.84956589221605,2169700
2023-05-16,455.7530822753906,464.7689504674069,455.0785621527823,463.258390703469,2178900
2023-05-17,460.5887756347656,461.14929561633886,453.68199698839373,456.0190866896627,2682000
2023-05-18,455.28759765625,458.4417078536871,450.214388448906,457.9666879392214,3040100
2023-05-19,454.89801025390625,460.5792290312779,453.9384608915323,455.62002070142853,2317900
2023-05-22,456.60809326171875,458.1091722805777,454.0334936952628,456.4370930675435,2242800
2023-05-23,455.487060546875,459.2397291605559,448.9317920634423,452.38992168082865,2874200
2023-05-24,456.8076171875,459.13522625854125,454.96456667758474,456.5986072750273,1904700
2023-05-25,453.833984375,457.7006239882957,450.6038261431063,453.7674746365161,2684100
2023-05-26,457.4631042480469,463.9899013174294,454.1189749536187,454.1759750159792,3135200
2023-05-30,455.8765563964844,461.59578495997295,452.24739777978425,452.864917786951,3180800
2023-05-31,462.8973693847656,463.0493792274855,453.27346185235405,454.2330113001238,4944100
2023-06-01,468.9681091308594,473.8608078642824,461.82379191895353,463.4198806746862,3376600
2023-06-02,474.620849609375,475.98890918051427,465.861481879706,467.41956099963613,3064500
2023-06-05,473.30029296875,477.7749719559723,472.5687728178685,475.6849019564915,2688800
2023-06-06,463.2109069824219,474.92488482647406,459.50575760309357,474.92488482647406,3816600
2023-06-07,458.04266357421875,465.93749147848644,457.5391436727365,465.471981284544,4381700
2023-06-08,465.73797607421875,467.24853572943994,458.3276489626922,460.1897476636046,2725900
2023-06-09,468.9586181640625,473.32880682576535,462.88787921965104,465.5099692223429,3174100
2023-06-12,467.98004150390625,469.7471303812883,464.30339258893514,467.70452187927316,2207700
2023-06-13,466.7640075683594,469.9466463952213,464.24640813561587,466.34598777655543,3016600
2023-06-14,436.8852844238281,437.6168336184485,423.4137271441696,431.92610454742436,14672400
2023-06-15,444.43096923828125,450.25952667983904,439.68033917564463,440.7105812155787,6798100
2023-06-16,437.371826171875,446.9398406891827,436.8376222414277,444.6694885407471,7699100
2023-06-20,447.769775390625,448.8190857842841,435.7119634571859,435.7119634571859,4597700
2023-06-21,454.7907409667969,457.2900582623923,445.6710799844925,447.3500231316711,4886500
2023-06-22,456.9847412109375,460.92451630887075,455.9831163031589,456.1548184395908,3179000
2023-06-23,455.02923583984375,460.06603627963153,454.5999513310722,456.2979628286389,4862600
2023-06-26,456.9943542480469,459.14071859134054,451.2134819457304,456.1167460192474,2968300
2023-06-27,460.3331298828125,460.9245678268006,455.7637506619798,456.10718408515504,3693200
2023-06-28,452.5967102050781,459.9134115290336,452.1483573737797,459.7607776809395,3670100
2023-06-29,454.4949951171875,457.61436719590967,451.28974285412517,453.19762209511345,2979300
2023-06-30,458.5015869140625,459.8943307111513,453.23582118973763,455.983172156876,3970400
2023-07-03,455.86871337890625,458.091380094475,454.36147233407456,456.0785812796323,1915700
2023-07-05,449.5154113769531,455.3058316314817,448.9144247818737,454.1038584413228,5053100
2023-07-06,447.74114990234375,450.64113491192387,445.15598131492493,447.7316303008969,3913600
2023-07-07,440.3194580078125,447.0256526920375,439.59448365811807,443.5819444731863,4131600
2023-07-10,441.7217712402344,441.76948569291045,438.0109609051138,438.81226676838975,4339200
2023-07-11,441.5691833496094,445.00334314838636,439.8997887927864,441.0731160496606,3086800
2023-07-12,430.8945617675781,443.41024561445425,430.4652772701274,441.6740684234216,7287600
2023-07-13,427.1264343261719,433.94709629928025,426.5826817947741,431.18067742139516,7276800
2023-07-14,458.05328369140625,462.66080008714766,438.91722464090657,441.24484006720684,11379300
2023-07-17,461.7830810546875,462.2791482915291,456.26931118434896,458.94987920277055,4582000
2023-07-18,476.9698181152344,481.1862441166211,465.0455726623535,466.7912693874072,8816400
2023-07-19,480.4993896484375,490.95453043345486,479.3355821683669,484.1625142303172,4956500
2023-07-20,481.0145263671875,485.25002079996636,477.47541836870994,483.3230731609529,2963100
2023-07-21,483.19903564453125,486.900326036392,481.2816076881877,481.78719452345155,2887300
2023-07-24,485.2500305175781,486.2993699903037,481.32935239776134,482.0543267600664,2279000
2023-07-25,487.3963928222656,488.8940851039836,483.9145188190327,486.5092359083544,2730600
2023-07-26,484.6013488769531,492.09930065553635,483.29445619635493,487.97830343582143,3697200
2023-07-27,481.95892333984375,486.9861746428366,479.9556443210824,485.14507816826773,3028300
2023-07-28,479.7458190917969,484.10533051739554,474.3751339108944,481.9398687619249,2930000
2023-07-31,483.04644775390625,484.48690603617484,476.0731507816967,479.8316755794043,2441600
2023-08-01,481.49151611328125,486.54741400357597,479.34515178270414,484.1243990079398,2161200
2023-08-02,481.5487060546875,486.9575564815183,479.82207768032146,486.21348474622204,3220500
2023-08-03,481.6059265136719,482.69343161791886,477.9618994118967,479.72669347241066,2442900
2023-08-04,479.5741271972656,487.36779842780874,478.639255788873,486.5092584999008,2411200
2023-08-07,487.215087890625,489.94334109395845,481.40559938815363,482.44539002863615,2430900
2023-08-08,482.5599060058594,484.7635334197448,476.98890184365325,479.83165253178987,2422600
2023-08-09,478.98260498046875,482.4358908326154,477.8092778884284,480.7855648222771,1916900
2023-08-10,480.2895812988281,488.4552738712246,479.6218118492318,481.23397230697645,2179700
2023-08-11,484.6108703613281,487.1483532161519,481.0240481136183,482.34048943270017,2029600
2023-08-14,487.3963928222656,489.8480247822353,484.839841471414,485.6983813594548,2127200
2023-08-15,483.3516845703125,489.9911255084013,482.9510171072495,488.0164343300954,1817500
2023-08-16,480.3658752441406,486.98621912198143,479.66948877959715,484.6013698608552,1454100
2023-08-17,471.2080078125,478.1431675002048,469.1665921584059,472.65801467043707,3009500
2023-08-18,475.4817199707031,477.86656928878426,470.76925538922035,471.99029707560067,2364400
2023-08-21,474.75665283203125,477.20828458929736,473.3639091682774,474.5944994028156,1533500
2023-08-22,469.66259765625,473.90764032656347,468.69910938856907,472.6007477923378,2079400
2023-08-23,466.8962707519531,471.24623365675336,465.45581242232623,470.2922939125089,2011400
2023-08-24,465.6179504394531,472.6007956860924,464.7689301745801,468.7945566746114,2311100
2023-08-25,466.5909729003906,468.5274692916122,462.3268613546459,467.35414211363604,1923500
2023-08-28,468.6514587402344,470.34947011164394,466.6004943647792,467.89783828364176,1344500
2023-08-29,470.1300964355469,470.23504494228905,465.4939633992906,468.8327523982492,2113700
2023-08-30,468.8899841308594,473.8313848379923,467.7071082071875,471.23666766431256,2283400
2023-08-31,454.6285400390625,471.0744792004526,454.3519185045266,469.68170636786317,4927700
2023-09-01,454.30419921875,458.5110764725488,451.55684843162203,456.93708190840215,3165900
2023-09-05,458.6637268066406,462.27916627892625,455.54435459049876,455.98315868391745,3443300
2023-09-06,454.97198486328125,460.9054907272248,454.43778098135107,459.8847683017078,2596100
2023-09-07,462.4794921875,464.6735417984532,456.5555349483836,457.79564488293477,2928000
2023-09-08,460.41094970703125,462.517798580199,458.4765006327651,459.8555236724279,1858400
2023-09-11,459.079833984375,463.3509594295623,457.75826778210075,461.5697383571118,2059200
2023-09-12,459.5777587890625,463.1594015831192,452.1272181600869,457.16448327790215,2195200
2023-09-13,459.5203552246094,463.5425107682328,459.1564422951542,461.04302046212496,2197800
2023-09-14,463.1211242675781,464.7203888521482,458.5052285215133,462.19219943258383,2334300
2023-09-15,466.0898742675781,469.0777478969439,463.6382841498801,465.17050605449674,5334300
2023-09-18,465.4769592285156,468.0434630505607,463.121140300833,467.72745032164664,1997500
2023-09-19,460.3056335449219,465.16094273576624,456.36010666902206,463.27436458682274,3230700
2023-09-20,471.2898864746094,474.14367438203067,458.8499804292085,462.30709454465045,3724800
2023-09-21,479.91839599609375,483.7490092536104,472.1996833949587,473.26269377105467,4703900
2023-09-22,484.6683044433594,487.85727683287763,476.9400358808125,477.8689606808055,4558500
2023-09-25,488.67132568359375,489.30338036982596,485.17589697700345,486.7368765350112,2758500
2023-09-26,484.0458679199219,487.8477526565104,483.0211718838676,487.38806855545806,2420200
2023-09-27,482.3986511230469,484.917254459372,479.8321183668912,484.7927840940926,2593700
2023-09-28,488.4989318847656,492.377445107944,483.62448031721874,484.5438192601965,2922000
2023-09-29,482.8392028808594,488.2882523064636,482.4657040787182,488.2595238774726,3006200
2023-10-02,492.7796630859375,493.0382481797868,481.8336929367342,484.1224691149454,3550400
2023-10-03,487.8956298828125,492.2146264100114,486.83261951840115,491.56342917745394,3143200
2023-10-04,488.99688720703125,490.1460827721482,485.15668840594356,487.9147343820185,2801700
2023-10-05,494.3693542480469,496.2655475663459,489.5811168774851,489.954586474824,2790700
2023-10-06,502.5860595703125,503.6777984332839,494.1299640009296,494.5800914762344,3647200
2023-10-09,504.21405029296875,504.5587914541829,498.2191312596072,499.08104261316157,2341600
2023-10-10,502.0401306152344,505.77500167183416,500.9292785630468,504.2044363131244,2455700
2023-10-11,501.934814453125,503.33300927333295,498.1999433097094,498.8607264058362,2819300
2023-10-12,503.28515625,506.1964600490362,500.13449754699144,502.26046007868405,2377300
2023-10-13,516.5582275390625,521.4039510316753,509.4715695448841,510.6686362026494,5245400
2023-10-16,515.2462158203125,523.6256819150202,513.4170653462069,520.1780950800303,3827600
2023-10-17,513.924560546875,519.4597650819385,511.93262572865694,517.07521821014,2586000
2023-10-18,513.359619140625,520.94421681416,512.7275936888797,520.0440203855711,2551400
2023-10-19,509.11724853515625,515.543123472524,506.8380289156677,514.0874716952316,2351200
2023-10-20,504.71197509765625,511.7985734412096,504.46297592292547,508.5138301026305,2811100
2023-10-23,499.4831848144531,505.4302322081157,498.2573606664371,504.7119923105942,2357700
2023-10-24,502.7679443359375,508.1978217686216,499.9620273939911,500.7185524013781,1978200
2023-10-25,507.7573547363281,509.81627416978563,498.0563225611418,504.94185182106304,2380100
2023-10-26,505.98553466796875,508.00616850825014,500.3928737739623,503.43820335777775,2675800
2023-10-27,502.44232177734375,505.3919101144527,499.1863358407436,503.7160169491318,2585600
2023-10-30,507.546630859375,509.29915265314423,500.7951872135457,502.76795054815216,2555400
2023-10-31,512.8807983398438,513.9533653584008,509.1076420047531,512.3445148305652,2464200
2023-11-01,509.0885314941406,513.1394451816541,504.4918067971185,507.53713763952726,2747400
2023-11-02,513.4266967773438,514.1066517001052,504.6354460115956,509.47158375374005,2350900
2023-11-03,508.4180908203125,513.282926834637,506.4069840950348,511.93266158452394,2739500
2023-11-06,510.8697509765625,513.3213410890197,507.6041204879711,509.1172290696458,2684900
2023-11-07,515.0547485351562,516.7976847509142,509.0119578716964,512.689314224297,2604800
2023-11-08,514.001220703125,518.4735035566587,511.52093146707864,517.132765598973,1769200
2023-11-09,516.1751098632812,518.0042018813041,511.84649840107875,514.8343719120011,1819600
2023-11-10,518.2915649414062,519.6992872399767,513.3213419629004,519.6992872399767,2480800
2023-11-13,519.5938720703125,521.1069804002365,515.1311756980139,518.234020975335,1507900
2023-11-14,517.5733642578125,519.6897408088945,513.7906217352656,516.2039269451936,2454000
2023-11-15,515.6100463867188,517.5732822554585,509.1842306648604,517.1806117015049,2473700
2023-11-16,516.96044921875,521.7870011614671,514.709928728887,515.6101252347275,2360300
2023-11-17,513.5798950195312,517.6308084441965,505.9665976327697,517.3913951062349,2676900
2023-11-20,512.4402465820312,513.6277857472818,509.280002449157,511.0133525473756,2518400
2023-11-21,516.7401123046875,518.7319888624355,511.56876168052537,514.9971764787738,2115700
2023-11-22,520.7334594726562,521.3463714853247,517.3816736196659,519.976876114657,2234500
2023-11-24,523.9320068359375,524.4013059705665,519.8236959285186,521.8539158989013,1135000
2023-11-27,520.57080078125,527.5616584190585,518.5980372541338,523.9321148802062,2675800
2023-11-28,517.6402587890625,522.7062226516524,517.1997173203781,522.5242662244249,2859300
2023-11-29,512.3252563476562,518.9139146039364,506.2633540769476,507.55616243123876,4550000
2023-11-30,529.553466796875,530.482420803648,511.39639936693885,513.1009916842812,7121200
2023-12-01,525.7770385742188,533.0224139737237,523.8551982921068,528.909647618047,3462200
2023-12-04,526.8533935546875,530.3030644785082,521.8181220761813,526.834156381322,2709200
2023-12-05,528.7560424804688,530.9373504483299,524.0378907063625,527.6413420277594,2645600
2023-12-06,528.0545043945312,530.3126433991625,525.7194167021934,526.161461107105,2239700
2023-12-07,526.8438110351562,529.9571835377311,523.2403597775607,529.803403440117,2511700
2023-12-08,528.2852172851562,530.1685836982983,523.2595638043475,528.7175845372017,2039900
2023-12-11,522.4330444335938,528.5060666373062,517.9935981658332,528.2754551922136,3655300
2023-12-12,524.393310546875,526.0941579623158,521.4433373295702,524.4702005800351,2706100
2023-12-13,527.5548706054688,527.9488221279687,517.5420973625447,522.7406504516964,2876600
2023-12-14,513.362060546875,523.6246824899821,508.7112390585734,523.0289165856949,5386800
2023-12-15,510.3640441894531,512.6510394604838,502.5229594387248,509.28781802072433,9030100
2023-12-18,505.9725646972656,510.7002760808565,504.7041428821715,508.4325182826215,3260300
2023-12-19,503.5606384277344,507.0007494248573,501.3890078780716,504.08919149748243,3645600
2023-12-20,495.767578125,504.31979181998076,495.7099252559292,503.3780500919341,3847800
2023-12-21,499.563232421875,500.4664998176257,496.31531723183,498.60231215617927,2491600
2023-12-22,499.97637939453125,502.57087562548344,497.7758932836038,499.56319075273683,1759500
2023-12-26,499.7073974609375,501.10068493612954,497.7278453956621,499.56323596009463,1390800
2023-12-27,502.3594665527344,502.7150023462834,499.06351719772374,499.4382901638699,1851800
2023-12-28,504.3870849609375,507.2409900775182,502.5036600737868,503.0129173308207,2001000
2023-12-29,505.89569091796875,507.59653864629047,503.4453558406738,505.424849346832,2080100
2024-01-02,518.2627563476562,518.5701992174531,506.0878544839323,506.2512531552894,3415700
2024-01-03,520.8475952148438,525.4215260223797,518.3972018269861,521.8180753342521,2891400
2024-01-04,524.1051025390625,527.5452134311367,521.7796919728729,523.7015324589609,2994400
2024-01-05,516.3793334960938,525.6233816960863,512.8719510906225,525.6233816960863,2815400
2024-01-08,515.552978515625,519.1371924693732,507.3659187854309,518.320433673721,2648900
2024-01-09,517.3306884765625,518.5222203365686,511.52675062785517,516.9751526360744,2677000
2024-01-10,516.6292114257812,520.0500853958422,515.1974495426547,517.0711972340412,2180000
2024-01-11,518.5894775390625,519.0507005302724,513.6407730210932,515.178222091741,2814100
2024-01-12,501.1295166015625,507.82710242691195,493.0770004131774,498.58305454190173,6327300
2024-01-16,498.8617858886719,504.00268591708624,496.3633579753944,503.2435800112774,3736700
2024-01-17,504.4254455566406,509.921880877012,499.67849748454097,500.90850347646153,3791300
2024-01-18,496.1615905761719,496.64205070396577,478.0193821337217,485.4857512876127,7367000
2024-01-19,483.8810119628906,497.3242772436532,482.2090200662012,494.87394226919736,6143400
2024-01-22,492.9424743652344,493.49982453752733,477.096908675585,484.2461577497718,5922900
2024-01-23,495.37359619140625,497.83354953714615,492.0680283846388,492.4715984433384,2672900
2024-01-24,493.173095703125,501.34091806932406,492.90406852313765,497.6606356310845,2918800
2024-01-25,474.1180419921875,476.14559895372906,460.280796359118,468.53509772681366,14671000
2024-01-26,483.5351257324219,484.0059673139771,470.75486764413733,474.0027830780394,6212200
2024-01-29,484.8227233886719,486.7157375019724,481.5651895829328,483.44858510950365,4554100
2024-01-30,483.9289855957031,486.2736331218964,479.71056136063766,484.8226636275807,4931200
2024-01-31,491.7413635253906,494.87397320578776,484.7939282617585,484.7939282617585,5358100
2024-02-01,487.3210754394531,490.28069669863544,483.34285180783877,488.94500356895264,4242600
2024-02-02,490.29034423828125,492.8655741165688,485.6394937992231,488.38771160754715,3804500
2024-02-05,483.304443359375,494.10520696912965,480.5081618976613,490.03088514598335,3646300
2024-02-06,490.71319580078125,490.9726337318255,482.8144295477509,484.2461914495599,2745400
2024-02-07,499.09234619140625,500.6394136046853,492.6541692576781,493.92259093282354,4109100
2024-02-08,499.76507568359375,501.75412913664485,497.0648919268851,500.28395154309555,3343000
2024-02-09,497.96807861328125,500.0533178457398,496.113509513614,498.70800599576137,2715400
2024-02-12,497.4107971191406,498.70801606143704,492.7695356579494,497.9680886640227,3194000
2024-02-13,496.651611328125,506.337703939836,494.11482642379906,501.60037411122016,3436000
2024-02-14,496.73809814453125,498.2659870919025,494.19163611555103,495.1237592217877,1918500
2024-02-15,500.5242004394531,501.360196458372,495.64270860202913,497.1225634883321,2292100
2024-02-16,501.16796875,503.3204208294873,498.61194656808897,501.88865897214555,2135500
2024-02-20,500.6971130371094,504.8386770506512,499.111571133235,503.7240353445355,2600200
2024-02-21,501.5714416503906,503.22425473749604,497.3145726012015,503.2050175673257,2095900
2024-02-22,505.9245300292969,506.15514151369916,498.32367638126016,503.7144251038822,3186800
2024-02-23,506.6356201171875,509.76822974427836,503.67596910970065,506.1647785443895,2502000
2024-02-26,504.7906799316406,511.98796389261116,503.82014100447435,507.67344095098304,2308900
2024-02-27,493.35565185546875,505.05009337236623,492.03919582224665,504.25251315336124,3780600
2024-02-28,478.8073425292969,479.066780440642,465.4601754630614,476.07833252955845,9558600
2024-02-29,474.31024169921875,482.14173587889667,472.38840119745936,479.0187450635376,6833200
2024-03-01,470.3992919921875,470.87013353388636,458.59919241534726,470.29360483995265,7315000
2024-03-04,463.0386657714844,468.00663668450335,461.3378473772586,464.35512190613474,5239800
2024-03-05,454.659423828125,464.02839654186886,452.2282966969417,463.53834714089174,5296200
2024-03-06,454.1308898925781,461.0494976996323,449.8932283148409,455.89897953187943,5577500
2024-03-07,460.06939697265625,462.3852182984332,455.091837106443,455.4761993421619,5102000
2024-03-08,459.7510681152344,467.1600212208491,458.0145754107367,461.4489348015861,4673600
2024-03-11,471.8870544433594,473.00611959328586,459.2011463104987,460.16585460106694,4410100
2024-03-12,472.0799865722656,474.9065746703294,470.15057007820553,470.9030413332666,4153800
2024-03-13,470.77764892578125,478.4953153016137,468.2018648190004,476.10282812650377,3669000
2024-03-14,471.74237060546875,472.3983652002896,468.06683424495327,471.4722534522742,3378500
2024-03-15,473.4981384277344,473.88401586252013,470.2470761428084,470.2470761428084,5713500
2024-03-18,469.8611755371094,474.73297021804075,469.21483744934494,474.73297021804075,2970500
2024-03-19,475.9099426269531,476.02570292146453,470.57510649075596,472.38876294626976,2511700
2024-03-20,476.7878112792969,477.1447486529618,472.1668501086374,475.0899151877425,3548200
2024-03-21,474.3374328613281,478.6882767747368,473.9418989200581,474.90660723323526,3693400
2024-03-22,472.7746276855469,478.33132775650273,472.4851975164939,477.7235862266725,2847300
2024-03-25,468.73248291015625,474.1348553865581,466.9863632074005,473.28590735505134,2786100
2024-03-26,474.9355163574219,475.9291646776241,468.1053948990365,470.9030429368387,3113300
2024-03-27,475.69769287109375,478.2348805399395,473.9708566826957,476.2765237687171,2653100
2024-03-28,477.2411804199219,478.3698725794855,472.03173234619703,477.5305811171025,3820000
2024-04-01,472.41766357421875,478.2830770507004,471.45295527975685,477.01931154020014,2928700
2024-04-02,441.9714660644531,447.3159287449044,433.7328490999462,443.3799319115973,11867000
2024-04-03,443.51495361328125,446.515211526967,439.4728237618136,445.6952036408147,4460400
2024-04-04,439.3088684082031,445.4251154700995,435.9709859484241,444.556883892078,5182000
2024-04-05,439.6561584472656,441.595231583116,434.12839863936966,434.78439322841706,5747400
2024-04-08,439.9070129394531,441.0646747497295,437.5820622548661,439.8780728662244,4532300
2024-04-09,443.4956970214844,443.53429359650795,436.49190540302294,438.24768155958634,3521200
2024-04-10,434.1669616699219,442.55027921069507,433.90650102570544,439.4149772138059,4493500
2024-04-11,426.1309814453125,434.8615803985598,425.89946085799727,434.4950159488317,5844100
2024-04-12,423.6999206542969,426.63261285187633,420.9794360315579,424.79967286824854,6045700
2024-04-15,429.9029846191406,432.526992495934,426.39143211083905,426.4010886152718,5376800
2024-04-16,452.3420715332031,462.8187891370728,449.16817310483134,459.9439479149622,11816500
2024-04-17,462.0856018066406,470.77763268351833,457.84089133449135,461.70938089289035,8759800
2024-04-18,475.77484130859375,484.2835757409321,468.81930257766385,468.9736594414447,8880400
2024-04-19,483.44427490234375,489.39650862432546,478.07084260768926,479.46002491439634,6618600
2024-04-22,473.8936462402344,481.7946091962262,473.3244719032065,480.21247352810013,4697700
2024-04-23,469.02191162109375,476.8649954358743,467.85462272838856,473.6718130635423,3646700
2024-04-24,470.10235595703125,471.607298591862,463.74493161515585,466.70659324469347,3724400
2024-04-25,476.4308166503906,479.5854315654401,470.32422619669416,471.7037519702625,4329700
2024-04-26,477.8682556152344,479.68191190437955,474.05764610726067,474.63647696728407,2727000
2024-04-29,471.7712707519531,479.79765039698526,470.55572894516706,478.2155147474822,2192100
2024-04-30,466.6294250488281,472.4273020186372,465.5585835070866,471.70377078036046,3367500
2024-05-01,467.0249328613281,471.9256676367031,460.2334074537747,462.34612103976104,2729200
2024-05-02,475.57220458984375,476.2667956744722,466.86089068376447,467.1888879403171,3561400
2024-05-03,475.0705871582031,475.39858442872696,468.63597020842286,473.5366751405357,2487600
2024-05-06,476.9324645996094,477.4051622164266,474.63645427696713,475.09952483096055,2029500
2024-05-07,483.2802734375,483.94592453587774,477.56921664980007,478.4953283968884,3752100
2024-05-08,485.4508972167969,489.1071502321067,482.4313552672012,486.3770384617793,3078900
2024-05-09,489.1360168457031,490.0428449448721,484.41860886991117,484.41860886991117,2342900
2024-05-10,494.71209716796875,495.4549414552848,489.10714389007506,491.0365606312588,2784600
2024-05-13,493.6798095703125,496.506397786644,489.4061589228891,493.97886678416,2454500
2024-05-14,495.7442626953125,497.95342331251317,489.3964661480017,496.41957022266325,2949700
2024-05-15,499.2848205566406,504.146988575714,496.66084197204,496.66084197204,2981200
2024-05-16,502.8735046386719,509.52029994722295,501.17560864259286,501.64830627945383,3655800
2024-05-17,506.1148986816406,507.2918144948042,501.6579512350924,504.4845393685184,2657200
2024-05-20,498.9760437011719,506.11490850957813,498.31039263422286,506.11490850957813,2476200
2024-05-21,505.07305908203125,506.20175139658437,497.7123294538666,500.0276531114835,2521900
2024-05-22,502.9506530761719,507.7067168523903,502.2754043651303,504.36880490782835,2299100
2024-05-23,498.5902404785156,501.8702135889248,497.0466717667415,500.0276465205461,3055400
2024-05-24,490.2358703613281,498.8893057065424,489.60878636195054,497.89562781231734,2527800
2024-05-28,485.90423583984375,488.76942047011374,484.1870563623439,488.76942047011374,2912800
2024-05-29,467.6134033203125,476.4694183532532,456.56748162798453,474.96447577669704,7521600
2024-05-30,464.6517639160156,468.87719113609154,461.1305843794731,465.2981314546626,5169700
2024-05-31,477.8875427246094,480.8202641807219,465.3849314820086,465.3849314820086,6694800
2024-06-03,479.8844909667969,481.08071981752533,475.6687204778002,476.69130890320884,2795100
2024-06-04,487.650390625,490.33227852951137,477.13507601122063,480.96496915145866,3178400
2024-06-05,485.3640441894531,491.1330105290746,481.1964971904068,490.74713309002846,2464400
2024-06-06,484.2063903808594,486.8882782079531,479.7301298530299,485.87531685478535,2419600
2024-06-07,473.3727111816406,485.11319453477927,473.1122505430394,484.322156115137,3416300
2024-06-10,477.53057861328125,477.9068289582025,469.0315013774492,473.6717456547901,3332800
2024-06-11,478.70758056640625,480.2125232432972,472.98686709331673,473.5367284802312,4599700
2024-06-12,475.6687316894531,482.3541531868887,470.2181356465535,482.3541531868887,4048200
2024-06-13,479.7493896484375,484.28353009286104,467.28537583873646,472.97714849155676,4951700
2024-06-14,479.5758361816406,480.2800839138357,474.3760732029793,479.2960625016503,3188400
2024-06-17,473.9664611816406,477.73508119912293,473.45299790217524,476.00091936017304,2407200
2024-06-18,466.0416564941406,476.3206493151767,464.09438680897483,475.400276643127,3692700
2024-06-20,469.4034118652344,470.7597568077689,463.193394410252,465.063202658589,5258100
2024-06-21,467.53363037109375,473.06547532154616,465.596028539647,469.32591797827354,6368600
2024-06-24,474.6930236816406,475.57463595202387,469.3839846870248,473.60794195739317,5139800
2024-06-25,469.384033203125,475.3324848844663,465.6057156291324,475.3324848844663,2916100
2024-06-26,468.9383850097656,472.23230208007834,466.4485596589536,469.3840251350748,3153100
2024-06-27,471.26348876953125,473.7242512117165,467.0104388382168,469.9168413939542,2991900
2024-06-28,493.37152099609375,493.5071377384906,474.1408185743967,480.88366408447723,22734200
2024-07-01,479.21734619140625,493.0324561092615,477.5122767584579,490.93984267452566,4523100
2024-07-02,482.6953430175781,482.91817786447837,477.9966823822089,478.83953442087585,3312000
2024-07-03,474.6058654785156,482.5403172879542,471.34098175921685,481.61027674463696,2239200
2024-07-05,472.7845458984375,474.39275897168375,469.3840452121153,473.74364934721234,3499000
2024-07-08,474.072998046875,478.4713621253416,471.0019159501289,473.9276838344108,3450600
2024-07-09,476.75653076171875,479.9438935601647,470.92436079400005,473.09446504888086,3056800
2024-07-10,485.3014221191406,485.8536457214529,474.8286868767024,475.6231107012088,3189800
2024-07-11,488.6244201660156,492.8581050417291,482.1722320254369,482.1722320254369,3535100
2024-07-12,495.57073974609375,498.51590285878814,487.72344628090826,491.1045816393467,3570600
2024-07-15,499.29095458984375,514.2686389755098,497.7699299608411,507.88421452198395,5128000
2024-07-16,531.7457275390625,532.7629566239938,510.68400613561494,517.2428069320214,11062000
2024-07-17,555.3941650390625,555.7138267368849,534.0998827080375,536.7156567603075,10330800
2024-07-18,546.7330932617188,563.3576896949616,543.9041522284616,546.8880753788578,6834800
2024-07-19,547.6922607421875,552.1196882046354,544.02046727697,549.4263931654424,4290400
2024-07-22,541.1044311523438,546.6459442871325,539.6996579274604,545.4833713034042,3377300
2024-07-23,537.3938598632812,541.4047096971623,535.5628120089991,541.3562223484407,2785600
2024-07-24,542.2862548828125,543.6232047347471,535.7662443355451,542.5284550859759,3156200
2024-07-25,542.2184448242188,552.1099226474072,541.152787556929,544.4660698595618,3102900
2024-07-26,551.9451904296875,561.0616395175568,542.5284745752543,542.5284745752543,3201900
2024-07-29,549.06787109375,553.5243312649965,544.2335644069094,548.0603395164092,2965000
2024-07-30,558.3490600585938,561.352319308134,548.3316323617267,549.2132743268901,4139100
2024-07-31,558.1842651367188,562.7764307815369,544.776094644128,547.7987485300142,4713200
2024-08-01,554.9000854492188,569.1705031422816,549.4069420191041,559.1918661474162,3680800
2024-08-02,571.4277954101562,573.0844069430418,557.3026631156044,564.1617893721432,5094000
2024-08-05,552.1776733398438,568.5116391007199,549.0774992451378,563.9582639426428,4587400
2024-08-06,550.6179809570312,559.5019279955611,544.9796116201483,550.4823937673017,3216500
2024-08-07,548.4188232421875,553.815051284121,539.6511870318665,548.9322569647585,4320700
2024-08-08,548.57373046875,554.5900044490156,546.7620777859904,546.7620777859904,2860800
2024-08-09,541.3271484375,548.27343366777,540.2323987950016,546.9267863544795,2976700
2024-08-12,547.6534423828125,551.2477150280331,543.5457360059401,544.7761320773681,2532400
2024-08-13,556.3241577148438,557.7676614349585,551.2476510222623,552.2067543460482,2369400
2024-08-14,561.5847778320312,562.9895509048946,555.3844878079861,557.2929971189152,2344400
2024-08-15,561.526611328125,565.1402784814459,555.6169501654068,561.5847370102501,2751800
2024-08-16,559.6568603515625,563.5030304220387,556.1885367988868,562.7957656020992,2728900
2024-08-19,560.7225952148438,565.1015349327051,559.0659244421029,560.0444227805158,1847900
2024-08-20,562.5343017578125,565.5956867775171,557.5449531554012,561.7592136841391,1677500
2024-08-21,560.03466796875,565.1886951586422,559.4146212847992,563.367344981353,2844300
2024-08-22,560.6644287109375,564.7624967287557,552.8171650698632,561.1779215710014,2282000
2024-08-23,566.2738037109375,566.951976143397,560.4028728275471,562.8733032099452,2376400
2024-08-26,568.81201171875,573.6172849171431,567.4653644312314,569.7032918875727,1800000
2024-08-27,569.0252075195312,573.8595738721399,565.5666402046338,571.0790607784755,1581900
2024-08-28,570.1780395507812,574.3439305731903,565.6537560698639,570.6334067052065,1657000
2024-08-29,573.113525390625,574.1210569865484,566.13814745101,572.2512784435181,1953200
2024-08-30,571.7863159179688,574.7508443736757,568.2889587814127,571.5925439074102,2944700
2024-09-03,580.0015869140625,581.9197933481896,573.3556284073645,574.0338007129442,3175500
2024-09-04,585.3300170898438,588.9727172902,579.2265843260531,581.2804371401426,2935000
2024-09-05,576.9111938476562,587.0932999798699,571.2727659501602,585.3397728517671,2144800
2024-09-06,578.2578735351562,581.8714818928537,573.7820182035102,577.2793751861711,2926400
2024-09-09,575.5645751953125,580.776728624322,557.322097324692,579.6529456288562,3411400
2024-09-10,580.3408203125,585.9307611886236,572.7066646373235,576.6399938501957,2863500
2024-09-11,571.3502807617188,572.9488257591555,560.9065795910717,570.7593264558675,3563600
2024-09-12,570.0618286132812,572.0866485814727,565.0144135945964,570.1684416554402,3395800
2024-09-13,575.7777099609375,579.0328665220215,568.9088861352299,572.6388047676843,2241900
2024-09-16,572.7832641601562,582.1653081323252,571.441573421655,578.4805542001167,2548600
2024-09-17,561.91357421875,570.4303122524813,560.3871564847167,569.740062628321,3416000
2024-09-18,564.5289916992188,568.2915411688264,556.4205154166021,560.8441784029258,2988300
2024-09-19,561.04833984375,568.5929020994853,558.6274812486188,567.5136748402037,2945700
2024-09-20,559.035888671875,562.7693022817374,553.8344480526448,555.8275206571818,5398700
2024-09-23,557.4899291992188,563.342810068817,556.1191022772401,560.4844332883839,2386100
2024-09-24,559.2205810546875,561.281717194458,550.2857273830945,554.971913313129,3188500
2024-09-25,560.3094482421875,564.976170185657,557.169144270462,561.8261343573298,2658800
2024-09-26,558.85107421875,560.5913556120065,555.0593293943117,559.0358014659014,2751900
2024-09-27,565.695556640625,570.4206692321749,560.5816445501634,561.6413486789124,2986200
2024-09-30,568.4471435546875,570.1388253138272,562.6720572462397,567.2999117794158,3009700
2024-10-01,567.1053466796875,572.3554457393545,564.6456200241473,568.758160038515,2648400
2024-10-02,575.8651733398438,587.7361977168574,568.0289525933939,587.483406831394,3667000
2024-10-03,576.2930297851562,576.759684190173,568.1456853675596,574.2124299951391,2645800
2024-10-04,574.7860717773438,579.5791892764873,572.1026902846263,575.6902443515264,2462600
2024-10-07,567.3582153320312,575.9916784609812,567.134619971045,572.4429922142463,2591100
2024-10-08,565.4332275390625,572.8513955645312,563.4692911422069,571.7333000366864,2231400
2024-10-09,574.8053588867188,576.3415084340601,564.4899488194054,565.9969028022823,2207700
2024-10-10,581.1055908203125,582.3208860749389,576.3027416004052,578.6555365979972,2143200
2024-10-11,581.4458618164062,584.8195523703364,579.6472485384855,579.9291756807951,1909700
2024-10-14,588.591796875,591.7321006928149,580.7944438579766,582.4763934311463,2447100
2024-10-15,540.84521484375,553.8829345644864,527.924218051832,536.6938069244792,11939400
2024-10-16,555.4774780273438,560.1830681859794,539.7077753984341,541.5453161289988,5103900
2024-10-17,550.3148803710938,553.6593159053986,543.2077768389324,545.0161812553259,5588700
2024-10-18,553.7954711914062,555.09829386467,547.4078719648916,551.1120896707965,3687000
2024-10-21,555.6038208007812,563.1970428733715,552.9107667423226,553.8246711901185,3018000
2024-10-22,554.0384521484375,557.1301558392069,549.7897851199408,552.0842480843232,2593800
2024-10-23,548.9634399414062,558.1996834667442,544.4522499146584,556.2454792895211,2911900
2024-10-24,545.2398071289062,555.8274740970306,544.7536890055645,549.303747519172,2590200
2024-10-25,548.8856811523438,555.6330029316465,547.9620448699037,550.4412353770713,2513700
2024-10-28,549.5468139648438,552.5510501173222,547.1842869745299,550.5287820816828,1826500
2024-10-29,546.5231323242188,551.9190312917659,545.0939142728021,547.1939776666005,2600300
2024-10-30,547.3301391601562,554.4760518418037,545.375934808526,545.6675938146071,2323600
2024-10-31,548.8273315429688,552.6676763775961,545.3078412677436,545.3078412677436,2490000
2024-11-01,551.8023071289062,554.4954200591883,548.2439491863635,549.4300487203507,2548300
2024-11-04,542.2841796875,552.8037820156384,539.9993891166902,551.0051095227984,2656600
2024-11-05,551.287109375,552.9495952640586,539.007761680008,542.7800428039177,2608100
2024-11-06,580.1235961914062,588.6889943801094,574.4457109119699,587.1334402616646,6591300
2024-11-07,588.640380859375,590.7695803724663,579.5985966557788,582.0680550804965,5254300
2024-11-08,598.7127075195312,602.5919200455862,588.3972967893375,592.0917820836478,3875800
2024-11-11,607.8906860351562,613.2185214395669,596.875233237819,599.7725374748807,3003200
2024-11-12,597.6044311523438,607.1420662632261,596.7391860003048,602.3781443065122,2809400
2024-11-13,589.0487670898438,595.9905480982464,586.3167856239272,595.9808162413336,3409400
2024-11-14,576.681884765625,589.1750953111542,572.6373492304517,586.7250412723586,3079200
2024-11-15,575.7874755859375,582.3014705580057,573.570807715135,575.486084711468,3423900
2024-11-18,573.2791137695312,577.6444449249979,569.0693143001948,573.0749227996824,2577100
2024-11-19,560.980224609375,570.5470538564168,560.7566292973904,566.5413865674307,3198300
2024-11-20,583.8278198242188,585.9084194688302,565.403932542831,566.5317597302557,3928600
2024-11-21,580.9013671875,587.2306340121578,580.162458219746,583.3416894160507,2722900
2024-11-22,574.4652099609375,584.5667585178719,572.3262784110656,581.9417088585104,3197900
2024-11-25,589.0099487304688,592.9086258838479,578.4903445848785,580.9889990582017,5146200
2024-11-26,589.9431762695312,591.5765259475895,582.2528141177668,591.3529306129147,2693600
2024-11-27,591.4890747070312,600.3072643199879,589.8557249826204,594.0655244194553,2269800
2024-11-29,593.258544921875,598.6836395681149,589.777922688135,591.8973904968894,2010800
2024-12-02,591.6251831054688,596.9530184176677,584.0903526612718,596.9530184176677,3364900
2024-12-03,588.426513671875,598.6544577861754,588.0279229279915,593.8904765295946,2329900
2024-12-04,593.8320922851562,605.5378534221854,590.1181430988717,594.0557469495931,4147600
2024-12-05,562.8955688476562,592.0821188000466,557.9566516363685,588.8251512395667,5943700
2024-12-06,534.3604125976562,565.9483547052441,529.0325776383695,565.9483547052441,13003600
2024-12-09,547.1456298828125,549.4488935604217,531.5497243581414,538.7328142517995,7684700
2024-12-10,551.6058349609375,554.1043037673677,543.6419842555022,548.4925032448448,5360600
2024-12-11,520.7067260742188,544.6861378963755,519.8673507556628,542.3047804973326,10363000
2024-12-12,503.36376953125,521.1653634252016,501.831497175994,518.7547582208126,9403800
2024-12-13,507.9703369140625,514.8509390752791,498.4449370275201,503.2466988095143,8202900
2024-12-16,486.51861572265625,509.16101857865135,484.1567670107373,505.54993569575913,8880000
2024-12-17,473.8505859375,483.68833126696774,464.3837419122565,475.29502507272537,14132700
2024-12-18,487.7093200683594,494.3654097322328,474.3190766313533,476.6906648663276,10147600
2024-12-19,477.4909973144531,491.5448909209005,474.55333238872083,488.11927315553936,7418100
2024-12-20,488.1094970703125,490.5591793376819,476.9834993635334,477.53003751164914,10956900
2024-12-23,494.17022705078125,496.55158457575453,487.0554322411645,488.7243542157293,4286000
2024-12-24,493.9360046386719,493.9360046386719,488.5584267364179,492.27685184821286,1824400
2024-12-26,498.8645935058594,499.9088536077456,492.59891375816824,493.4967850405464,3387000
2024-12-27,497.7324523925781,500.84578357299944,495.5950863524997,497.1761748984929,3471800
2024-12-30,495.5950927734375,497.47872815461403,488.6267170688347,494.6776831469018,5408600
2024-12-31,493.70172119140625,498.7181964066163,491.2422997122224,497.10785985057595,4214000
2025-01-02,492.38421630859375,499.80152805744234,491.1935375642206,495.7903253514563,4234900
2025-01-03,500.6701354980469,503.88103948388664,493.23328561926184,494.17997303174275,3019500
2025-01-06,501.32403564453125,507.7946897897548,497.56659339154936,500.67015562913787,4444800
2025-01-07,501.89007568359375,507.0138926934894,498.932902486389,506.37949152213304,3914500
2025-01-08,511.913330078125,512.0596891298811,497.26408162714483,502.1341388657971,4141700
2025-01-10,508.17529296875,522.5805480182017,506.0086193746513,513.9822974864064,5467500
2025-01-13,528.1337890625,534.2433403571602,520.3260679586654,522.1803659799152,6472500
2025-01-14,530.6713256835938,531.4618551387367,523.6541332832248,526.67966124315,3978300
2025-01-15,530.3589477539062,533.1599628771614,521.4874581893112,524.1908410598545,4103900
2025-01-16,498.3180847167969,526.8650975646193,497.742268803449,517.6031374666634,9059900
2025-01-17,497.50799560546875,509.27813272379905,490.71525683692886,493.46748565948764,7495700
2025-01-21,512.3719482421875,512.3817174248579,500.4944687287836,501.694886833502,5682100
2025-01-22,507.22857666015625,511.8351631208615,503.5980149128159,509.1219514245326,3756100
2025-01-23,517.0370483398438,518.7059105315618,506.8382011657068,515.1826908288435,4580800
2025-01-24,519.7112426757812,521.780284152213,511.90352100828403,515.4169719313821,3671200
2025-01-27,530.4566040039062,538.6449064426826,527.0016492061889,527.0016492061889,4263000
2025-01-28,529.4415893554688,533.3649885710969,524.9131560418033,529.9588795107662,3162700
2025-01-29,525.1668701171875,530.4175678568506,521.1752056566922,528.7096286923778,2737600
2025-01-30,532.4573974609375,533.9603625828805,522.1414370609151,526.5039733722233,2924700
2025-01-31,529.4513549804688,535.9610262242701,528.3972958790782,530.1833288848422,4120500
2025-02-03,535.0045776367188,540.5968389769887,528.0654796016948,528.9731200580401,4083600
2025-02-04,532.3402099609375,535.6194386115687,528.4949048367922,532.0962186702384,2869900
2025-02-05,526.8357543945312,527.7043776894914,509.3659540786534,517.9739739994325,4621600
2025-02-06,517.3005981445312,526.1428409008064,512.6452844220886,524.961961075421,3926800
2025-02-07,514.3629760742188,519.5941353324912,512.7623788245686,516.4808039125817,3349100
2025-02-10,520.550537109375,521.3215281478717,510.80065460786915,514.9875237358008,3143100
2025-02-11,521.0873413085938,534.3799830366062,515.5731734747583,522.1414004409136,2631900
2025-02-12,514.7240600585938,529.3146918535286,512.8794715709562,526.8747789021097,3859200
2025-02-13,518.4131469726562,521.487460937888,514.4311925910665,518.1399077136267,2835100
2025-02-14,510.92755126953125,520.3846564381602,510.34193640874815,516.2855906854321,3705300
2025-02-18,488.6950378417969,503.5980148856153,485.0546771281993,498.6596336339993,8759300
2025-02-19,498.75726318359375,499.55753201013545,486.1770574835424,489.2806196653615,4380300
2025-02-20,490.344482421875,496.21001342181324,488.2168555044627,493.04789548847765,4144300
2025-02-21,455.209716796875,458.41088156775413,427.9607544035126,428.9855059838852,19864900
2025-02-24,450.4274597167969,456.75172509422185,446.0161076240585,455.46344384961947,6919300
2025-02-25,459.07452392578125,459.4453954740098,439.2526727344916,449.69548269475774,9101000
2025-02-26,452.44769287109375,461.6803151067788,447.1872560543302,453.4822135760772,5108400
2025-02-27,457.29827880859375,463.9738775978039,453.8433534564609,454.96573733019926,4216800
2025-02-28,463.54443359375,464.91077894800276,453.31633712697686,455.7757587646318,6146300
2025-03-03,455.8245544433594,465.7989204097334,454.02878197185214,462.96862716425017,5700200
2025-03-04,463.2027893066406,467.6922347960727,455.24867956980626,458.4596131402866,5864100
2025-03-05,464.5399169921875,467.56538522221905,459.68936885733564,459.7479243853947,3637100
2025-03-06,475.99774169921875,476.38812181679333,460.65556778419494,464.55942852812876,4964000
2025-03-07,481.61932373046875,487.9045420809615,471.7522999455181,472.2012356036691,5434100
2025-03-10,470.68096923828125,487.9607738378904,468.22081800284997,482.5014084650127,5108900
2025-03-11,476.3853759765625,477.10085621264864,467.6621703473412,472.91568567949923,4101000
2025-03-12,471.5533142089844,477.91441850540065,469.30882384059055,473.54301941575375,3680800
2025-03-13,471.95513916015625,474.4446933087641,465.56466235238486,469.92628010108064,2876600
2025-03-14,478.9434814453125,479.7276082429371,468.74026143494797,471.4454465418397,3915900
2025-03-17,489.1075134277344,490.6659262615008,476.29715713501474,477.8261670817811,5152300
2025-03-18,493.7925720214844,495.9194805918801,487.9313770872841,492.2635620463555,3617600
2025-03-19,493.20452880859375,496.2919517374039,490.12688690166647,495.0079757577674,3317600
2025-03-20,501.1435852050781,504.172232131932,493.50834638150013,495.2137736553017,4965400
2025-03-21,506.58331298828125,508.6906295058969,495.05693293690314,501.5160261653485,10244900
2025-03-24,506.2403259277344,507.9555642053211,500.9671886085324,504.84854933286636,3840900
2025-03-25,503.2313232421875,508.6906890685336,501.3690704398202,507.98501971770156,3015100
2025-03-26,507.9065246582031,512.5621710018829,502.6627607774562,504.9661164411422,3253800
2025-03-27,505.4757995605469,510.7293749249338,502.76086303471567,506.0344843591441,2822200
2025-03-28,505.7894287109375,510.63130360253183,504.8191035105759,506.6029584519804,2379100
2025-03-31,513.3463134765625,517.6295037072427,508.288837216165,508.867084049453,5238700
2025-04-01,512.7288208007812,517.6784964207452,510.60194209404585,515.2967727419767,2962500
2025-04-02,512.8071899414062,514.5714228552157,506.5342953336877,512.5621559305229,2378900
2025-04-03,529.7047729492188,537.6046677709553,518.7762311611419,519.4623384172891,6457900
2025-04-04,514.6204833984375,540.780320133293,514.4146930895847,529.9008325901024,9919000
2025-04-07,514.2774047851562,518.6880170734977,493.5867169185978,503.2018792256506,7356700
2025-04-08,542.0936889648438,573.3894273451783,536.5853288887181,570.6058145092978,11762300
2025-04-09,567.0087890625,577.692297521911,543.446336460299,549.0135028716708,12691900
2025-04-10,582.5928955078125,589.924294062055,568.4789123749185,568.7141354566738,8646000
2025-04-11,587.5621948242188,594.3153473206794,574.8792903500624,577.2217703059817,6121500
2025-04-14,575.398681640625,583.7984549798292,567.7830051966565,583.180964466926,4839300
2025-04-15,571.9976806640625,581.0835020722665,570.449048800578,580.4758224466136,3871300
2025-04-16,573.4188232421875,582.9947724303996,571.3801831525036,573.6932900750847,4192100
2025-04-17,445.089599609375,480.0608791439814,438.2188657399849,472.3766155436794,29120200
2025-04-21,416.8813171386719,444.491767077105,416.3716570823374,440.82606725763765,13029900
2025-04-22,418.69451904296875,422.9287140424726,408.83435257546824,416.20499496231844,10156900
2025-04-23,419.45904541015625,430.13274211111457,415.3326807214203,418.58673981754424,8345700
2025-04-24,415.82275390625,421.36051706851197,415.2346662449078,419.07681304247996,7629100
2025-04-25,410.3241882324219,415.1464410584509,403.83566217276143,415.1464410584509,9263800
2025-04-28,411.6571960449219,415.69535232506513,407.2955780746548,411.41216199965703,6614300
2025-04-29,401.1011047363281,413.3723978718608,400.9736822582173,412.8235240518293,9909100
2025-04-30,403.2672119140625,405.05106685025186,393.0345883190306,400.9050802502607,9192800
2025-05-01,392.720947265625,403.80628478178323,391.917228440082,403.1496103085428,9316800
2025-05-02,391.97607421875,394.01474431189285,385.30131931529314,392.0152581297499,11392900
2025-05-05,396.7689208984375,401.56180113098975,389.6923365489881,391.1919436938183,8157200
2025-05-06,386.67352294921875,396.6807046872991,385.60517813276067,394.79883011419787,7858600
2025-05-07,383.2920227050781,387.66342135678536,378.03850754143076,387.4968149693618,8517200
2025-05-08,377.8914794921875,383.15483572687174,377.71506216446795,382.2530973106695,7218300
2025-05-09,373.07904052734375,378.8716188834068,371.0207486188464,378.00912419226535,8381100
2025-05-12,371.2265319824219,379.51847465824915,369.3544685222012,373.43183811301054,11004800
2025-05-13,305.1947937011719,335.20655729028846,302.96008451569185,329.07089552964885,59478300
2025-05-14,301.8917541503906,316.525180128247,301.0096076599364,315.06478679276836,40029600
2025-05-15,268.9003601074219,271.1546612993767,243.93629104303346,269.439423028121,121849200
2025-05-16,286.1115417480469,288.64027980641987,263.79385280091276,273.74222855379674,71094300
2025-05-19,309.6152038574219,310.0072523111838,291.34545278059767,298.7160654100118,62524700
2025-05-20,315.192138671875,318.19138251165873,306.37091419741785,314.5452751990946,41487000
2025-05-21,296.9616394042969,303.80297007909013,294.1094398306045,295.02095920356555,45506900
2025-05-22,290.7770080566406,299.5982335059974,286.6898271040973,288.05223072540565,27159600
2025-05-23,289.6988525390625,293.7468196733566,285.8469246016927,290.2183235083919,16873600
2025-05-27,289.14013671875,293.99182216383645,283.3867428518958,293.55074897378177,20144600
2025-05-28,292.1883544921875,297.7457392656111,287.4543103537285,288.16000953271276,16114200
2025-05-29,292.2472229003906,297.35372410947474,289.14017799616903,290.9044111854908,16221100
2025-05-30,295.91290283203125,299.5688213679239,289.9634693394878,292.05116408386226,16309300
2025-06-02,298.6670837402344,307.3216726363991,294.9915732403027,297.098859944654,19074400
2025-06-03,295.2366027832031,299.6472153160375,294.0506464551164,297.0792634716304,12805700
2025-06-04,294.4132995605469,301.52909753376196,294.23688223345425,297.5105333632695,11255600
2025-06-05,289.9634704589844,296.4127829747652,288.26782417809767,294.4132968850753,13529000
2025-06-06,297.1968994140625,298.3436719277344,291.24746550826484,291.32589315454794,12589000
2025-06-09,297.1675109863281,301.2938762091427,295.1582436454414,298.98076902473423,12170300
2025-06-10,297.75555419921875,299.0591220512336,294.61910671461374,297.76533522048055,11384100
2025-06-11,304.3910827636719,305.3908108764983,296.22656173046835,296.6676050546351,14711400
2025-06-12,312.1733703613281,312.467399247979,302.3818195878851,305.2143975672293,15957200
2025-06-13,307.3020935058594,311.11483758102776,305.7142776894487,309.62501145293294,13762400
2025-06-16,303.6893310546875,309.2269137055468,300.85637621202255,308.9604091811427,14240100
2025-06-17,304.88372802734375,305.9498064483308,301.57695700425785,303.4820713749412,11593900
2025-06-18,303.23529052734375,307.7660483975671,302.2778081370971,303.58074933028064,12205600
2025-06-20,298.11224365234375,305.5944022922722,297.69765095257475,305.5055674545465,16177900
2025-06-23,296.7994079589844,298.5663146016462,291.7059994539774,298.00366380850596,12274700
2025-06-24,301.6756286621094,301.8730594888232,295.4667996836528,297.5594640261886,8781400
2025-06-25,298.1221008300781,300.4516581921528,295.9307510789483,300.4516581921528,8722100
2025-06-26,298.7143859863281,302.75159689265377,297.40156420087226,298.66504333506776,6532700
2025-06-27,305.1205749511719,306.44330725995064,298.2997827455801,299.0401031559774,15304400
2025-06-30,307.9436950683594,308.3484071951905,302.38635141325693,305.0120248863478,10074100
2025-07-01,321.93084716796875,322.33552919350103,307.0651840196991,307.94371212693625,17865500
2025-07-02,303.5906066894531,318.2588381530323,302.47518572880057,316.6004974566706,18177200
2025-07-03,304.56781005859375,308.220069529243,304.25196290538156,305.841169621153,6161100
2025-07-07,299.7903137207031,304.62706835106195,297.3127282366058,304.02495546358716,9031200
2025-07-08,303.72882080078125,304.3210530724636,299.8791302925454,300.30360358554015,9613800
2025-07-09,299.0006408691406,299.6817381247198,294.89432630061896,299.27702597838163,12816700
2025-07-10,295.64453125,300.9945638185611,292.7720841177878,299.14870287290086,11355600
2025-07-11,300.17529296875,300.1950240043129,294.1540135130348,296.1479325587523,9808200
2025-07-14,296.70068359375,300.1160503194042,295.1410884210772,297.7470308852492,10681400
2025-07-15,287.9451599121094,296.7993936084719,287.27394327400174,295.84191129798575,16019000
2025-07-16,288.7151184082031,292.16994745592194,286.99758446407003,288.77434163912363,9714000
2025-07-17,284.3521728515625,289.21853899124505,280.16687385097396,288.55717276368927,14792700
2025-07-18,279.0021057128906,284.3521683061481,277.1858564156644,284.1744986205289,14979700
2025-07-21,278.49871826171875,282.80243368316667,277.5708474830179,280.9664532851321,10319200
2025-07-22,281.4501037597656,283.40453050836766,278.3604948657518,278.982368876204,14600300
2025-07-23,288.73486328125,288.863190315579,281.2724353690013,283.78951291230186,13111100
2025-07-24,274.984619140625,285.47743264144304,274.62927977826223,279.44630307062454,22585200
2025-07-25,277.4326171875,282.44707121452234,276.3270768071626,277.3733939616759,16486600
2025-07-28,278.47894287109375,281.32177829258194,276.08031178060696,279.84113735419993,15779400
2025-07-29,257.70062255859375,269.3878112120827,257.18731442979237,262.2708723279146,41706000
2025-07-30,262.6064758300781,263.1888576300695,254.78867870189532,261.3824588808696,22371800
2025-07-31,246.33917236328125,258.02636152497956,244.55253466122383,258.02636152497956,29606900
2025-08-01,234.70132446289062,248.24425418602584,231.57223855875006,247.37560672075,39989200
2025-08-04,237.86988830566406,239.12350179970514,233.89190101834103,235.16526060807587,17427900
2025-08-05,247.7605743408203,248.81677206670605,236.9518989108334,238.0475737663687,23795900
2025-08-06,242.6079559326172,249.89271428677296,242.14402055949105,247.40523325284144,12946400
2025-08-07,241.51226806640625,245.53961307522383,236.4089942975522,243.23968242974954,11369900
2025-08-08,247.65200805664062,247.83955832275083,241.21615108928057,241.63072875348584,10185700
2025-08-11,249.11288452148438,255.0650595765029,248.88585714016565,250.59352538217271,11779500
2025-08-12,258.1941833496094,259.4872740723995,250.39613175659173,250.74162067938164,12171800
2025-08-13,268.302001953125,268.67710247086285,259.49714086015996,260.97778177309374,19480300
2025-08-14,267.98614501953125,270.3157025638441,263.5541025230593,268.58828803419857,25011100
2025-08-15,300.08642578125,306.2952247149541,290.90643444917595,297.816091740027,68198500
2025-08-18,304.50860595703125,312.31652279230343,303.45243831428553,309.1380790374468,39600500
2025-08-19,300.3134460449219,306.49266365382806,295.348364808071,304.9133073493872,22348600
2025-08-20,295.9702453613281,303.235272473315,291.88369208635527,302.4455792417313,16679000
2025-08-21,299.4349670410156,302.6134108847393,293.95657733784043,298.38864982448405,13359000
2025-08-22,303.45245361328125,306.67035959968103,300.64908011781364,302.1494822912276,14930000
2025-08-25,300.92547607421875,304.88373283392895,298.8229910624686,304.5086322770651,8917100
2025-08-26,296.5526428222656,304.9725534268672,290.40306648907733,300.3825723573073,16303200
2025-08-27,299.9581298828125,302.02115273032547,296.6217473392023,296.66123953388853,9982800
2025-08-28,298.38861083984375,300.54046822109996,295.53589513016817,300.3233063673402,11235000
2025-08-29,305.87078857421875,305.9991156037826,297.02643547398856,298.39848036026683,12065400
2025-09-02,304.8146057128906,308.85184655676227,303.333964758734,304.3309393074557,10957100
2025-09-03,303.906494140625,305.5944163826719,299.78044860508044,304.1335064729303,9654600
2025-09-04,306.3742370605469,307.8844896584474,300.17528801589214,302.14947599347283,7725700
2025-09-05,311.319580078125,313.836657639367,304.2223720599371,306.43345290192906,14126700
2025-09-08,316.1168518066406,317.49877737449435,309.7500834912585,315.5838126148549,18438600
2025-09-09,343.42974853515625,347.1708130058691,322.9376680044775,328.20874620843756,46408900
2025-09-10,342.304443359375,344.0713499881739,336.99387301747385,341.1001875193018,17804300
2025-09-11,349.0462951660156,356.3212032558873,341.376585624283,344.4958062816796,18943500
2025-09-12,347.96051025390625,357.6340192563618,347.91113748043097,351.30674319835725,14016200
2025-09-15,345.56658935546875,349.36105398769394,340.24237099679607,348.9140775550594,11035900
2025-09-16,337.5107421875,346.70890800034306,336.06050143948323,345.1791845650643,12695800
2025-09-17,339.3285217285156,340.7092530773076,335.4347186690546,335.4347186690546,8467700
2025-09-18,332.5838928222656,342.62635806043994,331.88855568665616,341.2357141029858,11255600
2025-09-19,334.4413757324219,338.682847085119,331.610403754656,334.25264224631997,13656800
2025-09-22,339.0205993652344,340.19274171679007,330.3787209230526,332.2262842727465,8903700
2025-09-23,345.367919921875,350.3444698352818,337.68953458845925,338.7225973321059,12504100
2025-09-24,349.4604187011719,352.13245584054977,345.51693131178916,347.86118570903363,9016300
2025-09-25,343.25213623046875,347.8512191046762,341.3052347988731,346.5698260269809,8104900
2025-09-26,341.7820129394531,347.632690518351,339.02058066836184,345.6063063806306,6774700
2025-09-29,342.87469482421875,343.2422189147916,339.16962517342876,341.68272725861203,6878900
2025-09-30,342.9938659667969,346.98703738014825,340.0437002076662,341.454229928262,7429700
2025-10-01,345.9738464355469,346.37119926371753,339.3484093871316,341.6032381495527,8825500
2025-10-02,351.357666015625,352.7085686428199,342.3482331501261,344.97061633999635,8564200
2025-10-03,357.79437255859375,365.5422671831666,354.2283221346902,354.864062367354,13494800
2025-10-06,356.3739013671875,360.0988565503146,354.7249842351383,358.61881739128955,7181700
2025-10-07,361.23126220703125,362.2841804608158,355.668656331298,357.00964627753706,7236200
2025-10-08,367.449462890625,372.12799816194246,363.3569532895299,364.47941131337603,9438300
2025-10-09,365.2343444824219,373.7073747304739,363.63508128062847,370.03207346027585,8759800
2025-10-10,352.1324462890625,366.93292950616024,350.15574634739306,366.93292950616024,13141900
2025-10-13,356.2646484375,356.76130912561666,350.9603159260655,352.3708153046097,5659400
2025-10-14,357.52618408203125,359.91014951167284,351.0397961923581,352.579462636122,5974800
2025-10-15,358.738037109375,361.7875412489689,353.4734455278001,356.9898119634027,6579600
2025-10-16,354.2879638671875,359.58235369261655,352.03310484515686,359.4234186279184,5872100
2025-10-17,354.2184143066406,355.9964680854549,348.48693047631104,348.65580845093854,8608400
2025-10-20,362.0458068847656,363.1285236092991,355.1223552828288,356.14547514647154,5996500
2025-10-21,362.9298400878906,368.5718984426291,359.08569106692,362.70139556353934,6885300
2025-10-22,359.07574462890625,361.5689910533322,355.6090626293762,361.5292497093187,7833000
2025-10-23,358.042724609375,359.8604895036545,351.2782080387343,353.20522374063466,5756700
2025-10-24,360.0790100097656,362.9795218560382,357.62550492211403,358.9565519697399,5462100
2025-10-27,363.5357971191406,363.77418456800484,358.9863678782146,361.07234899707174,7766400
2025-10-28,365.38336181640625,378.45547585362146,356.234879667484,378.1376057114592,18858700
2025-10-29,352.88739013671875,363.70464502871897,351.51660167732274,361.8471387563185,11874900
2025-10-30,342.44757080078125,352.17219631007026,341.30525719298777,345.19906031166386,11441900
2025-10-31,339.27886962890625,343.9673480521809,334.868519997107,342.08998628816306,8390800
2025-11-03,331.5607604980469,338.4246150491184,324.41877716592853,336.8650931668587,11181400
2025-11-04,328.6205139160156,334.25265973761503,325.0147826043991,325.4419035421334,9646600
2025-11-05,325.5511474609375,328.0046525429837,322.05466702950986,324.12076221313447,9697100
2025-11-06,319.4124450683594,330.1502475860505,319.3031942587717,326.72330675001416,7922100
2025-11-07,322.04473876953125,322.38246442483006,312.0618703239977,317.52513829819844,9402900
2025-11-10,319.4322814941406,322.0844629620614,315.0517608096889,317.8529041106367,9283800
2025-11-11,325.26312255859375,325.6703576790221,317.7436718690941,321.14081426941607,7157800
2025-11-12,336.7955627441406,340.878129598095,324.8955610604442,326.2564368876053,10403300
2025-11-13,330.2992248535156,336.7657569430687,329.07745891812584,336.0903056585224,7788700
2025-11-14,319.7104187011719,326.0180158008625,318.3495732016726,324.76645142106594,8676500
2025-11-17,318.3793640136719,325.6902252762048,317.29664732600827,318.4588467013291,6485400
2025-11-18,311.4857177734375,315.37955108074254,306.707844164843,314.8928332849909,9182100
2025-11-19,307.0257263183594,312.8962597824049,302.4961828875629,311.83339854530067,8181100
2025-11-20,309.4593505859375,312.6479037214223,307.9296271759839,308.7342150670524,7337600
2025-11-21,317.83306884765625,321.67721804860815,309.36003800430336,309.82690030316985,8406300
2025-11-24,316.919189453125,323.67379335125565,315.49874708649946,322.36260179109473,10773800
2025-11-25,324.1009216308594,325.80943573813437,318.75684737739124,318.9753793090345,6149100
2025-11-26,327.50799560546875,332.95140787850204,323.7135308345317,324.40883763752424,5504200
2025-11-28,327.5675964355469,329.8423109937774,326.6934990423703,329.45493139997114,2464500
2025-12-01,321.0514221191406,327.8556802151164,320.8726315307976,324.97505403022774,6154600
2025-12-02,322.3725280761719,326.5047486408198,320.64412826738686,321.2103287273986,7978100
2025-12-03,337.44122314453125,339.1298817443096,322.8394159376119,323.8227944781068,9770000
2025-12-04,331.26275634765625,338.98088331448986,326.5246240057935,337.13328967838436,8061600
2025-12-05,328.6999816894531,333.4679121907911,326.3160164387842,332.76266249842416,5906000
2025-12-08,323.6199951171875,329.1000061035156,322.8299865722656,328.70001220703125,4782800
2025-12-09,323.6000061035156,326.3599853515625,322.4800109863281,323.1600036621094,4628400
2025-12-10,328.3699951171875,328.7300109863281,319.6000061035156,322.75,5910500
2025-12-11,336.7300109863281,339.25,328.760009765625,330.3699951171875,7513200
2025-12-12,341.8399963378906,344.9800109863281,337.3699951171875,337.5,7979000
2025-12-15,341.1000061035156,344.9599914550781,337.0,340.989990234375,6447200
2025-12-16,334.20001220703125,340.989990234375,331.0299987792969,340.4200134277344,6334000
2025-12-17,331.6300048828125,335.5199890136719,330.4800109863281,333.6099853515625,4685600
2025-12-18,328.1400146484375,330.17999267578125,324.57000732421875,328.92999267578125,6354900
2025-12-19,327.4200134277344,334.6000061035156,326.07000732421875,328.05999755859375,10553000
2025-12-22,325.1600036621094,329.79998779296875,321.6499938964844,322.8999938964844,7872400
2025-12-23,324.79998779296875,327.79998779296875,323.760009765625,324.0,4463300
2025-12-24,327.5799865722656,328.989990234375,324.1300048828125,325.20001220703125,2842700
2025-12-26,331.8299865722656,331.8900146484375,326.260009765625,327.20001220703125,4359300
2025-12-29,328.94000244140625,334.25,328.2799987792969,330.8900146484375,4346800
2025-12-30,332.1600036621094,336.1499938964844,329.510009765625,329.7300109863281,4432500
2025-12-31,330.1099853515625,333.3299865722656,329.8800048828125,332.32000732421875,4285200
2026-01-02,336.3999938964844,340.260009765625,327.5,330.8999938964844,6863600
2026-01-05,342.0199890136719,346.94000244140625,333.8500061035156,335.45001220703125,7956600
2026-01-06,348.9700012207031,352.6099853515625,345.1199951171875,348.3500061035156,9441900
2026-01-07,341.70001220703125,350.1099853515625,338.0400085449219,348.9800109863281,7461400
2026-01-08,346.8500061035156,347.8999938964844,340.79998779296875,341.010009765625,5037800
