Date,Close,High,Low,Open,Volume
2008-01-02,37.87836837768555,38.63965967522646,37.70858107161507,38.63965967522646,6506100
2008-01-03,37.916709899902344,38.27818436031097,37.7469225792256,37.92766189870858,3842500
2008-01-04,37.248504638671875,37.84000835528251,37.13348991103773,37.52235042214987,5501300
2008-01-07,37.1553955078125,37.675705026116674,36.8705977192095,37.40185923076349,6548000
2008-01-08,36.51461410522461,37.34162995668451,36.39959931982536,37.18279882106922,5459700
2008-01-09,36.53651809692383,36.782981904751246,36.00525640241562,36.470793579125186,5093900
2008-01-10,38.15220642089844,38.60678736326367,37.41281927155758,37.670235043128855,12525400
2008-01-11,38.113853454589844,38.63964102655777,37.927640330873885,38.09194946943323,7260800
2008-01-14,38.29460906982422,38.3712855863717,37.949564745360554,38.34390350392289,5293900
2008-01-15,37.76881790161133,38.22888108749046,37.53878839794972,37.894788827077015,6674600
2008-01-16,37.58808517456055,38.064578525126706,37.3251954614291,37.637379607370605,6663600
2008-01-17,36.7884407043457,37.86739373502826,36.74462437714271,37.62640811396679,9622500
2008-01-18,36.78297424316406,37.34161790314339,36.56937064944949,36.81583440594056,7247800
2008-01-22,36.9911003112793,37.226607924649514,35.057749153837364,35.057749153837364,8553400
2008-01-23,39.23114013671875,39.42283550209967,36.14763853561206,36.82130091052153,10772500
2008-01-24,39.0066032409668,39.31878734041072,38.56297430453491,38.79847772230016,6769800
2008-01-25,38.32196807861328,39.37353456793252,38.168615154573445,39.3023361899294,5934900
2008-01-28,38.91350173950195,38.94636190840304,37.88931663033336,38.300085455823286,6135700
2008-01-29,38.84230041503906,39.41190037324263,38.541072440223836,38.864208587880356,6929800
2008-01-30,39.44475173950195,40.200568908886396,37.96050783386727,37.96050783386727,8812400
2008-01-31,39.9650764465332,40.266304468080165,38.50274015560646,39.149016729737895,8450400
2008-02-01,40.408695220947266,40.50180181230923,39.32426793419384,39.997926422937816,4694100
2008-02-04,39.828155517578125,40.501814212573244,39.78433916285521,40.408707592705234,3495000
2008-02-05,39.29686737060547,39.96505170735735,39.17637456515122,39.68572785640021,5139100
2008-02-06,39.302345275878906,39.77336032492164,39.25305086543944,39.63095935744123,3559900
2008-02-07,39.53936004638672,39.99681393841987,38.88349672429948,39.252764909707764,5950800
2008-02-08,38.9000244140625,39.52282010130265,38.78428384589886,39.40156687610495,4583200
2008-02-11,39.357460021972656,39.56689463817325,38.54175956033262,38.84489248305234,5447800
2008-02-12,39.94169616699219,40.151130892873994,39.379522853159955,39.522822510303044,5182300
2008-02-13,40.514888763427734,40.6416504427437,39.94720702275327,39.991295664948844,6273400
2008-02-14,39.87002944946289,40.61408233623266,39.87002944946289,40.44873631585627,3570900
2008-02-15,39.91413116455078,40.05743080043805,39.61100233296896,39.79287794994809,3398600
2008-02-19,39.809410095214844,40.2889060219948,39.46769692268632,40.2889060219948,4156700
2008-02-20,40.0353889465332,40.162154832150165,39.440148118717275,39.440148118717275,3046100
2008-02-21,39.627532958984375,40.233794779053696,39.599973883330264,39.958220842210864,3115700
2008-02-22,39.622032165527344,39.848004879757475,38.960656201061376,39.71021787008325,4738100
2008-02-25,39.94721603393555,40.04642285987374,39.374021506839995,39.809429009295066,4584600
2008-02-26,39.97475051879883,40.162142963254595,39.52832213233009,39.83145090891197,3655200
2008-02-27,39.85350036621094,40.23379373475915,39.699179638372385,39.70469229434504,2618600
2008-02-28,39.544857025146484,39.7212241635425,39.35746878025508,39.68264398342226,3109100
2008-02-29,38.712615966796875,39.35746201644943,38.65198937918062,39.13148942534821,6565100
2008-03-03,38.91655731201172,39.021276768696225,38.25518145013898,38.58586938107535,4747600
2008-03-04,39.15904998779297,39.25274409771036,38.58034315844678,38.63545709340268,5142500
2008-03-05,39.84800338745117,39.87004560783883,39.07088266362726,39.07088266362726,7372100
2008-03-06,39.704689025878906,40.040889528819,39.44013622498745,39.73224389362495,5347200
2008-03-07,39.66060256958008,39.98026936229481,39.31888935616866,39.31888935616866,5511100
2008-03-10,39.236236572265625,39.87005355543346,39.07640311057739,39.61652592118102,5227000
2008-03-11,40.11805725097656,40.15663743684258,39.296848034728455,39.407075935795696,6412000
2008-03-12,39.649600982666016,40.101542317143576,39.14805412596707,39.14805412596707,5195200
2008-03-13,38.98268508911133,39.50076115305738,38.58585800699167,39.03228637191432,8300800
2008-03-14,38.36539077758789,39.13148572510813,37.98509752848679,38.90551315537468,8540100
2008-03-17,38.36539077758789,38.73465871820665,37.67645616975148,37.781175575718024,6428300
2008-03-18,39.627532958984375,39.627532958984375,38.519724555497305,38.80081114845588,8871300
2008-03-19,38.93308639526367,39.96924290889051,38.91103997519612,39.62753391015516,6768700
2008-03-20,39.49525833129883,39.588952459895324,38.58586350599432,38.58586350599432,9024500
2008-03-24,40.43220138549805,40.630614922241975,39.21416529905128,39.57241219622359,6906800
2008-03-25,40.42118835449219,40.6416483739493,39.974759863662264,40.509374044245085,5154600
2008-03-26,40.08497619628906,40.33850364713914,39.95269771373152,40.25031799210078,4439700
2008-03-27,40.14010238647461,40.48181139179292,39.9141297301224,40.09600954549006,4169300
2008-03-28,39.82594299316406,40.4046456861876,39.79838391995733,40.255837623674175,3279700
2008-03-31,40.24481201171875,40.44873821912193,39.68264308485001,39.787362516344096,4543200
2008-04-01,41.18729019165039,41.19831130102866,40.32749648775794,40.32749648775794,7955900
2008-04-02,41.06602478027344,41.380178865916896,40.84005215827026,41.14869779332153,6149300
2008-04-03,41.104618072509766,41.187291111932765,40.59205027399772,40.90069180258976,3954100
2008-04-04,41.010921478271484,41.28098279968768,40.87864294111134,41.13768315356012,3793200
2008-04-07,40.663692474365234,41.126658909280856,40.51488438756103,41.032960568037595,5374200
2008-04-08,40.40464782714844,40.707780828788074,40.28890728241087,40.67471330312718,6779900
2008-04-09,38.89450454711914,39.46769882957502,38.81734418264667,39.15905737168512,14156500
2008-04-10,39.31336975097656,39.539338140389034,38.83386969794483,38.97165663451357,4672700
2008-04-11,39.07088851928711,39.67164213556655,38.86145375481035,38.92208038227689,5579300
2008-04-14,38.7181282043457,39.19762824534636,38.59136237571674,38.81182230967992,5526500
2008-04-15,39.14802551269531,39.39053187758126,38.69057185345094,38.900010697642905,3495800
2008-04-16,40.11805725097656,40.2117513873762,39.23070877113318,39.40156327926486,4895000
2008-04-17,39.79289245605469,40.02437786146597,39.489763513970196,39.91965837342102,3794800
2008-04-18,40.33850860595703,40.42117741156364,40.00781656383464,40.23378917895667,5709200
2008-04-21,39.96925354003906,40.255852872223144,39.88107204123874,40.046418133262314,4238000
2008-04-22,39.627532958984375,39.84799294944356,39.362980129448445,39.68264690536803,4410400
2008-04-23,39.50077438354492,40.17868824338215,39.10394716851097,39.33543251389767,4960600
2008-04-24,40.10702133178711,40.310947520251474,39.28029967763113,39.28029967763113,4795600
2008-04-25,40.07948303222656,40.32749794901525,39.4125944601548,40.22278268888862,3254200
2008-04-28,40.10152053833008,40.299934109605054,39.85901412789964,40.2227737435453,2809300
2008-04-29,40.33850860595703,40.48180400562448,39.96923638624355,39.96923638624355,3222800
2008-04-30,39.90861892700195,40.58652844626197,39.84799232545193,40.49283431838449,5178100
2008-05-01,40.553462982177734,40.78494408809037,39.77634243456782,39.77634243456782,4325300
2008-05-02,40.38811492919922,40.86210243013615,39.98577934196116,40.86210243013615,4061100
2008-05-05,40.090492248535156,40.16765260886417,39.77633815150294,40.040890961862615,3412100
2008-05-06,40.41568374633789,40.45426393804269,39.726748748091,39.82044289867045,3316500
2008-05-07,39.45115661621094,40.50935927796384,39.37950471817364,40.50935927796384,4912200
2008-05-08,39.17007827758789,39.84799199617053,38.944109841343334,39.677133300066664,4633000
2008-05-09,38.740169525146484,39.02125600911878,38.60789526412779,38.86142268313151,4179600
2008-05-12,38.81184005737305,38.955139710715024,38.359898878302594,38.47013099815235,4075500
2008-05-13,39.021278381347656,39.203154017677754,38.740191736218804,38.9330926868267,3876600
2008-05-14,39.462181091308594,39.70468746551847,39.021265380382594,39.120472151202634,3553400
2008-05-15,39.57866287231445,39.65076373306767,38.97410991293,39.65076373306767,4504400
2008-05-16,39.251434326171875,39.562032148713826,38.85210152265276,39.562032148713826,4228900
2008-05-19,39.33462142944336,39.85043094548723,39.15713881271425,39.34571647321857,3536000
2008-05-20,38.935279846191406,39.323525933210405,38.81326399983341,39.101671630845104,3336000
2008-05-21,38.48049545288086,39.273622037189334,38.35293203549671,39.0795010336566,6819800
2008-05-22,38.4638557434082,38.702348462540336,38.32519728418069,38.60806172583052,4198100
2008-05-23,37.171546936035156,38.53594949657953,37.04953108234143,38.35846689032062,11591500
2008-05-27,37.936946868896484,38.031233584674524,37.11608711063266,37.11608711063266,6319700
2008-05-28,39.12387466430664,39.3679149272233,38.54705491747134,38.974121146054785,9399900
2008-05-29,39.71176528930664,39.87815706348786,39.02956832450453,39.317975937364245,6796400
2008-05-30,39.390079498291016,39.77832558764042,39.301340315723564,39.75059221285871,4534500
2008-06-02,39.373435974121094,39.58974272803503,39.11275751901499,39.39007430418858,4275100
2008-06-03,39.284706115722656,39.78942058399198,39.05176097652143,39.43445535334649,4314300
2008-06-04,39.23478698730469,39.46218883679096,38.96856517936685,39.10167608333577,3499700
2008-06-05,39.4067268371582,39.50101355241091,39.062852413183194,39.223696697065726,3028100
2008-06-06,38.04232406616211,39.090585669086764,38.01459491962594,39.090585669086764,5946200
2008-06-09,38.53041458129883,38.646887183058524,38.1366250520578,38.3862085941828,3328100
2008-06-10,38.818809509277344,38.946377115675595,38.014592377675115,38.319638358291535,5522400
2008-06-11,37.748382568359375,38.491594208304726,37.67628168339192,38.36957407103602,5124200
2008-06-12,37.87592697143555,38.58585726339944,37.53760015549676,37.99239951325603,4015600
2008-06-13,37.88703155517578,38.34737860081942,37.437779554606855,38.14771010467326,6231100
2008-06-16,37.759456634521484,37.96466835906132,37.654074896070064,37.709537409958706,3431900
2008-06-17,37.34904098510742,37.89258401353287,37.28803515532945,37.875945675273385,3534600
2008-06-18,36.494895935058594,36.849861133241774,36.05673484290647,36.3285041471207,8196400
2008-06-19,37.07171630859375,37.20483144986491,36.206489047928834,36.40061000621654,5741400
2008-06-20,36.811038970947266,37.20482837709891,36.52262708686603,36.52262708686603,8470500
2008-06-23,36.750030517578125,37.10499575063765,36.70011128368447,37.0939007068749,4323500
2008-06-24,34.531490325927734,35.89589072111792,34.487120733855576,35.319071213863495,14626600
2008-06-25,34.054508209228516,34.692335660739616,33.93248812469616,34.62578021270358,9857600
2008-06-26,33.21146011352539,34.06559423805527,33.18372885705039,33.91584502993843,10591600
2008-06-27,33.477691650390625,33.52206124775934,32.88977914599708,33.18373645607372,9467000
2008-06-30,34.093326568603516,34.45938464386301,33.24473575923349,33.461044630951584,9080500
2008-07-01,33.55533981323242,33.83265667119302,33.00070609731122,33.51096810039406,9432700
2008-07-02,32.4682731628418,33.810486356795685,32.4682731628418,33.69955913946842,8839400
2008-07-03,32.98405456542969,33.289102563979824,32.31294642970873,32.37395645257054,5184400
2008-07-07,32.1132926940918,33.55533949552969,31.957993816387624,33.1837359249455,8549200
2008-07-08,33.49987030029297,33.52760155715269,32.595816939502846,32.69010363597777,10272100
2008-07-09,32.884239196777344,33.83266250680874,32.84541499922705,33.47214968297314,6207200
2008-07-10,32.889766693115234,33.22254806830011,32.518163257281564,32.95077671768707,5098300
2008-07-11,32.1631965637207,32.68455127531567,31.697304354042224,32.45160411259701,7010000
2008-07-14,31.719499588012695,32.595821823239895,31.6141199498533,32.49044218508051,5187000
2008-07-15,31.30352210998535,31.97463042729469,31.11494658636908,31.641848971393323,6206400
2008-07-16,32.801029205322266,32.839853386214884,31.286879803232754,31.397806941108445,6108600
2008-07-17,33.15045928955078,33.300210655030185,32.401702462153764,33.00070792407138,7337600
2008-07-18,33.727272033691406,33.843744589009354,32.72892980022493,33.117173767044186,9593800
2008-07-21,32.97850799560547,34.12105378783668,32.756655861068985,34.12105378783668,5252500
2008-07-22,34.44829559326172,34.49821270531001,32.740022972728596,32.740022972728596,7114100
2008-07-23,35.16377639770508,35.2580631083824,34.11551695813029,34.90309788928727,7172800
2008-07-24,34.6701545715332,35.30243881994109,34.6368779008211,35.2358812469972,7029700
2008-07-25,34.69233703613281,35.158229422374696,34.45939190089169,34.853181314709566,4292000
2008-07-28,34.15989303588867,34.79772270008427,34.15989303588867,34.659064261412176,4613100
2008-07-29,35.280250549316406,35.36899185807899,34.22644565647094,34.44275246434477,5923700
2008-07-30,34.90864944458008,35.96799988257352,34.49822163111161,35.49656201462083,6184700
2008-07-31,34.986297607421875,35.2303356932502,34.65351609137254,34.697887806483045,5922700
2008-08-01,34.531490325927734,35.052847314152096,34.04341423433659,34.75889003916619,4805900
2008-08-04,34.70343780517578,35.08058897048289,34.37620376809345,34.448306756809245,3443500
2008-08-05,36.189849853515625,36.289684091337826,34.92528566211405,34.92528566211405,7080400
2008-08-06,35.66294860839844,36.123291363518504,35.35235297467453,36.123291363518504,4251300
2008-08-07,35.086116790771484,35.61856659686466,34.94745840584536,35.11939556482701,4446000
2008-08-08,36.43944549560547,36.616928174141115,35.26916974518622,35.26916974518622,6374000
2008-08-11,36.33404541015625,36.788844756462176,35.79605018421132,36.300764519389716,5256800
2008-08-12,36.012367248535156,36.406156678012714,35.818246294781346,35.9901813921748,3594200
2008-08-13,35.829341888427734,36.0567437728273,35.219245567422064,35.823794365717504,3971200
2008-08-14,36.378421783447266,36.65019533889463,35.357897822522524,35.646305480147575,4744300
2008-08-15,36.68347930908203,37.08281632338371,36.4061624082081,36.605830915358936,5080800
2008-08-18,36.21758270263672,36.833226454958144,36.00681918613643,36.75003055273537,4029000
2008-08-19,35.496559143066406,36.11775045141712,35.441096615709284,36.00127787451129,5559700
2008-08-20,34.980751037597656,35.92362673601019,34.57586864710948,35.540932319441225,5139200
2008-08-21,34.740535736083984,34.84108738703352,34.070194237705245,34.69584729730844,3702700
2008-08-22,35.48350524902344,35.60640220137472,34.86343736174409,34.86343736174409,3655700
2008-08-25,35.12039566040039,35.48349906673994,34.896949213468304,35.22653469383443,3795400
2008-08-26,35.081295013427734,35.16508876893334,34.6735031406255,34.85784855035233,3934300
2008-08-27,35.48350524902344,35.75164231063755,34.71819725248126,35.05895330324481,3561900
2008-08-28,36.142662048339844,36.35494008085966,35.52818175499992,35.651078666053195,3203100
2008-08-29,35.81868362426758,36.39964841164367,35.77399304171668,36.03095749849155,3243700
2008-09-02,36.31584930419922,37.42191335744425,36.226468152217286,36.30467452923752,5300500
2008-09-03,36.673362731933594,36.762739615513844,36.058882273313735,36.33819196013436,5342000
2008-09-04,35.84102249145508,36.84094745975316,35.55612540616826,36.589570436335705,5090000
2008-09-05,35.6901969909668,35.790748664335545,34.997510053275526,35.62316325237567,4067500
2008-09-08,36.86330032348633,37.01412997807883,36.1762007118985,36.2432323255586,5804300
2008-09-09,36.39965057373047,37.393992653943535,36.39965057373047,36.449924285640016,5907500
2008-09-10,37.254329681396484,37.69005213770533,36.896813601249335,37.248742293976974,6493000
2008-09-11,38.05314636230469,38.125765333408,36.7794908414778,36.969423610256435,7220200
2008-09-12,38.321285247802734,38.57266650386703,37.5783205148345,37.90790813627154,7063000
2008-09-15,37.79059600830078,38.69555653495551,37.35487364184821,37.35487364184821,6421200
2008-09-16,38.44419479370117,38.56709176872396,36.745990959237155,36.90240374129209,7931000
2008-09-17,36.62308883666992,37.690054004465715,36.07564417642351,37.57274443441291,9927500
2008-09-18,37.13703536987305,37.52806741128406,36.159451004415885,36.73482854903336,10911800
2008-09-19,37.818519592285156,39.103345506556884,35.82424914192781,37.433075227544784,9194700
2008-09-22,36.801849365234375,37.762675541180386,36.53930179281372,37.41633419538242,5135600
2008-09-23,36.19294357299805,37.51687279761296,36.06445926366842,36.83535659579246,4756400
2008-09-24,35.4108772277832,36.57280639929648,35.03101593178567,35.94156386013654,6116800
2008-09-25,35.6231575012207,36.05329467208515,35.42763944302934,35.69019122898961,5241300
2008-09-26,35.96950912475586,36.19854516459464,35.04220084358538,35.04220084358538,4972900
2008-09-29,35.5058479309082,36.410810713805574,34.39978183381946,35.461157358437326,8223700
2008-09-30,35.13156509399414,36.33259736131253,34.96397974135895,35.505841108144,7289400
2008-10-01,35.639915466308594,35.9974336539859,34.43888509647185,34.91371070973878,6013000
2008-10-02,34.12046813964844,35.433222652758225,33.77971002296999,35.433222652758225,7295900
2008-10-03,33.941707611083984,35.405291706233776,33.74060645380013,34.48356901208788,7101600
2008-10-06,33.51716613769531,34.49475015004476,32.02006587973447,33.53392403885567,9678900
2008-10-07,33.06467819213867,34.42771075481769,32.841231733198484,34.00874624697068,7611400
2008-10-08,32.34406661987305,33.617718268704984,31.6904807631023,32.34406661987305,11890900
2008-10-09,29.606830596923828,32.902686176136825,29.42248515713683,32.37758253380834,9971600
2008-10-10,28.880626678466797,29.830280192258574,24.1993949793973,28.204697639313054,18956000
2008-10-13,31.087167739868164,31.545235437274908,28.914136674165785,29.75206570078257,8526100
2008-10-14,30.6682071685791,32.740684716038054,29.645932601843274,31.796616527551397,8139100
2008-10-15,28.657161712646484,30.372122317339745,28.578955373299628,30.048124321336633,7453800
2008-10-16,28.847103118896484,29.254894991873538,27.037177604065832,29.076136968951094,11270300
2008-10-17,28.23263168334961,29.405731849187593,27.422632935049858,27.970079821171876,8691800
2008-10-20,29.143171310424805,29.56213583505516,28.232623277855417,28.534278247020577,5513100
2008-10-21,28.322011947631836,29.344284628173952,28.160011764775952,28.76890716674764,4953500
2008-10-22,25.91434669494629,28.065032088381294,25.00938410562424,28.065032088381294,9101300
2008-10-23,26.8863582611084,27.176840669026657,25.86408351030197,26.63497904935564,11372700
2008-10-24,26.00373077392578,27.037177868190803,25.137871192380963,25.221664948741065,6456400
2008-10-27,24.959115982055664,26.132215917591175,24.925598049539456,25.69090819309634,5727900
2008-10-28,27.294153213500977,27.316498508291094,25.054087488459775,25.69650086240576,7761500
2008-10-29,26.64614486694336,28.132072333327375,26.47855947904335,27.260625332897988,6438400
2008-10-30,28.562198638916016,28.71302606989867,27.25502970136268,27.44496030360421,9270500
2008-10-31,29.48392677307129,29.969927111568023,28.204690160850983,28.389033426757944,7466200
2008-11-03,29.617992401123047,30.036956831697463,29.053785774610056,29.3386827807401,4174400
2008-11-04,30.82462501525879,30.880486114385885,29.813522925729334,30.143108524893627,6101800
2008-11-05,29.293996810913086,31.182130737366325,29.092895642720745,30.455926036719273,5750400
2008-11-06,27.858348846435547,29.46717331309027,27.808073015259964,29.12082988219398,7734100
2008-11-07,29.00351905822754,29.305174054323544,27.87510971306361,27.947728702855493,5418900
2008-11-10,29.941997528076172,30.72965075844305,29.495102456053086,30.154273486398562,6979900
2008-11-11,29.819108963012695,30.56207177636569,29.226971536661313,29.578902411914964,5379300
2008-11-12,28.601318359375,29.791178471624637,28.24938748344906,29.294005334729277,6524700
2008-11-13,31.047229766845703,31.120494842549636,27.795414020416118,29.06908992171875,11316600
2008-11-14,29.948259353637695,31.002139926583652,28.990185128296055,30.45547575230671,8083600
2008-11-17,30.027149200439453,30.754158413027767,29.02399060158235,29.61010665591056,7915400
2008-11-18,30.60763931274414,31.081040547193464,29.542484922838472,29.903173318019537,7778000
2008-11-19,28.945106506347656,31.193761330226916,28.60132666939796,30.568197173488127,8231100
2008-11-20,27.733421325683594,29.841184874502915,27.254385230427367,28.61259580564769,10811900
2008-11-21,29.480484008789062,29.52556869967122,27.22619356835015,27.817944378993587,10213300
2008-11-24,30.776708602905273,31.255744586398382,29.536848107567312,29.95389289367406,10863800
2008-11-25,31.80240821838379,31.864401560502397,31.064127193844737,31.278285425747388,9228400
2008-11-26,32.343448638916016,32.51252008026076,30.771079719703867,31.109224752253372,6360600
2008-11-28,32.4617919921875,32.5406939890296,31.627704517164496,32.1236491765883,3165900
2008-12-01,30.275129318237305,32.03911050698748,30.201864257565994,31.65024607701107,6513500
2008-12-02,31.103578567504883,31.25010868298218,29.976433093996846,30.821792199127874,5380400
2008-12-03,31.971498489379883,32.12366346905869,30.21878598068689,30.517481155549973,6825600
2008-12-04,32.02783966064453,33.04790493822686,31.424814854466288,31.616429670950936,8714100
2008-12-05,32.59139633178711,32.681567839221394,30.568171118238226,31.655863986101245,6155400
2008-12-08,33.036624908447266,33.52129768400009,32.241987635695885,33.19442669691071,8454400
2008-12-09,30.72034454345703,31.52625361381,30.207493512310513,30.70907498220904,10479700
2008-12-10,30.52309799194336,31.148664046159233,29.982068704460175,30.675262882146622,5862800
2008-12-11,29.209970474243164,30.36529393693464,28.888732096949465,30.269485471811507,6600800
2008-12-12,29.322683334350586,29.694641185214223,28.477324386946044,28.747838992132422,5783600
2008-12-15,29.221248626708984,29.824271346730217,28.798569029505714,29.514306738753074,4521400
2008-12-16,29.666471481323242,29.88062974463678,28.21245479322295,28.550597609099412,7827700
2008-12-17,29.565031051635742,29.925717329908753,28.99582342183486,29.226888203219744,5613200
2008-12-18,29.745365142822266,30.652717494900358,29.339594278122473,29.869351819461748,7177900
2008-12-19,30.055320739746094,30.573806378190778,29.90315591545689,30.43291326124059,6949300
2008-12-22,29.976438522338867,30.17369030583813,29.604480534718853,30.021525381376335,4197800
2008-12-23,29.677743911743164,30.36530342380079,29.48049428936252,29.784821971055564,3815700
2008-12-24,29.807363510131836,29.869356858910873,29.598842186851048,29.77355051978655,1204600
2008-12-26,29.959531784057617,30.027159922209872,29.65520193758285,29.86936021656803,1281300
2008-12-29,29.93697738647461,29.953886027212533,29.23814853193065,29.852442782220837,3167600
2008-12-30,30.53437614440918,30.613275996742786,29.48613033515473,30.049703165948756,3410000
2008-12-31,31.0866641998291,31.36281571683395,30.5399980956805,30.5399980956805,3977400
2009-01-02,31.622068405151367,31.774233310728825,30.64145084138317,31.176845401779506,4233200
2009-01-05,31.09795379638672,31.576989916883758,30.804895620957208,31.52626826825442,3593500
2009-01-06,31.23320770263672,31.678430789882597,30.630184898335557,31.244479418120655,4578400
2009-01-07,30.100421905517578,30.99650270610668,29.982072138424183,30.923237643204303,5222100
2009-01-08,29.424118041992188,30.263841965354832,29.13106010061255,30.02150563209587,5726800
2009-01-09,28.702768325805664,29.722836061436176,28.697131392813986,29.418506175686517,4417500
2009-01-12,28.544954299926758,29.02399017096019,28.387152503112596,28.843647103051676,4044500
2009-01-13,28.032102584838867,28.62385339573653,27.840487811324884,28.5505883544303,4530700
2009-01-14,27.136032104492188,27.834861196380515,26.921873831234933,27.834861196380515,5578500
2009-01-15,27.220552444458008,27.372717283726665,26.51608679035786,27.13601785588113,6495800
2009-01-16,27.164203643798828,27.66014820485001,26.623174386211623,27.56433973118983,5857200
2009-01-20,25.884899139404297,27.08530981758087,25.839812283012858,27.05149467528729,5306200
2009-01-21,26.89369773864746,26.995141026083118,26.05397322595448,26.313216227241224,5867900
2009-01-22,26.84296417236328,27.220556791326867,26.31884147002658,26.465369403540787,5012900
2009-01-23,26.44282341003418,26.927496154269267,26.256845583675773,26.532997083248798,5856900
2009-01-26,26.47100257873535,27.000759986121867,26.20612280011279,26.606258782815114,4972200
2009-01-27,26.549907684326172,26.8260570768129,26.166678113240927,26.673894354341698,3864500
2009-01-28,26.40337562561035,26.865504988694305,25.952517972584406,26.735883547815526,6525700
2009-01-29,25.270593643188477,26.35828885454793,25.157878701364844,26.13849590041413,6384100
2009-01-30,23.946205139160156,25.817266344471893,23.805311963158612,25.388949885506022,11081500
2009-02-02,23.906749725341797,24.205444678555533,23.33190753960288,23.777128279548986,7534900
2009-02-03,25.360769271850586,25.682005510638636,23.895481240531726,24.06455260570559,12611900
2009-02-04,25.377674102783203,25.822896983499135,25.11843121648997,25.69891032055067,7367900
2009-02-05,25.87361717224121,26.065231936253426,25.033893078519178,25.23114477227637,6893900
2009-02-06,26.527372360229492,26.71335242202473,25.82290633802272,25.856721481038132,5884300
2009-02-09,26.634443283081055,26.8429667176647,26.172313868362302,26.8429667176647,4769900
2009-02-10,25.202972412109375,26.634445469167844,24.9719076857848,26.454102373005213,7184700
2009-02-11,25.529848098754883,25.60874794890585,24.9662752835512,25.39459182702742,5426700
2009-02-12,25.304420471191406,25.332598682211945,24.39706788725598,24.98881891812613,6390000
2009-02-13,25.270593643188477,25.8567096207844,25.174785190187844,25.270593643188477,4030900
2009-02-17,24.205440521240234,24.740834853114283,23.777124195797565,24.740834853114283,6473700
2009-02-18,24.081453323364258,24.419598122495582,23.810938773974318,24.335061385248117,5958900
2009-02-19,24.451675415039062,24.821897316205806,24.087150438792555,24.47445876923953,6161500
2009-02-20,24.377635955810547,24.776336050948668,23.779586899473724,24.332071410139726,7247800
2009-02-23,23.306835174560547,24.782023575332865,23.249878965901264,24.588369424055184,5575100
2009-02-24,24.588375091552734,24.71937831259683,23.380885373186892,23.46632187860859,6988000
2009-02-25,23.93906593322754,24.4232025362826,23.682760748202714,24.258026442084727,7472600
2009-02-26,23.460622787475586,24.36054578329377,23.38658014053388,24.235239499637974,5721200
2009-02-27,23.45493507385254,23.785285139802312,22.475272211794024,23.039148484726574,8382200
2009-03-02,22.167705535888672,23.27836958371207,21.92848672363752,23.061934136268054,9002400
2009-03-03,21.922788619995117,22.537924166634067,21.774698944111403,22.435401213404088,6553700
2009-03-04,23.181543350219727,23.44354552510603,22.053792874510606,22.21896683613991,8823800
2009-03-05,22.765748977661133,22.822705197087284,22.19617809243761,22.822705197087284,13430600
2009-03-06,22.429706573486328,23.50049848840243,21.894308443287343,22.93662441551146,9498700
2009-03-09,21.8145751953125,22.435407852367028,21.638009524633244,22.23036188523099,7429700
2009-03-10,23.47770881652832,23.57453480856241,22.093651613727033,22.213260958971553,10005100
2009-03-11,24.32637596130371,24.559899975492932,23.403671584841515,23.631500845253814,9720700
2009-03-12,24.645343780517578,24.685213586970622,23.779595376731546,24.235251859581695,6623100
2009-03-13,24.542814254760742,24.884555982571097,24.25233400339603,24.85038311343461,5570900
2009-03-16,25.476913452148438,26.000919961268448,24.804819422277383,24.81051634965695,9306900
2009-03-17,26.33696174621582,26.359742932986666,25.169339557765213,25.448430279930374,6448300
2009-03-18,26.496437072753906,26.96348501127045,25.374381766133684,26.012300530712796,8582500
2009-03-19,26.194576263427734,26.88375678397851,26.092053289970767,26.735667078877846,7202100
2009-03-20,25.46551513671875,26.422394449561406,25.391472482000896,26.228740251182757,8956500
2009-03-23,27.077404022216797,27.134360249251653,25.647779692589545,25.83573915273799,6403800
2009-03-24,26.906526565551758,27.601401490367092,26.695783797209003,26.991960885138596,5976100
2009-03-25,27.379281997680664,28.01720100720535,26.729971305678955,27.16854130370882,9207600
2009-03-26,28.740549087524414,28.78611580560283,27.487492585997266,27.487492585997266,9107300
2009-03-27,28.541208267211914,29.042431445310566,28.279206081764947,28.677904114948884,8372700
2009-03-30,27.686843872070312,28.153891871261422,27.345100002808536,28.01149913558753,6402500
2009-03-31,28.034278869628906,28.432976739767444,27.225487105761214,27.886189226942786,7949200
2009-04-01,28.518415451049805,28.672199858347774,27.732406982440388,27.732406982440388,6245700
2009-04-02,29.82843017578125,30.54039386644739,28.76902785643151,29.065205012477517,10843900
2009-04-03,30.04486656188965,30.084736353176222,29.475295631806436,29.577818573040666,6790900
2009-04-06,29.948040008544922,30.03347434287781,29.36707740957067,29.71451384557607,5649400
2009-04-07,29.207590103149414,29.583506746484762,29.05950265027072,29.498072429618656,5166500
2009-04-08,29.73160743713379,29.765780307502062,29.00255505998965,29.384168770116354,4206900
2009-04-09,30.466341018676758,30.921997193777976,30.016379595190543,30.25559827234117,6553100
2009-04-13,30.43218231201172,30.72835952785689,30.044873812271206,30.153091532915305,3567200
2009-04-14,30.43218231201172,30.745445964605647,29.919567482137158,30.158788460325685,4690100
2009-04-15,30.899234771728516,30.933409822787414,30.19866252058236,30.227140643427358,4834300
2009-04-16,31.85041618347168,31.97002777069115,30.642926010009127,31.081496035836782,5854300
2009-04-17,31.127056121826172,31.970020943879327,30.654311147350302,31.833322947422165,8297600
2009-04-20,30.27839469909668,30.67139791243936,30.01069563005315,30.67139791243936,5956900
2009-04-21,31.52574920654297,31.679533613982276,30.044865699909092,30.061952132044368,6243600
2009-04-22,31.184019088745117,32.60794690101658,31.01884294106369,31.184019088745117,7635100
2009-04-23,30.37520980834961,30.597342058095776,28.825976639006015,30.130294206644848,12637600
2009-04-24,30.346750259399414,30.779625551313988,29.91957189573561,30.192965787751465,6055600
2009-04-27,29.167724609375,29.948038289140488,28.99115902491314,29.948038289140488,5839300
2009-04-28,29.07090950012207,29.424042974175578,28.83168850801134,29.031039696893835,4366500
2009-04-29,29.498090744018555,29.85691900857327,29.18482704220061,29.224696849373355,4456600
2009-04-30,29.811351776123047,30.141701887790553,29.623392268219806,29.834135141821864,4972300
2009-05-01,29.424026489257812,29.95942224175193,29.167719203001017,29.6746368509644,3775900
2009-05-04,30.825183868408203,30.91631514728356,29.270255200430597,29.509476165441576,4982000
2009-05-05,31.411848068237305,31.417542823418607,30.76253516775792,30.76253516775792,4698900
2009-05-06,31.799150466918945,31.799150466918945,31.09288145994097,31.61688574516578,4875100
2009-05-07,31.799150466918945,32.41998078073232,31.463103484788782,31.998499450919482,7717400
2009-05-08,32.81867599487305,32.97246040490555,32.12380094585363,32.197843601515444,7036100
2009-05-11,31.799150466918945,32.38580791075564,31.662452468789315,32.249109912626004,4451100
2009-05-12,31.121349334716797,32.032663952631964,30.677084789286557,31.901660751694084,6669500
2009-05-13,29.851207733154297,30.659999458371196,29.577813989806994,30.659999458371196,6810200
2009-05-14,30.023569107055664,30.431468490792433,29.799512964635262,30.052296051721402,4387400
2009-05-15,29.868446350097656,30.735945915386804,29.759289251726557,29.902915167219017,5344800
2009-05-18,30.33380699157715,30.546372831521413,29.902929045129866,29.902929045129866,5103700
2009-05-19,29.770790100097656,30.67850725847497,29.73631907924694,30.385509060139682,5819900
2009-05-20,29.793773651123047,30.529137967653206,29.747812285560645,30.16719988430416,5133300
2009-05-21,28.43219566345215,29.563966724361656,28.346019211866754,29.563966724361656,7131700
2009-05-22,28.524120330810547,28.88031214540369,27.91514539036029,28.60455052847108,6093900
2009-05-26,29.380115509033203,29.529487681231405,28.236854503986873,28.27706958306544,4902400
2009-05-27,28.58156394958496,29.581201522358505,28.478153090623625,29.43182930761077,4487400
2009-05-28,28.156423568725586,28.995200582568785,28.064503070277265,28.667733669874284,5929800
2009-05-29,29.380115509033203,29.3801155090332,28.231108240371395,28.24834264810294,5962100
2009-06-01,30.195924758911133,30.448705677461113,29.592693930922273,29.98910301120734,6763300
2009-06-02,30.195924758911133,31.092149410216397,29.816752285306972,30.086767618979472,5131700
2009-06-03,29.311187744140625,29.885691614802198,29.087131585231944,29.713340891915394,6510600
2009-06-04,29.29969024658203,29.546727025946467,28.874556521855997,29.357139742991425,4668500
2009-06-05,29.598445892333984,30.029323885773625,29.42034886608443,29.816758022646535,4023000
2009-06-08,29.546733856201172,29.724830842733073,28.840094367535865,29.477794006261668,4225600
2009-06-09,29.80525016784668,29.977600825646647,29.328411083323996,29.506508004933224,3064600
2009-06-10,29.673124313354492,30.063787101205328,29.184794732761823,29.977610648289495,4698300
2009-06-11,29.74781036376953,30.058042986598256,29.615674733651755,29.655889830141586,3692600
2009-06-12,29.029666900634766,29.724817938835404,28.771142027700765,29.644385592004586,5606500
2009-06-15,28.15069580078125,28.72519979671556,27.97834504031272,28.67923842509258,6316900
2009-06-16,27.828962326049805,28.495386623470317,27.794493501832292,28.311545589116932,4237500
2009-06-17,27.645124435424805,27.920886018313738,27.306167078873322,27.558950173523527,6353900
2009-06-18,27.748531341552734,27.972587458691187,27.38084928352471,27.725550665036497,3756800
2009-06-19,27.656614303588867,28.001317919989166,27.398087139178198,27.995571654358812,6419200
2009-06-22,26.909753799438477,27.55894360381561,26.662717029407116,27.53021666513841,7168200
2009-06-23,27.1165828704834,27.438303632335565,26.967210638287757,27.116582870483395,5780900
2009-06-24,27.369352340698242,27.85768173681752,27.219982362503437,27.380842676183597,4696600
2009-06-25,28.36325454711914,28.40921590720688,27.214246843624895,27.214246843624895,5046500
2009-06-26,28.64475440979004,28.782634068482327,28.150680884434415,28.213876641150737,5543700
2009-06-29,28.909019470214844,29.21925192402226,28.3804772377049,28.690707499955117,4090000
2009-06-30,28.719438552856445,29.14457002843566,28.437930798845194,28.86880853822164,4541400
2009-07-01,29.213510513305664,29.437568783753292,28.69645852930341,28.69645852930341,3703300
2009-07-02,27.920879364013672,28.880301697077666,27.920879364013672,28.799871528515194,4427300
2009-07-06,28.23111915588379,28.25409983611625,27.656615299421983,27.71981107428211,4400800
2009-07-07,27.415325164794922,28.24835401657906,27.34063904863859,28.225375527541846,4574500
2009-07-08,27.507238388061523,27.70831381095908,26.875282988919114,27.58192229281905,7529600
2009-07-09,27.58766746520996,27.915134393285328,27.46127595207292,27.70256864155657,3978200
2009-07-10,27.903640747070312,28.024285981724557,27.30615645417682,27.363608131315075,3783300
2009-07-13,28.3919734954834,28.403463833155662,27.52447382102702,27.90939246259538,3829400
2009-07-14,28.483898162841797,28.535601398598832,27.97833422815702,28.21388068780141,3559800
2009-07-15,29.029666900634766,29.092862648794583,28.55857411269822,28.805610841928036,4497200
2009-07-16,30.408477783203125,30.684239266896405,28.891788527111355,28.98945309377967,7806700
2009-07-17,29.971860885620117,30.408484981831663,29.82249086842647,30.20740953723291,5167500
2009-07-20,30.30507469177246,30.402739283381035,29.971861444161522,30.063784153757382,3884700
2009-07-21,30.040821075439453,30.603834852201352,29.707607632619123,30.391268940626595,3768000
2009-07-22,30.046545028686523,30.75893062737116,29.816744848653745,29.816744848653745,5073200
2009-07-23,30.741689682006836,31.023197437857895,29.18478529952518,29.414587638650843,7732600
2009-07-24,30.678510665893555,30.850861406173244,30.224652036295463,30.6325492996544,3424100
2009-07-27,31.138105392456055,31.166830143216544,30.488915505790604,30.70148129128782,3574800
2009-07-28,30.724468231201172,30.96576100820048,30.33955167112406,30.908309303410906,3442000
2009-07-29,30.414228439331055,30.781912688741926,30.213152998804585,30.58083505665752,3920200
2009-07-30,30.80489730834961,31.051934151082968,30.47743027338834,30.82213391494014,4325600
2009-07-31,30.86808967590332,31.02320596873397,30.66701421754404,30.822130510374684,3444100
2009-08-03,31.241514205932617,31.379393877191866,30.552109274962792,31.14959369457383,3473100
2009-08-04,31.069162368774414,31.35641423006164,30.862340677998365,31.120865599910644,2698900
2009-08-05,30.839353561401367,31.195545181360092,30.414219931212703,31.17831077458127,3264100
2009-08-06,30.58658218383789,30.96575459063283,30.460190651053576,30.89681255917339,2817300
2009-08-07,31.08639907836914,31.310455196095603,30.76467618097134,30.85085262235441,3875400
2009-08-10,30.86233901977539,31.063414435249626,30.69573242320665,30.896807838680882,2315400
2009-08-11,30.8278751373291,30.994481772420606,30.50615220662393,30.833619211288937,2886900
2009-08-12,31.32769203186035,31.620690201988406,30.586583783162926,30.8565990833781,3987200
2009-08-13,31.092144012451172,31.58047354121033,30.868087888522215,31.4828067588353,3602000
2009-08-14,30.753175735473633,31.2415050902222,30.454433612835704,31.11511360214844,3386200
2009-08-17,29.93739128112793,30.563600467124953,29.833980429014076,30.500404702882275,4219500
2009-08-18,30.213159561157227,30.310824170180744,29.81675266735135,29.977613054711693,3419000
2009-08-19,30.322296142578125,30.66125331887033,29.93737982269155,29.93737982269155,3439800
2009-08-20,30.577260971069336,30.658382779595698,30.270156350104255,30.525110921244746,3194800
2009-08-21,31.069793701171875,31.127739440543827,30.710538958681536,30.832221695756722,5157700
2009-08-24,31.011850357055664,31.26101151183038,30.849606706655,31.05241126965583,2565000
2009-08-25,31.50436019897461,31.59127765703094,31.087162147351442,31.15669478755484,4165900
2009-08-26,31.2957706451416,31.556520897034815,31.081376975986526,31.469605620006096,3316800
2009-08-27,31.261018753051758,31.49279513439737,30.797463779956068,31.17989690906057,2900500
2009-08-28,31.121946334838867,31.57970776691127,30.919141756277234,31.40587495522928,3064200
2009-08-31,30.977081298828125,31.104559709158693,30.64100486759823,30.9712878303603,3474100
2009-09-01,30.467182159423828,31.42326392204394,30.380264630819923,30.936530624752123,4098800
2009-09-02,30.565673828125,30.71632830948697,30.16585822687683,30.386045375759426,3802000
2009-09-03,30.61203956604004,30.8032550114938,30.2296042543239,30.641011335302206,4018900
2009-09-04,31.179895401000977,31.208867170967356,30.565683709853605,30.66418816982018,2914900
2009-09-08,31.34792709350586,31.463816363600213,30.930728815731754,31.232040033815483,3716100
2009-09-09,32.11859130859375,32.298219801449946,31.730362555750794,31.95634764433922,6638300
2009-09-10,32.62269973754883,32.77335642913515,32.18232322990408,32.257649365293595,5785900
2009-09-11,34.071319580078125,34.1408522673326,33.30065991946332,33.51505366123378,12311500
2009-09-14,34.29729461669922,34.34365120452181,33.741028825250744,33.92065728745763,4696400
2009-09-15,34.355228424072266,34.47691110925527,34.106067377038684,34.34943274740469,4690600
2009-09-16,34.303096771240234,34.552257951814774,34.00178552472209,34.552257951814774,4489000
2009-09-17,34.09449005126953,34.52907311503806,33.7757962465867,34.013368233030675,4127900
2009-09-18,34.05393981933594,34.34366195268703,33.90328307216687,34.19880088601148,5066100
2009-09-21,33.909061431884766,34.10607247034629,33.55560025607997,33.972800622328684,2943100
2009-09-22,33.97281265258789,34.15823461204715,33.78159501354321,34.15823461204715,3619400
2009-09-23,33.746829986572266,34.43057208480874,33.694679922001235,33.9786063321292,3128800
2009-09-24,33.63673400878906,33.955427863831034,33.34701192049561,33.72365151943874,3565800
2009-09-25,32.918209075927734,33.67148571119684,32.6342805895801,33.60774652791044,4016900
2009-09-28,33.39336395263672,33.561401060978646,32.860274233609765,33.06308099394547,2729300
2009-09-29,32.90082931518555,33.53821903566441,32.84288579987084,33.51504074537716,3178400
2009-09-30,32.72120666503906,33.086254830115756,32.32718452873727,32.964572108423525,5314500
2009-10-01,31.985309600830078,32.80811902906511,31.921570406450623,32.663258027440335,5132900
2009-10-02,31.83466339111328,32.14177031863362,31.631858806301523,31.741952407998735,4673900
2009-10-05,32.22288513183594,32.28082865475622,31.620262767688658,31.892602188302156,3542500
2009-10-06,32.2112922668457,32.73279275454345,32.06643126586338,32.3619467352898,4088500
2009-10-07,32.234458923339844,32.33296330746166,31.956326167086722,32.15913061110379,2349600
2009-10-08,32.64009094238281,32.8428955163871,32.286629647343275,32.30401226499962,7005400
2009-10-09,32.43148422241211,32.715410569406345,32.24026662470267,32.62269960971791,3299800
2009-10-12,32.40830993652344,32.69803199766854,32.19970969883434,32.477842612285166,2179200
2009-10-13,32.29240417480469,32.41408684783235,31.944738763181984,32.41408684783235,3435600
2009-10-14,33.14999771118164,33.19055862291632,32.4720491489844,32.512610060719076,4870400
2009-10-15,33.439727783203125,33.491877855127065,32.85449005197174,33.06888380970152,4223900
2009-10-16,33.09785842895508,33.236926036188024,32.85449287930321,33.12103673189467,4499400
2009-10-19,33.387577056884766,33.4686988981977,33.09785493196461,33.20215507376822,2738900
2009-10-20,33.45131301879883,33.555613150440244,33.08626255805385,33.48608046614736,3331000
2009-10-21,33.08625030517578,33.7642009097786,32.84867836228494,33.31223531364563,4453400
2009-10-22,33.08625030517578,33.254289589523864,32.338769252433565,33.00512850180867,5528400
2009-10-23,32.275028228759766,33.08045495989747,32.04904544352294,33.08045495989747,6065400
2009-10-26,31.591299057006836,32.66906565705212,31.440642322374554,32.257658582021094,8866100
2009-10-27,31.579708099365234,31.747747443601973,31.289986006710507,31.63765163373452,5855800
2009-10-28,31.50436019897461,31.915766995318094,31.429034093088752,31.52174501682754,4765700
2009-10-29,31.83466339111328,31.96793529119018,31.469615138452117,31.643447955491364,3260600
2009-10-30,31.104543685913086,31.805670160744082,31.058187120435317,31.643426602377293,5477300
2009-11-02,31.2957706451416,31.394277278258382,30.809037578408777,31.156705317734236,4203400
2009-11-03,31.405866622924805,31.61446682576103,31.208855565846545,31.324744813022615,4269200
2009-11-04,31.000246047973633,31.881000967295247,30.982863439761633,31.660811684864125,4113800
2009-11-05,31.556516647338867,31.6086666906945,31.0813727902779,31.087168467541428,2954300
2009-11-06,31.78829574584961,31.88680015727076,31.318945346246068,31.515956379491637,3276200
2009-11-09,32.56475830078125,32.63429097266969,31.869424950685538,31.92736847552527,5100600
2009-11-10,32.94137954711914,33.074653567896995,32.454646660773825,32.524181509110804,5075400
2009-11-11,33.64832305908203,33.885895082371135,33.0341114379522,33.15579639458641,6085800
2009-11-12,33.18698501586914,33.86438949086671,33.04099265291564,33.86438949086671,5330900
2009-11-13,33.1052131652832,33.309603722001434,33.0234578336622,33.29792407067476,4447300
2009-11-16,33.7183952331543,34.00453900097036,33.28625688292203,33.321295850021905,4234200
2009-11-17,33.32713317871094,33.65415684171655,33.22785945088768,33.55488088622684,3745900
2009-11-18,33.502323150634766,33.560721426008165,33.04682774105439,33.292093814623385,4308600
2009-11-19,33.37968826293945,33.443925248455024,32.99426857751233,33.274573600762395,3981200
2009-11-20,33.5840950012207,33.66001168265464,33.18699767200418,33.18699767200418,4227500
2009-11-23,33.96366500854492,34.33740512086818,33.76511529541484,33.864391265813275,4056800
2009-11-24,33.82351303100586,34.115497786705845,33.68336159576333,33.987026009011345,3624300
2009-11-25,33.98702621459961,34.133018593332714,33.83519289322371,33.88191152369843,3004700
2009-11-27,33.537353515625,33.712543841486976,33.000100658293626,33.36216318976302,2082700
2009-11-30,33.560726165771484,33.85271090087605,33.28625980191984,33.43225216947212,4321400
2009-12-01,33.8001594543457,33.96367022166789,33.68920380994811,33.81183911310688,3998700
2009-12-02,33.81184005737305,34.01622852223375,33.67752509170207,33.82351748879321,4060600
2009-12-03,33.619117736816406,33.95198011221724,33.584078771318154,33.80598776414086,5309200
2009-12-04,33.794315338134766,34.16221675773402,33.48481220685828,34.039583693756576,4978700
2009-12-07,33.794315338134766,33.852713626457536,33.63664330116365,33.852713626457536,4357500
2009-12-08,33.7183952331543,34.255646029353095,33.55488228102143,34.255646029353095,6394000
2009-12-09,33.73008346557617,33.97535185850634,33.519856278636794,33.8819168106442,4119700
2009-12-10,33.654151916503906,34.12132691838011,33.4322429552379,33.92277726412446,4972000
2009-12-11,33.876060485839844,34.29651912414606,33.671672107588904,33.788466421303546,4969800
2009-12-14,34.44834518432617,34.454183896339046,34.004527330711,34.14468092334363,3614900
2009-12-15,34.60017395019531,34.839601225132235,34.290670997333486,34.37826503782321,4683300
2009-12-16,34.454200744628906,34.89217787273859,34.37828408534317,34.664430122548254,4451300
2009-12-17,34.004547119140625,34.15053950874418,33.560731234919324,33.99870840373,4150800
2009-12-18,33.85853958129883,34.29651655415954,33.68334923768776,34.1797222491968,5633600
2009-12-21,34.23228454589844,34.26732351077507,33.928620199966815,33.928620199966815,3192700
2009-12-22,34.20893478393555,34.495078594826886,34.127177181728285,34.349086218099956,3125400
2009-12-23,33.87022399902344,34.296521378587734,33.78262770106286,34.097971700521285,2667100
2009-12-24,33.9403190612793,34.07463182781252,33.89360264267402,33.98119676293429,684800
2009-12-28,33.846866607666016,34.08045526368988,33.712553910135576,34.08045526368988,1788400
2009-12-29,34.191410064697266,34.279006371247,33.86438860593372,33.86438860593372,2576800
2009-12-30,33.975341796875,34.18557114922325,33.78263081466691,34.01038076482191,2596900
2009-12-31,33.502323150634766,33.881904143729365,33.467286413077154,33.864385774950556,2357500
2010-01-04,33.975341796875,34.34908187764229,33.858547464718576,33.975341796875,3897200
2010-01-05,34.03373718261719,34.45419587907959,33.94030216425516,34.01621881282011,5966300
2010-01-06,33.782623291015625,34.02789155668764,33.75926621191942,33.992852596544175,5770200
2010-01-07,33.525691986083984,33.84687479505945,33.39721797142697,33.84687479505945,5747000
2010-01-08,35.13743591308594,35.698048201144296,34.75785715929955,34.90384950175578,13779300
2010-01-11,36.684967041015625,37.011990791762265,35.33015785997061,35.35935589200743,13744900
2010-01-12,36.439701080322266,36.755042946625395,36.26450843189412,36.50977680309329,5662500
2010-01-13,36.24699401855469,36.91855997046071,36.16523862844452,36.86600261572314,5822600
2010-01-14,36.322906494140625,36.416341533133256,36.10683838415774,36.12435675782291,4698000
2010-01-15,36.16522216796875,36.43968847641675,36.042589138619505,36.322894160417626,6066300
2010-01-19,36.35209274291992,36.66159579157268,36.206100402586905,36.21193911602705,3525000
2010-01-20,35.71556091308594,36.32872820876108,35.42941498701567,36.29953019042721,5261100
2010-01-21,34.86296081542969,35.80899027207246,34.76368489552123,35.66299797571611,6344200
2010-01-22,34.30820846557617,34.77538362468043,34.220612148639866,34.74034688003941,5623300
2010-01-25,34.30820846557617,34.75786525235992,34.0220624275622,34.5184378440898,3520500
2010-01-26,34.24396896362305,34.57099266495598,33.805991866248604,34.15637488074819,3285800
2010-01-27,34.65275192260742,34.746186958093936,33.94030838473089,34.24981374975938,5247300
2010-01-28,34.43083572387695,34.833776040668596,33.90526459384413,34.75201845239698,5711600
2010-01-29,33.735904693603516,34.915522875777036,33.70086573575703,34.53010325012953,6565200
2010-02-01,34.09798049926758,34.17973587703845,33.549049943043876,33.84103470803527,6331100
2010-02-02,34.23228454589844,35.008964893165825,34.04541452188919,34.886331857597206,7843800
2010-02-03,34.37828826904297,34.62939536459793,34.016227756157704,34.296532884939886,4745400
2010-02-04,33.45562744140625,34.238146993858514,33.42642939950155,34.12135259857188,7259900
2010-02-05,33.40305709838867,33.71256023214387,32.83660594928928,33.39137744063058,5799400
2010-02-08,33.064353942871094,33.519851688026584,32.98843950840097,33.385536736681395,3485100
2010-02-09,33.525691986083984,33.975348809716465,33.227868493894704,33.49065301090469,5253000
2010-02-10,33.32713317871094,33.549042172452836,33.03514848134871,33.549042172452836,4704000
2010-02-11,33.39778518676758,33.65097731500158,33.18581017278895,33.45077894026224,6647300
2010-02-12,33.06216812133789,33.22114718033478,32.83841640524001,33.126936286109085,6148400
2010-02-16,33.75698471069336,33.851195633949914,33.25060015587726,33.527343479475256,5065200
2010-02-17,33.86296844482422,33.915962227054465,33.64510611617342,33.86296844482422,4489000
2010-02-18,33.66275405883789,33.92183564786605,33.52143887042656,33.745190539269664,4332500
2010-02-19,34.03960418701172,34.2456897992263,33.43311949961722,33.53321982995338,4886100
2010-02-22,34.12205123901367,34.28103259074924,33.95718044119593,34.19270886884097,2916300
2010-02-23,34.38700866699219,34.45766627320685,33.85707100497021,34.1220398359812,5622400
2010-02-24,34.59897994995117,34.7108569215039,34.30457064993191,34.4046709799441,4748300
2010-02-25,34.39878845214844,34.39878845214844,33.82763582266983,34.1397090246615,4441400
2010-02-26,34.58720016479492,34.71085151245469,34.0925925279915,34.39877617567349,3895100
2010-03-01,34.65198516845703,35.05827157433218,34.58132754202175,34.62254467795612,3944600
2010-03-02,34.83451843261719,35.087710684059225,34.74619471842472,34.84629507758721,6304900
2010-03-03,34.84629821777344,35.329129474227976,34.81685772577803,35.29379953613415,6077200
2010-03-04,34.85807418823242,35.140706949008774,34.687316193336656,34.934621262869406,4370400
2010-03-05,35.0288200378418,35.15835860443021,34.86983874387148,35.07003716077875,5400400
2010-03-08,35.21134948730469,35.26434324762432,35.011151086782135,35.13480244547309,4076700
2010-03-09,35.499874114990234,35.582308360026296,34.99348975700904,35.14069440776335,5471000
2010-03-10,35.758934020996094,35.935579056485295,35.376203485130084,35.46452487979294,6309500
2010-03-11,36.78350067138672,36.7952773135702,35.59408676483269,35.676521013952254,10353600
2010-03-12,36.6951789855957,36.81883036603971,36.506757192681505,36.80116652488055,5878800
2010-03-15,36.9189453125,36.97782630376774,36.51854828261501,36.642199711976765,4937900
2010-03-16,36.78940200805664,37.066147590313506,36.68341443383766,36.95427056965698,5827100
2010-03-17,37.02491760253906,37.22511603480023,36.80116588503189,36.80116588503189,5771400
2010-03-18,37.93170166015625,37.972918791727885,36.80117077219376,37.07202684999745,7749200
2010-03-19,37.87869644165039,38.237876097970165,37.69615964580227,37.87869644165039,7976500
2010-03-22,37.660850524902344,38.06713694109347,37.59608009645648,37.69029326231628,3829600
2010-03-23,38.0494499206543,38.10244142492645,37.50773577773185,37.73148741803661,4073400
2010-03-24,37.5489616394043,38.03767989960924,37.41353363365679,38.00235222186229,4127800
2010-03-25,37.47831344604492,37.97291902798187,37.41354302569645,37.70795239370571,4120000
2010-03-26,37.490074157714844,37.84336437188493,37.3605356104735,37.519516880699356,2906000
2010-03-29,37.76093673706055,38.02001836914666,37.51952343724997,37.56662775916076,3226100
2010-03-30,37.996463775634766,38.243766511014385,37.7786037673701,37.861038012496635,3493100
2010-03-31,37.925804138183594,38.037676605470324,37.60195214578507,37.896361414391386,3177900
2010-04-01,37.7727165222168,38.23788378526773,37.513634883978376,38.10245352191682,3573900
2010-04-05,37.79037857055664,38.049460196509365,37.6902804850129,37.931693779108365,3827300
2010-04-06,37.813926696777344,37.94935244290657,37.54895790917475,37.66083262120054,3543000
2010-04-07,37.490074157714844,37.743266301463684,37.24277145702867,37.696159741619994,4836600
2010-04-08,37.84336853027344,37.914028377803376,37.11323474178125,37.472414438482176,4319600
2010-04-09,37.9434700012207,38.03767863619321,37.6785011960962,37.84925687391903,2790700
2010-04-12,38.131900787353516,38.26732657448653,38.07301981502045,38.16133902735493,3687800
2010-04-13,38.20256805419922,38.37332607177343,37.82572432311533,37.91404805528566,4793600
2010-04-14,38.53818130493164,38.57939843336877,38.13778441768661,38.21433372216276,6098900
2010-04-15,40.563724517822266,41.06421957153536,40.26342568866213,40.334085557973545,15257900
2010-04-16,40.1633186340332,40.94644849829759,40.0396672595172,40.56960493053557,8515500
2010-04-19,40.21041488647461,40.36350895045228,39.880677972364424,40.10442737946369,5006500
2010-04-20,40.074989318847656,40.66380787242381,39.81002276667001,40.51071828297093,5222600
2010-04-21,40.1103401184082,40.55195423872348,40.08678682624498,40.186884948690306,3890900
2010-04-22,40.19276809692383,40.25164907194012,39.53328949668224,39.99845683627267,4666300
2010-04-23,40.54605484008789,40.569608126469674,39.89246574306601,40.298752071574214,4269300
2010-04-26,40.34584426879883,40.89344568912602,40.31640603728038,40.6049258632032,6395400
2010-04-27,38.99156951904297,40.31641140669939,38.7030496546945,40.28108372724066,8133600
2010-04-28,40.22221755981445,40.263434703058024,39.227116675124975,39.409649096299106,7691300
2010-04-29,41.04065704345703,41.187861702138484,40.36351920738609,40.45183840873122,5838400
2010-04-30,40.71092987060547,41.39984676133661,40.60494231108293,41.07010968385793,7025900
2010-05-03,41.629478454589844,41.74135544019468,40.71681220529392,40.9170083981342,5424700
2010-05-04,40.59315490722656,41.20552677802161,40.10443440087148,41.20552677802161,6279200
2010-05-05,39.55682373046875,40.21041257067313,39.2506401124757,39.99843756885937,8384200
2010-05-06,38.273216247558594,39.70993534116648,36.065146079430214,39.35664052040173,11149400
2010-05-07,37.64316940307617,38.34974985341598,37.072014701092506,38.06711947021163,8678000
2010-05-10,39.73348617553711,39.98078894093961,38.70305349403006,38.862032559694526,7940600
2010-05-11,39.44496536254883,40.06322682437756,39.16233488858684,39.380194943030375,4941200
2010-05-12,40.17509841918945,40.445954458793445,39.40963237815182,39.62160745129055,4184400
2010-05-13,39.5999755859375,40.3114570832007,39.546611985723786,40.16323139431345,3586500
2010-05-14,38.98336410522461,39.53476396096054,38.645409646772904,39.29760190581251,4656400
2010-05-17,38.864784240722656,39.416184080871,38.23630413382346,39.078229631972974,4882700
2010-05-18,38.71062469482422,39.511042577156616,38.46160660227448,39.220521469181925,4282200
2010-05-19,38.61576461791992,38.823284253697054,38.028792007882515,38.372676778809556,5304000
2010-05-20,37.607826232910156,38.49125017234658,37.48331718293505,38.01693062817803,7218400
2010-05-21,36.98527908325195,37.61968492894688,36.46352396076867,37.07421315049963,13071700
2010-05-24,36.552452087402344,37.352869821741955,36.540593762081365,36.78961180858905,6607100
2010-05-25,36.74217987060547,36.78961090898528,35.29549588124137,35.72238653538084,7427100
2010-05-26,36.73625946044922,37.33509259602731,36.499099681258116,37.05642753718929,5863000
2010-05-27,37.69083023071289,37.720474917904355,36.842979058918154,37.400309129794074,4861100
2010-05-28,37.21058654785156,37.595974353489126,36.7777676843597,37.50110997603536,4276800
2010-06-01,36.267860412597656,37.06235019421727,36.226357400715955,36.825190449428206,5406500
2010-06-02,37.10978317260742,37.14535815179675,36.119634405077214,36.505022096855846,4652600
2010-06-03,37.358802795410156,37.56038982904446,36.91412571490019,37.20464906933432,3619700
2010-06-04,35.906192779541016,36.783688612964276,35.627527752221035,36.65324927902819,5186400
2010-06-07,34.655181884765625,35.91806594749915,34.58403415583213,35.90620761571931,7057100
2010-06-08,34.963478088378906,35.0346257895614,34.0978383000559,34.63737974599114,7424300
2010-06-09,34.75596237182617,35.56231056186903,34.61366696284493,35.10577512304345,5420700
2010-06-10,36.07221603393555,36.16708041668984,35.277725980213866,35.45559641516,6315700
2010-06-11,36.285648345947266,36.3745824004045,35.65717062375823,35.82911296215115,4411200
2010-06-14,36.214515686035156,37.06236488025505,36.1848687271624,36.58211490625408,3873300
2010-06-15,37.151309967041016,37.210599375233656,36.40425301978242,36.522831836167704,4834900
2010-06-16,37.0030517578125,37.64338766152595,36.87854275267176,36.94969043250305,8791700
2010-06-17,36.8785514831543,37.30543992494585,36.39829944167624,37.30543992494585,5598500
2010-06-18,37.056427001953125,37.07421336315573,36.759975585937504,36.91412932709791,5100000
2010-06-21,36.860755920410156,37.61374254211187,36.665099225968646,37.37065255099117,5075400
2010-06-22,35.81133270263672,36.931918716553966,35.6393903349603,36.81926572861328,6483100
2010-06-23,35.799476623535156,36.10185609797692,35.360727495992684,35.8113349525763,3502600
2010-06-24,35.627532958984375,36.17893279989599,35.44373225809886,35.67496401169181,4603500
2010-06-25,35.78167724609375,35.811324190659704,35.27771085289301,35.657168221196294,4359700
2010-06-28,35.354793548583984,35.91805164422539,35.28364358623828,35.781682013935104,2573100
2010-06-29,34.11561965942383,34.98125700173286,33.813238035713475,34.98125700173286,6077500
2010-06-30,33.7302360534668,34.542512162822476,33.61758534864196,33.99704273515135,4703900
2010-07-01,34.388370513916016,34.471376563622094,33.71838955854588,34.0682023835538,6305900
2010-07-02,33.65315628051758,34.53658229930683,33.481216216322245,34.382428592365834,4630300
2010-07-06,33.91405487060547,34.51881625227057,33.56424198106622,33.997060935624,4749400
2010-07-07,35.259925842285156,35.348859894146855,33.96146742470696,33.96146742470696,6372400
2010-07-08,35.55046081542969,35.7994812338732,35.135428292520686,35.47338505935374,4122500
2010-07-09,35.6097526550293,35.74612006466189,35.307370878315254,35.574177663137846,2700000
2010-07-12,35.58601760864258,35.87061061150639,35.24213298325872,35.80539095760641,3555100
2010-07-13,36.344932556152344,36.552449843916214,35.9654752161482,35.983261572165844,5123400
2010-07-14,36.61767578125,36.961560489463906,36.31529634966939,36.31529634966939,4290000
2010-07-15,36.36865997314453,36.67103942369191,35.823188189080575,36.647325029228554,3607000
2010-07-16,35.38442611694336,36.33899963158655,35.2480587951006,36.16112931012834,6274700
2010-07-19,35.846900939941406,35.95362361950646,35.11763080407661,35.48522988827591,4435000
2010-07-20,36.095924377441406,36.137427393973745,35.141350473708,35.49116322858401,3071100
2010-07-21,35.58009719848633,36.4279484112027,35.20063975593392,36.4279484112027,4417600
2010-07-22,37.44180679321289,38.12957158004356,37.11570849547723,37.352870482604196,11500700
2010-07-23,37.750125885009766,37.945784924162595,37.29359265047656,37.56632743680017,4716200
2010-07-26,38.467533111572266,38.53868307801868,38.04657265461573,38.37267101313323,4998000
2010-07-27,38.33708953857422,38.686899949216034,38.2718698817616,38.57424699226906,4474000
2010-07-28,38.42011642456055,38.7106376296101,38.111804329678996,38.3015331098019,4010300
2010-07-29,38.177005767822266,38.728405478201516,38.03471038164049,38.597966156081235,3781200
2010-07-30,38.53866958618164,38.74618459464042,37.73232167603788,37.91612229906134,5191500
2010-08-02,39.48733901977539,39.51698597926521,38.66913450565294,38.97151630318358,5489500
2010-08-03,39.48733901977539,39.58220567135007,39.01894510547999,39.416193554585305,5170600
2010-08-04,39.94977951049805,40.139508180322316,39.469529804518416,39.53474945884754,4940100
2010-08-05,39.9734992980957,40.15137191904738,39.49917984803899,39.64740552433584,4357700
2010-08-06,39.54661178588867,40.01500550322422,39.13158166849719,39.52882542707033,4663600
2010-08-09,39.9734992980957,40.15137191904738,39.69483430289945,39.77191454960655,2623300
2010-08-10,39.8489990234375,40.04465804475221,39.534761244441555,39.718559675894355,4724800
2010-08-11,38.6631965637207,39.49919180232026,38.41417843781489,39.32131912753609,5524900
2010-08-12,38.50791931152344,38.65722110008865,37.95848754495793,38.20931345622852,3950500
2010-08-13,38.484039306640625,38.699034295999624,38.292933155691514,38.35265297355123,3299900
2010-08-16,38.60945510864258,38.782645782505696,38.0600231759443,38.23918492076313,2895800
2010-08-17,39.42762756347656,39.744151288873255,38.84236690725285,38.884171239840256,4400400
2010-08-18,39.51719665527344,39.77399591614199,39.04540245245311,39.373868212748604,3845400
2010-08-19,39.069305419921875,39.52318430117009,38.716955255341375,39.308189281438345,5560200
2010-08-20,38.87818908691406,38.919993410035275,38.44819915976479,38.764722813487644,4976900
2010-08-23,38.949859619140625,39.52317806248411,38.9319441297127,39.23054777039138,3380500
2010-08-24,38.13168716430664,38.69903686242425,38.04807850249232,38.484041858807316,6716100
2010-08-25,37.833072662353516,38.0122366328265,37.391140639870265,37.82710159314786,4544700
2010-08-26,37.88085174560547,38.37653480030346,37.815158591063366,37.95251596957658,3493900
2010-08-27,38.501956939697266,38.63334328010069,37.81516760525318,38.1734910886887,3802800
2010-08-30,38.18541717529297,38.74082218084233,38.155557279036955,38.34069000272269,3007100
2010-08-31,38.101806640625,38.37652359560763,37.79125872320059,37.988338129286134,3966400
2010-09-01,39.52914810180664,39.714280885503065,38.46014661091099,38.72291469440569,6207400
2010-09-02,40.084537506103516,40.281612363254304,39.72620964293179,39.72620964293179,4991400
2010-09-03,40.39510726928711,40.813150617417946,40.19802773816938,40.311498599660936,4317900
2010-09-07,40.0606575012207,40.29954127717167,39.851635905886994,40.14426613935418,3024600
2010-09-08,40.347328186035156,40.807180409367255,40.07261334445457,40.07261334445457,3622200
2010-09-09,40.40108871459961,40.99232287009503,40.29359118120666,40.86093648968901,3312000
2010-09-10,40.46675491333008,40.66382979615776,40.34134196741113,40.52050136601163,3600200
2010-09-13,40.329402923583984,41.50590187850542,40.17412777028062,40.84300149838552,4532000
2010-09-14,40.28162384033203,40.50259214473601,40.251766214112685,40.3353748576538,3912000
2010-09-15,40.407039642333984,40.4727282397527,39.99496523361172,40.19801348604758,4227300
2010-09-16,39.84566116333008,40.006905086561936,39.547057592929015,39.93524314571617,5561000
2010-09-17,39.8217887878418,40.03678381188653,39.47540740951075,39.92331295021548,5438000
2010-09-20,39.953163146972656,40.192046941561145,39.75608367471244,40.048713931010404,3417500
2010-09-21,40.00691604614258,40.281630859408054,39.88747640779416,40.281630859408054,3937400
2010-09-22,40.323429107666016,40.59814843583379,39.99496787357494,39.99496787357494,6831000
2010-09-23,39.648590087890625,40.15621535352686,39.43956845572628,39.94122037292072,4042800
2010-09-24,40.174129486083984,40.33537799425913,39.971081209217154,39.971081209217154,4637500
2010-09-27,40.0606575012207,40.41898088698263,40.0606575012207,40.26370574916514,3187800
2010-09-28,40.120384216308594,40.32940584764339,39.64261658211777,40.215935009348854,3699700
2010-09-29,39.857601165771484,40.05468060519551,39.558997611369755,39.9113521748547,4560200
2010-09-30,39.8277473449707,40.61008727413836,39.80385851157937,40.078573261086106,4538900
2010-10-01,39.678436279296875,40.26966995947113,39.517187830676974,40.10842606717925,3910900
2010-10-04,39.487342834472656,39.7919152346329,39.08124174459619,39.564978132416144,3936300
2010-10-05,40.538421630859375,40.777305413493146,39.72025071247489,39.94121445243955,7262300
2010-10-06,40.49662399291992,40.69967683637933,40.43093082794746,40.61009483356871,3600600
2010-10-07,40.23385238647461,40.7773085919055,40.02482621267165,40.72356212869643,3442600
2010-10-08,40.329402923583984,40.46078924127686,39.96510615410081,40.347318411209464,4287200
2010-10-11,40.221900939941406,40.371202728550195,39.98899051421802,40.281620744119124,2811700
2010-10-12,40.156219482421875,40.281632474615556,39.57095885218473,40.072610820959426,3010600
2010-10-13,41.00425720214844,41.476046980255255,40.448854206553364,40.5563517075179,8406100
2010-10-14,41.4461784362793,41.4461784362793,40.926606559015774,40.93855325393904,5099000
2010-10-15,41.392433166503906,41.75076116266736,41.20730037646126,41.63131697850296,5733000
2010-10-18,41.50590896606445,41.65521079687763,41.04606133194518,41.47007798469498,3982700
2010-10-19,41.05202865600586,41.26105030040062,40.42496372282158,41.10577968246744,4388600
2010-10-20,41.59548568725586,41.73881415084086,41.05202490515441,41.05202490515441,4773000
2010-10-21,41.559661865234375,41.804519092673196,40.97440114948231,41.774656899360316,6172200
2010-10-22,41.702972412109375,41.77463434724386,41.27895592269238,41.57158612259144,2969600
2010-10-25,41.39841079711914,41.79853860371789,41.356606467419724,41.768680971835565,4036000
2010-10-26,41.458126068115234,41.58353904345223,41.01022063205609,41.231188954123965,2869300
2010-10-27,40.59814453125,41.26701363093407,40.28162091077348,41.17146285512021,5400400
2010-10-28,40.407039642333984,40.8489716760049,39.99496523361172,40.75938968850061,5237100
2010-10-29,40.21593475341797,40.335378939370464,40.01288647179345,40.28760126498947,4329100
2010-11-01,40.21593475341797,40.62800922137691,39.97108214579253,40.239823590608474,2841000
2010-11-02,40.789249420166016,40.932577857767754,40.556339000439856,40.59814331792074,3069000
2010-11-03,40.986328125,41.02813244636871,40.43092525177045,40.79522200498173,2704500
2010-11-04,41.428279876708984,41.589523873420205,41.0162053037467,41.261057973764615,4203400
2010-11-05,41.679073333740234,41.78059742110412,41.37449651532119,41.41032747407846,3685200
2010-11-08,41.49396514892578,41.57160045753494,41.17744145306511,41.57160045753494,3304700
2010-11-09,41.201332092285156,41.73284624723911,41.05203026097606,41.70298861477547,4615200
2010-11-10,40.930721282958984,41.19529624070488,40.65412227603409,41.04497039427303,4962500
2010-11-11,41.0569953918457,41.09307212779685,40.57595542470051,40.75032937351832,2770800
2010-11-12,40.96080017089844,41.10511174081832,40.744330522227564,40.94275721052412,2802100
2010-11-15,40.930721282958984,41.32758371957782,40.8525534943435,41.026932026714135,2456100
2010-11-16,40.59400939941406,40.834531769248116,40.227213817623216,40.70825396970869,4070300
2010-11-17,40.4316520690918,40.66015036912981,40.269302118480546,40.52786284544092,2560500
2010-11-18,40.9908561706543,41.267455214467105,40.738309815987996,40.84654462335661,2885300
2010-11-19,41.55610275268555,41.55610275268555,40.81048738320458,41.014928457262435,4166400
2010-11-22,41.36367416381836,41.538052753983116,40.978840236414165,41.351645523071944,3441300
2010-11-23,40.9848518371582,41.04498127415342,40.54589823068732,40.89465538787438,3775400
2010-11-24,41.8447151184082,42.013083979158395,41.21936341452272,41.21936341452272,4635100
2010-11-26,41.550086975097656,41.778585329373804,41.45989049775619,41.54407265325265,1842200
2010-11-29,42.019107818603516,42.07924186856494,41.24342536745703,41.465909424596134,5209100
2010-11-30,42.16941452026367,42.482094922039174,41.526019932573185,41.646283390018304,7606600
2010-12-01,42.95713424682617,43.23373337546304,42.61439134964757,42.67452079716293,5762100
2010-12-02,43.209686279296875,43.41412734486302,42.95112549264457,42.96314954867296,4513800
2010-12-03,43.17359924316406,43.22170004340724,42.61438672554431,42.957129585531746,3859200
2010-12-06,43.10743713378906,43.305863745842906,42.82482383508226,43.095408498161355,3498500
2010-12-07,43.10743713378906,43.54638599501339,43.053317448625045,43.384036114682004,4994600
2010-12-08,43.29987335205078,43.39607954213361,42.92706346997166,43.13751881163633,2932200
2010-12-09,43.91921615600586,44.24993038843753,43.474252769827054,43.48026250285824,6291600
2010-12-10,43.82902526855469,44.23791195819303,43.50432072787867,44.10562441337135,3404000
2010-12-13,43.756866455078125,44.03947991662471,43.7207897025685,44.03947991662471,2979200
2010-12-14,43.654640197753906,43.9432679426721,43.378041093814424,43.91921524829706,3857900
2010-12-15,43.44419860839844,43.77491752626407,43.305896718859046,43.390083469611604,3520800
2010-12-16,44.352142333984375,44.46037713501613,43.03528635269485,43.44417286908359,7250500
2010-12-17,43.93123245239258,44.42430114125098,43.82299763837089,44.3401190178543,6813000
2010-12-20,43.73881530761719,44.219859942673374,43.49228325814757,44.15371619066361,3515200
2010-12-21,43.82301712036133,44.003410086453634,43.81099306349423,43.89517522431499,2127400
2010-12-22,43.81098937988281,44.00340638666387,43.696740205124804,43.93124828877723,1531600
2010-12-23,43.73281478881836,43.877126374704524,43.59451293613978,43.82300666275809,1540500
2010-12-27,43.780914306640625,43.985359919259274,43.516343838216294,43.59451165586263,1612800
2010-12-28,43.780914306640625,43.97333127803216,43.70274648899428,43.865096444900516,1632900
2010-12-29,43.70275115966797,43.883144096694124,43.61856901241122,43.768894930738696,1484700
2010-12-30,43.70275115966797,43.955297601438225,43.60654036989857,43.696736838411645,1443000
2010-12-31,43.642616271972656,43.93123943015244,43.594510883081895,43.684707340356475,2054500
2011-01-03,43.86509323120117,44.43032005032081,43.81097811239123,44.00339506968569,4232600
2011-01-04,43.76889419555664,43.97934956016352,43.498304794562465,43.82902364436105,3834900
2011-01-05,43.83502197265625,44.02142457221728,43.378030070823414,43.39005870874547,3391300
2011-01-06,43.588497161865234,43.88914896519251,43.42013288601515,43.82300520145391,3354100
2011-01-07,43.384056091308594,43.847057849401835,42.69255602687788,43.78091408573388,7145200
2011-01-10,43.37803649902344,43.61254450986207,42.975164232975715,43.13751416833251,2783300
2011-01-11,43.14353561401367,43.49229282173912,42.86092217284245,43.47425444678481,3020900
2011-01-12,43.2637939453125,43.534383328871854,43.14954937622007,43.43817254691762,2498300
2011-01-13,43.44419860839844,43.576486175544694,43.02929752736407,43.203676176094696,2397900
2011-01-14,43.58248519897461,43.81699322656476,43.31189583727521,43.329934210538724,2422900
2011-01-18,43.907188415527344,44.015423250881256,43.68470901166504,43.71477144018512,4370800
2011-01-19,43.4020881652832,43.94927198178307,43.16758015998587,43.83502743278038,3354500
2011-01-20,43.69071960449219,43.80496416325266,43.28183299333038,43.528365071522934,4188200
2011-01-21,43.82902526855469,43.949284170620004,43.56445017891133,43.90719309613884,4601400
2011-01-24,44.02144241333008,44.045495111341125,43.558440592470966,43.75686732279169,3255700
2011-01-25,43.792938232421875,44.135681069169856,43.57045426950119,44.00339355541064,3820100
2011-01-26,43.816986083984375,44.07554676297214,43.58247809462123,43.91319225490136,2825700
2011-01-27,43.841060638427734,44.13569820500605,43.56445686358502,43.98537226056637,3096100
2011-01-28,42.53019714355469,43.87110133442412,42.476077444831894,43.85306296404368,5646400
2011-01-31,43.06536102294922,43.089413714967804,42.30170296100048,42.5783020378413,5369500
2011-02-01,44.85124206542969,45.21202796582856,44.36418752250782,44.49647507430963,12457000
2011-02-02,44.52053451538086,45.00157480945252,44.43635234922872,44.965498048982745,4992300
2011-02-03,44.67084503173828,44.83319498533733,44.436336994549436,44.50849049055683,4063600
2011-02-04,44.70090103149414,44.85724122966673,44.25593771562942,44.77305910470805,2959000
2011-02-07,44.64678192138672,44.76103104685468,44.22587133426477,44.64678192138672,4781300
2011-02-08,44.77907180786133,44.8452155590242,44.40024767164093,44.56260218361584,2959400
2011-02-09,44.84523010253906,44.84523010253907,44.17176832119284,44.61072203148467,3056400
2011-02-10,45.27515411376953,45.41442705611784,44.54246857830616,44.6211898752052,5216900
2011-02-11,45.60818099975586,45.79589242858102,45.04504209348738,45.20248001884013,4248300
2011-02-14,45.293312072753906,45.60818331968279,45.16614764440517,45.474966962207525,3273900
2011-02-15,45.293312072753906,45.52946666289887,44.92394112513367,45.28119897491439,3874900
2011-02-16,45.81405258178711,45.89882576561374,45.32963042867033,45.32963042867033,4256300
2011-02-17,46.219764709472656,46.25609476285696,45.51735287875515,45.614239180837494,3835700
2011-02-18,46.304542541503906,46.62547036458668,46.07443986095881,46.304542541503906,5038700
2011-02-22,45.178260803222656,45.941224275378694,44.99660129373062,45.76562131481459,5887000
2011-02-23,44.48796844482422,45.59608144824404,44.100432414086235,45.2630405063002,7181200
2011-02-24,44.61512756347656,44.91183382171979,44.21547843948893,44.34264288424414,5193800
2011-02-25,44.48190689086914,44.83916937201678,44.38502520398066,44.79678276779181,3729300
2011-02-28,44.687782287597656,45.03898355507837,44.481901222033166,44.675669190909446,3680100
2011-03-01,43.809783935546875,44.778624141860384,43.57362927962653,44.6635773991008,6660100
2011-03-02,43.76132583618164,44.142809857708684,43.155800336404546,43.68866573287586,6457400
2011-03-03,44.48190689086914,44.639344829330476,43.91876793771262,44.05198429950349,3913700
2011-03-04,43.864253997802734,44.59693905287777,43.37377536572104,44.5424393738503,4913300
2011-03-07,43.476749420166016,44.16704838529501,43.16187345233489,44.00355385051489,3597400
2011-03-08,44.094383239746094,44.37292451969218,43.5191356472175,43.700790593376425,3889800
2011-03-09,44.3547477722168,44.5303507409803,43.616005841485276,43.88243856923591,4058300
2011-03-10,44.26998519897461,44.66962976682776,43.74923271677613,43.81584091471741,4873500
2011-03-11,44.863399505615234,45.123775756555496,44.2033786717171,44.2033786717171,4736900
2011-03-14,44.31843185424805,44.572751564705946,43.77951429741323,44.40925702241521,4789700
2011-03-15,43.4827995300293,43.76739735141242,43.252701424555156,43.53729924593827,5519100
2011-03-16,42.616905212402344,43.464642277676276,42.51396693256499,43.45253379408173,7607300
2011-03-17,43.36168670654297,44.082263617651385,43.08920204626833,43.96721228030305,8259800
2011-03-18,43.355628967285156,43.96115452442544,43.161860973792,43.949046045991714,5949600
2011-03-21,44.106483459472656,44.44558094441275,43.803720652793814,43.942993576575354,3825300
2011-03-22,43.62811279296875,44.1549170052423,43.5070049247848,44.076200355767334,3932800
2011-03-23,43.36773681640625,43.543339761097656,43.198185800302504,43.39195839013536,4445500
2011-03-24,43.65840530395508,43.6826268881379,43.35564243136206,43.48280228347575,3982600
2011-03-25,43.6220588684082,43.95509513141184,43.59178074459283,43.68261049624586,3459600
2011-03-28,44.51824188232422,44.845226273942664,43.75528292167508,43.75528292167508,4499600
2011-03-29,44.71805953979492,44.74833766426179,44.25785884269897,44.37896672077326,2472600
2011-03-30,45.11164855957031,45.3538596771373,44.77860769544159,44.9057721125037,3960700
2011-03-31,45.00265121459961,45.38413058459615,44.95420806989742,45.02687278695071,3307900
2011-04-01,45.09954071044922,45.499185133174485,44.978432840083315,45.40835538534828,3620300
2011-04-04,45.25698471069336,45.32359290019213,45.05110821209278,45.16615494139558,2306900
2011-04-05,44.899715423583984,45.34174643845182,44.85127227626365,45.06926181941235,2842400
2011-04-06,45.09347152709961,45.178244702706436,44.778595772167186,44.990533330975836,2703900
2011-04-07,44.808895111083984,45.05716282852479,44.62118365043913,44.95421996384795,2652000
2011-04-08,44.3547477722168,44.88760860792461,44.1064800723049,44.875500129296604,4208900
2011-04-11,44.33052444458008,44.38502414573757,43.93087998852931,44.282081292394146,3487800
2011-04-12,44.342628479003906,44.718051282226256,44.05803079282418,44.05803079282418,3184300
2011-04-13,43.967201232910156,44.51822696428606,43.791598306267275,44.48189691732282,3639300
2011-04-14,43.84610366821289,44.18519646984599,43.67050071885491,43.77343894509454,3412500
2011-04-15,44.02777099609375,44.17915241388521,43.8097813848905,43.96116280268196,3606700
2011-04-18,43.549407958984375,43.622072707317976,43.28297978801692,43.482799761293876,3448700
2011-04-19,43.58575439453125,43.68869268424525,43.410151336891964,43.507033074329904,2705300
2011-04-20,44.02777099609375,44.45769366824619,43.83400296611244,44.051992577315694,3003300
2011-04-21,44.30630111694336,44.50612564696579,44.070146534114336,44.191254409791455,2613600
2011-04-25,44.59090805053711,44.86339274239481,44.094377207293846,44.25181516826191,3831100
2011-04-26,44.99055099487305,45.4144170393227,44.83311305559457,45.365973885730334,4294800
2011-04-27,44.97237777709961,45.2024804284989,44.61511994225359,45.19642387983233,3410700
2011-04-28,45.299373626708984,45.40836843145675,44.80284276503457,44.80284276503457,2885200
2011-04-29,45.396278381347656,45.6203200122146,45.184345236015645,45.32361360874979,4400000
2011-05-02,45.335697174072266,45.76561973727119,45.111651069394064,45.62029028676978,2452700
2011-05-03,45.468910217285156,45.55973997151704,45.11165236904447,45.20853867217,3481700
2011-05-04,44.960289001464844,45.55975822794176,44.6514695612455,45.396268300646256,4214700
2011-05-05,44.78467559814453,45.372036205726175,44.55457751900485,44.65751576863624,5406300
2011-05-06,44.869449615478516,45.38414549257938,44.80889797460678,45.353871982040545,3976200
2011-05-09,44.62723159790039,44.845221167490564,44.55457148789924,44.81494766158787,3403200
2011-05-10,45.03293228149414,45.238808730260146,44.72411298855227,44.72411298855227,2871700
2011-05-11,45.20248031616211,45.38413519757044,44.942104161663124,45.11165056556143,4816300
2011-05-12,45.330543518066406,45.38542553255124,44.93419460681358,45.293958609877144,3793500
2011-05-13,45.20857620239258,45.55614667515952,44.995156552833826,45.38541095551252,3773000
2011-05-16,45.001258850097656,45.30614541506525,44.897593882336835,45.12321161520478,3810400
2011-05-17,44.76953887939453,44.964666080921575,44.52562871443586,44.873199187537146,4723300
2011-05-18,45.0256233215332,45.15977408785134,44.47073246799611,44.7634254719809,3114300
2011-05-19,45.3061408996582,45.519560543425236,45.098815636999284,45.123207118029704,3354900
2011-05-20,45.1536979675293,45.361018579527766,45.09271693840094,45.165891382035355,4704800
2011-05-23,44.818321228027344,44.909788120157074,44.33050090480171,44.73905240268792,4397400
2011-05-24,44.458560943603516,44.86710782235834,44.33660352682611,44.84881537289167,3790300
2011-05-25,44.3914680480957,44.537812238405174,44.263411647852244,44.31829362684201,4145200
2011-05-26,44.495155334472656,44.696381625932176,44.0805093333746,44.26953755445434,4098800
2011-05-27,44.489044189453125,44.76953925322797,44.3548933649957,44.720756289389,2702200
2011-05-31,44.81222915649414,45.0195544543441,44.5988094765016,44.67807831415594,4642000
2011-06-01,44.08660125732422,44.92808654196642,44.06220977269981,44.82442622146267,6098900
2011-06-02,44.09881591796875,44.50736301479362,43.824419725104825,44.26955174039095,4694800
2011-06-03,43.38538360595703,43.7573457972768,43.196350665517585,43.7573457972768,5370200
2011-06-06,42.903648376464844,43.39756324483095,42.75730409180098,43.25731799558669,3988800
2011-06-07,42.531681060791016,43.01340245114143,42.49509615718477,42.89754405345452,4596400
2011-06-08,42.232887268066406,42.5682596901598,42.08653837081143,42.35484003024588,4896600
2011-06-09,42.251182556152344,42.50728616525738,42.226791071637585,42.41581926137702,4299600
2011-06-10,41.76944351196289,42.25116465963469,41.5438258649172,42.10482046673376,4866900
2011-06-13,41.74506378173828,42.00116735441291,41.629205409823854,41.720672300693174,4534800
2011-06-14,42.20240020751953,42.43411233551609,41.95239562891798,42.22069265812451,4270600
2011-06-15,42.14141082763672,42.25726918201149,41.75725552678156,41.94628366101525,5497300
2011-06-16,42.10482406616211,42.4280029853701,41.84262151152571,42.08043258989379,4450200
2011-06-17,42.178001403808594,42.580453856083864,42.178001403808594,42.46459548608961,5584200
2011-06-20,42.25728988647461,42.543879418337674,41.95240324848331,42.04386551811998,3058400
2011-06-21,43.080467224121094,43.21461804044197,42.50118003111725,42.549962991997425,4478600
2011-06-22,43.3609619140625,43.75121629349404,43.34266946693277,43.403645841431604,5037100
2011-06-23,43.489044189453125,43.617096061346764,42.75121884061695,42.80000183530094,5557400
2011-06-24,43.36708068847656,43.59269384204445,42.995118586852385,43.44634954618943,4743900
2011-06-27,43.56218719482422,43.66584749445042,43.2085177173005,43.38535245606236,2932700
2011-06-28,43.934139251708984,44.0804834449131,43.58046985361753,43.67193671894436,3440200
2011-06-29,43.8914909362793,44.19637763320421,43.635382575189006,44.12320315114958,3857200
2011-06-30,44.470760345458984,44.62320364780154,44.00123702121208,44.08660489834788,4070000
2011-07-01,45.098819732666016,45.19638566564819,44.452461709358225,44.56831543952488,3674300
2011-07-05,44.989044189453125,45.123194972913474,44.73294068586412,45.123194972913474,2834400
2011-07-06,45.428096771240234,45.72078991149929,44.95857352272009,44.97076693797271,4803500
2011-07-07,45.9586067199707,46.22080937613204,45.48907876135146,45.6842059948529,4707200
2011-07-08,45.47078323364258,45.70249535393574,45.20248156115584,45.60493406988595,4053100
2011-07-11,44.964683532714844,45.220791864032485,44.64150441589637,45.2146928281865,3704100
2011-07-12,44.6658821105957,45.165895894892536,44.617099143298496,44.81832539424961,3836900
2011-07-13,44.76953887939453,45.214675279359064,44.641487089536106,44.90978873621059,2704700
2011-07-14,44.73295593261719,45.135403767970246,44.48904575702763,44.76344644914075,3552200
2011-07-15,44.56222915649414,44.9097997145602,44.10489922997561,44.9097997145602,4210000
2011-07-18,44.159767150878906,44.51343666833329,43.989031425818055,44.458559321934985,3337600
2011-07-19,44.757347106933594,44.83051690256642,44.33660217324633,44.41587100258177,3096000
2011-07-20,44.83052444458008,44.96467529540848,44.60491133382358,44.80003857533752,2692300
2011-07-21,45.367122650146484,45.72688657051295,44.98296259366041,45.02564652746999,4600800
2011-07-22,45.22077178955078,45.531752696626114,45.09881438777686,45.26955009806116,2886800
2011-07-25,45.1536979675293,45.361018579527766,44.65368423319252,44.854905811838286,3452300
2011-07-26,43.65366744995117,44.14148794117667,42.45241798057518,44.1109974158997,12590500
2011-07-27,42.81216812133789,43.403648763413976,42.62923898552639,43.379257281532546,7097100
2011-07-28,42.15971755981445,43.04998584998413,42.05605723508652,42.81217468045525,7355600
2011-07-29,42.20849609375,42.488991170573044,41.684090838585256,41.854826567764526,6237100
2011-08-01,41.23286056518555,42.59875106846257,40.854799551262545,42.59875106846257,8837400
2011-08-02,40.415771484375,41.098719219761364,40.37308754167591,40.96456835636397,7928900
2011-08-03,41.01333999633789,41.15358520406416,40.27551510382271,40.48893475831891,6849000
2011-08-04,39.775516510009766,40.73895483930081,39.75721940219298,40.53773317532943,8060900
2011-08-05,40.05601119995117,40.83652031144302,39.269403052594186,40.34869979065998,10325100
2011-08-08,38.04984664916992,40.09258583343736,37.77544825809369,39.13524214487143,13977300
2011-08-09,39.086463928222656,39.153539357098445,37.037627786591436,37.885212221802924,13460000
2011-08-10,37.79983901977539,39.007189591307316,37.6169052118251,38.67791152831679,10562000
2011-08-11,39.46451187133789,40.21453010489182,37.82422090594085,38.116911685847114,11682900
2011-08-12,39.75721740722656,40.08649554838606,39.26940155722075,39.65965609810584,5740100
2011-08-15,40.171844482421875,40.22062744006341,39.60475539338601,40.153552036356025,4226200
2011-08-16,39.75721740722656,40.007226693962906,39.33037795694634,39.70843907876675,5874000
2011-08-17,39.684043884277344,40.28161905889123,39.34866673878949,39.891364554433,5166600
2011-08-18,38.28255844116211,38.91568521174639,37.64328820077152,38.87880328938632,8434100
2011-08-19,37.926048278808594,38.77431386206581,37.82155065547964,37.82769881588284,6606800
2011-08-22,38.11043930053711,38.823473232366645,37.87685853214122,38.70668402058635,4648300
2011-08-23,39.24147033691406,39.29679205229085,38.03054075857551,38.23338782990239,5478800
2011-08-24,39.843841552734375,39.997512648616514,39.08163423026647,39.1615415118441,4596900
2011-08-25,39.13083267211914,40.071301972103385,38.95257352465665,39.929922410435665,5316800
2011-08-26,39.77009201049805,39.91761969204949,38.239528659354825,38.878801210397015,4754900
2011-08-29,41.017913818359375,41.15314051871814,40.18194221605134,40.18194221605134,4593200
2011-08-30,41.325260162353516,41.61415807200182,40.73515864179371,40.8703900448523,4477700
2011-08-31,41.4235954284668,42.1304836668045,41.18386880611239,41.63873410369878,5617100
2011-09-01,40.98102569580078,42.056723864952026,40.87653042774733,41.38671982778031,6335100
2011-09-02,40.3294563293457,40.69211798644192,40.12660928910312,40.5691829442974,5252000
2011-09-06,39.55495834350586,39.77009704424286,38.92798203140489,39.51193060335846,7391900
2011-09-07,39.948360443115234,40.20653160132098,39.5734023718144,40.120471422137435,7151300
2011-09-08,39.893043518066406,40.4278162800767,39.67175662010603,39.77010374715912,4822100
2011-09-09,39.47504806518555,39.81926996057145,39.10009006213809,39.493487853913855,6722200
2011-09-12,39.2598991394043,39.302926867673385,38.35016634268812,38.80503391346387,6720300
2011-09-13,39.75164794921875,40.11431426528839,39.278342918386784,39.2967827041805,6061100
2011-09-14,40.66753005981445,41.46046896303295,39.813114263240706,40.16348425175727,8365100
2011-09-15,40.6798210144043,41.48505622091929,40.37862691794513,41.202301909392425,7860700
2011-09-16,40.931846618652344,41.04249003790379,40.07743537152728,40.765883834610904,8253100
2011-09-19,40.446250915527344,40.56918596683092,39.77624222380955,40.29257975656208,6386200
2011-09-20,40.69826889038086,41.3682775773702,40.157348102922334,40.66138931318438,5804200
2011-09-21,39.54880905151367,40.630655373830656,39.53036926193147,40.630655373830656,6587200
2011-09-22,38.214935302734375,38.94641137878084,37.72318815801953,38.473104019231755,12778100
2011-09-23,38.11043930053711,38.436221337758916,37.56951627971753,38.042823629830245,9247700
2011-09-26,38.854209899902344,38.9218255756755,38.01209272171734,38.393196486724094,5466600
2011-09-27,39.34596633911133,40.07129442438112,39.1431192761025,39.80697983340132,5103800
2011-09-28,38.81733322143555,39.647156489086825,38.762011513936415,39.50577696838354,4261600
2011-09-29,39.75164794921875,39.757796107706945,39.03861397889128,39.444305680201126,5197500
2011-09-30,38.81733322143555,39.76394806316035,38.798891089045405,39.352105819201036,6157000
2011-10-03,38.24566650390625,39.43815581498166,38.23951834641522,38.79273527885588,6140400
2011-10-04,39.37668991088867,39.444305585083164,37.6617218359808,37.88300864431354,8300000
2011-10-05,40.30487060546875,40.48927786852535,39.309082171207606,39.40743161724777,6314100
2011-10-06,40.8888053894043,40.95642105050415,39.86843169496372,40.132746182080425,4255600
2011-10-07,40.729007720947266,41.18387306557836,40.26799421648184,41.15313695607858,5511000
2011-10-10,41.712493896484375,41.712493896484375,41.25148048444513,41.49120708353186,3491000
2011-10-11,41.7678108215332,41.89075053805055,41.3436816961427,41.448176937929446,2737400
2011-10-12,42.14276885986328,42.609930404505846,41.94607000259336,41.95221816085292,4852400
2011-10-13,41.853858947753906,42.04441430256325,41.64486850078411,41.80468775942973,3312000
2011-10-14,42.38866424560547,42.591511359914115,41.98297470666113,42.37637261277144,3865700
2011-10-17,41.80470657348633,42.536178156746566,41.66947519297732,42.130488704891505,3773300
2011-10-18,42.5669059753418,42.9848916656468,41.558823667489335,41.77396232654242,4269500
2011-10-19,42.30259323120117,42.84966214028672,42.11204250928882,42.59764389740308,3320800
2011-10-20,42.53616714477539,42.88039366686653,41.89075120898715,42.38864417226247,3581700
2011-10-21,43.06479263305664,43.464338478026654,42.72671898705921,42.94185761445218,7502600
2011-10-24,43.56269836425781,44.03600343274126,43.15700428583953,43.23691159385923,6009000
2011-10-25,42.628395080566406,43.02794118666296,41.93380286112128,42.597663650665694,6197000
2011-10-26,42.64681625366211,43.15085744273126,41.95222433752759,42.72058009462516,5992600
2011-10-27,43.980690002441406,44.25729622799765,43.23691742503188,43.50123202064707,5827200
2011-10-28,43.943817138671875,44.28189567069552,43.716386753195124,43.747118180859864,3817900
2011-10-31,43.175453186035156,43.77169811155596,43.163161555157465,43.476652073769145,3634400
2011-11-01,42.16736602783203,42.8435182045091,42.0075467058158,42.53617587968573,5585000
2011-11-02,42.628395080566406,43.02794118666296,42.247293460018376,42.70215895374026,3443700
2011-11-03,43.37214279174805,43.51967046862575,42.5238797532217,42.954157086603644,3802200
2011-11-04,43.02176284790039,43.14470255028943,42.42551818790639,43.06479057131902,4583400
2011-11-07,43.3106689453125,43.48277985352696,42.634516938896894,42.95415081277082,3150800
2011-11-08,43.980690002441406,44.054449161431414,43.25536190445124,43.427472861657066,4106500
2011-11-09,42.7175407409668,43.45437186644386,42.476059144617764,43.32434367794847,5680200
2011-11-10,43.268619537353516,43.54725545070679,42.98379517908403,43.299580657949576,4910100
2011-11-11,43.82588195800781,44.14786057139539,43.74538966666254,43.78873239646434,3051700
2011-11-14,43.497718811035156,43.82588589818173,43.274811973727346,43.60917222968906,3116100
2011-11-15,43.695858001708984,43.99306869485927,43.386265694845804,43.386265694845804,4446400
2011-11-16,42.91567611694336,43.479136278593245,42.810415885866846,43.38006449122511,4903900
2011-11-17,42.68039321899414,43.22527394786733,42.40795049255582,42.729929119074455,4913400
2011-11-18,42.810420989990234,43.01475303279662,42.59990050273765,42.90949278917032,3691500
2011-11-21,42.24075698852539,42.339824027752954,41.86305415821684,42.178839498507955,4399200
2011-11-22,42.12932586669922,42.56894641920248,42.00548609725903,42.22839295824719,3331300
2011-11-23,41.4234504699707,41.83830301605833,41.4234504699707,41.81972823399524,5294900
2011-11-25,41.1510124206543,41.578251352759914,41.1510124206543,41.18816198900988,1690700
2011-11-28,42.25315475463867,42.587514997395026,41.94356246216095,42.22219835979299,4618600
2011-11-29,42.358421325683594,42.7980418307414,42.31507386805462,42.47606318895021,3121300
2011-11-30,44.42649841308594,44.45745953503114,43.311964159114254,43.355306895435156,6995600
2011-12-01,44.0425910949707,44.41410556835775,43.962098811871655,44.31503378238713,3766300
2011-12-02,44.00543975830078,44.63700583432254,43.96209703469147,44.43267855102297,4107400
2011-12-05,44.55033493041992,44.853738818732914,44.27789688908311,44.544146485028804,4760000
2011-12-06,44.457462310791016,44.73609352967866,44.265511845953235,44.69894396022811,3468500
2011-12-07,45.39242935180664,45.60914777842827,44.27170654398303,44.40792793534368,7583000
2011-12-08,44.59367370605469,45.38623397808212,44.45745705949111,45.1323660194788,5756800
2011-12-09,44.85991287231445,44.97755943306035,44.432678801189404,44.81657014846111,3741900
2011-12-12,44.48221969604492,44.513180815854874,43.98068167834845,44.47603125128584,4156600
2011-12-13,43.99306106567383,44.86610876314395,43.75157948611808,44.612245572022495,5511200
2011-12-14,43.73919677734375,44.20977836390953,43.57820746962328,43.825882237500174,4714700
2011-12-15,44.30266189575195,44.72989607552223,44.19739691905141,44.407922148448705,6363900
2011-12-16,44.43268966674805,44.828967445742144,44.185014873875794,44.63701700116418,6937500
2011-12-19,43.8382682800293,44.77323355458801,43.68347214164502,44.575094686416264,3735400
2011-12-20,44.92802810668945,45.06424945949855,44.345997859236626,44.46363970793287,3615300
2011-12-21,44.872310638427734,45.15094183075203,44.52556875926793,45.04568157800763,3105800
2011-12-22,45.20046615600586,45.46671566615887,44.97755936964507,45.03328842823657,3819000
2011-12-23,45.49148941040039,45.49768257858944,45.14474757586454,45.29335054437945,1870500
2011-12-27,45.503875732421875,45.70201461895017,45.28096889457708,45.448151384962514,1337000
2011-12-28,45.033294677734375,45.534832654645804,44.89088015179484,45.49768309309777,2098500
2011-12-29,45.52863693237305,45.590554439480805,45.08901649070408,45.09520965861575,1926900
2011-12-30,45.318119049072266,45.664860887861764,45.26858315095855,45.54102586658073,1774600
2012-01-03,45.918724060058594,46.38930087132148,45.71439204453502,45.82584544172944,5152300
2012-01-04,45.7205696105957,46.04874128048246,45.52243080983479,45.776298657935584,3698900
2012-01-05,45.2747917175293,45.510080227588006,44.67418173963736,45.48531227010737,5064700
2012-01-06,45.4976921081543,45.78251649246613,45.23144250829695,45.28097369217418,3177500
2012-01-09,45.479103088378906,45.51006420533076,45.09521169259395,45.35526806857793,3959000
2012-01-10,45.93730926513672,46.27785797763293,45.386235321712164,45.8010878905367,3803700
2012-01-11,46.197357177734375,46.29023580005772,45.68343289501447,45.80727263277991,4047500
2012-01-12,46.27785873413086,46.41408011095767,46.07353139289456,46.07353139289456,2777700
2012-01-13,45.918724060058594,45.98683000789702,45.20046778391613,45.31811434873323,5020600
2012-01-17,45.94350814819336,46.284061662064694,45.75775555117664,46.215950959290424,4093200
2012-01-18,46.3955078125,46.525536027161515,45.875390229849764,45.98684366013166,4578400
2012-01-19,46.63080596923828,46.797988511372814,46.42028540388978,46.42028540388978,4714100
2012-01-20,46.69890213012695,46.81654871765192,46.43884572781209,46.630791445139195,5051000
2012-01-23,46.51935577392578,46.74226269638028,46.24072448286039,46.717494735662505,3198600
2012-01-24,46.438838958740234,46.494563297969286,46.10447875135694,46.23450693356106,3577700
2012-01-25,46.822731018066406,46.903223298002914,46.19116021732513,46.2902319994032,4219800
2012-01-26,46.95896911621094,47.299522617904785,46.78559814225943,46.86609518302602,4011600
2012-01-27,47.08279800415039,47.37381552479261,46.822741603407664,46.98991936845552,4284000
2012-01-30,47.15089797973633,47.31188726344304,46.74842713247083,46.779388245338396,4318400
2012-01-31,46.84132766723633,47.633883397908676,46.33978480329149,47.39240172134459,6997700
2012-02-01,47.5410041809082,47.78867902483262,46.90324464650604,47.28714089078911,7305600
2012-02-02,47.29331588745117,47.77628382155683,47.22520520664153,47.664830409686815,3043100
2012-02-03,47.49146270751953,47.88774052180464,47.454313138681606,47.726755907504185,4149200
2012-02-06,47.62767791748047,47.70198176952774,47.386196303331275,47.386196303331275,3922300
2012-02-07,47.856788635253906,48.01777798873955,47.26856030382753,47.40478170108426,5027900
2012-02-08,47.62767791748047,47.86297108696172,47.52241767008283,47.78866723491445,3262300
2012-02-09,47.41096878051758,47.69579315455338,47.212829880144675,47.58433972784337,3848700
2012-02-10,47.48527908325195,47.52862182596487,47.03946531591648,47.11995763123913,3620600
2012-02-13,47.776275634765625,47.83819313652712,47.37999323068641,47.65243590724007,3115800
2012-02-14,47.74531936645508,47.81343004250447,47.460495050249904,47.6957834704186,2918600
2012-02-15,47.510047912597656,47.881557817535025,47.28094785461732,47.881557817535025,3424300
2012-02-16,47.884342193603516,47.94672313446325,47.44766608886401,47.53500035793977,3692400
2012-02-17,47.884342193603516,48.21496546358471,47.07337568434494,48.09019882250455,7105100
2012-02-21,47.65974044799805,48.0901720316912,47.447639656002494,48.00907732968711,3652400
2012-02-22,47.34785461425781,47.76581212752908,47.29170843939548,47.59114360015365,3284900
2012-02-23,47.809486389160156,47.9030601883117,47.279241206449626,47.41024262151733,3018200
2012-02-24,47.722129821777344,47.89679829361452,47.57864942884885,47.77827121942833,3575300
2012-02-27,47.89054870605469,48.121363286377594,47.31039725549852,47.62230653516618,3439000
2012-02-28,47.94670867919922,48.09018432398461,47.69094071161589,47.82194683509372,3209000
2012-02-29,48.02778244018555,48.09640285230194,47.61606472684436,47.94668775284671,4314300
2012-03-01,47.96540451049805,48.19621907091788,47.77825705509198,48.127598654559485,3659700
2012-03-02,47.7470817565918,48.034037774772585,47.466360498396696,47.466360498396696,1992900
2012-03-05,47.609840393066406,47.765795059547806,47.36655149410413,47.74708126106743,2102500
2012-03-06,47.166927337646484,47.54745708545914,47.02344695758659,47.21683397065501,3290300
2012-03-07,47.41022491455078,47.51003819886337,47.14198266215987,47.15445694301926,2552500
2012-03-08,47.859371185302734,47.96541922152435,47.43517428105732,47.584889435685426,3405400
2012-03-09,48.13383865356445,48.29602803989026,47.68468856358446,47.98411878399943,2954900
2012-03-12,48.46449661254883,48.52687755678881,48.10891999508384,48.277349020467895,3243400
2012-03-13,48.888675689697266,48.92610329058364,48.38337928093507,48.514380643396606,4442600
2012-03-14,48.80757141113281,48.93857276071768,48.66409578226503,48.86371756630275,3453000
2012-03-15,49.24423599243164,49.26918930460823,48.59546415391304,48.81379968626121,3956700
2012-03-16,48.91362380981445,49.362769250777674,48.907384290543675,49.23800742151435,4612000
2012-03-19,50.597923278808594,51.022120085761394,49.51871508663117,49.67466972507914,11886200
2012-03-20,50.14877700805664,50.35463828885599,49.87429530032418,50.12382369286658,5137500
2012-03-21,50.2236442565918,50.36711989059951,49.88054207203611,50.15502381968066,3846800
2012-03-22,50.08017349243164,50.17998678689732,49.58112129818277,49.730836480521454,3711800
2012-03-23,49.72460174560547,50.06146450780928,49.46883848280052,50.02403689846229,4198300
2012-03-26,50.26108169555664,50.42951068135889,50.067699386050386,50.067699386050386,3218600
2012-03-27,50.14877700805664,50.5293067358282,50.117584174229506,50.491879142722226,3059400
2012-03-28,49.930450439453125,50.16749983740276,49.56239492332809,50.03649847858645,3656600
2012-03-29,49.811920166015625,49.93044723706802,49.18810149202831,49.74329973112832,3231500
2012-03-30,50.354652404785156,50.404559049155615,49.91174164455629,50.04898253689529,3470100
2012-04-02,50.32345199584961,50.510599504420576,49.98035457594796,50.09887688930799,2979300
2012-04-03,50.229888916015625,50.398322661395454,49.86807762023943,50.398322661395454,2947100
2012-04-04,49.81816864013672,50.13631755367763,49.67468822521133,50.024029981801995,2629600
2012-04-05,50.01780319213867,50.06147032790695,49.48131851877921,49.59360611923493,2389200
2012-04-09,49.40019607543945,49.63724542823959,49.25047618585794,49.500004575802286,2386200
2012-04-10,48.86371994018555,49.312870165930605,48.67657242633877,49.2380102085201,4226800
2012-04-11,49.15066909790039,49.58734022333265,49.10700198535717,49.23800332298685,3998400
2012-04-12,49.54368209838867,49.66220917937555,49.11948517414837,49.24425177501857,4016100
2012-04-13,49.631019592285156,49.71835383893885,49.04463318751885,49.46259061927003,3945000
2012-04-16,49.631019592285156,49.8306414074021,49.34406353051452,49.76826048255796,3212400
2012-04-17,50.092647552490234,50.31098316322187,49.76201961697164,49.79945197835375,3541700
2012-04-18,50.21115493774414,50.510589942903685,49.86805758278989,49.96786607827111,3696500
2012-04-19,49.81816864013672,50.30474653181126,49.53745209012745,50.26731892763926,3471400
2012-04-20,50.07392501831055,50.236119213136504,49.46258535677719,49.89925654358673,4216000
2012-04-23,49.30038833618164,49.942920799669814,48.951051406757095,49.942920799669814,4307900
2012-04-24,49.568634033203125,49.99283094558783,49.38149127616693,49.468825514655634,2874800
2012-04-25,49.687171936035156,49.96164899135933,49.549931028693024,49.86807997213523,3318200
2012-04-26,48.813819885253906,48.838773207756105,47.75956461649424,48.39586244190124,8120500
2012-04-27,48.932342529296875,49.275439973955024,48.639146965747365,48.913628728961235,3788600
2012-04-30,48.745201110839844,49.1257309631764,48.595485930048994,48.813821560235596,2405100
2012-05-01,48.951045989990234,49.225527695226944,48.632897173407514,48.7451847110627,3313400
2012-05-02,48.91987991333008,49.044646556387455,48.6953047151876,48.82630612087725,4227400
2012-05-03,48.701534271240234,49.05711080230968,48.695294750523985,48.95730226764869,3025300
2012-05-04,48.489437103271484,48.813820783046936,48.183762466517244,48.595485156336565,3991500
2012-05-07,48.53311538696289,48.888691992031056,48.17753878189472,48.252394008628556,2953900
2012-05-08,48.44576644897461,48.620434937619464,48.289811761347515,48.36466696541853,6463400
2012-05-09,48.12761688232422,48.38961961163716,47.85313511293392,48.158804963799014,3984600
2012-05-10,48.146453857421875,48.844046766209566,48.07103672316989,48.686931332604814,2984900
2012-05-11,48.03334426879883,48.441845471770456,47.94535998443988,47.99563808829753,2529800
2012-05-14,47.89509963989258,48.29731503032587,47.54944833596885,47.7254169699352,2629700
2012-05-15,47.81340408325195,48.25332569389636,47.67514163568202,47.769411922187516,3022100
2012-05-16,47.712833404541016,48.36014849079947,47.70026627437388,47.97050512341993,3047700
2012-05-17,47.015235900878906,47.84480546466136,46.99638280996314,47.72540095726677,3099300
2012-05-18,46.525047302246094,47.34833109779366,46.418209898735455,47.23521252568959,4986700
2012-05-21,46.90839767456055,47.02152101279437,46.5250355169228,46.688436959879205,3667900
2012-05-22,46.98381805419922,47.323188092177624,46.68844016217445,46.87697587563958,3662500
2012-05-23,47.13463592529297,47.26032636984718,46.22964938119675,46.675856692582215,4455500
2012-05-24,47.247764587402344,47.61855479712474,46.86440245493268,47.272903638113235,3607100
2012-05-25,47.09694290161133,47.55571746764112,46.958680497125265,47.55571746764112,1998600
2012-05-29,47.455169677734375,47.80710688353975,47.20378390439418,47.37975250729687,2342900
2012-05-30,46.889556884765625,47.4300346653598,46.83299280341798,47.247780084016625,3140700
2012-05-31,47.09694290161133,47.29805054592256,46.26108730706158,46.908402387351344,4673900
2012-06-01,46.034828186035156,46.638150956170996,45.95941104172449,46.5061745497147,4813300
2012-06-04,45.87144470214844,46.22966788678494,45.60120582287634,46.103977391917226,3605000
2012-06-05,45.75202178955078,45.90913724240668,45.343520653168824,45.689171772581936,2762400
2012-06-06,47.12206268310547,47.12206268310547,45.90913135092121,45.90913135092121,4085800
2012-06-07,47.430030822753906,47.82596018096979,47.28548244416312,47.43003082275391,3997000
2012-06-08,48.15903854370117,48.171610468052144,47.39860014313262,47.39860014313262,3562900
2012-06-11,47.65625,48.46696613670228,47.580832872824644,48.3978349688204,2316800
2012-06-12,47.88252258300781,47.9579349563438,47.41745723844075,47.85738352696759,3416900
2012-06-13,47.93278884887695,48.27215886331795,47.59342362921992,47.819665510729955,2298500
2012-06-14,48.624114990234375,48.91320698435078,47.976794991798656,48.045926207216205,3693200
2012-06-15,48.724674224853516,49.05147725813251,48.50471341098465,49.01376626519347,4579600
2012-06-18,48.888065338134766,49.095458973414765,48.435571877445724,48.649251476008935,3083500
2012-06-19,49.12060546875,49.33428030487902,48.800088419770624,48.800088419770624,2814500
2012-06-20,49.126869201660156,49.30912374149886,48.705800848300456,49.214853490577575,2577100
2012-06-21,48.45441436767578,49.39710727286318,48.40413626198428,49.327976076233384,3709400
2012-06-22,48.837791442871094,48.98233984216875,48.25960743525151,48.56126657192889,3830200
2012-06-25,48.039634704589844,48.47327020509252,47.82595514068597,48.416710929073,2557400
2012-06-26,47.989356994628906,48.21560369015478,47.5242964737299,48.03334914127092,2309900
2012-06-27,48.25959777832031,48.34758207514401,47.951652739437364,47.951652739437364,1942600
2012-06-28,48.460697174072266,48.56753454562197,47.68768693244805,48.115041213430594,2512300
2012-06-29,49.4976692199707,49.4976692199707,48.56754333603238,48.655527633795984,4822400
2012-07-02,49.45367431640625,49.51023359262468,48.77493423307901,49.16458238345969,3584100
2012-07-03,49.9438591003418,50.10726050789455,49.133142817785284,49.34053635874268,2817400
2012-07-05,50.22039794921875,50.40893366194043,49.6422092970998,49.83703576679844,3660800
2012-07-06,49.881011962890625,50.20152401046753,49.604487252244425,49.91243217423867,3014400
2012-07-09,49.77420425415039,50.006736993956004,49.59823560555634,49.824482380830425,2357600
2012-07-10,49.38454055786133,50.06956177321089,49.12058769294411,50.05070868211454,3230600
2012-07-11,49.57307434082031,49.717622691592645,49.22113720124793,49.44109791348067,3768800
2012-07-12,49.390838623046875,49.71135566569526,48.944631066897735,49.397124587157634,3637000
2012-07-13,49.92501449584961,50.11355018756516,49.334258779949984,49.334258779949984,3462400
2012-07-16,49.75532150268555,50.038132200624624,49.61705913410864,50.038132200624624,2634100
2012-07-17,49.85590362548828,49.96274104048667,49.246294571413486,49.925034845730934,2981500
2012-07-18,50.40892791748047,50.610035531669844,49.64848960148993,49.65477556296627,3722000
2012-07-19,50.258094787597656,50.528333574221875,50.06955431514972,50.33979310177395,3199200
2012-07-20,49.3028450012207,50.15127258900309,49.23371379340458,50.15127258900309,4664000
2012-07-23,48.988616943359375,49.114312235525574,48.00821763838867,48.9069185995402,4214400
2012-07-24,46.719852447509766,48.234447834089295,46.198232746889914,47.28546908139389,12643000
2012-07-25,46.67584991455078,47.10320407667321,46.361619054013175,46.675849914550774,4243700
2012-07-26,47.05295181274414,47.58085759289256,46.83927223879033,47.27291255447265,4626400
2012-07-27,47.76311111450195,48.052203053768224,47.19749436603122,47.27919749317861,3446900
2012-07-30,47.90765380859375,47.98935213128246,47.50543377247733,47.71911331650117,2770100
2012-07-31,47.51801300048828,47.91394234100582,47.474020851541894,47.81967208046794,2815200
2012-08-01,47.228904724121094,47.76309628945445,46.99637213448478,47.64368701440027,3493000
2012-08-02,47.13463592529297,47.32317638690739,46.55016624802801,47.096929750883334,3111800
2012-08-03,47.61228942871094,48.077350034214454,47.56829727406581,47.65628158335607,2844400
2012-08-06,47.524295806884766,48.01449537538438,47.505437920201906,47.75682366667933,2104600
2012-08-07,47.81967544555664,47.920231675815785,47.63113970599818,47.78196925660194,2156600
2012-08-08,47.62484359741211,47.83223718205192,47.492867169400576,47.76310598717198,2261400
2012-08-09,47.7819709777832,47.851102189880336,47.3357634782013,47.56201020964918,2868400
2012-08-10,47.95166015625,47.98308038438427,47.51801977284332,47.73798054892449,2222600
2012-08-13,47.85737609863281,47.86994322730994,47.5368591773509,47.76310585181061,1624000
2012-08-14,47.87623596191406,48.09619670576028,47.756826646061285,48.04591859437125,2197300
2012-08-15,48.12763214111328,48.27217574916187,47.756836982842835,47.85110726340553,2349200
2012-08-16,48.35557174682617,48.55818753372592,48.146622857939775,48.22893386080044,2153200
2012-08-17,48.431541442871094,48.55817930744299,48.33023598195417,48.55817930744299,1746300
2012-08-20,48.39988327026367,48.57717144139073,48.26058404130945,48.37455569856833,2186100
2012-08-21,48.057979583740234,48.678488328396405,48.0136575305505,48.393561533711235,2732700
2012-08-22,48.20993423461914,48.41254999987052,47.937668847180625,48.11495703793298,2142500
2012-08-23,47.91866683959961,48.292237635555736,47.659062864858456,48.10862120310484,2312100
2012-08-24,47.94399642944336,48.03897361519627,47.665397972765575,47.82369167210698,2253000
2012-08-27,47.65273666381836,48.089623989660815,47.57042084838082,47.98198543334748,1893300
2012-08-28,47.228511810302734,47.60842060152688,47.171528390063685,47.532437877133866,2954300
2012-08-29,47.04488754272461,47.310819787874294,47.000565501866326,47.260164646681936,2829800
2012-08-30,46.74095916748047,46.956241091313515,46.69030402884447,46.835936344737995,2587000
2012-08-31,46.7346305847168,47.076545557448576,46.58266998486057,46.89925738582625,2717800
2012-09-04,46.66498947143555,46.80428872615633,46.411723369115485,46.582678471255655,4513400
2012-09-05,45.55060958862305,46.07614115044688,45.4556323755131,45.905186031442355,10182200
2012-09-06,45.55060958862305,46.25976247426166,45.34799378833463,45.67724265227516,8389000
2012-09-07,45.968482971191406,45.97481607089732,45.512596407158945,45.59491221111683,4799000
2012-09-10,46.25342559814453,46.418047584119556,45.740550675056824,45.740550675056824,4762600
2012-09-11,46.56368637084961,46.70931390403479,45.962167270316016,46.17744926515439,3914900
2012-09-12,46.62699890136719,46.81062020068498,46.17111220385281,46.74730367730601,3917800
2012-09-13,47.317142486572266,47.646391170464234,46.28506474230315,46.45602459856057,4915600
2012-09-14,46.65232467651367,47.260171972828466,46.57001368237157,47.23484439830607,6255200
2012-09-17,47.000579833984375,47.1715349492136,46.50037103134399,46.54469308571761,4361200
2012-09-18,46.54468536376953,47.02589477977957,46.42438059439662,46.77262870008621,3774600
2012-09-19,47.025875091552734,47.405783713518844,46.47501628503171,46.9309027668,4477700
2012-09-20,45.974822998046875,46.918252105311005,45.81652929672616,46.72196946151025,8127000
2012-09-21,45.512596130371094,46.18376460366586,45.06937576844594,45.79752764652838,29326400
2012-09-24,45.60758590698242,45.79754030358494,45.27200399296015,45.44929218672732,5919700
2012-09-25,45.632896423339844,46.55733082436699,45.60756885787811,45.74686805254808,7047400
2012-09-26,45.44929885864258,45.75322497167448,45.39231542974129,45.65191465708328,3928100
2012-09-27,45.60124588012695,45.7405451057147,45.3226522596917,45.537929367788955,2651100
2012-09-28,45.31631851196289,45.51893424699458,45.11370277693119,45.50627287700393,3350900
2012-10-01,45.59492111206055,46.16477942834765,45.40496672971798,45.6455714273767,3788900
2012-10-02,45.60124588012695,45.905171902385696,45.392301872485575,45.75953957634208,2791300
2012-10-03,46.46869659423828,46.51301863549087,45.607578509267704,45.759539103456575,5109300
2012-10-04,46.20276641845703,46.626992379574205,46.10778923130264,46.27241603365423,3868100
2012-10-05,46.28507614135742,46.77895170419622,46.20909825829932,46.41804226744939,3964000
2012-10-08,46.70298385620117,46.77896175558464,46.06347582885622,46.266091611780986,2949500
2012-10-09,46.23442840576172,46.85494192433985,46.171111882822984,46.77895919836874,2328800
2012-10-10,45.75322723388672,46.778967650759796,45.740561028565715,46.747311798941126,4014900
2012-10-11,45.77854537963867,46.2724210090566,45.75321780495815,46.16478243972006,3006700
2012-10-12,45.658241271972656,46.12678933352798,45.57593027611892,45.94950113892548,2335800
2012-10-15,45.9621467590332,46.10777905796933,45.68355319045439,45.71520902536096,2407000
2012-10-16,46.29141616821289,46.468704362862255,45.77854605787137,45.85452395229767,2755500
2012-10-17,46.4053840637207,46.500361254764506,46.17110763657806,46.424378535781344,2913500
2012-10-18,46.607994079589844,46.778949137832,46.29140670224213,46.418039720885204,3003900
2012-10-19,45.77854537963867,46.5130257224102,45.53160756492971,46.24076033302071,5469900
2012-10-22,45.309967041015625,45.67087632367354,44.96805222101261,45.61389293570881,6481900
2012-10-23,46.6839714050293,46.94357051252934,46.069791190891415,46.354717865346984,8209600
2012-10-24,46.297760009765625,46.89294125405213,46.2154441640536,46.835957820013455,3894200
2012-10-25,46.348388671875,46.500354086414816,46.145772949895104,46.48135961728231,3080100
2012-10-26,46.23442840576172,46.582676528036345,46.06347331075303,46.468704854450195,3044500
2012-10-31,46.38004684448242,46.918244374140784,46.22175316924528,46.5066798523763,3002000
2012-11-01,46.7916145324707,46.93091374902361,46.25341696639441,46.46236096048384,3674900
2012-11-02,46.52569580078125,47.17153210134053,46.46870754531763,47.00057699643233,3158800
2012-11-05,46.50667953491211,46.61432290470067,46.367385159475546,46.57000086916641,3312700
2012-11-06,46.582672119140625,46.968909152474225,46.34839569262564,46.64598863608666,3832500
2012-11-07,46.22175598144531,46.74095907458263,45.77853559611097,46.74095907458263,3866200
2012-11-08,45.9621467590332,46.475021524208834,45.905163357757765,45.94315229194139,3695100
2012-11-09,45.746883392333984,46.139453542518275,45.55060073261223,45.753216493507814,3607300
2012-11-12,45.77854537963867,45.987489416956386,45.50627999024918,45.74055160224742,1835300
2012-11-13,45.49993896484375,46.02547517877271,45.474611394574154,45.525266535113346,2194100
2012-11-14,44.51219940185547,45.683572053327175,44.36656704278734,45.48095626945499,4037100
2012-11-15,44.89519500732422,44.93349448155856,44.403662360252085,44.68453815857902,4172200
2012-11-16,44.69731140136719,45.220758751635145,44.50580912408618,45.220758751635145,4610300
2012-11-19,45.603759765625,45.603759765625,44.895190344512685,45.13137690473169,4126100
2012-11-20,45.5399284362793,45.62930199886816,45.26544235990699,45.4952440900991,3226400
2012-11-21,45.57822799682617,45.76335023162616,45.4697095775314,45.616527469464806,2157100
2012-11-23,45.94849395751953,46.012328065183155,45.56547957107735,45.65484829585246,1594600
2012-11-26,46.33148956298828,46.35063930251476,45.852726593911406,45.852726593911406,3433900
2012-11-27,46.06339645385742,46.50385519781241,46.03147696549642,46.38895185803499,2355900
2012-11-28,46.41447067260742,46.43362041101233,45.80803956205237,45.97400720838057,2523200
2012-11-29,46.957069396972656,47.12942678930846,46.580444874109915,46.59959461320752,4449100
2012-11-30,46.66982650756836,46.91878292530874,46.4017203454218,46.88686343781177,3520000
2012-12-03,46.133602142333984,46.91877563255517,46.08891778892168,46.91877563255517,2703800
2012-12-04,46.6251220703125,46.83577890853114,45.93570234717582,46.13358944780234,3832800
2012-12-05,46.91876983642578,47.03367314103842,46.40170740078324,46.69534809696472,3216100
2012-12-06,46.554908752441406,47.12942525784415,46.36978649679894,47.07835604175757,4269300
2012-12-07,46.708099365234375,46.90599130847129,46.43999335595146,46.65703016244889,4098100
2012-12-10,47.0336799621582,47.20603250895849,46.65705051510669,46.67620512717726,3018600
2012-12-11,47.08475112915039,47.40392649361274,46.81664012162754,47.065601386519376,3021900
2012-12-12,46.87409973144531,47.269878983199014,46.81026562509282,47.154975643672465,2749500
2012-12-13,46.82301330566406,47.13580372110112,46.612356448843286,46.91876686514881,2753300
2012-12-14,46.50383377075195,46.957062049314395,46.42084995757108,46.75279008052248,2874800
2012-12-17,46.82939910888672,46.85493371660708,46.57405790191154,46.695346071026144,2950300
2012-12-18,47.90822219848633,47.914602198949886,46.59960130951105,46.79748846892736,6385800
2012-12-19,48.26567459106445,48.64229899292499,47.94649938803941,48.08055238888268,6184000
2012-12-20,47.95928192138672,48.23377289191939,47.646491470854244,48.131639321843615,3631700
2012-12-21,47.77415466308594,47.90821256954655,47.416679899799995,47.620951888853156,5567400
2012-12-24,47.646507263183594,47.83162959492252,47.486919549984236,47.71034137441724,1451400
2012-12-26,47.403907775878906,47.774147351089326,47.26985476016395,47.652864072239204,1917000
2012-12-27,47.180484771728516,47.435821059197,46.72725165994869,47.34007238651007,3355100
2012-12-28,46.491065979003906,47.20601538968926,46.47829624225447,46.95067909743169,2599500
2012-12-31,47.065589904785156,47.12942398805927,46.33148577156184,46.47192367690193,4700000
2013-01-02,48.712547302246094,48.712547302246094,47.88907419743678,47.93375855799712,4810800
2013-01-03,48.75722122192383,48.846589923907096,48.501884856388216,48.67423739014765,4528900
2013-01-04,48.87849807739258,49.12745438525585,48.77636452889302,48.84019860548373,2632000
2013-01-07,48.738067626953125,48.96148936424139,48.65508380173994,48.80190171328854,2955900
2013-01-08,48.60402297973633,48.789145271244415,48.393366075237886,48.616792721346236,2653300
2013-01-09,49.15299987792969,49.21683396866043,48.6742368921057,48.70615637258554,3123900
2013-01-10,49.91902542114258,49.93179516314359,49.15300648888811,49.255144943977825,4761000
2013-01-11,49.740257263183594,50.06581729984934,49.644503738255246,50.021132970912994,2323800
2013-01-14,50.58289337158203,50.953137838599815,50.13604995982121,50.21265377479217,7255400
2013-01-15,50.640357971191406,50.68504232165092,50.161594986169945,50.26372855712215,3562200
2013-01-16,50.851009368896484,50.88292397565172,50.4296956498087,50.461615126792346,3018700
2013-01-17,50.933982849121094,51.099955329325944,50.812694705483615,50.94674771518574,3076500
2013-01-18,51.227622985839844,51.265922453898554,50.6275720117074,51.03611590509155,5850000
2013-01-22,51.50213623046875,51.50852110132632,51.00422344862695,51.036138062455834,3310000
2013-01-23,51.28508377075195,51.62979367181578,51.20848481733453,51.297853509807176,3029500
2013-01-24,52.43410873413086,52.657530431053324,51.57872141727694,51.680854962915326,6434300
2013-01-25,52.63199996948242,52.82989194824115,52.24260575124416,52.593700495632135,4211300
2013-01-28,52.6702995300293,52.823502281744624,52.25537074349876,52.74051847252959,3083800
2013-01-29,52.47879409790039,52.663916327600504,52.37027568159516,52.61284711867058,4021600
2013-01-30,51.853233337402344,52.45327972800773,51.834078723993606,52.306461783481936,3877000
2013-01-31,50.61481475830078,51.59787517155607,50.58928015234542,50.90845542144539,9502800
2013-02-01,51.048892974853516,51.06804271163389,50.42969217773847,50.55736033642632,5220500
2013-02-04,51.010597229003906,51.227634088679324,50.755256022740504,50.81909010674925,4074200
2013-02-05,51.57872009277344,51.680853635789106,51.09357237032309,51.22124051664958,3394100
2013-02-06,51.648956298828125,51.680870910963925,51.24679225003734,51.33616095638435,3733500
2013-02-07,52.21709060668945,52.223470607295205,51.49575117942211,51.61703937414411,4602400
2013-02-08,52.58733367919922,52.63840290868314,52.12772522453325,52.18517445503033,3805400
2013-02-11,52.78521728515625,52.81075189581504,52.41497273594724,52.41497273594724,3063900
2013-02-12,52.54262924194336,53.034161864986224,52.49156490220331,53.02777699618325,3941800
2013-02-13,52.66392517089844,52.785213344916706,52.59370621438562,52.62562569288368,2926400
2013-02-14,52.78521728515625,52.87458598734752,52.274534812438375,52.46604195726483,3761400
2013-02-15,53.28950881958008,53.691667933647004,52.84904535877218,53.072467088809354,4983000
2013-02-19,54.10660934448242,54.176828314538376,53.28952118771812,53.302286059442125,5442400
2013-02-20,53.50015640258789,54.06190798637233,53.5001564025879,54.0299885117562,4456000
2013-02-21,53.127166748046875,53.46801329587317,52.90850741707609,53.29437624743324,5027400
2013-02-22,53.339385986328125,53.500163007114956,53.16574405622418,53.37153844657032,2394500
2013-02-25,52.69628143310547,53.808855743823344,52.69628143310547,53.55804396711697,3996800
2013-02-26,52.69628143310547,53.06285286879368,52.419744742566955,52.94709320981184,3806400
2013-02-27,53.26864242553711,53.43584699044217,52.59337699183722,52.63196190581144,4015400
2013-02-28,53.15287399291992,53.50658042778798,53.15287399291992,53.371528344672065,3744700
2013-03-01,53.294376373291016,53.37154621432389,52.914939997617346,53.08858195299333,2722800
2013-03-04,53.33296585083008,53.34582585659238,52.9921192730753,53.28151601472804,2737600
2013-03-05,54.06610870361328,54.31692052080867,53.45515784768119,53.525900145508245,3581100
2013-03-06,54.29761505126953,54.49697698473532,54.15613048950985,54.35549242297564,3221500
2013-03-07,54.21403884887695,54.439125802449176,54.008244361821276,54.304073630305844,2404600
2013-03-08,54.304039001464844,54.503400903709164,54.17541446249716,54.471243542336126,2225800
2013-03-11,54.458396911621094,54.63203394870099,54.23331004632283,54.23331004632283,2793400
2013-03-12,54.36193084716797,54.63203509117435,54.09825905845482,54.53557279440477,2503500
2013-03-13,54.77994918823242,54.86998393140979,54.32977547234557,54.36192793403719,2885700
2013-03-14,55.0693473815918,55.11436475441119,54.77995068582797,54.805675599799855,3410800
2013-03-15,54.96646499633789,55.08865713855873,54.65134331571898,54.76067054479723,5015600
2013-03-18,54.94072341918945,55.06291552436306,54.40051008110242,54.54199464361391,3374300
2013-03-19,54.71565628051758,55.210847521143485,54.54844674582063,55.02434552215977,3640300
2013-03-20,54.04037094116211,54.63846164920905,53.91175128833437,54.130405679446575,5285400
2013-03-21,53.37797927856445,54.11755467156062,53.165752400252096,53.88603533277006,5824100
2013-03-22,54.50983810424805,54.57414792607004,53.551603604958245,53.57090096737725,4667000
2013-03-25,54.413352966308594,54.683457072763694,54.09179905676016,54.65130462572282,4080300
2013-03-26,54.689910888671875,54.71563580026764,54.35549194445212,54.567718785223285,3184600
2013-03-27,54.94072341918945,55.0114657004452,54.43909990230345,54.561287100951795,2611500
2013-03-28,55.24300765991211,55.262300125162945,54.67064162700984,54.76710885979133,3498300
2013-04-01,54.32334518432617,55.27514248060379,54.233310437557364,55.18510773383498,2959800
2013-04-02,53.96964645385742,54.246183214483516,53.79600937463958,53.9181966131533,4133000
2013-04-03,53.59019470214844,54.07252573711107,53.448710146848725,54.0275083701089,4010900
2013-04-04,53.8088493347168,53.93104143423392,53.551605133561026,53.67379723307815,2730700
2013-04-05,53.72527313232422,53.78958298719726,52.947112603347335,53.25580186934891,3031000
2013-04-08,53.525901794433594,53.82815855038387,53.281517519311095,53.73169623812663,3057900
2013-04-09,53.7316780090332,53.905315018714425,53.358674173095885,53.69952064483951,3164600
2013-04-10,54.381229400634766,54.5484389113163,53.8088634785407,53.84745330809879,3446100
2013-04-11,54.22686004638672,54.522689103140095,54.13039287632007,54.44551929230605,3788200
2013-04-12,54.11112976074219,54.26547437261453,53.94392023573989,54.11756221730717,2491500
2013-04-15,52.99855041503906,54.07896750723277,52.972825497625934,54.00179766151968,3678000
2013-04-16,53.51945495605469,53.525887410652125,53.05641635554409,53.294368110396825,2365500
2013-04-17,53.069297790527344,53.37799195104392,52.79276100945964,53.30724964147819,3113900
2013-04-18,52.97280502319336,53.50015336002225,52.70269594801805,53.410118637138616,4188900
2013-04-19,53.37153244018555,53.65450153501338,52.99853352289628,53.17217052693398,3115200
2013-04-22,53.5451774597168,53.654504650330004,52.8892045029875,53.38440044768854,3410400
2013-04-23,53.85386276245117,54.01463976309686,53.3843966682196,53.62234348899941,3729400
2013-04-24,53.69953918457031,53.982508386290085,53.45515981451106,53.89247362329318,4387400
2013-04-25,54.93430709838867,55.23013631301145,54.13685421955653,54.37480604516748,4825000
2013-04-26,55.120792388916016,55.29443431640888,54.7477885287334,54.89570554450417,3266300
2013-04-29,55.480934143066406,55.60312625328865,55.050052889633356,55.15938009008196,3000300
2013-04-30,55.20440673828125,55.55811821861518,55.05649459670618,55.55811821861518,4296400
2013-05-01,54.54841995239258,55.24297776472088,54.43909277078293,55.19152794754294,3372200
2013-05-02,54.87640380859375,54.95357362418661,54.53555737232692,54.55484982622514,3566400
2013-05-03,55.365203857421875,55.61602066580447,55.17870672550179,55.26230905727728,3471700
2013-05-06,55.97611618041992,56.30410260654146,55.35230068807035,55.39088559472315,3259000
2013-05-07,57.017948150634766,57.20444512187073,56.149748569833356,56.22692328334482,4853800
2013-05-08,57.25592041015625,57.85401121308399,56.49062010680623,56.84433156798297,6309100
2013-05-09,57.13936233520508,57.63802623083107,57.00983571619259,57.314217094702805,4937000
2013-05-10,57.210594177246094,57.52793067912692,57.06164474577443,57.094027634843144,2604900
2013-05-13,57.016300201416016,57.23648799181772,56.86087323519515,57.08106102559686,1858700
2013-05-14,57.24945068359375,57.45668831290806,57.094023696841724,57.15878452957717,3233400
2013-05-15,57.37895202636719,57.43724021383872,57.05514303644306,57.21056996814538,3534400
2013-05-16,56.893245697021484,57.411342122434995,56.796101999639745,57.24296004303555,3115400
2013-05-17,57.443729400634766,57.46963472021072,56.90621007747084,56.964493340815864,3440500
2013-05-20,57.3465690612793,57.540851473630745,57.21704251211236,57.39190211825456,2640000
2013-05-21,57.49552536010742,57.91000048563047,57.32067067378152,57.34657598674336,2907300
2013-05-22,57.081058502197266,57.98772482345032,56.84143802829353,57.46315574756085,4191600
2013-05-23,56.54353332519531,56.867342367150954,56.34277330028166,56.731343162441654,5157400
2013-05-24,56.2326774597168,56.27801052637949,55.941246367513465,56.161439077684896,3587400
2013-05-28,56.18088912963867,56.66660286851163,55.928318380699594,56.49174809652906,4191300
2013-05-29,55.915348052978516,56.09020771838041,55.73401576362419,55.92182561786527,3306300
2013-05-30,55.92829895019531,56.1938197992459,55.89591606914659,55.96068183124404,2882600
2013-05-31,55.63039779663086,56.20029996657245,55.6109700434754,55.902396222675655,4082000
2013-06-03,55.857078552246094,55.967172477770916,55.449080800688215,55.610985376201974,4186800
2013-06-04,55.669227600097656,56.23912950691183,55.552656194052496,55.85703736211107,3454900
2013-06-05,55.021629333496094,55.636869450011176,54.84029706873246,55.54619837669571,4156200
2013-06-06,54.89213180541992,55.07994171667068,54.529462175688614,54.859748912090694,3918000
2013-06-07,55.93476486206055,56.018953417941255,55.11228728773019,55.183525658449604,4231900
2013-06-10,55.92182159423828,56.064298365889435,55.656300744198006,56.04487061356136,2101600
2013-06-11,55.46849060058594,55.857060467827516,55.37134689854206,55.526773857251904,2478600
2013-06-12,55.377845764160156,55.96717588562823,55.13822519907244,55.83765419370483,2771200
2013-06-13,55.90239715576172,56.00601842889932,55.118779806162095,55.377828048071834,2282000
2013-06-14,55.636878967285156,56.219731363461705,55.42963641103724,55.84411658259858,2505600
2013-06-17,56.04487609863281,56.21325820351215,55.66925638041522,55.98011527088981,3198600
2013-06-18,56.621253967285156,56.8738246456712,56.19382362482614,56.21325631933868,2916200
2013-06-19,55.93476486206055,56.7701926215522,55.89590442471083,56.679521561691466,3027000
2013-06-20,54.97631072998047,55.5915460674125,54.64602405173861,55.5785958769227,4213900
2013-06-21,55.313087463378906,55.604513754084195,54.98927827773478,55.429654026912175,4676900
2013-06-24,55.22239303588867,55.88296626269322,54.853250917709886,55.034588135512884,3472300
2013-06-25,55.51382827758789,55.72106588671501,55.23535227711073,55.578589104014924,2661300
2013-06-26,55.96714782714844,56.290956835554894,55.831148636529726,55.89590945002434,2291800
2013-06-27,56.40106201171875,56.537066170517264,56.09668563322333,56.35572893909736,3002700
2013-06-28,56.006004333496094,56.64066717846417,55.99952677032169,56.32333575598013,3271100
2013-07-01,56.375152587890625,56.763722425285884,56.25858114257869,56.290959080150394,2556200
2013-07-02,56.0901985168457,56.65362798713894,55.87000581522759,56.26505321262857,2127800
2013-07-03,55.79877471923828,56.006012301907674,55.59153219563518,55.915341227364465,1223300
2013-07-05,56.6924934387207,56.8090649033474,56.10315855062617,56.13554143449695,1994800
2013-07-08,57.21706771850586,57.49554374572874,56.89325861433669,56.990402333774405,2852500
2013-07-09,58.11074447631836,58.959122171003465,57.40483854016097,57.40483854016097,5645300
2013-07-10,58.441078186035156,58.952697272519075,57.91003133971218,58.046030599521444,3625400
2013-07-11,59.22467041015625,59.43838555866548,58.972099758621255,59.095148772781194,3446700
2013-07-12,55.77287292480469,56.666584130062574,55.36487035687046,56.07724928346159,15335100
2013-07-15,55.358402252197266,55.89592156757019,55.33896955709609,55.45554102303101,6194200
2013-07-16,55.68220901489258,55.73401471020442,55.20944560578215,55.37135013835043,4152400
2013-07-17,56.11612319946289,56.20678936055943,55.857074907357664,55.967168825698444,3185700
2013-07-18,56.893245697021484,57.19114941230746,56.09667824854531,56.161439066488576,4752400
2013-07-19,57.04219055175781,57.048663173823606,56.59533258257466,56.93209668544491,3172000
2013-07-22,56.73781967163086,57.074578894991355,56.60829803363077,56.87381887381108,2946200
2013-07-23,56.67306900024414,56.9904005288179,56.11611696343774,56.80259066143577,3141600
2013-07-24,56.329837799072266,57.0292617569423,56.27802715302703,56.893262516774925,3720300
2013-07-25,56.2326774597168,56.46582035710598,55.88944067770874,56.28448809045521,3190500
2013-07-26,56.33629608154297,56.41401203082522,55.857060079970516,55.98010909776727,2820600
2013-07-29,56.21971130371094,56.37514316543724,56.10313987788257,56.18085580874572,2786000
2013-07-30,55.960693359375,56.485262542076974,55.88945495913955,56.29745266335942,3191400
2013-07-31,56.213253021240234,56.75724985325192,55.9412496643004,55.9412496643004,3386300
2013-08-01,57.016300201416016,57.3077263806969,56.575919679678435,56.58239724437677,2942300
2013-08-02,56.93859100341797,56.983924079816596,56.5953541476948,56.763736263290326,2253200
2013-08-05,56.89972686767578,57.165247720353264,56.73134477760346,56.75077253012449,2086500
2013-08-06,56.95802688598633,57.43726798022105,56.815555011929604,56.873838286643426,2700700
2013-08-07,56.91267776489258,56.97744352868174,56.57591852148564,56.78315611918239,2039900
2013-08-08,57.06809616088867,57.30123902072952,56.8673312343445,57.10695165721784,2029200
2013-08-09,56.86733627319336,57.1717175305633,56.70543176956538,57.068101217526724,1828100
2013-08-12,56.8414421081543,56.94506338244771,56.601826557985824,56.65363719513253,2160900
2013-08-13,56.802589416503906,56.99039927976984,56.58240160911702,56.89973313073588,2384900
2013-08-14,56.63419723510742,56.85438994426604,56.56295885340319,56.65362992724521,2435400
2013-08-15,56.06672668457031,56.30153422344691,55.6949489107177,56.281967757909186,4775800
2013-08-16,56.125450134277344,56.405914513475,55.98195603661152,55.98847487653184,2822900
2013-08-19,56.14503860473633,56.255918641389925,55.923273555213505,55.96893033361297,2682500
2013-08-20,56.288509368896484,56.58201639718609,56.03413528405521,56.15805793037945,2205300
2013-08-21,56.15153121948242,56.484176150284256,56.02760857954707,56.26241618055857,4179700
2013-08-22,56.719017028808594,56.940782104858975,56.08634089800986,56.1580879835365,2872900
2013-08-23,56.8559684753418,57.032076708973904,56.66029874223505,56.692907876312226,1805000
2013-08-26,56.87554168701172,57.358204700177325,56.84293254907252,56.84293254907252,2208100
2013-08-27,55.98848342895508,56.464622555194964,55.83194665132344,56.399399312532985,3425100
2013-08-28,55.85804748535156,56.14503577868301,55.82543336975831,55.96892751642403,1964400
2013-08-29,55.90370178222656,56.46463070728982,55.662370275699054,55.75368880006729,1571600
2013-08-30,55.81889343261719,56.04717722685116,55.557995535115424,55.936297237682304,2471100
2013-09-03,56.06672668457031,56.418937992885205,55.89714235622343,56.24283482683375,2006800
2013-09-04,56.45158386230469,56.74509096300674,56.01457765572381,56.13850530883635,2187600
2013-09-05,56.62114334106445,56.914655314467126,56.386335752827534,56.44504013799328,1429700
2013-09-06,56.58855438232422,56.99294150244727,56.13198169751409,56.78422412477301,1861500
2013-09-09,56.82987976074219,56.921193300637725,56.64072886346866,56.69290945089889,2099100
2013-09-10,57.4429817199707,57.52777143130953,57.04511350115595,57.12338437207845,2828000
2013-09-11,57.88650894165039,57.990870106916766,57.35167041019582,57.456026599247956,2763900
2013-09-12,57.782127380371094,58.225652223768705,57.723427977789235,57.95823554054165,2187900
2013-09-13,57.82780456542969,58.043040741981805,57.68431046358574,57.89954664013784,1553100
2013-09-16,58.43439483642578,58.96923838716599,58.38873806699853,58.64963602496055,3454700
2013-09-17,58.63006591796875,58.83225945916544,58.21263120156727,58.45396266857395,2355900
2013-09-18,59.33449172973633,59.41928145002119,58.53875520814987,58.69529199029677,4019200
2013-09-19,59.81061935424805,60.03890814951215,59.23012408171471,59.321437609334744,3140800
2013-09-20,59.71277618408203,60.08455404391226,59.63450532761819,59.82365616524594,5317500
2013-09-23,59.543235778808594,59.738905600116496,58.93664987794212,59.6932488108563,3229200
2013-09-24,59.52363967895508,59.99977381917073,59.380145562326476,59.4845017531927,2931200
2013-09-25,59.35404586791992,59.706257286699355,59.13228588732558,59.477973490142375,2544100
2013-09-26,59.875850677490234,59.875850677490234,59.39971156484578,59.47145862258966,2734300
2013-09-27,59.51712417602539,59.810631291064986,59.19100294766361,59.68018479020628,2390500
2013-09-30,59.59539794921875,59.92151919337866,58.99533107804092,59.15187285811267,2436600
2013-10-01,59.875850677490234,59.908459809782904,59.59538626345896,59.634519212695885,1800900
2013-10-02,59.53669357299805,59.641054759774526,59.23666262533857,59.523650912758626,2558900
2013-10-03,58.76704025268555,59.451896774917536,58.57137051505833,59.412758846420346,3168000
2013-10-04,59.35404586791992,59.40622644319396,58.46699599311546,58.806164756183165,2253700
2013-10-07,58.72139358520508,59.05403866547771,58.39527232350675,58.83879743846509,1707200
2013-10-08,58.00390625,58.80616644518645,57.984339777763644,58.62353442648185,2149200
2013-10-09,57.853904724121094,58.21264007078564,57.69084410767631,58.166983297229706,2455300
2013-10-10,58.88444137573242,58.91053166812492,57.990872498308306,58.29742223743754,2540900
2013-10-11,59.20403289794922,59.22360434747015,58.838778792981834,58.838778792981834,1825800
2013-10-14,58.93661117553711,59.14532850026879,58.79964089770197,58.92356354362126,2283200
2013-10-15,58.88444137573242,59.719310827434285,58.819218132858424,58.94966461860642,3144200
2013-10-16,59.56929397583008,59.66060750513265,59.02793164052613,59.067064588451764,2607500
2013-10-17,59.95412826538086,60.01283267689629,59.373632849519105,59.491036696334696,1954900
2013-10-18,60.65854263305664,60.66506645033576,59.96716728790724,60.20849378887434,3168500
2013-10-21,61.16729736328125,61.27165854590923,60.61289226516156,60.72377228954249,3778800
2013-10-22,61.16077423095703,61.85867347490647,61.08250831932372,61.284701892663286,3000900
2013-10-23,61.27815246582031,61.330333035912446,60.802018448315444,60.997688121841385,2654400
2013-10-24,61.63037872314453,62.22392165470548,61.42818518550759,61.42818518550759,4802700
2013-10-25,62.36088562011719,63.26750200330455,61.41513629199659,63.05226085374428,5203400
2013-10-28,63.76975631713867,64.42852273136228,62.256553695940994,62.256553695940994,5926700
2013-10-29,64.12194061279297,64.18716882548541,63.04574477036318,63.80234327069866,6452700
2013-10-30,64.10237121582031,64.43501617576707,63.92626798773894,64.05671445474636,3975200
2013-10-31,64.07627868652344,64.56546038501588,63.489259653089796,63.821904601404455,4213200
2013-11-01,64.06327056884766,64.45461514338237,63.75671574299364,64.10240353343625,2944500
2013-11-04,65.14593505859375,65.15898268645189,64.33715629880899,64.42194597503891,3009600
2013-11-05,65.41992950439453,65.6612560621902,64.57853602097804,64.8068199173587,3912700
2013-11-06,64.63722229003906,65.60906209442922,64.42850491642075,65.42643501454003,4088400
2013-11-07,64.30457305908203,65.17858042508729,64.27196392621462,64.91115866401688,2961400
2013-11-08,64.97640991210938,65.139470562884,64.22632992330288,64.2328537426744,3886000
2013-11-11,64.75463104248047,65.09379991050773,64.63070338190724,64.90464899876466,4214600
2013-11-12,65.10681915283203,65.27640352585007,64.41544398191641,64.5328477822807,3549900
2013-11-13,65.90257263183594,65.91561529028938,64.66983489507994,64.72853432244231,3862700
2013-11-14,66.26353454589844,66.65073116118137,65.80414287558312,66.13227763712015,6082800
2013-11-15,66.24383544921875,66.5260314940991,65.85663389603955,66.34883595057937,4083600
2013-11-18,66.46695709228516,66.77540447919588,66.26351520174303,66.42101843935829,2448900
2013-11-19,66.09945678710938,66.51946881537718,65.95507671359138,66.40134011949321,2447200
2013-11-20,65.71224975585938,66.24383134655807,65.69912657160388,66.17820040446689,2128400
2013-11-21,66.3685073852539,66.4603846796093,65.75817678307186,65.86318226629919,2262600
2013-11-22,66.92635345458984,66.93947663911341,66.19132994781954,66.57196738919727,2014300
2013-11-25,66.42759704589844,67.09043061744448,66.407909762763,67.07073832737031,2219000
2013-11-26,67.12982177734375,67.16919635334752,66.49323942826956,66.49323942826956,3997300
2013-11-27,67.29387664794922,67.47763131098168,66.95261369636977,67.13637336634126,1879700
2013-11-29,67.18883514404297,67.62197519520126,67.18227605740339,67.39884107604617,1281700
2013-12-02,67.15604400634766,67.53011733679104,67.02478713175658,67.03135122722058,2336900
2013-12-03,66.87384796142578,67.4513631886125,66.6047751238109,67.2347931008158,2600100
2013-12-04,66.75572204589844,67.0969799199917,66.11913994703526,66.85416345415507,2249300
2013-12-05,66.69664764404297,66.99197183536418,66.58508306389244,66.58508306389244,2230900
2013-12-06,67.22167205810547,67.54324264884404,66.9001014673669,67.18885658668934,3723900
2013-12-09,67.16259765625,67.6219891697119,66.91978122006023,67.60886097984697,2373400
2013-12-10,66.76229858398438,67.20856204523739,66.6441698734486,67.03793057292151,2199300
2013-12-11,66.19789123535156,66.99197654919884,66.06663436099387,66.9066583291319,3010000
2013-12-12,66.2503890991211,66.60477515012721,66.12570132692586,66.12570132692586,2303200
2013-12-13,66.53257751464844,66.78852213218073,66.05350374621611,66.31601245846228,2712600
2013-12-16,67.0247802734375,67.20197578426944,66.69664563094295,66.70320972573529,3116600
2013-12-17,66.92635345458984,67.33323726501472,66.73603473390098,67.09042079929355,3190600
2013-12-18,67.58259582519531,67.62197036996868,66.44068395740734,67.02476307058045,4224900
2013-12-19,67.71385955810547,67.7532341098057,67.20197035825485,67.41854040647993,2508600
2013-12-20,67.81230163574219,68.61950999544905,67.59573158530885,67.74667571326034,8363500
2013-12-23,68.22574615478516,68.29793616810575,67.891047457293,68.12074568527855,2155500
2013-12-24,68.55390930175781,68.58016068179882,68.19952318161252,68.33733917162367,904500
2013-12-26,68.69172668457031,68.84267087113193,68.27827870615374,68.48172064692301,2108300
2013-12-27,68.72452545166016,68.9673419007791,68.6326481454631,68.90828006405428,3433500
2013-12-30,68.85576629638672,68.94764358788025,68.63919624917901,68.87545357214435,1479800
2013-12-31,68.96078491210938,69.15110362558018,68.69171207366995,68.86890760311489,1778400
2014-01-02,67.8057861328125,68.84925757371943,67.47765127831633,68.66549784937152,2799700
2014-01-03,67.6548080444336,68.21264102350811,67.62856167531439,67.91075770925704,3719600
2014-01-06,66.77540588378906,68.03544182509083,66.43414802728816,67.94356451730452,3884800
2014-01-07,66.99197387695312,67.52355042781875,66.80821926711995,66.83446563400675,3385700
2014-01-08,66.93948364257812,67.1232382867613,66.55228707189764,67.01823777877316,3024400
2014-01-09,67.01822662353516,67.29385854393078,66.63102511036614,67.11666301872096,2352000
2014-01-10,67.28074645996094,67.35950060190063,66.499789165216,67.1166790861241,3499500
2014-01-13,65.77787780761719,67.2872942775691,65.64662093614027,66.70321496857545,3510100
2014-01-14,66.23726654052734,66.27664109980941,65.38411437187165,65.86319320653415,3620300
2014-01-15,66.31600189208984,66.57194646884155,66.09286776980534,66.42756644976387,2027700
2014-01-16,65.9485092163086,66.32914666196403,65.69256455624947,66.1388279391363,2603900
2014-01-17,65.56787872314453,65.83038247985925,63.65813234933416,63.99283114816511,10135500
2014-01-21,64.6884765625,66.01413858853114,64.01251986066136,65.92882536638493,5783200
2014-01-22,64.96409606933594,65.206917510831,64.64252551693022,65.14129158275966,3234100
2014-01-23,64.27503204345703,64.66879271518287,64.05846192157931,64.57035129551677,4255100
2014-01-24,63.21841049194336,64.1109369657338,63.18559503059395,64.03874695631426,5251600
2014-01-27,62.45716857910156,63.40876238059727,62.352168060245624,63.093750810151334,4973700
2014-01-28,62.87717056274414,62.87717056274414,62.457158540946864,62.54903585778138,3881700
2014-01-29,62.562156677246094,63.001855928414784,62.31277112642268,62.68684444572014,4554500
2014-01-30,62.85748291015625,63.65813238664479,62.77216968986779,63.47437775406149,4010000
2014-01-31,62.49652862548828,62.982166513187735,61.70243835388768,61.9977625476973,4082600
2014-02-03,61.43993377685547,62.9493501653551,61.374302841189795,62.41120953868351,5448600
2014-02-04,61.61711883544922,61.84025298171531,61.15773236804397,61.781186146227796,3537300
2014-02-05,61.531795501708984,61.905868708394706,61.361164124660846,61.59085732053171,4591300
2014-02-06,62.17496871948242,62.299661522073,61.69589480615638,61.787772132189836,4195600
2014-02-07,62.58839416503906,62.73933327416062,62.06337681267827,62.54245552222773,2889700
2014-02-10,62.16840362548828,62.6474774925453,61.99120808029537,62.50966151680541,4233800
2014-02-11,63.10686111450195,63.31030300438323,62.155267582768666,62.155267582768666,3264600
2014-02-12,63.02154541015625,63.50062424274367,62.91654491687959,63.10029953531712,2471300
2014-02-13,63.369388580322266,63.487517304138144,62.634369860525275,62.79843725432846,2376400
2014-02-14,63.81562805175781,63.900946268836535,63.19217419294283,63.29717468181359,3304300
2014-02-18,63.323429107666016,64.25533540359734,63.11998720840433,63.75656928834453,3037500
2014-02-19,62.463722229003906,63.24468442393462,62.3652808167704,63.021550222409466,4445200
2014-02-20,63.23038864135742,63.607113873081005,62.20596285663771,62.68843295637906,4908700
2014-02-21,63.521183013916016,63.93095627044148,63.309688278194024,63.4154331248389,3422600
2014-02-24,63.415428161621094,64.10939788768736,63.39560131957895,63.587269196706124,2762600
2014-02-25,63.08500289916992,63.574088809848064,62.95282051610997,63.44190138435342,3291400
2014-02-26,62.91976547241211,63.349365733715125,62.728102550805396,63.11804406760862,2915700
2014-02-27,63.151100158691406,63.21058071930393,62.72149984311794,62.83385537478699,2681600
2014-02-28,63.29648208618164,63.67320733142766,62.820622599370964,63.06516045180837,4097100
2014-03-03,63.30308532714844,63.31630658610272,62.66199041355275,62.95940823082988,3013500
2014-03-04,64.0962142944336,64.24161289088465,63.73270519721988,63.74592141783019,3310100
2014-03-05,64.16230773925781,64.3605813099932,63.97725038959761,64.10943277008786,2444900
2014-03-06,64.67781829833984,64.76373633107447,64.21517497987034,64.3539679754112,3229100
2014-03-07,64.91572570800781,65.29906147777923,64.77032213723713,64.94216317927813,2741400
2014-03-10,65.25941467285156,65.26602530248495,64.77033397107367,64.9025163091435,2630100
2014-03-11,64.97523498535156,65.47753707687092,64.84966324429745,65.43127274228587,2583500
2014-03-12,65.114013671875,65.16027799628748,64.43326502304858,64.77033655372989,2625300
2014-03-13,64.17552185058594,65.38501025780525,63.83184464714877,65.31230843819527,4769500
2014-03-14,63.62694549560547,64.26143492106077,63.50137377056285,64.16229563318129,4129300
2014-03-17,64.10279846191406,64.34073069286376,63.94417865542518,63.977226759558704,2130500
2014-03-18,64.38040161132812,64.65137695526501,64.01028193622604,64.01028193622604,2023100
2014-03-19,64.07636260986328,64.76372184529984,63.699637408390956,64.46630907029694,2511300
2014-03-20,64.04993438720703,64.07636682200155,63.6005073592023,63.97062195552389,1941700
2014-03-21,64.01688385009766,64.80338237986015,63.87148025208109,64.58527698283531,4303700
2014-03-24,64.3341064453125,64.41341885298446,63.66657925652555,64.15565983109016,3500000
2014-03-25,64.53900909423828,64.77694132467714,64.32090370926387,64.50596099017571,2308300
2014-03-26,63.9442024230957,64.92897477462914,63.92437557021917,64.77035490918222,3253100
2014-03-27,64.14247131347656,64.16890375168202,63.61373178555812,64.01028391028002,2846100
2014-03-28,64.3341064453125,64.6249135643447,64.16227045900408,64.20853476953813,1937100
2014-03-31,64.36054992675781,64.61170338663129,64.16227645270374,64.4993428713253,2397600
2014-04-01,64.3341064453125,64.63813482017252,64.16887604448632,64.59847609512072,2552200
2014-04-02,64.75051879882812,64.93557612246404,64.37379352073103,64.41344722081476,3117400
2014-04-03,65.114013671875,65.31229222931887,64.75712033636911,64.81660087814237,2182600
2014-04-04,64.83644104003906,65.70225220674926,64.59850873921854,65.35856997559331,2958400
2014-04-07,64.34734344482422,65.05452953168822,64.33412218576159,65.00165458030348,2899300
2014-04-08,64.38700103759766,64.64476013817173,63.990448963055464,64.18211689161139,3315400
2014-04-09,64.67119598388672,64.84303706074516,64.21516337876331,64.44648499620752,2984800
2014-04-10,63.86488723754883,64.85627017844956,63.73270486240249,64.7373040238441,3962800
2014-04-11,63.62694549560547,64.04332949621262,63.574075578845566,63.726084783484964,2899400
2014-04-14,63.507999420166016,64.168921491563,63.27667770366413,64.01030160630958,3179700
2014-04-15,63.30308532714844,63.83182475179699,63.084979936298446,63.712858633372704,6511200
2014-04-16,64.34074401855469,64.35396527991946,63.38240930939353,63.71287024943997,3636500
2014-04-17,64.77034759521484,64.84966004019952,63.9772433151042,64.14247379366341,3261200
2014-04-21,65.36515045166016,65.41802539243484,64.71744503324987,64.92893975391677,2660400
2014-04-22,65.43126678466797,65.68902591709166,65.29908442429874,65.53040607616181,2156400
2014-04-23,65.58987426757812,65.99303694590695,65.28585086206395,65.42464382703132,3132800
2014-04-24,65.19332885742188,65.95338996982116,65.10080020468806,65.4973522938949,3568400
2014-04-25,64.37376403808594,65.25939655056953,64.24157669429106,64.99502690541135,2708900
2014-04-28,64.94215393066406,65.08755748072737,64.4001984528844,64.63813061800047,3387400
2014-04-29,64.77694702148438,65.23959026445114,64.7306826971877,64.9818311658792,2803100
2014-04-30,65.10079956054688,65.29907812440513,64.71746369305204,64.88269414878947,2546500
2014-05-01,64.84305572509766,65.16690608273628,64.67121459877666,65.1008148933619,2383600
2014-05-02,65.14045715332031,65.5502305233395,64.7835587424843,64.82321748308851,2280300
2014-05-05,64.73727416992188,64.961990154963,64.5059525988737,64.9487688980848,2390200
2014-05-06,64.36054992675781,64.72405885950513,64.33411245506417,64.57204465787477,1876200
2014-05-07,65.31890106201172,65.35194412572109,64.50596504977902,64.64475801919767,1922900
2014-05-08,65.42465209960938,65.7286755435656,65.19994109242006,65.29908037777032,2246500
2014-05-09,65.93356323242188,66.08557242969691,65.34534320658358,65.47752555572998,2340500
2014-05-12,67.09017944335938,67.09017944335938,66.05253232450289,66.09218602253765,2861300
2014-05-13,67.75109100341797,67.88988396787263,67.18930851612066,67.24878905413,3687500
2014-05-14,67.44046783447266,67.67178947916393,67.03730509268202,67.67178947916393,3410500
2014-05-15,66.83503723144531,67.59346747577482,66.66206039873992,67.42049064306943,4405800
2014-05-16,67.41384887695312,67.46041898218397,66.84835329178993,66.9414935022516,2278100
2014-05-19,67.4537582397461,67.60012286390125,67.2275620575138,67.23421130351335,1455500
2014-05-20,66.88162231445312,67.58017904766132,66.66872965564627,67.41385649935093,2090000
2014-05-21,67.68661499023438,67.70657288159548,66.98806341379168,66.98806341379168,2017500
2014-05-22,67.6333999633789,67.71323153392821,67.4138529928461,67.61343699498047,2316600
2014-05-23,68.34528350830078,68.48499388010814,67.56688989999866,67.62011434900036,1867600
2014-05-27,68.63798522949219,68.84422863253424,68.4783170108154,68.49827490367986,1982500
2014-05-28,68.79764556884766,69.03714531388276,68.68454240431196,68.83756134706015,1866200
2014-05-29,69.2300796508789,69.30991628262129,68.81094875469181,69.14359377331145,1890700
2014-05-30,69.11034393310547,69.28997512897142,69.00390014083351,69.19018058413049,2627800
2014-06-02,69.243408203125,69.38977286552249,68.92406666009761,69.2766696690943,2914100
2014-06-03,68.81095123291016,69.29661521092045,68.57144640481745,69.13029269562054,2319200
2014-06-04,68.50494384765625,68.85754689888122,68.2587846063472,68.78436455891806,2822100
2014-06-05,68.93734741210938,68.95065097796157,68.50490792339885,68.74441271481514,2514900
2014-06-06,68.91739654541016,69.09037338640552,68.8109527726318,69.01719107197519,2103700
2014-06-09,68.85086822509766,69.21012547356477,68.75107369900783,68.79099455490002,3199000
2014-06-10,68.46500396728516,68.75772814839466,68.25876059278112,68.62467216386857,2578100
2014-06-11,68.19225311279297,68.54485614603476,68.05919708824354,68.24547755291754,2106000
2014-06-12,67.12114715576172,68.21222299116555,67.08788060589971,68.15234929232938,3116800
2014-06-13,67.21430206298828,67.53364375371385,67.06128808208368,67.18768983244749,1942300
2014-06-16,67.31405639648438,67.40719660978587,66.88161679143552,67.12777596988141,1918400
2014-06-17,67.60012817382812,67.66000184708899,66.87495931785087,67.20095512480685,2057800
2014-06-18,68.38516998291016,68.51157672614399,67.66000113456955,68.27207188410128,4459900
2014-06-19,68.10575866699219,68.50493176636401,67.9527396897563,68.33195489552374,2159300
2014-06-20,68.19225311279297,68.41180012148533,68.08580423254384,68.1390286726684,3193900
2014-06-23,68.16564178466797,68.44506248533516,67.62010395565783,68.34527300349833,1768300
2014-06-24,67.67996978759766,68.38517572855139,67.66666114205452,67.9394325423169,1685000
2014-06-25,68.13237762451172,68.23882142618677,67.53361537833375,67.64671350378907,1575500
2014-06-26,68.28538513183594,68.35856745926444,67.6134406144295,68.05253457900045,1557900
2014-06-27,68.33195495605469,68.45836171667625,68.05918861695083,68.23216041218299,2370200
2014-06-30,68.29867553710938,68.45168939849412,67.94606756469057,68.23214247484468,2069400
2014-07-01,68.42509460449219,68.85753424047837,68.29203859761705,68.7910062370408,1496700
2014-07-02,68.89079284667969,68.89744209322481,68.32529219317956,68.32529219317956,2175100
2014-07-03,69.11034393310547,69.16356836712215,68.8908020253691,69.00390014083351,1269200
2014-07-07,68.6845703125,69.15692582439785,68.49163551314528,69.15027657583414,1700200
2014-07-08,68.45835876464844,68.60472341258061,67.90616671136293,68.60472341258061,2299300
2014-07-09,68.5115737915039,68.73776997943271,68.2055358919666,68.71115776748337,1188800
2014-07-10,67.91947937011719,68.15898426682692,67.81968989295632,67.96605456047467,1597300
2014-07-11,68.21219635009766,68.45835552595268,67.89285992949961,67.93277571313415,1559100
2014-07-14,68.82424926757812,69.00388041208613,68.41842195681257,68.4583428087921,2054900
2014-07-15,69.38311004638672,69.43633447633447,68.67790411474249,68.83757232882475,2201800
2014-07-16,69.53611755371094,69.91533269969139,69.3564914638299,69.48954745072248,2309200
2014-07-17,68.2920150756836,69.3431744255331,68.21217845359998,69.17685193634526,2842600
2014-07-18,69.07041931152344,69.07041931152344,68.41843276761018,68.51822729968761,1943700
2014-07-21,69.2300796508789,69.5028510025119,68.79099086569626,68.89078538643419,1766800
2014-07-22,69.50950622558594,69.88206702702854,69.32987507077594,69.36979084928471,1471600
2014-07-23,69.4163818359375,69.71576549211467,69.36316247383287,69.54278860692976,1138300
2014-07-24,69.25004577636719,69.56273294318181,69.0903775696519,69.32322809522852,1274500
2014-07-25,68.90410614013672,69.35650368132835,68.81762024099767,69.03051290298423,1192100
2014-07-28,68.29867553710938,68.81760093790984,67.8595816898105,68.79764304953444,2521000
2014-07-29,65.77058410644531,66.3626919291255,65.76392978378571,66.24959382271716,8905800
2014-07-30,66.0965576171875,66.36932894171781,65.32482389006503,66.03002963522586,3948900
2014-07-31,64.59302520751953,65.77059174270198,64.54645509501728,65.47786242082402,3853400
2014-08-01,64.55308532714844,64.79259012370841,63.947674090559396,64.31358053058847,3345700
2014-08-04,64.65287780761719,64.93895269031388,64.13395245662306,64.69944790127667,2882900
2014-08-05,64.2071533203125,64.86578914270224,63.95433981670519,64.44000385592898,2973200
2014-08-06,63.688236236572266,63.86786236614191,63.35559112008194,63.80798868153924,4037300
2014-08-07,63.23582077026367,64.13396131533199,63.14932981597812,63.741437549618134,3779000
2014-08-08,63.82796096801758,63.901143316207175,63.11610046125199,63.43543700265858,3450800
2014-08-11,63.91442108154297,64.24706613871261,63.861196654213245,64.14062235981392,2971100
2014-08-12,64.14063262939453,64.36017454469925,63.8612068790549,63.9144313149064,2356800
2014-08-13,64.28031921386719,64.56639410615689,64.13395460724087,64.23374911864606,2930400
2014-08-14,64.3607177734375,64.52150089850636,64.12624131787803,64.50140364677317,2277700
2014-08-15,64.8832778930664,65.00386653535408,64.35402802475966,64.8229861275247,4873500
2014-08-18,65.39913940429688,65.51302727191137,65.09766520559361,65.18476013711462,2913200
2014-08-19,65.83457946777344,66.02886143552762,65.5197139798999,65.66709554155815,2640100
2014-08-20,66.18966674804688,66.37724797597265,65.74750661547456,65.74750661547456,2629700
2014-08-21,65.92837524414062,66.43082702336095,65.85468190762533,66.2298442671913,2411400
2014-08-22,65.49962615966797,65.98198079206841,65.33884298593613,65.86139213396831,2569600
2014-08-25,65.58670806884766,65.86137905646706,65.46611943469175,65.84128180264173,1785500
2014-08-26,65.2651596069336,65.63362642721646,65.23836155534886,65.60012758493413,2053200
2014-08-27,65.23835754394531,65.45273683223559,64.97708294606673,65.2450583342309,2690800
2014-08-28,65.2785415649414,65.33883332947845,64.9435736876356,64.97706740864368,1946200
2014-08-29,65.2048568725586,65.60681735640537,65.0574701692003,65.49292948970302,2339100
2014-09-02,65.62019348144531,65.84797425544065,65.31872448981976,65.40581428243968,3278100
2014-09-03,65.63361358642578,65.97528228827866,65.48622688714788,65.70730693606473,1967100
2014-09-04,65.96858215332031,66.3705426300264,65.6068161909234,65.62691344807799,3352700
2014-09-05,66.22985076904297,66.26334960209446,65.69390010744495,65.9551746493928,2155100
2014-09-08,65.9350814819336,66.29014664499404,65.74750027210578,66.10256543516623,2159300
2014-09-09,65.45938873291016,65.88144620398332,65.31870290921911,65.83455092941963,2617400
2014-09-10,65.39913940429688,65.5197280615372,65.15126130019041,65.35893977774683,1772500
2014-09-11,65.6135025024414,65.84797896951454,64.91676877799291,64.91676877799291,2088800
2014-09-12,65.68718719482422,65.92836441814292,65.5130025088267,65.72068090788333,2650900
2014-09-15,65.39913940429688,65.67381044449684,65.08426873754688,65.67381044449684,2296200
2014-09-16,65.62690734863281,65.92838151154659,65.25174495340248,65.71399715861006,2789700
2014-09-17,66.58490753173828,66.9131745872791,66.08915655442306,66.1628498889001,3795600
2014-09-18,66.74568939208984,66.98017096706337,66.64520312990527,66.71219567509618,2337700
2014-09-19,66.618408203125,67.25484507898904,66.618408203125,67.02036860426038,3901600
2014-09-22,65.74748229980469,66.4911112577804,65.65369172052877,66.43081950447583,2944800
2014-09-23,65.1981430053711,65.94177205137076,65.15124771018209,65.67379674548914,3636700
2014-09-24,65.7072982788086,65.79438808454161,65.07755705075805,65.09095862776562,2925200
2014-09-25,64.66889953613281,65.62690789872988,64.65550306956413,65.62690789872988,3310000
2014-09-26,65.30534362792969,65.42593227563002,64.66890155515395,64.93017610663726,2418400
2014-09-29,65.2115249633789,65.24502378586325,64.67557958204829,64.80956464958027,2541800
2014-09-30,65.84798431396484,66.29684003182176,65.15125053296704,65.20484661870627,4283200
2014-10-01,64.93017578125,65.97527909315036,64.81628792321611,65.9484810481063,3485900
2014-10-02,65.07756805419922,65.23835122704726,64.43443025160215,65.00387470180951,3549800
2014-10-03,66.18296813964844,66.37725016389122,65.37234631441804,65.43933888214187,3285200
2014-10-06,66.02886199951172,66.9399749748014,65.92837573188729,66.50451574068144,2497900
2014-10-07,64.6019058227539,65.6336075109941,64.58850935642539,65.6336075109941,2962900
2014-10-08,65.74748229980469,65.78767680200774,64.3473192868975,64.80287571961051,3253600
2014-10-09,64.66889953613281,65.81448909791739,64.56171246997037,65.81448909791739,3100200
2014-10-10,64.16643524169922,65.13114420580452,64.05254740877105,64.61529089703025,3595900
2014-10-13,63.42280960083008,64.69568841510932,63.389315883551234,64.22003469563936,3094700
2014-10-14,64.17986297607422,64.68901059358471,63.68410671678525,63.94538131585667,3283400
2014-10-15,64.61530303955078,64.86988190358761,63.007461278833794,63.65059900536145,4864000
2014-10-16,64.0659408569336,64.76937529534786,63.65727972394293,63.878359703010624,5222600
2014-10-17,65.15795135498047,65.34553254396013,64.45451678510263,64.58180621099773,3617900
2014-10-20,65.7072982788086,65.7072982788086,64.89667665078824,64.89667665078824,3014700
2014-10-21,67.49603271484375,67.60322489759541,66.11596658474606,66.24995170198103,3629800
2014-10-22,66.36383056640625,67.4960235650176,66.33033684724025,67.48262709959198,3564900
2014-10-23,67.31514739990234,67.82429489733072,67.01367324124173,67.01367324124173,4168000
2014-10-24,67.38885498046875,69.16418627609389,67.26157062516675,68.96990423660529,4249700
2014-10-27,68.50093078613281,68.59472138271383,67.14096202450396,67.34864047247561,4172900
2014-10-28,68.9363784790039,69.01007180840789,68.54111379300043,68.66840320037156,3530500
2014-10-29,68.74878692626953,69.30482953972457,68.00515806828228,68.95646530799843,2727200
2014-10-30,69.1976547241211,69.53262255310152,68.27314535616836,68.34013789972374,3020000
2014-10-31,70.28297424316406,70.9060096925649,70.04849260080736,70.07529064882542,5470400
2014-11-03,70.77201080322266,70.82560688883788,70.1154766436503,70.28296057779485,3592400
2014-11-04,71.73672485351562,72.35306454704211,70.82561177995281,70.83231256891847,4777300
2014-11-05,72.04488372802734,72.39994882106592,71.56252922004906,72.31285902259347,3124900
2014-11-06,72.54735565185547,72.61434821631546,71.90421783287049,72.20568692854297,2990400
2014-11-07,72.57413482666016,72.75501521478391,72.19896736307908,72.68802266774561,3172300
2014-11-10,73.0564956665039,73.22397960419768,72.30616578560233,72.57414110815319,3635600
2014-11-11,72.86221313476562,73.29097160312493,72.60763428022446,73.18377943043305,2746900
2014-11-12,72.76841735839844,72.8488063709898,72.19227224920942,72.64782872830762,3569500
2014-11-13,72.66057586669922,73.3751136936826,71.57528436934076,73.21333261157704,5920600
2014-11-14,72.01343536376953,72.78864419211988,71.77750358373085,72.75493744800275,4476100
2014-11-17,71.7707748413086,72.11456415349342,71.61573098901252,71.95952030119734,2918400
2014-11-18,71.47416687011719,72.06737272284553,71.4337228866776,72.00670160475845,3360700
2014-11-19,71.21127319335938,71.57528448588546,71.03600735408506,71.33935266932075,3621400
2014-11-20,71.93252563476562,72.35720274066126,70.8876836667261,71.00901557447409,6990400
2014-11-21,72.36395263671875,73.17286810625072,72.24261557343527,72.5392184265563,3807100
2014-11-24,72.30327606201172,72.78862424389376,72.28979131088963,72.56617213671021,2689100
2014-11-25,72.20895385742188,72.58644486593526,72.10109634474418,72.28310461165547,2735900
2014-11-26,72.11455535888672,72.39093113632515,71.93928953482367,72.2156653122621,1783900
2014-11-28,74.09639739990234,74.8850859982235,73.34141555245431,73.61104898772682,3988800
2014-12-01,74.0087661743164,75.0401289665537,73.51667538918805,74.35255548603818,4819000
2014-12-02,74.42671966552734,74.932290156404,74.17730303857375,74.37279091219754,3354000
2014-12-03,74.7569808959961,74.97269064120395,74.35926299965679,74.6760878129459,3428900
2014-12-04,74.44017028808594,74.67610206334759,73.94807960574566,74.67610206334759,2402200
2014-12-05,74.81092071533203,74.99292375053544,74.39972314895113,74.5749838071687,1912400
2014-12-08,74.29185485839844,74.89179774950713,74.1570381958963,74.89179774950713,3085400
2014-12-09,74.17054748535156,74.21099147170122,73.22007780563808,73.65823470556758,2961300
2014-12-10,74.1907730102539,74.9862040182068,73.71216695826344,74.278408508754,4480700
2014-12-11,74.57498931884766,75.20863908625192,74.23794244562022,74.44691500421169,3574800
2014-12-12,74.15032958984375,74.97272497725419,74.1166228374043,74.38626142813486,4212900
2014-12-15,74.65589141845703,75.16146178923665,74.19076503160291,74.2649157640848,4275700
2014-12-16,74.03572082519531,75.09404785026855,74.03572082519531,74.33231859013702,4884300
2014-12-17,73.17288208007812,73.47622222475248,71.77076577946835,73.35488513829725,6501500
2014-12-18,74.77720642089844,74.89180110344984,73.6851728911921,73.96829612380753,3766100
2014-12-19,74.79743194580078,75.49174759319065,74.39971915474307,74.68957963445139,5581100
2014-12-22,75.4985122680664,75.4985122680664,74.83116078714531,75.0738349880126,2349800
2014-12-23,75.80184936523438,76.24001138470089,75.55917517423532,75.55917517423532,2664400
2014-12-24,75.77489471435547,76.2197939961061,75.77489471435547,76.05127052789653,1283300
2014-12-26,75.4513168334961,75.88947881810816,75.36368649374462,75.795106100552,1289600
2014-12-29,75.80184936523438,75.943413595757,75.14798266813291,75.3502077320136,1760600
2014-12-30,75.5928726196289,76.1119276865231,75.32323409137854,75.70073008809992,2346100
2014-12-31,74.93901062011719,75.97037336779171,74.87160226500714,75.80184990855267,1393800
2015-01-02,74.40645599365234,75.26255781791372,73.74584708996038,75.00639893683088,2662900
2015-01-05,72.91671752929688,74.1435679120031,72.7751584631685,74.1435679120031,3519600
2015-01-06,72.43812561035156,73.38860042197561,71.80447573593554,72.91673163401099,3808900
2015-01-07,73.11219787597656,73.3211652652103,72.52573453928403,72.97738120090831,1949500
2015-01-08,74.42671966552734,74.57501602279082,73.6717325476971,73.6717325476971,2876100
2015-01-09,73.88069152832031,74.58849219119195,73.55712933146864,74.44019070808145,2060200
2015-01-12,73.90763854980469,74.55476793450302,73.54362730661303,74.09638397747581,2198200
2015-01-13,74.22445678710938,75.41086312424255,73.76607287114383,74.48061053844167,3233600
2015-01-14,73.72563934326172,73.93460677151653,73.09873191556984,73.48970240344538,2981000
2015-01-15,73.67169189453125,74.3929718577848,73.50316849056615,74.0491826736767,2847300
2015-01-16,74.35254669189453,74.3795059175725,73.11221145068295,73.67845290554165,4495200
2015-01-20,75.03337097167969,75.24234352386418,74.04245237190361,74.7367732295235,4124800
2015-01-21,75.28277587890625,75.71419538537009,74.68283296701352,74.90528509648193,2144300
2015-01-22,77.01519012451172,77.11630518827128,75.43107126869772,75.80856202094596,3008100
2015-01-23,69.38448333740234,70.76637784983403,69.22943948197253,69.90353336258738,19275400
2015-01-26,68.99351501464844,69.09463013611631,67.13975664514288,68.55535291690684,10903700
2015-01-27,67.98236846923828,68.71713349113291,67.78688062199895,67.78688062199895,4766300
2015-01-28,66.93753051757812,68.69691611815301,66.87011700901527,68.19134566150342,5481400
2015-01-29,67.6925048828125,67.88125034268442,66.2566867977056,66.91055867149623,4648300
2015-01-30,66.62742614746094,68.26547422384822,66.60720415711116,67.09929487497419,5916300
2015-02-02,67.49700164794922,67.58463712213413,66.29037328422922,66.7352776035243,3811800
2015-02-03,67.79361724853516,68.51489745125048,66.89707120748935,68.00932707150811,5581600
2015-02-04,67.76664733886719,68.25873806448347,67.30152098178456,67.45656481512124,4278600
2015-02-05,68.39354705810547,68.91933932795057,67.8812343995447,68.07672219219192,4026400
2015-02-06,67.86101531982422,68.46095833476507,67.62508354028462,68.17109782192297,2965400
2015-02-09,67.71945190429688,68.0699835053308,67.32173909331128,67.62507919854006,2626200
2015-02-10,68.13739776611328,68.2924364492153,67.51049037030336,67.97561156253659,2750900
2015-02-11,68.02283477783203,68.60255094402717,67.7599333601749,68.15090915338546,2826100
2015-02-12,68.35985565185547,68.54185871743076,67.78687179975809,67.99584437777727,2981600
2015-02-13,68.61601257324219,68.73734967012834,68.15088617802395,68.1980725410948,2106000
2015-02-17,69.10135650634766,69.31032393748687,68.52837780801501,68.69015887912514,3814800
2015-02-18,69.17549896240234,69.29683603695561,68.79126575013812,69.10134824223495,2348400
2015-02-19,69.04650115966797,69.56248434506858,69.00576741705902,69.29091397486964,2435200
2015-02-20,69.2230453491211,69.28415116282181,68.53733110523348,68.90395044811075,3411700
2015-02-23,69.09402465820312,69.31127991549027,68.87676940091598,69.31127991549027,1728100
2015-02-24,69.46741485595703,69.53530613339498,69.00574691769752,69.08042887681101,2715800
2015-02-25,69.2230453491211,69.64397981978217,69.08047202352031,69.55571644218955,2215100
2015-02-26,69.1551284790039,69.37238373009569,68.91071567405393,69.03292207652892,2125500
2015-02-27,69.06688690185547,69.54892194411964,69.04651484673866,69.12119684284191,2130900
2015-03-02,69.20263671875,69.50136456155226,68.89712337390044,69.06685416098854,2315600
2015-03-03,68.91072082519531,69.18908188821922,68.70025624177909,68.82924815753057,2767400
2015-03-04,68.17749786376953,68.80889693741575,68.09603035734766,68.57127474405972,4511700
2015-03-05,68.38114929199219,68.53729873590359,68.10957896110811,68.34720105821671,2589300
2015-03-06,68.31326293945312,68.72061587532151,68.00774435272163,68.15031762128689,3008500
2015-03-09,68.2657470703125,68.88356464484129,68.23179882983074,68.42189654507037,3602000
2015-03-10,67.5324935913086,68.17746857905973,67.52570290876518,67.89232206951333,3579600
2015-03-11,67.02332305908203,67.84481980277127,67.00974168956084,67.55967320012373,3079300
2015-03-12,67.66829681396484,67.72261193134142,67.26094379318991,67.3899409020156,1951700
2015-03-13,66.89434051513672,67.70905193126048,66.43267226659937,67.52573966122786,3449500
2015-03-16,68.06885528564453,68.16390413853713,66.95542142623925,67.01652204033849,2714200
2015-03-17,67.62078857421875,68.02814169254172,67.59363100902709,67.73620434145134,1987000
2015-03-18,68.06885528564453,68.27931986279614,66.80605746318689,67.15230981573792,3016000
2015-03-19,67.83125305175781,68.29291608422302,67.81088099464125,67.95345431580412,2128400
2015-03-20,68.06206512451172,68.36079305291008,67.86517673350134,68.08922267980012,4137400
2015-03-23,67.81085968017578,68.21142713448607,67.81085968017578,68.0077480655454,2670900
2015-03-24,67.38993835449219,67.94665533711994,67.28130812384555,67.7158186868831,2656000
2015-03-25,66.16787719726562,67.57324849720573,66.12035276411885,67.45104207200335,3483600
2015-03-26,65.61116790771484,65.98457791192168,65.44822771486793,65.97099654098216,3278700
2015-03-27,65.57720947265625,65.77409788248984,65.39390243165232,65.67904901978045,2506900
2015-03-30,66.03888702392578,66.34440570890992,65.82842239499413,65.90989508027829,2488000
2015-03-31,65.81482696533203,66.20181304270317,65.70619675004075,65.91666131745042,2718100
2015-04-01,65.54324340820312,65.86233812664685,64.95257838599201,65.50929517781744,3394700
2015-04-02,65.49574279785156,65.85557137971908,65.33280262827986,65.85557137971908,3010600
2015-04-06,65.7469482421875,65.93026048504136,65.05444856194275,65.1766549972536,2513600
2015-04-07,65.63832092285156,66.46660838042303,65.55684824218429,66.05925533663664,2518300
2015-04-08,65.63152313232422,65.69262893115287,65.19022189109309,65.61794694357032,2992000
2015-04-09,65.65188598632812,65.82840750796933,65.12232660117859,65.4617882767641,3378400
2015-04-10,65.71300506591797,65.93705106024319,65.46180151048286,65.71979575113923,3173700
2015-04-13,65.27848815917969,65.95062089763105,65.26490679004552,65.50253413192169,3192000
2015-04-14,65.55006408691406,65.71979495696844,65.0408714767509,65.24454541295111,3221200
2015-04-15,65.59759521484375,65.80126917182041,65.31244338743544,65.62475277839576,2705000
2015-04-16,65.27168273925781,65.67903566515233,65.2309490006004,65.37352226567481,2520800
2015-04-17,64.75572967529297,65.08161527520801,64.41626788277875,64.84399305640324,3699300
2015-04-20,66.16787719726562,66.55486334711074,65.0476524962062,65.0476524962062,5021400
2015-04-21,66.26972961425781,66.52093319810375,65.96421608182486,66.28330580646063,3277600
2015-04-22,66.6295394897461,66.71779766362056,65.94382543187751,66.26971093039924,2904900
2015-04-23,66.683837890625,66.94182684329124,66.19501235523802,66.23574608992928,2420200
2015-04-24,66.60238647460938,66.88074756313699,66.36476431353375,66.86716619406145,2253000
2015-04-27,66.14750671386719,66.7789056796665,66.01850961103229,66.56165040002449,3906300
2015-04-28,68.41509246826172,69.0940157067986,67.01651225440317,67.34918319094973,8282700
2015-04-29,68.74100494384766,69.2366213820501,68.43549143822955,68.84963519103871,5454500
2015-04-30,68.2521743774414,68.77494834057212,67.94666089337015,68.53053548140515,4045700
2015-05-01,68.82923126220703,68.85638881142899,68.08920747005702,68.5372940827871,2846100
2015-05-04,68.86319732666016,69.22302588243063,68.65951824463669,68.78851534190316,2993000
2015-05-05,67.96702575683594,68.80209868446312,67.83802864615582,68.57805788666971,2845200
2015-05-06,67.36278533935547,68.34043676200388,66.92827474701726,68.16391521518685,3403200
2015-05-07,67.64791870117188,68.0484861505573,67.40350589335762,67.41708726033276,3151700
2015-05-08,68.13675689697266,68.80888965267164,68.07565109385014,68.17749064587115,2964400
2015-05-11,68.2521743774414,68.48301104655462,68.04850044798555,68.13675863277226,4080400
2015-05-12,67.87197875976562,68.14354917825938,67.67509033585203,68.0485003087528,2438400
2015-05-13,67.50532531738281,67.9873601059302,67.32201835601444,67.64110786804292,3205100
2015-05-14,68.85271453857422,69.29727965554055,67.98410702967915,67.99094793802502,5966400
2015-05-15,69.85127258300781,70.15220993049049,69.54349954532535,69.78287915442105,5347800
2015-05-18,69.70081329345703,69.92651109947516,69.30412407862545,69.59137962670992,2769300
2015-05-19,69.81708526611328,70.33687954837984,69.55718290689538,69.86496119258743,3198300
2015-05-20,69.7350082397461,70.10433904233439,69.51614612170316,69.89915352375718,2627600
2015-05-21,69.79658508300781,70.070158891864,69.50248854221007,69.70766889885222,2159500
2015-05-22,69.37252044677734,69.94703156725657,69.20153424881309,69.94703156725657,2200500
2015-05-26,68.75013732910156,69.36568876729238,68.52443948350272,69.35201216559274,2364900
2015-05-27,69.02371215820312,69.1741808582406,68.38080755543167,68.7501331779609,2068600
2015-05-28,68.3055648803711,69.03054465428062,68.23033053952187,68.80484163173296,2722100
2015-05-29,67.8609848022461,68.23031551652706,67.56004750510978,68.22347460938762,4231800
2015-06-01,68.03882598876953,68.47655021108353,67.63529587308622,68.23716537424691,2857600
2015-06-02,68.00463104248047,68.3944793661441,67.41643810248485,67.66949955465007,2324900
2015-06-03,68.80482482910156,69.3519825892789,68.05248682242008,68.29186638571649,3611600
2015-06-04,68.4628677368164,68.85955694013218,68.32608087543787,68.42867363051391,3125800
2015-06-05,68.7432861328125,68.87323208294957,68.23716327662669,68.49706561306918,2692100
2015-06-08,67.89520263671875,68.79117393420373,67.85416761570352,68.75013369510341,2819900
2015-06-09,68.13457489013672,68.52442317184325,67.72420388363795,67.81996094508268,2348300
2015-06-10,68.7090835571289,68.95530406521854,68.12089070092411,68.35343461104607,2682400
2015-06-11,69.07843017578125,69.1878638569782,68.70909932886924,68.94847898388116,1899000
2015-06-12,68.4355239868164,69.05791634106275,68.18246771722713,68.72962049808169,2420400
2015-06-15,68.36711883544922,68.51074661150938,67.71053247999517,68.13458011747122,2152500
2015-06-16,68.63385009765625,68.71592534075994,67.58741553398319,68.34659457391933,3061900
2015-06-17,68.68172454833984,68.87322822673254,68.05249668559708,68.33291651330342,2846600
2015-06-18,69.35200500488281,69.5435087174168,68.72961272106254,68.72961272106254,2948900
2015-06-19,68.96897888183594,69.32463303681678,68.70908178249132,69.13312936171192,3600600
2015-06-22,69.34516906738281,69.54351370332323,69.09894849987644,69.1878646714169,3236200
2015-06-23,68.90741729736328,69.54348597344689,68.79798365851389,69.27674800135536,1493300
2015-06-24,67.97727966308594,68.94164442668173,67.71738249309473,68.8732457657657,2565500
2015-06-25,67.66950225830078,68.23033680278722,67.6147854202814,67.96359874004884,2227900
2015-06-26,67.94992065429688,68.19614122082521,67.73105850828115,68.0046374953221,2782500
2015-06-29,66.55467224121094,67.71054071718035,66.50679631003331,67.5121960828487,3507600
2015-06-30,66.28107452392578,67.20439870191662,66.21267588859936,67.20439870191662,3059400
2015-07-01,66.30158996582031,66.98553455315303,66.01432927339742,66.69827386073014,2893300
2015-07-02,66.47943115234375,66.58886482285082,66.20585741224528,66.49311297019943,1836000
2015-07-06,66.110107421875,66.62990171717207,65.76129410991359,66.05539058508012,2721000
2015-07-07,66.68464660644531,66.70516412435339,65.72712243206871,66.31531562983918,3755900
2015-07-08,65.30989837646484,66.28110412008496,65.16627057069584,66.21954636442078,2782300
2015-07-09,65.48770904541016,66.2195297106146,65.46719153804398,66.05538443360093,2042100
2015-07-10,66.31529235839844,66.56151292306518,66.08958930443974,66.34949168830192,1951700
2015-07-13,66.8624496459961,66.9855599270731,66.38368512265883,66.76669778494565,2489900
2015-07-14,66.93769836425781,67.10184370156477,66.52732719386113,66.9582158791604,2419200
2015-07-15,66.46575927734375,66.9992354137768,66.33580808890007,66.96504130287609,2092900
2015-07-16,66.67095184326172,67.01292429682812,66.59571748603027,66.93768993959667,1548400
2015-07-17,66.75302124023438,67.10867551059589,66.3836903678215,66.45892472431775,2653400
2015-07-20,66.74617767333984,66.93768662103446,66.54783825201966,66.75301858313597,1777000
2015-07-21,66.99923706054688,67.46431976852475,66.73249898577421,66.77353400709767,2178900
2015-07-22,66.49994659423828,67.45746501585862,66.22636766602503,67.320678160794,2691000
2015-07-23,65.73394775390625,66.78722357410575,65.5356030976915,66.78722357410575,1940400
2015-07-24,64.80376434326172,65.70657119451835,64.64645475655054,65.70657119451835,2959700
2015-07-27,65.05683135986328,65.1320657054319,64.39340406789537,64.63278370466608,3628300
2015-07-28,68.35344696044922,68.71593688004884,66.9103229732276,66.95135799262835,7592900
2015-07-29,69.00320434570312,69.72818430986294,68.53812157935316,68.64071436362322,5563700
2015-07-30,69.35200500488281,69.4477568611498,68.57914402747589,68.66806019264153,2871000
2015-07-31,70.00857543945312,70.28215434560211,69.46825853478187,69.70080243133778,4222900
2015-08-03,70.27534484863281,70.54892387706221,69.6939926745241,70.09751769744082,2756900
2015-08-04,70.2000961303711,70.52839194097139,69.91968146668438,70.3915998456859,2431500
2015-08-05,70.4052734375,71.17812911773763,70.4052734375,70.48050777659476,3196700
2015-08-06,70.05646514892578,70.59678215997107,69.89915555104287,70.52838872448989,2043100
2015-08-07,69.85812377929688,70.03595089427834,69.42039951017703,69.9880749654085,2982900
2015-08-10,70.74040985107422,70.7746091778142,70.28900378491286,70.28900378491286,2690800
2015-08-11,70.43946075439453,70.76775649499088,70.12484682945176,70.19324025346822,3465200
2015-08-12,70.3232192993164,70.52840487081852,69.45461151187396,70.14539215188698,3762500
2015-08-13,70.15098571777344,70.52984724188995,69.9167842340624,70.22675802259674,1829900
2015-08-14,70.7640609741211,70.7847251946793,69.83412900582658,70.08211016331886,2278800
2015-08-17,70.88115692138672,70.89493131569257,69.94434044669242,70.42652307834543,2181600
2015-08-18,70.78470611572266,70.9362506994988,70.49539133969753,70.9362506994988,2080900
2015-08-19,70.47476196289062,70.95006016416434,70.05457186575839,70.50920584182857,2119900
2015-08-20,69.6068115234375,70.23364893485068,69.6068115234375,69.83412318603112,3779400
2015-08-21,68.29115295410156,69.48972528601648,68.00184329732863,68.99376812671916,6566500
2015-08-24,65.79066467285156,67.12700165630262,64.75052183987026,65.24648412461357,7929500
2015-08-25,65.06739044189453,67.44387569549552,65.03295182556224,67.19589453415634,6023000
2015-08-26,66.56214141845703,66.65857792303271,64.50252570588314,65.8595318486349,5886900
2015-08-27,68.29803466796875,68.36002733474284,67.09257265254206,67.15456531931615,4739800
2015-08-28,67.94673919677734,68.25671309652137,67.43011252693846,67.93984936966798,2778400
2015-08-31,67.2647476196289,67.71249147940786,67.16142130500381,67.69871183458069,2892700
2015-09-01,65.57714080810547,66.65172781601999,65.30161079851524,65.99733090474804,5168600
2015-09-02,66.61725616455078,66.63103581252443,65.56333907658924,66.32794662185465,3578900
2015-09-03,66.65858459472656,67.12699277328825,66.41749330915714,66.94789939280575,3320200
2015-09-04,65.64603424072266,66.0662243736889,65.19829005333587,65.57026190491574,3334000
2015-09-08,67.45765686035156,67.49210073553728,66.36240574529513,66.69993890484321,2857800
2015-09-09,66.85148620605469,68.0982767574861,66.74127000539451,67.95362193566791,2773200
2015-09-10,66.69303131103516,67.18899355135423,66.45882983943787,66.85146573712446,2928200
2015-09-11,66.94100952148438,66.94789934546601,66.25906409838566,66.45193712670482,2129000
2015-09-14,66.82394409179688,67.0856997320223,66.48641085853413,66.9961529945396,1788100
2015-09-15,69.24172973632812,69.43460805628962,67.27166539442007,67.43698441327594,5206700
2015-09-16,68.93863677978516,69.09706595276303,68.16024954207208,68.8490848290274,3237200
2015-09-17,69.31063842773438,70.11657480057585,68.78712191182606,69.13842953155124,3879700
2015-09-18,67.7262954711914,68.84909526721324,67.5609764487691,68.821546476307,5127500
2015-09-21,68.64244079589844,68.69065905815762,67.67118047059671,67.8433893008647,3044700
2015-09-22,67.85719299316406,68.38759406594436,67.5403292638488,67.84341333883827,3606800
2015-09-23,67.20967864990234,67.84340604035752,67.20967864990234,67.74696949204468,3395600
2015-09-24,67.16146850585938,67.46455784033124,66.51396138417797,66.94793115951694,3826000
2015-09-25,68.02938842773438,68.55978939559745,67.28544490324826,67.56098012587985,3294200
2015-09-28,67.0030288696289,67.83652447546501,66.94792602200667,67.45077300972159,2499000
2015-09-29,67.60227966308594,67.71938037462787,66.76878978118945,66.98232699110653,2616000
2015-09-30,67.9811782836914,68.40136836596535,67.49210570137538,68.16027173272124,2985000
2015-10-01,67.90538024902344,68.27046209088982,67.38186398718318,68.19468979291047,3053300
2015-10-02,68.45645141601562,68.45645141601562,66.78947122223671,66.85835370235884,3554600
2015-10-05,69.93744659423828,70.25431019899058,68.71132061116313,68.71132061116313,3088100
2015-10-06,69.86859130859375,70.21989891695011,69.44151136793704,70.19234486380469,2339000
2015-10-07,70.42652893066406,70.93627090408049,69.87546377089618,70.25432008284967,2901800
2015-10-08,71.21180725097656,71.32202344606556,70.30943448912447,70.40587103212863,2689600
2015-10-09,71.4184799194336,71.76289774210537,71.14983443818153,71.21182712367097,2418200
2015-10-12,71.92131805419922,71.92131805419922,71.19114884061386,71.34958332014025,1792500
2015-10-13,71.15669250488281,72.04528546599555,71.14291285510319,71.39778382206055,3060800
2015-10-14,70.85359191894531,71.3908825555158,70.64005468015338,71.19111970889934,2227500
2015-10-15,71.5011215209961,71.62511211170708,70.8949429640102,71.19114241651992,2847400
2015-10-16,71.60443878173828,71.76976306405744,71.18424876112202,71.68021109728528,2083200
2015-10-19,71.81797790527344,71.85930634618241,71.32890541806213,71.32890541806213,2296800
2015-10-20,72.0246353149414,72.16929013350277,71.53556276016798,71.63199930587555,2248700
2015-10-21,72.5068130493164,73.30585935156851,72.20372380256724,72.20372380256724,3286500
2015-10-22,73.31275939941406,73.44363982065033,72.77546857281949,72.88567951538879,3570200
2015-10-23,73.56763458251953,73.87760845991247,72.65148209277012,73.87760845991247,4060200
2015-10-26,73.14054870605469,73.9258207030768,72.98900406533157,73.66406512253523,3486800
2015-10-27,71.0189208984375,72.02461984146882,70.23364904901035,70.8053836295887,5144600
2015-10-28,70.69518280029297,71.22558905826274,70.1027838722579,71.08093423937942,3542700
2015-10-29,71.2738037109375,71.37713007786225,70.52986017555614,70.79161575042113,2762500
2015-10-30,70.96382904052734,71.48045565200742,70.90183636974061,71.27380816065399,3232500
2015-11-02,72.03150939941406,72.14172557350612,70.95003815426873,70.95692797899859,2648200
2015-11-03,71.96952056884766,72.3483768627867,71.45289404996983,71.83175034390887,2785900
2015-11-04,71.638916015625,72.16243264263568,71.44604285183148,72.0797704629815,2817500
2015-11-05,71.79732513427734,72.08663477756981,71.4391277379553,71.72155281026298,2540900
2015-11-06,72.32083892822266,72.34839297934845,71.20492876231671,71.4804587627788,2877700
2015-11-09,71.645751953125,72.16926293095564,71.29444452309463,71.98327973587816,3416800
2015-11-10,71.87309265136719,72.27261849768178,71.35646603280797,71.62511670942467,2148900
2015-11-11,72.18995666503906,72.58259265807547,71.60444233306421,72.04529659698589,2581000
2015-11-12,71.17024993896484,71.89860257777242,71.06619880595512,71.7876132912926,3296100
2015-11-13,70.60144805908203,71.54483589169799,70.35866559309869,71.54483589169799,3114400
2015-11-16,71.54483795166016,71.57258527603729,70.50433710269213,70.55289359728687,2226500
2015-11-17,71.54483795166016,72.30787084911783,71.32286464890409,71.69050743544436,2098200
2015-11-18,71.91942596435547,72.04428629019986,71.17026400928911,71.60033964103347,2141600
2015-11-19,72.21073150634766,72.61999777622084,71.89164533085383,72.14136586685058,1552700
2015-11-20,72.21073150634766,72.83503284633953,72.09974754160413,72.54369398509634,2646800
2015-11-23,71.85699462890625,72.55066194398678,71.63502129977095,72.23157561412113,2290400
2015-11-24,71.72518157958984,71.96102586113463,71.21880225118464,71.49627015884803,1557700
2015-11-25,71.7876205444336,71.89860984212736,71.47547240612667,71.69744570925317,1354700
2015-11-27,72.26626586914062,72.42581169074043,71.94024136276073,71.99573602177475,954100
2015-11-30,71.45465087890625,72.41884774376865,71.44771272593499,72.17606531237526,3998700
2015-12-01,72.40498352050781,72.48822549327384,71.5517757917651,71.7668109394178,3424200
2015-12-02,71.65583801269531,72.0928465296916,71.47548302328306,71.9541151792279,3577100
2015-12-03,70.9552230834961,71.95410560921958,70.6846932814895,71.7529414732191,3927900
2015-12-04,71.6280746459961,71.71824947438039,70.8997219884917,71.05926776883688,3560900
2015-12-07,71.06622314453125,71.62809733830876,70.69858026861326,71.44774233214177,2521500
2015-12-08,70.17138671875,70.7471265565376,69.92166606697597,70.55290055899368,3738100
2015-12-09,69.6858139038086,70.71244380076453,69.42915510650427,70.14363684620093,3118900
2015-12-10,69.67888641357422,70.34481175756689,69.62339704512661,69.74825738559247,3232400
2015-12-11,67.60480499267578,68.6730531207363,67.46607366893213,68.53432179699266,5746600
2015-12-14,67.88920593261719,67.9169532537117,66.46718615702113,67.60479986059383,4132600
2015-12-15,68.60367584228516,69.06843151961668,68.06261636213682,68.35395526802287,3434200
2015-12-16,69.72049713134766,69.96327961162122,68.79791841404693,69.08231923600708,3483100
2015-12-17,69.36672973632812,71.07315065277042,69.35285871897591,71.0315323084523,4792100
2015-12-18,67.97940063476562,68.73549550970331,67.21636760446043,68.61757332976546,7053500
2015-12-21,67.20941925048828,68.53432623475224,66.82790014709784,68.33316209771557,3311100
2015-12-22,67.97940063476562,68.18750295769519,67.01520343689837,67.6672524426332,2458600
2015-12-23,67.45219421386719,67.7643476161164,67.20247360897203,67.6186781453043,4812200
2015-12-24,67.52157592773438,67.77823474719936,67.07069639326546,67.27879341865224,1497600
2015-12-28,67.28572082519531,67.47300864735104,66.80015588459827,67.38977196739779,2274600
2015-12-29,67.78514862060547,67.8822615894508,67.39669674522408,67.5007425745156,1688900
2015-12-30,67.34814453125,67.77822009167397,67.30652619362404,67.63255061772246,1727300
2015-12-31,66.75160217285156,67.32734197148267,66.59899453022844,67.21635796283205,2178600
2016-01-04,65.78739929199219,66.17585654979844,65.24633968505114,66.13423291616067,3730800
2016-01-05,66.43946838378906,66.66144175900372,65.56544590351643,65.78741927873108,2839600
2016-01-06,65.4960708618164,66.27298021023972,65.27409751830432,65.8220953677821,2443000
2016-01-07,64.23357391357422,65.18389976815801,64.00466249504336,64.53185098528591,3790800
2016-01-08,63.39423370361328,64.51103812025876,63.26937341814175,64.40004884772415,3941100
2016-01-11,63.581539154052734,63.77576512653445,62.92255212769166,63.664775832395854,3484000
2016-01-12,64.51105499267578,64.58042066002213,63.581543407260234,63.581543407260234,4436200
2016-01-13,62.85318374633789,65.04516928815495,62.49941200189917,64.73302117334822,4274500
2016-01-14,63.22777557373047,63.74108789487372,62.152589139780545,62.99192593930583,4001900
2016-01-15,62.45779800415039,62.50635449854431,61.33405518669846,62.131773559393665,5459500
2016-01-19,62.67282485961914,63.4358576529643,62.13870349195561,63.01272027540503,3772000
2016-01-20,61.528263092041016,62.013833185618324,60.557133489405224,61.77798364479291,4836900
2016-01-21,61.78493118286133,62.56184027525248,60.98721292328955,61.604576246862266,3467600
2016-01-22,62.360687255859375,62.908685022142635,61.95142082361138,62.61734075305073,2866000
2016-01-25,62.02771759033203,62.61040076998364,61.84736793505036,62.40923665392895,2069800
2016-01-26,63.07514953613281,63.34567928141508,62.34679696513596,62.37454428417259,2307700
2016-01-27,63.0335578918457,63.914513152146796,62.686724195429775,63.13067090346119,3333900
2016-01-28,63.12369918823242,63.54683649628155,62.61038707227064,63.10289002427253,2286100
2016-01-29,64.64978790283203,64.68447338348105,63.560730492945375,63.560730492945375,5220900
2016-02-01,65.26020050048828,65.55153940548139,63.845119014759085,63.845119014759085,5521800
2016-02-02,65.68335723876953,66.59205969314188,65.21166327091932,65.97469622978429,7634600
2016-02-03,66.1273193359375,66.40478737463043,65.1839311797391,66.05795364932993,4857500
2016-02-04,66.76547241210938,67.28572284648945,66.01631051645941,66.12729981607914,5545600
2016-02-05,66.15503692626953,67.0637391844877,65.95387282096546,66.5018704956365,4273300
2016-02-08,67.49381256103516,67.5770492279794,65.42668222500484,65.47523871147568,4545100
2016-02-09,67.65335845947266,68.61062254417759,66.80708366260735,66.83483098456726,5427500
2016-02-10,66.67529296875,67.9793853956153,66.51574718463496,67.66029911964594,3634400
2016-02-11,65.96083068847656,66.38396822690166,65.35734343603526,65.62093514347129,3897000
2016-02-12,67.45916748046875,67.50772399601351,66.52965552796512,66.7654999485359,3266700
2016-02-16,68.36783599853516,68.68692226827666,67.63948863029717,67.91695656249952,3205700
2016-02-17,68.18748474121094,69.01988322602767,68.17360843418304,68.54125118651477,3004300
2016-02-18,68.14553833007812,68.55807822690986,67.99171007480496,68.39725632332683,2654700
2016-02-19,68.08260345458984,68.16650588603196,67.46729050620102,67.97772008069721,2313000
2016-02-22,68.53711700439453,69.15942385287364,68.0826310906915,68.0826310906915,2574300
2016-02-23,67.80294799804688,67.97775192489155,67.13170155911442,67.90083777031249,3699700
2016-02-24,67.73300170898438,67.84487340558849,66.65620928939366,67.25753499558834,2366700
2016-02-25,68.32733154296875,68.41822762691275,67.46030591779507,67.93577261571424,2146400
2016-02-26,68.13153076171875,68.88667912306177,68.1105551592632,68.50211396400317,2372900
2016-02-29,67.50926208496094,68.3203493321367,67.48129282339058,68.13156348477574,3124000
2016-03-01,68.77483367919922,68.83776051055096,67.84487582889203,68.12456308227796,2666900
2016-03-02,69.06149291992188,69.20133918084993,68.57204434314713,68.58602630194524,2605000
2016-03-03,69.65585327148438,69.76073133369154,68.76784655779521,68.83077872971067,2541400
2016-03-04,70.20124816894531,70.7746047546021,69.57894670407117,69.60691596856562,3789700
2016-03-07,70.83053588867188,70.87948076277924,69.7607316381691,69.89358429699958,3349700
2016-03-08,70.35506439208984,71.06826184333012,70.18026051991822,70.29912587269312,2985100
2016-03-09,69.6138916015625,70.02643150945983,69.14541850945787,69.57194037975933,3442800
2016-03-10,69.83065795898438,69.96350528417408,69.11745512021345,69.96350528417408,2455200
2016-03-11,70.49490356445312,70.69068304277533,70.04041244143903,70.04041244143903,2315100
2016-03-14,70.82353973388672,71.0402948351803,70.25717687716941,70.31311006374806,2097100
2016-03-15,70.9144287109375,70.99833648426868,70.33407861489206,70.59978389647888,1796300
2016-03-16,71.08922576904297,71.410864200818,70.41098600296934,70.76059368984524,2252200
2016-03-17,72.54359436035156,72.98409812131626,71.73949562100559,72.1100789121554,4641200
2016-03-18,73.41061401367188,73.70428849860174,72.59952702683799,72.64847188522806,4963700
2016-03-21,73.52249908447266,73.7462477951558,73.01906315178809,73.15191578252153,2789700
2016-03-22,73.31974029541016,73.64137879639574,72.93516962325832,73.04005301880801,2482600
2016-03-23,73.33372497558594,73.56446738742572,73.10997621293285,73.23583522533717,2210400
2016-03-24,73.71829986572266,73.76025109405256,72.93517648448413,72.94916378365518,1996700
2016-03-28,73.45955657958984,73.81615787078289,73.3336976141446,73.68330525876034,1930900
2016-03-29,74.18675231933594,74.32659859904619,73.15191652243067,73.36167794011087,1988400
2016-03-30,73.92805480957031,74.54336250953634,73.8860982533837,74.36855864009921,2277700
2016-03-31,73.74625396728516,74.04691682254716,73.59941936372797,73.87211296098995,3303900
2016-04-01,73.38265991210938,73.64137155106603,73.00508826062425,73.36168430198138,2764400
2016-04-04,73.33372497558594,73.93505077545196,73.17290838643066,73.44560202420813,2796200
2016-04-05,72.66249084472656,73.23584747836485,72.53663181126488,72.99811671215511,2178700
2016-04-06,73.18687438964844,73.29875141387254,72.34781804632829,72.7323833142708,2411100
2016-04-07,72.71139526367188,73.03303365139293,72.30585445673007,72.6414748027915,2107700
2016-04-08,72.93516540527344,73.6413745375694,72.74637957187473,73.05403609180381,1735100
2016-04-11,72.6205062866211,73.63436640482438,72.57855507291578,73.14491779629653,1922500
2016-04-12,73.57843017578125,73.85811203498814,72.71839298841047,72.76733784723062,2555700
2016-04-13,73.79517364501953,74.2286889941527,73.74622879387455,73.81614924771185,2000900
2016-04-14,73.47356414794922,74.10285914883086,73.27778466647288,73.85114114847819,2092000
2016-04-15,73.79517364501953,74.10283004341008,73.5084928493213,73.6133761973716,2668400
2016-04-18,74.24269104003906,74.2986295520805,73.47355517053478,73.77421800451982,1333400
2016-04-19,74.70417022705078,74.82304089846676,74.23569719279112,74.29862935231607,2032000
2016-04-20,74.23567962646484,74.96286410520491,74.21470402311668,74.78106665187268,1952800
2016-04-21,73.41061401367188,74.16576782990958,73.36866280207738,73.97698204314489,2187300
2016-04-22,73.78120422363281,74.11682995176605,73.55046720354305,73.69730179254198,2166400
2016-04-25,73.466552734375,73.63436291583473,73.01206171394,73.4805346934177,1732100
2016-04-26,74.27764129638672,74.3615437155726,73.63435918662273,73.64834647954653,2216300
2016-04-27,74.43846893310547,74.69718054491712,73.73225990354774,74.3126099509525,2871900
2016-04-28,73.35466766357422,74.49438649536565,72.76033048829187,73.48751492128484,4210000
2016-04-29,73.466552734375,73.72526432067542,72.97710414903852,73.15889628954093,2516700
2016-05-02,73.24981689453125,73.83715535088744,73.12395789179908,73.64137586543538,2905300
2016-05-03,72.98411560058594,73.123961908298,72.13107712920272,72.84427462746507,2171900
2016-05-04,72.09610748291016,72.71840882396336,72.01919335450218,72.46669082819008,2524800
2016-05-05,71.4178466796875,72.31983501092226,71.31296332310873,72.22893894700152,3945400
2016-05-06,71.3968734741211,71.7814440163012,70.36902614737546,71.5856592546345,3658500
2016-05-09,71.80242919921875,71.93527649411948,71.31996887914397,71.51574833233663,2476200
2016-05-10,72.47367095947266,72.4876529190342,71.80242487413521,71.80242487413521,2346300
2016-05-11,71.63461303710938,72.76734386509648,71.63461303710938,72.59953366877652,2646500
2016-05-12,71.71914672851562,72.12780412167882,70.96524689137692,71.95165924967898,3391700
2016-05-13,70.9229965209961,71.972818788668,70.5495647575133,71.63461816105684,2838500
2016-05-16,71.62052154541016,71.83189221229031,70.93707843391394,71.03571915356122,2113900
2016-05-17,71.22595977783203,72.11373171102277,70.96526872738717,71.5712077035552,2465100
2016-05-18,71.3739242553711,71.74735062841519,70.49319964894013,71.04981286975007,3444600
2016-05-19,71.36688995361328,71.76850023228272,70.78208741829118,70.9864162092658,2475700
2016-05-20,71.52188110351562,72.1489565560726,71.4020984787507,71.60642722038959,2917000
2016-05-23,71.22595977783203,71.72621609869351,71.16959748684071,71.71212149430828,2562500
2016-05-24,71.85304260253906,72.11373366002958,71.50075274061854,71.51484196986802,2444600
2016-05-25,72.07852172851562,72.33921283602372,71.97283367455826,71.97283367455826,1650500
2016-05-26,72.1841812133789,72.4307883852144,72.00803630521983,72.25464347705532,1835500
2016-05-27,72.55763244628906,72.79718700555867,72.29693597692146,72.43784979113683,1987700
2016-05-31,72.63510131835938,73.008532985468,72.45895643549342,72.83943002754572,3200100
2016-06-01,72.49420166015625,72.64216274547569,72.09963876597108,72.62807351733319,1765400
2016-06-02,72.60694885253906,72.71263151966876,72.35329970039346,72.38852546426432,2229400
2016-06-03,72.6562728881836,72.74786632948965,71.83191041435933,72.30398297859769,2001900
2016-06-06,72.64922332763672,73.21993124326842,72.43784723824565,72.57171911989448,2172300
2016-06-07,73.18470001220703,73.60744678389497,72.64921790112666,72.74785863533663,1921000
2016-06-08,73.76246643066406,73.94565332182282,73.14243272053393,73.20584770248709,1908400
2016-06-09,73.95973205566406,74.05132548158534,73.3537930829134,73.40311344695047,1610900
2016-06-10,73.64266967773438,73.65676428236793,73.14946602589288,73.50880318681547,2640800
2016-06-13,73.02265167236328,73.79768839456436,73.00151513797412,73.59335960294017,2593700
2016-06-14,73.0860595703125,73.29743026924345,72.63512358645605,73.02264459777142,1916700
2016-06-15,73.19879150390625,73.74836286163543,73.1776549709962,73.37493644551263,2829300
2016-06-16,73.42424774169922,73.51584116483095,72.50829738383285,72.88876568023626,2653000
2016-06-17,73.9949722290039,74.02315606758886,73.34676006810267,73.45244811891685,3417200
2016-06-20,74.75590515136719,75.17865189658323,74.19928654288474,74.20633384503469,3223800
2016-06-21,75.1574935913086,75.35477499021937,74.6361062691137,74.91793914277835,3688100
2016-06-22,74.65021514892578,75.22797027307726,74.31201991189467,75.05887265456171,3590700
2016-06-23,75.54502868652344,75.79867778302172,75.13637121155223,75.22796462814262,3040500
2016-06-24,73.56517028808594,74.38247995849197,73.12832893159108,73.71313138249953,3627400
2016-06-27,73.11425018310547,73.1917543982516,72.24057265616088,72.85355907353915,3609400
2016-06-28,73.76246643066406,74.01611560744136,73.06492850676767,73.59336339580075,3198400
2016-06-29,74.92498779296875,75.1645476385179,74.19927170661138,74.34019084385072,2728600
2016-06-30,75.8973159790039,75.91140520588964,74.77703161077724,75.2068256002554,2673000
2016-07-01,76.3482666015625,76.48918040959025,75.62959220427626,75.81278445512609,2793400
2016-07-05,76.41167449951172,76.45395294139153,75.77050969910293,76.23552955564423,2823100
2016-07-06,75.8973159790039,76.43983991011532,75.16455254408238,76.31301536608053,3267500
2016-07-07,75.98889923095703,76.24254828510747,75.76343400232497,75.87616930439853,2343800
2016-07-08,77.16557312011719,77.39808573155393,76.40463106303226,76.41167299027556,2445700
2016-07-11,77.51080322265625,77.72217387713276,76.84849667916187,76.86258590592067,2239500
2016-07-12,77.7081069946289,78.0251657552689,77.41218476796261,77.85606810796206,2370400
2016-07-13,78.06035614013672,78.13786030792008,77.48964851874516,77.73625024554926,1792800
2016-07-14,78.56063842773438,78.79315102441578,78.20130126700097,78.46904499973107,2514500
2016-07-15,78.2294692993164,78.77199858198858,78.00400405048936,78.77199858198858,2280500
2016-07-18,78.13790130615234,78.47609660164177,77.9406198211973,78.22949474544797,1964400
2016-07-19,77.95471954345703,78.06040760334032,77.70107034994433,77.92653570245362,1431900
2016-07-20,77.91947937011719,78.1731285342406,77.73629248809713,77.99698358001697,1329300
2016-07-21,77.42625427246094,77.85604827214937,77.21487823554286,77.76445485642668,1198600
2016-07-22,77.75741577148438,77.83491996817628,77.20079716593183,77.34171095508994,2012400
2016-07-25,77.5742416381836,77.79970697873284,77.440375119916,77.64469854919565,1323600
2016-07-26,77.76447296142578,77.80674602844499,77.37695192869258,77.67992145187023,1404100
2016-07-27,76.65827941894531,77.84197362120386,76.55963868338351,77.58127717692372,4763800
2016-07-28,76.60894775390625,76.80622919593743,76.24256332540592,76.28483638426515,4481700
2016-07-29,76.16506958007812,76.40462948934099,74.65726935145075,75.39003293343589,3993900
2016-08-01,76.10163879394531,76.4891543216112,75.83389512428722,76.19323220037208,2834700
2016-08-02,75.71412658691406,76.18619365008841,75.33365294068643,76.0311906465284,2440300
2016-08-03,76.29894256591797,76.35531023662813,75.67186701193899,75.67186701193899,2335000
2016-08-04,75.98188018798828,76.7991953054319,75.93960712174709,76.36940121358948,2196000
2016-08-05,76.6512222290039,76.73577372380068,76.05233059019639,76.14392401125572,2413000
2016-08-08,76.7710189819336,77.08808313632039,76.4891859698734,76.86261242625817,2037000
2016-08-09,77.25716400146484,77.50376581759937,76.79918612834847,76.84850649157538,1790400
2016-08-10,77.41923522949219,77.50378675022434,77.07399259365893,77.23604833118272,1519500
2016-08-11,78.13790130615234,78.22949474544797,77.43332150244586,77.4615053396562,2786800
2016-08-12,77.98888397216797,78.095315199533,77.7831079099415,78.03145646311398,1700600
2016-08-15,77.9463119506836,78.58492643103587,77.91792848337984,78.0811320669782,1548800
2016-08-16,77.91792297363281,78.0314568348196,77.58442402338724,77.58442402338724,1267300
2016-08-17,78.22303771972656,78.2727074301285,77.71214617639663,77.91792223765965,1542700
2016-08-18,78.40044403076172,78.42173027985874,78.03146974802911,78.07404224622313,1833400
2016-08-19,78.45719909667969,78.57782476570226,78.10951111566477,78.3507624537099,1613300
2016-08-22,77.93209838867188,78.32235876064989,77.81856455520042,78.32235876064989,2061500
2016-08-23,77.6553726196289,78.22302559141022,77.6269891590011,77.9321045937605,2150000
2016-08-24,77.79728698730469,77.88952917708961,77.38573491547949,77.66956411720692,2774100
2016-08-25,77.57734680175781,77.83279262385928,77.35737625775221,77.83279262385928,1845000
2016-08-26,77.30770874023438,77.92503706350105,77.05226291085462,77.499295819066,1922900
2016-08-29,77.42830657958984,77.60569913968584,77.27929747874018,77.52054876194688,1924600
2016-08-30,77.61282348632812,77.75474084206375,77.37157210196791,77.54896473644227,1360100
2016-08-31,77.49927520751953,77.63409530761172,77.11610656535665,77.38574135194881,2272800
2016-09-01,77.69795989990234,78.05274510492472,77.44251411919882,77.70505711980873,2739200
2016-09-02,77.7618179321289,78.3507626663801,77.47799410156249,78.25852046280527,1920300
2016-09-06,77.69795989990234,77.71924614602887,77.17287931227514,77.7121489261225,1789600
2016-09-07,77.68376922607422,77.81149211371708,77.36445930017081,77.61280785570068,1517800
2016-09-08,77.30061340332031,77.66958768802643,77.30061340332031,77.50638950168093,2524900
2016-09-09,76.37104034423828,77.34315348835165,76.35685132190858,76.94579590002671,3533700
2016-09-12,77.02388000488281,77.27222859737195,76.00209675167804,76.1723921560144,2718400
2016-09-13,75.82469940185547,76.47040570209293,75.59053985198776,76.4491194545764,3023600
2016-09-14,75.82469940185547,76.16529018930581,75.2641380916841,75.2641380916841,1955300
2016-09-15,75.98078918457031,76.15108454112615,75.50537838182304,75.66147930073735,2134200
2016-09-16,75.82469940185547,76.06595075850005,75.32800224782665,75.65440400813029,3618600
2016-09-19,76.0091781616211,76.43491929069911,75.88854708728203,76.03756162537191,2168900
2016-09-20,76.88194274902344,77.14448571515459,76.34266779240438,76.34266779240438,3242400
2016-09-21,77.81148529052734,77.98178065458735,77.10900676329477,77.45670012414031,2937500
2016-09-22,77.81857299804688,78.56362397366114,77.70504456584942,78.06692151872105,2693800
2016-09-23,77.49217987060547,78.00307140590002,77.48508265106184,77.71924217367057,1651600
2016-09-26,77.22962951660156,77.54184218363172,77.08062040195313,77.40702209312474,2360800
2016-09-27,78.059814453125,78.21592075377102,76.99545921809201,77.24380769021491,2466000
2016-09-28,77.52056121826172,77.90372985926909,77.10191730768963,77.88244361481182,2752700
2016-09-29,76.7825927734375,77.72632246427762,76.77549555543966,77.59859960827225,2473400
2016-09-30,77.59860229492188,77.903717716299,77.08061363496857,77.21543371363957,2952500
2016-10-03,77.47088623046875,77.59860910210041,76.85355811531709,77.59860910210041,1445300
2016-10-04,77.0025405883789,77.63406292276682,76.78967281836933,77.4779566432725,1742000
2016-10-05,77.45670318603516,77.71924075484088,76.91033097658928,77.00257317460316,3019100
2016-10-06,77.42830657958984,77.66955786279657,77.09480770043479,77.27929747874018,1861600
2016-10-07,77.20126342773438,77.59862112835243,76.97420111115368,77.37155881177173,1443000
2016-10-10,77.378662109375,77.77601984120317,77.31479795184943,77.54186028626454,1307700
2016-10-11,77.13029479980469,77.64828353674959,76.8464709909719,77.27221211781321,1944400
2016-10-12,77.15868377685547,77.38574608830194,76.9458159050202,77.36445984247767,1483900
2016-10-13,76.84647369384766,77.14449195175939,76.17947580972798,76.76842051959568,2088600
2016-10-14,76.93163299560547,77.38575768656077,76.92454118832951,77.13740909206855,1566000
2016-10-17,76.65489196777344,77.17997256524269,76.56974698167139,76.85357082013518,1759900
2016-10-18,76.72582244873047,77.32186422147834,76.66906094804236,76.95288469225562,1692300
2016-10-19,76.6690902709961,77.00968105975116,76.49169765622155,76.79681317017749,1991400
2016-10-20,76.20785522460938,76.56973761203865,76.05884610357192,76.56973761203865,1946100
2016-10-21,76.03755950927734,76.08013199692272,75.4911873210656,75.73953585498366,2816400
2016-10-24,76.9529037475586,77.00257345645437,76.45620665860088,76.50587636749664,1808300
2016-10-25,76.52007293701172,77.15159560322394,76.47750044335871,76.92453328108652,2242500
2016-10-26,77.06643676757812,77.3715522370804,76.34267197313453,76.34976919249752,3310100
2016-10-27,76.69037628173828,77.52057241705681,75.12222622160564,77.52057241705681,3532000
2016-10-28,76.42073059082031,76.96000561539834,75.91693625199328,76.84647716546182,2397500
2016-10-31,76.4632797241211,76.7754869041607,76.30007621010792,76.6903419521456,2328700
2016-11-01,75.81049346923828,76.65488391668171,75.32799082909018,76.64778669738773,2906600
2016-11-02,75.85308074951172,76.22205499453493,75.64020745311072,75.86726977626181,2568900
2016-11-03,76.26464080810547,76.75424077883468,75.69698223458383,76.08015095967194,2245500
2016-11-04,75.88146209716797,76.66908569282269,75.84598141089454,76.2007666192582,2559300
2016-11-07,77.91083526611328,77.91083526611328,76.6052228617441,76.6052228617441,3615400
2016-11-08,79.4931640625,80.09629776679733,77.70504919356324,77.77600514461139,5834300
2016-11-09,80.52924346923828,80.52924346923828,78.77146289628422,78.83577480037445,6744000
2016-11-10,80.96514129638672,81.53677982360156,80.61501556053086,80.67932748432833,4532600
2016-11-11,81.62251281738281,81.67967229876635,80.74361969109067,80.83650861844347,3092600
2016-11-14,80.67931365966797,81.99407441480498,80.6292902544255,81.82258506664539,3396800
2016-11-15,80.87223052978516,80.97941340615897,80.13624980439117,80.75790067457373,3690800
2016-11-16,80.60785675048828,81.0222943493225,80.28631353333482,80.87224048454766,2297800
2016-11-17,81.09375762939453,81.1437755903872,80.39350617549734,80.68646696086893,1621400
2016-11-18,81.52249145507812,81.67969233342474,80.92227586671771,81.26526009688752,1992400
2016-11-21,81.9583511352539,81.97979207549167,81.18664628469804,81.52247802674395,1942500
2016-11-22,81.9083480834961,82.17273187905609,81.7440056726057,82.1298608938759,1987300
2016-11-23,82.65860748291016,82.70862544006035,82.06553352559467,82.06553352559467,1855400
2016-11-25,83.07305145263672,83.16594039400486,82.72292027426298,82.73721423542662,1077600
2016-11-28,82.66574096679688,83.22308538449131,82.49424618323891,83.07303153753878,2659100
2016-11-29,83.08733367919922,83.23024602228422,82.72291401876808,82.84439087327743,2772400
2016-11-30,82.8301010131836,83.57322887936407,82.8301010131836,83.21595618128973,3353600
2016-12-01,83.19451141357422,83.43031267637778,82.80150930890161,82.91583917627841,2485200
2016-12-02,83.13735961914062,83.60896221928111,82.88726980916415,83.38030789993849,2088700
2016-12-05,83.28739166259766,83.56606387085243,83.14448479481742,83.53748685853442,2310000
2016-12-06,83.27310943603516,83.40172780735546,82.90868980870295,83.24452697001419,1755400
2016-12-07,84.75934600830078,84.88081737306881,83.08016057719745,83.08016057719745,2539300
2016-12-08,85.0166015625,85.2238149006018,84.42352765952461,85.03089006971297,2157800
2016-12-09,85.45964050292969,85.59540589209706,84.63077055974081,84.96660781617621,3196800
2016-12-12,85.83832550048828,86.0598382520223,85.26669252759427,85.3238574603481,2760200
2016-12-13,85.85977935791016,86.05270422054787,85.28814084745595,85.9812507696283,3123400
2016-12-14,83.7875747680664,85.68826223534893,83.551773535,85.63824428756642,4983900
2016-12-15,83.8018798828125,84.23060601328244,83.2016643904643,83.75186192511681,3045700
2016-12-16,82.75150299072266,83.98052198009832,82.23702941828178,83.87333907724832,5543300
2016-12-19,83.58750915527344,83.81616342654397,82.93012335526629,83.07303568202778,2209900
2016-12-20,83.97337341308594,84.15200976394487,83.68041263248266,83.73757757312923,2074900
2016-12-21,82.9587173461914,83.9019170276659,82.9015524075448,83.63039174641746,3028400
2016-12-22,83.10163116455078,83.41602742957788,82.73721148866052,83.34457398077848,1969700
2016-12-23,82.86582946777344,83.27312012062164,82.80151754808759,83.11591926311029,1229800
2016-12-27,82.98014068603516,83.44459620432701,82.93726971410132,83.1016175257607,990800
2016-12-28,82.31562042236328,83.08733069263783,82.26560246696855,83.01587724943795,1541700
2016-12-29,82.1584243774414,82.52998555006785,81.83687570826545,82.33706070980087,1412300
2016-12-30,81.91548156738281,82.47997306928995,81.71540973410912,82.34420770319053,1734000
2017-01-03,82.22986602783203,82.93726427609693,81.91546438347099,82.54426222064562,2390700
2017-01-04,82.25131225585938,82.78007426644791,82.14412936750475,82.3870776112118,1830800
2017-01-05,82.29418182373047,82.87296723033167,82.06552754320532,82.17271042972763,1856200
2017-01-06,82.45853424072266,82.6443175576164,81.82973084555871,82.17271501124344,1767000
2017-01-09,82.00836944580078,82.30848264338806,81.8154445952183,82.17271727904021,1965200
2017-01-10,81.40100860595703,82.03695355978884,81.03659438626597,81.9083351729718,2892600
2017-01-11,81.58677673339844,81.79399550975482,81.20092164482594,81.20092164482594,2302700
2017-01-12,81.39385223388672,81.6082125384576,80.95797919424734,81.6082125384576,1917000
2017-01-13,81.62966918945312,81.88690598287502,81.47961530188188,81.6010867177897,1788000
2017-01-17,81.50817108154297,81.53675354384632,81.03657408240575,81.23664586698199,2474700
2017-01-18,82.14410400390625,82.49422957631167,81.47242986572135,81.72252501184312,2040000
2017-01-19,81.65107727050781,82.27988053291963,81.46529944438362,82.15126217938514,1848000
2017-01-20,82.14410400390625,82.17268646207864,81.68679557624101,81.77254295075818,2372900
2017-01-23,81.78684997558594,82.2012875356197,81.5581957099721,82.16555809192627,1689500
2017-01-24,82.92296600341797,83.0730198292219,81.56532914177454,81.88687227541915,2157200
2017-01-25,83.59467315673828,83.69470908659129,82.7943857179142,83.05162252369317,2045000
2017-01-26,83.55177307128906,83.8590277349756,83.27310087068355,83.58035553437007,1796400
2017-01-27,84.38063049316406,84.45208936630746,83.30881281457265,83.60177893013001,2283800
2017-01-30,83.62323760986328,84.25918250612496,83.07304011423338,84.25204097806674,2910300
2017-01-31,77.97832489013672,79.89330646955867,77.65678169291557,79.89330646955867,12755500
2017-02-01,75.27735137939453,77.5638997656824,73.76251872946025,77.02084377435112,14684600
2017-02-02,75.09871673583984,75.52744286432832,74.60568414127489,75.23448209962145,4353400
2017-02-03,76.42062377929688,76.59926011861413,75.26306378951215,75.52744208271066,4859700
2017-02-06,75.78466796875,76.45634225266114,75.56316068428895,76.18481701843315,3444300
2017-02-07,75.52029418945312,76.0919271561624,75.24876348758434,76.01332673736333,3589500
2017-02-08,75.85611724853516,76.02760656151072,75.3916618014938,75.60602207982652,3398500
2017-02-09,76.07048797607422,76.46349005098827,75.75608631614297,75.8561276682965,2416000
2017-02-10,76.69928741455078,76.81361727561092,75.9275826585861,76.0990719986285,4012800
2017-02-13,77.5281753540039,77.54961084360514,76.83506544863737,76.92795983897436,3877700
2017-02-14,77.87828063964844,78.12837037196608,76.89935719435545,77.6567733698167,5878800
2017-02-15,77.89974212646484,78.00692503367773,77.37098002284348,77.79256467080107,2843000
2017-02-16,77.20130157470703,77.85652333700487,76.79808818252374,77.8349234043337,5150000
2017-02-17,76.97090148925781,77.07890665770366,76.61808973281438,77.01410135928772,2919000
2017-02-21,77.56130981445312,77.66931496381716,76.75487759168787,76.97088789041592,3822500
2017-02-22,76.04927062988281,76.92050283442798,75.77565679327817,75.91966552132568,5234400
2017-02-23,75.66764831542969,76.38767544410271,75.5236450870435,76.32287563934024,3976300
2017-02-24,76.4524917602539,76.45969357072242,75.4372507256945,75.50205603316748,2717400
2017-02-27,76.84850311279297,76.87729936574154,76.14287406138185,76.42368422128743,2776200
2017-02-28,76.15007781982422,77.03570819499669,75.94847108379705,76.81250152201969,3793900
2017-03-01,76.94930267333984,77.31651256067667,76.81969756799415,77.02130428889386,3386200
2017-03-02,76.28688049316406,77.03570944871724,76.22208068125997,77.03570944871724,2490900
2017-03-03,76.2724838256836,76.75490074588464,76.15008051638574,76.41648707269617,2732500
2017-03-06,76.39485931396484,76.58926966934156,75.76843937487703,75.97724235899314,2481900
2017-03-07,76.06368255615234,76.60370302422047,75.9700809859679,76.32289282029483,2186500
2017-03-08,76.12847900390625,76.40208736491908,75.77566171729171,76.06367369873091,2269800
2017-03-09,76.25086975097656,76.4956763241849,76.04926304518837,76.41647290500086,2301000
2017-03-10,76.84850311279297,76.9349028583815,76.14287406138185,76.51728577679883,2957100
2017-03-13,77.3957290649414,77.40293087572519,76.54609667373344,76.70450355074423,2644500
2017-03-14,76.92049407958984,77.34530741889378,76.63968395857218,77.17970426720164,2748900
2017-03-15,77.57572174072266,77.97173886106512,76.93489803207474,77.2517117283487,3253800
2017-03-16,77.61892700195312,77.70532674200783,77.25171162660749,77.61892700195312,2409400
2017-03-17,77.8709487915039,78.46137092135866,77.51093516370534,77.69814378830475,4412200
2017-03-20,77.12931060791016,77.90693575819746,76.9925036909597,77.79893607994313,2370900
2017-03-21,76.69007110595703,77.8637130434274,76.58926777357894,77.41009804772601,3088500
2017-03-22,76.69727325439453,77.16529190081977,76.23645641607831,77.01408689075069,2282200
2017-03-23,76.07087707519531,76.96370929200519,75.86927033204842,76.7044990527101,2414200
2017-03-24,75.63885498046875,76.20767159988287,75.4588481913609,76.09967192111516,2526900
2017-03-27,75.4444351196289,75.58844382889532,74.70280812036124,75.22843029578515,2148400
2017-03-28,76.45967102050781,76.69727576217389,75.24282359868883,75.40123042204635,3191600
2017-03-29,76.34449005126953,76.57489855640183,75.93407472983475,76.07088166810371,1889300
2017-03-30,76.79808044433594,76.92768002730455,75.85484136356173,76.18605311567796,1721600
2017-03-31,77.25891876220703,77.54692524007227,76.66849669318901,76.66849669318901,2478100
2017-04-03,76.61088562011719,77.56852299504425,76.38047716459957,77.5181213170676,2645900
2017-04-04,76.7764663696289,76.82686803289428,76.10684113289201,76.53886166758882,2138600
2017-04-05,76.85568237304688,77.60451113106747,76.71167916677645,76.99969107268748,2622900
2017-04-06,76.80529022216797,76.99970061743903,76.6900887415455,76.87729183422837,2824600
2017-04-07,75.59566497802734,76.75490937493151,75.53806696877,76.54610079792809,3212200
2017-04-10,76.62527465820312,76.95648643039543,75.86924957821095,75.92684756523161,3687700
2017-04-11,76.14286804199219,76.43808179840568,75.76845635617389,76.43087998905216,3029400
2017-04-12,75.04843139648438,75.84765646987003,75.01242784205091,75.64604974913338,3036000
2017-04-13,74.69560241699219,75.28602436077396,74.6668006766406,75.01241606748934,2840900
2017-04-17,75.50924682617188,75.50924682617188,74.8252177591363,74.9260211175001,1723800
2017-04-18,74.95481872558594,75.41563562221164,74.56600343905099,75.25722878398955,3042300
2017-04-19,75.21402740478516,75.66764248327276,75.12042586288567,75.30043263117973,2047100
2017-04-20,75.98444366455078,76.13564866586127,75.29321844711579,75.42282351872046,2424700
2017-04-21,76.15724182128906,76.41645194144134,75.9268334359725,76.11404196572009,3040600
2017-04-24,77.02130889892578,77.20851750526832,76.52448838313543,76.86290203920298,2441500
2017-04-25,77.30211639404297,77.63332822868252,77.10050966803378,77.10770598441177,2626100
2017-04-26,77.48931884765625,78.18774052354199,77.01409832258116,77.20850871679218,4565600
2017-04-27,78.36054229736328,78.68455226063753,76.02045447064637,77.61891534198915,4672800
2017-04-28,77.37410736083984,78.69896001040276,77.10049905511416,78.48294969462897,3112000
2017-05-01,76.711669921875,77.34529164382222,76.69006999287457,77.34529164382222,1976600
2017-05-02,76.98531341552734,77.12932216372779,76.7261031621386,76.76210672253173,1908800
2017-05-03,77.294921875,77.38132712002736,76.74769964323696,76.96371000911947,1909000
2017-05-04,77.07891845703125,77.64053882687784,76.75490290209305,77.33812870363305,1744300
2017-05-05,77.35250854492188,77.44611008664452,77.05729480865945,77.27330512755248,2221500
2017-05-08,77.41728973388672,77.46769139706274,76.84847331805852,77.30208828664266,2508200
2017-05-09,76.69007110595703,77.51810318766528,76.38765561545316,77.44609609879268,2336500
2017-05-10,75.67484283447266,76.4164698266194,75.43723258649248,76.37326996093955,3713100
2017-05-11,75.5877456665039,75.6603204059966,74.7386095865343,75.57322739634675,3076700
2017-05-12,75.57324981689453,75.70388660157687,75.22488874914121,75.33375365922637,2052300
2017-05-15,76.4151382446289,76.55303417682217,75.63857661588222,75.87807832850216,2592900
2017-05-16,75.84178161621094,76.46593452032664,75.42809939251558,76.41513163450789,2458300
2017-05-17,74.65876770019531,75.84175188456126,74.59344656569323,75.84175188456126,3073100
2017-05-18,74.89102935791016,75.21761850283156,74.11446790174062,74.7095897135986,2890800
2017-05-19,75.05793762207031,75.39904497974211,74.760379536655,74.92730087949596,2361200
2017-05-22,75.3192367553711,75.5079355671459,74.83297975685468,75.00716029390097,1916000
2017-05-23,75.6240234375,75.71111643928378,75.03616090247672,75.2393723695417,2099600
2017-05-24,76.00144958496094,76.06676520812074,75.2829500447067,75.3482656678665,1865300
2017-05-25,76.88687133789062,76.92315594727465,76.2264283241734,76.33529322652336,2391800
2017-05-26,76.8360595703125,76.99572179991813,76.5892987843796,76.79251029214886,1826000
2017-05-30,77.51826477050781,77.95372430668775,76.4005959993688,76.57478202867999,2400800
2017-05-31,76.90864562988281,77.79407207576598,76.44416053320626,77.72875091746192,5007300
2017-06-01,78.13519287109375,78.45452296889604,76.71270079040148,77.28605089074887,4832300
2017-06-02,78.1424331665039,79.0206004758557,77.63440432211829,78.19323605094247,4182800
2017-06-05,78.34564208984375,78.73029881587006,77.83761326241118,78.01179378365964,2619900
2017-06-06,77.96823120117188,78.3383695643642,77.91016919575002,78.25853569118355,2593900
2017-06-07,77.42393493652344,78.01179768582887,77.13363036185561,77.95374120057468,2442300
2017-06-08,77.4747085571289,77.78678488802323,77.09005749425621,77.42390569103434,2322100
2017-06-09,77.67794799804688,77.69971987177205,76.87961458456246,77.30055593357939,2834200
2017-06-12,79.06414031982422,79.07139391880709,77.67793879450649,77.67793879450649,3337500
2017-06-13,79.72457885742188,79.82618461559262,79.07139502839674,79.15122891511639,2507300
2017-06-14,79.39070892333984,80.00034884319797,79.15120732849925,79.78261911387071,2434300
2017-06-15,80.02215576171875,80.0729586492026,78.97706146250866,78.97706146250866,2311600
2017-06-16,80.26165771484375,80.61728348998678,79.85523458565154,80.23988583822272,4107600
2017-06-19,80.46487426757812,80.68985770726033,79.99312997464139,80.40681223891825,2150900
2017-06-20,79.55039978027344,80.46485715736486,79.53588150764575,80.45033888473719,2081000
2017-06-21,79.2455825805664,79.7318395092122,79.01334005217599,79.70280850102607,2796900
2017-06-22,79.15847778320312,79.50684429252745,78.87543241685741,78.93349442459443,1613600
2017-06-23,80.02937316894531,80.77690894256459,79.07863147438938,79.26733020131928,4352100
2017-06-26,80.56644439697266,80.95835461134918,80.20356518407928,80.31243005536678,2199700
2017-06-27,79.59393310546875,80.87852874703722,79.59393310546875,80.35598174281262,2154600
2017-06-28,79.89151763916016,80.47212126682973,79.54315103287892,80.11650106038593,2996400
2017-06-29,79.67378997802734,80.00763831883522,79.41251640050821,79.63024622747399,2208800
2017-06-30,80.26165771484375,80.56648059883776,79.65202302105544,79.98587138247758,2178100
2017-07-03,80.27613830566406,81.01640944876402,80.25436643926366,80.48660890936338,1288200
2017-07-05,80.2108383178711,80.66806978122287,80.00762679509195,80.24712846283825,1628700
2017-07-06,79.28187561035156,80.08746817752694,79.17301070236314,79.913287647005,1637200
2017-07-07,80.0947036743164,80.28340242332779,79.22379574165981,79.42700722347318,1742700
2017-07-10,79.98585510253906,80.26164137877299,79.68103781768596,79.89876207668158,1698700
2017-07-11,79.88427734375,80.10200721616789,79.51413877547984,80.0149141597806,1785900
2017-07-12,80.24713134765625,80.63904167157575,79.93505491585547,80.29067509350322,2196000
2017-07-13,80.67530822753906,80.98012543353394,79.96406254312038,80.13824301267499,2285900
2017-07-14,81.58252716064453,81.7276766662976,80.45033997557552,80.58097674550277,3275700
2017-07-17,81.3067398071289,81.47366673117367,80.83499558223617,81.1978749033692,2615100
2017-07-18,81.16156005859375,81.3938025161182,80.94383033218466,81.25590665358598,2142400
2017-07-19,82.00348663330078,82.00348663330078,80.74792698907491,81.08177537820723,2541800
2017-07-20,81.7059097290039,82.16313568281527,81.59704482463957,82.16313568281527,2237100
2017-07-21,81.77848815917969,82.08330547541104,81.39383694530213,81.53898646624107,1772900
2017-07-24,81.39381408691406,81.70589045267958,81.27043647505502,81.63331571259178,2296000
2017-07-25,82.1703872680664,82.56229756550137,81.58977818954827,81.88734186499092,2219400
2017-07-26,81.49543762207031,82.47521066989842,81.41560372941554,82.4026359139665,2978400
2017-07-27,78.22950744628906,80.55919150926749,77.64164484768732,80.55919150926749,7446500
2017-07-28,79.5866928100586,79.76813246479198,78.33112796298009,78.65771712666066,4274800
2017-07-31,80.0439224243164,80.5592104029827,79.80442074016052,79.86248276124662,3564200
2017-08-01,79.95681762695312,80.41404905435029,79.57942561962524,80.41404905435029,2663500
2017-08-02,80.74789428710938,80.88578464034374,79.72457211861762,79.73909038975687,2256100
2017-08-03,80.93659210205078,81.12529087786854,80.43582246132827,80.53742821666897,2515300
2017-08-04,81.32125854492188,81.35028401813106,80.64630278227793,81.00918210548222,2185400
2017-08-07,81.183349609375,81.30672723057236,80.8640140843012,81.28495536060791,1696000
2017-08-08,81.20512390136719,82.15586583215975,81.1398082895257,82.0107163366687,2809500
2017-08-09,81.58252716064453,81.6478427770588,81.08175195307365,81.26319160368934,1888700
2017-08-10,81.09996795654297,81.75801065501513,81.07803412964184,81.55328749955437,2058200
2017-08-11,81.48017120361328,82.24057546413577,81.37049649308155,81.51672572159886,2077900
2017-08-14,83.12528991699219,83.19840454425993,81.95543356755425,82.02124063689716,2424900
2017-08-15,83.48353576660156,83.66632508071847,82.98634860907211,83.11795713836776,1985800
2017-08-16,83.90760803222656,84.33167500005473,83.51278244566615,83.54933696139442,2196300
2017-08-17,82.562255859375,83.94414228970201,82.55494830496518,83.79059997280855,2439900
2017-08-18,82.8693618774414,83.49815757266606,82.386800982436,82.56959029899463,2249300
2017-08-21,83.2276382446289,83.49816288022774,82.75238487570954,82.86936714503366,1455200
2017-08-22,83.79061889648438,83.96609507280931,83.23493783012047,83.35192566652847,1594100
2017-08-23,83.02291870117188,83.4396781644148,82.81088240186753,83.4396781644148,1528400
2017-08-24,82.8766860961914,83.32269253450762,82.796258339886,83.23495164264135,1147500
2017-08-25,82.91322326660156,83.43234418210288,82.86204248840528,83.16181402404453,2015100
2017-08-28,83.1983871459961,83.39579715616593,83.04484478735573,83.1983871459961,1928000
2017-08-29,84.0026626586914,84.09040354382327,82.59152883130747,83.02291454367966,2083100
2017-08-30,84.06114959716797,84.55102361396844,83.98803498811056,83.99534254421532,1968500
2017-08-31,83.61515045166016,84.42673551235121,83.27150562329524,84.42673551235121,3262200
2017-09-01,83.63709259033203,84.11234600491254,83.63709259033203,83.87837586549742,1548400
2017-09-05,83.29344940185547,83.62247357777233,83.01561159893105,83.4323710924618,1771500
2017-09-06,83.2130126953125,83.76138068459528,83.15452434928763,83.53472370074378,2144400
2017-09-07,83.841796875,83.92222461526762,83.26418200320832,83.26418200320832,1616300
2017-09-08,84.11964416503906,84.38286122230717,83.3957944684082,83.79793318875868,1645400
2017-09-11,84.96047973632812,85.08478072225108,84.30975015719353,84.44867183530803,2021500
2017-09-12,85.65505981445312,85.93289751865198,84.79960730196063,84.98239658642244,2151700
2017-09-13,85.58927917480469,86.02066491992171,85.29682069207422,85.42842366233013,2302600
2017-09-14,85.82322692871094,85.89634710861473,85.17981062487785,85.32603982811237,2102800
2017-09-15,86.20345306396484,86.27656768363238,85.61852495004878,85.8086274238147,3411300
2017-09-18,85.9767837524414,86.53977799415904,85.83786765944758,86.22538013377175,2292400
2017-09-19,85.52349090576172,86.26196151883562,85.46499696886127,85.97680497101811,2002700
2017-09-20,86.15225219726562,86.5616984346254,85.28948649833849,85.51614343997886,3481800
2017-09-21,85.7354965209961,86.27655129772252,85.60388799927487,86.15225591006549,1765700
2017-09-22,86.03526306152344,86.3131063568934,85.64775065301959,85.83053994595812,1883300
2017-09-25,86.43741607666016,86.48859686404202,85.66239113108126,86.32774136704548,2361100
2017-09-26,86.94923400878906,87.00772793778849,85.53810004683459,86.29119125326582,2870700
2017-09-27,86.7298812866211,87.13201445628272,86.554399517541,86.78106207469757,2302400
2017-09-28,87.4537124633789,87.53414020102119,86.51051901326316,86.68599517798872,1629300
2017-09-29,87.80467987060547,88.04596312496533,87.3221189401734,87.41716738357835,2445800
2017-10-02,88.31646728515625,88.32378041811829,87.6364909551231,87.73885250344756,1989900
2017-10-03,87.52684783935547,88.15564362199413,87.38061859709495,87.98016741562391,1857000
2017-10-04,87.00772094726562,87.46104049315763,86.77375082835407,87.38061274181732,2309700
2017-10-05,86.42278289794922,86.42278289794922,85.19443852069622,85.38454096361158,4480300
2017-10-06,86.05720520019531,86.81030184563747,85.83786137444493,86.2692414698883,2828300
2017-10-09,85.65505981445312,86.72986169961426,85.48689121830232,86.37890381900166,1839200
2017-10-10,86.36430358886719,86.71525597432793,85.74281541184851,86.00603249008786,2064200
2017-10-11,86.94923400878906,86.94923400878906,86.24001045996334,86.36431145365914,1810000
2017-10-12,87.4244613647461,87.75347985530611,86.75179811659123,86.86147280620672,2290300
2017-10-13,86.5397720336914,87.81929721346498,86.45203115603786,87.76811642940552,1665500
2017-10-16,86.525146484375,86.78105598508722,85.88173011109379,86.72256206616517,1247300
2017-10-17,86.04259490966797,86.44473367291369,85.83787174957477,86.276565032387,1484400
2017-10-18,86.38623809814453,86.83955206446991,85.845183245617,85.845183245617,2089300
2017-10-19,87.31478881835938,87.39521655416581,86.04257689113678,86.04257689113678,2119600
2017-10-20,87.56339263916016,88.05326665125429,87.38060332912919,87.43909166884093,2427600
2017-10-23,87.50489807128906,88.03864530706184,87.46833797823957,87.91434433766577,2052200
2017-10-24,87.51951599121094,88.04595007605278,87.46102765378494,87.8704739072011,1845600
2017-10-25,86.6786880493164,87.54876132165226,86.59826031127801,87.43177907068798,3397000
2017-10-26,87.24900817871094,88.31649724355158,85.54541020925883,86.48860386301187,4104500
2017-10-27,88.28723907470703,89.01839633412489,87.2343708360934,87.2343708360934,3638300
2017-10-30,86.34236145019531,88.11907388291687,86.15957212822103,88.11907388291687,3442000
2017-10-31,85.93289947509766,86.85415905167967,85.87440556394944,86.6421228074822,2499000
2017-11-01,85.8817367553711,86.4008577748203,85.67701360159253,86.23269471776831,2088600
2017-11-02,85.45035552978516,86.09377194462732,84.11233633402233,85.99872350395475,3522300
2017-11-03,84.4194107055664,85.45034504812497,84.20737444550215,85.45034504812497,2957600
2017-11-06,83.29344940185547,84.81425812776317,83.05947925773799,84.50717335953803,3351100
2017-11-07,83.31535339355469,83.98070906471375,83.08138333322884,83.22761810736141,2730400
2017-11-08,82.7158203125,83.13257973511048,82.36486794518976,83.10333835307405,2371900
2017-11-09,82.291748046875,82.62076656737722,81.68488621029036,82.49647117770189,2713900
2017-11-10,83.40401458740234,83.43347321604429,81.98239691687073,82.1812735687231,2840000
2017-11-13,84.56781005859375,84.6046417690138,83.62497671703248,84.02273558670302,3301300
2017-11-14,84.02272033691406,84.33945388195862,83.72808356621907,84.1921383064756,3238200
2017-11-15,83.153564453125,84.18479058250809,82.98415206356646,83.78703169175759,2153400
2017-11-16,83.75020599365234,84.12586813184878,83.21249892068106,83.74284414643351,2518400
2017-11-17,83.19039154052734,83.60287972145618,82.91048402941422,83.47766089792135,2155400
2017-11-20,83.38190460205078,83.61025110123663,83.10200269756552,83.36717528906956,2811100
2017-11-21,83.9122543334961,84.07430488372471,83.08727788830396,83.27142521906728,2205400
2017-11-22,83.8017578125,84.11112957334083,83.66917152063395,83.91961479181653,1846200
2017-11-24,83.33769226074219,84.11111308160388,83.20510599487244,83.97115935103886,891700
2017-11-27,84.3689193725586,84.45731209099704,83.50711144176778,83.54393752632033,3060500
2017-11-28,84.84770202636719,85.02448184059143,84.25842848598109,84.78877354838278,2025800
2017-11-29,87.68359375,87.84564430033834,84.95084803398967,87.16797785167525,4122100
2017-11-30,89.45874786376953,89.86387413439822,87.67620351246154,87.68357097730818,5654200
2017-12-01,88.61904907226562,89.7828614124023,87.72777677220547,89.7828614124023,3141900
2017-12-04,91.13082122802734,92.19151152677392,89.93754464193742,89.93754464193742,4535000
2017-12-05,88.66326904296875,91.33708657026938,88.5969730740043,91.21186771967466,3690900
2017-12-06,87.13114929199219,88.35388461223181,86.89544093991404,87.24163881134484,3347000
2017-12-07,88.19183349609375,88.40543943352421,86.80704210756798,87.18270419910742,3280000
2017-12-08,88.06661224365234,88.48646790715287,86.83650949862644,88.43490688250299,3030400
2017-12-11,86.95435333251953,87.95611504829944,86.5934205948153,86.97645010835258,2765500
2017-12-12,87.03538513183594,87.56572465087653,86.63025881201698,86.85123782641455,2541000
2017-12-13,87.2121810913086,87.897209418882,86.94700847291044,87.27110958867058,2738500
2017-12-14,86.06307983398438,87.16796363916394,85.68742338642865,87.16796363916394,2817400
2017-12-15,86.91754150390625,87.35949398082745,86.40929306459503,86.51241512188562,4997200
2017-12-18,87.51416778564453,88.33178231011725,87.36685218220424,87.49207100710149,2581000
2017-12-19,87.65413665771484,88.0150638821925,87.32267368295203,87.77199365657425,2111200
2017-12-20,87.16061401367188,88.92842947376135,87.07958874035353,88.89159776053286,3420000
2017-12-21,87.3447494506836,87.54362606374656,86.54923175897238,87.54362606374656,3377700
2017-12-22,87.38894653320312,87.65411910781356,87.07221293684789,87.65411910781356,1933400
2017-12-26,87.10903930664062,87.71304221850927,86.98381487316833,87.60992018134118,1309100
2017-12-27,87.71306610107422,87.74989219881583,86.95437992687792,87.06486383983382,1508000
2017-12-28,87.69096374511719,88.06662026475387,87.293204824563,88.0150592354078,1367300
2017-12-29,87.76461791992188,88.62642606888939,87.65412839883439,87.69096011244038,2614400
2018-01-02,91.09400177001953,91.1234660178064,88.1034508662864,88.42018450533183,5413000
2018-01-03,93.11225128173828,93.31849537588576,91.26341066109327,91.44755797654354,5655600
2018-01-04,93.71624755859375,94.98317627783665,93.33321802276359,93.55419703341404,5473100
2018-01-05,94.0035400390625,94.76959367955308,92.64084517084758,94.15085566927063,3699200
2018-01-08,95.1452407836914,95.4030515405763,94.09191783497737,94.36445790552942,3243000
2018-01-09,95.1010513305664,95.75661540181576,94.91690399325522,95.18943845584809,2957700
2018-01-10,95.60189819335938,96.09542280095552,94.6443413163664,94.66643809109958,2927900
2018-01-11,98.30522155761719,98.53356246235889,95.77135234475098,96.02179003127661,4252300
2018-01-12,98.76924896240234,98.94603442704604,97.96636938446619,98.29783229614571,4212500
2018-01-16,97.87799835205078,99.22595823783033,97.05301062097122,99.00497918058647,4126500
2018-01-17,98.7103271484375,98.92394433759141,97.51705608992482,98.35676743470424,3508800
2018-01-18,98.40093994140625,99.82992466298792,98.35674639157725,99.18172262694058,3371100
2018-01-19,98.02528381347656,98.71767940136651,97.1708377161035,98.59982244184093,3891700
2018-01-22,97.86324310302734,97.95900329716262,96.59630875991506,97.6128054685529,3100000
2018-01-23,97.28134155273438,97.8706039242792,96.42689537875138,97.8706039242792,2952700
2018-01-24,97.0014419555664,97.93691346771291,95.8670881951298,97.60543930740937,2862900
2018-01-25,96.70680236816406,97.20768892692833,95.54300118755586,97.20032708027757,3166800
2018-01-26,97.76014709472656,97.76014709472656,96.5226710451989,96.64790113524202,2044500
2018-01-29,96.22801208496094,98.37885118785516,96.20591530824477,97.78957758335255,2753800
2018-01-30,94.36445617675781,96.3016896427357,94.35709432992435,96.0291439574462,4124900
2018-01-31,93.78255462646484,94.99792816247954,92.99440425676111,94.65173027321825,5788300
2018-02-01,88.02979278564453,89.12730931860526,86.96910234750601,87.81618120464549,14405900
2018-02-02,85.79055786132812,87.75724997089965,85.09079464477394,87.64676045041946,9235600
2018-02-05,83.45558166503906,85.67271172338347,83.38928569646338,85.36334552264674,8119600
2018-02-06,83.02098083496094,85.36333507624971,80.78911611462296,82.95469049422874,11749100
2018-02-07,82.43168640136719,83.4260805325395,82.21807489441882,82.78524601169443,7219700
2018-02-08,80.49445343017578,82.86627115711833,80.45762734816539,82.32119681369777,6999100
2018-02-09,78.36573791503906,79.63267245445483,76.46533610591541,79.62530498767295,11369600
2018-02-12,78.30681610107422,78.8739930773262,77.64389014714173,78.81506457750477,6677300
2018-02-13,79.2275390625,80.11881139335352,77.71016698415617,78.07109414828328,7557900
2018-02-14,78.5204086303711,78.8887032352225,77.40815735019558,78.58670458150378,6504000
2018-02-15,79.77998352050781,79.794718453231,77.72489874458435,78.9255428736619,5535100
2018-02-16,79.03714752197266,79.97311531606171,78.66573236037254,79.56455637136335,6119600
2018-02-20,77.78174591064453,79.22283824454625,77.49947248813925,78.92570504502552,5228600
2018-02-21,77.77435302734375,79.520009279861,77.63321908261146,77.8040669281682,5516000
2018-02-22,78.0566177368164,79.09658140290186,77.7372004465333,78.25717944590299,3357000
2018-02-23,78.45032501220703,78.45775490363361,77.50692715816245,77.55150083937534,4417000
2018-02-26,80.27767181396484,80.5525210704121,78.7474431805481,79.25999224345578,4092400
2018-02-27,78.50975036621094,80.64167008423301,78.50232047501552,80.40396457209773,3605100
2018-02-28,77.55892181396484,79.18571647386625,77.5366321422477,79.03715266649445,3729200
2018-03-01,79.05944061279297,81.18393603474445,77.21721870586055,77.96747900539212,8701900
2018-03-02,78.27203369140625,78.96286612305008,77.52920336350304,78.56173706590086,4670600
2018-03-05,78.598876953125,78.86629633058413,77.72233691975242,78.24974578436746,4997400
2018-03-06,81.56278991699219,81.74106764740294,78.97030743123207,79.846847634493,8590500
2018-03-07,81.12451171875,81.37707701551473,80.09940775120802,80.98337212151834,7097600
2018-03-08,80.81993103027344,82.11245403944815,79.46055035359501,81.27305792249959,6079000
2018-03-09,81.99360656738281,82.0233204594982,80.9016507857061,81.3622019451309,3201900
2018-03-12,80.90164184570312,82.26844672789983,80.88678206761479,81.8747476187311,3124800
2018-03-13,81.21365356445312,82.12733183417892,81.0576598517523,81.48849720082514,3517900
2018-03-14,80.79024505615234,81.83763309195385,80.61196165943763,81.73363727754368,2310900
2018-03-15,81.50332641601562,81.71874784343271,80.90163579735214,80.99820167832765,2718300
2018-03-16,82.38731384277344,82.60272964917543,81.39191826295163,81.39191826295163,5679200
2018-03-19,80.5673828125,82.37246087329834,79.80969831403903,81.93419366682541,3351200
2018-03-20,80.24796295166016,81.21364468741241,79.869117880884,80.70108992502973,2513000
2018-03-21,79.96568298339844,81.39934569007706,79.95825309353661,80.36681202575542,2805100
2018-03-22,77.58863830566406,79.57199991613946,77.44750437383222,79.28229649376543,4150000
2018-03-23,75.5161361694336,77.99718682034525,75.36013680852858,77.91547502838388,4278800
2018-03-26,77.031494140625,77.19491770130246,75.69440310001356,76.55608323720604,3836100
2018-03-27,75.89497375488281,77.74462536435736,75.53841836879194,77.08350115409522,3850200
2018-03-28,76.27381134033203,77.01664160049603,75.54583519173947,76.00639199328539,3811400
2018-03-29,77.74463653564453,78.61374678988919,76.62296098489367,76.68981300413718,3813400
2018-04-02,77.135498046875,78.31660120787632,76.06582623517724,77.49948898576068,4594400
2018-04-03,78.39830017089844,78.45772794719973,77.07606331859026,77.55890408318513,4453200
2018-04-04,79.04458618164062,79.08915419242663,76.75666717218847,77.11322259316898,3832800
2018-04-05,79.6165771484375,79.75771676395848,78.25719590614325,79.19316396922176,3154700
2018-04-06,78.2423324584961,79.20800864061766,77.54407002373155,79.09658860727997,4397200
2018-04-09,77.7000503540039,78.93315140577533,77.52177266402516,78.41316678126444,3938500
2018-04-10,78.7548599243164,79.37141038660047,78.41315869237879,78.41315869237879,2751100
2018-04-11,78.8068618774414,79.29713258376513,78.03432337161752,78.1754572713676,1623900
2018-04-12,79.47543334960938,79.95827430650809,79.13373200080257,79.17830001710657,2000000
2018-04-13,79.66854858398438,80.47823087957042,79.18570776212752,79.83940204427662,3970800
2018-04-16,81.15420532226562,81.25820110453127,80.34452306500528,80.44851884727092,4595600
2018-04-17,81.35478210449219,81.59991749421498,80.71595318081013,81.36964188605812,2832900
2018-04-18,82.37989807128906,82.47646398958277,80.67881566002977,81.6147836142597,3559500
2018-04-19,81.47364044189453,82.23132497433349,80.96108564011898,82.23132497433349,2737200
2018-04-20,80.63423919677734,81.64448895670192,80.21825033440805,81.64448895670192,3632400
2018-04-23,81.05020904541016,81.1319208263124,80.5376543592679,80.74564592252996,2246600
2018-04-24,80.38909149169922,81.39191120733061,79.70568901395657,81.07992385888441,3626100
2018-04-25,80.71595764160156,80.87937557643531,79.7874195995291,80.21083272002029,3195100
2018-04-26,84.1478042602539,84.89063446123403,80.01024026748837,80.26280548284085,7309000
2018-04-27,84.67523956298828,84.68266945418338,83.73927729687885,83.9918369240475,4557400
2018-04-30,84.31124877929688,85.02436526950719,83.83583778582333,84.81637366828078,4479400
2018-05-01,83.5312728881836,84.60838032571813,82.81073218943479,84.34839082953599,4376200
2018-05-02,82.56558227539062,83.38269440558437,82.14216926545919,83.2564146249993,3563800
2018-05-03,81.57022094726562,82.43190710628234,80.34455507266205,82.29076748811818,4079400
2018-05-04,82.68444061279297,83.05585577057907,80.82736482386242,81.10964397088101,2412800
2018-05-07,83.28611755371094,83.75409850288446,82.803276827986,83.04098224671061,2583800
2018-05-08,82.65473175048828,84.09582446395443,82.179320772976,83.19700040749072,2848700
2018-05-09,82.75130462646484,82.96672611456225,81.94904646403579,82.70673095032147,3205400
2018-05-10,84.67523956298828,84.77181114648513,82.85530726709572,83.14501068289339,2477900
2018-05-11,85.75975799560547,86.1608870476382,84.47466471843808,84.63808829526758,3388100
2018-05-14,86.42088317871094,88.22596121814898,86.25746525664631,87.61684053683861,4618600
2018-05-15,85.87863159179688,86.51746625311672,85.31407884444162,86.0049114122714,3480400
2018-05-16,86.4060287475586,86.66601824459995,85.8191920728961,85.82662196348184,1970000
2018-05-17,86.6065902709961,87.23800062048848,86.46545635424198,86.6065902709961,3697200
2018-05-18,86.38200378417969,86.79377676761894,86.17237597876671,86.59911992890864,2450900
2018-05-21,87.65473175048828,87.80446422892112,86.47182575031393,86.84616265832395,3333300
2018-05-22,86.36701965332031,87.69965825197706,86.314612709955,87.60233270342101,2027100
2018-05-23,86.30712127685547,86.41193515982754,85.18411049193054,85.98519129003319,2013600
2018-05-24,86.56914520263672,86.70390670852113,85.6557680093396,86.38197676179323,2303400
2018-05-25,86.46435546875,86.77131453914441,86.24723933133353,86.46435546875,1583600
2018-05-29,85.22154998779297,86.06006108618635,84.6076376284999,86.00017151625002,2724100
2018-05-30,87.36273956298828,87.40765815906487,85.2814275031733,85.43864830136862,2911700
2018-05-31,86.93601989746094,87.46757770899148,86.77879905562195,87.19056629512535,5893000
2018-06-01,87.78199768066406,87.8119453162636,87.0857308607753,87.36274220612543,2237800
2018-06-04,87.57240295410156,88.54567577429142,87.53496696750867,88.0515538804568,2248500
2018-06-05,87.45258331298828,88.17879780096212,87.25793224077518,87.44510068769925,3341000
2018-06-06,87.60981750488281,87.97667182947689,86.7713063902188,87.59484654009034,2783700
2018-06-07,86.98843383789062,87.84940436785303,86.69645143501256,87.72213115878911,3106400
2018-06-08,87.29537963867188,87.33281562017628,86.65151959791217,86.95847865284755,2879800
2018-06-11,87.48253631591797,88.15634390856009,87.26542021873729,87.29536785751338,2004700
2018-06-12,88.59806060791016,89.21946127385655,87.83441579467022,88.05153189645613,3414600
2018-06-13,87.84190368652344,88.79271695731059,87.67719452656154,88.71036237732963,1668400
2018-06-14,87.73707580566406,88.14136030326392,87.25792507782583,87.9242442372236,1869300
2018-06-15,87.42263793945312,87.86435845583266,86.88359759637511,87.30285310052285,4286900
2018-06-18,87.42263793945312,87.81943985522479,86.69642914460516,86.98841147241204,2177100
2018-06-19,85.96270751953125,86.84614264735207,85.43114991806917,86.84614264735207,2739000
2018-06-20,85.08678436279297,85.93278375866828,84.99694144432152,85.91032445703247,3112600
2018-06-21,84.91458129882812,85.4012204127822,84.09104125855931,85.0942671239953,2721900
2018-06-22,85.12420654296875,86.68893771413838,85.07179960682016,86.02261850656586,3536300
2018-06-25,82.50386047363281,84.63009729350775,81.89743644995893,84.63009729350775,4044300
2018-06-26,82.03221130371094,82.87821088136151,81.75519986285022,82.64612376535327,2332300
2018-06-27,81.14127349853516,82.47391781018852,81.04394794990111,82.1070634944088,2940800
2018-06-28,79.26957702636719,80.07065773497403,78.6856123973546,79.92092526514993,6173000
2018-06-29,79.53163146972656,80.29527633984998,79.47173618644236,79.58403841461808,3409300
2018-07-02,79.26957702636719,79.71129752262517,78.9251877762297,79.2620944012253,2252300
2018-07-03,79.17974090576172,79.99579258767486,78.9551364860443,79.55407779733898,1145700
2018-07-05,79.57655334472656,79.61398361437014,78.56584467348877,79.3519488791498,2866800
2018-07-06,79.38188934326172,79.87601683807354,78.7005990933001,79.71879601115931,2022400
2018-07-09,81.29849243164062,81.39582368993187,79.5615692896213,79.58403430363887,2103600
2018-07-10,81.23860168457031,81.5829909727746,80.83431711704489,81.38084583304777,1503900
2018-07-11,80.35517120361328,80.98405453902826,80.13805508678804,80.63217689148145,1765000
2018-07-12,81.25358581542969,81.62792280395516,80.71453963804434,80.91668481052842,1920100
2018-07-13,81.58300018310547,81.91241854463333,80.80437859981252,81.1337969613404,1997900
2018-07-16,82.84075927734375,83.5295378204816,82.23432959938442,83.20011951205569,4288800
2018-07-17,83.15523529052734,83.23758990168264,82.09960773870179,82.8482818678006,2102400
2018-07-18,83.97126770019531,84.32313963657688,82.96055336162665,83.07285558945968,2798600
2018-07-19,84.4803466796875,84.52527099064415,83.43969058137971,83.76910887273273,2457900
2018-07-20,83.90387725830078,84.26324321576841,83.6643018572984,83.86644128142336,1776000
2018-07-23,84.3830337524414,84.60014986673436,84.00120846786218,84.20335361755114,1871000
2018-07-24,84.18087768554688,85.1017431928886,83.81402343804021,84.85467948626429,2646000
2018-07-25,89.99059295654297,90.1702787900789,84.03863823492112,84.03863823492112,6725700
2018-07-26,88.99485778808594,90.34995555541114,88.38094549279701,89.83336879905939,3630300
2018-07-27,88.837646484375,89.27187299929062,88.45582120132737,89.27187299929062,2094700
2018-07-30,88.87507629394531,89.795947686687,88.74780310422778,88.9499425401363,2020400
2018-07-31,89.75851440429688,90.85906596334716,89.3242821666434,89.55637496231536,2395100
2018-08-01,89.3616943359375,89.84084505259719,88.19376517807041,89.75849048767813,1913000
2018-08-02,88.792724609375,89.2419278131196,88.36598070902835,89.09219531584762,1653500
2018-08-03,89.20449829101562,89.34674245103538,88.49325464320212,88.80770202918964,1912900
2018-08-06,89.4964828491211,89.78846522673128,88.97989600630517,88.97989600630517,1603400
2018-08-07,89.84834289550781,89.945668431652,88.82265774967338,89.48148862680686,1957400
2018-08-08,90.27509307861328,90.43231389972219,89.69861102261916,89.84834921790963,1603100
2018-08-09,90.4922103881836,91.22590756317182,89.9381876260909,90.0130595807016,2050100
2018-08-10,89.2943344116211,90.43232194941238,89.09219496989597,90.23017679575865,2341400
2018-08-13,88.46332550048828,89.45157498461745,88.13390710180205,89.25691813885473,2339100
2018-08-14,89.07722473144531,89.95317183927877,88.53817859987744,88.53817859987744,1914800
2018-08-15,89.87828826904297,90.20021821824675,88.23869088682751,88.70287067998315,2619100
2018-08-16,90.6718978881836,91.03874650551687,89.75851480214968,90.20023538018367,2126800
2018-08-17,91.87884521484375,91.93918819257993,90.50594319462985,90.86047905132816,2384200
2018-08-20,92.4446029663086,92.73879584950195,91.80340774148877,91.87884653629489,2272500
2018-08-21,92.79158020019531,92.94999127694037,92.18810449863916,92.406864296574,2594900
2018-08-22,91.93163299560547,92.79158214750876,91.80339052159322,92.79158214750876,2272200
2018-08-23,91.81094360351562,92.2032045787159,91.38096898985052,91.91655099949152,1263600
2018-08-24,92.58792114257812,92.74633224744672,91.90147302148091,92.10514279769143,1969600
2018-08-27,93.42524719238281,93.59120333836621,92.67090525985623,92.70862465855144,2641100
2018-08-28,92.59547424316406,93.87031397867622,92.48232179977542,93.59120538567389,2126400
2018-08-29,93.13859558105469,93.1687699477619,92.33144997594576,92.75387959950274,1528000
2018-08-30,92.67089080810547,93.2517372284661,92.35406862709311,92.98017371469227,1314400
2018-08-31,92.69353485107422,92.88212033472277,91.92410861006391,92.68599557545228,2188500
2018-09-04,93.79485321044922,93.84011763030597,92.85947102419374,93.37996868876404,2396900
2018-09-05,94.03626251220703,94.28519096129429,93.15367812939483,93.53839410368877,2368300
2018-09-06,93.31208038330078,94.16449031911219,93.13103995881917,93.96081480579547,2282200
2018-09-07,92.77649688720703,93.83257656412238,92.15793683796923,93.07823475992159,2530000
2018-09-10,93.79485321044922,94.36060953970527,93.12348949347904,93.30453566256409,2458000
2018-09-11,92.83684539794922,93.7646883472444,92.67088928058169,93.42523108303685,2260400
2018-09-12,93.01034545898438,93.50820805010368,92.4823027503274,92.71615261987498,3243100
2018-09-13,90.29472351074219,94.25501850253214,89.81194515310916,92.85194210216993,5029200
2018-09-14,90.81520080566406,91.1697423411193,89.77421128563924,90.74731281215341,3730600
2018-09-17,89.83456420898438,91.2904441457571,89.49511269345982,90.95853765984926,2945200
2018-09-18,89.19336700439453,90.27962096721642,88.52200330658678,89.5403635191469,2851300
2018-09-19,89.20092010498047,89.60826537789862,88.91427228559571,89.23863949800248,1944800
2018-09-20,89.85720825195312,90.21928913723721,89.42723360369584,89.71388145081006,1905500
2018-09-21,89.3819808959961,90.5587583153926,89.33672221819445,90.0759799015996,4348400
2018-09-24,88.50692749023438,89.52528780043883,88.30325197509066,89.23863997950741,1889400
2018-09-25,87.69979095458984,88.8237587747715,87.48103111284664,88.74078070531125,2108700
2018-09-26,88.0317153930664,88.52203887916392,87.69226377086136,87.69980880284928,2220600
2018-09-27,88.05431365966797,88.5144568253556,87.64696843029316,87.88081252755305,1599800
2018-09-28,88.06941223144531,88.15239029653107,87.29998606585298,87.85065240123483,2641800
2018-10-01,88.60498809814453,89.66106778063009,88.40131834221141,89.42722366174925,1820200
2018-10-02,88.25045776367188,88.67289314355405,87.98643924822801,88.62008944046528,1336100
2018-10-03,88.84637451171875,89.41967587973598,88.56727173459318,88.63515973275743,1802900
2018-10-04,88.4918441772461,89.26881539348679,87.7299630215146,88.62008667088696,1799800
2018-10-05,88.43903350830078,89.11794229843241,87.6846916870815,88.60498962979644,2039200
2018-10-08,89.60072326660156,89.93263551945756,88.22782134138562,88.34097376896575,2867100
2018-10-09,88.95199584960938,89.54038161331428,88.58236992846666,89.2084750894027,4652400
2018-10-10,87.99397277832031,89.20091851630156,87.74503860121976,88.5144647106918,4669000
2018-10-11,85.81393432617188,88.86901550294421,85.3688696219698,88.50693462155891,5239800
2018-10-12,87.23209381103516,87.93363198375714,85.76112945944315,87.16420580488712,2993000
2018-10-15,87.33016204833984,87.97889656368433,86.94545181065139,87.02842988274234,2648300
2018-10-16,88.62008666992188,88.78603704931847,87.31507268413822,87.88082909461859,2681100
2018-10-17,89.01988220214844,89.05005656638674,87.45084979278545,88.50692952044021,2104400
2018-10-18,86.54563903808594,88.82374878897579,86.13074873742771,88.70305133599474,2270000
2018-10-19,87.873291015625,88.09205086893647,85.99498119569361,86.54565334439798,2460000
2018-10-22,87.23209381103516,87.76013082053697,86.5456456986828,87.64698414362356,2358900
2018-10-23,86.17601776123047,87.26227194791927,85.20291601151708,86.20619212810205,3120200
2018-10-24,81.41612243652344,84.59190118154248,81.06158081860549,83.78475556943714,5794600
2018-10-25,81.3331298828125,82.40429382118273,79.66603525206618,80.75228924881966,4269800
2018-10-26,79.43973541259766,80.82018232774138,78.78346171093725,80.33740402220008,3965200
2018-10-29,79.30394744873047,81.03893580518256,78.32330661022482,80.38265639970632,3355100
2018-10-30,80.76737976074219,81.12946637255116,78.98713257595526,79.54534392045478,3047400
2018-10-31,80.3675765991211,82.23834105271366,80.30722787347715,81.65750039511155,3620800
2018-11-01,81.10681915283203,81.58960314809556,79.91496360988603,80.63158594138227,2897800
2018-11-02,79.95269012451172,81.21998464773124,79.56797992928493,80.7900100285231,2854000
2018-11-05,80.57878875732422,81.05402200714533,79.98285806014921,80.27705089411053,2445600
2018-11-06,81.95923614501953,82.14027656209034,80.30722579313168,80.53353063084849,2582900
2018-11-07,83.83001708984375,83.9733438990209,81.47647393805525,82.40431129438042,3720900
2018-11-08,84.10911560058594,84.44856712829548,83.54335921762237,83.61124722109565,2566400
2018-11-09,82.60795593261719,84.58432737780313,82.38919616288858,84.40328699274741,3377000
2018-11-12,81.25772857666016,83.31707920170616,81.0766880915862,82.78904205558494,1810300
2018-11-13,82.52498626708984,83.3698453198865,81.46890669592338,81.52171038672317,3578300
2018-11-14,82.60042572021484,84.539083883624,81.74802157231532,83.32459314549756,2964400
2018-11-15,83.31706237792969,83.72440770347292,81.01632298563688,82.20063956437158,3303700
2018-11-16,83.73540496826172,84.26783451443178,82.76182680758724,83.24101397943865,2583900
2018-11-19,84.64812469482422,85.11970407636852,83.58327158348771,83.75060638993835,2932500
2018-11-20,82.53363037109375,84.27542454113086,82.1685357359623,83.88751257936288,3485400
2018-11-21,82.73137664794922,83.44635043143816,82.51840721533085,82.90631914073249,1660600
2018-11-23,82.67054748535156,83.6517332388503,82.33587785696918,82.7770322211127,835900
2018-11-26,84.15372467041016,84.36669412369095,82.9367522209611,83.59848371049702,3400000
2018-11-27,84.8154296875,84.8534566191556,83.38548242810045,83.75057695047369,1933800
2018-11-28,86.36710357666016,86.42034594328926,84.37430707728849,84.91433845395022,2322000
2018-11-29,86.1465072631836,86.65611348814149,85.46195855645881,86.03241484489922,1998400
2018-11-30,87.69055938720703,87.80465182895222,86.09328261172253,86.51161382747797,3564200
2018-12-03,87.67533874511719,89.21177115608533,86.54203371137099,88.70216485668738,3529800
2018-12-04,81.21016693115234,86.54203413701293,80.51040850438972,86.4051243749957,6865900
2018-12-06,82.1761474609375,82.22178211644025,80.15292595657043,80.73099007252996,4269600
2018-12-07,80.10729217529297,83.16493598998093,79.46077606902377,82.1685406474129,3172100
2018-12-10,79.40753936767578,80.2365999600764,76.73780154449905,79.60529922942523,3993400
2018-12-11,78.78382110595703,80.9287366065211,77.79502784416565,80.4571572996237,2382600
2018-12-12,76.981201171875,79.78784896197645,76.9507761293582,79.61290641825076,4453700
2018-12-13,76.65411376953125,77.46796452696218,75.87068804451606,77.07245071152072,3490500
2018-12-14,75.04163360595703,76.09127119387848,74.18975003990205,75.96196914812377,4532200
2018-12-17,73.6801528930664,75.17094496615026,73.29224090475404,74.84388305502077,4649200
2018-12-18,73.99201202392578,75.35350226782496,73.55085759345893,74.44837607479533,3404700
2018-12-19,71.74059295654297,74.9579694410261,70.93434980946866,71.27662131074074,6326000
2018-12-20,71.45158386230469,72.85110109911899,70.50082297762631,71.86231326084382,5200000
2018-12-21,71.11689758300781,72.4707798384638,70.85829346813759,71.15493033071581,7889200
2018-12-24,68.37110137939453,71.00280623848182,68.37110137939453,70.75941173714955,2728300
2018-12-26,73.48236846923828,73.61167048777276,68.40911249114994,69.08605341521962,6259400
2018-12-27,74.37230682373047,74.37230682373047,71.55805736865891,72.44036031339616,4335500
2018-12-28,73.42153930664062,75.16333350904245,73.12490244888922,74.67654452181026,2972200
2018-12-31,74.18215942382812,74.20497675445638,73.35309879509,73.6725530298524,2656700
2019-01-02,73.93875885009766,74.05285129689904,72.85108835615927,73.10969828910791,3297300
2019-01-03,71.8394775390625,73.51281988472267,71.64172348784368,73.37591010919577,2705000
2019-01-04,74.34188079833984,74.48639828513276,72.8891214317262,73.16294098407965,3347300
2019-01-07,74.09087371826172,74.65372236024014,73.15532274848947,74.14411607894911,3795700
2019-01-08,74.09849548339844,75.3839259968984,73.42155422910149,74.8895291991689,3034300
2019-01-09,74.47879791259766,74.79065024577461,73.9007395144382,74.22779566437964,3678200
2019-01-10,75.23178100585938,75.40671769139031,73.66492372716495,74.0832606760114,2432200
2019-01-11,74.4711685180664,75.26980382720056,74.01479885229678,74.76019761047,5282800
2019-01-14,75.40672302246094,75.79463496581738,73.49759414372626,74.0300235528979,4731000
2019-01-15,74.2049789428711,75.40674201725714,73.64213015983573,75.40674201725714,4777100
2019-01-16,73.77143859863281,75.26223100298611,73.68016926556027,74.46359532368115,4463400
2019-01-17,75.74139404296875,75.79463640459838,73.62690339113155,73.7409900210649,4004300
2019-01-18,77.27782440185547,77.48319195174084,76.14451933291052,76.38791382697217,4249100
2019-01-22,78.09928894042969,78.34268345301878,76.93555874576988,77.20177058719811,5593900
2019-01-23,76.76061248779297,78.44155666535424,75.48278990807898,78.37310468216477,4573100
2019-01-24,75.83267974853516,76.54765373332883,75.1709539398702,76.33468424074776,2807000
2019-01-25,76.69216918945312,77.38432002189715,76.06086263685127,76.5932863541159,3445500
2019-01-28,76.31185150146484,76.53242866081023,75.23178883403483,75.96197229101494,3126200
2019-01-29,77.04964447021484,77.07246179706314,75.89351628405394,76.34227832300581,2209000
2019-01-30,76.96597290039062,77.6200966485244,76.25099908196951,77.49839650794969,4013000
2019-01-31,80.16814422607422,82.14572534223517,78.15253036032095,80.24420392227601,7327400
2019-02-01,80.69295501708984,81.00480729539572,80.06165435641589,80.41153357889256,3526100
2019-02-04,81.06566619873047,81.07326810660308,80.18335743492574,80.6245118168281,3184700
2019-02-05,81.88712310791016,81.92515005539887,80.65493511021269,81.24060116778917,3690400
2019-02-06,82.76942443847656,82.78463405657939,81.51441913611852,81.72738860745532,4490600
2019-02-07,82.10008239746094,82.86829279542924,81.6817454061061,82.4119288613036,3395700
2019-02-08,82.22179412841797,82.23700955113017,81.18736589736098,81.68176268180467,2951000
2019-02-11,82.85308074951172,82.92153272628141,82.06204724549677,82.30544172342582,2765300
2019-02-12,84.1689224243164,84.26779942030605,83.33224860063044,83.33224860063044,2881600
2019-02-13,85.19577026367188,85.23379721159316,84.0320400429891,84.42755395867214,2731500
2019-02-14,85.03604888916016,85.31747037408928,84.1309227440491,84.73941198165011,2359400
2019-02-15,84.32867431640625,85.1501271624351,83.3779136031009,84.37430897369039,4273400
2019-02-19,84.25260162353516,84.99800051243746,83.79623768070914,84.35148444318541,2658700
2019-02-20,84.4808120727539,84.5492698765435,83.97120561236606,84.37432731395597,3346700
2019-02-21,85.00560760498047,85.40112147176198,84.20696635859827,84.25260101165473,2260100
2019-02-22,83.94075012207031,85.10448013756277,82.03162126235715,85.10448013756277,4085000
2019-02-25,85.06098937988281,85.34488618237482,84.13257770112276,84.32439844104603,3112700
2019-02-26,85.1990966796875,85.85896046338536,84.91519989008127,84.95356637788626,2927600
2019-02-27,85.26815032958984,85.32185990080207,84.72338014903606,85.11469608438469,2620800
2019-02-28,84.55460357666016,85.23748513436598,84.39347481231557,84.96893719379167,2843600
2019-03-01,86.03543853759766,86.21959066781787,84.669675768273,85.12237577101695,3904100
2019-03-04,84.7694320678711,86.62625560293219,84.25534798675503,86.4881444228257,2730700
2019-03-05,84.37810516357422,85.0533120378884,83.64151424962124,84.31672112393541,3150900
2019-03-06,83.51875305175781,84.40880413814236,83.11976846904024,84.27069296452767,2679500
2019-03-07,81.99188232421875,83.65688544508434,81.50082154989809,83.36531993967714,3979700
2019-03-08,81.85375213623047,81.89211862847766,80.51868133147671,81.47778509860827,2648600
2019-03-11,83.50341033935547,83.57246299951794,81.93815231605429,81.99953636102407,2963400
2019-03-12,83.6415023803711,84.27834267606336,83.34226254697619,83.69521194395726,2549600
2019-03-13,85.06098937988281,85.72852766222135,84.07886812810042,84.1862872741451,3323800
2019-03-14,85.07633972167969,85.30652697078789,84.46251681389937,85.29118388600297,2539600
2019-03-15,84.0328140258789,85.36021591424036,83.95608691269175,85.05330160758824,4874400
2019-03-18,84.9305648803711,85.06867606710912,84.0174961539416,84.05586264899864,2394600
2019-03-19,84.66966247558594,85.1837405871245,84.48551622818029,85.01494327511314,2940800
2019-03-20,82.80516815185547,83.63383507867283,81.71562785209777,83.11975694688765,4199100
2019-03-21,84.2476806640625,84.37811737674663,82.04557621799022,82.3064496433585,1819900
2019-03-22,82.3678207397461,84.08653285081203,82.32946010587968,83.84100254923119,2727900
2019-03-25,82.02254486083984,82.4522214203916,81.59286244738401,82.15298155157461,2088200
2019-03-26,83.18116760253906,83.47273308687926,82.31413391216233,82.6287228078686,2204400
2019-03-27,83.6185073852539,83.74126962631716,82.98933553330423,83.25020895425423,1911300
2019-03-28,84.63131713867188,84.71571873688164,83.64918998258592,83.87170275478397,1621000
2019-03-29,85.7362060546875,85.9587188408432,85.11470865970765,85.16841823885522,3428600
2019-04-01,87.8001937866211,88.06874166541948,86.62625173508478,86.84876450720479,3721700
2019-04-02,87.2247314453125,87.89226976096684,86.78738037061612,87.76182720234148,2456400
2019-04-03,87.73882293701172,88.26057568881814,87.37819893671684,87.85391657492156,2556500
2019-04-04,87.44725036621094,87.90761902659384,87.07895192556155,87.70045517828832,2889400
2019-04-05,87.72348022460938,88.16850583767591,87.50096741807612,87.59304349957783,2487300
2019-04-08,87.44725036621094,87.51630303101108,86.948515211669,87.26310407283881,1854500
2019-04-09,86.63394165039062,86.91015819361307,86.25030008259098,86.75670390805553,2230000
2019-04-10,86.76435089111328,86.91013066003745,86.1735397856866,86.83340354156621,1767700
2019-04-11,87.07894897460938,87.26310111564604,86.6109058604748,86.85643619461877,2384800
2019-04-12,87.8232192993164,88.14547678308044,87.05593623098,87.42423467949978,2853700
2019-04-15,87.19405364990234,88.16850649452856,86.87179614310395,88.02272082787448,1768300
2019-04-16,87.42422485351562,87.58535357728769,87.00221687179979,87.23240410799107,2072500
2019-04-17,87.84622955322266,88.02270721999004,87.32447687596424,87.7925199770595,2108400
2019-04-18,87.5853500366211,88.0227010845808,87.5239659955976,87.87691545062611,1859700
2019-04-22,87.17867279052734,87.36281902121047,86.59553623047714,87.14798077642963,2585500
2019-04-23,87.16333770751953,87.50861853055946,86.56485797226853,86.96384251113452,2851300
2019-04-24,87.8001937866211,88.22220177752193,87.0482538720809,87.16334749268155,3570600
2019-04-25,80.6644287109375,84.30902156157126,79.95085556076258,84.08650887453794,10116600
2019-04-26,79.75907897949219,80.58007169399906,79.18361663229844,80.49567593533723,5421700
2019-04-29,80.44194793701172,80.54169847478411,79.04549309334139,79.80510748784968,4551000
2019-04-30,81.50079345703125,81.65424770089682,79.26799732919092,80.319177046773,5101400
2019-05-01,80.27313995361328,81.71562971344996,79.99691763838226,81.37802336063336,2615100
2019-05-02,80.95603942871094,81.35502405468533,79.8741674757849,80.27315795566463,2589800
2019-05-03,81.83073425292969,82.06091564377148,80.81024644387385,81.43941827842241,3107500
2019-05-06,80.27313995361328,81.24758667119205,79.80509691135538,80.21943038420191,2704900
2019-05-07,78.3319091796875,79.85880637969994,77.57230074071552,79.70534628593025,4221600
2019-05-08,78.14778900146484,79.13758498446569,78.07106185592572,78.44702896680161,2497800
2019-05-09,77.30375671386719,77.55696149067099,76.55181685199952,77.55696149067099,3998700
2019-05-10,77.21168518066406,77.4955819943858,75.52366494413039,76.88942772978294,3071200
2019-05-13,76.22956848144531,76.32931902265804,75.09399286597036,75.66945514316382,3766300
2019-05-14,76.54415130615234,77.44187098291593,76.3906911986471,76.4597497105006,2889100
2019-05-15,77.9099349975586,78.27055902969956,75.86129030669254,76.27562392741368,3818300
2019-05-16,77.73342895507812,78.95341181370735,77.48023004629815,77.95594169920305,3337900
2019-05-17,76.99754333496094,77.96582228557688,76.68769288878269,77.10599010463747,2587000
2019-05-20,76.31588745117188,76.56376667901118,75.82012899549325,76.37785873560844,2088500
2019-05-21,77.00529479980469,77.26866384985635,76.33137049129242,76.95881338927924,1762100
2019-05-22,75.52574920654297,76.54825142094303,75.47927371358546,76.47079029604554,2580700
2019-05-23,74.4955062866211,75.13844491405686,73.70539328066678,75.07647364420401,3111900
2019-05-24,74.24762725830078,74.99901265445503,73.8525677996196,74.68142023819003,2401700
2019-05-28,72.86878204345703,74.32507108933814,72.86878204345703,74.27084771821235,3357400
2019-05-29,73.41104125976562,73.6821641194944,72.07094637496877,72.78359833161832,3388100
2019-05-30,74.17017364501953,74.46452834236305,73.60469609154474,73.89905669879444,2518800
2019-05-31,71.97799682617188,73.58921473560272,71.7688511320192,73.10894615397231,4192400
2019-06-03,72.9153060913086,73.6434540541433,71.90829911261162,71.9160410922827,4971400
2019-06-04,75.64971160888672,75.6652014739737,73.34907954459155,73.96103263889178,5096000
2019-06-05,76.07575225830078,76.41658839553236,75.5877417153701,76.16870918024757,2766900
2019-06-06,75.9130859375,76.261664070189,75.47155087813735,76.08350401478154,2643200
2019-06-07,76.09125518798828,76.64123706392836,75.95182274691142,76.44758122409422,2803200
2019-06-10,77.53203582763672,77.7954107975398,76.62572807189753,76.80389401417663,3327200
2019-06-11,77.4700698852539,78.50031427630236,77.35387522027526,78.22919733128961,3229200
2019-06-12,77.77217102050781,77.79540877108974,76.97431006436288,77.13698022834238,2261700
2019-06-13,79.02705383300781,79.2362054001223,78.20595515743224,78.23694079366794,2943100
2019-06-14,78.71722412109375,78.92636981770629,77.96583855305518,78.89538417563277,1829500
2019-06-17,78.54679107666016,78.9573404135622,78.21370287522731,78.74044687028609,2317800
2019-06-18,79.12777709960938,80.24323071495357,78.73271753276497,78.92637337201515,2524200
2019-06-19,78.67073822021484,79.41437585788435,78.21371332296334,79.21297806074298,2056500
2019-06-20,80.0960464477539,80.32068790285248,79.32917107338734,79.59254014562994,2622900
2019-06-21,79.14324188232422,80.28193880179603,79.12000413456444,80.10377879570085,5283100
2019-06-24,77.24542999267578,79.00382213697101,77.19895448971397,78.7404530736457,3704600
2019-06-25,75.23916625976562,77.245443873463,75.13071946009629,77.245443873463,5339400
2019-06-26,77.43907928466797,77.75667171135716,75.24689429422291,75.61096812986855,4624000
2019-06-27,78.7791748046875,79.08127737118484,77.59400228844319,77.72568681026904,2613600
2019-06-28,79.99532318115234,80.1502513436956,79.19746235124616,79.19746235124616,3130400
2019-07-01,79.762939453125,81.42838025626958,79.30590876300388,81.01008308409105,2627600
2019-07-02,79.01158905029297,79.8869113896559,78.4848448868947,79.8869113896559,2020200
2019-07-03,79.94112396240234,79.94887185034743,78.9031315542223,79.18199642117658,1193300
2019-07-05,79.33689880371094,79.62351148665837,78.43059116858458,79.62351148665837,1572000
2019-07-08,78.9495849609375,79.53830017191466,78.78691481906985,78.78691481906985,1675300
2019-07-09,78.80242156982422,78.82565932048503,78.36088657755049,78.72495452108006,1952300
2019-07-10,78.71722412109375,79.36015698692157,78.43835925233908,79.34466712083828,1992400
2019-07-11,80.04183959960938,80.08831511375077,78.59329167315647,78.73272412548835,1820000
2019-07-12,82.04035186767578,82.27273529849782,80.32842927144934,80.32842927144934,3541300
2019-07-15,81.94739532470703,82.30372131485788,80.98686413778273,81.89317193294292,2288200
2019-07-16,81.80795288085938,83.29522793841693,81.7692193586696,82.30371123337855,2958400
2019-07-17,79.18974304199219,81.39741827846582,79.08129034221697,81.39741827846582,3672300
2019-07-18,79.63127136230469,79.75520800743877,78.8721379874481,78.94185715213489,2359000
2019-07-19,80.0263442993164,81.20377521712668,79.91015551326939,79.94888313864915,3011800
2019-07-22,80.56857299804688,80.91715112734893,80.28196024268489,80.49111184819164,2495400
2019-07-23,81.54457092285156,81.57555655595895,80.56855007454222,80.93262387617254,3362300
2019-07-24,88.60917663574219,89.12043095332353,84.90647746262131,85.26280354309863,12086000
2019-07-25,91.59919738769531,91.63018302623297,88.98871496248395,89.3140612121762,8941300
2019-07-26,93.4040756225586,93.96180532438025,90.97175901954147,91.00274465963228,8526500
2019-07-29,91.98652648925781,92.79988340323105,91.48302010965092,92.47453709169733,4171100
2019-07-30,92.80760955810547,93.40407276929683,90.75486267647729,91.15766416554025,3265900
2019-07-31,92.54425048828125,93.88434554408751,91.5527335681708,92.68368292454097,4859500
2019-08-01,90.61543273925781,93.55124973230332,90.29783436175255,92.07947024699631,5106700
2019-08-02,90.78585052490234,91.47526480527608,90.08869426647992,90.35981124585608,3669300
2019-08-05,88.96548461914062,89.63940901616266,88.02044324972125,89.4535010793626,4332900
2019-08-06,89.08167266845703,89.80207251860689,87.98945106246266,89.55419331801265,4875200
2019-08-07,89.39927673339844,89.51546549897016,86.92822654719068,88.0281902005853,3529400
2019-08-08,91.05696868896484,91.25062450845655,90.04995606364531,90.27459752344448,2349100
2019-08-09,89.66264343261719,90.97175864906696,89.42251211027444,90.82457833671158,2113800
2019-08-12,88.99646759033203,89.8098243930298,88.66337934569185,89.18237552155479,1724000
2019-08-13,89.724609375,91.3513169619811,88.50070326378419,88.61689792926273,2804800
2019-08-14,88.33802795410156,89.35278242640797,88.22958118194236,88.89575758800933,3775700
2019-08-15,88.2295913696289,88.94999124495854,87.30778778993115,88.84928643782123,3698000
2019-08-16,90.07324981689453,90.17480467181826,88.97955784944578,88.97955784944578,2723300
2019-08-19,91.23724365234375,91.79190037770697,90.82320454468822,91.15131033262564,2382600
2019-08-20,89.87013244628906,90.99507341553667,89.8076344012994,90.81539302622677,2599100
2019-08-21,90.5654067993164,91.08881451574527,90.08105589089682,90.87007731844017,1906900
2019-08-22,90.0107421875,91.35442023643822,89.14360125964198,90.88569090019197,3005000
2019-08-23,86.93276977539062,89.56544119994814,86.33124262195962,89.31545503798276,4375800
2019-08-26,89.33890533447266,89.64357583435327,87.91710768164934,88.30771149792103,3215800
2019-08-27,89.15921020507812,89.83886287859275,88.63580260830607,89.58106297207269,2883900
2019-08-28,90.87788391113281,91.23723870129817,88.54206883484632,88.95611388017491,2609900
2019-08-29,92.47151947021484,93.36209540423417,91.6668708644387,92.03403928568409,2708100
2019-08-30,92.6980972290039,93.6277302256452,92.60435017079477,93.4246145795959,2209700
2019-09-03,91.65910339355469,92.4793679250403,90.76852706786066,91.91690337208242,1981800
2019-09-04,93.33087921142578,93.69804776177702,92.5262362828559,92.62779113204483,2732900
2019-09-05,94.6823501586914,95.72917134713343,93.74490350767088,93.83865055682911,2854900
2019-09-06,93.80741119384766,95.2213950600184,93.55742499717424,94.93234609880746,2116500
2019-09-09,95.04170989990234,95.45574893255876,93.96363970604484,94.52611007498956,2882300
2019-09-10,95.61981964111328,95.67450393940236,94.34644732930239,94.68236686454715,3070200
2019-09-11,95.97135925292969,96.01042201974774,94.69017917516443,95.64325346816719,2437000
2019-09-12,95.74480438232422,96.58069630065681,95.16671241005506,95.94792003317491,2224400
2019-09-13,95.83073425292969,96.4400752234371,95.56512653148428,96.2369655400286,3107300
2019-09-16,95.75263214111328,96.05730268190828,94.83862051872828,95.35421452617288,2294400
2019-09-17,95.61199951171875,95.71355435600593,94.5729919534579,95.08859184016458,2007500
2019-09-18,94.557373046875,94.7604887012254,92.74497156841477,93.05745581507507,4116500
2019-09-19,93.05744171142578,94.33862156443213,92.88557510380339,94.22143924467684,3733700
2019-09-20,94.29174041748047,94.46360701664007,93.17461348308318,93.61209372461853,5308400
2019-09-23,93.00277709960938,94.44019637630223,92.89340850073674,93.5886828622021,2999900
2019-09-24,92.1746826171875,93.72147628029987,91.7372082705113,93.13557058308382,3160500
2019-09-25,93.00277709960938,93.66680243851948,92.14344387969341,92.36218703758033,3203000
2019-09-26,92.5340347290039,92.96370127863375,91.91688599064948,92.96370127863375,1999400
2019-09-27,92.92465209960938,93.35431871204786,92.44030714756055,92.96371486806439,2456000
2019-09-30,93.60429382324219,93.74491142879101,92.95589008875922,93.20587628083035,2639000
2019-10-01,90.47164916992188,94.2917538115576,89.72169059808171,93.94021277980596,4295800
2019-10-02,90.02633666992188,90.60443442157172,89.32324883692833,89.75291527935197,3903400
2019-10-03,90.54196166992188,90.98724976173538,89.06547978863807,90.15135787148402,2936300
2019-10-04,91.7840805053711,91.87001381935289,90.56539854001628,90.72945142303396,2321800
2019-10-07,90.28417205810547,91.4247345647705,90.17480345884593,91.16693459788372,2775800
2019-10-08,88.0733413696289,89.37796256488717,87.83898267046472,89.37796256488717,3373900
2019-10-09,88.94830322265625,89.44827564025334,88.39364650813889,89.05767181649678,2553200
2019-10-10,90.0576171875,90.17479952735243,88.91705473056187,89.08892136765992,2209500
2019-10-11,90.6357192993164,92.16689171340782,90.53416443884937,91.30755843198651,3083300
2019-10-14,90.51852416992188,91.14348665597095,90.2372889651505,90.57320846195293,1960300
2019-10-15,90.99505615234375,92.30748504743036,90.48727006338551,90.69037973085642,2616300
2019-10-16,91.79190826416016,91.8231572885735,90.73727902081309,90.73727902081309,2260600
2019-10-17,92.48716735839844,92.90120643309466,91.92469693234281,92.03406551961574,2197500
2019-10-18,91.6747055053711,92.68246396783675,91.42471932585454,92.52622484069165,2720600
2019-10-21,92.5887222290039,93.1590064000786,91.87001266666566,91.94813223472138,3251100
2019-10-22,90.69821166992188,91.05756649231466,87.3233946855573,90.48728821596107,8275700
2019-10-23,89.95606231689453,90.67477192627716,89.5732722362666,90.15136422988816,3644200
2019-10-24,89.06547546386719,90.22947305785203,88.60455990481799,89.68263015064859,2969600
2019-10-25,90.40135192871094,90.59665384492051,88.95611894078837,89.05767379156643,2704400
2019-10-28,90.81537628173828,91.62001909216045,90.6044528689651,90.68257243072773,1730400
2019-10-29,91.33097076416016,91.90124889572641,90.85443371715812,91.12004140361032,2867300
2019-10-30,91.30754852294922,91.40129558715104,89.90137832077019,91.29974073770512,2417300
2019-10-31,89.97167205810547,91.30753625272104,89.45607817463623,90.65132477191645,2954200
2019-11-01,93.36212158203125,93.4168058754131,90.70601456032476,90.97943602723404,4171900
2019-11-04,96.10416412353516,96.16666216703754,93.7449196026637,93.7449196026637,4230700
2019-11-05,94.83077239990234,96.69785773885312,94.74483910311885,96.3385030250948,3117800
2019-11-06,95.26825714111328,95.26825714111328,94.32299673271018,94.82296908161528,2820200
2019-11-07,96.4713134765625,97.38533079046314,95.3229374863886,95.58073739441545,3156200
2019-11-08,97.1041030883789,97.89311844077318,96.48694839442979,96.4947561788086,2310700
2019-11-11,96.19791412353516,96.68226503524279,95.88542985663157,96.40884353675527,1318700
2019-11-12,96.09634399414062,96.6197516309205,95.79167352137975,96.08853024967117,1555800
2019-11-13,96.10416412353516,96.44789740265686,95.3307702056528,95.79168582630612,1613600
2019-11-14,96.9322280883789,97.049410405477,95.88540693848022,95.88540693848022,1580400
2019-11-15,97.41250610351562,97.64081752345392,96.87714255319518,97.26291737417746,1891000
2019-11-18,96.65667724609375,97.42823276259843,96.49134520825994,97.25502605440676,1772700
2019-11-19,94.90100860595703,97.26290526810645,94.65694787298469,97.19991991552848,3642600
2019-11-20,93.69644165039062,94.72780126393329,93.55472761133323,94.63332323569043,2904600
2019-11-21,94.09795379638672,94.24754249664447,93.45236899414604,93.52322901249413,1994700
2019-11-22,93.94050598144531,95.34977175534712,93.73580658238215,94.44437680482078,2597800
2019-11-25,94.71205139160156,94.79078007306273,93.88538521972593,94.34988864497615,2460400
2019-11-26,95.42062377929688,95.79852989223448,94.4050134894182,94.76717026073422,2872800
2019-11-27,94.3735122680664,95.81426455207175,94.27903424673272,95.60957118243545,1862700
2019-11-29,94.2633056640625,94.67269847401282,94.17670229927438,94.4916170731065,1372000
2019-12-02,93.07449340820312,94.99550498664739,93.01938271570423,94.54673876779427,2438300
2019-12-03,92.05885314941406,92.4288845634552,91.10622227848553,91.98012446712335,2037000
2019-12-04,91.69668579101562,93.08233326406429,91.62582578052715,92.28715984976438,2202200
2019-12-05,90.54724884033203,91.6415938388942,89.94889999005612,91.389658429296,4889400
2019-12-06,92.53123474121094,92.78317013801545,91.3266684375327,91.3266684375327,2762700
2019-12-09,93.01148223876953,93.1846889404595,91.7675486599173,92.11396206329724,1974100
2019-12-10,93.32640838623047,93.9798678872265,92.75955224110687,93.00361296768533,2438800
2019-12-11,91.94864654541016,93.32641972969887,91.92502853759494,93.32641972969887,3354200
2019-12-12,92.0746078491211,92.5469920144044,90.36617060540424,90.68109138005505,4320600
2019-12-13,93.38939666748047,94.18456422309407,92.74381181674704,92.9248871980793,2968100
2019-12-16,93.78305053710938,94.42076074715814,93.48387310000865,93.78305053710938,2978200
2019-12-17,94.70416259765625,95.51507930833462,94.12156323379423,94.4994632510946,2804800
2019-12-18,92.86190032958984,93.49174183512461,92.15333614413044,93.32640979140983,4957500
2019-12-19,93.34214782714844,94.129446661066,93.11383044451874,93.1846904630103,3201000
2019-12-20,92.42888641357422,94.38925887293627,92.37377573420623,94.38925887293627,6945000
2019-12-23,93.64134979248047,94.01924996818902,92.55487327243469,93.08236819455931,2047500
2019-12-24,93.16109466552734,93.18471267511646,92.38166430939728,92.45252434477949,872000
2019-12-26,93.72006225585938,93.86965096974048,93.37364881597217,93.75942359709222,1274600
2019-12-27,93.64134979248047,94.07436066075546,93.35004698513494,94.04286797834392,1419500
2019-12-30,91.6730728149414,93.86176248495558,91.52348412307568,93.86176248495558,2430700
2019-12-31,92.16120910644531,92.18482711284697,90.98813540445514,91.35816685571861,2875100
2020-01-02,91.94864654541016,92.87765956136656,90.72046208610368,92.64934214146213,4158100
2020-01-03,91.8935317993164,92.00375316866182,90.41340597105385,90.51575867588468,2477800
2020-01-06,91.48411560058594,91.50773960948075,90.04336340187761,90.89364151708831,3381600
2020-01-07,91.32666778564453,91.67308120625816,90.59447960537439,91.21644642574267,1952300
2020-01-08,91.84628295898438,92.55484708964633,90.79129941979383,90.83853542674109,2016000
2020-01-09,92.05885314941406,92.76742330325736,91.62583638689499,92.13758183170478,2151500
2020-01-10,91.22432708740234,92.16908337906955,91.01175301747811,92.16908337906955,2545000
2020-01-13,91.91714477539062,92.28717621220414,91.24794192481546,91.42114864048254,1826200
2020-01-14,92.32654571533203,93.04299064682277,91.86991688692684,91.91715290206184,2598600
2020-01-15,92.8461685180664,93.45238608692493,92.32654831051809,92.51550438959812,3168400
2020-01-16,93.38150787353516,93.77515725972943,92.97998381776537,93.30277919761889,2426800
2020-01-17,93.3736572265625,93.87752808999494,93.03511842707371,93.48387860252494,3403400
2020-01-21,92.42100524902344,93.32640006640352,91.9171344997466,93.0665900219477,2960700
2020-01-22,92.31867218017578,93.87752066353556,92.31079750919727,92.7359396428265,2425300
2020-01-23,92.05885314941406,92.20844185039583,90.97238291792996,92.13758183170478,2493700
2020-01-24,91.84628295898438,92.20056502431535,91.27155217913521,92.14545434733914,2015400
2020-01-27,90.47638702392578,90.89365447469076,89.24032800652539,90.50000502957454,2903800
2020-01-28,90.83065795898438,91.61008203112985,90.0984698892075,90.8936372932716,2039600
2020-01-29,91.1377182006836,92.10609243993575,90.79917944881662,91.1377182006836,2845400
2020-01-30,85.02828216552734,89.01988739358893,84.50866200245218,88.38217719946395,9473000
2020-01-31,81.5011978149414,84.9495716167234,81.1626589715385,84.90232958760107,7234300
2020-02-03,80.32810974121094,82.2569957446753,80.03681297817323,82.00506032459755,5627100
2020-02-04,81.39094543457031,81.76885149058252,80.79260268858603,81.35945276268488,4858700
2020-02-05,83.48517608642578,83.91818687750738,82.14676435230301,82.37508175412302,4439900
2020-02-06,83.85519409179688,84.8629355613531,83.06002064828864,83.92604809827522,3861800
2020-02-07,81.1862564086914,83.74497757141938,81.09177838799451,83.49304218950762,5754400
2020-02-10,81.14690399169922,81.68226752756615,80.01319156124819,81.40671409144664,4669400
2020-02-11,82.56401824951172,83.02064693832942,81.26497417087667,81.42243151093622,2806300
2020-02-12,83.0915298461914,84.05990416700746,83.05216249702053,83.27260523650341,2493300
2020-02-13,82.85533905029297,83.5560346287871,82.17039281435727,82.65851431461228,2768300
2020-02-14,83.414306640625,83.6032626800669,82.41443979335122,82.65850050269712,2694600
2020-02-18,83.78434753417969,84.17799698435714,83.21749136486594,83.41431608995467,3371600
2020-02-19,84.0520248413086,84.22523154510823,83.41430870399059,84.22523154510823,2663200
2020-02-20,83.83158111572266,84.721226621207,83.4143076949741,83.83158111572266,3171200
2020-02-21,81.04454803466797,83.24111261454476,80.89495932644914,83.1545092578511,6034600
2020-02-24,78.30938720703125,79.62130325114536,77.61765417852314,79.31916747389947,7300400
2020-02-25,74.6598892211914,78.8898208656854,74.11922099297196,78.77055465564126,7609100
2020-02-26,74.52471923828125,75.84458197000048,74.08741184956433,75.59810293243152,7411700
2020-02-27,71.74982452392578,74.05561580857372,71.47154072853229,72.75960495223731,9143800
2020-02-28,71.94861602783203,72.6324026910944,69.70643368689569,70.4697291576258,11498000
2020-03-02,73.74549865722656,74.05558706116875,71.08986851759255,73.18893128249171,8738800
2020-03-03,72.59262084960938,76.32958782719697,72.01219527307593,75.42317445703947,9263400
2020-03-04,76.18647003173828,76.2341740832342,72.69598205423867,73.37976843428982,6644800
2020-03-05,73.93634796142578,74.93817566888475,73.101496593653,73.76937768787123,5277200
2020-03-06,74.7394027709961,75.12105345424386,71.67031617191783,71.77367699194261,5598400
2020-03-09,69.31681823730469,73.14919999436415,69.253208781438,70.31864593574434,8648300
2020-03-10,73.8011703491211,73.90453114933615,69.3247602248949,71.94063954846634,8914200
2020-03-11,69.96084594726562,72.48926414096883,69.42017771508596,71.4158803749724,5557200
2020-03-12,68.51375579833984,73.49903548623884,65.19819072583637,65.37311367153538,9412800
2020-03-13,74.92227172851562,75.21645483071866,69.57919903895672,72.35409619449247,10918900
2020-03-16,69.22140502929688,74.90637132222436,67.98105095306967,68.26728744237313,9006300
2020-03-17,76.95773315429688,77.2916737132932,69.80183283569734,70.8036605788182,10476100
2020-03-18,78.92164611816406,80.9809526870457,71.80549581763559,72.35411688684123,11152100
2020-03-19,76.52836608886719,82.53137281631639,75.9002364340722,78.45250640894443,7690300
2020-03-20,74.31004333496094,77.70512364349217,72.2825420274925,76.44886422036858,7355300
2020-03-23,73.06969451904297,76.43296427417022,71.75777824646298,74.88252163047777,7117800
2020-03-24,75.74124145507812,76.87823490423071,73.27643222063158,74.68375680714009,6067100
2020-03-25,75.1369400024414,77.75281938231394,72.39384779388395,76.0354006990868,5682000
2020-03-26,79.33509063720703,79.5338656713015,74.36571478484507,75.13696288771285,6373900
2020-03-27,77.53816223144531,79.15222059553754,75.5345125671826,76.01157143332776,4671100
2020-03-30,77.79257202148438,78.56381990217601,76.25803502382193,78.02315172254596,3994200
2020-03-31,74.27823638916016,77.37117473085718,74.07151476833847,77.05313960155266,5391300
2020-04-01,71.86908721923828,73.84888448503474,70.82750817917531,72.28254260881927,5762800
2020-04-02,73.97610473632812,74.38955406727713,70.24708379474296,71.36817770661331,4039900
2020-04-03,71.55900573730469,74.26234716727372,70.62078741943697,73.28437141976578,4471900
2020-04-06,76.07516479492188,76.71124719254729,73.48313721387561,74.1112669133446,5642700
2020-04-07,73.87273406982422,77.48248225070877,73.6978111225478,76.5283648042766,5113900
2020-04-08,78.54792785644531,79.11244811505921,74.54857592231531,77.12469816241953,6628400
2020-04-09,78.4684066772461,79.53383757182986,76.42500029133993,78.38094520785424,5588500
2020-04-13,78.25373840332031,79.70877281938614,78.07086880535681,78.38095731158312,3355100
2020-04-14,80.6231689453125,80.9650623055594,79.16018128769777,79.95528156118974,4093100
2020-04-15,79.4463882446289,79.49409836821746,77.87209368722904,79.46229364120224,3721200
2020-04-16,81.2751235961914,81.48979792874594,79.191959396349,79.65311885577033,4303400
2020-04-17,81.696533203125,82.49163328296078,79.3748424258763,81.22742706776536,5850100
2020-04-20,80.46412658691406,81.89530917368378,80.34486642646014,80.89348136294498,4359500
2020-04-21,80.00296783447266,81.18766519001547,79.70877863724095,79.79624012652249,3793800
2020-04-22,77.60972595214844,80.91733941431643,77.42685024896156,80.7026650433979,5099500
2020-04-23,79.07270050048828,79.7008302913933,77.96751187498501,78.20604432535022,4061800
2020-04-24,79.65311431884766,79.86778863917468,78.38890222673567,79.66106701697275,2792400
2020-04-27,81.53750610351562,82.28489596641982,79.35098113899176,80.30509869705867,4362300
2020-04-28,76.6715087890625,78.96934776969685,76.47273374875758,78.91369100105679,10400900
2020-04-29,76.41707611083984,77.24398099703788,74.82687580648964,76.40912341080092,9974000
2020-04-30,75.26416778564453,76.12287116253664,73.80118065314524,76.01155764949264,6262500
2020-05-01,73.06969451904297,74.5088236429899,72.55287828243486,74.12717902275723,5415600
2020-05-04,71.90884399414062,72.99018045015262,71.24095685783607,72.83910951308094,4784400
2020-05-05,73.71372985839844,74.62014349098533,72.6721506641051,72.77551149373961,5001000
2020-05-06,73.88864135742188,75.08129132699214,73.70576569298993,74.05561162522594,3630300
2020-05-07,73.80912017822266,74.95405983177585,73.5069783543448,74.7314328454219,3309800
2020-05-08,75.39932250976562,75.51858870409566,74.19076730421281,74.3736429443363,3418000
2020-05-11,74.66783905029297,75.42318157466173,74.02380396725512,74.90636539508411,3118400
2020-05-12,73.82504272460938,75.6617280719423,73.80914339178237,75.34368682021145,3504600
2020-05-13,72.14734649658203,74.12714915608186,71.86111011366951,73.59442773636002,3690800
2020-05-14,72.9027099609375,72.99017143305504,70.64462314665029,71.55898922215957,4031700
2020-05-15,72.37796020507812,73.06174676760772,72.0678716553417,72.22688924685136,3990600
2020-05-18,76.40911865234375,77.16446738954963,73.99201361232323,74.20669403707541,5509500
2020-05-19,76.6715087890625,77.49841368466694,75.86050929371683,76.27395870845264,3674300
2020-05-20,77.267822265625,78.2855493480323,76.70330196416882,77.52225403622683,3291700
2020-05-21,77.3711929321289,77.91186127172045,76.80667255884156,76.91003945970031,5452100
2020-05-22,77.7086410522461,78.39156315198542,76.88912962875516,77.76488155152452,2406600
2020-05-26,77.98982238769531,79.4922555032711,77.7568243454026,78.85753796662955,5563700
2020-05-27,80.03858947753906,80.13499822737931,77.8693006598437,78.5602586392112,4436400
2020-05-28,80.11894226074219,81.22768593215345,79.0021624825788,80.34390421177461,5460800
2020-05-29,80.11090850830078,80.67331953216348,79.0182308885286,79.80560387003494,5962400
2020-06-01,79.76543426513672,80.08681113671966,79.02627175132375,79.92612576580518,2510300
2020-06-02,81.28392791748047,81.29196402438066,79.52440055105754,80.14304592779457,2860500
2020-06-03,83.2764663696289,83.73442642479472,82.01506719103156,82.43285283812418,3633800
2020-06-04,82.91490173339844,83.41303611641658,82.18377543629036,82.99525053660525,2768400
2020-06-05,85.68677520751953,86.10456081301045,84.09596320444109,84.34503347613602,5026800
2020-06-08,88.7398452758789,88.7719835751353,85.70284648831893,85.70284648831893,4561100
2020-06-09,86.63483428955078,87.73554186573159,85.59036107196327,87.6391331027105,4567900
2020-06-10,85.67071533203125,86.84373576880027,84.85924619472634,86.68305038887466,3793300
2020-06-11,80.72152709960938,83.32466805895332,80.7054548849986,83.13184439190107,5306100
2020-06-12,81.53299713134766,82.73011959423468,80.31176634807407,82.68191521296849,3334400
2020-06-15,84.87528991699219,85.30914768417915,80.01448183308995,80.2796181568852,6440200
2020-06-16,85.02796173095703,87.43024293229436,83.38090911811223,86.6428699143615,4283300
2020-06-17,85.95993041992188,87.20526322803559,85.30111073472851,85.57428316162718,4413500
2020-06-18,86.43397521972656,87.18920376504379,85.34129761187019,85.59839786490971,3204500
2020-06-19,86.58660888671875,87.60697973806286,85.46179931323266,87.0204666349573,9027100
2020-06-22,85.88763427734375,86.40987087732069,84.74675231599647,86.0402835261345,4385700
2020-06-23,88.86840057373047,89.07729645895834,86.77946011071363,86.94014548104032,5565900
2020-06-24,87.97657775878906,89.59952197560389,87.14903650127061,88.31402069549011,5471300
2020-06-25,88.79608154296875,88.90053254302157,87.06065637395731,87.79178272555946,2987000
2020-06-26,86.2250747680664,89.10138791035384,86.0965277132522,88.89249205030836,5489000
2020-06-29,87.96051025390625,88.49077684162165,86.64286456709809,87.55075462038513,3395200
2020-06-30,89.32636260986328,90.00124853595985,87.26956040108811,87.98462073553742,3954900
2020-07-01,91.92948150634766,96.34036567458872,91.7928983584866,94.69331340531438,8982100
2020-07-02,91.88128662109375,93.10251123179074,91.79290783870249,92.88558539394607,3442900
2020-07-06,92.6847152709961,93.03019425539966,92.08213607469355,92.93377937728033,3445900
2020-07-07,91.95359802246094,92.75703708296214,91.48760802598296,91.72060608909874,2194700
2020-07-08,91.96967315673828,92.6124207476969,91.57598972092266,92.0098414331867,3051600
2020-07-09,91.95359802246094,92.42763025562851,91.35905483402105,91.99377242738743,2366200
2020-07-10,92.45172882080078,92.92576103537719,91.58401319834974,92.15445417336292,2281800
2020-07-13,91.39922332763672,93.00610134471312,91.36708503172481,92.89362037389803,2301700
2020-07-14,92.6606216430664,92.91772187871402,90.82878169785802,91.24656728212797,2538000
2020-07-15,95.77796173095703,96.17968122792259,93.2873020757212,93.77740035239943,4841800
2020-07-16,96.20380401611328,96.2921828147496,94.94240477074109,95.44857536834077,2528200
2020-07-17,95.2477035522461,96.95902655298931,95.17539084896627,96.41268774391698,2782400
2020-07-20,95.08700561523438,95.38428025566955,94.05056855668023,95.1432461007488,2365900
2020-07-21,95.64138793945312,96.65372288727686,95.46463036271761,95.60924964097815,2054400
2020-07-22,95.3843002319336,95.81012201568704,94.72548035089432,95.40840242652274,3508200
2020-07-23,94.91828918457031,95.9306241071857,94.76563380305393,95.37624919936597,2349200
2020-07-24,95.08700561523438,95.9948956196498,94.4522880617127,94.93435637155422,2539000
2020-07-27,97.22418212890625,97.84282763376176,94.4362470432646,94.90224326392476,4446000
2020-07-28,96.10737609863281,97.00722386225651,95.79403537669198,96.5894382762531,2497600
2020-07-29,99.36933898925781,99.86747339213105,96.7581621545374,96.87867923439823,6769600
2020-07-30,113.65451049804688,116.90039935396624,108.58479903220017,110.60143919703808,30970900
2020-07-31,114.69895935058594,115.79967923339942,112.24043771223417,113.943736908742,7429900
2020-08-03,114.23298645019531,115.29353214262257,112.91534657323145,115.26942994593195,4317200
2020-08-04,116.27368927001953,117.25388579882379,113.55806161551212,113.79106578323922,4841700
2020-08-05,116.56291961669922,117.30208194962475,115.11672711336449,116.77985155707566,3939300
2020-08-06,116.87628936767578,117.02894476147529,116.04874805766497,116.47456980904886,2420900
2020-08-07,126.05956268310547,126.05956268310547,116.97267038453754,117.04497694565225,10074200
2020-08-10,128.22084045410156,130.71953649534817,126.13993616913459,126.51755351931871,7396400
2020-08-11,125.21601104736328,129.56260803900102,124.43667400013311,129.08055184843727,6071900
2020-08-12,126.77460479736328,128.75106966978294,125.65782533865763,126.34075323290712,4247200
2020-08-13,127.97978210449219,128.32526722024994,125.72212066673325,125.95512482237329,2848200
2020-08-14,129.1448211669922,130.50262311432937,127.2487041683474,127.52990053208785,3479000
2020-08-17,128.79127502441406,130.26959985214768,128.34938111951917,129.44205865730189,2408900
2020-08-18,128.542236328125,129.6349140821093,127.78700155205382,128.86360709008738,2606600
2020-08-19,128.8234405517578,130.06877378459873,128.43779316193613,128.9921681807789,2691600
2020-08-20,128.18875122070312,128.75918629599616,126.38904265659193,127.87541036341933,2296700
2020-08-21,128.58489990234375,129.56325991855493,127.36398250307968,128.36658591998764,4420700
2020-08-24,129.65216064453125,130.22622938594813,128.61720834617543,129.1427656263576,4084000
2020-08-25,128.59300231933594,131.30975649765483,127.79253814755957,130.63057103747775,2931500
2020-08-26,128.4797821044922,129.34494455349386,127.63888773114485,128.56872392319696,2761700
2020-08-27,129.53900146484375,130.15350071837742,128.33424635796504,129.15897845588228,2913400
2020-08-28,131.27737426757812,131.47951360881686,128.83552757088464,129.78963167708665,2979800
2020-08-31,132.29615783691406,133.58985461192694,130.3879618794538,130.76798484445357,3960900
2020-09-01,131.5118408203125,132.71659564719,130.622435186719,131.89995721007494,3097000
2020-09-02,134.04263305664062,134.3822256544144,131.14799633740031,131.99698400063767,3778000
2020-09-03,127.76827239990234,132.15873414253375,126.90310986620851,131.20464211903808,4759900
2020-09-04,129.9998779296875,130.8650404038038,125.02725408417568,129.56326229457682,3601300
2020-09-08,126.49880981445312,129.41770268467795,126.1026245624352,129.39344694833432,3176400
2020-09-09,129.20748901367188,130.1454186605147,127.79251341006886,127.79251341006886,2317600
2020-09-10,127.66312408447266,130.38795850383224,127.00819458146037,130.16965689456578,2450900
2020-09-11,128.45550537109375,129.86239963585405,127.29118078475506,128.1482619601923,2466800
2020-09-14,129.482421875,131.1157117862837,128.58492238793343,130.09692124887206,3617900
2020-09-15,130.6062774658203,130.8003356857819,128.05123308889085,129.83815039375037,3238500
2020-09-16,129.2641143798828,135.32021593955704,128.9892077254001,134.86742560567697,5736800
2020-09-17,129.1670684814453,129.58752186154928,126.91927948173469,126.97587209462053,3002200
2020-09-18,129.0942840576172,132.40128103198572,128.90022583013848,129.48238817496713,7274000
2020-09-21,130.22630310058594,131.75447668252542,127.25081664293913,130.51738437036545,3894400
2020-09-22,130.89736938476562,131.09950875390248,129.02152245473164,129.64410282859544,3051900
2020-09-23,130.62245178222656,134.02647156220974,130.45264929793152,131.39057885261275,3842400
2020-09-24,129.70069885253906,131.44718584277535,127.74399137439931,130.27476771233995,2975100
2020-09-25,134.31756591796875,135.0291004552285,128.778954529406,128.778954529406,4399300
2020-09-28,136.56536865234375,139.05572744871924,136.23386942519195,137.3820196941998,4338400
2020-09-29,136.241943359375,137.83480267527372,135.12613002358984,136.49259421883775,3113700
2020-09-30,134.7299346923828,137.1879439638463,133.8162608065153,136.8806881783104,5426700
2020-10-01,135.55467224121094,138.10163599990665,134.93209179279128,136.6785667746973,4934100
2020-10-02,134.9967498779297,136.24192285410265,134.01838998853123,134.75418018870963,4482700
2020-10-05,136.7755889892578,137.4224374536025,135.3848691090796,135.967031493229,2739000
2020-10-06,136.92921447753906,139.1123172108721,136.41981931597172,136.87260953176133,3671400
2020-10-07,141.4894561767578,141.85330451945916,137.7054013348878,137.9479710092241,3847000
2020-10-08,140.8588409423828,142.28997917404632,140.244329200433,141.94230528856315,2797500
2020-10-09,141.2469024658203,141.80480907856523,139.7672408565078,141.10135570972673,2861100
2020-10-12,142.74270629882812,142.95293910171083,140.8587785679254,141.38433589992056,2274000
2020-10-13,141.76437377929688,143.23594186658605,141.40860654085571,141.90182706003876,3018000
2020-10-14,140.9962615966797,142.27378393442896,140.52729676351035,142.07972569179077,3156900
2020-10-15,140.72132873535156,140.73750333837202,139.07995815057942,139.61360901179,3059700
2020-10-16,141.04476928710938,142.4597448821444,140.8992225246353,141.55416444935656,3446000
2020-10-19,139.15274047851562,142.4678185827974,138.3522641706897,141.30349389418058,2884600
2020-10-20,141.40052795410156,143.39766580235778,139.3629597666387,139.99363357791884,2784700
2020-10-21,139.66212463378906,143.93130697513294,139.59743855739202,142.6537847259085,4428700
2020-10-22,139.8723602294922,141.271161188588,138.7888838504485,140.98008000785515,3897700
2020-10-23,138.99099731445312,140.4868332801036,138.51395146031146,139.41145057218068,2763100
2020-10-26,135.83766174316406,138.1986481929489,134.3660811522277,138.1986481929489,4053900
2020-10-27,138.1339569091797,138.8050610980295,136.33087718347954,138.1743872506975,5753900
2020-10-28,125.95709991455078,132.49832783228692,125.81156547094493,131.92425885458425,11120900
2020-10-29,130.46884155273438,132.6196075108945,127.54186728662428,127.80869274798476,5849600
2020-10-30,127.03246307373047,129.7411355006185,125.52854570415703,129.3772747734188,5240500
2020-11-02,129.00538635253906,130.33142051632967,126.91930595993952,128.46365416208437,3924000
2020-11-03,132.18304443359375,133.12905571322867,129.6522665502953,130.37996373844075,3142200
2020-11-04,131.45529174804688,133.6869062088226,129.822001995445,132.38512802230105,3530000
2020-11-05,132.24766540527344,134.09926902684694,131.1561201607241,133.89712964775165,3998300
2020-11-06,135.5789031982422,136.08021719167115,131.85146531044774,132.66810386873914,2960000
2020-11-09,131.9727325439453,135.45761277192807,128.3261433123933,132.68426696477735,9453000
2020-11-10,133.1936798095703,133.62221431779605,130.2020193858326,132.38512227139208,3329800
2020-11-11,134.73802185058594,136.01554418625776,133.55752246727124,134.51970787017402,3240200
2020-11-12,132.68804931640625,134.63228544964875,131.51662442371986,134.50212436982943,4070000
2020-11-13,133.14356994628906,134.30686415775276,132.72869556458934,133.5747175624204,2628500
2020-11-16,137.02392578125,137.05645984080462,131.17494485855636,132.7287099751879,4406300
2020-11-17,137.3818817138672,137.8048866114473,134.63228781537663,137.1785096778923,3627800
2020-11-18,137.0320281982422,139.57011877446817,137.0320281982422,137.43877213021256,3393500
2020-11-19,135.42950439453125,136.66600986413647,134.7949846274753,136.66600986413647,3143600
2020-11-20,133.21676635742188,135.68977638208037,133.1761018950378,135.30743609808934,3988100
2020-11-23,135.52711486816406,135.63285987453426,133.3388300151276,134.63227304292298,3770900
2020-11-24,140.4812469482422,140.8229104241544,136.31619229387414,136.63345212242416,5371700
2020-11-25,138.69972229003906,140.72531214577236,137.78861958200326,140.00943863926227,3497700
2020-11-27,137.38998413085938,139.45623813367433,136.57649615272348,139.0739102037646,2216600
2020-11-30,139.1634063720703,139.29355502602976,136.75547628760341,137.94317429969726,4708600
2020-12-01,136.63345336914062,141.70961067225878,136.58463366112886,141.1483019521235,5371500
2020-12-02,137.34120178222656,137.44695921070124,135.4457729593799,136.6009246085913,3853300
2020-12-03,136.52772521972656,138.48009192206433,136.19419208078338,137.57711952934304,2844200
2020-12-04,136.0558319091797,137.15404538299904,135.31555504646704,136.72289785039465,2766200
2020-12-07,136.23484802246094,136.90190178492085,135.12037333910803,136.7717531275325,3117200
2020-12-08,135.3562469482422,136.86120448127764,134.97390665418106,136.29989586179047,3885000
2020-12-09,137.62588500976562,138.17093285792984,135.86061765310484,136.2917652722835,3327300
2020-12-10,133.60726928710938,136.22670155580354,133.11104112657188,135.89316850745968,4708600
2020-12-11,136.99139404296875,137.4957651166301,134.51026521448637,134.63228346699273,4777500
2020-12-14,135.54336547851562,139.74096650324176,135.5189618317427,139.74096650324176,3388700
2020-12-15,135.9907684326172,136.983224646707,135.15287690294403,135.93383073526584,2555300
2020-12-16,138.3987274169922,139.64336315393993,136.1778960792016,136.1778960792016,3421600
2020-12-17,141.945556640625,142.620753317872,138.32552431843348,138.89497597328014,4386900
2020-12-18,142.50680541992188,142.75899709757664,139.2203197412162,140.77408462081246,8581300
2020-12-21,140.39988708496094,141.90484480876535,139.13084782586864,140.27786885344878,3180000
2020-12-22,142.00244140625,142.5637500257868,139.93618766638457,140.18836692146,2489200
2020-12-23,140.44053649902344,143.1250487828266,140.4242632670574,141.85600977193323,2553800
2020-12-24,140.0745086669922,141.01815777970518,139.4887962806767,140.7415624102255,1006100
2020-12-28,139.3992919921875,140.89610680227497,139.02508208324528,140.4080214926416,1861700
2020-12-29,137.50387573242188,139.92806649833264,136.991374319994,139.71656408682426,2864600
2020-12-30,135.22610473632812,138.14653604628822,135.16102420776318,138.14653604628822,3107100
2020-12-31,136.99139404296875,137.05647458192,134.5834761659902,135.68167767707823,2349400
2021-01-04,133.24935913085938,137.1052849504543,131.6874633996148,136.99139710795242,4304000
2021-01-05,131.3945770263672,133.42015407559506,131.15865856991542,132.3382136136512,3967000
2021-01-06,131.00411987304688,132.7043194580096,130.16622811213284,130.3858733775972,5061400
2021-01-07,129.34457397460938,131.6792802371366,128.6449738955916,131.4759082654784,6024300
2021-01-08,128.84835815429688,130.0767205116272,128.099950716767,129.4340704815535,4844800
2021-01-11,131.671142578125,131.73622309501363,128.31957664181746,129.23880946237557,6127800
2021-01-12,133.33880615234375,133.77808416158385,130.10111533705836,132.0860278212079,4612100
2021-01-13,132.68804931640625,133.77812043099462,131.7444001069818,133.0459860794875,2643000
2021-01-14,132.98085021972656,134.7054403649523,132.77747827192772,133.16794893610668,2625000
2021-01-15,129.2632598876953,132.57416256046724,128.7019635004599,132.37892093913933,4816300
2021-01-19,127.13188934326172,129.99537025668488,126.94479059990806,129.91401650070134,4537400
2021-01-20,130.02793884277344,130.3940060162347,126.9285510744411,127.64442459612086,3029800
2021-01-21,130.23944091796875,131.54101434174692,129.52356746654314,129.62118205979485,2002800
2021-01-22,129.33645629882812,130.52414177906098,128.04300099797,128.85648896469877,3131600
2021-01-25,131.58169555664062,133.52593155088653,129.43408754453282,129.9221853525385,3938100
2021-01-26,131.32138061523438,132.40332129911755,130.55671221293917,132.09420425575348,2962400
2021-01-27,128.2464141845703,129.83272615951466,127.70952138782965,129.75137237157307,2821500
2021-01-28,127.93729400634766,129.65375462252754,127.88034387359599,129.40157526398724,2565100
2021-01-29,126.09065246582031,128.28706780039826,125.8954108578949,127.73390186387414,5007900
2021-02-01,127.11563110351562,127.83963493094411,126.01742974524105,127.06682380930455,4783000
2021-02-02,130.3939971923828,133.57473852306077,127.66067678247741,132.76125045359896,10758300
2021-02-03,129.9221649169922,131.35389922891795,127.59558890208723,130.71937962602033,4559200
2021-02-04,131.99656677246094,132.11859742789582,128.38469025046027,129.5316989693557,2811100
2021-02-05,133.72116088867188,133.85130953440265,131.55727983806014,132.59854348095686,2560300
2021-02-08,132.96463012695312,134.60787959747887,132.44399822903375,133.76998783071554,2242200
2021-02-09,135.78741455078125,136.34059284171235,132.41957475010506,133.0052870991654,3073600
2021-02-10,134.7624053955078,136.8530627957762,133.85129052771882,136.6171567718483,2943700
2021-02-11,132.08604431152344,135.26678541211197,131.12613441716132,135.03900976216698,3188400
2021-02-12,132.91578674316406,133.27372340322214,131.8175731191531,132.16737936887904,2563800
2021-02-16,131.58169555664062,133.3876400682816,131.0366600383119,133.37136683125664,2867700
2021-02-17,130.9715576171875,131.71183461758383,130.07671592298965,131.04476855230166,2845400
2021-02-18,131.88265991210938,132.28940387918382,129.03545214258824,129.99537435956114,3595900
2021-02-19,131.42425537109375,132.8486912490318,131.24416634377505,132.07098695883033,3081700
2021-02-22,132.2919921875,133.0369437604947,129.35307035480676,130.75294774519858,3894800
2021-02-23,131.64524841308594,132.14461837205013,129.15659299736,130.95759510641014,4385800
2021-02-24,131.0394744873047,132.53757199324656,130.2290178519089,131.21138158208308,2963400
2021-02-25,128.9437713623047,131.2277802281654,128.55082830151375,130.16354746756502,2617100
2021-02-26,129.2057342529297,130.3518233186734,128.19061787224672,129.81971321488538,3492800
2021-03-01,132.18556213378906,133.15974396613365,129.8196973229947,130.6137776825647,3271500
2021-03-02,132.10372924804688,133.5772814757853,130.89214741254452,132.431192238342,2653600
2021-03-03,131.33416748046875,132.7586029556855,130.88392630231232,131.4651526373367,2635100
2021-03-04,130.53192138671875,132.03821340256215,128.97651305383778,131.03129142899041,3710400
2021-03-05,134.5841827392578,135.2227198569379,130.22903182145413,131.39967904005638,3671700
2021-03-08,131.69436645507812,136.08226914671974,131.60431572386892,135.26363067806594,3176400
2021-03-09,133.6591339111328,135.19816605625093,131.9727403156429,131.9727403156429,2551000
2021-03-10,135.26368713378906,136.04139150531844,134.03572891828892,134.54329347487277,2511700
2021-03-11,136.90911865234375,138.08794769783103,135.3946323044936,135.97587118418724,2906700
2021-03-12,137.2775115966797,137.63771458656169,135.84489401783426,136.39338039190588,1914800
2021-03-15,133.1433563232422,137.47394820522894,131.81716603832427,137.44939005116981,4535900
2021-03-16,133.29074096679688,134.38771367737155,132.15282133707962,133.25798842805622,2397800
2021-03-17,131.51426696777344,132.41477429338934,130.62195402148345,131.62069396755493,3644100
2021-03-18,131.14588928222656,131.91541149479886,130.11440923704836,131.3505489135944,2964900
2021-03-19,130.4009246826172,135.27183388201686,129.90974906424105,132.1528106201671,14934200
2021-03-22,131.8499298095703,132.3902342789748,129.78695705730192,130.7283989342522,3893900
2021-03-23,130.86753845214844,132.7504093183236,130.3517922497731,130.8184221455281,2920800
2021-03-24,130.90846252441406,132.84044954450445,130.73654297340056,131.0312532812594,2285300
2021-03-25,133.6427764892578,133.97022699403533,129.91796766309236,130.57288116408344,2944500
2021-03-26,137.51492309570312,137.61316823228398,134.08482499976463,134.6660639635591,3135500
2021-03-29,137.6458740234375,138.32534546325724,136.43429256627348,137.21199662678893,2702600
2021-03-30,138.05520629882812,139.16037335172226,137.04008998721744,137.17107515479944,2401100
2021-03-31,139.1603546142578,139.98717495185346,137.20380921838918,138.53818139773347,3688400
2021-04-01,140.2163848876953,140.92041441504304,138.21072329546783,139.3158776464026,3615000
2021-04-05,140.76492309570312,141.65723628791537,140.07726958013234,140.8877263965492,2315900
2021-04-06,141.5999298095703,142.46768478925418,140.1754940463658,140.87952379257936,2465600
2021-04-07,140.76492309570312,141.91102477975647,140.1509440657788,141.56718553053574,2079700
2021-04-08,141.64085388183594,141.8209553729119,140.20004195322835,141.24789836052457,2029100
2021-04-09,144.03128051757812,144.03946240684576,141.47713202547064,141.84551690545783,2579800
2021-04-12,146.1925048828125,146.80648392603055,143.0571170698067,143.62197978819702,3024000
2021-04-13,146.88014221191406,147.28946152891018,144.63706785785902,145.67674242063075,2465400
2021-04-14,144.25228881835938,146.86373501812588,143.99031851475368,146.38893570284586,2591900
2021-04-15,147.06024169921875,148.05079992903157,144.4978988126118,146.41352268344176,3139200
2021-04-16,147.1175537109375,148.32913538587928,146.48719846816135,147.9525561198037,2820500
2021-04-19,145.7667694091797,147.28125563176877,145.43931900553284,147.28125563176877,2614200
2021-04-20,147.10118103027344,147.2321662122294,144.76805588099117,145.6358108514392,2642500
2021-04-21,146.1842803955078,146.97834823456378,145.36564190976205,146.85555745827472,3204400
2021-04-22,145.3165283203125,148.00166183533793,145.0709467420256,145.55394050123425,3077900
2021-04-23,146.50355529785156,147.60870980697163,145.16917051060298,145.5948660393666,2407100
2021-04-26,143.92483520507812,147.23214179815852,143.01614595451863,147.17483110626813,3972900
2021-04-27,158.92230224609375,161.50100862583466,155.30392143290447,155.75416263244807,14666500
2021-04-28,162.39334106445312,162.44245738363233,158.89776310756986,159.9538014442249,6308800
2021-04-29,166.77305603027344,167.41159313681064,161.8202900186483,163.63766870384916,6950000
2021-04-30,166.88768005371094,168.45128291405226,163.5803853174377,165.11123563571905,5931200
2021-05-03,173.71507263183594,174.68107247636007,169.55638790166242,169.80198192935032,7286100
2021-05-04,175.44241333007812,176.25286993457345,172.61811302922294,173.22391001059205,5775400
2021-05-05,175.61436462402344,176.62128665404396,174.17355262250146,175.94999697307406,4187000
2021-05-06,175.8271942138672,176.00729570180698,173.6086906446425,175.94180311606218,4470100
2021-05-07,178.05389404296875,178.74154746339752,175.02493374604174,175.73714532495487,2644100
2021-05-10,176.93235778808594,179.7648402395879,176.62945302359898,178.05388862955138,3566300
2021-05-11,175.4587860107422,176.00727229053624,173.22390646949117,175.13132312557514,3088500
2021-05-12,172.48712158203125,175.06584023423716,172.20878750267389,173.55135408176233,2667100
2021-05-13,176.55580139160156,177.56272346341328,172.83918730642054,172.88010924698864,3208000
2021-05-14,177.1370086669922,178.26672134133744,176.09733423894204,177.48901723810695,2333700
2021-05-17,177.06332397460938,177.60362840789816,176.00728575630197,176.4247869139709,2071200
2021-05-18,175.18048095703125,177.6609549503524,175.16410468720113,177.6609549503524,2041500
2021-05-19,175.4751739501953,175.55703030835818,172.43801950683203,173.55136840759468,2141100
2021-05-20,175.13955688476562,176.5639801583688,174.15719299124473,175.4670073521277,2716600
2021-05-21,174.27584838867188,176.75998403246342,174.2018209732793,176.17596069139327,3927700
2021-05-24,175.5590362548828,176.46385759225245,174.84341282068297,176.09370797288267,1981300
2021-05-25,173.96327209472656,176.97383307601575,173.70004678965572,175.501455748505,2414300
2021-05-26,175.87161254882812,176.2006441936321,174.25116778308103,175.17244383725824,2376300
2021-05-27,175.04083251953125,178.38042529439915,174.38278177615888,176.27467295662672,5110200
2021-05-28,176.5214385986328,177.5660811024624,175.23001295278357,175.8880636776818,2128000
2021-06-01,175.4439239501953,178.1254792195507,175.3781301551588,177.33581561506344,1865300
2021-06-02,174.3087615966797,176.26644663658917,173.56022868813588,176.26644663658917,2486000
2021-06-03,174.36630249023438,175.3533721905918,172.84457369630437,173.6013275516208,2172400
2021-06-04,173.255859375,175.53434209777274,171.61073897089238,174.72001553055395,2943900
2021-06-07,175.13954162597656,177.1877213388699,172.99265869120504,173.22297457643708,3444300
2021-06-08,172.54022216796875,175.45209229007358,172.37571263904854,175.081942712185,3402000
2021-06-09,165.38397216796875,171.84107555355826,162.04437935295934,171.14189427695715,10560600
2021-06-10,167.14422607421875,168.08194417741538,165.5484573167343,167.94211045296097,4880000
2021-06-11,167.14422607421875,168.82225587021628,166.01732264396875,167.52260927959773,2699200
2021-06-14,165.40866088867188,167.61312919490936,164.6025552448263,166.93862367057676,2157500
2021-06-15,166.4368438720703,167.68713901074375,163.91159034172452,165.70476572567264,2414900
2021-06-16,164.85752868652344,166.5520008435572,163.94448627990275,165.88572902950742,2102900
2021-06-17,162.9080810546875,164.9233514171104,160.78587382955124,164.9233514171104,3068700
2021-06-18,162.6777801513672,164.18306724808374,160.81878554222624,161.4439395033644,8170500
2021-06-21,167.24298095703125,168.28762359316136,163.67305940150345,163.98563635945354,3638000
2021-06-22,168.95388793945312,169.54613238528427,166.27234576341598,166.33815209642773,3460700
2021-06-23,167.81874084472656,169.68594352107314,167.45681233703576,168.83048640848187,2504500
2021-06-24,169.5297088623047,169.97388596989643,168.83052747951615,169.89162490676503,2602500
2021-06-25,169.12660217285156,169.73530123552635,166.32166889598008,166.6013363499364,6618600
2021-06-28,168.81407165527344,169.46390141645404,166.77412532593982,169.1924549714227,2288100
2021-06-29,170.77175903320312,171.06788126865433,168.00795568608362,168.8551918636544,2291100
2021-06-30,171.06784057617188,171.19945321645974,169.3898107906819,169.85045503168948,2744800
2021-07-01,172.91860961914062,173.05022226601182,171.0925249354394,172.23588313367821,2746100
2021-07-02,173.99620056152344,174.46506601454973,172.14543965988938,172.40043137591041,2172300
2021-07-06,173.7987823486328,174.0620077026918,171.24885262538382,173.1160682580032,2421300
2021-07-07,176.2417755126953,176.79288943929168,173.0008982870611,173.8152249981584,2553700
2021-07-08,174.44036865234375,174.9585731059032,172.65540175820016,173.00088812893858,2354300
2021-07-09,175.96212768554688,176.43921424653914,174.93392713632463,175.93745187646763,2050500
2021-07-12,175.47677612304688,176.09369629818713,173.07490174732027,173.56020927279172,2216100
2021-07-13,173.78233337402344,176.18420815503956,173.3545984660609,175.4768057327949,1852200
2021-07-14,173.99620056152344,174.71182409374708,172.43334082065383,173.83991207718137,2867500
2021-07-15,175.09019470214844,175.8304939886013,173.2394339347416,173.64249302032468,1663200
2021-07-16,173.20652770996094,175.64129915960922,172.82814445089818,175.30404642563846,3805300
2021-07-19,173.89747619628906,173.93860672158195,169.99853585222098,171.47092581929752,2910700
2021-07-20,174.76116943359375,176.26644375963488,173.32168888740006,174.4321377779849,2257000
2021-07-21,174.7529296875,176.61192396068677,174.52261381226384,174.92567286956404,1770900
2021-07-22,175.39453125,175.80581140467888,174.2676276425876,174.6789077972665,1629700
2021-07-23,174.086669921875,175.41099257183055,173.51088019391057,175.19713140180798,2188900
2021-07-26,172.62249755859375,174.58841608811213,172.2029963422822,173.7247253003897,2673700
2021-07-27,160.5555419921875,162.92451959921894,156.50031331213083,162.92451959921894,13741500
2021-07-28,157.96446228027344,161.1148694919295,156.70594612264682,160.47327351162076,6295500
2021-07-29,157.77528381347656,159.97975186978854,157.59431954947806,158.77880834973243,3150300
2021-07-30,157.40513610839844,158.458012265543,154.90455837299857,156.2864536225231,3741600
2021-08-02,157.88221740722656,159.35459474162286,157.14190564670778,158.21947012419824,2782500
2021-08-03,159.7001190185547,159.7823800905923,156.75536341902335,157.31469854479167,2726600
2021-08-04,156.936279296875,159.41219391445145,156.7635486568845,158.68833681014013,2341700
2021-08-05,156.63192749023438,158.17834483776903,156.3687147264922,157.47916357712228,2045200
2021-08-06,158.4251251220703,159.53557404061556,157.33933945813317,157.7423985396749,2340100
2021-08-09,157.09254455566406,158.06317212496185,156.98562026379838,157.16658451313742,2150100
2021-08-10,156.7882080078125,158.03026945301661,156.61546483467671,157.257060818427,1668000
2021-08-11,158.26060485839844,158.359320634354,156.8787095077683,157.36401709748188,2131100
2021-08-12,159.2805938720703,160.03734792687672,158.15369015096275,158.49093037285573,2457900
2021-08-13,159.56024169921875,160.31699566062176,158.70478451932485,158.77881193319303,2432200
2021-08-16,162.1019287109375,162.3075687407319,159.23118937655005,159.59311783719158,3091700
2021-08-17,162.66952514648438,163.1137147501327,160.029113535309,160.9668318025644,2957700
2021-08-18,160.2347412109375,164.10899300809814,160.15248016440106,162.06082599283977,2605800
2021-08-19,159.62608337402344,161.37814119783252,158.34289104441325,159.27238839526436,2858800
2021-08-20,159.7914581298828,160.64317103682367,158.84878497959903,159.13819475925743,2222800
2021-08-23,159.59295654296875,161.5196502267436,159.50199632210067,160.61832515842767,2248700
2021-08-24,159.81622314453125,160.98215172276304,159.4937301135153,159.7996814815686,1667500
2021-08-25,159.4854736328125,160.39507594970777,158.93972486026885,159.69220028505293,1593900
2021-08-26,159.0637969970703,159.98992860131628,158.82399957011262,159.91551001546011,1969700
2021-08-27,159.841064453125,160.32067184369353,158.88184967198794,159.03069943617558,1947800
2021-08-30,160.4281463623047,161.75120198120652,159.47720881081452,160.32065708330427,1507700
2021-08-31,161.76776123046875,162.1646729122463,159.5102968621709,160.99873144083023,2782000
2021-09-01,162.4044189453125,163.14036516847642,159.94850582156064,161.84212862540787,2381100
2021-09-02,163.8846435546875,164.7611626521144,162.53678157415644,162.82620397089707,2021200
2021-09-03,163.18174743652344,164.14922665639293,162.84271269810262,163.07425815715587,1491800
2021-09-07,161.70982360839844,163.68612952243606,161.478290811426,163.43805506351097,2266200
2021-09-08,160.89120483398438,161.6932925361468,159.98986715360604,161.6932925361468,2455300
2021-09-09,156.29364013671875,160.71759629233821,155.4998167232755,159.78318762803534,3636700
2021-09-10,159.80795288085938,160.16352925310116,157.12050663422076,157.50915371621898,3094100
2021-09-13,160.74237060546875,161.5196648144352,159.2622133695807,161.0069867691991,2136200
2021-09-14,157.94744873046875,161.97449305431368,157.7903470517668,161.4452732559203,1895300
2021-09-15,159.88243103027344,160.27934275192086,157.8151640793653,158.43534416463774,1769200
2021-09-16,159.56820678710938,160.59357576518207,158.27823419322226,159.89069993558115,1657200
2021-09-17,157.13705444335938,162.2804143167157,156.83936757353965,159.2291270554617,4504200
2021-09-20,156.6078643798828,156.76497867668567,154.49098517949673,155.74788693632422,2439500
2021-09-21,156.8889923095703,157.70763442047036,155.46671188810834,157.19495634445286,2496400
2021-09-22,153.22579956054688,154.88787732822084,150.59622994177403,152.02678748231875,4229800
2021-09-23,154.45787048339844,155.32612489318979,153.5234746524203,153.80461985403878,2527500
2021-09-24,155.4749755859375,156.03726599261415,153.63924200575204,154.21807407662294,2312900
2021-09-27,154.4992218017578,155.95458545238003,154.3421075333299,154.93748127811298,1847600
2021-09-28,154.43307495117188,155.30132942086846,153.88732617437407,154.36692090782802,3093900
2021-09-29,152.76272583007812,155.417088880788,152.51465133304904,154.6480718193502,2467400
2021-09-30,150.57968139648438,154.82998037797597,150.49698569796513,153.1844318711431,2902800
2021-10-01,150.0753173828125,151.2495235067718,147.87574230017498,151.23298183809737,3014500
2021-10-04,147.53668212890625,150.248934915873,146.46997810829313,149.25664946510855,3512500
2021-10-05,148.5703125,149.7031705439603,146.8834285287893,147.58629159279633,2491800
2021-10-06,149.42202758789062,149.81067471878328,147.04880956453707,147.52013978901908,2119200
2021-10-07,150.16624450683594,152.1673569767154,149.81066810555674,151.30736704171005,2518400
2021-10-08,151.72909545898438,152.56426657650047,148.57857073740672,149.42201899612164,2781700
2021-10-11,150.2820281982422,152.41544899832388,150.10837223950284,152.39890733139754,1780200
2021-10-12,150.48873901367188,151.11718349709903,149.36414551550135,150.51354520264968,2615700
2021-10-13,152.20042419433594,152.91982888649773,149.39721137261034,150.6458357750875,3780400
2021-10-14,158.28643798828125,158.58412482785516,154.8465039793365,155.16073248155107,4106400
2021-10-15,160.21315002441406,160.42814119308107,157.69935957061068,158.73299279657465,3153400
2021-10-18,159.91546630859375,161.7511999635647,159.6508627586701,159.981620350473,2305000
2021-10-19,160.2462158203125,161.17235974232983,159.63431304457168,160.3371760461108,1974500
2021-10-20,161.47003173828125,161.7015645430671,159.7583292697664,161.08964920608076,1952000
2021-10-21,164.91827392578125,165.3813396580085,161.60236999037747,161.75121975721902,2997300
2021-10-22,168.5318603515625,168.82128275707004,164.3477142736499,164.4469390446374,3735900
2021-10-25,168.60626220703125,169.97893028499274,166.9028365135198,167.87859292930244,4829700
2021-10-26,180.32351684570312,182.11790253942755,176.6768559434926,176.96626566452343,6596500
2021-10-27,175.4778594970703,179.83564830266195,174.05557910032968,179.5379614145629,3309000
2021-10-28,176.87530517578125,176.9910715875394,174.43593338813886,176.37089167792223,2236400
2021-10-29,176.51974487304688,178.6697069821792,175.51091785757941,175.91610661546153,2362000
2021-11-01,174.3946075439453,177.66916343167674,173.56770089344278,177.66916343167674,1868400
2021-11-02,172.9392547607422,174.39460590965433,172.36042263433362,174.39460590965433,2206700
2021-11-03,175.91612243652344,176.01534719529886,171.49216688307467,172.65810826906167,1765800
2021-11-04,174.24575805664062,176.56936356109225,173.49327002978032,176.2551350185367,2451900
2021-11-05,172.17849731445312,175.0644059587204,171.219282607651,174.90729168220705,2117800
2021-11-08,173.07154846191406,173.5594203123523,171.3929291260996,172.6250118461015,2166100
2021-11-09,173.61732482910156,173.75789744471572,172.00484677641109,173.31136079032342,1552900
2021-11-10,175.0065155029297,176.08976114982062,173.19558799717123,173.559428926605,2415500
2021-11-11,176.37091064453125,179.01702197086328,175.535739485434,176.62726230018504,2113700
2021-11-12,176.28823852539062,177.85109165827504,175.3042175495755,175.8582435154557,1600300
2021-11-15,174.90728759765625,176.46186342598364,174.33672002473455,176.0153394136412,1378300
2021-11-16,175.19668579101562,176.8835822100106,174.8989989298749,174.9568884445154,2302800
2021-11-17,171.87255859375,175.51920746548467,171.5748716840579,175.29595174641156,2542300
2021-11-18,171.55833435058594,172.38524105199423,169.88797928081462,172.2115850929567,3919400
2021-11-19,173.23692321777344,175.0651032924619,171.4336718915632,172.6219845021341,2677600
2021-11-22,175.23960876464844,176.41961596215765,172.55549529516992,173.27846700598735,2220500
2021-11-23,176.01243591308594,177.30878156943578,173.2784774639823,175.36426308491102,2345300
2021-11-24,173.23692321777344,176.17032430141654,173.06240929849298,175.0069404393238,2518700
2021-11-26,170.6026611328125,174.11775376297024,170.17054173990678,171.30899672898062,1941000
2021-11-29,170.05421447753906,171.18436418518223,167.44489991900107,169.65534183952752,3435100
2021-11-30,164.84390258789062,169.10689621592482,164.61954384531347,169.10689621592482,6267600
2021-12-01,161.3371124267578,167.98504927965428,161.2124686827393,166.92969843380894,2938400
2021-12-02,166.1153106689453,166.72194401305856,161.06289001285504,162.27613134121594,2423400
2021-12-03,166.8050079345703,168.38390022255365,164.33696086771582,167.0626134062065,2606400
2021-12-06,167.91029357910156,170.0293263724386,167.34522493017732,167.85213071462317,3006700
2021-12-07,170.67747497558594,171.09297104521636,169.00718534044782,169.79662533675886,2250600
2021-12-08,170.12071228027344,172.42256406339467,169.0154912101096,171.2010046005785,1615500
2021-12-09,171.63311767578125,172.75496218028223,169.32296045134203,169.56395528205553,1931500
2021-12-10,173.7687530517578,174.39199710708,172.2978935308163,172.84635134268368,1887900
2021-12-13,171.4419708251953,173.94326505489096,170.86858427181085,171.97380523936175,1909700
2021-12-14,169.3063201904297,172.13999336649903,168.75786240928127,170.51956144940786,1930500
2021-12-15,170.9932403564453,173.21198764309653,169.95450027767978,171.72450474954206,3703400
2021-12-16,172.82144165039062,176.02907191599036,172.6967978975559,172.72172664812285,2932600
2021-12-17,171.67462158203125,176.61071572696216,171.5167310848809,175.17310322331485,5625800
2021-12-20,168.2176971435547,171.17603918578766,167.37839982490243,170.37828132138,2936400
2021-12-21,172.0984649658203,172.90452829840436,169.28140231975763,169.73843782014555,2317000
2021-12-22,173.2119903564453,173.32002338390768,171.63309780402898,172.2812832888704,1716500
2021-12-23,176.32823181152344,177.1841527382014,173.8518786780248,173.8518786780248,2573900
2021-12-27,178.75469970703125,179.17019573046073,176.66891423419088,176.90989634860975,1807200
2021-12-28,178.3973846435547,179.61894409084013,177.6079446548841,178.29766964538726,1375400
2021-12-29,178.33090209960938,179.77682017656846,177.67441126794387,178.2727265687313,1154900
2021-12-30,177.74920654296875,179.49429503893168,177.02624746775172,178.43062615679935,1207000
2021-12-31,178.11483764648438,179.01231060572135,175.95426586752072,177.11764969619864,1579900
2022-01-03,177.4167938232422,179.20342156963,175.2312807832044,178.37242956109023,2319600
2022-01-04,180.56622314453125,181.70469066214562,177.49987370551437,178.1646570770518,2741200
2022-01-05,178.2976531982422,181.13964450325565,178.01511894287458,180.15907996523893,2710800
2022-01-06,180.02610778808594,180.43329843606247,177.2755262752512,178.71313889617218,2102200
2022-01-07,181.28924560546875,182.36121987093193,178.81287993559934,180.61614401088332,3014000
2022-01-10,175.94593811035156,180.51639425324123,175.0152310988323,180.36682177493222,2853800
2022-01-11,175.56370544433594,175.75483007796376,172.87959181761227,175.75483007796376,1771700
2022-01-12,175.52215576171875,177.38358266639634,174.59144864934666,176.10384770695129,1865700
2022-01-13,174.8988800048828,177.53312301410233,174.45013724272135,175.80465820415495,1828500
2022-01-14,171.63311767578125,173.81032578941173,170.7688913958202,173.03749647566045,1921600
2022-01-18,170.84365844726562,171.21760234676086,167.45320924397208,169.9545035164629,2339700
2022-01-19,169.32293701171875,172.22310385614682,169.07364953850265,170.39492386627796,1701700
2022-01-20,168.10140991210938,172.00708347396736,167.95183739949437,170.94341445114412,1706800
2022-01-21,167.81884765625,169.97111409560088,166.5308073990554,168.33407136708755,2570400
2022-01-24,169.6304168701172,170.20380343249118,163.1154293445214,165.37572881014862,3660900
2022-01-25,167.81056213378906,169.14014200809052,163.85503125890148,166.2399874275644,3817200
2022-01-26,165.36744689941406,171.2176263763829,163.88828180586432,168.95733927023227,3074700
2022-01-27,161.90216064453125,167.64431797370503,161.145954938504,166.6969876725044,3371000
2022-01-28,164.74417114257812,164.82727541815382,160.16540958883868,162.70824319029563,3066200
2022-01-31,168.034912109375,168.26758887465724,163.61402820914702,164.67769704470376,4626700
2022-02-01,191.70159912109375,194.21950455773575,184.48857998792369,186.98155667211856,19125300
2022-02-02,192.88156127929688,193.04775714990396,187.55489930479112,191.6683073319941,5474000
2022-02-03,190.03956604003906,192.9480380940833,188.8263121183249,190.9952017858237,3503300
2022-02-04,186.79872131347656,189.31663921365586,185.24477003812584,188.8762017050937,3623100
2022-02-07,187.02310180664062,189.09227694171045,184.09800572315345,187.38043504487578,3295900
2022-02-08,187.13941955566406,188.2529459334517,185.44420124022116,186.75717028803342,2759600
2022-02-09,187.03140258789062,191.4190399683422,186.64083527698503,189.35817038060472,2130300
2022-02-10,183.38333129882812,186.22533545090403,182.21164206973938,184.9871526520156,3379500
2022-02-11,177.4084930419922,183.87361002072493,176.2617199830623,183.03429995530377,3821000
2022-02-14,177.82400512695312,178.6051270545673,175.9376494980815,177.57470495944793,3641400
2022-02-15,180.54132080078125,182.37781873499998,179.24497528483008,179.469346679493,3149000
2022-02-16,178.9208984375,181.1479637522096,177.41680483745645,179.3696412507317,2226700
2022-02-17,175.09835815429688,178.11485097870627,174.27567137676684,177.8904922320529,2815600
2022-02-18,175.2406463623047,176.53804575025708,173.7256237163481,174.26968824739228,2823900
2022-02-22,174.91421508789062,176.23672443613185,172.98904292849977,174.713323226818,3558300
2022-02-23,171.15591430664062,176.57987864670196,170.89643701457027,175.33269917764417,2836000
2022-02-24,173.42430114746094,173.61681453056514,166.61087536023086,167.49812538991858,3347000
2022-02-25,175.73451232910156,177.1072415367659,173.15645742259653,173.46616732459276,2657100
2022-02-28,176.1278533935547,176.55473410124958,171.20611284149044,172.57047584657076,3536700
2022-03-01,172.07664489746094,176.28690516631255,170.57835390609753,175.3326913886657,2986100
2022-03-02,176.9984130859375,178.59713107357894,172.2105992829992,172.34451440926782,2854200
2022-03-03,177.81028747558594,180.99938269613924,177.29971140602515,179.0239912663159,3019500
2022-03-04,176.102783203125,176.78077562134786,173.3154711054898,176.68033608444588,2442900
2022-03-07,168.3937530517578,174.93097055638768,167.52324714174534,173.64193671578556,4043100
2022-03-08,170.26034545898438,174.48735125359357,166.1756332903077,169.15545927352812,4001000
2022-03-09,173.08108520507812,175.17366048105796,172.68768003142864,174.93929307191348,3097600
2022-03-10,173.4158935546875,173.57493132048953,170.6369602069972,171.17265897113424,2284100
2022-03-11,170.6704559326172,175.0816087470914,170.51143092011478,174.03532097709726,2006600
2022-03-14,171.0052947998047,174.86400503781056,170.1264104203412,172.08505827944117,2237200
2022-03-15,176.21995544433594,176.80587399155314,172.8885790426725,173.67538942267836,2865400
2022-03-16,182.3888702392578,182.48094406949932,177.87727810155778,177.95262052416766,3022000
2022-03-17,186.0885467529297,186.29780428781447,179.76058816947818,180.7985101404506,3520200
2022-03-18,183.96249389648438,185.15107523208601,181.50162309756345,184.96692756876084,6278200
2022-03-21,182.9413299560547,185.65331257229468,181.59371073854985,182.63163284966916,2244600
2022-03-22,182.82412719726562,184.48144334860837,181.86991331957537,183.79508525444288,2182100
2022-03-23,179.60992431640625,182.23819837697016,179.30859296293738,182.03730655063558,1939300
2022-03-24,179.67691040039062,180.34653713195908,178.55529296895236,179.75224005502434,1882500
2022-03-25,180.25448608398438,180.41351111762538,177.50902763234143,179.5430051969868,1754200
2022-03-28,183.76998901367188,184.01272215995246,180.85712739796642,181.099860544247,2353200
2022-03-29,186.19737243652344,187.46966196453977,184.55680033519633,185.78723579722552,3034800
2022-03-30,184.31402587890625,186.0717942016743,182.94967549785144,185.82068261669804,2200200
2022-03-31,179.50950622558594,184.84138462877627,179.50950622558594,183.4351672206413,2858600
2022-04-01,172.96389770507812,180.13725172432032,170.5197713690142,179.8777616672576,3993600
2022-04-04,171.76698303222656,172.65423305271435,169.57395509464592,171.41541908819556,3204600
2022-04-05,165.07073974609375,169.24751248212016,164.06629323742143,167.61530606362948,6270700
2022-04-06,162.7102813720703,164.82796651298764,161.75606756459004,163.70634923915512,3911700
2022-04-07,161.29571533203125,162.7521524630445,158.63396545391097,162.7521524630445,3627900
2022-04-08,159.84762573242188,160.5842162453368,155.7294395205211,157.9726738686679,5465800
2022-04-11,159.73883056640625,162.55125237786802,157.8973667930594,158.82647076931195,2787300
2022-04-12,157.2696075439453,160.81862027511903,156.35724766933114,159.85602785876205,3428800
2022-04-13,158.08987426757812,159.06919797279184,156.24841056276432,156.90967150820734,2296000
2022-04-14,157.37841796875,160.11549746057432,157.22774589492403,159.9732038626685,2624300
2022-04-18,156.65858459472656,158.03131369331308,155.41140492476427,157.11057530984186,2552600
2022-04-19,159.61326599121094,160.2912583039531,157.07706590247497,157.570910578168,2448800
2022-04-20,159.39566040039062,161.32083248177608,159.24500108974183,160.6930598099374,2526000
2022-04-21,158.0312957763672,160.31638452273057,157.2026313251937,160.31638452273057,2618200
2022-04-22,156.65017700195312,159.82252821094815,156.4744078345489,157.57928091728652,3964200
2022-04-25,158.7344207763672,159.3203394142182,153.32719958232872,156.21496424757368,5354900
2022-04-26,153.2183837890625,156.87620175059644,151.36017568540188,156.2651732683143,7811800
2022-04-27,156.0224151611328,156.80922554722656,152.28926783707365,152.81660091968254,3978600
2022-04-28,159.16964721679688,159.73882155540502,155.78803845331223,157.5625509540573,3176700
2022-04-29,150.648681640625,157.81365762496324,150.29713051302707,155.81315609301802,4853500
2022-05-02,149.4768524169922,151.4940982341713,146.66443047609832,150.89980118133442,5026600
2022-05-03,149.091796875,150.631941961122,147.77766626344004,150.0292792691755,3266300
2022-05-04,153.84613037109375,154.1893157672101,148.1626890083168,149.04157314166085,3920500
2022-05-05,150.48968505859375,153.46114543551167,148.8407469750015,152.0465620623941,3249700
2022-05-06,150.59844970703125,151.5442977797571,147.0327061820255,149.9455672696649,2826600
2022-05-09,151.8623809814453,153.6871134340002,148.02041548121062,148.7486404302711,3925400
2022-05-10,152.3478546142578,154.43206430773714,150.4059512872016,153.3439225468194,3510200
2022-05-11,148.53939819335938,152.92542865941323,148.079028987782,151.7368472017843,4934100
2022-05-12,149.53543090820312,149.62750473541308,144.96525345013225,147.4344898335876,5352400
2022-05-13,150.30369567871094,151.17324702876329,148.37045333449205,149.30753039713457,3598100
2022-05-16,151.76416015625,153.6129885111541,149.2906096034711,150.11794753944048,3003600
2022-05-17,154.60914611816406,155.14100435397563,152.25379785409288,154.49095683039107,2640900
2022-05-18,145.3988037109375,152.0765317394469,144.79941968507563,151.51934805892614,4275300
2022-05-19,141.31280517578125,144.53770482776585,139.58216605206354,143.65127865399168,4382900
2022-05-20,144.39418029785156,144.5377078381986,140.6121098101984,142.83239403692752,3483300
2022-05-23,147.22232055664062,147.4502616982831,144.74033200580112,145.78716087698368,2837700
2022-05-24,146.98594665527344,147.50935466688674,143.82858495300738,145.87157915506074,2865100
2022-05-25,146.77487182617188,147.78792484383968,144.45328608991863,145.09488332871905,3370100
2022-05-26,150.5906982421875,151.98364434693823,148.15092352476574,148.15092352476574,2628400
2022-05-27,154.0941619873047,154.11104985024036,150.75952398992126,150.8186121876985,2959800
2022-05-31,153.85784912109375,155.8501927031687,150.8524523186708,152.10188419437765,8734300
2022-06-01,152.15252685546875,155.32677642769835,151.4096280701624,153.84940346920592,3253800
2022-06-02,155.39431762695312,155.41119261481631,152.1356544172066,153.80719281424308,2317800
2022-06-03,156.59310913085938,156.63530948499033,153.70590156906582,153.95915522053554,3802200
2022-06-06,157.96070861816406,159.45496936437263,157.4795009833106,157.7665432182244,2649200
2022-06-07,156.60995483398438,157.03206134972848,153.824062135408,156.05278402327025,2984000
2022-06-08,151.48558044433594,154.7020298636539,150.26147418955193,154.10263297496593,3592200
2022-06-09,149.0458221435547,153.14024786060816,148.99517141972214,151.11414161728987,2891600
2022-06-10,146.09104919433594,147.73726182115254,145.0695458875248,146.30210242550902,3220600
2022-06-13,145.81246948242188,147.63597264266554,143.09410260881825,144.21690743762568,4302900
2022-06-14,147.02813720703125,150.24458663298662,145.2383969114112,146.93527326300537,3925500
2022-06-15,148.4801788330078,152.02587067210345,146.42029715916792,147.82169375781865,3465100
2022-06-16,145.36502075195312,146.29364720937505,144.14091462800312,144.47859463403535,3355500
2022-06-17,144.41954040527344,146.6482624617391,143.06035680648802,144.7487829971944,7578300
2022-06-21,147.3151397705078,147.73724618818835,145.5591755271569,145.74490338146958,2845800
2022-06-22,148.7081298828125,149.26531361093555,145.517005449627,145.93911199244695,2671000
2022-06-23,150.8017578125,151.12254996212144,147.93987653293746,149.73804129050907,2923600
2022-06-24,154.7442626953125,155.85861728084353,152.60840459818095,152.60840459818095,4826400
2022-06-27,153.48635864257812,156.14563723795837,152.84476142015356,156.05277329561176,1902300
2022-06-28,151.89077758789062,156.41575907334723,151.54464722058594,154.2883390401974,2380800
2022-06-29,152.91232299804688,153.32597917297556,149.99134000271945,152.23694994139092,2101000
2022-06-30,154.10263061523438,155.24232328286956,149.90690398533795,151.03814627896529,3728200
2022-07-01,156.17095947265625,157.11647386187727,153.2330891090039,153.4610302141438,2962500
2022-07-05,155.8670196533203,156.15404892526175,153.4187947058817,153.8915518318242,2471800
2022-07-06,156.32289123535156,156.98982659779696,154.24613484676416,155.99364874049425,2005000
2022-07-07,157.1840362548828,157.87628428566404,154.51631981641899,156.96453260865732,2961800
2022-07-08,156.51705932617188,157.27685863031144,154.56692967771244,156.77877613376396,1938200
2022-07-11,155.87547302246094,157.715863886397,155.09879868191612,155.09879868191612,2275900
2022-07-12,151.42645263671875,154.06040545092952,150.32053587995566,153.2499554584803,4207600
2022-07-13,150.20236206054688,152.8025394151798,148.77564015632186,150.6329060148691,2414400
2022-07-14,150.5063018798828,150.67514191394886,147.8470359187529,149.36660910701633,2487000
2022-07-15,154.1448211669922,154.33054902449786,152.439520485045,152.439520485045,5014100
2022-07-18,152.0258331298828,155.25071912717038,151.73035351556436,153.92531181193627,2289200
2022-07-19,156.8632049560547,156.98139425286698,153.00515850308605,153.01359599512008,2710800
2022-07-20,157.74119567871094,158.28992894639146,155.5631247106085,156.89698272433017,1754800
2022-07-21,157.8762664794922,158.8302312794618,156.88010133539515,157.82561576120494,2320100
2022-07-22,158.6951141357422,159.8010308120033,156.73654719252863,159.25229765988837,2255200
2022-07-25,158.63604736328125,160.34134812748306,157.83404769354942,159.52247347473914,2816100
2022-07-26,153.24998474121094,155.2001147086392,150.82709755521435,151.32518013322965,4961000
2022-07-27,155.25074768066406,156.20471238301306,152.00897322533643,154.39809728618985,2739300
2022-07-28,158.91464233398438,159.6153405929599,155.16633496388224,155.89235857954768,2452500
2022-07-29,164.52865600585938,165.2377917693968,158.69514161783064,159.17634916701692,4093100
2022-08-01,164.9085693359375,165.31380086304358,162.86557535970104,163.00065253540308,2086100
2022-08-02,163.3805389404297,164.5962077072176,162.0382433777964,164.21631443801334,2075100
2022-08-03,163.2876739501953,164.90856133497275,162.730490288709,164.35982804760062,1916700
2022-08-04,164.21629333496094,164.31759475861926,161.75119326649997,162.67981970725603,1627300
2022-08-05,166.10731506347656,166.23395471946895,163.31297260223215,163.31297260223215,1785900
2022-08-08,165.54168701171875,168.0321122277504,165.1364684693189,167.03594729400382,2102500
2022-08-09,166.01446533203125,166.75737682272063,164.80724704132786,165.8625131898449,2022400
2022-08-10,170.8433380126953,171.0966044257652,168.00678252597532,168.64839248997436,2791400
2022-08-11,172.5824432373047,173.82343727594912,170.31995876626158,171.6791420999356,2730600
2022-08-12,174.2665252685547,174.3515841597511,171.4937793229584,172.26775812892117,1883100
2022-08-15,175.10853576660156,175.30415561372982,172.90563539960743,173.3734332759252,1618200
2022-08-16,175.50833129882812,176.65654856763592,173.32244477807305,173.73069894177144,2296000
2022-08-17,174.3430633544922,175.31267497492436,172.10615996294248,172.22523461884944,1767300
2022-08-18,176.9542236328125,177.09881336395148,173.51804692024245,173.84125512994402,1913900
2022-08-19,177.27743530273438,178.0939566004754,175.84003855583288,177.68570244068775,2704300
2022-08-22,175.5508270263672,176.60549755097662,174.5046701775609,174.78534893761417,3593500
2022-08-23,174.58973693847656,176.6140062117554,173.8837896576944,175.71243905114548,2088000
2022-08-24,172.6929931640625,174.43659627039543,172.548403459579,173.4244553608487,2024000
2022-08-25,174.3600616455078,174.39407741055913,172.24222012704078,173.23734672636974,1984400
2022-08-26,169.1973114013672,174.95545026051377,169.14628126021972,174.258016701225,2203900
2022-08-29,167.7854461669922,169.70765521272574,167.7174016461478,168.6444839085924,1928000
2022-08-30,165.89723205566406,168.75503668135664,165.5314944243334,168.125634676224,2238000
2022-08-31,165.4379425048828,166.85833769721071,165.0211876927303,166.0418294681448,2627700
2022-09-01,167.22410583496094,167.63236002392966,164.2472258766403,165.3274116668319,2343300
2022-09-02,166.74778747558594,170.08189107877442,165.29336344259843,169.61409311622492,2665100
2022-09-06,166.6712646484375,166.8753852572154,162.71625913719615,165.67612476797768,3760600
2022-09-07,166.951904296875,167.64085017793073,164.08559872079056,165.76965836987546,2902300
2022-09-08,166.81582641601562,167.17305039960593,164.64695446449292,166.05884900308658,2166300
2022-09-09,168.99314880371094,169.60553630149167,167.67481424659522,168.04055179745689,1748000
2022-09-12,170.2519989013672,170.9239304353256,169.6821406380578,169.72467008598113,2382600
2022-09-13,163.90699768066406,168.13415480355238,163.4221853413266,166.84134785498296,2382500
2022-09-14,162.41854858398438,164.45983215945833,161.26181776370527,164.01754929277865,2608300
2022-09-15,157.34933471679688,162.5971461064585,156.9921107575222,162.22290777440963,4041800
2022-09-16,150.29840087890625,152.02498997246272,147.3130076651705,151.11490914144787,12562000
2022-09-19,153.12217712402344,153.43687166522855,149.39682086108027,149.9581784033636,3018000
2022-09-20,149.42233276367188,152.00797249125335,148.54628069876597,151.70177865451777,2827400
2022-09-21,147.84886169433594,152.73944988847674,147.79783154620796,150.61310719537204,3162900
2022-09-22,142.77114868164062,146.16479615831028,142.65207401464338,146.14778178354916,5238500
2022-09-23,139.76873779296875,140.89995348771427,137.701926267031,140.23653570856484,4252800
2022-09-26,137.57435607910156,139.44553483353994,136.17947595544774,138.92670675825724,4163600
2022-09-27,140.14297485351562,141.26567686259284,138.21225237112242,139.09680507590556,3371200
2022-09-28,142.14173889160156,143.0433060325874,139.8282772197836,140.5767539307143,2958100
2022-09-29,140.61074829101562,141.79299390947375,139.2753993017803,141.4612850806448,2494900
2022-09-30,137.39572143554688,140.61076277134404,137.37872004227972,140.30456897641872,2823300
2022-10-03,138.7140655517578,139.9643558838964,135.59259655909688,136.6217519603742,3494500
2022-10-04,143.647216796875,143.8598510814922,140.31311277145718,140.84895532170592,3414500
2022-10-05,142.83070373535156,144.48926163430016,141.7760459283767,142.08223983514915,2811400
2022-10-06,140.84890747070312,143.25591533404346,140.10043089011927,142.35434835006512,2375000
2022-10-07,135.35443115234375,139.49654137811822,134.67399908997024,139.45402491897661,3491000
2022-10-10,135.8647918701172,137.61689610153508,134.72506236951804,136.97047964307117,3141700
2022-10-11,135.58413696289062,137.13210790449878,134.77612922569858,135.5586218853706,2164600
2022-10-12,135.64361572265625,137.55732367068873,135.22686096444215,136.00083964890948,2229200
2022-10-13,139.1988983154297,140.18552441951348,131.72267029234786,132.7773409185925,2574100
2022-10-14,137.5148162841797,140.81490400568046,137.3447114793751,139.9728806795401,1936400
2022-10-17,140.1004638671875,141.2912105455213,139.25842751583082,139.68369604068795,2274700
2022-10-18,142.0311737060547,143.52811410547488,140.01539225613277,142.44792851654324,2282500
2022-10-19,141.01051330566406,142.23528857345514,140.04941539043213,141.85254954681136,2129900
2022-10-20,136.91944885253906,140.52573056867436,136.35810427041702,140.04943190352097,2832600
2022-10-21,140.80636596679688,141.22312068132257,136.96193610254227,137.47226335978502,3161000
2022-10-24,142.50747680664062,144.78690973489836,141.6739541813397,142.0822083070554,4471300
2022-10-25,142.0396728515625,148.67386376002278,141.6314187431206,146.53050697891567,7698800
2022-10-26,143.7322235107422,145.02503014749797,140.77234599936483,142.46491896246016,4819800
2022-10-27,141.6059112548828,145.1441353477765,141.26568866449364,144.53174766324082,3325300
2022-10-28,142.18423461914062,142.48192768898264,138.20372864368053,140.6447650950034,4771600
2022-10-31,142.694580078125,144.41265528065182,140.69581316161705,141.29970007410344,2908900
2022-11-01,142.37986755371094,144.31909058868698,140.1684794676281,143.70671597915597,2454500
2022-11-02,139.98138427734375,145.11012146853145,139.9558692050027,141.31672064979617,2824000
2022-11-03,139.49656677246094,141.12109553479792,136.14546194037285,138.0676708617023,2671800
2022-11-04,140.9254913330078,141.5804085206845,138.3058355604669,141.19765645087176,2400900
2022-11-07,143.85130310058594,144.23404209146327,140.66178987967066,141.09555900557663,2624400
2022-11-08,143.56214904785156,145.7140198155287,142.59253728885508,144.4211998108114,2715600
2022-11-09,139.49656677246094,143.81729623020388,139.38600578913892,143.05181813203524,2687100
2022-11-10,147.93556213378906,147.96131588315063,143.79761840880025,143.79761840880025,3338900
2022-11-11,152.97491455078125,153.66171177176034,148.09866607144036,148.27037520136074,3851400
2022-11-14,152.6315155029297,155.8079511397185,152.57142778470518,152.90623964215015,3082500
2022-11-15,155.79078674316406,155.86804799951318,152.86332132329565,153.21530673497762,3105000
2022-11-16,152.0048065185547,154.91509799278225,151.00895124547753,154.83783674734528,2713500
2022-11-17,151.1463165283203,151.17207027734872,147.32602426082082,150.23631579713697,2517400
2022-11-18,153.64454650878906,153.86775005030506,151.74727055741457,153.24963382811046,3003000
2022-11-21,155.05247497558594,155.16408329611565,152.72595237569908,152.9405757000604,2465600
2022-11-22,156.8810577392578,157.00982648407313,154.93227443712735,155.7907676680752,2210300
2022-11-23,156.96690368652344,157.90265819109123,156.85530847101805,157.41332384724754,1583500
2022-11-25,156.6922149658203,157.86834670140814,156.42608411466418,157.66230357491497,912400
2022-11-28,154.45152282714844,156.48614762561155,153.18953670923486,155.36152357077216,2043000
2022-11-29,158.726806640625,158.98435721959171,156.46038512493777,157.95416800329144,3671400
2022-11-30,162.8819122314453,162.8819122314453,157.9026490190264,158.60661973541406,7146900
2022-12-01,163.27682495117188,164.48730351557313,161.73153456040077,162.75314357150964,3934700
2022-12-02,162.59005737304688,163.5086515585634,160.18627333852996,160.7872160722669,3661500
2022-12-05,155.52464294433594,161.47399497966694,155.0352954957671,161.4396610128959,5004700
2022-12-06,150.32215881347656,154.09094329342494,149.27479610154865,153.68745045688388,5598200
2022-12-07,149.95301818847656,151.9962363668832,149.36924905154194,149.72122133725006,5124300
2022-12-08,154.2111358642578,155.00094802686758,150.1075394652819,150.34791651044284,3109600
2022-12-09,152.5027313232422,154.64896432041658,152.2709344916687,153.89348611354987,3487100
2022-12-12,156.7007598876953,157.3789768390728,152.82896034221326,153.39555588820025,3214500
2022-12-13,157.83399963378906,161.90324952271905,156.1856809577523,161.3881613985798,3863700
2022-12-14,158.2288818359375,160.7528539755972,156.93256180143095,157.45624318482677,3188900
2022-12-15,155.5675811767578,156.5033357570494,154.02229057194643,155.81653847718115,3478300
2022-12-16,152.98350524902344,156.15134765941215,152.48557755718755,154.83785394284635,8241400
2022-12-19,153.1809539794922,154.49446078651135,151.57557569251176,152.820388363679,3690200
2022-12-20,149.06019592285156,152.44266162196223,148.9228338509073,152.23661851404583,3062200
2022-12-21,151.6785888671875,151.92755925815814,149.61821020180784,151.39529760784148,2833000
2022-12-22,150.76002502441406,150.8029523139084,148.27897964664726,150.064647473142,2626400
2022-12-23,151.96188354492188,152.11641913974265,149.51518567310364,151.02612905815175,1897600
2022-12-27,151.89320373535156,152.6572752999183,150.7685796789604,152.03056579861527,1294200
2022-12-28,149.04302978515625,152.35681461273978,148.83698666701505,151.95332169361043,1455900
2022-12-29,150.8802032470703,151.44681199064283,149.73840554244154,150.0560438837313,1369200
2022-12-30,149.24046325683594,150.10754982201755,147.5664040412603,149.60102884945474,1670900
2023-01-03,150.47669982910156,150.94887374912003,149.07735160238354,149.60962633929879,2206500
2023-01-04,152.04774475097656,152.70019492538404,150.40801944868403,151.4811360444931,1965100
2023-01-05,149.24046325683594,151.01755056999366,148.80263641570613,150.1333035715212,2736800
2023-01-06,153.6273651123047,154.13387298803414,149.62678340661952,150.77717432211853,3690100
2023-01-09,155.97962951660156,157.65368861428587,153.65310721192589,153.85915029301262,3214600
2023-01-10,153.47283935546875,155.86802971834922,152.17650618633286,155.653406409506,2324200
2023-01-11,156.44322204589844,156.64068492605418,153.66171228599742,154.12529287945844,2674700
2023-01-12,157.06137084960938,157.70524092395834,155.11258709003354,157.507791102371,1832200
2023-01-13,156.37454223632812,157.31889006316462,155.18983044396768,156.40029598619026,2078100
2023-01-17,153.6702880859375,156.57199939361163,153.55867977423708,155.91953615544563,2703300
2023-01-18,151.71292114257812,155.00095170933355,151.48971762378773,153.4985885916017,3085100
2023-01-19,151.2235870361328,152.14218113962386,149.08594713846466,151.2321803527133,2711600
2023-01-20,152.9234161376953,152.9749236399048,150.3393429139281,151.73011097142538,2296400
2023-01-23,154.9408721923828,155.99682841766776,152.13360844109872,153.2496392880082,2240100
2023-01-24,154.52020263671875,155.7135077136584,152.36537622543088,152.41688372378454,1958400
2023-01-25,152.3482208251953,152.82897495846757,150.159060375875,152.82038164207992,1722000
2023-01-26,154.271240234375,154.33992126891826,151.1377449932998,153.35265923394059,1627000
2023-01-27,156.32302856445312,157.8168114953147,153.49859161136183,154.18538881289246,2831600
2023-01-30,151.92755126953125,156.11700251502475,151.42962361334003,155.13832073549506,4593300
2023-01-31,159.0187225341797,159.74844713518942,153.4728627249549,153.4728627249549,6872100
2023-02-01,158.80404663085938,159.53377099034108,155.21555183610795,158.546496086362,4005200
2023-02-02,164.22119140625,166.2987568946193,159.6969407663929,159.70552098427007,4995900
2023-02-03,164.53883361816406,165.0453415354166,160.7528749155098,162.30674573598512,2766300
2023-02-06,162.04920959472656,163.6116738717404,161.55128185038927,163.11374612740315,2243300
2023-02-07,161.64566040039062,162.43548558179234,159.49942764554172,161.28509486952382,2037800
2023-02-08,159.98883056640625,161.56845527869143,159.67977241838787,160.30646893258051,1970000
2023-02-09,158.6066436767578,160.98467388311943,158.4435278471403,159.7140943153455,2135600
2023-02-10,159.0101318359375,159.32777016859538,156.72653648873688,157.4905950102206,2533900
2023-02-13,160.89024353027344,160.9331708181309,157.29315426066478,158.60664805177484,2481400
2023-02-14,160.34078979492188,161.2593707710995,158.79549930742428,159.85144234906116,1876400
2023-02-15,160.40086364746094,160.57255966466107,158.84699307751512,159.35350091310374,1750000
2023-02-16,159.29344177246094,160.34938491222184,157.2072961455912,158.95003657690174,2633000
2023-02-17,158.6698760986328,159.36270923732164,157.0590139427857,158.5832653488242,2510100
2023-02-21,154.55613708496094,155.51745838969984,152.53822792402445,155.17968434957163,3994800
2023-02-22,152.9539337158203,155.4048703048405,152.5035815344769,154.4781853562057,2376900
2023-02-23,155.83786010742188,156.13231548711707,154.0278092431885,154.10575098223538,2341200
2023-02-24,156.01974487304688,156.87714376119297,153.94121893292655,154.8332541935982,2674400
2023-02-27,157.82115173339844,158.91238916449396,156.78188868731186,157.5180405030526,2925400
2023-02-28,158.04632568359375,159.18951100658654,156.86849077251114,156.92910772924952,3703000
2023-03-01,158.55728149414062,160.00359112446557,157.2322189820781,157.56131075167912,2307500
2023-03-02,159.94297790527344,160.3240440930313,157.4314245258821,158.3321288269363,2334500
2023-03-03,160.80902099609375,161.68374464976307,159.8910051819002,161.30267848954418,2499600
2023-03-06,161.52786254882812,162.53248920481397,160.5319048976873,160.60984665161385,2419500
2023-03-07,158.72183227539062,161.077501874762,158.22817480389358,160.38465554289783,2822300
2023-03-08,159.61387634277344,159.8563705901678,157.86444223090362,158.64388613825054,2277900
2023-03-09,158.3840789794922,162.49783857630905,158.05497398296436,160.76572927238615,2497400
2023-03-10,157.22354125976562,159.63118512879907,155.48277632661214,158.21951194699741,3442600
2023-03-13,157.82115173339844,159.23282518984277,154.33962118975575,155.08442879552467,4435900
2023-03-14,160.27206420898438,162.67103918181422,157.8471086550182,160.35000595239336,4892100
2023-03-15,159.66583251953125,160.1768015809378,156.72990784499785,157.11962978649532,4306700
2023-03-16,162.7489776611328,163.48512935175023,158.9643233154734,158.9643233154734,4710200
2023-03-17,161.7703399658203,166.230529279064,160.6184989267995,164.50707579261376,20535900
2023-03-20,158.91238403320312,161.79634781305896,157.24956057016797,161.31134607326246,3974300
2023-03-21,161.7703399658203,161.8136453406955,159.1808450565915,159.89100298775344,2965600
2023-03-22,160.6877899169922,164.22129482597646,160.49727003280626,161.51920827820177,2758400
2023-03-23,160.4712677001953,163.32925082026767,158.87773024213593,160.02958456566296,2901700
2023-03-24,161.14678955078125,161.44124495011184,159.11155590699244,160.29804650808285,2586700
2023-03-27,162.22935485839844,162.78362927668164,160.67910971597178,162.2899718089424,2283400
2023-03-28,162.5844268798828,163.8228918336307,161.38928051420737,162.31595206741184,1850100
2023-03-29,165.82351684570312,165.84949743301377,163.56311324504168,164.13471259577165,2546100
2023-03-30,165.49440002441406,166.45572133142818,163.84890127526586,166.18724647166738,2075300
2023-03-31,168.00592041015625,168.11849851113783,165.35578248916224,166.22183700564645,2571200
2023-04-03,167.77210998535156,167.7980905679858,165.69358408493918,167.00132186566287,2735200
2023-04-04,165.0786895751953,168.77674690440796,164.48976549786383,168.59486959987944,2498700
2023-04-05,164.03073120117188,166.1872118500671,163.98743904438186,164.41179732852146,2718300
2023-04-06,163.32058715820312,164.16931701333166,161.54517248624262,163.10407349613345,2206100
2023-04-10,164.77552795410156,165.0266911648678,161.7616619295093,162.31593629282446,2157900
2023-04-11,166.6721954345703,167.2351388208003,164.19527889401195,164.98339170576773,2844400
2023-04-12,164.42047119140625,168.04922886695903,163.7016442871957,166.7155105967605,3729000
2023-04-13,165.41644287109375,165.93608096190266,163.28594255671197,165.34715691132286,2355600
2023-04-14,167.0359649658203,167.16588109917006,164.76690589139432,165.4164469133052,2034900
2023-04-17,167.39968872070312,168.34369828314345,166.78479735176145,167.33907177014788,1920500
2023-04-18,168.11854553222656,168.59487829250708,167.04464608899073,167.65088177709916,2461400
2023-04-19,169.77268981933594,169.93724231513073,168.10986649831437,168.2570942011452,2652200
2023-04-20,168.8633270263672,171.30560741123153,168.11851952051614,169.634115113764,3336300
2023-04-21,169.0625457763672,170.17975053784085,167.67685295420276,168.76807713156862,3371700
2023-04-24,169.6168212890625,170.88125377311692,168.64683102169684,169.1924497211559,3689100
2023-04-25,152.67677307128906,158.48800576387384,152.6161561157194,158.2022061348996,12474900
2023-04-26,149.45504760742188,153.34362427633647,149.0739814717277,151.75874278375994,5845600
2023-04-27,153.9498748779297,154.29630467826368,149.12595719092175,149.6196014858474,4679000
2023-04-28,155.72528076171875,156.30553577748807,152.86729784237605,153.1530974558048,3440800
2023-05-01,157.79513549804688,158.21950698258965,155.60401855580866,155.8465127712778,2807800
2023-05-02,154.0191650390625,156.55671218780927,153.8805931151492,156.49608201549242,3527800
2023-05-03,152.27841186523438,154.15774913120885,151.9926122052087,153.7247217460088,3825200
2023-05-04,150.0785675048828,151.50756525424794,149.70617044031437,151.16980455256925,3495100
2023-05-05,152.200439453125,152.6767589089529,150.52029142255233,151.71543777882857,2775300
2023-05-08,151.03128051757812,152.73740935538603,150.3471031104876,152.34768737843848,2589100
2023-05-09,149.83612060546875,150.52031122667353,149.09131302634174,149.71487347467811,2180600
2023-05-10,148.58900451660156,150.67618620605163,147.09938944262973,150.4596725408225,3233300
2023-05-11,147.4285125732422,148.74491963790874,146.51915234294654,148.55438651480114,3136500
2023-05-12,147.33230590820312,148.52145739757796,145.91582153921047,147.8656756205385,3346600
2023-05-15,147.63833618164062,147.6995355403165,145.37369307235628,146.51038410377333,3048400
2023-05-16,145.6797332763672,146.74647267843062,145.27751459119813,146.4491881478658,3458900
2023-05-17,149.8330078125,150.19150502123705,145.76716648816276,146.62405086594976,3882200
2023-05-18,149.55320739746094,151.63422574298193,148.434007617159,150.07783813156476,2747200
2023-05-19,149.45704650878906,149.9204779493483,148.093022419052,149.63193233930153,2350100
2023-05-22,149.9641876220703,150.26148553187883,148.04931584046787,150.05163053823443,2675400
2023-05-23,148.46022033691406,150.61992903564797,147.98806340535313,149.15972345270734,2660500
2023-05-24,146.65028381347656,148.34657469447106,146.41419865428827,147.6383325588197,2410500
2023-05-25,149.71934509277344,150.46256976320862,147.0437576262694,147.40225485986352,2976900
2023-05-26,150.01663208007812,151.1882922131346,149.67561277878542,150.1565220399394,2291800
2023-05-30,148.43399047851562,150.2526932469917,147.69951820910575,150.12154224956575,2542200
2023-05-31,146.02073669433594,147.961851746488,145.40867639453887,147.82194843741613,5106100
2023-06-01,146.74649047851562,147.69955688782724,145.33000596772533,146.4666838215164,2524800
2023-06-02,148.76625061035156,149.465753695539,146.8338748384863,147.55960812195102,2752200
2023-06-05,146.76397705078125,148.6001581466117,146.56286101925681,148.6001581466117,2314100
2023-06-06,146.53660583496094,147.4721941453362,145.30373301811454,145.59227857154113,2521900
2023-06-07,149.9554443359375,150.10408661559052,145.93331046304706,146.3267902325046,3435600
2023-06-08,149.9379425048828,150.0603545701897,148.32035545203556,149.9379425048828,3676000
2023-06-09,149.0723114013672,149.85050520678658,148.25913509799986,149.51823818585007,2838500
2023-06-12,149.9554443359375,150.23525098604816,148.67011088856194,149.37835312652084,2795100
2023-06-13,151.17083740234375,151.59928636408165,149.61444948522072,149.78932198363253,3528000
2023-06-14,152.9108123779297,154.50216906523494,151.34567254990387,151.84407305638868,4476000
2023-06-15,156.51327514648438,156.77559056650983,153.38300804252472,153.41799054755023,4162900
2023-06-16,156.14599609375,157.62369299098657,153.977548343642,157.37886889058305,8469300
2023-06-20,155.0005645751953,156.23342401724295,154.29232248200063,154.29232248200063,3088200
2023-06-21,151.81784057617188,154.4059848956815,151.15330657750116,152.25502837870243,4935300
2023-06-22,149.8505096435547,151.7041818322655,149.4832734557109,150.5325216126809,4192700
2023-06-23,148.02305603027344,149.6581476578838,147.515929866365,148.2941237038364,11278600
2023-06-26,151.0484161376953,151.301979243692,147.9618706987327,147.9618706987327,3763100
2023-06-27,152.72718811035156,153.4441825236491,150.80356441264362,151.6079883828883,2711600
2023-06-28,153.59283447265625,153.960070655605,151.84408312037803,152.24628845993018,2746400
2023-06-29,153.933837890625,154.0562499495705,152.83211601820165,153.38297695441332,2301600
2023-06-30,156.73184204101562,157.08158697937634,153.50539361826836,154.4059995093657,4892900
2023-07-03,160.68402099609375,161.0250269745331,155.79625084924453,155.86620250404158,3330000
2023-07-05,157.36143493652344,158.87410153802972,156.3296644160979,156.83680404926739,4820200
2023-07-06,156.75808715820312,156.86300798131063,155.28038997050027,156.21597844959373,3011100
2023-07-07,157.1777801513672,158.89156249327587,155.67385279272744,155.73506549939907,3145300
2023-07-10,158.550537109375,159.51234231251664,157.10780929179228,157.10780929179228,2372700
2023-07-11,161.96932983398438,162.1966626712979,158.5767484693454,159.0751355893552,2896600
2023-07-12,163.0623321533203,164.09408909454567,162.17046518686283,163.56947166985833,2586000
2023-07-13,162.07427978515625,164.2252498709559,162.0480495815904,163.19347961034677,2857200
2023-07-14,161.98683166503906,162.345328891453,160.79768022130824,161.56713507957934,2213500
2023-07-17,159.78341674804688,161.32231314350835,159.50361012600982,161.3048218941525,2556000
2023-07-18,161.3834991455078,161.67203133161598,159.85334195692118,159.85334195692118,2387500
2023-07-19,162.6513671875,163.04483357380644,161.40975532706585,161.40975532706585,3018900
2023-07-20,163.45579528808594,164.56625616143185,162.28413505361212,163.18474095613155,2703600
2023-07-21,163.7705841064453,165.67671687763277,163.28093581079773,163.42957809041107,5071500
2023-07-24,164.67991638183594,165.5630443789798,162.3890563138279,162.51146837833411,2460200
2023-07-25,161.48843383789062,168.7370017874684,159.25877335997245,164.21648147661605,10006600
2023-07-26,161.22613525390625,161.87317807685992,158.89155372920874,160.22934748671054,4189100
2023-07-27,163.08856201171875,163.70936129756993,160.92885292945203,161.86442800621413,3251400
2023-07-28,164.2864532470703,165.82534970883876,164.11158077171942,164.7236411064049,2299000
2023-07-31,163.62193298339844,164.66244222636985,162.8087566248578,164.21650206971657,2323100
2023-08-01,162.1967010498047,163.5082646701535,160.68403474340525,163.3858525992642,2823500
2023-08-02,160.31680297851562,162.07429347545286,159.87086279639934,160.84142043606093,2008500
2023-08-03,158.69918823242188,161.37477571750188,158.489333263075,159.4336606122646,3692800
2023-08-04,158.20953369140625,159.66100048572886,157.79857606479789,159.2500428591205,4437100
2023-08-07,159.2675323486328,160.2206120250078,158.03467272106326,159.136381327162,4411700
2023-08-08,157.86854553222656,161.1736848250247,153.90762442193807,160.06322387833814,6433400
2023-08-09,156.83676147460938,158.58551283485937,156.12851930841435,156.61816755457812,3249400
2023-08-10,157.7198944091797,159.3549727130089,157.32641466722092,157.45757902851201,3964800
2023-08-11,155.831787109375,157.95813286857094,155.19653017332618,157.28758986399794,3558500
2023-08-14,154.8524169921875,155.67296272176142,154.0142349616777,155.3906203528854,2980700
2023-08-15,152.86721801757812,154.01421014638566,152.42606823440775,153.91715665557527,2269300
2023-08-16,150.64385986328125,153.1495878507069,150.50268867623112,151.84378802755663,2500300
2023-08-17,150.64385986328125,151.35852048633765,150.03507089909976,151.1908813845688,2986500
2023-08-18,151.0849609375,151.8966748066824,149.82326573775595,149.82326573775595,2868300
2023-08-21,148.65867614746094,151.51731846017918,147.40581223242123,150.79383973192225,3512000
2023-08-22,147.22052001953125,150.30856879205652,146.81465625721384,149.10864073050516,2701000
2023-08-23,149.00279235839844,149.39100641878727,147.64404314703748,147.97050322299702,2375200
2023-08-24,147.3440399169922,148.9498317243509,147.31757200481147,148.2528074693944,2207400
2023-08-25,148.99391174316406,149.4174251949356,147.21167645254104,147.7233983134933,2506900
2023-08-28,148.9674530029297,150.57324464836992,148.19103855254417,149.72623115552247,1967800
2023-08-29,151.53497314453125,151.69378062802892,149.10864897482261,149.4086276410904,3261200
2023-08-30,151.7643585205078,152.41726511057942,150.86442256735756,151.79965804582213,2713300
2023-08-31,149.46156311035156,152.36433664923916,149.3733412184506,151.78201561882813,3549800
2023-09-01,148.22634887695312,150.59090559926284,147.6440278467157,150.4497478796984,3286600
2023-09-05,144.6707000732422,148.24401697532556,144.35307160499417,147.7852173072281,4897500
2023-09-06,143.20603942871094,144.9177027291526,142.44726126860246,144.5912562000578,3883500
2023-09-07,143.144287109375,143.5060197013951,141.62673077167395,142.923712216835,3013200
2023-09-08,142.08554077148438,143.30311869135744,141.6973402040414,143.30311869135744,3561500
2023-09-11,141.95318603515625,143.17958197459345,141.46791854915796,142.5796246921402,3638000
2023-09-12,138.1416778564453,139.4033600325583,136.84469615126824,138.84750688381794,6232500
2023-09-13,139.26219177246094,139.447480646882,137.51524200614872,138.132849149509,4071900
2023-09-14,141.81201171875,141.94436473717238,140.31210508306125,140.9561800250148,2796400
2023-09-15,141.6002960205078,142.46494603215152,140.85915397627272,141.81203935072395,4382300
2023-09-18,139.7915802001953,141.3003052945578,139.47395173883064,141.0885619621989,2729200
2023-09-19,139.41217041015625,140.00330959217462,138.08872086338604,139.6680448617138,2348900
2023-09-20,139.08572387695312,140.65621626262396,138.82986288813427,139.93273751081463,2300300
2023-09-21,137.13583374023438,139.20924338757632,136.9593764955898,138.5210507094851,3801200
2023-09-22,135.68003845214844,137.49757356841846,135.4418137781951,137.1270093327267,3206200
2023-09-25,136.14767456054688,137.10055992212816,134.83305652712326,134.9300965769442,2900500
2023-09-26,134.02130126953125,135.88295392813194,133.93307938892718,134.99183619593853,3461800
2023-09-27,134.47128295898438,134.8153792585653,132.82137358058378,134.53303692925618,3419500
2023-09-28,137.19760131835938,137.2505371455235,134.48893481731366,134.66540552496048,5571600
2023-09-29,137.5240478515625,138.81221131772875,136.80938725942002,138.07990096226214,5034600
2023-10-02,136.8270263671875,137.12700500621273,135.55651276328805,136.88878033977562,3243600
2023-10-03,135.65357971191406,137.9563824816342,135.00950469653145,136.10354771507312,3687600
2023-10-04,135.62709045410156,137.09171096572777,134.50656623493472,136.22704769723154,2600400
2023-10-05,135.32711791992188,135.85648960599804,134.63892530404635,135.02712582203944,2922100
2023-10-06,136.11236572265625,136.8887802311156,134.37423439964903,134.88596979319254,2383500
2023-10-09,136.1741180419922,136.57998178464203,134.58597605765914,135.38887193068635,1765800
2023-10-10,137.24171447753906,138.0357787845114,136.12119014242643,136.32411529415057,2083400
2023-10-11,137.02113342285156,137.8504972181556,135.40652350572594,137.44463347007056,2209800
2023-10-12,137.09173583984375,137.24172517784052,135.4859438751276,137.19760749894138,2340300
2023-10-13,136.8270263671875,138.84748656865,136.38587655821263,137.7446120462128,2759600
2023-10-16,138.2122344970703,139.8356760814069,137.74461676057842,138.29165169714994,3349700
2023-10-17,138.6798553466797,139.10336888053072,136.77409829564806,136.9240876236611,2937000
2023-10-18,135.71533203125,137.45344987150298,135.55651110129793,137.19758890907698,2974700
2023-10-19,134.16249084472656,136.87997554875852,133.91544800461685,136.2888363625799,3035100
2023-10-20,134.07427978515625,135.29184432041134,134.056630020058,134.40954454506578,5022500
2023-10-23,130.72149658203125,133.73895924335724,130.48327194847812,133.44779879408608,4552700
2023-10-24,131.74497985839844,132.530225946745,130.88031657603958,131.2332444860299,2802300
2023-10-25,129.63629150390625,131.3744230307597,128.82457737637867,131.233265307191,3565800
2023-10-26,121.94263458251953,129.07160355835703,121.69557830681165,125.7276939721438,10581400
2023-10-27,118.96045684814453,123.33665533101873,117.94580422904647,122.13672733484545,6594600
2023-10-30,122.44554901123047,122.84258117627984,118.50166834856891,119.91335322743862,5665500
2023-10-31,124.62481689453125,124.68658432789081,121.95145021799655,122.30436466832077,3996900
2023-11-01,123.34549713134766,125.4100751376571,121.80147270167764,124.73953223196013,3566800
2023-11-02,125.2777328491211,126.50412883095096,125.03950817270109,125.19831564843155,3904600
2023-11-03,126.04534912109375,127.76583102698872,126.00123143882435,126.3717957367997,3272000
2023-11-06,125.52478790283203,126.60119466371663,124.66012446354728,126.36296996409118,2931300
2023-11-07,125.15420532226562,125.37478022522144,124.0513308074865,124.8277453111709,2952600
2023-11-08,125.24244689941406,126.53942860976319,124.81012863784821,125.40126785518426,2896600
2023-11-09,123.47784423828125,126.11592527155958,123.40725864450377,126.11592527155958,3411100
2023-11-10,123.28144836425781,123.91522329472679,121.86216626620003,123.81703319621717,5683900
2023-11-13,123.33503723144531,123.67424195744164,122.29958020929251,122.88872095849929,3211500
2023-11-14,127.7981948852539,128.33377983971445,124.88821780459593,125.00425076901912,4258800
2023-11-15,131.36871337890625,132.02033124050882,128.4944358583162,128.53907020401283,4766700
2023-11-16,131.13662719726562,132.28811698307797,130.00298025243475,131.4579754012929,3729300
2023-11-17,132.0917510986328,132.15424191031528,130.50286636759347,131.82395862947646,3320200
2023-11-20,133.5110321044922,134.14479346914447,131.1009137732544,131.97570331561758,4733300
2023-11-21,133.68955993652344,133.99305168718092,132.55591296143268,133.44854537194738,3080700
2023-11-22,134.56434631347656,135.001741131902,133.84131618420506,134.75180512722767,2640200
2023-11-24,135.70689392089844,135.71581534094625,134.56432561230372,134.93922956164056,1644400
2023-11-27,133.52890014648438,135.18027581540773,133.5110573022036,134.82321462241498,3320000
2023-11-28,134.555419921875,134.85891168484198,132.98437809853493,133.6270745498122,3073900
2023-11-29,135.93898010253906,136.98337198043254,135.18917216704213,135.25166297191151,2981600
2023-11-30,135.33200073242188,136.63525004892458,134.57325773288068,136.43886982834897,4664400
2023-12-01,138.27769470214844,138.3312504693292,134.80535505153026,135.67120960892643,3945300
2023-12-04,139.17926025390625,139.45597415457502,136.83163237837624,137.21547144289417,2717800
2023-12-05,137.6082305908203,138.83113276723336,137.07264563825734,138.35803862801555,2485300
2023-12-06,138.6168670654297,139.30419776599106,137.87599422540163,138.37586614563236,2995800
2023-12-07,139.69699096679688,140.68781362007113,138.8043584366576,139.13462811425185,3241200
2023-12-08,139.51844787597656,140.75027133515425,139.2149561266494,139.3131462361952,2845900
2023-12-11,139.05426025390625,139.58091004823657,138.21518370267455,138.93821369497348,3742100
2023-12-12,138.68829345703125,140.24147875687484,138.28661159583592,139.20602189031246,3039900
2023-12-13,140.366455078125,140.49142307836698,137.48325603079815,138.21520756921822,4058100
2023-12-14,144.92779541015625,145.91861790804631,141.73216981894768,141.89285073182978,6401900
2023-12-15,145.44552612304688,146.22211195616248,142.87474044033377,144.04408671058493,8738200
2023-12-18,144.22264099121094,146.23106413610228,144.06196005696424,145.83830365293383,3883800
2023-12-19,144.2672119140625,144.78494022491066,142.9639765285537,144.61533792750515,3926500
2023-12-20,140.10757446289062,143.303186171574,139.6969576040747,140.02722720279326,5624500
2023-12-21,140.28611755371094,140.96451330480411,138.5722649031939,140.67887800662965,3778600
2023-12-22,141.25909423828125,142.4552185287902,140.87526879809195,141.03593611152252,2332500
2023-12-26,141.0626983642578,141.51793598901853,140.18792241804542,140.18792241804542,2384000
2023-12-27,140.00047302246094,141.4286904195618,139.49167959831874,141.0537864174332,3116400
2023-12-28,140.4199981689453,140.82168001770808,139.16138323839803,139.16138323839803,2254900
2023-12-29,140.3485870361328,141.20552012458714,139.3666995782359,140.21469762566622,2186500
2024-01-02,141.33938598632812,143.2853313573257,139.51842220492853,140.0897062952193,4363800
2024-01-03,140.6252899169922,142.18739647940498,139.41130941509758,140.3842889969715,3257200
2024-01-04,140.13433837890625,141.32154087662002,139.61661005220114,140.18789413330904,3173400
2024-01-05,141.67861938476562,142.33917228170543,139.47381620850243,139.6255620860785,2537300
2024-01-08,142.74978637695312,142.81227718918095,140.57176091886114,141.54474068596974,2469500
2024-01-09,142.76763916015625,143.0532744673591,141.30372245695386,141.9464189237735,2639500
2024-01-10,143.91018676757812,144.14226627231702,142.24989007239904,142.9461422071043,2399200
2024-01-11,142.1517333984375,144.13337874644122,141.82146371393412,144.1066008596162,3341800
2024-01-12,141.31263732910156,143.7138207368402,141.29478086682565,143.0264899543616,3474500
2024-01-16,138.65260314941406,141.1876760943795,138.48300080089692,141.1876760943795,5331400
2024-01-17,137.96524047851562,138.19733358415647,135.69796052205547,137.08154325469062,3930000
2024-01-18,139.72373962402344,140.07186569313305,137.30471360086125,138.5900927341584,3095800
2024-01-19,140.04507446289062,140.86629450608586,138.37585649838954,140.10756525880691,3097600
2024-01-22,141.57151794433594,142.17850149790877,140.4200144081598,140.83955276686078,2631600
2024-01-23,142.87474060058594,143.23180173496857,141.5982827989532,141.95533031284623,3443000
2024-01-24,139.7683563232422,143.55312188494193,139.72372198760795,143.52633038717187,3187600
2024-01-25,142.5623321533203,143.11575990433326,141.17874915529785,141.52687526004635,4070000
2024-01-26,142.1963348388672,144.02623386450463,141.25906815544425,142.88366555610918,2818200
2024-01-29,141.0537872314453,141.70540512315614,139.6969820584185,141.4019133511802,5459700
2024-01-30,129.48526000976562,133.44855023619252,129.0478788297841,131.03844536405163,16983600
2024-01-31,126.6645278930664,129.95834351863962,126.6645278930664,129.26209135946843,10906800
2024-02-01,127.1197738647461,127.37863124840969,124.61147918724257,126.75379133914541,6774900
2024-02-02,126.61990356445312,127.10191903765438,124.56684644721197,126.64668144515937,4343000
2024-02-05,124.1473159790039,126.09324807556,123.98663506415193,126.09324807556,4536700
2024-02-06,130.2529296875,130.70816734836538,126.17360634155489,126.49495457878066,7566800
2024-02-07,131.4311981201172,131.92213503864832,129.5120303076715,130.3957412779084,3985200
2024-02-08,132.03819274902344,132.18101721251494,130.1904506268799,131.03844874556376,3316400
2024-02-09,130.55641174316406,131.95785116856283,130.24399857109654,131.8418045963862,2825900
2024-02-12,131.61863708496094,132.06495325928805,130.63674967373458,130.77063907783722,3253700
2024-02-13,129.34243774414062,130.94917889298824,127.91423398332417,130.33326031755578,3706000
2024-02-14,128.73545837402344,130.22615299296157,128.06598400872537,129.61023439760882,3831400
2024-02-15,131.19911193847656,131.65436319902216,128.6908169666887,129.67271809679679,3855400
2024-02-16,133.96119689941406,134.48473128102378,130.82902585098427,131.47892965069056,5442400
2024-02-20,134.16879272460938,135.18878324884523,132.7155376178834,133.48278932123063,4254900
2024-02-21,133.8348388671875,134.88189394625056,132.71555694508626,134.3132384030549,3017100
2024-02-22,135.15269470214844,135.28809937819003,132.85998818413793,133.41060081094244,3027500
2024-02-23,134.15977478027344,135.76647751521526,134.08756171908993,135.3512558567184,2414200
2024-02-26,133.13978576660156,133.82578919591634,132.29129950443945,133.6633201363023,3052900
2024-02-27,133.8348388671875,134.33129511381446,133.02245216182482,133.13980012190976,2382200
2024-02-28,133.38348388671875,133.92506111386834,132.7426016620424,133.0765749741129,2258700
2024-02-29,133.82579040527344,134.99020710262982,133.36544762564034,134.34932477970526,3338600
2024-03-01,133.64529418945312,134.13272902695772,132.54406884337115,133.60015929364917,2936200
2024-03-04,135.94700622558594,137.4183181109417,134.17782062136,134.5659641119727,4562200
2024-03-05,135.08949279785156,136.80450820286634,134.4937453852003,135.4686010313843,3614400
2024-03-06,137.69813537597656,138.1494566890586,135.73036728885748,136.29903655077555,3471200
2024-03-07,138.4744110107422,139.79226155501274,137.62592472356965,138.31192817310543,3514800
2024-03-08,138.97088623046875,140.0901544447686,137.98699514845816,138.94379427612824,3448900
2024-03-11,139.68394470214844,140.11720930093895,138.5917410775342,138.9076715021474,3266000
2024-03-12,142.0579071044922,142.31064594897464,139.33192239816384,139.72005213317834,3879500
2024-03-13,139.69296264648438,143.43893766901886,139.503415415084,142.3918689562213,4244800
2024-03-14,138.90768432617188,139.65687941874165,137.78840242162767,139.45829692320584,4101600
2024-03-15,138.4383087158203,139.64786042091217,138.04114371772164,138.4924650749729,8821700
2024-03-18,136.921875,139.3138726742393,136.7413492124935,139.07919052780431,5181600
2024-03-19,138.2848663330078,138.69105281523701,135.58597332952274,136.21782049890544,4210000
2024-03-20,139.69296264648438,139.74713277154598,137.21069551729508,137.65299534595084,2862300
2024-03-21,140.1984405517578,140.88444389750762,139.27774133973264,140.05401444531628,4036400
2024-03-22,141.05596923828125,143.47504490282603,140.83933004627264,143.19522788808595,3939400
2024-03-25,141.32676696777344,141.98569224878048,139.92766809923023,140.31579782935248,3807700
2024-03-26,129.7909698486328,142.60850543711769,129.10496644973438,142.0308147398262,18208800
2024-03-27,132.986328125,133.22101022889646,130.00760496474504,130.3325568326498,7078800
2024-03-28,134.15977478027344,134.538883021562,132.36351103807078,132.93218028662017,5197000
2024-04-01,133.2480926513672,135.36930821409598,132.0746683212442,134.6201132232861,5421900
2024-04-02,134.62913513183594,136.29902941207163,133.07658879429016,133.28420650416192,4935000
2024-04-03,137.4453887939453,137.5266233201444,134.674269476693,136.10946786580772,4314200
2024-04-04,135.39637756347656,139.26870790157002,134.9721344785858,138.3751006245194,3689100
2024-04-05,136.62400817871094,136.93993865278924,133.75359705087573,135.1165964281007,3374000
2024-04-08,135.49569702148438,137.4092951489742,135.4054272416752,137.09337846611132,3196400
2024-04-09,135.91090393066406,136.45248123085852,134.71940907841662,134.97214790648732,2664300
2024-04-10,132.92315673828125,134.04243862523342,131.87610169209913,133.79872124395465,4024400
2024-04-11,134.5027618408203,134.69232283713964,132.77872503254613,133.0856201949371,2232500
2024-04-12,130.8019561767578,133.86191436044513,130.2964784715121,133.63625368680084,4123900
2024-04-15,130.74778747558594,132.27324191589426,129.46602284984468,131.66847302040875,3271000
2024-04-16,128.97862243652344,130.62143885828013,128.8161533521222,130.46797746980957,4197100
2024-04-17,128.4009246826172,129.45701499382665,127.58855175806671,128.62658535868505,4165700
2024-04-18,128.84323120117188,129.35773040702,128.06695788459294,129.1501264308522,3430600
2024-04-19,128.8702850341797,130.0888442535339,128.67170256467318,129.21327984886415,5118500
2024-04-22,131.2081298828125,131.8490121938994,128.68072782898264,129.26745378737579,4578500
2024-04-23,134.37643432617188,135.16174295776332,131.10887167365152,131.78585379933304,6371100
2024-04-24,132.345458984375,133.55501058520008,129.78195720174523,133.5279186347244,5284700
2024-04-25,133.04049682617188,133.9792391021469,131.13592032391827,133.54597449579177,3553300
2024-04-26,133.2210235595703,134.24101414735344,132.54404158146298,132.54404158146298,2607600
2024-04-29,134.08758544921875,136.19074474373272,133.42866008750164,133.825811334447,2654700
2024-04-30,133.12171936035156,133.78967980542845,132.38155963175006,133.17587570961115,2402900
2024-05-01,131.71360778808594,133.71747548094473,131.21715159873204,132.95022375437662,2842200
2024-05-02,132.8870391845703,133.41959499099562,132.30934849536285,133.1217212925122,2038800
2024-05-03,132.17396545410156,133.77164690779023,132.16494398536332,133.545986230222,2039300
2024-05-06,132.39059448242188,133.41960654207506,131.93927316199094,133.20298112313776,2073600
2024-05-07,132.76968383789062,133.3654312016258,132.11978012713078,133.02242263949373,3403500
2024-05-08,133.38348388671875,133.52789621668654,131.71358977990377,131.89411552228697,2799600
2024-05-09,133.64529418945312,133.9431679738756,132.88707752359758,133.663350902422,2510600
2024-05-10,134.50320434570312,135.06908196706098,133.71828990135126,134.17463518465925,2504500
2024-05-13,137.45118713378906,137.61546472979737,134.94128840006587,134.94128840006587,4185600
2024-05-14,135.02342224121094,140.02496181663847,134.96866304455176,138.19045909580396,3597300
2024-05-15,135.02342224121094,135.99087185299084,134.88651032301252,135.49802515650788,2695900
2024-05-16,136.59326171875,136.93095274267083,134.5123285211132,135.53453741074486,2298700
2024-05-17,136.20993041992188,136.63889605388644,135.24246682580835,136.52024183658307,1956700
2024-05-20,134.7039794921875,136.51111660116902,134.43016957326142,135.3702535444362,1812700
2024-05-21,132.72344970703125,134.82264062444102,132.44963977405578,134.56708840074435,2750200
2024-05-22,131.21751403808594,132.2488448090873,130.31394545050455,131.81075727869248,3590500
2024-05-23,126.95526123046875,130.67902642364436,126.89136620714557,130.52387070114142,4437200
2024-05-24,126.55366516113281,128.22389040889718,125.88739108434247,128.0413411718551,2995400
2024-05-28,125.56795501708984,127.06476681274827,124.34495314443443,125.95128333867358,3314700
2024-05-29,122.67472076416016,124.96556866875312,122.57432426247799,124.41796278130062,3996900
2024-05-30,124.91082000732422,125.02947422656027,121.91719633848138,122.56519878226693,4077000
2024-05-31,126.80008697509766,126.92787701710172,124.23542884788527,125.54058353037166,5887400
2024-06-03,126.33463287353516,127.58501455579159,125.35806116025809,127.44811653457867,2728300
2024-06-04,123.78821563720703,126.23421946609716,123.66956141698941,125.86914884065291,3874800
2024-06-05,125.5588150024414,125.66833338521384,123.39572945684137,124.26278248240465,3109000
2024-06-06,125.54971313476562,125.69574696898249,123.98902005205085,125.04773053374075,2852500
2024-06-07,125.62272644042969,127.40247022330509,124.47274136377617,124.9473304215079,3209300
2024-06-10,125.65921020507812,126.00603702079955,124.500103400047,124.82867250795398,3633000
2024-06-11,125.35804748535156,125.93303303827602,124.53661766802058,124.81954949869885,2659800
2024-06-12,124.51836395263672,126.47153508188664,124.31758484583736,126.38938234893185,3484600
2024-06-13,123.1128158569336,124.41797045934527,122.12710848682894,124.41797045934527,4944200
2024-06-14,123.80646514892578,123.85210246085605,121.29656618483618,122.39180596495349,3800200
2024-06-17,123.989013671875,124.39058580547803,122.92115349984752,123.67868830849453,4117600
2024-06-18,122.4830551147461,125.25764187051608,122.22750290389241,124.39971062269971,4104100
2024-06-20,124.91992950439453,125.48580701752422,121.96282154712081,122.31877024296116,4165700
2024-06-21,124.67353820800781,126.4897835406098,124.39059243124365,124.6917819924032,9144100
2024-06-24,126.4989013671875,127.44809330320226,125.16636718854556,125.76874622518717,3695900
2024-06-25,122.62909698486328,125.98779136333889,122.34616515615552,125.98779136333889,4818700
2024-06-26,126.08818817138672,126.81834336345501,123.30449326186371,124.5639966934658,6104300
2024-06-27,123.97074890136719,125.94216366991337,123.38662755437774,125.94216366991337,3732500
2024-06-28,124.90169525146484,125.22112855712194,123.85209286460264,124.29018038677448,6609600
2024-07-01,124.08027648925781,126.04256951190737,123.72432773468267,124.71003519194132,2668200
2024-07-02,123.13107299804688,124.08940076399946,122.355280538335,123.76995353316488,3280400
2024-07-03,123.71519470214844,124.57312596323933,123.38662557931684,123.88860811788612,1539900
2024-07-05,124.44536590576172,124.54576242642388,122.70212355906104,123.09457382293392,3237500
2024-07-08,123.69693756103516,125.33066129164249,123.58741916177254,124.44535042679969,2773700
2024-07-09,122.55608367919922,124.00725828455815,122.23663642197073,123.45051650226574,3116800
2024-07-10,123.80646514892578,123.90686166455146,122.1271179116893,122.61084277973511,2834800
2024-07-11,126.17033386230469,126.90961090465463,123.91598731808509,124.02550571649213,3449600
2024-07-12,129.9215087890625,130.86157896622728,126.58105794560447,126.86398979531677,4801300
2024-07-15,131.5643310546875,132.5682961833231,130.28656991510755,130.5238644334433,4164000
2024-07-16,134.46669006347656,134.68574079219258,131.45480869475108,131.45480869475108,3805100
2024-07-17,134.51234436035156,134.88653692015657,133.6178975500484,134.15639558532993,2863600
2024-07-18,132.12106323242188,135.21508327050955,131.8381314239454,133.27106210113382,3412900
2024-07-19,132.50440979003906,133.1433043279775,130.73380178892836,133.1341685093166,3073800
2024-07-22,132.50440979003906,133.4079784646398,131.14450975863676,133.02465009780843,3629800
2024-07-23,116.5323257446289,120.71244302956549,114.06806412863557,118.77754358577921,25353900
2024-07-24,117.30811309814453,117.96525139606109,113.90378130932147,115.46448128523522,11642500
2024-07-25,115.98470306396484,118.23904957028411,115.49184938959228,117.98349736059657,7761900
2024-07-26,117.58192443847656,118.5219945845426,117.24423339373996,117.5910463303564,7271300
2024-07-29,117.3811264038086,117.95612587844882,116.50494435461144,117.86485125732906,5414300
2024-07-30,117.76445007324219,119.43467530230542,117.24422374784126,117.46326054735687,4747700
2024-07-31,118.9874496459961,119.69934708368564,116.32239520013628,117.96524079732413,7025800
2024-08-01,119.17912292480469,120.92236506021125,118.2938120571501,119.59895274101225,4790600
2024-08-02,116.87914276123047,119.23388591354158,116.09422837712675,118.54024614971459,5099000
2024-08-05,115.01725006103516,116.77874294812841,114.81646400662005,115.7565340773763,5243000
2024-08-06,113.62996673583984,116.63271930284591,113.55694982498402,115.05376168114908,5608300
2024-08-07,112.552978515625,116.01207592622491,112.48909046691313,114.31447124528088,4741900
2024-08-08,115.19065856933594,115.30930581869848,112.37044847726371,112.44345841972313,3823200
2024-08-09,114.83470916748047,115.30930512535228,113.79424263847945,115.30930512535228,3825000
2024-08-12,113.95853424072266,115.10852619878051,113.69385316511465,115.00812968860934,2549500
2024-08-13,115.44622039794922,115.87518605079899,113.94940852201127,114.36924532006451,3057600
2024-08-14,115.38232421875,115.72915104384444,114.75257254763862,115.3275650203774,3155700
2024-08-15,117.32636260986328,118.10214115281127,116.71485470336341,116.71485470336341,4448300
2024-08-16,118.330322265625,118.70452872726375,117.16207949521086,117.28985561302015,3255900
2024-08-19,119.18992614746094,120.04954289551314,117.97908073484093,118.09000061728456,3157800
2024-08-20,119.12522888183594,119.42100112415811,117.93285956657192,119.07901050225986,2342300
2024-08-21,118.21939849853516,119.957100936584,117.9328572442883,119.8369359728263,4895900
2024-08-22,117.23963165283203,118.47820530157243,116.59261662019674,118.47820530157243,5083000
2024-08-23,118.28410339355469,119.47645861570373,117.33206400195175,117.87740421580791,6310300
2024-08-26,119.47645568847656,119.77224203008892,118.6723094910052,119.11597489955467,4501400
2024-08-27,118.21939849853516,119.91088255791804,117.61859483555016,119.84618811088089,3214000
2024-08-28,117.56314086914062,119.01430208314069,117.06401198728646,117.95134987104898,3361100
2024-08-29,117.36903381347656,118.57987212053904,117.16568423063612,118.33031826294582,3477600
2024-08-30,118.82020568847656,118.95884672472076,117.28584573598364,117.85892120955353,4116100
2024-09-03,117.84967803955078,118.60761999366257,117.44297885479514,117.93286266264998,5821200
2024-09-04,119.16220092773438,119.72603133674119,117.50768299578891,118.02530207490325,5710400
2024-09-05,117.75724792480469,119.51344060973948,117.10098782107426,119.50418847129164,5311100
2024-09-06,117.88665008544922,118.44123538937566,117.11947010485136,118.00680800152061,3590200
2024-09-09,119.12522888183594,119.90164688478458,117.9513497391762,118.1269711192437,3770800
2024-09-10,120.00333404541016,120.29910631821355,118.80172657194534,119.63360107456752,2590100
2024-09-11,118.77398681640625,119.48571037520665,116.77747127954424,119.48571037520665,3404400
2024-09-12,118.70004272460938,119.28236329440237,117.83119499109738,119.12523208271703,3443500
2024-09-13,117.60934448242188,119.04202248175723,116.14893827790252,118.93110966102122,5214500
2024-09-16,119.1529541015625,119.70753233096391,118.2840993612445,118.48744894318568,4589600
2024-09-17,120.7612533569336,121.54692352315587,119.62435452325299,120.16045671490694,3141700
2024-09-18,120.7612533569336,122.12924409585872,120.58564607513928,121.08476792040622,2939600
2024-09-19,122.12923431396484,123.46024459989621,121.81495781032596,122.70230270223641,4092300
2024-09-20,118.8664321899414,119.42101047667856,116.96234622285495,118.77399542355003,14211500
2024-09-23,118.9958267211914,119.60586138274554,118.17318328092603,119.58738531388012,2991700
2024-09-24,119.716796875,119.98484093140725,118.88490828888743,119.60586993452944,3829500
2024-09-25,121.55615997314453,121.83345615195327,119.45798371880034,119.73526579373954,5048200
2024-09-26,123.23841094970703,124.07028536764719,122.53593953242131,122.53593953242131,3997100
2024-09-27,124.09801483154297,125.336602540488,123.8299707931401,123.8299707931401,4104400
2024-09-30,126.02058410644531,126.56592432295356,124.56017073555667,124.56017073555667,4115600
2024-10-01,123.18296813964844,126.13152337719298,122.01832690126962,125.98363018757807,3658500
2024-10-02,122.94263458251953,124.21818862384377,122.50820716565896,123.38631413837952,2258400
2024-10-03,120.8259506225586,122.55440790211635,120.46546985024793,122.55440790211635,3635000
2024-10-04,121.31584930419922,122.41578192784318,120.54866928851587,121.87044168542361,3270500
2024-10-07,121.2696304321289,121.80573263744914,120.29910082084005,121.12173725055021,1955600
2024-10-08,121.04779052734375,121.80571831202298,120.62260120627852,121.55615036044406,2618200
2024-10-09,122.93338775634766,123.34932496933585,121.7872368081436,121.94436801732272,2703900
2024-10-10,122.78549194335938,123.93164286693622,122.51744791084134,122.66534108237431,2462600
2024-10-11,124.41230010986328,124.68958220225353,123.02583323243036,123.18296445274163,2429800
2024-10-14,124.38455963134766,124.63411348988292,123.17370016391077,123.85769550003515,2319600
2024-10-15,123.67284393310547,126.07604464038039,123.55267896138724,124.72655815869699,2957500
2024-10-16,125.55843353271484,125.94664255510182,124.32909790988776,124.32909790988776,4056700
2024-10-17,125.16097259521484,125.91890038233488,124.7635114781708,125.56767174609955,3800700
2024-10-18,125.6416244506836,126.12227026127465,124.95764313578515,125.83573602353387,3237500
2024-10-21,121.3897933959961,123.71906160376312,121.1864438006586,123.41403721075686,4414000
2024-10-22,121.3897933959961,122.10151697967738,119.94787015914456,120.91839975436997,3280100
2024-10-23,121.46372985839844,122.10150679933896,120.65956957884057,121.30659865762404,3454500
2024-10-24,127.87844848632812,134.0343497973574,126.23317582885002,134.02511176359388,11959800
2024-10-25,127.02808380126953,129.70859479328854,126.7970059969853,127.86921039379291,4916700
2024-10-28,125.0962905883789,127.36085050023802,124.93915935653831,126.93567519146262,4069000
2024-10-29,124.14424133300781,125.77103815427111,123.82997889394389,124.55094053832363,3061700
2024-10-30,123.67284393310547,125.07780093518414,123.48798451006431,123.85770335614663,2754600
2024-10-31,123.91314697265625,124.70805510310352,122.96110764366188,123.53417602705348,3303600
2024-11-01,123.9039077758789,125.12399111356255,123.33082529399768,124.39379153847736,2266700
2024-11-04,122.93338775634766,124.56942250489526,122.10151333037126,124.19045153365005,2422200
2024-11-05,123.70980072021484,123.7282908922666,122.07378014228892,122.65608657516559,2537900
2024-11-06,123.78374481201172,125.51220211152295,122.19392854042492,125.10551706165509,5624600
2024-11-07,123.996337890625,125.15172685383943,123.89466309770737,124.92064906119654,3075500
2024-11-08,122.415771484375,123.96860745313639,122.23091207436087,123.9593694189898,3111700
2024-11-11,121.64859771728516,123.60813294999805,121.3066070861829,122.61912729902546,4684100
2024-11-12,120.28985595703125,122.28637148339034,120.16969099083661,121.9443667574216,3243500
2024-11-13,123.56192016601562,124.14424076221044,119.97560213463075,120.76125822867822,5345600
2024-11-14,122.60063171386719,123.79298690471674,122.04603937624891,123.53418090819329,2971300
2024-11-15,123.92240142822266,123.95936766815579,122.09225521448614,122.26787658787316,3337600
2024-11-18,126.43939971923828,126.60781654050146,123.53876405956811,123.79140356891466,4037800
2024-11-19,124.63351440429688,126.07448048210273,124.13760140124009,126.07448048210273,3835900
2024-11-20,123.59490966796875,124.83937526509803,122.4065972917418,124.80195406194903,3848600
2024-11-21,122.92120361328125,124.02532176036054,122.58435570302248,123.29548700104176,3014700
2024-11-22,126.14933776855469,126.40196299796582,123.21126665918756,123.21126665918756,3677500
2024-11-25,128.6943817138672,129.7517125763507,127.2347123007627,127.2347123007627,5029000
2024-11-26,126.28033447265625,128.74118178192933,125.67212930479312,128.39498213145993,3424800
2024-11-27,126.95402526855469,128.28271358162868,126.46747823181643,126.46747823181643,2453400
2024-11-29,126.991455078125,127.78679482863976,125.98091129107003,126.13062465451199,1533500
2024-12-02,125.40079498291016,127.3844471585565,124.57738572775759,127.3844471585565,2832300
2024-12-03,121.36797332763672,125.57856504535326,121.18082449599939,125.3446432832579,5604700
2024-12-04,120.4977798461914,121.2931195674231,119.58081051441197,121.2931195674231,4793200
2024-12-05,119.38431549072266,121.33989813308293,119.2533198658146,121.0872728919796,4632500
2024-12-06,117.53166198730469,120.2825844576986,117.34452741517607,119.86152810104606,5745000
2024-12-09,120.26386260986328,120.50713611757666,117.47551903125535,118.0649993381816,6139500
2024-12-10,121.84516906738281,122.50014714836644,119.82408160824647,120.98433869273985,6415900
2024-12-11,120.81591033935547,122.09781133848227,120.58198857102342,121.94809798016136,7485500
2024-12-12,120.6849136352539,121.11533596719421,119.3936680556103,120.94690487123442,4980100
2024-12-13,120.47906494140625,120.74105618522097,119.37496102496593,120.73170445417473,4284800
2024-12-16,120.28257751464844,121.92002991179761,119.98315079456427,120.31064698497484,4515900
2024-12-17,119.13167572021484,120.57263464353548,118.62640385317573,119.7679432040353,3549500
2024-12-18,115.85678100585938,118.953903144618,115.79128319182517,118.7386991008169,4849400
2024-12-19,114.76202392578125,116.6427569904301,114.46260434015726,116.0906978908173,6391800
2024-12-20,117.59716033935547,118.66384311056592,114.16319024013015,116.06263399695706,12899000
2024-12-23,117.66265106201172,117.83107502303719,116.25912043304139,117.26966419919425,3419000
2024-12-24,118.13986206054688,118.18664213501008,116.49305067069604,117.15738769337572,1579200
2024-12-26,118.2334213256836,118.88839943353769,117.37259091572507,117.50358653729589,3011100
2024-12-27,117.99950408935547,118.70126943420277,117.28837987440019,117.75622343763173,2904000
2024-12-30,117.26030731201172,117.73750973277295,116.22169405791577,117.10124221799998,2953900
2024-12-31,117.9901351928711,118.01820466208355,116.99830920749443,117.31643937686972,3400800
2025-01-02,115.903564453125,119.0381148321826,115.594785994683,118.86969086746205,3050500
2025-01-03,115.82870483398438,116.33397671533268,114.8649482809171,115.98776992476274,3490400
2025-01-06,116.22169494628906,116.96088861900833,115.84741867496301,116.68017963083227,5049200
2025-01-07,116.94217681884766,118.90711829975501,116.03455919027388,117.12931138322891,3725300
2025-01-08,118.60769653320312,118.6264071338069,117.16673757003255,117.81236394111393,4536300
2025-01-10,115.35150909423828,117.36323786630813,114.9959505521596,116.97025098210648,5231800
2025-01-13,116.9702377319336,117.11994394474068,113.74211319208551,115.40763496489544,6939200
2025-01-14,117.74685668945312,117.83107223733785,116.54917838990947,117.30708976596894,4247600
2025-01-15,119.27203369140625,119.73051836353744,118.43927275808134,119.30010316171874,4315900
2025-01-16,121.58318328857422,122.2568791385048,120.48843110180002,121.18083041384668,5471300
2025-01-17,121.38667297363281,122.18201265073989,121.10596401245085,121.77965980830722,4261100
2025-01-21,124.32473754882812,124.9797299257254,121.77966755316689,122.03230706204293,5282700
2025-01-22,124.02532196044922,124.84871685994797,122.80892593380506,124.12824810756798,4420700
2025-01-23,125.01715850830078,125.07329745193196,123.52005338335728,124.39024984199833,3282600
2025-01-24,124.47444915771484,125.2884923357613,124.00660562505338,124.82064880309984,3212300
2025-01-27,127.49671936035156,128.05813733245188,125.13879814341526,125.28849722885019,4944400
2025-01-28,126.71073913574219,128.17977466365662,126.64524846623878,127.0288693075047,3094500
2025-01-29,125.17623138427734,127.79615837696439,125.03588401648037,127.28152756595297,4262100
2025-01-30,107.51045227050781,110.39237033363422,102.5700253844204,109.84031121682094,41170400
2025-01-31,106.88352966308594,109.09174442603758,106.06947939924497,107.61336438438632,15844600
2025-02-03,104.13262176513672,105.3209412816026,102.36417365695505,105.1057372389537,12635200
2025-02-04,104.58174133300781,104.93730699063676,103.12207177898627,104.17939560481908,9347800
2025-02-05,104.70338439941406,105.42386030116457,103.87062347949528,104.53496044152453,7122900
2025-02-06,106.17241668701172,106.54669295584202,105.04958788052078,105.12444456203205,6318200
2025-02-07,105.8355712890625,106.6309039176365,105.37708659661594,106.54669550296776,4830700
2025-02-10,106.81804656982422,107.38880915353951,105.50808315538896,106.21920023685202,6101500
2025-02-11,107.16423797607422,107.33266193263773,106.12562476705352,106.66832497583881,4589100
2025-02-12,106.91160583496094,107.4542989061594,106.00398824150423,106.0601271809013,5172900
2025-02-13,108.2028579711914,108.66134266108658,106.99582072990613,107.17360356707466,5854000
2025-02-14,108.74555206298828,109.25082393578774,108.2215695898892,108.5958387056881,5942300
2025-02-18,109.54277801513672,109.88444728883859,108.11915845501342,108.71708330444346,5407800
2025-02-19,109.1441650390625,109.56176242238801,108.43235526706862,109.10620098231442,4252000
2025-02-20,110.6626968383789,110.69116807218933,109.00180728433534,109.11569946048085,5801200
2025-02-21,110.40644073486328,110.89995898167304,109.3909257685307,110.52032566210221,6459900
2025-02-24,110.24510192871094,112.06733322317636,109.96037512105543,110.64371366670585,6269900
2025-02-25,112.0958023071289,112.31408658003106,110.52981937684712,110.52981937684712,4985600
2025-02-26,110.93792724609375,112.5323814560534,110.7765854324493,112.08631283170403,3445300
2025-02-27,111.64024353027344,112.68423700259075,111.03283309596348,111.04232592050369,4821600
2025-02-28,112.96894836425781,113.53839469994413,111.80158446223628,111.80158446223628,8754900
2025-03-03,113.18724822998047,114.81966648955091,112.72219395867951,113.71873055043464,5165100
2025-03-04,110.843017578125,112.61779920057275,110.66269012040101,112.45645015060232,5387000
2025-03-05,112.95946502685547,113.50044017732456,111.34603240009601,111.497888630847,6812000
2025-03-06,114.36410522460938,114.44003333933883,112.15274775921293,112.88354319190273,5742100
2025-03-07,115.42707824707031,115.46504230480964,113.24419199293223,113.50993315620393,5635800
2025-03-10,114.47799682617188,117.40115681965207,113.93702168300182,114.8766085651596,6279900
2025-03-11,110.4349136352539,114.44003109747878,110.03630190208833,114.14581146889172,6498300
2025-03-12,109.39093017578125,110.15968242922955,109.0967105397858,109.99834061520522,4970900
2025-03-13,109.36246490478516,111.48840155866574,109.10620931239673,109.87496160775402,4629100
2025-03-14,110.81454467773438,110.96639366018688,109.22957612029734,109.89393623612396,4020700
2025-03-17,112.04835510253906,112.73169369410193,110.96640474619919,111.04233286546261,4427900
2025-03-18,112.80760955810547,112.94048013192959,111.85852989313126,112.02936452246274,3930700
2025-03-19,111.48839569091797,112.81710874500082,110.34001010043957,112.34256888575005,5010300
2025-03-20,111.02334594726562,112.19070991763205,110.33051458366745,110.3494929915768,3655600
2025-03-21,109.23907470703125,109.5427799288605,106.73350481671397,108.53675773922053,19575300
2025-03-24,109.90342712402344,111.22264726734575,109.38143041656362,109.82749901368325,6611600
2025-03-25,104.35131072998047,110.09324584498097,104.29436826473598,109.93190403285257,10645500
2025-03-26,105.35734558105469,106.62910897652996,104.74044229241052,105.06312593332673,6609200
2025-03-27,105.35734558105469,106.08813380606746,104.79738476059482,105.17701811059922,4031700
2025-03-28,104.07608032226562,105.67052722019001,104.03811626647172,105.59460634950547,3284100
2025-03-31,104.38926696777344,105.2149688564864,102.78532730933514,103.45917298089965,6536100
2025-04-01,103.69644927978516,104.49367274623424,102.67144147357625,104.40825904950188,5877400
2025-04-02,104.58857727050781,104.87330406931976,103.06055841475043,103.30732115766058,4540000
2025-04-03,95.02185821533203,101.92166416112221,94.87949481807738,101.30476093362081,10057700
2025-04-04,92.73457336425781,95.46792019762599,91.65262312349313,93.3230053643364,9567700
2025-04-07,90.69405364990234,94.14870317234468,88.48270345601232,90.16257133595843,8729800
2025-04-08,87.2394027709961,92.81999594424974,86.09101722284984,92.81999594424974,8233800
2025-04-09,94.58528900146484,95.08830009787401,85.93917211534607,86.53708973620728,8849800
2025-04-10,91.64312744140625,93.13318218201907,89.19450748077134,93.12369659909821,7553700
2025-04-11,92.13666534423828,94.62324969490547,88.84335740042086,90.87438751869429,5544100
2025-04-14,93.64569854736328,95.80011366588924,93.00032401840491,93.45588549098304,4926900
2025-04-15,91.58619689941406,93.55079171425238,91.3204557249863,93.47486359558619,5767000
2025-04-16,89.40330505371094,91.7285546687167,88.75793056655834,91.53873438372858,4632800
2025-04-17,91.5197525024414,92.36443282609767,89.83988467924391,90.10562582723871,4740100
2025-04-21,91.34893035888672,91.43434406488699,89.80193289823576,90.70355580801375,3930800
2025-04-22,91.90887451171875,92.81999739412126,91.16859350555724,91.36789937330046,4305300
2025-04-23,92.26004028320312,94.73713897385298,92.03226317397778,93.56028212846765,5817200
2025-04-24,93.88296508789062,93.93991479546517,91.38688800646786,92.06073374538646,6641000
2025-04-25,92.92440032958984,93.62671730603759,92.16513364522748,93.04777808841463,4577700
2025-04-28,92.1461410522461,93.92092262969052,91.60516593369506,92.91490050348413,8664600
2025-04-29,91.80448150634766,93.76907617301386,90.6560887106204,91.11165014735465,10314600
2025-04-30,90.44729614257812,91.62415291497105,89.27992495350779,91.55771762719652,9305800
2025-05-01,89.78294372558594,91.1970705386076,88.80539273266145,90.02021366526292,7501500
2025-05-02,91.49128723144531,92.68712971623147,91.00725454269077,91.11165389204771,5689600
2025-05-05,90.69405364990234,91.53873400209326,90.17206416039413,90.79845299598468,5406800
2025-05-06,89.03315734863281,90.65608263928512,89.03315734863281,90.16256442003588,5154300
2025-05-07,89.17552185058594,89.5741335604298,88.45421929879491,88.93825194126417,5890000
2025-05-08,92.01327514648438,92.58272876618719,89.6405758674012,89.86836021164375,6649600
2025-05-09,91.00724792480469,92.73457261459728,90.82692047250059,92.25053996104074,5619000
2025-05-12,96.05635070800781,97.60334793401042,95.24014162803259,95.46791871705497,8336500
2025-05-13,94.72764587402344,96.29362888232177,94.25310600732114,96.2177007658325,7031800
2025-05-14,94.57579803466797,95.0598307320569,93.75009604981672,94.7656110873009,6175500
2025-05-15,95.24014282226562,95.29709252591266,94.1866638160856,94.81305986988052,4523300
2025-05-16,96.16075897216797,96.47395702420117,95.24015046577546,96.12279491365753,6321200
2025-05-19,95.61087799072266,95.63981764978391,94.89700608041541,94.96453440490345,6217700
2025-05-20,94.10595703125,95.49511218927186,93.93231171649285,95.12853090702248,4671800
2025-05-21,92.46597290039062,93.7683090956004,92.42738423445402,93.28596181144601,5298600
2025-05-22,93.54643249511719,93.84548545297618,91.88715667725042,92.36950395639609,5179900
2025-05-23,92.00292205810547,92.77467328355218,91.86786540965142,92.23444668973595,3318500
2025-05-27,94.10595703125,94.26995333962194,92.55279820482083,93.02549647720156,6117400
2025-05-28,93.32455444335938,94.5883093863733,93.12196945860961,94.20243007064413,3816500
2025-05-29,94.63653564453125,94.85841863357686,93.382437122209,93.84548639320829,4593900
2025-05-30,94.09630584716797,94.54006445015837,93.21843028731388,94.2699511579064,6763200
2025-06-02,93.92266845703125,94.08666477543775,92.55280386792543,93.83584211432228,4274800
2025-06-03,94.61724853515625,94.94524116772831,92.82291598275357,93.51749727530115,4098100
2025-06-04,95.07064819335938,95.28287480600706,94.3374782950102,94.80052754446801,3933800
2025-06-05,93.44996643066406,95.31182726080853,93.17020411980928,95.25394058129805,4584200
2025-06-06,94.78124237060547,95.26358966002331,94.47254039977948,94.47254039977948,3043400
2025-06-09,95.80381774902344,96.27652339918129,94.96453816289319,95.02241748330613,4037200
2025-06-10,98.84261322021484,99.03555656675265,96.08358592503114,96.14147260901053,6902500
2025-06-11,97.58850860595703,99.6722451005849,97.3859162645017,98.98731282244152,4917400
2025-06-12,97.35697937011719,97.4920360282338,96.6431074114957,97.4920360282338,3106400
2025-06-13,96.4694595336914,97.90685241993341,96.18969721783942,96.84568983706994,4240000
2025-06-16,97.5209732055664,97.89721086935012,96.9807465868586,97.35697689060663,4293700
2025-06-17,96.15110778808594,97.34733437604011,95.81346615440356,96.9903947289841,3800500
2025-06-18,95.70734405517578,96.71062725604875,95.48546843346492,96.10287234784286,4363000
2025-06-20,95.76522827148438,96.96145485682138,95.61088096501109,96.20899425767959,11096600
2025-06-23,96.85533905029297,96.90356936414122,95.24430083905476,95.63017278998352,5077200
2025-06-24,97.06756591796875,98.0033134263592,96.57556964858345,97.64638116193284,3686800
2025-06-25,95.86170196533203,96.73957019585038,95.13818103862589,96.11251725403129,6058100
2025-06-26,97.04827117919922,97.72356178663044,96.26687094149327,96.59486355878971,4161700
2025-06-27,97.60779571533203,98.36025629329393,96.88427479651708,97.43415040041504,5869900
2025-06-30,97.37627410888672,97.69461772943355,96.72028149436939,97.58850809594168,5446800
2025-07-01,100.78164672851562,102.151511303471,97.16404195378688,97.19298161437898,6819300
2025-07-02,101.81387329101562,102.15151494334738,100.28000498465704,100.56941632096199,5243200
2025-07-03,100.45364379882812,102.7013839329008,100.45364379882812,102.67244427315458,2961300
2025-07-07,97.28944396972656,100.60799557946997,97.22191564557644,100.32823327655228,5299800
2025-07-08,98.76543426513672,100.03883089130053,97.6270942993209,97.71392064385088,6511400
2025-07-09,98.5435562133789,99.60471881592396,98.30238256007158,99.2863678271497,4566500
2025-07-10,99.28636169433594,100.80093184915108,98.86190109555788,99.11271638027912,3645800
2025-07-11,97.69461822509766,99.26707512259983,97.61744825126074,98.62073151149724,4342900
2025-07-14,96.58522033691406,97.51132621539391,96.05463539401845,97.43414888551176,4030600
2025-07-15,96.01605224609375,97.10616185321891,96.00640323929524,96.75887120882948,4033400
2025-07-16,96.11251831054688,96.69134094630287,95.06100475165888,96.18969564331908,4782700
2025-07-17,95.98711395263672,96.46946125893137,94.80053634073612,95.82311763490513,3949900
2025-07-18,95.71699523925781,96.25722183662182,95.09959131083168,96.19934251834293,4572400
2025-07-21,95.4083023071289,96.08358561776144,95.24430598312331,96.04499694857729,3750200
2025-07-22,97.5692138671875,97.64639120366216,95.50476795672382,95.69770393787456,5751700
2025-07-23,99.87482452392578,100.270352818045,97.82002780384599,98.12872976216833,5079500
2025-07-24,98.9101333618164,99.84588827494572,98.5049634076889,99.47930698693068,3676800
2025-07-25,99.90377044677734,100.48259309495648,98.66896253606184,99.23813617742847,5473600
2025-07-28,97.9936752319336,99.72047937860792,97.7042639197401,99.42141905999853,7045900
2025-07-29,87.63285064697266,94.72336157927064,87.51709200973379,94.72336157927064,26112300
2025-07-30,84.1020736694336,87.78720666583996,83.93807735745538,87.58462168750766,20976500
2025-07-31,83.11808776855469,84.00560500744885,82.73220846815512,83.8319596902708,15782000
2025-08-01,81.51669311523438,83.48467096832124,81.30445912715113,82.71291234984322,11276600
2025-08-04,82.01832580566406,83.06984667190902,81.77715217285979,82.38491443794908,8579500
2025-08-05,83.71619415283203,83.98630745658751,81.89292199244696,82.01832963775185,9513400
2025-08-06,83.20491027832031,83.90914058343952,82.70327231853634,83.73549525889203,6331600
2025-08-07,83.43643188476562,84.57477177976573,83.38820157194802,83.7644318680888,6839200
2025-08-08,83.61007690429688,83.97666555258584,82.72255966323974,83.4460805932389,6285100
2025-08-11,83.26278686523438,85.12464769949746,82.70326960232266,84.07313413985379,8701400
2025-08-12,84.34324645996094,85.16323537158333,83.44608021641197,83.57148786076607,7308600
2025-08-13,85.06676483154297,85.18253082595558,83.33996072173993,84.99923650814443,13633200
2025-08-14,85.42371368408203,86.1568763144151,83.60044139542893,83.93808304887654,12487300
2025-08-15,85.3561782836914,86.2533445228499,85.06676697040076,85.45264626810982,8897400
2025-08-18,85.03181457519531,85.94592406024714,84.9138623032741,85.51343989556787,9385600
2025-08-19,86.29977416992188,86.80105445737127,85.16942259214447,85.36600221478754,7227600
2025-08-20,85.4544677734375,86.92883743136964,85.39548788777854,85.67070985644598,7076400
2025-08-21,84.67797088623047,85.43481072568754,84.51087744751081,85.3660071039187,6193200
2025-08-22,87.3023452758789,87.77414688525269,84.90403480137381,84.97283842159163,10230700
2025-08-25,86.24079895019531,87.14508476076522,85.98524692673837,87.03696371275177,6029900
2025-08-26,85.96558380126953,86.76174105865597,85.55276207514562,86.10319104331083,5478000
2025-08-27,86.35874938964844,86.54550528660766,85.66088195763263,86.11302110376828,5482200
2025-08-28,85.77882385253906,86.73225076955558,84.98266663273562,86.69293334525231,8618500
2025-08-29,85.94593048095703,87.02713347439612,85.52327751545428,85.72968838246273,6838500
2025-09-02,83.77368927001953,85.36600373934864,83.36086005664527,85.13993791917498,10058800
2025-09-03,83.8326644897461,84.41257965581053,83.33137667737982,83.91129934247655,7430900
2025-09-04,83.03650665283203,84.22583067076826,82.2403418977593,84.1766820133942,10741500
2025-09-05,83.5869369506836,84.86471957339539,82.75146225525042,83.16428398724813,8585400
2025-09-08,82.87923431396484,83.59676419404374,81.63093794608534,83.59676419404374,11783700
2025-09-09,82.95787048339844,83.4788132475498,82.61385238433925,82.79077704943143,7889700
2025-09-10,82.41726684570312,83.71471191504503,82.28949083474156,82.90872342498463,6684600
2025-09-11,83.20359802246094,83.4198401110832,80.59887672602092,81.02152967222841,10453500
2025-09-12,82.90872192382812,83.56727192837381,82.43692781571832,83.34120610545557,5545500
2025-09-15,82.58435821533203,83.7147098191868,82.4762446697065,83.41984037841952,6389000
2025-09-16,83.74419403076172,83.89163249717087,82.86940196217449,82.9873542351082,6185500
2025-09-17,82.74163055419922,84.89421278587794,82.29932262943097,83.61642267138606,9007000
2025-09-18,83.59676361083984,83.6360735363766,82.56470183824895,83.22325182695302,8067300
2025-09-19,82.62367248535156,84.14719078441485,82.57453132994966,83.65573423620499,18120200
2025-09-22,82.79077911376953,84.2356551658452,81.70956863400687,82.36812615323477,10224300
2025-09-23,82.96770477294922,84.2651498651086,82.68265905206913,83.0266771638098,7486300
2025-09-24,82.46641540527344,83.56727334217554,82.27965950567801,82.86940590030873,6988400
2025-09-25,81.1689682006836,82.55487181663003,80.95272611190408,82.36812342098304,9021100
2025-09-26,82.28948974609375,82.44675194988655,81.22794174912167,81.3262315638712,6845800
2025-09-29,83.05615997314453,83.07581493628594,82.03392941205274,82.49589978571301,7275300
2025-09-30,82.10272979736328,83.1053053558197,81.22793774090471,83.0561567013541,9876200
2025-10-01,82.9382095336914,83.15445162819567,81.89632398638786,81.96512760745446,7074800
2025-10-02,84.10787963867188,85.62156682002701,83.09548027363694,83.22325628605753,9815500
2025-10-03,85.29720306396484,85.83780830309257,83.96044056269653,84.23565504842254,7098900
2025-10-06,85.13993835449219,85.56259130201272,84.31428742255419,85.3758354068893,6987000
2025-10-07,84.51087188720703,85.9360928868042,84.33394722872315,85.53309491507852,4726800
2025-10-08,84.77626037597656,85.63139752811631,83.75402978576207,84.39292484202517,4896000
2025-10-09,83.82283020019531,85.00233045102223,83.42966344991967,84.80574332636839,5784700
2025-10-10,81.45401763916016,84.58950557296681,81.13948572263006,83.94078677595014,8506000
2025-10-13,81.75871276855469,82.55486998775797,81.44418087339756,81.75871276855469,6132200
2025-10-14,82.61385345458984,82.85958174267722,80.59887849266045,81.0903350688352,6306800
2025-10-15,82.65316009521484,83.47881100985701,82.18136600030383,82.8005985620115,4903000
2025-10-16,84.17668151855469,84.2651476015015,82.41726608116412,83.30188941547114,7056200
2025-10-17,84.93352508544922,85.29719813527363,83.783511052213,84.20616398773663,9396100
2025-10-20,85.42498779296875,86.00490296772988,84.92369997308491,85.16942826727842,5456500
2025-10-21,86.55532836914062,87.18439217635014,84.89421026839929,85.2677145604824,6181500
2025-10-22,85.59207916259766,86.70276832583073,85.44464068984192,86.25062917533677,5258500
2025-10-23,85.54293060302734,86.9583279446473,84.8254081999794,86.03438718008624,5764800
2025-10-24,85.72968292236328,86.80105461608116,85.6510480735495,86.41771910190394,5256200
2025-10-27,87.69551086425781,87.79380067768207,86.712597731951,86.712597731951,12012900
2025-10-28,94.71350860595703,98.85157193091136,93.37674616618176,96.76779342207769,30027000
2025-10-29,95.7357406616211,96.6105327501381,94.09427752914823,95.244284095082,10789200
2025-10-30,93.43572235107422,96.62036638063705,93.23914271918962,95.42121112865709,10073600
2025-10-31,94.7724838256836,95.24428543577649,92.96392723489721,93.29811410531254,7305400
2025-11-03,92.48229217529297,94.76265782050677,91.9908356136242,94.76265782050677,7693100
2025-11-04,91.65664672851562,92.98357791593173,91.29296618125504,92.14810327933877,6457700
2025-11-05,91.32246398925781,92.42332191333529,89.54338609575602,90.8506623796302,6215300
2025-11-06,92.00067138671875,92.31520330175412,91.04724441016492,91.50921480078645,6571800
2025-11-07,94.31050872802734,94.57589946387351,91.60749770925705,91.80408482822307,7741700
2025-11-10,91.46989440917969,94.2810265895167,90.47715753707772,94.20239173854858,9771900
2025-11-11,93.40623474121094,93.86820511807699,91.27331502154172,92.20707950739664,6859200
2025-11-12,94.53658294677734,94.85111484110782,93.72076326806544,93.91735038891692,5814500
2025-11-13,94.3301773071289,95.46052894263794,94.11393521175802,94.45795331846973,6119500
2025-11-14,94.34000396728516,95.05752634094073,93.53401551388612,94.07461322708667,6583000
2025-11-17,94.19000244140625,95.41000366210938,93.55999755859375,94.22000122070312,6488200
2025-11-18,92.83000183105469,93.68000030517578,92.06999969482422,93.5999984741211,6347800
2025-11-19,92.41000366210938,94.0,92.37999725341797,93.2300033569336,5604300
2025-11-20,90.87000274658203,93.83999633789062,90.83999633789062,92.77999877929688,7452700
2025-11-21,94.66000366210938,96.22000122070312,91.30999755859375,91.58000183105469,8913200
2025-11-24,93.55999755859375,94.75,93.3499984741211,94.69999694824219,6554600
2025-11-25,94.54000091552734,95.37999725341797,93.54000091552734,94.05000305175781,5840200
2025-11-26,95.66999816894531,95.80000305175781,93.76000213623047,94.25,4685800
2025-11-28,95.79000091552734,96.3499984741211,95.29000091552734,95.52999877929688,2554800
2025-12-01,95.22000122070312,96.66000366210938,95.02999877929688,95.54000091552734,4772500
2025-12-02,95.58000183105469,96.0,94.5,95.44000244140625,4854500
2025-12-03,98.20999908447266,98.25,95.88999938964844,96.05999755859375,7259000
2025-12-04,94.76000213623047,98.69000244140625,94.5,98.30999755859375,9451300
2025-12-05,94.87000274658203,95.8499984741211,94.58000183105469,95.0,5523600
2025-12-08,95.55000305175781,96.43000030517578,94.87000274658203,95.04000091552734,5617400
2025-12-09,96.97000122070312,97.19000244140625,95.52999877929688,95.5999984741211,4738300
2025-12-10,99.63999938964844,100.11000061035156,97.0999984741211,97.13999938964844,7188100
2025-12-11,100.4800033569336,101.19999694824219,99.0,100.11000061035156,5264200
2025-12-12,100.91999816894531,101.66000366210938,100.0199966430664,101.05999755859375,4510200
2025-12-15,100.06999969482422,101.26000213623047,99.75,101.0,5061700
2025-12-16,100.11000061035156,100.68000030517578,99.12000274658203,100.13999938964844,4841800
2025-12-17,100.95999908447266,101.4000015258789,99.91000366210938,100.18000030517578,5978800
2025-12-18,102.08000183105469,102.88999938964844,101.19000244140625,101.33000183105469,7611600
2025-12-19,101.91999816894531,102.19000244140625,100.12000274658203,101.11000061035156,17317500
2025-12-22,100.7300033569336,102.0,100.02999877929688,101.62999725341797,5464400
2025-12-23,100.19000244140625,100.9000015258789,99.87999725341797,100.69000244140625,4645300
2025-12-24,100.66000366210938,101.06999969482422,99.9000015258789,100.19999694824219,1845500
2025-12-26,100.54000091552734,100.88999938964844,99.94999694824219,100.5199966430664,2856700
2025-12-29,99.68000030517578,101.0,99.05999755859375,100.51000213623047,4352600
2025-12-30,99.63999938964844,100.16999816894531,99.48999786376953,99.72000122070312,3397900
2025-12-31,99.19000244140625,99.80999755859375,99.05000305175781,99.55999755859375,3926400
2026-01-02,101.0199966430664,101.20999908447266,98.41000366210938,99.30000305175781,5032000
2026-01-05,102.0,102.31999969482422,100.58999633789062,100.94999694824219,5733600
2026-01-06,105.22000122070312,105.23999786376953,102.08000183105469,102.08000183105469,6936000
2026-01-07,105.41000366210938,106.36000061035156,104.0999984741211,105.5199966430664,5688200
2026-01-08,106.97000122070312,107.94999694824219,104.12999725341797,104.61000061035156,6291500
